0,0,0
1.09803292487038e-12,-2.31106673757964e-07,1.60518582308969e-12
7.63445214534863e-12,-1.57468486986606e-06,1.48286233111839e-11
2.11055942679605e-11,-4.15684548910185e-06,5.7079001299726e-11
3.87657929288444e-11,-7.36177976390562e-06,1.59080185727513e-10
6.24182834783664e-11,-1.0321452233492e-05,3.54511947105213e-10
8.82577825418513e-11,-1.22429360641678e-05,6.11302444435858e-10
1.09443592321429e-10,-1.25613842953346e-05,8.48951110248976e-10
1.15056198161685e-10,-1.0968421140058e-05,9.77220809194544e-10
9.96692347617683e-11,-7.36959404891599e-06,9.37519924253954e-10
6.61746247292532e-11,-1.81149473071691e-06,7.47580232426236e-10
2.57923100094908e-11,5.59349655006356e-06,4.96815625732228e-10
-1.20614611616772e-11,1.47267864282373e-05,2.78590384300619e-10
-4.61263954790617e-11,2.54989676503533e-05,1.1656702822331e-10
-7.97180488938893e-11,3.78610430598455e-05,-3.70122550185044e-11
-1.13074418497892e-10,5.1798561485808e-05,-2.16063101605152e-10
-1.49375533962738e-10,6.73176827922279e-05,-4.41123547372666e-10
-1.91048528850433e-10,8.44309967301959e-05,-7.1901453077256e-10
-2.40407130961382e-10,0.000103147413524513,-1.07610790293667e-09
-2.93118489842346e-10,0.000123467367428628,-1.50354563694861e-09
-3.4395356857443e-10,0.000145382436011053,-1.96783016847823e-09
-3.8703502837902e-10,0.000168877445356848,-2.40425862233649e-09
-4.19863296652014e-10,0.000193933165164266,-2.75486524357739e-09
-4.38245293968707e-10,0.000220528548558853,-2.96724790537245e-09
-4.39003557824004e-10,0.000248642201312667,-3.02861983347457e-09
-4.19269061957401e-10,0.000278253194955433,-2.95444175421894e-09
-3.80049795322478e-10,0.000309341479163633,-2.78827594292362e-09
-3.2139871508193e-10,0.000341887844869353,-2.55023304579548e-09
-2.43215046142079e-10,0.000375873760890805,-2.23018734407774e-09
-1.50013562195265e-10,0.000411281249955176,-1.82985962390807e-09
-5.65176032553817e-11,0.000448092795325682,-1.44408557572374e-09
1.87608347735361e-11,0.000486291193090434,-1.21198840496972e-09
6.52710338439873e-11,0.000525859397434332,-1.21976301074125e-09
8.24306251321804e-11,0.000566780523163872,-1.46267146202039e-09
8.15637404322226e-11,0.000609037948604008,-1.8362946729089e-09
7.43207763112747e-11,0.000652615362512386,-2.19918620082299e-09
6.81203588964195e-11,0.00069749692601141,-2.46357770210679e-09
6.69210301869314e-11,0.000743667527975286,-2.59174851741181e-09
7.20708640493274e-11,0.000791113257482392,-2.61263370918602e-09
8.41813865874421e-11,0.00083982186706601,-2.57110978132756e-09
9.54612716518697e-11,0.000889783298528017,-2.5597915095076e-09
9.69274876080716e-11,0.000940990222354372,-2.64312841261717e-09
7.77591379230667e-11,0.000993438751680524,-2.85203359533022e-09
4.3560806645664e-11,0.00104712915330857,-3.14764799100868e-09
1.5554933786159e-12,0.00110206640337426,-3.46919703698277e-09
-5.13667048165183e-11,0.00115826060722778,-3.79486578248201e-09
-1.19917209721147e-10,0.00121572745151125,-4.13318030700931e-09
-2.08586356099334e-10,0.00127448820148356,-4.49399019656381e-09
-3.11048960737322e-10,0.00133456808364181,-4.86837840112255e-09
-4.17517885987135e-10,0.00139599003577865,-5.24203414589727e-09
-5.12062752293547e-10,0.00145875273967052,-5.5826275950367e-09
-5.87625580153059e-10,0.00152275535029193,-5.88415668610693e-09
-6.3086615060478e-10,0.0015876293458935,-6.16186843642356e-09
-6.38467087292149e-10,0.00165271114246911,-6.45489869114581e-09
-6.20933360450637e-10,0.00171736456900202,-6.77854286137773e-09
-5.9427110768302e-10,0.00178123331515358,-7.09743065982244e-09
-5.71851452145005e-10,0.00184426006587747,-7.36601846924775e-09
-5.59698668825298e-10,0.00190657817471373,-7.56756219486137e-09
-5.57601468513919e-10,0.00196836697193201,-7.73809791869243e-09
-5.63283254109661e-10,0.00202975213013966,-7.92099261214796e-09
-5.72710159434351e-10,0.00209077717787767,-8.14478558682012e-09
-5.81610363080986e-10,0.00215142533506974,-8.41259900923245e-09
-5.87240831605339e-10,0.00221165972511091,-8.69136637798914e-09
-5.87874188844174e-10,0.00227145631593352,-8.91602473181484e-09
-5.8339746192196e-10,0.00233081833447205,-9.02807739447712e-09
-5.74898580404645e-10,0.00238977412766473,-9.00325230087855e-09
-5.69165241989944e-10,0.00244836745906678,-8.86930562298635e-09
-5.72042039863852e-10,0.00250664859519389,-8.68467771960335e-09
-5.8017285847146e-10,0.00256466997038465,-8.51499557787178e-09
-5.86299760515134e-10,0.00262248609473651,-8.41180352007707e-09
-5.83633537219816e-10,0.00268015384531059,-8.40231915594166e-09
-5.65910691620303e-10,0.0027377262722938,-8.48382580957737e-09
-5.28662761657873e-10,0.00279521733995097,-8.5986785648672e-09
-4.77830603249507e-10,0.00285246672037693,-8.68349685191932e-09
-4.34020764793615e-10,0.00290893575341059,-8.71274751745827e-09
-4.08730201204229e-10,0.00296389826737376,-8.67481537153412e-09
-4.00709539740565e-10,0.00301685075978805,-8.56570212179398e-09
-4.04093384395568e-10,0.00306764410626336,-8.37175801600831e-09
-4.11037190836015e-10,0.00311641161861828,-8.10902106211643e-09
-4.16611446322427e-10,0.00316340107323854,-7.81774219472398e-09
-4.22397220695408e-10,0.00320882331419981,-7.54821622176813e-09
-4.29400357664804e-10,0.00325278830904801,-7.31466599119801e-09
-4.39358440566046e-10,0.00329531431188628,-7.12989141978981e-09
-4.49955668959133e-10,0.00333637303153718,-6.99659385312456e-09
-4.55266007544037e-10,0.00337593949616324,-6.89344511387376e-09
-4.51115321100814e-10,0.00341402404679862,-6.79087602344594e-09
-4.36788167058885e-10,0.00345067998540139,-6.63677789992482e-09
-4.17285294039046e-10,0.00348599228341965,-6.40250141693936e-09
-4.00661351969823e-10,0.00352005947007012,-6.03972194483222e-09
-3.93721487778785e-10,0.00355297690842972,-5.46163001724753e-09
-4.00962528237687e-10,0.00358482515641331,-4.69566897678015e-09
-4.17795366379284e-10,0.00361566237627241,-3.81193915439325e-09
-4.340378385993e-10,0.00364551937490522,-2.90862781844342e-09
-4.387559077164e-10,0.00367439534690221,-2.03368454513015e-09
-4.31035094388134e-10,0.00370225439952482,-1.21363574413331e-09
-4.19917376480365e-10,0.0037290239231274,-5.06630421966718e-10
-4.12957633698516e-10,0.00375459657905315,5.28145770487796e-11
-4.08128205485954e-10,0.00377883774578392,4.77929468256633e-10
-4.01946707798497e-10,0.00380159775215991,8.69658849828847e-10
-3.94133287037722e-10,0.00382272650256334,1.31944059000762e-09
-3.85933345703311e-10,0.00384208586390184,1.89174458416878e-09
-3.78948197075059e-10,0.00385955754654504,2.602418213642e-09
-3.74264170841939e-10,0.00387504618376168,3.42849251924109e-09
-3.72722176606073e-10,0.00388847898310434,4.30775227681234e-09
-3.75339726147985e-10,0.00389980309244512,5.14622261891538e-09
-3.82342790828253e-10,0.00390898110779957,5.86454062246142e-09
-3.89167957074994e-10,0.00391598559592486,6.4983980123208e-09
-3.92538663244079e-10,0.00392079258672282,7.13623738565173e-09
-3.92029509288248e-10,0.00392337473282601,7.84338880587504e-09
-3.88902112119053e-10,0.00392369480384439,8.64595103950373e-09
-3.83532427848717e-10,0.00392170078388982,9.53632018487976e-09
-3.74921318231923e-10,0.00391732379286451,1.05067774291273e-08
-3.6584818074321e-10,0.00391047898802112,1.15283035497911e-08
-3.60250410477345e-10,0.003901069296712,1.25794717258514e-08
-3.59076171491381e-10,0.0038889912723853,1.36434356392187e-08
-3.52827527186196e-10,0.0038741418552645,1.47283470308143e-08
-3.33873214197379e-10,0.00385642479009762,1.58073998193308e-08
-2.94442173780945e-10,0.00383575539894544,1.68288197222666e-08
-2.32099966836692e-10,0.00381206443792343,1.77316198662051e-08
-1.51170475168236e-10,0.00378530032756422,1.84853068702205e-08
-6.2424978157054e-11,0.00375543078858654,1.912128279995e-08
2.68543417324542e-11,0.00372244355910381,1.97232579503318e-08
1.19812905568529e-10,0.0036863465498864,2.03429427970077e-08
2.22343732446703e-10,0.00364716739688963,2.10307841632696e-08
3.36198376261619e-10,0.00360495224605799,2.17990612397503e-08
4.54692675302055e-10,0.00355976438362132,2.26139322402731e-08
5.66489423653146e-10,0.00351168325776636,2.33368594010257e-08
6.68408432299536e-10,0.00346080400754899,2.38452496985941e-08
7.56995850368405e-10,0.00340723742325539,2.40880508981885e-08
8.28092652261887e-10,0.00335110995375052,2.4099515481646e-08
8.81901113328864e-10,0.00329256392510226,2.39472685988752e-08
9.24113806729035e-10,0.00323175706300685,2.3734525005434e-08
9.58521130006435e-10,0.00316886135153368,2.35715461046284e-08
9.81283556841702e-10,0.00310405924074559,2.35071484777872e-08
9.83527217056342e-10,0.00303753600634821,2.34831946549997e-08
9.72460477976521e-10,0.00296947221700726,2.347127229764e-08
9.57619047880288e-10,0.00290004046378928,2.34633090958106e-08
9.52084416147542e-10,0.0028294072448977,2.34996086349577e-08
9.53863918803263e-10,0.00275773865425618,2.3578645925938e-08
9.62957901718074e-10,0.00268520721302625,2.36985085974595e-08
9.79192059105797e-10,0.00261199689109427,2.3869011502814e-08
1.00111699901959e-09,0.00253830305347227,2.40874344290397e-08
1.02641373833549e-09,0.00246432640173316,2.43448955370529e-08
1.05867680339398e-09,0.00239026244762684,2.4656136944542e-08
1.10503200112904e-09,0.002316290471963,2.50653547554944e-08
1.16765364326206e-09,0.00224256565712816,2.56033000055619e-08
1.23924184191952e-09,0.00216921513754313,2.62557472536434e-08
1.3042608837726e-09,0.00209633843011835,2.69499042637319e-08
1.34644843488607e-09,0.00202401110649397,2.75828573719997e-08
1.35713257141197e-09,0.00195229024441717,2.80689283772971e-08
1.34239361084013e-09,0.00188122024110204,2.8397046723278e-08
1.31928020989561e-09,0.0018108386318662,2.86398251921735e-08
1.80929891799174e-09,0.00174117350357388,2.95677396066092e-08
4.12975183475459e-09,0.00167225902130511,3.29605769189577e-08
7.53936642612967e-09,0.00160414732913759,3.76482221367334e-08
9.74377378522129e-09,0.00153690027910599,4.03550564969971e-08
7.6800215099837e-09,0.00147058858997624,3.68770445348146e-08
-2.07834491551639e-09,0.0014052897579056,2.2623428183632e-08
-2.31128234852706e-08,0.0013410844443288,-7.13976022777978e-09
-5.90518118964434e-08,0.00127805182278486,-5.71979444892667e-08
-1.13508082889852e-07,0.0012162646138824,-1.32317090308926e-07
-1.90033160921925e-07,0.0011557843443986,-2.37135900751701e-07
-2.92097203856589e-07,0.00109665707977862,-3.76113408596713e-07
-4.23079389874302e-07,0.00103891026205733,-5.53507351714352e-07
-5.86272307663481e-07,0.000982551028912914,-7.73416515443507e-07
-7.84873574428013e-07,0.000927566283069311,-1.03975954883627e-06
-1.02198380710065e-06,0.000873924500972181,-1.35626917751447e-06
-1.30061135462349e-06,0.000821579014360679,-1.72653437600871e-06
-1.62366722471905e-06,0.000770472649225853,-2.15398153316792e-06
-1.99396143085898e-06,0.000720543140554837,-2.64184900147973e-06
-2.41420570755064e-06,0.000671728453068187,-3.19319204991644e-06
-2.88701597455147e-06,0.000623970957915649,-3.81089519640812e-06
-3.41492058633441e-06,0.000577220425347021,-4.49768320214955e-06
-4.00035938277859e-06,0.000531435235329406,-5.25610256370473e-06
-4.64568169235462e-06,0.000486581863482118,-6.08854169695772e-06
-5.35315093632783e-06,0.000442632630803322,-6.99727984034872e-06
-6.12493579964268e-06,0.000399562161227183,-7.98446810663276e-06
-6.96310935558182e-06,0.000357343173571923,-9.05212218487053e-06
-7.86964751443393e-06,0.000315941982176352,-1.02020667539353e-05
-8.8464420448647e-06,0.000275314234337441,-1.14359617451227e-05
-9.89530412042651e-06,0.000235401478219069,-1.27553004307967e-05
-1.10179660951149e-05,0.000196128990498652,-1.41614372648972e-05
-1.22160783065092e-05,0.000157405348061704,-1.56556181171067e-05
-1.34912023300082e-05,0.000119123806736738,-1.72389459975607e-05
-1.48448119249192e-05,8.11652151948398e-05,-1.89123816685158e-05
-1.62782954022266e-05,4.34020077989662e-05,-2.06767018268254e-05
-1.7792967986536e-05,5.70305014602189e-06,-2.25325507553542e-05
-1.93900693452137e-05,-3.20615658440846e-05,-2.44804272498231e-05
-2.10707606394239e-05,-7.00163327773363e-05,-2.65206861189988e-05
-2.28361301115859e-05,-0.000108277159211384,-2.86536225353304e-05
-2.46871917051263e-05,-0.000146949381377789,-3.08794535818462e-05
-2.66248854332913e-05,-0.000186126929353,-3.31983205443622e-05
-2.86500705619114e-05,-0.000225893019332078,-3.56101775167035e-05
-3.07635361620893e-05,-0.000266321917451736,-3.81148445118509e-05
-3.29660107341602e-05,-0.000307481829143266,-4.0712072305094e-05
-3.52581585725269e-05,-0.000349437328715971,-4.34015178082295e-05
-3.76405719212591e-05,-0.000392250672765522,-4.61827134012317e-05
-4.01137595137317e-05,-0.000435982747842807,-4.90550065289766e-05
-4.26781528849632e-05,-0.000480694793974565,-5.20176070205631e-05
-4.53341120318705e-05,-0.000526450346302992,-5.50696258760788e-05
-4.80819354414107e-05,-0.000573316500863926,-5.82101021146784e-05
-5.09218628745258e-05,-0.000621363676181387,-6.14379654213582e-05
-5.38540823946707e-05,-0.000670664031366538,-6.47520185008077e-05
-5.68787294253745e-05,-0.000721288827973698,-6.81509701147274e-05
-5.9995876430538e-05,-0.00077330536821657,-7.16334592177746e-05
-6.32055197869341e-05,-0.000826773859319144,-7.51980777916747e-05
-6.65075862716074e-05,-0.000881744672359696,-7.88433985589844e-05
-6.99019352603337e-05,-0.000938256197053309,-8.25679468790885e-05
-7.33883509981817e-05,-0.000996332800013464,-8.63701586610872e-05
-7.69665199997928e-05,-0.00105598201047165,-9.02483134416322e-05
-8.06360086756243e-05,-0.00111719157680675,-9.42005387993626e-05
-8.43962501816883e-05,-0.001179927672986,-9.82248876405152e-05
-8.82465628401972e-05,-0.00124413478471125,-0.000102319378287188
-9.21861789245404e-05,-0.00130973740032316,-0.000106482041981641
-9.62142817858545e-05,-0.00137664315746456,-0.000110710845983224
-0.00010033002690079,-0.00144474706651044,-0.000115003654077184
-0.000104532562356084,-0.00151393603702774,-0.000119358160044216
-0.000108821016360867,-0.00158409270139638,-0.000123771922823106
-0.000113194470539069,-0.00165509792392432,-0.00012824247690089
-0.000117651920928389,-0.00172683145466,-0.00013276738918521
-0.000122192244984236,-0.00179917103926209,-0.000137344224319152
-0.000126814199944541,-0.00187199045717739,-0.000141970498733251
-0.000131516433411309,-0.001945157278809,-0.000146643642931008
-0.000136297502807866,-0.00201853109057173,-0.000151360946582807
-0.000141155902608936,-0.0020919624006334,-0.000156119635075007
-0.000146090091204358,-0.00216529260185733,-0.000160916942428935
-0.000151098518941222,-0.00223835550735311,-0.000165750189122989
-0.000156179645567309,-0.00231098133483552,-0.00017061672551253
-0.000161331975573831,-0.00238300269506605,-0.000175513951113007
-0.000166554068698692,-0.00245426030211991,-0.000180439301582875
-0.000171844536619934,-0.0025246071843887,-0.000185390261680937
-0.00017720203673204,-0.00259391243494882,-0.000190364319617578
-0.000182625287251262,-0.00266206365624159,-0.000195359009712757
-0.000188113069208685,-0.00272896765239313,-0.000200371920757964
-0.000193664229453728,-0.00279455006193672,-0.000205400725655788
-0.000199277666603266,-0.00285875406634556,-0.000210443135722237
-0.000204952327328404,-0.00292153871058888,-0.000215496901365591
-0.000210687212794878,-0.002982876691215,-0.000220559900570889
-0.000216481361216957,-0.00304275149540185,-0.000225630131923382
-0.000222333833262562,-0.00310115413639039,-0.00023070570195153
-0.000228243689787584,-0.00315807985591192,-0.000235784737314501
-0.000234210001046451,-0.00321352522481089,-0.000240865425949613
-0.000240231853257329,-0.00326748594128227,-0.00024594606834427
-0.00024630834335164,-0.00331995556192918,-0.000251025066741185
-0.000252438572007081,-0.00337092527142664,-0.000256100890157436
-0.000258621637667223,-0.00342038455732666,-0.000261172038473431
-0.000264856630027876,-0.0034683226304668,-0.000266236997903812
-0.00027114264038294,-0.00351473066557231,-0.000271294280000862
-0.000277478772338939,-0.00355960423850409,-0.000276342466662531
-0.000283864142532881,-0.00360294571014828,-0.000281380216600989
-0.000290297886492138,-0.00364476624713048,-0.000286406306053337
-0.000296779155954939,-0.00368508720104429,-0.000291419605903963
-0.000303307117934451,-0.00372394077519726,-0.000296419075400217
-0.000309880953117084,-0.00376136991766592,-0.000301403741820032
-0.000316499843913367,-0.00379742716928717,-0.00030637265607383
-0.000323162976217379,-0.00383217283463541,-0.000311324899557781
-0.000329869535163832,-0.00386567252329629,-0.00031625957388813
-0.00033661872300397,-0.00389799471642129,-0.000321175849233332
-0.000343409754922599,-0.00392920829244794,-0.00032607294668079
-0.000350241857717157,-0.00395938040039813,-0.000330950128807154
-0.000357114265510782,-0.0039885749898431,-0.000335806661517815
-0.000364026227644023,-0.00401685204382036,-0.000340641842243301
-0.00037097701495709,-0.00404426775038341,-0.000345455016176251
-0.000377965923794222,-0.00407087541049933,-0.000350245595539685
-0.00038499227488106,-0.00409672700077409,-0.000355013040515237
-0.000392055411306466,-0.00412187501108701,-0.00035975683149446
-0.000399154702030322,-0.00414637449454252,-0.000364476502530227
-0.000406289540070284,-0.00417028503761528,-0.000369171645641245
-0.000413459338946083,-0.00419367241253837,-0.000373841914399192
-0.000420663525357491,-0.00421660944789498,-0.000378486956225433
-0.000427901538310894,-0.00423917612455181,-0.000383106394055834
-0.000435172830913681,-0.004261458986902,-0.000387699877763529
-0.000442476868941592,-0.00428354982918921,-0.000392267131681983
-0.000449813123835576,-0.00430554385048007,-0.000396807929757481
-0.000457181065619701,-0.0043275375246325,-0.000401322058687152
-0.00046458016289673,-0.00434962637977863,-0.000405809290917551
-0.000472009883123583,-0.00437190300736117,-0.000410269410747971
-0.000479469697215755,-0.00439445539861754,-0.0004147022295077
-0.000486959080689162,-0.00441736572450593,-0.000419107581494103
-0.000494477517213478,-0.00444070958047316,-0.000423485318351973
-0.000502024481625936,-0.004464554580154,-0.000427835302185417
-0.000509599414085901,-0.00448895873622101,-0.000432157375347469
-0.00051720171864955,-0.00451397010070295,-0.000436451363846345
-0.000524830797694635,-0.0045396284645064,-0.000440717105547488
-0.000532486090136727,-0.00456596806982586,-0.000444954435800521
-0.0005401670591442,-0.0045930207733132,-0.000449163176872095
-0.00054787321871819,-0.00462081827906986,-0.000453343190781585
-0.000555604117375769,-0.00464939351854529,-0.000457494362139472
-0.000563359311698149,-0.00467878092630249,-0.00046161655807997
-0.000571138346261646,-0.00470901597444535,-0.000465709633557117
-0.000578940746379502,-0.00474013409108472,-0.000469773439052535
-0.000586766030821302,-0.0047721692252809,-0.000473807891040167
-0.000594613691561308,-0.00480515180397052,-0.000477812977605434
-0.000602483168012952,-0.00483910577844146,-0.000481788546332933
-0.000610373838021153,-0.00487404535588303,-0.000485734363253198
-0.000618284978163991,-0.0049099721953801,-0.000489650187749182
-0.000626215809315493,-0.00494687341805977,-0.000493535869070331
-0.000634165519935567,-0.00498472018385446,-0.000497391274761918
-0.000642133265895342,-0.00502346748851024,-0.000501216259788377
-0.000650118187877751,-0.00506305491561714,-0.000505010628269571
-0.000658119422979073,-0.00510340829841481,-0.00050877413044684
-0.000666136111550606,-0.00514444179248438,-0.000512506446853225
-0.000674167432731984,-0.00518605445841683,-0.000516207316591067
-0.000682212042414676,-0.00522814049348049,-0.000519875797658582
-0.000690267449922295,-0.00527059772587041,-0.000523509426503618
-0.000698330466814185,-0.00531332223260747,-0.00052710483042195
-0.000706397572643224,-0.00535620906422844,-0.000530658215214524
-0.000714465115159808,-0.00539915293965817,-0.000534165686975455
-0.000722529423997682,-0.00544204872195755,-0.00053762340515555
-0.000730586870224764,-0.00548479185633427,-0.000541027641232245
-0.000738633910979637,-0.00552727847830724,-0.000544374832285825
-0.000746667123297115,-0.0055694056911719,-0.000547661633351946
-0.000754683216769675,-0.00561107184211655,-0.000550884921365418
-0.000762679034980864,-0.00565217736718086,-0.000554041733938389
-0.000770651587049666,-0.00569262637419117,-0.000557129294487011
-0.000778598096197747,-0.00573232954792335,-0.000560145044082734
-0.000786516031222621,-0.00577120686593955,-0.000563086699715112
-0.000794403067773066,-0.00580918894496272,-0.000565952181302498
-0.000802257040923323,-0.00584621728287269,-0.000568739549551594
-0.000810075905449509,-0.00588224375156976,-0.000571446990788903
-0.000817857699692725,-0.00591723044281841,-0.000574072794425195
-0.000825600534978651,-0.00595114959562115,-0.000576615406122433
-0.000833302581642485,-0.00598398375445223,-0.000579073407572493
-0.00084096207340467,-0.00601572521380162,-0.00058144555874506
-0.000848577315502437,-0.00604637527489775,-0.000583730857157073
-0.000856146677159241,-0.00607594295309287,-0.000585928524527487
-0.000863668570503976,-0.00610444355267351,-0.0005880378810755
-0.00087114144708339,-0.00613189691220531,-0.000590058286064387
-0.000878563802331313,-0.00615832571327623,-0.000591989121466873
-0.000885934195297414,-0.00618375392437355,-0.000593829883015632
-0.000893251256093273,-0.00620820567837368,-0.000595580224133344
-0.00090051367965454,-0.00623170440090575,-0.000597239910851085
-0.000907720231449407,-0.00625427244869903,-0.000598808852616289
-0.000914869734998068,-0.00627593132799794,-0.000600287022183813
-0.000921961072692687,-0.00629670240575769,-0.000601674433477487
-0.000928993199913504,-0.00631660795505995,-0.000602971204800426
-0.000935965153609791,-0.00633567232469625,-0.00060417761728284
-0.000942876047311136,-0.00635392298309049,-0.000605294103358628
-0.00094972506574222,-0.00637139147884679,-0.000606321242291382
-0.000956511448000255,-0.0063881140042225,-0.000607259646810321
-0.000963234487402673,-0.00640413183917449,-0.000608109928947332
-0.000969893531121759,-0.00641949133447903,-0.000608872685505844
-0.000976487987637774,-0.00643424361868649,-0.000609548561375765
-0.000983017321791139,-0.00644844356149716,-0.000610138213017911
-0.000989481066289141,-0.00646214866292489,-0.000610642425194548
-0.000995878809413044,-0.0064754179041453,-0.000611062087816766
-0.00100221019447838,-0.00648831072808808,-0.000611398220359621
-0.00100847491940104,-0.00650088585610563,-0.00061165194549605
-0.00101467272649175,-0.00651320035905244,-0.000611824377629144
-0.00102080340123148,-0.00652530912814818,-0.000611916671863632
-0.00102686678972066,-0.00653726489584854,-0.000611930207191826
-0.00103286277838157,-0.00654911854580279,-0.000611866337646112
-0.00103879130446605,-0.00656091970073658,-0.0006117264038994
-0.00104465235912975,-0.00657271754228858,-0.00061151171576305
-0.00105044598307802,-0.00658456172336021,-0.000611223546284041
-0.00105617225290237,-0.00659650209357215,-0.000610863152110752
-0.00106183125950336,-0.00660858723785236,-0.000610431859595675
-0.00106742310238645,-0.0066208632420008,-0.000609931107856344
-0.00107294790328003,-0.00663337361885416,-0.000609362448360583
-0.00107840582741739,-0.00664615999312366,-0.000608727432406194
-0.00108379710279609,-0.00665926275309404,-0.000608027614292677
-0.00108912201784749,-0.00667272114110419,-0.000607264543809665
-0.0010943809011188,-0.00668657296534271,-0.000606439807192477
-0.0010995741104845,-0.00670085386785736,-0.000605555044502094
-0.00110470201321547,-0.00671559645200332,-0.000604611825454014
-0.00110976499884215,-0.00673082937474795,-0.000603611695815815
-0.00111476347417082,-0.00674657664574293,-0.000602556168711489
-0.00111969788507181,-0.00676285774293515,-0.000601446861800763
-0.0011245686912715,-0.00677968697242119,-0.000600285412814189
-0.00112937635337683,-0.00679707247509464,-0.000599073409162637
-0.00113412133013588,-0.00681501513941284,-0.000597812370465219
-0.00113880408448332,-0.00683350836179861,-0.000596503850650968
-0.00114342509229075,-0.00685253842284086,-0.000595149462392387
-0.00114798484979139,-0.0068720850975877,-0.000593750824440773
-0.00115248386683347,-0.0068921222055248,-0.000592309525687987
-0.00115692267138111,-0.0069126182468252,-0.000590827138004872
-0.00116130180365192,-0.00693353689260601,-0.000589305235809318
-0.0011656218068222,-0.00695483726341829,-0.000587745316103141
-0.00116988322789902,-0.00697647388664945,-0.000586148833443328
-0.00117408661601768,-0.00699839636644496,-0.00058451724304803
-0.00117823252017272,-0.00702054910705355,-0.000582851986257172
-0.00118232149004407,-0.0070428709833362,-0.000581154494455328
-0.00118635407887942,-0.0070652952106666,-0.000579426174179006
-0.00119033085044357,-0.00708774954898506,-0.000577668451452675
-0.00119425237638831,-0.00711015693812041,-0.000575882722753861
-0.00119811923660741,-0.00713243633266258,-0.000574070370081801
-0.0012019320140486,-0.00715450394029569,-0.000572232752325363
-0.00120569130321226,-0.00717627462608387,-0.000570371285755142
-0.00120939769398081,-0.00719766387575033,-0.000568487311649656
-0.00121305179935717,-0.00721858970720199,-0.000566582134964271
-0.00121665425037815,-0.00723897450230125,-0.000564656980693774
-0.0012202057184585,-0.00725874698091353,-0.000562713173492702
-0.00122370690823147,-0.00727784501807055,-0.000560752030871278
-0.00122715856998941,-0.00729621864633004,-0.000558774815077581
-0.00123056151093378,-0.00731383141811631,-0.00055678274269085
-0.0012339165934941,-0.00733065974615346,-0.000554777027091006
-0.00123722471262506,-0.00734669082381689,-0.000552758897897703
-0.00124048675908114,-0.0073619202711162,-0.000550729556526755
-0.0012437036022489,-0.00737634990199521,-0.000548690148087154
-0.00124687609219329,-0.00738998590943003,-0.000546641828503946
-0.00125000503202753,-0.00740283750557284,-0.000544585631803216
-0.00125309119628216,-0.00741491600811155,-0.000542522520342733
-0.00125613534222907,-0.00742623428634974,-0.000540453431400183
-0.00125913823050347,-0.00743680642453369,-0.000538379344712309
-0.00126210062736967,-0.00744664750204548,-0.000536301271377086
-0.00126502329931857,-0.0074557736482441,-0.00053422023206889
-0.00126790701497526,-0.00746420241348444,-0.000532137258092398
-0.00127075252464435,-0.00747195330734791,-0.000530053284692762
-0.00127356057363496,-0.00747904830034317,-0.00052796925251727
-0.00127633191103888,-0.00748551225936094,-0.000525886134625654
-0.0012790672783159,-0.00749137310213244,-0.000523804857983246
-0.0012817674109088,-0.00749666185241788,-0.000521726288072485
-0.00128443303424102,-0.00750141236158488,-0.000519651213382221
-0.00128706487215999,-0.00750566093069005,-0.000517580389827015
-0.00128966364772955,-0.00750944575543633,-0.000515514533034065
-0.00129223008732019,-0.00751280630049049,-0.000513454317376309
-0.00129476491906578,-0.00751578254685087,-0.000511400393257912
-0.00129726887984992,-0.00751841425301612,-0.000509353425557787
-0.00129974270627813,-0.00752074047028285,-0.000507314110710266
-0.00130218713071606,-0.00752279929188744,-0.000505283142394111
-0.00130460286551084,-0.00752462781462777,-0.000503261078861471
-0.0013069906304579,-0.00752626232283672,-0.000501248492758802
-0.00130935114989989,-0.00752773842546906,-0.000499245967673833
-0.00131168514171886,-0.00752909155583837,-0.000497254064909876
-0.00131399331840393,-0.00753035761490551,-0.000495273321770043
-0.00131627638771089,-0.00753157355752146,-0.000493304272958678
-0.00131853505133353,-0.00753277783846578,-0.000491347417985397
-0.00132077000242185,-0.00753401075792785,-0.000489403179952739
-0.00132298192581814,-0.00753531394470645,-0.000487471972579454
-0.00132517148192304,-0.00753672824210827,-0.000485554108705121
-0.00132733930514044,-0.00753829153116141,-0.000483649855030237
-0.0013294860163752,-0.00754003768150237,-0.000481759478001954
-0.00133161221740112,-0.00754199666568246,-0.000479883254383028
-0.00133371851025886,-0.00754419503501709,-0.00047802148373028
-0.00133580550394809,-0.00754665672348587,-0.000476174428224168
-0.00133787381339216,-0.00754940337696997,-0.000474342267118817
-0.00133992404921783,-0.00755245416772805,-0.000472525091227939
-0.0013419568088732,-0.00755582515799524,-0.000470722952541492
-0.00134397266905065,-0.00755952812016389,-0.000468935952068464
-0.00134597218176266,-0.00756356964377723,-0.000467164284167234
-0.00134795587006223,-0.007567950566877,-0.000465408094837165
-0.00134992423202092,-0.00757266585832002,-0.000463667438765228
-0.00135187774956173,-0.00757770496155408,-0.000461942263554649
-0.00135381689948967,-0.00758305226896078,-0.000460232529837309
-0.00135574215398,-0.00758868779608657,-0.000458538216281762
-0.00135765397588778,-0.00759458762720494,-0.000456859280540699
-0.00135955280890126,-0.00760072439591154,-0.000455195639767963
-0.0013614390811875,-0.00760706753843647,-0.000453547134908062
-0.00136331319988774,-0.00761358348745095,-0.000451913494077678
-0.00136517557137098,-0.00762023573080777,-0.000450294559739895
-0.00136702658868568,-0.00762698478817642,-0.000448690209911295
-0.00136886662754601,-0.00763378824966115,-0.000447100308629055
-0.00137069606462187,-0.00764060023564238,-0.000445524706241945
-0.00137251496287827,-0.00764737241669671,-0.000443962826042817
-0.00137432263269654,-0.00765405486508953,-0.000442413063681532
-0.00137611793298735,-0.00766059582527144,-0.000440873223646906
-0.0013778995117225,-0.00766694231746165,-0.000439340825043558
-0.00137966593886797,-0.00767304106161027,-0.000437813292664673
-0.00138141577598802,-0.00767883946967298,-0.000436288056659421
-0.00138314761920687,-0.00768428684108785,-0.000434762572197905
-0.00138486012076241,-0.00768933555070522,-0.000433234397468348
-0.00138655199461036,-0.00769394210747733,-0.000431701210745079
-0.00138822202051649,-0.00769806879179071,-0.000430160804059053
-0.00138986906253456,-0.00770168634410151,-0.000428611097040384
-0.00139149207207108,-0.00770477627992661,-0.000427050071852961
-0.00139309008546737,-0.00770733147753866,-0.000425475805762137
-0.00139466219423098,-0.00770935496606448,-0.000423886430146833
-0.00139620753683479,-0.00771085789805745,-0.000422280198376365
-0.001397725288832,-0.00771185744150299,-0.000420655497638412
-0.00139921465490022,-0.00771237512130616,-0.000419010865248943
-0.00140067485700489,-0.007712435494673,-0.000417344948348949
-0.00140210512748494,-0.0077120651688163,-0.000415656416040384
-0.00140350472042687,-0.00771129219914096,-0.000413943918462613
-0.00140487292740974,-0.00771014565691336,-0.000412206109797879
-0.0014062090882567,-0.00770865536936432,-0.00041044171227988
-0.00140751259381004,-0.00770685172975535,-0.000408649553100571
-0.00140878288694132,-0.00770476567020807,-0.000406828652362291
-0.00141001943736437,-0.00770242865742269,-0.000404978125995275
-0.00141122173390901,-0.00769987286304071,-0.000403097106183435
-0.00141238928901067,-0.00769713141209082,-0.000401184772054919
-0.00141352165006966,-0.00769423857057428,-0.000399240411923861
-0.00141461842222153,-0.0076912296615329,-0.000397263385563214
-0.00141567924467546,-0.00768814086525728,-0.000395253108898624
-0.00141670378201747,-0.00768500900392927,-0.000393209084913342
-0.00141769172047907,-0.00768187141575793,-0.000391130880697711
-0.00141864277289964,-0.00767876562660664,-0.000389018105884845
-0.00141955667918769,-0.0076757290566381,-0.000386870377659574
-0.00142043321968803,-0.00767279857631682,-0.000384687350807373
-0.0014212722003314,-0.00767001010448427,-0.000382468688319811
-0.00142207345407931,-0.00766739834064726,-0.000380214119731812
-0.00142283684848972,-0.00766499659904648,-0.000377923577852238
-0.00142356227585505,-0.00766283600803723,-0.000375597084266135
-0.00142424964882174,-0.00766094302700823,-0.000373234701015838
-0.00142489887214229,-0.00765933654514236,-0.000370836515964869
-0.00142550985615779,-0.00765802611019731,-0.000368402610972704
-0.00142608253524338,-0.00765701172211431,-0.000365933081099682
-0.0014266168875562,-0.00765628474471895,-0.000363427887489259
-0.00142711294774404,-0.00765582918024151,-0.000360887160260674
-0.00142757078788714,-0.00765562267087661,-0.000358311209153595
-0.00142799050040753,-0.00765563723080641,-0.000355700538574867
-0.00142837219569413,-0.0076558396316762,-0.000353055614512327
-0.00142871600892108,-0.00765619166574372,-0.000350376874290813
-0.00142902210787601,-0.00765665032060839,-0.000347664797302864
-0.00142929068630715,-0.00765716807539889,-0.000344919897590403
-0.00142952195208463,-0.007657693302148,-0.000342142694323349
-0.00142971613222129,-0.00765817078407501,-0.000339333770119003
-0.00142987347607642,-0.00765854245239172,-0.000336493754900675
-0.00142999426330054,-0.00765874823699652,-0.00033362341335148
-0.00143007879874194,-0.00765872699169433,-0.000330723620517123
-0.0014301273831164,-0.00765841769971479,-0.00032779510519498
-0.00143014033177366,-0.00765776054100853,-0.000324838517454518
-0.00143011798058214,-0.00765669816863451,-0.000321854495255645
-0.00143006068860548,-0.00765517675045085,-0.000318843710758806
-0.00142996883058506,-0.00765314708624017,-0.00031580690786426
-0.00142984279502038,-0.00765056622655784,-0.000312744860090932
-0.00142968300521416,-0.00764740047144828,-0.00030965847790519
-0.00142948989922692,-0.00764362790778165,-0.000306548687651821
-0.00142926392909539,-0.00763923905815705,-0.000303416472537197
-0.00142900552468517,-0.0076342359948182,-0.000300262646658349
-0.00142871510830082,-0.00762863016888827,-0.000297087963451425
-0.00142839309198729,-0.00762244053637773,-0.000293893161596996
-0.00142803987560208,-0.00761569184108651,-0.000290678975559315
-0.00142765584883179,-0.00760841358971357,-0.000287446115066806
-0.00142724141749998,-0.00760063920853688,-0.000284195456901227
-0.0014267969736535,-0.00759240529863623,-0.000280927880576872
-0.00142632290568849,-0.0075837510658394,-0.000277644272823162
-0.00142581960590114,-0.00757471786513024,-0.000274345557286135
-0.00142528746029658,-0.00756534881125511,-0.000271032592711566
-0.00142472685404628,-0.00755568855139808,-0.000267706198460714
-0.00142413817140165,-0.0075457832588268,-0.000264367103741152
-0.00142352179896689,-0.00753568062627037,-0.000261016021531679
-0.00142287812136786,-0.00752542981240246,-0.000257653655996036
-0.00142220753101355,-0.00751508116323594,-0.000254280817149843
-0.00142151041915496,-0.00750468606843051,-0.000250898334846132
-0.00142078717611309,-0.00749429679226059,-0.000247507037361232
-0.0014200381875706,-0.00748396642175814,-0.000244107692291376
-0.0014192638444712,-0.00747374867641849,-0.000240701088135646
-0.001418464532898,-0.00746369759643438,-0.000237288064514305
-0.00141764063146212,-0.00745386714047735,-0.000233869445308831
-0.00141679251573792,-0.00744431089347873,-0.000230446014335424
-0.00141592059161889,-0.00743508185003215,-0.00022701845843096
-0.00141502524686056,-0.0074262317105174,-0.000223587442227353
-0.00141410685891615,-0.00741780824459696,-0.00022015364438298
-0.0014131658097602,-0.00740985171603417,-0.000216717794739528
-0.00141220251795197,-0.00740239202200963,-0.000213280821357597
-0.00141121739468353,-0.00739544768555052,-0.000209843497670664
-0.00141021085163764,-0.00738902589330304,-0.000206406662280085
-0.00140918329112359,-0.00738312304960037,-0.000202970959223647
-0.00140813512475058,-0.00737772540806531,-0.000199536937844028
-0.00140706677771889,-0.00737280978243307,-0.000196105105615125
-0.00140597869566116,-0.00736834379427502,-0.000192676063862963
-0.00140487134088476,-0.00736428618058091,-0.000189250631269498
-0.00140374516546653,-0.00736058709264091,-0.000185829647624203
-0.00140260061309503,-0.00735718880916098,-0.000182413883683381
-0.00140143812803934,-0.00735402628476199,-0.000179004020852335
-0.00140025815787595,-0.00735102802932812,-0.000175600661723652
-0.00139906115991931,-0.00734811710812965,-0.000172204395280836
-0.0013978475956386,-0.00734521218952227,-0.000168815820724502
-0.00139661792904218,-0.00734222843258336,-0.000165435551291518
-0.00139537262210274,-0.00733907845467877,-0.000162064204762723
-0.00139411213477334,-0.00733567359432125,-0.000158702401618653
-0.0013928369204671,-0.00733192525329392,-0.000155350741662564
-0.00139154743515923,-0.00732774620011402,-0.000152009840133773
-0.00139024413700503,-0.00732305195541001,-0.000148680355723174
-0.00138892747773718,-0.00731776220792554,-0.000145362941113853
-0.00138759789596416,-0.00731180242597806,-0.000142058212510931
-0.00138625580167407,-0.00730510577044682,-0.000138766635500907
-0.00138490159443512,-0.00729761574915715,-0.00013548863067439
-0.00138353565986654,-0.00728928831146832,-0.000132224575919954
-0.00138215837326808,-0.0072800922211837,-0.000128974859429524
-0.00138077010173813,-0.00727000795190001,-0.00012573991824624
-0.00137937120550148,-0.00725902595026992,-0.000122520245545119
-0.00137796203557592,-0.00724714486004042,-0.000119316358690761
-0.00137654292043728,-0.0072343703605537,-0.000116128706438691
-0.00137511416385224,-0.00722071405348027,-0.000112957633169028
-0.00137367606452855,-0.00720619260872244,-0.000109803487098293
-0.00137222892333862,-0.00719082706961972,-0.000106666673602231
-0.00137077303128519,-0.00717464233954602,-0.000103547602453598
-0.00136930865265538,-0.00715766679028181,-0.000100446570668172
-0.00136783604096343,-0.0071399314911165,-9.73638036130763e-05
-0.00136635544273385,-0.00712146974312997,-9.42994621718852e-05
-0.00136486709681979,-0.00710231686940165,-9.12536234537558e-05
-0.00136337125829097,-0.00708251026521634,-8.8226438591119e-05
-0.00136186818799075,-0.00706208919088217,-8.52181573843731e-05
-0.00136035814608845,-0.00704109458153009,-8.2229131332951e-05
-0.0013588413598957,-0.00701956885210252,-7.92595722814101e-05
-0.00135731803914278,-0.00699755597598938,-7.6309556711873e-05
-0.00135578838918049,-0.00697510133149167,-7.33790687416676e-05
-0.00135425262884825,-0.00695225154675575,-7.04681489878763e-05
-0.0013527109766924,-0.00692905435275815,-6.75768751707371e-05
-0.00135116363928805,-0.00690555850736132,-6.47052758717045e-05
-0.00134961083711015,-0.00688181359362779,-6.1853546412373e-05
-0.00134805277593526,-0.0068578696933038,-5.90219167842088e-05
-0.00134648963754037,-0.00683377700527243,-5.62105158226272e-05
-0.00134492159573656,-0.00680958558441123,-5.34194061025023e-05
-0.00134334883192947,-0.00678534542748381,-5.06487321623913e-05
-0.00134177151822617,-0.00676110641812722,-4.78985396197504e-05
-0.00134018981703916,-0.00673691834873064,-4.51687864333638e-05
-0.00133860388548828,-0.00671283074941611,-4.24593807331173e-05
-0.00133701388942579,-0.00668889312556889,-3.97703757731317e-05
-0.00133541999210848,-0.00666515505355079,-3.71019211260806e-05
-0.0013338223410243,-0.00664166618099933,-3.44541332863609e-05
-0.00133222108421386,-0.00661847777970515,-3.18270695176892e-05
-0.00133061621172528,-0.00659564092896161,-2.92204490027326e-05
-0.0013290073512197,-0.00657320513797749,-2.66334364325125e-05
-0.00132739392004208,-0.00655122015552414,-2.40649174909192e-05
-0.00132577524625443,-0.00652973551289381,-2.15137139232517e-05
-0.0013241506467414,-0.00650879954588791,-1.89786825250682e-05
-0.00132251944488931,-0.00648846052111251,-1.64587410936066e-05
-0.00132088095955399,-0.0064687707590341,-1.39528664446153e-05
-0.00131923449123973,-0.00644979299388186,-1.14600426948185e-05
-0.00131757931809053,-0.0064316059105526,-8.9792667038575e-06
-0.00131591471613167,-0.00641430608359613,-6.50960122477604e-06
-0.00131423998863749,-0.00639800535341376,-4.05021674366441e-06
-0.00131255446977639,-0.00638282383281008,-1.60033999469301e-06
-0.00131085751836785,-0.00636888088742902,8.40769441133307e-07
-0.00130914852148962,-0.00635628574187326,3.2738252542813e-06
-0.00130742691728644,-0.00634512922566346,5.69945273042442e-06
-0.00130569221536902,-0.00633547704530714,8.11817711478096e-06
-0.00130394403352479,-0.00632736496568855,1.05304096811325e-05
-0.00130218212601628,-0.00632079545023285,1.29364689642333e-05
-0.00130040643623965,-0.00631573453566223,1.5336647443305e-05
-0.00129861714900857,-0.00631210768047068,1.77312443594986e-05
-0.00129681474342301,-0.00630979338455849,2.01205451030051e-05
-0.00129499996785973,-0.00630861513616826,2.25047979446664e-05
-0.00129317364381553,-0.00630833624412631,2.48842155334666e-05
-0.00129133629650326,-0.00630866818344421,2.7258930401745e-05
-0.00128948783495518,-0.00630930320468936,2.96290070909116e-05
-0.00128762760570403,-0.00630996219060732,3.19944603316108e-05
-0.0012857547854327,-0.00631042990039433,3.43552791092313e-05
-0.00128386878167839,-0.00631056155006454,3.67114547618012e-05
-0.00128196941004981,-0.00631026595504058,3.90629178278827e-05
-0.00128005682226613,-0.00630948010082363,4.1409576799838e-05
-0.00127813130982276,-0.00630814736817978,4.37515603607533e-05
-0.00127619318650028,-0.00630620355228235,4.60891450269187e-05
-0.00127424276204531,-0.00630356955279363,4.84224520477098e-05
-0.00127228031993967,-0.00630014766346494,5.07513175620152e-05
-0.00127030608504642,-0.00629581986719617,5.30755138602535e-05
-0.00126832025367507,-0.00629044871279057,5.5394725586517e-05
-0.00126632297395438,-0.00628388124433094,5.7708664364449e-05
-0.00126431432236182,-0.00627595568527215,6.00172354058185e-05
-0.00126229434290582,-0.00626650992177958,6.23203971705336e-05
-0.00126026306908356,-0.00625539058754163,6.46180519274937e-05
-0.00125822051424713,-0.00624246136373344,6.69100415395237e-05
-0.00125616664279865,-0.00622760963939774,6.91962203509283e-05
-0.00125410134861134,-0.00621075096111656,7.14765247012406e-05
-0.00125202446585527,-0.00619183102449197,7.37509219918352e-05
-0.00124993578705101,-0.00617082520690188,7.60193831757045e-05
-0.00124783510334033,-0.00614773559335749,7.82818200630623e-05
-0.00124572221621824,-0.00612258579422161,8.05381168154812e-05
-0.0012435969743067,-0.00609541369327654,8.27881825340583e-05
-0.00124145930731716,-0.00606626308511899,8.50319605043801e-05
-0.00123930923329248,-0.00603517539911326,8.72694329233263e-05
-0.00123714684862905,-0.00600218320152397,8.95005563592843e-05
-0.0012349722796722,-0.00596730639156412,9.17253065694999e-05
-0.00123278565199801,-0.00593055155016683,9.39436794897857e-05
-0.00123058707370097,-0.00589191422595376,9.61556855071156e-05
-0.00122837662983358,-0.00585138351843342,9.83613401626171e-05
-0.00122615438628262,-0.00580894811049976,0.000100560666713066
-0.00122392039616296,-0.00576460276368195,0.000102753652925606
-0.00122167469552022,-0.00571835482363296,0.000104940235112115
-0.0012194172711551,-0.00567022993079308,0.00010712035417105
-0.00121714805151996,-0.00562027685174496,0.000109293993709317
-0.00121486690663592,-0.005568570965813,0.00011146117902644
-0.00121257366860706,-0.00551521585181347,0.000113621934360921
-0.00121026819153031,-0.00546034197093355,0.000115776224202557
-0.00120795040578401,-0.00540410145068841,0.00011792390698668
-0.00120562031466069,-0.00534665933615772,0.000120064963109628
-0.00120327801183434,-0.00528818281100478,0.000122199452788656
-0.00120092363456577,-0.00522883139381426,0.000124327497127896
-0.00119855733844044,-0.00516875014228766,0.000126449158138512
-0.00119617923761112,-0.00510806681177737,0.000128564449084995
-0.00119378938547141,-0.00504689238376278,0.000130673334857303
-0.00119138778522722,-0.0049853240820768,0.000132775694183503
-0.00118897441465224,-0.00492344982205204,0.000134871459667169
-0.00118654926389702,-0.00486135366344858,0.000136960586590995
-0.00118411233274241,-0.00479912158923219,0.000139043093020162
-0.00118166362057401,-0.0047368471862515,0.000141119027509775
-0.00117920311306166,-0.00467463641409649,0.000143188449913419
-0.00117673077807248,-0.00461261092162243,0.000145251345972893
-0.00117424656675932,-0.0045509089445561,0.00014730759518462
-0.00117175041501827,-0.00448968354513597,0.000149357086264507
-0.00116924226556198,-0.00442909841752151,0.000151399758139432
-0.00116672208649653,-0.00436932223153103,0.000153435547868998
-0.00116418986957758,-0.00431052234757563,0.000155464420011772
-0.00116164562190778,-0.00425285883429871,0.000157486359079472
-0.00115908935355054,-0.00419647947653977,0.000159501374773953
-0.00115652108143971,-0.0041415155832071,0.000161509412353075
-0.0011539408450917,-0.0040880781099094,0.000163510325555645
-0.00115134872620978,-0.00403625467873592,0.000165503973814302
-0.00114874484229296,-0.00398610920073585,0.00016749019089828
-0.00114612932598644,-0.00393768421730259,0.000169468806907231
-0.0011435022995725,-0.00389100545540739,0.000171439623032227
-0.0011408638742426,-0.00384608792635027,0.00017340242742866
-0.00113821412542939,-0.0038029422668462,0.000175357064493871
-0.00113555307882503,-0.0037615804262989,0.000177303371575019
-0.00113288071660514,-0.003722019747601,0.000179241169737201
-0.00113019698262766,-0.00368428484658893,0.000181170269679429
-0.00112750182204399,-0.00364840696950462,0.000183090504202889
-0.00112479521857986,-0.0036144204144451,0.000185001713405504
-0.00112207721617575,-0.00358235703484517,0.000186903710005028
-0.00111934793504492,-0.00355224012712358,0.00018879625727269
-0.00111660758117593,-0.0035240785483252,0.000190679087533695
-0.00111385644604208,-0.00349786138028739,0.000192551923697486
-0.00111109489760352,-0.00347355319020815,0.000194414492298718
-0.00110832336143554,-0.00345109006727928,0.000196266530384509
-0.00110554231074472,-0.00343037686805108,0.000198107770275267
-0.00110275222442319,-0.00341128677354826,0.000199937969545539
-0.00109995353078455,-0.00339366392489313,0.00020175689933322
-0.00109714655711815,-0.00337733025575968,0.00020356431182141
-0.0010943315256501,-0.00336209563549249,0.000205359937327541
-0.00109150858970474,-0.00334776912930573,0.000207143511437916
-0.0010886778914349,-0.003334168346563,0.000208914815020185
-0.00108583961895341,-0.00332112520248724,0.00021067362022354
-0.00108299403245797,-0.0033084881098716,0.000212419702376343
-0.00108014145920287,-0.00329612159740706,0.000214152805907273
-0.00107728225468908,-0.00328390466503502,0.000215872698262391
-0.00107441677069935,-0.00327172886535752,0.000217579191264922
-0.00107154535232569,-0.00325949730680652,0.000219271927107903
-0.00106866828759629,-0.0032471237394339,0.000220950474713944
-0.00106578580331948,-0.00323453016337091,0.000222614334924101
-0.00106289803311739,-0.00322164330372952,0.000224263297977277
-0.00106000508044764,-0.00320839129837976,0.000225897349096054
-0.00105710706662138,-0.0031947019384936,0.000227516508495896
-0.00105420413716337,-0.00318050302503786,0.000229120729378128
-0.00105129645389982,-0.00316572479779889,0.000230709886530087
-0.00104838415891917,-0.00315030359695538,0.000232283882715833
-0.0010454673759985,-0.0031341858941354,0.000233842665817588
-0.00104254618817006,-0.00311733196602154,0.000235386256902054
-0.00103962064690276,-0.00309971865545342,0.000236914714016013
-0.0010366907812114,-0.00308134088854533,0.000238428100960831
-0.00103375663900764,-0.00306221176948788,0.000239926398778022
-0.00103081828031214,-0.00304236107146857,0.000241409623026796
-0.00102787580180813,-0.0030218325017347,0.000242877759297885
-0.00102492932253208,-0.00300067976104885,0.000244330777102141
-0.00102197896965912,-0.00297896203986565,0.000245768686522805
-0.00101902486925832,-0.00295673938972926,0.000247191515742236
-0.00101606713565545,-0.00293406875700005,0.000248599330986471
-0.0010131058879175,-0.0029110012075207,0.000249992145398856
-0.00101014124621578,-0.00288758104664387,0.000251369924410578
-0.00100717332260202,-0.00286384655023445,0.00025273262758532
-0.00100420219264853,-0.00283983184192067,0.000254080439173818
-0.001001227925144,-0.00281556960383475,0.000255413601576562
-0.000998250589394511,-0.00279109418396423,0.000256732331889084
-0.000995270231712389,-0.00276644523499456,0.000258036830962318
-0.000992286868552273,-0.00274167099742201,0.000259327342625323
-0.000989300508013503,-0.0027168307263419,0.00026060406300545
-0.000986311174061623,-0.00269199584768404,0.000261866998328721
-0.000983318887220738,-0.00266724962930297,0.00026311612182417
-0.000980323661803428,-0.00264268554017861,0.000264351511292898
-0.000977325522639645,-0.00261840425832699,0.000265573270741971
-0.000974324502390533,-0.00259450997711757,0.000266781511273843
-0.000971320637063003,-0.00257110709362775,0.000267976361176733
-0.00096831393199501,-0.00254829606828755,0.000269158034111299
-0.000965304318984687,-0.00252617022662768,0.000270326873437883
-0.000962291687817481,-0.00250481405617172,0.000271483343146293
-0.000959275900490835,-0.00248430263675066,0.000272627995403745
-0.000956256825492451,-0.00246470186316538,0.000273761184391226
-0.000953234329586058,-0.00244606951508263,0.000274883155390713
-0.000950208277258474,-0.00242845574271638,0.000275994148215696
-0.000947178538233219,-0.00241190375892645,0.000277094420855912
-0.000944144984799026,-0.0023964513896786,0.000278184234572555
-0.000941107487150991,-0.00238213379789083,0.000279263839326584
-0.000938065903359649,-0.00236898676618533,0.000280333486990578
-0.000935020079123214,-0.00235704920862609,0.000281393415288701
-0.000931969853091204,-0.00234636379333011,0.000282443930971498
-0.000928915083954304,-0.00233697612721183,0.00028348535428436
-0.000925855652526192,-0.00232893252140098,0.000284517957326342
-0.000922791454575142,-0.00232227758632519,0.000285541968211462
-0.000919722409323764,-0.00231705131318874,0.00028655753311242
-0.000916648450913013,-0.00231328638708209,0.000287564823840004
-0.00091356953005065,-0.00231100586484346,0.000288564045441731
-0.000910485614058218,-0.00231022172045673,0.000289555372781696
-0.000907396693425295,-0.00231093419736054,0.000290538886823452
-0.000904302778004543,-0.00231313147415848,0.000291514544331672
-0.000901203895261814,-0.00231678936902509,0.00029248228934773
-0.000898100076708864,-0.00232187195545536,0.000293442273184849
-0.000894991357834823,-0.00232833287007766,0.000294394793337385
-0.000891877770345497,-0.0023361177947661,0.000295340161061214
-0.00088875934540771,-0.00234516732152761,0.000296278523025515
-0.000885636116396532,-0.00235541972648841,0.000297209939286022
-0.00088250812730501,-0.00236681273217271,0.000298134404825433
-0.00087937542502017,-0.00237928419785473,0.000299051912785062
-0.000876238077707381,-0.00239277172933143,0.000299962433235739
-0.000873096186725834,-0.00240721154254987,0.00030086593482206
-0.000869949884109063,-0.0024225366198191,0.000301762389865821
-0.000866799322809086,-0.00243867475031515,0.000302651776872766
-0.000863644665958596,-0.00245554673756887,0.000303534061626517
-0.000860486079834806,-0.00247306560815623,0.000304409273074068
-0.000857323749958304,-0.00249113653999605,0.000305277297167171
-0.000854157863349968,-0.002509657627502,0.000306138013464137
-0.000850988588653235,-0.00252852176270098,0.000306991315769271
-0.000847816052907081,-0.0025476197326186,0.000307837279216199
-0.000844640366617188,-0.00256684415655324,0.000308675987040787
-0.00084146162472733,-0.00258609416147255,0.00030950745266783
-0.000838279891075853,-0.00260528097504975,0.000310331627845344
-0.000835095184988644,-0.00262433246733478,0.00031114847822462
-0.000831907490043959,-0.00264319503672417,0.000311958038124326
-0.000828716780700016,-0.00266183271783469,0.000312760395677779
-0.000825523046377452,-0.00268022490772087,0.000313555663242381
-0.000822326308719077,-0.00269836342629643,0.000314343885344548
-0.000819126603881588,-0.00271624954272884,0.000315125094586788
-0.000815923974706596,-0.00273389084398729,0.000315899338961845
-0.000812718472906058,-0.00275129846967369,0.0003166666385614
-0.000809510159160761,-0.00276848466829899,0.000317426922955108
-0.000806299067711587,-0.00278546099358162,0.000318180302104872
-0.000803085230464438,-0.00280223719539287,0.000318926931998709
-0.000799868682292196,-0.00281882101699181,0.000319666939767893
-0.00079664945480637,-0.00283521877284761,0.000320400460926878
-0.000793427575744448,-0.00285143656934738,0.000321127607413731
-0.000790203058258605,-0.00286748218232442,0.000321848508045634
-0.000786975905571301,-0.00288336693180503,0.000322563251639552
-0.000783746114903476,-0.00289910751193285,0.000323271902638519
-0.000780513683887573,-0.00291472744671667,0.000323974472036605
-0.000777278604465271,-0.00293025822798943,0.000324671008716751
-0.0007740408624701,-0.0029457395110155,0.000325361635562469
-0.000770800441257557,-0.00296121829720248,0.000326046542018173
-0.000767557327485294,-0.00297674753832035,0.00032672592647991
-0.000764311518398869,-0.00299238421361567,0.000327399895162991
-0.000761063019353238,-0.0030081873440576,0.000328068461728177
-0.000757811841433961,-0.00302421536608035,0.000328731602989224
-0.000754558005227553,-0.00304052249840623,0.000329389363460465
-0.000751301552552718,-0.00305715484466426,0.000330041872642161
-0.000748042555301246,-0.00307414841830795,0.000330689209727236
-0.000744781097724236,-0.00309152951200044,0.000331331402296193
-0.000741517251927565,-0.00310931628111482,0.000331968488848242
-0.000738251060730354,-0.00312752124347254,0.000332600569080983
-0.000734982544462309,-0.00314615389822474,0.000333227779739977
-0.000731711718196145,-0.00316522312279022,0.000333850208068124
-0.000728438598503514,-0.00318473904173656,0.000334467928404501
-0.00072516321099398,-0.00320471433084833,0.000335080917150157
-0.00072188558400935,-0.00322516504034184,0.000335689099714292
-0.000718605747036312,-0.00324611090215256,0.000336292419482182
-0.000715323726529419,-0.0032675748223448,0.000336890853217564
-0.000712039546642022,-0.0032895818216418,0.000337484414122695
-0.000708753233624186,-0.00331215747838467,0.000338073133744794
-0.000705464823778907,-0.00333532624194711,0.000338657053949659
-0.00070217436386116,-0.00335910991708622,0.000339236226095948
-0.000698881906953746,-0.0033835262546273,0.000339810689518155
-0.000695587505808572,-0.00340858763538368,0.000340380481245157
-0.000692291216078272,-0.00343430021390294,0.000340945574629822
-0.000688993103332093,-0.00346066321500296,0.000341505866102845
-0.000685693243382779,-0.0034876685957955,0.000342061230352009
-0.000682391719664146,-0.00351530106653609,0.000342611598927595
-0.000679088618850293,-0.00354353868730848,0.000343157013687486
-0.000675784034225319,-0.00357235415274149,0.000343697499166842
-0.000672478064255978,-0.0036017163695187,0.000344233009671893
-0.000669170810641801,-0.00363159202179292,0.00034476336982644
-0.000665862372202712,-0.00366194641327045,0.00034528841203029
-0.000662552852756548,-0.00369274382371362,0.000345808034803789
-0.00065924236197115,-0.00372394728355032,0.000346322233456854
-0.000655931023737547,-0.00375551795326771,0.000346831025945117
-0.000652618972854638,-0.00378741416864415,0.000347334385063581
-0.000649306354168933,-0.00381959042061017,0.000347832209955814
-0.000645993321411935,-0.00385199636590685,0.000348324330974737
-0.00064268003766369,-0.00388457602953846,0.000348810544540494
-0.00063936666854898,-0.00391726757808192,0.000349290647335924
-0.000636053372830623,-0.00395000381917414,0.000349764509173871
-0.000632740299522575,-0.00398271319395801,0.000350232062392529
-0.000629427584956292,-0.00401532125921677,0.000350693323261872
-0.00062611535771617,-0.00404775260817638,0.000351148326298666
-0.000622803736224706,-0.00407993320252105,0.000351597123833299
-0.000619492833361472,-0.00411179283523981,0.000352039711103444
-0.000616182743816151,-0.00414326810035943,0.000352476044178973
-0.000612873527118344,-0.00417430614395403,0.000352906029147143
-0.000609565193190967,-0.0042048676048349,0.000353329568187849
-0.000606257709644723,-0.00423492731261307,0.000353746599431878
-0.000602951026677615,-0.00426447267606193,0.000354157096999457
-0.000599645099551479,-0.00429350094381915,0.00035456108794715
-0.000596339901450971,-0.004322016113288,0.000354958662483078
-0.000593035430280429,-0.00435002645876435,0.000355349931530473
-0.000589731708164662,-0.00437754275843917,0.000355734939289886
-0.000586428763265067,-0.00440457682217856,0.000356113684697408
-0.000583126613628133,-0.00443114048473214,0.000356486170826012
-0.000579825258288981,-0.00445724508163228,0.000356852457019681
-0.000576524681669187,-0.00448290154897033,0.000357212646580273
-0.000573224859104502,-0.00450812091638047,0.000357566881653436
-0.000569925769305988,-0.00453291510496874,0.000357915248419004
-0.000566627389470633,-0.00455729799030387,0.000358257795629047
-0.000563329691520557,-0.00458128645332096,0.000358594552236037
-0.000560032631190542,-0.00460490134812447,0.000358925662014147
-0.000556736160694947,-0.00462816814385018,0.000359251319728344
-0.000553440233591465,-0.00465111710115089,0.000359571723278361
-0.00055014480533482,-0.00467378307623121,0.000359887050608776
-0.000546849834836646,-0.00469620492922962,0.000360197418501591
-0.000543555281572623,-0.00471842448797152,0.000360502900888313
-0.000540261105733969,-0.00474048533272103,0.000360803532264508
-0.000536967267141272,-0.00476243089987012,0.000361099377493007
-0.00053367373741794,-0.00478430137800568,0.000361390571307864
-0.000530380511762551,-0.00480613061583701,0.00036167730818686
-0.000527087610265062,-0.00482794465675353,0.000361959776921191
-0.000523795064526141,-0.00484976207346417,0.000362238081326376
-0.00052050289657195,-0.00487159536275744,0.000362512286013789
-0.00051721111131009,-0.00489345265683172,0.00036278241935214
-0.000513919694410276,-0.00491533961252825,0.000363048547311043
-0.000510628625621805,-0.00493726093633799,0.000363310716526485
-0.000507337882202193,-0.00495922169546792,0.000363569013312969
-0.000504047443092777,-0.00498122823591439,0.000363823552833955
-0.000500757289857817,-0.00500328877410878,0.000364074459773707
-0.000497467407975013,-0.00502541373521605,0.000364321829052545
-0.000494177787726344,-0.00504761579233687,0.000364565724376384
-0.000490888421818752,-0.00506990951253008,0.000364806231431676
-0.000487599312022096,-0.00509231030907303,0.00036504343323151
-0.000484310513291791,-0.00511483390564289,0.000365277303688403
-0.00048102215681349,-0.00513749568287116,0.000365507620329943
-0.000477734414578097,-0.00516030887917389,0.000365734034423701
-0.000474447479595677,-0.0051832830856271,0.000365956219686799
-0.000471161556949309,-0.00520642301634743,0.000366173946015447
-0.000467876861490016,-0.00522972777946469,0.000366387111271081
-0.000464593617673391,-0.00525319072367781,0.00036659561545933
-0.000461312052888255,-0.00527679992302407,0.000366799290271249
-0.000458032388951474,-0.00530053909850792,0.000366997911894868
-0.000454754835454996,-0.00532438869418097,0.000367191279587135
-0.000451479597701549,-0.00534832683328867,0.00036737911710781
-0.000448206877139722,-0.00537233012556188,0.00036756114904705
-0.000444936862333608,-0.00539637419876368,0.000367737143707943
-0.000441669735969534,-0.00542043403159761,0.000367906913195452
-0.00043840567992493,-0.00544448408280074,0.000368070310717868
-0.000435144878082135,-0.00546849840793846,0.000368227243521334
-0.000431887513406565,-0.00549245021395269,0.000368377651497364
-0.000428633764979594,-0.00551631135562625,0.000368521424581524
-0.000425383807848523,-0.00554005173830614,0.000368658398924626
-0.000422137813785477,-0.00556363890550343,0.000368788386438454
-0.000418895948400239,-0.00558703781862403,0.000368911226085536
-0.000415658366871634,-0.00561021091646895,0.000369026792683728
-0.000412425213749482,-0.00563311850781962,0.000369134993846612
-0.000409196626907491,-0.00565571936872323,0.000369235723323865
-0.000405972735516122,-0.0056779720003831,0.00036932886402663
-0.000402753658823078,-0.00569983601297848,0.000369414272434339
-0.000399539494329534,-0.00572127392329057,0.000369491853993117
-0.00039633030917455,-0.00574225350296602,0.000369561557539498
-0.000393126126291064,-0.00576275130918096,0.000369623365599865
-0.000389926919319027,-0.005782754649375,0.000369677353564403
-0.00038673264734169,-0.00580226185905385,0.000369723531214399
-0.000383543262996419,-0.00582128053980072,0.000369761897933893
-0.000380358734467405,-0.00583982522915536,0.000369792423928702
-0.00037717904124744,-0.00585791521633715,0.000369815129030086
-0.000374004178955974,-0.00587557292263498,0.000369830011811572
-0.000370834149846845,-0.00589282270062385,0.000369837013105235
-0.000367668928248997,-0.00590968987721702,0.000369836290118962
-0.000364508479959144,-0.00592620011596389,0.000369828102664845
-0.000361352771097729,-0.00594237882816904,0.000369812691322465
-0.000358201765418504,-0.00595825110257015,0.000369790255232477
-0.000355055425852405,-0.00597384160370966,0.000369760923715715
-0.000351913713864373,-0.0059891751038213,0.000369724758304919
-0.000348776579414319,-0.00600427681342364,0.000369681817715977
-0.000345643956539235,-0.00601917309857278,0.000369632200196272
-0.000342515769806482,-0.00603389198688162,0.000369576022030638
-0.000339391941445016,-0.00604846349048782,0.000369513421746348
-0.000336272397748274,-0.00606291943352784,0.000369444567802975
-0.00033315707767613,-0.00607729203068442,0.000369369632525626
-0.000330045942029064,-0.00609161154205014,0.00036928876804197
-0.000326938971285521,-0.00610590402796717,0.000369202128233969
-0.000323836152262733,-0.00612019051163377,0.000369109904447546
-0.000320737465521359,-0.00613448733325533,0.000369012302620357
-0.000317642889912656,-0.00614880713372031,0.000368909484872654
-0.000314552392696734,-0.00616315919802678,0.000368801575375955
-0.000311465935230736,-0.0061775491123314,0.000368688636179067
-0.000308383478016272,-0.00619197769643927,0.00036857070517741
-0.000305304994113762,-0.00620644041061757,0.000368447847817498
-0.000302230468992101,-0.00622092723549945,0.000368320216255026
-0.000299159897326729,-0.00623542316195543,0.000368188001355137
-0.00029609328052201,-0.00624990911316951,0.000368051359115376
-0.000293030623375677,-0.00626436286411837,0.00036791037020863
-0.000289971929502137,-0.00627876002824082,0.000367765079249482
-0.000286917197834122,-0.00629307474192992,0.000367615542399005
-0.000283866421086262,-0.00630728039879245,0.000367461887047258
-0.000280819594360222,-0.00632135005074687,0.000367304220793701
-0.00027777671704739,-0.00633525667117912,0.00036714261795524
-0.000274737796910982,-0.00634897325228097,0.000366977036628995
-0.000271702830745336,-0.00636247275578109,0.000366807605572886
-0.00026867182293613,-0.0063757279466459,0.000366634406047398
-0.000265644779614732,-0.00638871124464023,0.000366457468526401
-0.000262621705092557,-0.00640139477428226,0.000366276766753121
-0.00025960258872689,-0.00641375066297976,0.000366092373697532
-0.00025658740644511,-0.00642575145062565,0.000365904522726613
-0.000253576134969434,-0.00643737056594534,0.00036571347894105
-0.000250568752693871,-0.0064485832619185,0.000365519460515329
-0.00024756522878447,-0.00645936880556071,0.000365322574270007
-0.000244565499435625,-0.00646971403532298,0.000365122853296275
-0.000241569458118361,-0.00647961551330209,0.000364920353298316
-0.000238576967634477,-0.00648908003934862,0.000364715230625093
-0.000235587892371095,-0.00649812353957856,0.000364507649681259
-0.000232602116252108,-0.00650676936766684,0.00036429772186231
-0.000229619546391653,-0.00651504673092511,0.000364085475349731
-0.000226640097294783,-0.00652298931392411,0.000363870957003124
-0.000223663681371672,-0.00653063451826874,0.000363654243859239
-0.000220690201510356,-0.00653802280324327,0.000363435459423863
-0.000217719553918094,-0.00654519682096801,0.000363214767264077
-0.000214751633395529,-0.00655220045467327,0.000362992330664487
-0.000211786335700739,-0.00655907805520369,0.000362768255701961
-0.000208823552298355,-0.00656587410455601,0.000362542645607705
-0.000205863172032606,-0.00657263225820898,0.000362315654587179
-0.000202905097927085,-0.00657939309669572,0.000362087463847052
-0.000199949261087674,-0.00658619183126075,0.000361858211890083
-0.000196995617640559,-0.00659305754771692,0.000361627967730338
-0.00019404412775958,-0.00660001372854811,0.000361396808696761
-0.00019109474618364,-0.00660707913822522,0.000361164835127827
-0.000188147423064564,-0.0066142680677304,0.000360932140407836
-0.000185202111710514,-0.0066215905273837,0.000360698791826923
-0.000182258771964868,-0.00662905175836337,0.000360464861692628
-0.000179317370668016,-0.0066366517456954,0.000360230461325296
-0.000176377888521398,-0.00664438496229622,0.000359995689773695
-0.000173440322061284,-0.00665224027758751,0.000359760558321796
-0.00017050467788626,-0.00666020079216617,0.000359525028631308
-0.00016757096633809,-0.00666824356735296,0.000359289106897605
-0.00016463920013035,-0.00667633930445671,0.000359052891720282
-0.000161709401633748,-0.00668445240791281,0.000358816468678631
-0.000158781597490469,-0.00669254125629842,0.000358579912152019
-0.000155855820993928,-0.00670055880878273,0.000358343235566468
-0.000152932108676432,-0.00670845343510347,0.000358106427908166
-0.000150010499354539,-0.00671616983328347,0.000357869460263813
-0.000147091035908362,-0.00672365015766676,0.000357632253161671
-0.000144173759363722,-0.00673083526431534,0.000357394705738133
-0.000141258702594385,-0.00673766594204188,0.000357156758359224
-0.000138345891797656,-0.00674408413088768,0.000356918399518342
-0.000135435352517118,-0.00675003420559273,0.000356679617001913
-0.000132527108765869,-0.00675546404343981,0.000356440386648823
-0.000129621177363212,-0.00676032586064549,0.000356200692745877
-0.000126717564278147,-0.00676457750756705,0.000355960480479084
-0.000123816241694038,-0.0067681850582621,0.000355719690654192
-0.000120917133469424,-0.00677112499850511,0.000355478322610992
-0.000118020130788821,-0.00677338432547974,0.000355236417652722
-0.000115125118654586,-0.00677495909871394,0.00035499400590207
-0.000112231996613449,-0.00677585233140405,0.000354751055395693
-0.000109340673192259,-0.00677607231061555,0.000354507559379978
-0.000106451062261314,-0.00677563129436708,0.000354263594489685
-0.000103563088051703,-0.00677454488691912,0.000354019263239577
-0.000100676679239437,-0.00677283190512921,0.000353774681659707
-9.7791767891622e-05,-0.00677051448743446,0.000353529922304205
-9.4908281868843e-05,-0.00676761793989108,0.000353285022915637
-9.20261404187468e-05,-0.00676417069008927,0.000353040019262245
-8.91452518712836e-05,-0.00676020423558505,0.00035279499505576
-8.62655174685296e-05,-0.00675575302793901,0.00035255009853673
-8.33868399069376e-05,-0.00675085435442779,0.000352305500901686
-8.05091291353784e-05,-0.00674554796865101,0.000352061337048978
-7.76322986883394e-05,-0.00673987577870776,0.000351817697819566
-7.47562551116224e-05,-0.006733881220494,0.000351574722831883
-7.18809060586115e-05,-0.00672760880124438,0.000351332530604244
-6.90061601624615e-05,-0.00672110362326192,0.000351091206545935
-6.61319258991136e-05,-0.00671441098721057,0.000350850793887727
-6.32581081943893e-05,-0.00670757609372847,0.000350611326496812
-6.03846086894573e-05,-0.00670064394892248,0.000350372855884875
-5.7511331139168e-05,-0.00669365865566799,0.000350135466285662
-5.46381885030231e-05,-0.0066866614593178,0.000349899286478371
-5.17651156384448e-05,-0.00667968859951701,0.000349664456829786
-4.88920682976967e-05,-0.00667277053669413,0.000349431133009387
-4.60190129679507e-05,-0.00666593272640341,0.000349199462125564
-4.31459127321677e-05,-0.0066591970626626,0.000348969566840581
-4.02727199738496e-05,-0.00665258321210466,0.000348741519227284
-3.73993766071961e-05,-0.00664610952440421,0.000348515300296049
-3.45258202752176e-05,-0.00663979357781859,0.00034829080321045
-3.16519961767844e-05,-0.00663365177265164,0.00034806789414622
-2.87779501700471e-05,-0.00662769984374371,0.000347846411486975
-2.59038854398422e-05,-0.00662195256352149,0.000347626095986073
-2.30301013265689e-05,-0.00661642169162303,0.000347406609353279
-2.01569484387449e-05,-0.00661111500861563,0.000347187529912284
-1.72848010271896e-05,-0.0066060356548943,0.000346968326547156
-1.44140356981731e-05,-0.00660118167542034,0.000346748447919587
-1.15450218213213e-05,-0.00659654588693048,0.000346527356923561
-8.67811779221993e-06,-0.00659211601836429,0.000346304601184392
-5.81367319205271e-06,-0.00658787498714769,0.000346079791365716
-2.95203116669306e-06,-0.006583801449659,0.000345852560898042
-9.35300591839306e-08,-0.00657987023575107,0.000345622474850719
2.76150160281604e-06,-0.00657605283013247,0.000345389047518237
5.61274548530703e-06,-0.00657231789920868,0.000345151759038826
8.45989675935051e-06,-0.00656863194295086,0.000344910108392863
1.13026727599075e-05,-0.00656495996072333,0.0003446637847226
1.41408029874832e-05,-0.00656126594802964,0.00034441259723067
1.69740218189649e-05,-0.00655751322937974,0.000344156384664183
1.98020649055835e-05,-0.00655366485640706,0.000343894906885872
2.26246810792514e-05,-0.0065496839930833,0.00034362791626496
2.54416342422176e-05,-0.00654553422125992,0.000343355166668497
2.82527044734427e-05,-0.00654117991640142,0.000343076428130644
3.10576828622494e-05,-0.0065365866190582,0.000342791440489812
3.3856375968e-05,-0.00653172148127244,0.000342499948107896
3.66486102952873e-05,-0.00652655381170106,0.000342201745510007
3.94342384850189e-05,-0.00652105629759646,0.00034189670384782
4.22131469234308e-05,-0.00651520771157693,0.000341584738915446
4.49852571357504e-05,-0.00650899540391989,0.000341265768723456
4.77505139713701e-05,-0.00650241617222573,0.000340939660410487
5.05088790382602e-05,-0.00649547548231437,0.000340606292721561
5.32603167002352e-05,-0.00648818577918604,0.000340265565317434
5.60047889622185e-05,-0.00648056492283648,0.000339917419391319
5.87422543450704e-05,-0.00647263512913329,0.000339561839117504
6.14726688544631e-05,-0.006464422219502,0.000339198823642174
6.41959915866393e-05,-0.00645595516989724,0.000338828378766109
6.69121898399504e-05,-0.00644726570876332,0.000338450503556502
6.96212451101235e-05,-0.00643838787021463,0.000338065215802963
7.23231519621886e-05,-0.00642935741774764,0.000337672563171325
7.5017916151066e-05,-0.00642021121269667,0.0003372726487074
7.77055483631041e-05,-0.00641098682400039,0.0003368656076385
8.03860587435532e-05,-0.00640172211075647,0.000336451546552525
8.30594551776141e-05,-0.00639245498897132,0.000336030451434364
8.57257601344709e-05,-0.00638322327982309,0.000335602341908578
8.83850086224443e-05,-0.00637406471503737,0.000335167295592143
9.1037246260148e-05,-0.00636501702924254,0.00033472548321414
9.36825187834632e-05,-0.00635611769850261,0.000334277093584165
9.6320865046556e-05,-0.0063474024022244,0.000333822348251449
9.89523082388917e-05,-0.00633890273235308,0.000333361480885685
0.000101576855256424,-0.00633064491706094,0.000332894687271193
0.000104194506833528,-0.00632264985456012,0.000332422070462612
0.000106805271557742,-0.0063149340204707,0.000331943700795035
0.000109409174077206,-0.00630751015387643,0.000331459688362479
0.000112006247679579,-0.00630038716068931,0.000330970180291818
0.000114596523744424,-0.00629356952299672,0.000330475351307813
0.000117180023415739,-0.00628705651001406,0.000329975358863468
0.000119756760458647,-0.0062808417157213,0.00032947035787004
0.000122326743957989,-0.00627491297814033,0.000328960515697227
0.000124889982936866,-0.00626925363034193,0.000328446003526627
0.000127446491227967,-0.0062638457488001,0.000327926994411758
0.000129996292046846,-0.00625867533511317,0.000327403649535021
0.000132539421170961,-0.00625373797471125,0.000326876120746911
0.000135075926108886,-0.00624904320655435,0.000326344526478974
0.000137605862211345,-0.00624461613515638,0.000325808952492684
0.000140129284007234,-0.00624049538353231,0.000325269454738195
0.000142646237278812,-0.00623672768458724,0.000324726078743979
0.000145156747837656,-0.00623336014318483,0.000324178928531691
0.000147660816212449,-0.00623043141841483,0.000323628129128646
0.000150158416150701,-0.0062279632728138,0.000323073802812564
0.000152649492700534,-0.00622595327496912,0.000322516052285316
0.000155133962511376,-0.00622436941788166,0.000321954930806882
0.000157611733571763,-0.00622314726861333,0.000321390503005247
0.000160082715566914,-0.00622219066476227,0.000320822841506296
0.000162546835383408,-0.00622137662486932,0.000320252021228165
0.000165004044526194,-0.0062205643708415,0.000319678113610716
0.000167454322121129,-0.00621960690104421,0.000319101191277046
0.000169897668459272,-0.00621836253850781,0.000318521352056969
0.000172334082002448,-0.00621670360884982,0.00031793866683475
0.000174763548801185,-0.00621452104743378,0.000317353168214742
0.000177186047770473,-0.00621172473741009,0.000316764912722499
0.00017960155296703,-0.0062082407548387,0.000316173988863621
0.000182010047706297,-0.00620400674906794,0.00031558054503083
0.000184411524975682,-0.00619896732675689,0.00031498466567776
0.00018680601665385,-0.00619306882252011,0.000314386422515
0.000189193610568326,-0.00618625370578879,0.000313785967156167
0.000191574450925059,-0.00617845600551026,0.000313183630531107
0.000193948669247361,-0.00616959925076468,0.000312579610653281
0.000196316380125448,-0.0061595980147475,0.000311973891605873
0.000198677716522402,-0.00614836243734024,0.000311366434540537
0.000201032827787784,-0.00613580504526357,0.000310757251454027
0.000203381874945721,-0.00612184805034488,0.000310146451499377
0.000205725024608664,-0.00610643008625857,0.000309534237601375
0.000208062434667152,-0.00608951073382106,0.000308920847420681
0.000210394243733284,-0.00607107290274201,0.000308306436379344
0.000212720582387245,-0.0060511225179457,0.000307691059661873
0.00021504159376248,-0.00602968581625246,0.00030707480249391
0.00021735742949716,-0.00600680415151593,0.000306457872110916
0.00021966821912604,-0.00598252739932813,0.00030584062314235
0.000221974061004931,-0.00595690686489624,0.000305223463627165
0.000224275027817112,-0.00592998886904358,0.000304606761569755
0.000226571179439082,-0.00590181044242719,0.000303990761139364
0.000228862587137575,-0.00587239776090303,0.000303375597256943
0.000231149355137953,-0.00584176769955013,0.000302761408309119
0.00023343160505518,-0.00580993157441284,0.000302148376332836
0.000235709478671477,-0.00577690093489491,0.00030153677730448
0.00023798312608326,-0.00574269375567992,0.000300926910994799
0.000240252713645236,-0.00570734054599461,0.000300319058597095
0.000242518416645745,-0.00567088912261697,0.000299713472007288
0.000244780398831337,-0.00563340764733353,0.00029911025917319
0.000247038825576492,-0.00559498564906511,0.000298509511040691
0.000249293855466755,-0.00555573178933945,0.000297911371300035
0.000251545633330307,-0.00551576904841536,0.000297316041668242
0.000253794293114151,-0.00547522748458472,0.000296723771611489
0.00025603995754834,-0.0054342368203992,0.000296134810577243
0.000258282736129067,-0.00539291958279217,0.000295549394261047
0.000260522726046225,-0.00535138676740996,0.000294967644856451
0.000262760030630083,-0.0053097361349199,0.000294389630718658
0.00026499477553451,-0.00526805308653403,0.000293815455473624
0.000267227109115207,-0.00522641342847496,0.000293245348340229
0.000269457184066011,-0.00518488765830802,0.000292679544286674
0.00027168515270867,-0.00514354590130217,0.000292118262996566
0.000273911157390904,-0.00510246162662894,0.000291561626663175
0.000276135333152043,-0.00506171352808502,0.000291009782053696
0.000278357801426243,-0.00502138633066261,0.000290462869249768
0.000280578674169483,-0.00498157094413392,0.000289920998785628
0.000282798066604072,-0.00494236339526552,0.000289384320117033
0.000285016095774821,-0.00490386222517252,0.000288852931945447
0.000287232879916741,-0.0048661642629802,0.000288326917538305
0.000289448531177397,-0.00482935954366331,0.000287806335790793
0.000291663149841732,-0.00479352636411715,0.000287291213796049
0.000293876827434403,-0.00475872732288372,0.000286781536508502
0.000296089649214769,-0.00472500728393929,0.000286277269953156
0.000298301698444259,-0.0046923933307168,0.000285778401284319
0.000300513062855369,-0.00466089696763465,0.000285285021160803
0.000302723831009874,-0.00463051769638302,0.000284797223857999
0.000304934095657306,-0.00460124795655754,0.000284315056461411
0.000307143962008639,-0.00457307850018047,0.000283838594357141
0.00030935354393038,-0.00454600325586914,0.000283367922545574
0.000311562951931254,-0.00452002193998204,0.000282903066961325
0.000313772285785187,-0.00449513980100675,0.00028244402747578
0.000315981624607804,-0.0044713651850014,0.000281990761499407
0.000318191025165761,-0.00444870556494398,0.000281543185850966
0.000320400519978112,-0.0044271627960374,0.000281101191918836
0.000322610124168041,-0.0044067282268593,0.000280664673032671
0.000324819841946003,-0.00438737831218626,0.000280233571955224
0.000327029672023595,-0.00436907119437574,0.000279807925936035
0.000329239597172888,-0.00435174465798927,0.000279387775568196
0.000331449585538697,-0.00433531620038598,0.000278973106024595
0.000333659603812507,-0.00431968550835234,0.00027856386466974
0.000335869625985934,-0.00430473931217709,0.000278159975510846
0.000338079637509099,-0.00429035758806087,0.000277761349480977
0.000340289634364561,-0.00427641950583473,0.00027736789848627
0.000342499544080876,-0.00426281029875779,0.000276979415287671
0.000344709135884082,-0.0042494266093131,0.000276595442829983
0.000346918082313892,-0.00423617791078261,0.000276215350681111
0.000349126013961511,-0.00422298712771435,0.000275838445539965
0.000351332550049723,-0.00420979020872367,0.000275464017758586
0.000353537325978181,-0.00419653623033884,0.000275091388714564
0.000355740011685011,-0.00418318597654899,0.00027471998240573
0.000357940302425124,-0.00416970846499096,0.000274349356829161
0.00036013790179977,-0.00415607645051894,0.000273979176220231
0.000362332504509524,-0.00414226288007657,0.000273609121232552
0.000364523792361851,-0.0041282390617509,0.000273238808014235
0.000366711447948851,-0.00411397509155712,0.000272867763171657
0.000368895177864743,-0.0040994422080124,0.000272495525225856
0.000371074720647153,-0.00408461662485548,0.000272121650500507
0.000373249847048239,-0.00406948358754696,0.000271745787460301
0.000375420346637269,-0.00405404066412633,0.000271367635105068
0.000377586020565151,-0.00403829968390189,0.0002709869150611
0.000379746674860649,-0.00402228725306848,0.000270603345812105
0.000381902118814175,-0.00400604386612741,0.000270216644795842
0.000384052159631725,-0.00398962138585023,0.000269826551987133
0.000386196613423676,-0.00397307925282852,0.000269432859276867
0.000388335307246496,-0.00395648012676818,0.000269035420256366
0.000390468073818972,-0.00393988595060101,0.000268634114514675
0.000392594744523073,-0.00392335494722874,0.00026822872105892
0.000394715157920707,-0.00390693966727774,0.000267818973619381
0.000396829168416472,-0.00389068648084591,0.000267404624681916
0.000398936640248162,-0.00387463649703096,0.000266985337927261
0.000401037462487754,-0.00385882713944391,0.00026656093169126
0.000403131531712491,-0.00384329290783207,0.000266131353845963
0.000405218742388533,-0.00382806662667523,0.000265696673238125
0.00040729898034332,-0.00381318179340708,0.00026525689248001
0.000409372137200474,-0.00379867534787733,0.000264811974224152
0.000411438121608201,-0.00378458974667854,0.000264361905733674
0.000413496859217272,-0.00377097329495431,0.000263906677484031
0.000415548288603187,-0.00375787865797911,0.000263446259281677
0.000417592351138639,-0.00374535996323572,0.000262980550438135
0.000419628987492326,-0.0037334693753782,0.000262509456830388
0.000421658132909785,-0.00372225355866154,0.000262032872646892
0.000423679725806454,-0.00371175100297647,0.000261550780834327
0.000425693709867936,-0.0037019905008079,0.000261063221505046
0.000427700037642722,-0.00369299101323057,0.000260570272221229
0.000429698669636412,-0.00368476268718707,0.00026007198149134
0.000431689577238069,-0.00367730874188053,0.00025956836622282
0.000433672747129093,-0.00367062827542481,0.000259059488628713
0.000435648177400125,-0.00366471949767921,0.000258545415526813
0.000437615871995102,-0.00365958274772307,0.00025802619120767
0.00043957584114094,-0.00365522248743053,0.000257501870730865
0.000441528097152976,-0.00365164820693256,0.00025697248277533
0.000443472657000843,-0.00364887383156566,0.000256438088282013
0.000445409539131847,-0.00364691600788322,0.000255898780490349
0.000447338762279864,-0.00364579099803906,0.000255354672686679
0.000449260333699964,-0.0036455107480944,0.000254805831365229
0.000451174251915011,-0.0036460790651843,0.000254252345691757
0.000453080507620744,-0.00364748871701767,0.000253694370756802
0.000454979089186427,-0.0036497195372819,0.000253132053726171
0.000456869986120311,-0.00365273781052894,0.000252565476996831
0.000458753195434741,-0.00365649678161369,0.000251994714663595
0.000460628720586919,-0.0036609386184891,0.000251419850592193
0.000462496569600833,-0.00366599751840533,0.000250840957725058
0.000464356755944837,-0.00367160332408517,0.00025025810970005
0.000466209299913425,-0.00367768497373685,0.000249671415351566
0.000468054224903623,-0.00368417326999649,0.000249080989617146
0.000469891556401754,-0.00369100279989841,0.000248486949207674
0.000471721322155813,-0.00369811272039773,0.000247889421303112
0.000473543550580602,-0.00370544636651289,0.000247288532649915
0.00047535826882755,-0.00371295012661534,0.00024668439094618
0.000477165503899239,-0.00372057193210474,0.000246077084680869
0.000478965287694315,-0.00372825974639307,0.000245466722178198
0.000480757656590792,-0.00373596035859884,0.000244853409696451
0.000482542660175005,-0.00374362019305531,0.000244237278224161
0.00048432036786587,-0.00375118803607117,0.000243618459008957
0.000486090873721663,-0.003758617620286,0.000242997101361885
0.000487854287880862,-0.00376586925844409,0.000242373379997518
0.000489610728501719,-0.00377291074659239,0.000241747533164433
0.000491360307768721,-0.00377971802485114,0.000241119854544193
0.000493103122603664,-0.00378627603910888,0.000240490606028753
0.000494839256513522,-0.00379257949946688,0.000239859960547083
0.000496568794961869,-0.00379863352799433,0.000239228028035223
0.000498291834692752,-0.00380445339913919,0.000238594947285984
0.000500008480817201,-0.00381006324023645,0.000237960913456381
0.00050171883744318,-0.00381549387749365,0.000237326157657419
0.000503423003353135,-0.00382078013194025,0.000236690891010297
0.000505121073304548,-0.0038259582382222,0.000236055280052514
0.000506813144130508,-0.00383106363129528,0.000235419491678041
0.000508499314612832,-0.00383612941448176,0.000234783693933858
0.000510179686375518,-0.00384118567143929,0.000234148050706599
0.000511854367131014,-0.0038462595405836,0.000233512819870895
0.000513523456107516,-0.00385137472420687,0.000232878257006379
0.000515187037939553,-0.00385655090471582,0.000232244572100014
0.000516845188718804,-0.00386180444935291,0.000231611955805378
0.000518497986519862,-0.00386715048268449,0.000230980632675046
0.000520145511876783,-0.00387260548402817,0.000230350758282103
0.000521787854588758,-0.00387818911168445,0.000229722461848458
0.000523425109506976,-0.00388392513826236,0.000229095828200409
0.000525057373829968,-0.00388984087687759,0.000228470940826499
0.00052668474339239,-0.00389596566060724,0.000227847924822996
0.000528307309661677,-0.00390232850330113,0.000227226960550509
0.000529925157111571,-0.00390895615844433,0.000226608225879761
0.000531538365792216,-0.00391587139051365,0.000225991876629175
0.000533147014543786,-0.00392309188102988,0.000225378036296061
0.000534751183129128,-0.00393062989331917,0.000224766800021868
0.000536350954402852,-0.00393849266377709,0.000224158275388878
0.000537946413877425,-0.00394668353801532,0.000223552585189841
0.000539537647618739,-0.00395520363912698,0.000222949823410952
0.000541124743818259,-0.00396405375704068,0.000222350085787969
0.000542707792653682,-0.00397323617882375,0.000221753501737727
0.000544286880983756,-0.00398275604075911,0.000221160100098834
0.00054586209726977,-0.00399262213936977,0.000220569914111376
0.000547433529394518,-0.00400284686796027,0.000219982990353384
0.000549001266216257,-0.00401344529123179,0.000219399471022178
0.000550565395760395,-0.00402443375478858,0.00021881955950778
0.00055212599724394,-0.00403582788255857,0.000218243381162406
0.000553683141715497,-0.0040476400991432,0.000217670998249877
0.000555236893759103,-0.00405987704771925,0.000217102419527536
0.000556787314459141,-0.00407253764321777,0.000216537656199547
0.000558334463711495,-0.0040856120758388,0.00021597674164696
0.00055987839792492,-0.00409908189943699,0.0002154197335183
0.000561419170752016,-0.00411292115674157,0.000214866686999365
0.000562956833112538,-0.00412709799588436,0.000214317645337477
0.00056449143479086,-0.00414157636122982,0.000213772630753045
0.000566023025930981,-0.00415631778146231,0.000213231642036584
0.000567551656941784,-0.00417128301252289,0.000212694644290904
0.000569077381524239,-0.00418643330450866,0.000212161659681875
0.000570600252366998,-0.00420173096796283,0.000211632754091725
0.000572120316367801,-0.0042171393842588,0.000211107989364051
0.000573637613081555,-0.00423262236670954,0.000210587393405117
0.000575152179657011,-0.00424814325933711,0.000210070990373871
0.000576664052876065,-0.00426366389820838,0.000209558796438029
0.000578173270170093,-0.00427914380782145,0.000209050801981728
0.000579679873558548,-0.00429453979098435,0.000208547017372631
0.000581183905131884,-0.00430980607056311,0.000208047439915875
0.000582685407555223,-0.00432489533280851,0.000207552043560946
0.000584184428764775,-0.00433976168079082,0.00020706075896255
0.000585681034948617,-0.00435436496332597,0.000206573526672469
0.000587175315002954,-0.00436867441744702,0.000206090365710933
0.000588667365527458,-0.00438267005411176,0.000205611306935786
0.000590157280922442,-0.00439634248035268,0.000205136364707851
0.00059164514971831,-0.00440969173674039,0.000204665557511714
0.000593131052705931,-0.00442272610209311,0.000204198917969703
0.000594615062720452,-0.00443546065664359,0.000203736494205884
0.000596097245938683,-0.00444791587144368,0.000203278334042664
0.000597577671635489,-0.0044601159472546,0.000202824542674258
0.000599056405442401,-0.00447208709019851,0.00020237515783218
0.000600533517129552,-0.00448385619171979,0.000201930207536528
0.000602009072665989,-0.00449544979140109,0.000201489621819467
0.000603483136092261,-0.00450689381535589,0.000201053222260262
0.000604955783509479,-0.0045182130726181,0.00020062093102753
0.000606427089868039,-0.00452943034800918,0.000200192760339297
0.000607897120255181,-0.00454056471473008,0.000199768811216505
0.000609365919843977,-0.00455163035630019,0.000199349226812529
0.000610833425204419,-0.00456263847303561,0.000198934033529211
0.000612299408666666,-0.00457359983574723,0.000198522935495184
0.000613763560095562,-0.00458452576722468,0.000198115416315899
0.000615225538916698,-0.00459542928410098,0.000197710814864221
0.000616685002775087,-0.00460632529289996,0.000197308485438065
0.000618141613264857,-0.00461722991634115,0.000196907871681297
0.000619595035230904,-0.00462815963344775,0.00019650849540226
0.000621044936331406,-0.00463912985216667,0.000196109894944808
0.00062249099161475,-0.0046501539941838,0.000195711618325379
0.000623932886361603,-0.00466124256077615,0.00019531318907524
0.000625370321440181,-0.00467240283004758,0.000194914160755183
0.000626803013264019,-0.00468363896517775,0.000194514102134654
0.000628230698044029,-0.00469495278528058,0.000194112721157774
0.000629653121469377,-0.00470634471321307,0.000193709681652401
0.000631070042399519,-0.00471781498686018,0.000193304630263048
0.000632481230344559,-0.00472936477446203,0.000192897146547401
0.000633886466821398,-0.00474099714456335,0.000192486769503729
0.000635285548166093,-0.00475271787299241,0.000192073109946202
0.000636678286361471,-0.00476453542511711,0.000191655906576364
0.000638064505577157,-0.00477646064542981,0.000191235016445722
0.000639444036729521,-0.00478850535097385,0.000190810363310639
0.000640816712714342,-0.0048006805466426,0.000190381846167503
0.000642182369220396,-0.00481299458176408,0.000189949307431329
0.000643540847101435,-0.00482545175987774,0.000189512504161049
0.000644891996841447,-0.00483805148738687,0.000189071133238043
0.000646235682362104,-0.00485078802844701,0.000188624910361636
0.000647571781314627,-0.00486365052715146,0.00018817363582103
0.000648900180610848,-0.00487662337178122,0.000187717161482279
0.000650220772639568,-0.00488968683713628,0.000187255319910866
0.000651533462709047,-0.00490281826451326,0.000186788076882427
0.000652838162949684,-0.00491599324556924,0.000186315469946742
0.000654134789459847,-0.00492918676083165,0.00018583753338374
0.000655423261894662,-0.00494237383723615,0.000185354227578788
0.000656703508679276,-0.00495553009327793,0.000184865475619716
0.000657975468115288,-0.00496863165208498,0.000184371187189112
0.000659239088006306,-0.00498165509502205,0.000183871289693641
0.000660494326040796,-0.00499457694146712,0.000183365783746209
0.000661741142472932,-0.00500737308114236,0.000182854674935643
0.000662979496075952,-0.00502001805169857,0.000182337878651759
0.000664209350293509,-0.00503248473531595,0.000181815241725226
0.000665430677956833,-0.00504474448535879,0.000181286560596585
0.000666643485817814,-0.0050567675550385,0.000180751938741972
0.000667847793506877,-0.00506852463312206,0.000180211665787596
0.000669043626797453,-0.0050799902243188,0.000179666100968265
0.000670231004939122,-0.00509114610496628,0.000179115418484852
0.000671409956980838,-0.00510198302178485,0.000178559686868256
0.000672580525336303,-0.00511250057827206,0.000177998943518152
0.000673742763074977,-0.00512270617586879,0.00017743328081496
0.00067489672020078,-0.00513261364739796,0.000176862777115069
0.00067604244515768,-0.00514224192450301,0.000176287551521932
0.000677179972416658,-0.00515161389273589,0.000175707547360748
0.00067830934502009,-0.00516075542822605,0.00017512271425842
0.000679430619296096,-0.0051696945476867,0.000174533097141238
0.000680543864654102,-0.00517846042868819,0.000173938905738113
0.000681649152593173,-0.00518708237634163,0.000173340424863422
0.000682746549426387,-0.00519558818263952,0.000172737950070231
0.000683836106578249,-0.00520400158112717,0.00017213164717973
0.000684917870354901,-0.00521234044941479,0.000171521637103079
0.000685991888899778,-0.00522061665340971,0.000170908051134221
0.00068705821392656,-0.00522883743948379,0.000170290976156889
0.000688116906124904,-0.00523700742466095,0.00016967048117017
0.000689168035570891,-0.00524513043360828,0.000169046618105366
0.000690211682193472,-0.00525321052296366,0.000168419509363147
0.000691247930656067,-0.00526125254725591,0.000167789350360913
0.000692276864096131,-0.00526926214479199,0.000167156361763144
0.000693298561129711,-0.00527724560191502,0.000166520733158473
0.00069431310039482,-0.00528520916734768,0.000165882674754491
0.000695320558765308,-0.00529315837397005,0.000165242363132098
0.000696321015090558,-0.00530109739151116,0.000164599959072939
0.000697314549839872,-0.00530902878088707,0.000163955588003335
0.000698301249070946,-0.00531695327879229,0.000163309434880687
0.000699281197704467,-0.00532486952907592,0.000162661664266144
0.000700254479793299,-0.00533277368451371,0.00016201240072789
0.000701221181045684,-0.00534065963172343,0.00016136179120824
0.000702181389556697,-0.00534851952642216,0.000160710046337077
0.000703135191418026,-0.00535634454347438,0.00016005738917056
0.00070408267118408,-0.00536412563134671,0.000159404034161492
0.000705023912683607,-0.00537185412400876,0.000158750161816482
0.000705959001168648,-0.00537952224701724,0.000158095915578396
0.000706888024256805,-0.00538712316031154,0.00015744141154982
0.000707811071986803,-0.00539465057400182,0.000156786792765917
0.000708728233925042,-0.00540209828305687,0.000156132203418706
0.00070963960126746,-0.00540945977264035,0.000155477807554075
0.000710545264132421,-0.00541672768864085,0.000154823785338616
0.000711445309474917,-0.00542389351799304,0.000154170302996304
0.000712339820250928,-0.00543094718793277,0.000153517454634249
0.000713228880855277,-0.00543787737925045,0.000152865264499846
0.000714112582221404,-0.00544467174972214,0.000152213779323286
0.000714991019209806,-0.00545131736099502,0.000151563107112375
0.000715864287476602,-0.00545780161002086,0.000150913394680212
0.00071673248370252,-0.00546411461897713,0.000150264789582621
0.0007175957098997,-0.00547025281263803,0.000149617428912841
0.000718454078695087,-0.00547622108063463,0.000148971474054164
0.0007193077074243,-0.00548203301149793,0.000148327090958984
0.000720156711970713,-0.00548770960318409,0.000147684447176491
0.000721001201093954,-0.0054932772399795,0.000147043696165851
0.00072184127452828,-0.00549876458305963,0.000146404977395641
0.000722677022827657,-0.00550419893602271,0.000145768431854522
0.00072350852885728,-0.00550960332901875,0.000145134210729675
0.00072433587005328,-0.00551499555013362,0.000144502416425951
0.000725159127657991,-0.00552038871706269,0.000143873127494952
0.000725978388889246,-0.0055257920866065,0.000143246415497768
0.000726793747042357,-0.00553121174689559,0.000142622393101941
0.000727605294698508,-0.0055366506998843,0.000142001193573298
0.000728413120624157,-0.00554210886818216,0.000141382950713339
0.000729217311132421,-0.00554758304309238,0.000140767853616945
0.000730017940753748,-0.00555306724275399,0.000140155912616893
0.00073081508181141,-0.00555855334484833,0.000139547048820253
0.000731608808861568,-0.00556403158621751,0.000138941159741224
0.000732399204016359,-0.00556949085039563,0.00013833828533674
0.000733186349821021,-0.00557491851912365,0.000137738551218669
0.000733970326727577,-0.00558030026797498,0.000137142127521335
0.000734751212827245,-0.00558561972072647,0.000136549220596486
0.000735529081581594,-0.00559085837760673,0.000135960018986654
0.00073630400283751,-0.00559599544527748,0.000135374683926993
0.000737076037677997,-0.00560100779688695,0.000134793220100081
0.000737845247095144,-0.00560587022866131,0.000134215528790711
0.000738611695348618,-0.00561055612424802,0.00013364144240244
0.000739375458758109,-0.00561503830481331,0.000133070916150045
0.000740136622313083,-0.00561928968511781,0.000132504116974858
0.000740895260584559,-0.00562328452034264,0.000131941192512025
0.000741651442456944,-0.00562700184617827,0.000131382204607511
0.000742405236699486,-0.00563042865046974,0.000130827061464016
0.000743156727438617,-0.00563356100644515,0.000130275718366949
0.000743906005276124,-0.00563640360620355,0.000129728160129953
0.000744653165318685,-0.00563896827775469,0.000129184497900406
0.000745398296596908,-0.00564127214110103,0.000128644908357677
0.000746141479993491,-0.00564333615524337,0.000128109607156169
0.000746882781481841,-0.00564518403502943,0.000127578662341331
0.000747622262477973,-0.00564684088134549,0.000127052032620426
0.00074835998337392,-0.00564833056150365,0.000126529623949807
0.000749096005742977,-0.00564967334997051,0.000126011350991748
0.000749830393091108,-0.005650884960472,0.000125497211327357
0.000750563208911024,-0.00565197693130034,0.000124987291639543
0.00075129451414516,-0.00565295790623929,0.000124481720073597
0.000752024365345609,-0.00565383491450549,0.000123980579189613
0.000752752815691638,-0.0056546145278762,0.000123483822399721
0.000753479922448847,-0.00565530348306275,0.000122991372547599
0.000754205746172261,-0.00565590895074406,0.000122503183292228
0.000754930347207542,-0.00565643849556836,0.000122019276056193
0.000755653781027872,-0.00565689984525636,0.000121539673004263
0.000756376100239495,-0.00565730071295901,0.000121064388210442
0.00075709735648318,-0.00565764842488401,0.000120593448593481
0.000757817599460176,-0.00565794969564511,0.00012012690341362
0.000758536878235103,-0.00565821034529815,0.000119664802351898
0.00075925524193677,-0.00565843522429718,0.000119207185229901
0.000759972737725045,-0.00565862813528543,0.000118754031866323
0.000760689411266453,-0.0056587920371159,0.000118305290534544
0.000761405308015152,-0.00565892919428591,0.000117860917339345
0.000762120464948214,-0.00565904085164243,0.000117420891402726
0.000762834821720851,-0.00565912839506527,0.000116985067623171
0.000763548183711799,-0.00565919419914908,0.000116553097635744
0.000764260281681245,-0.00565924077714088,0.000116124476818785
0.000764970815248308,-0.00565927028035747,0.000115698659260708
0.000765679474791641,-0.00565928420331066,0.000115275120916154
0.000766385953354592,-0.00565928310116449,0.000114853388646995
0.000767089952459495,-0.0056592665542001,0.000114433063593603
0.000767791183002262,-0.00565923301694731,0.000114013842746133
0.000768489358675876,-0.00565917964641817,0.000113595315144276
0.000769184202653446,-0.00565910207322212,0.000113176992045346
0.000769875450842212,-0.00565899415856491,0.000112758353147858
0.000770562857387542,-0.00565884791893931,0.000112338991762236
0.000771246188541158,-0.00565865366137373,0.0001119185602054
0.000771925221736795,-0.00565840027706756,0.000111496754077064
0.00077259974643297,-0.00565807565155002,0.000111073306780744
0.000773269558973147,-0.00565766711316477,0.000110647992334856
0.000773934460568609,-0.00565716197460776,0.000110220583490323
0.000774594265340237,-0.00565654800863803,0.000109790833018123
0.000775248802461156,-0.00565581371957756,0.000109358505764451
0.000775897912875637,-0.00565494904663555,0.000108923379847176
0.000776541448819266,-0.00565394734166237,0.000108485229660811
0.000777179280063953,-0.00565280804914012,0.000108043863801497
0.000777811286383352,-0.00565153796401515,0.00010759912432171
0.000778437357432942,-0.00565015072110685,0.000107150892359345
0.000779057384040537,-0.00564866496920415,0.000106699088066203
0.000779671258975089,-0.00564710164312765,0.000106243616889868
0.000780278873813813,-0.00564548059946721,0.000105784373534018
0.000780880122500613,-0.00564381794678058,0.000105321190694107
0.000781474907774109,-0.00564212513908397,0.000104853891047213
0.000782063141421289,-0.00564040973857791,0.000104382289695082
0.000782644746775994,-0.00563867688231748,0.000103906243320973
0.00078321965793212,-0.00563693069039687,0.000103425662267331
0.000783787823252776,-0.00563517504295888,0.000102940509997986
0.000784349196405969,-0.00563341379992172,0.000102450814882761
0.000784903733371284,-0.00563165065652904,0.000101956616994417
0.000785451389586956,-0.00562988895382897,0.000101457955633067
0.000785992123660425,-0.0056281314802713,0.000100954834046361
0.000786525898437191,-0.00562637992650952,0.000100447212301498
0.000787052683900063,-0.0056246341777952,9.99350339910082e-05
0.000787572458908557,-0.00562289179105461,9.9418241512978e-05
0.000788085211155631,-0.00562114779119635,9.88968226535566e-05
0.000788590933602962,-0.00561939479108877,9.83708154032088e-05
0.000789089622070809,-0.00561762331622301,9.78403031009861e-05
0.000789581274038894,-0.00561582247152053,9.73053986484662e-05
0.000790065889048705,-0.00561398023744132,9.67661991169526e-05
0.000790543470262681,-0.005612083876167,9.62227729732311e-05
0.000791014027113993,-0.00561012028460853,9.56751741055602e-05
0.00079147757665317,-0.00560807651514043,9.51234611949462e-05
0.000791934141537606,-0.00560594009789463,9.45676947287253e-05
0.000792383746682118,-0.00560369957530394,9.40079347599519e-05
0.000792826418702426,-0.00560134624655878,9.34442159699104e-05
0.00079326219483464,-0.00559887698248529,9.28765616978016e-05
0.000793691121110289,-0.00559629592819261,9.23050596850839e-05
0.000794113242816543,-0.00559361399734839,9.17297617673553e-05
0.000794528613183018,-0.00559084597840035,9.11509641945926e-05
0.000794937273543176,-0.00558800641222811,9.05688741995455e-05
0.000795339263130058,-0.00558510701452386,8.99837243110254e-05
0.000795734618830487,-0.00558215592081378,8.93956767116389e-05
0.000796123387187609,-0.00557915846561817,8.88049928652647e-05
0.000796505611241265,-0.00557611846891862,8.82117826304901e-05
0.00079688133784045,-0.00557303934713469,8.76160630353092e-05
0.000797250619443857,-0.00556992480169906,8.70177518580035e-05
0.000797613522979204,-0.00556677900404051,8.6416922695393e-05
0.00079797012128094,-0.00556360649981114,8.58137382407939e-05
0.000798320483718478,-0.0055604121887118,8.52084169059981e-05
0.000798664672662241,-0.00555720112327019,8.46011771317112e-05
0.00079900274408478,-0.0055539784675719,8.39921702139184e-05
0.000799334757319403,-0.00555074913645963,8.33815198435004e-05
0.000799660778114064,-0.00554751771847568,8.27693372866311e-05
0.000799980878506107,-0.00554428832536172,8.21557813486923e-05
0.000800295132009846,-0.00554106461004548,8.15410403889776e-05
0.000800603611276736,-0.00553784963852865,8.09253022577272e-05
0.000800906388042953,-0.00553464587138661,8.03087573171546e-05
0.000801203534833594,-0.00553145511347613,7.96915546569731e-05
0.000801495126307714,-0.00552827860550613,7.90738160496707e-05
0.000801781239820239,-0.00552511698496118,7.84556872575357e-05
0.000802061952262482,-0.00552197005363936,7.78373377972276e-05
0.000802337336249177,-0.00551883650414065,7.72189471650393e-05
0.000802607463187439,-0.00551571379967932,7.66006530434261e-05
0.000802872407284703,-0.00551259831185877,7.59825902125128e-05
0.000803132247136995,-0.00550948567453285,7.53648881874921e-05
0.000803387065840367,-0.00550637080333736,7.47476867425088e-05
0.000803636942455654,-0.0055032479207273,7.41310820653372e-05
0.000803881951510249,-0.00550011040936588,7.35150981165319e-05
0.000804122169919468,-0.00549695079336949,7.28998633757261e-05
0.000804357679427238,-0.0054937606606502,7.22855692321044e-05
0.000804588562198053,-0.00549053069130509,7.16724326105105e-05
0.00080481489118959,-0.00548725096094437,7.10604412686874e-05
0.000805036746773045,-0.00548391138697191,7.04496516897962e-05
0.000805254214803154,-0.00548050342487081,6.98402063121497e-05
0.000805467382889134,-0.0054770231678348,6.9232364907153e-05
0.00080567633117424,-0.00547347365310176,6.86262328063441e-05
0.000805881141108508,-0.00546986481283881,6.80219006156364e-05
0.00080608189683279,-0.00546621033468091,6.74195477973232e-05
0.00080627867365103,-0.00546252372694188,6.68192459816623e-05
0.000806471544727396,-0.00545881593335578,6.62209887454943e-05
0.000806660581724726,-0.00545509475211393,6.56246760002909e-05
0.000806845863340546,-0.00545136554419478,6.50303934658209e-05
0.000807027470085968,-0.00544763225065525,6.44383362992242e-05
0.000807205479930037,-0.00544389831542323,6.38487089496867e-05
0.000807379973128975,-0.0054401667264082,6.32617189424535e-05
0.000807551029044678,-0.00543643977964286,6.26775779774923e-05
0.000807718722756192,-0.00543271887605959,6.20964545939495e-05
0.000807883124904406,-0.00542900457528273,6.15184491219363e-05
0.000808044306080211,-0.00542529669816307,6.0943619088132e-05
0.00080820233850209,-0.00542159445430283,6.03720334068823e-05
0.000808357294770994,-0.00541789678605639,5.98037649257779e-05
0.000808509245383937,-0.00541420266927822,5.92388774170843e-05
0.000808658260250436,-0.00541051116726121,5.86773763000142e-05
0.00080880440989323,-0.00540682156397502,5.81192085256341e-05
0.000808947766864104,-0.00540313332875283,5.75643413946474e-05
0.00080908840336497,-0.00539944625276003,5.70127850935896e-05
0.000809226390124125,-0.0053957602747411,5.64646088481325e-05
0.000809361795568756,-0.00539207532093972,5.59198965036909e-05
0.000809494689329433,-0.00538839125480763,5.53787759093473e-05
0.00080962513937944,-0.00538470782975576,5.48413781183735e-05
0.000809753210528857,-0.00538102449090046,5.43077973899447e-05
0.000809878967919105,-0.00537734030246072,5.37781571150735e-05
0.000810002473911122,-0.00537365394850633,5.32525523490463e-05
0.000810123792142343,-0.00536996415863873,5.27310937693686e-05
0.000810242984567833,-0.00536626976338062,5.22138740974271e-05
0.00081036010672026,-0.00536256972614288,5.17008546492764e-05
0.000810475215614021,-0.00535886323558956,5.11919054177278e-05
0.000810588367821611,-0.00535515003612346,5.0686787832127e-05
0.000810699628866668,-0.00535143064061138,5.01854254950274e-05
0.000810809061064887,-0.00534770587733099,4.96878532231546e-05
0.000810916725476058,-0.0053439767334621,4.91941723213444e-05
0.00081102268248265,-0.00534024434878164,4.870456166116e-05
0.000811126990463863,-0.00533651020901097,4.82192478677024e-05
0.000811229697085947,-0.00533277585825322,4.77383188594656e-05
0.00081133084930656,-0.00532904259263076,4.72617509426828e-05
0.000811430496970411,-0.00532531136537244,4.67894546912888e-05
0.000811528693751468,-0.00532158296984758,4.63213325910807e-05
0.000811625495156195,-0.00531785800776208,4.58573320163024e-05
0.00081172095661715,-0.00531413693147077,4.53974622437291e-05
0.000811815131455314,-0.00531042015770611,4.49418375064762e-05
0.000811908065845795,-0.0053067083410361,4.44905553676199e-05
0.000811999802984603,-0.00530300239486556,4.40436519687195e-05
0.000812090386135548,-0.00529930340498702,4.36011155918808e-05
0.00081217986016678,-0.00529561247642985,4.31629211863991e-05
0.000812268270045227,-0.00529193102567832,4.27290229570507e-05
0.000812355663734655,-0.00528826068739202,4.22993930207773e-05
0.000812442088201846,-0.00528460330779397,4.18740381268014e-05
0.000812527586674438,-0.00528096068967795,4.14529889359341e-05
0.000812612195691117,-0.00527733450208884,4.10362086959271e-05
0.00081269595375323,-0.00527372618940351,4.06236213705294e-05
0.000812778901198862,-0.00527013683468368,4.0215128912479e-05
0.000812861079444828,-0.00526656711992767,3.98106610214138e-05
0.000812942528241331,-0.00526301735418804,3.94101727299313e-05
0.000813023280082104,-0.0052594877873764,3.90136396126147e-05
0.000813103302470456,-0.00525597839556655,3.86209577899161e-05
0.000813182477225651,-0.00525248868721618,3.82319620296331e-05
0.000813260640104135,-0.00524901768281133,3.78464721460512e-05
0.000813337605821184,-0.00524556357332901,3.74642519848128e-05
0.000813413181797178,-0.0052421234978971,3.70849902521849e-05
0.000813487176038565,-0.00523869346145532,3.67083367389863e-05
0.000813559401807986,-0.00523526854299866,3.63339957093552e-05
0.000813629675835813,-0.0052318431656948,3.59616892178906e-05
0.000813697818367918,-0.00522841219030475,3.55911157030074e-05
0.000813763661368906,-0.00522497310131339,3.52219897845775e-05
0.000813827046257976,-0.00522152688762648,3.48540445026783e-05
0.000813887822479729,-0.0052180765783669,3.44870650600181e-05
0.000813945844132145,-0.00521462522705361,3.41207988416371e-05
0.00081400096917216,-0.00521117451151078,3.37549686276366e-05
0.000814053062943539,-0.00520772442798531,3.33892889828943e-05
0.00081410199607895,-0.00520427383093596,3.30235093046886e-05
0.000814147649451028,-0.0052008209515978,3.2657433461517e-05
0.000814189910365488,-0.0051973639331041,3.22908933804156e-05
0.000814228671124819,-0.00519390105842181,3.19237348696892e-05
0.000814263831670227,-0.00519043084801155,3.15558523853546e-05
0.000814295301620139,-0.00518695194922183,3.11872286856904e-05
0.000814322990287913,-0.00518346308621096,3.0817734649427e-05
0.000814346811161822,-0.0051799629650576,3.04472347053954e-05
0.000814366682875191,-0.00517645010036646,3.00755939926363e-05
0.000814382532359769,-0.00517292277326107,2.97027400174573e-05
0.000814394290915299,-0.0051693790014467,2.93285594923463e-05
0.000814401891999582,-0.0051658168322026,2.89527810550108e-05
0.000814405283417355,-0.00516223419421962,2.85752749819705e-05
0.000814404420090509,-0.00515862872654886,2.81960530065987e-05
0.000814399258366267,-0.00515499781675659,2.78152846597298e-05
0.000814389746914199,-0.00515133889398537,2.74329816483478e-05
0.000814375835922396,-0.00514764960905124,2.70490203772716e-05
0.000814357486143583,-0.00514392772822828,2.6663264145917e-05
0.000814334667919516,-0.00514017117757602,2.62756078748853e-05
0.000814307359265366,-0.00513637812927722,2.58860192633085e-05
0.000814275540913415,-0.0051325471134228,2.54945189405902e-05
0.000814239192619313,-0.00512867705555002,2.51011069943136e-05
0.000814198293463667,-0.0051247671930572,2.47057388863518e-05
0.000814152826648998,-0.00512081694033469,2.43083834819587e-05
0.000814102783181889,-0.00511682574145557,2.39090632594232e-05
0.000814048157749865,-0.00511279308081084,2.35077865748387e-05
0.000813988950649706,-0.00510871858118314,2.31045822383526e-05
0.000813925161366698,-0.00510460194057062,2.26994594370669e-05
0.000813856792809031,-0.00510044281929935,2.22924932896742e-05
0.00081378384605495,-0.00509624083469478,2.1883698340584e-05
0.000813706325963722,-0.00509199564649363,2.14730604777655e-05
0.000813624242207349,-0.00508770703219954,2.10605849159437e-05
0.000813537608514609,-0.00508337496535185,2.06463125738354e-05
0.000813446440135217,-0.00507899960513122,2.02302813676318e-05
0.000813350754939355,-0.00507458142519885,1.98125454319092e-05
0.000813250572382551,-0.00507012134794201,1.93931667078914e-05
0.000813145913635083,-0.0050656206249679,1.89722263216272e-05
0.000813036802611075,-0.00506108070356919,1.85498194729189e-05
0.000812923267569913,-0.00505650305688301,1.81260969987334e-05
0.000812805336825866,-0.00505188916712466,1.77011827854832e-05
0.000812683038281043,-0.00504724063836162,1.72751441426956e-05
0.000812556399367974,-0.00504255899305953,1.68479906062432e-05
0.000812425449707762,-0.00503784556012982,1.64197189613666e-05
0.000812290221089809,-0.00503310137351407,1.59903387834606e-05
0.000812150749503917,-0.00502832732804389,1.55598738798557e-05
0.000812007072143119,-0.00502352427221103,1.51283407458223e-05
0.000811859227446416,-0.00501869305987334,1.46957670240724e-05
0.000811707255430933,-0.0050138345936842,1.42622092632783e-05
0.000811551197669554,-0.00500894987418308,1.38277737177426e-05
0.000811391095938102,-0.00500404004182052,1.33926174739857e-05
0.000811226998880484,-0.0049991063914979,1.29569173527692e-05
0.000811058951788698,-0.00499415028567596,1.25208193797131e-05
0.000810886997516326,-0.00498917313543152,1.20844447033075e-05
0.000810711173288662,-0.00498417627228958,1.1647883068769e-05
0.000810531518078049,-0.00497916088280225,1.12111449598331e-05
0.000810348073733252,-0.0049741279522995,1.07741382132326e-05
0.000810160888161334,-0.0049690782841685,1.03367775470413e-05
0.000809970016815863,-0.00496401243860376,9.8991390211221e-06
0.000809775515051934,-0.00495893071780208,9.46137578128047e-06
0.000809577435950293,-0.00495383326809164,9.02368723740037e-06
0.000809375826766632,-0.00494872014045078,8.58621751032173e-06
0.000809170735987748,-0.00494359130560767,8.14913403267064e-06
0.00080896220891557,-0.00493844662875957,7.71251726868317e-06
0.000808750297121586,-0.00493328591837535,7.27646465694395e-06
0.000808535051971276,-0.00492810907770744,6.84103161303985e-06
0.000808316527704854,-0.00492291621376161,6.4063414327226e-06
0.000808094775223539,-0.00491770756385047,5.97255048247176e-06
0.000807869843960097,-0.00491248333877854,5.53981107518005e-06
0.000807641781891272,-0.00490724367289958,5.10818043801119e-06
0.000807410641035815,-0.0049019886731579,4.67768083348388e-06
0.000807176474929604,-0.0048967184246342,4.24833988128581e-06
0.000806939336482929,-0.00489143282878262,3.82022167338769e-06
0.000806699275725417,-0.00488613158921076,3.39338027823815e-06
0.000806456342845828,-0.00488081423841205,2.9678648819025e-06
0.000806210589436531,-0.00487548025407599,2.54372145415161e-06
0.000805962069485591,-0.00487012904199196,2.12101928596473e-06
0.000805710836327785,-0.00486476005257348,1.69985070950591e-06
0.000805456944714196,-0.00485937281177142,1.28034495787078e-06
0.000805200446068626,-0.00485396698619253,8.62608837212087e-07
0.000804941389636506,-0.00484854242563151,4.46702202977068e-07
0.000804679821650481,-0.00484309918064207,3.2622844437476e-08
0.000804415791661977,-0.00483763749803067,-3.79612155442566e-07
0.000804149350595865,-0.00483215771540272,-7.89949803905027e-07
0.000803880550265345,-0.00482666023748119,-1.19831990341442e-06
0.000803609441966447,-0.00482114547870918,-1.60466151024352e-06
0.000803336074794838,-0.00481561385357557,-2.00893086189868e-06
0.000803060498571139,-0.00481006579708415,-2.41105086257721e-06
0.000802782763101373,-0.00480450172808994,-2.81089505922438e-06
0.000802502916427401,-0.00479892211514559,-3.20834464685685e-06
0.000802221005396147,-0.00479332741429326,-3.60330221419662e-06
0.000801937076570559,-0.00478771820619601,-3.99572416283488e-06
0.000801651179603691,-0.00478209515176864,-4.38549907208471e-06
0.000801363357047436,-0.00477645908872274,-4.77261013996181e-06
0.000801073653702778,-0.00477081094466092,-5.1570788337029e-06
0.000800782115133919,-0.00476515154565734,-5.53893130809588e-06
0.000800488788434308,-0.00475948171872484,-5.91818077804955e-06
0.000800193716142384,-0.00475380225770139,-6.29485632824738e-06
0.000799896942842108,-0.00474811444112516,-6.66898155628487e-06
0.000799598516469823,-0.00474241983478537,-7.04049060056338e-06
0.000799298485323552,-0.00473672027554439,-7.40925575850965e-06
0.000798996895662977,-0.00473101755856109,-7.77509866977368e-06
0.000798693785454097,-0.00472531363714942,-8.13794384069608e-06
0.000798389189481164,-0.00471961038773824,-8.4977974902305e-06
0.000798083142995205,-0.00471390961753341,-8.8547560070825e-06
0.000797775686163008,-0.00470821282112271,-9.20893410811097e-06
0.000797466864298868,-0.0047025213771451,-9.56040549768939e-06
0.000797156721490639,-0.00469683651419345,-9.90923163919466e-06
0.000796845300832131,-0.00469115946515346,-1.02554182338553e-05
0.000796532643193348,-0.00468549159915269,-1.05988848930088e-05
0.000796218786393689,-0.00467983449562697,-1.09394992700575e-05
0.000795903764837069,-0.00467418996679927,-1.12771425434075e-05
0.000795587612425535,-0.00466855987514273,-1.16117573579237e-05
0.000795270364283655,-0.00466294618524614,-1.19433296688487e-05
0.000794952055638047,-0.00465735088092227,-1.22718609858768e-05
0.000794632721307979,-0.00465177593451721,-1.25973432070292e-05
0.000794312395072702,-0.00464622319198053,-1.29197682420253e-05
0.00079399110941521,-0.00464069422030913,-1.32391679689973e-05
0.000793668893867592,-0.00463519010720393,-1.3555695767924e-05
0.000793345783492046,-0.0046297117189566,-1.38694163545262e-05
0.000793021815633151,-0.00462426018386263,-1.41803447015732e-05
0.000792697029605972,-0.00461883678860466,-1.44883839699497e-05
0.000792371463029383,-0.00461344280205069,-1.47933624915789e-05
0.000792045148282802,-0.00460807916194988,-1.50950357800791e-05
0.000791718107732138,-0.00460274675031391,-1.53933439519199e-05
0.000791390357526171,-0.00459744663278539,-1.56884388575545e-05
0.000791061917763487,-0.00459218007060807,-1.59805758385981e-05
0.000790732819525899,-0.00458694829119765,-1.62698518251144e-05
0.00079040310065266,-0.00458175234689,-1.65562515599638e-05
0.000790072794053166,-0.00457659313252426,-1.68397407204846e-05
0.00078974192666074,-0.00457147143424813,-1.7120279841554e-05
0.000789410519966788,-0.00456638795723558,-1.73978281422242e-05
0.000789078597317911,-0.00456134417184974,-1.76723872003445e-05
0.000788746183267284,-0.00455634408180882,-1.79439952389579e-05
0.000788413294056593,-0.00455139696235993,-1.82128113121838e-05
0.000788079952639669,-0.00454651996764182,-1.84789923700513e-05
0.000787746165300389,-0.00454173954818738,-1.87425049797824e-05
0.00078741190901292,-0.00453709047257807,-1.90032969100243e-05
0.000787077141888798,-0.00453261293606317,-1.92613006430023e-05
0.000786741810689803,-0.00452834758226439,-1.95166500649968e-05
0.000786405868238857,-0.00452432997563867,-1.97694884713689e-05
0.000786069272086079,-0.00452058574566794,-2.00199758956625e-05
0.000785731984573612,-0.00451712781678964,-2.02682432553413e-05
0.000785393970511225,-0.00451395643515792,-2.05143521399552e-05
0.000785055195380256,-0.00451106152886757,-2.07582630683707e-05
0.00078471561949745,-0.00450842710691747,-2.09999223101741e-05
0.000784375197240674,-0.00450603588662728,-2.12394069540121e-05
0.000784033881392519,-0.00450387299151202,-2.14769158062668e-05
0.000783691630340426,-0.0045019278319245,-2.17126593382074e-05
0.000783348411870582,-0.00450019372210838,-2.19468057232931e-05
0.000783004204786706,-0.00449866554898547,-2.21793433831368e-05
0.000782658984801559,-0.00449733571752746,-2.2410317452478e-05
0.000782312726124001,-0.00449618966314583,-2.26398552010632e-05
0.000781965404050455,-0.00449520237402966,-2.28681776399617e-05
0.000781617002758634,-0.00449433679540997,-2.30954464693595e-05
0.000781267512693578,-0.00449354493050921,-2.33217049035684e-05
0.000780916928175758,-0.00449277109561646,-2.35468515446008e-05
0.000780565237119032,-0.00449195689504496,-2.37707655790804e-05
0.000780212416818407,-0.00449104670432967,-2.39934301883426e-05
0.000779858436684266,-0.00448999311177589,-2.42150056219451e-05
0.000779503273589451,-0.00448876201241236,-2.44356181187881e-05
0.00077914691137804,-0.00448733510343242,-2.46552690932342e-05
0.000778789332777208,-0.0044857081607127,-2.48739541056957e-05
0.000778430517531664,-0.00448388626722329,-2.50917054869814e-05
0.000778070446906911,-0.00448187777451677,-2.5308611195893e-05
0.000777709108542355,-0.00447968862191112,-2.55247106724016e-05
0.000777346490354651,-0.00447731779688029,-2.57400810544285e-05
0.000776982584942181,-0.00447475579521265,-2.59549000855339e-05
0.00077661739518693,-0.0044719871597295,-2.61692877936949e-05
0.000776250924118504,-0.00446899513873901,-2.63832792701121e-05
0.000775883164859178,-0.00446576696699557,-2.65968456407497e-05
0.000775514106527096,-0.00446229780651244,-2.68098900436253e-05
0.000775143740271376,-0.00445859256456718,-2.70222975550644e-05
0.000774772057801354,-0.00445466503746264,-2.72340314049394e-05
0.000774399054868972,-0.00445053498653413,-2.74451429589458e-05
0.000774024731356802,-0.00444622400975571,-2.76556964709076e-05
0.000773649091604395,-0.00444175159236101,-2.78657229849046e-05
0.000773272143871898,-0.0044371320550987,-2.8075232707316e-05
0.00077289389671455,-0.00443237373033576,-2.82842356098407e-05
0.000772514356144495,-0.00442748009566276,-2.84927347604694e-05
0.000772133526834388,-0.00442245273898052,-2.87007227595332e-05
0.000771751413439696,-0.0044172949151081,-2.89081732481791e-05
0.000771368018379744,-0.00441201491706477,-2.91150288419488e-05
0.000770983337709254,-0.00440662827862142,-2.93212258033103e-05
0.000770597366155872,-0.00440115819334539,-2.95267753244228e-05
0.000770210108217089,-0.00439563433667482,-2.97317338557367e-05
0.000769821577088681,-0.00439009002699528,-2.99361596102992e-05
0.000769431786533743,-0.00438455838304008,-3.01400873624845e-05
0.000769040748324208,-0.00437906848505177,-3.03435314073932e-05
0.000768648472646803,-0.00437364292269408,-3.05464769755759e-05
0.000768254971888467,-0.00436829698016253,-3.07489119997241e-05
0.000767860260195303,-0.00436303975490493,-3.09508165355632e-05
0.000767464350951444,-0.00435787674126708,-3.11521836195268e-05
0.000767067253451999,-0.0043528133495925,-3.1352992266512e-05
0.000766668973241095,-0.00434785798434897,-3.15532324268961e-05
0.000766269515809637,-0.00434302377049617,-3.17529000531414e-05
0.000765868890059041,-0.00433832869467679,-3.19519969721257e-05
0.000765467108432282,-0.00433379395944103,-3.21505339102008e-05
0.000765064185621922,-0.00432944134384423,-3.23485232302918e-05
0.000764660137644102,-0.00432528972828704,-3.2545964371296e-05
0.000764254982113039,-0.00432135214347897,-3.27428020464203e-05
0.000763848736255123,-0.00431763384929342,-3.29389287490896e-05
0.000763441412511643,-0.00431413235419355,-3.31343114692428e-05
0.000763033022903443,-0.00431083923220984,-3.33289981454953e-05
0.000762623582380391,-0.00430774272278773,-3.35230421650318e-05
0.000762213106752027,-0.00430483093245874,-3.37164161992497e-05
0.000761801610447874,-0.00430209461256703,-3.39090455545282e-05
0.000761389103353377,-0.00429952881571049,-3.41008768236668e-05
0.000760975595030324,-0.00429713288944321,-3.42918916559091e-05
0.000760561096838557,-0.00429490890831898,-3.4482105501749e-05
0.000760145627677548,-0.00429285912682113,-3.46715243430436e-05
0.000759729208064029,-0.00429098308269235,-3.4860118539178e-05
0.000759311855724388,-0.00428927538686138,-3.50478310726192e-05
0.000758893587934672,-0.0042877245476941,-3.5234579444896e-05
0.000758474422109964,-0.0042863134207646,-3.54202280241376e-05
0.00075805436964727,-0.00428502102080661,-3.56047825092388e-05
0.000757633439644016,-0.00428382543048636,-3.57883781164297e-05
0.000757211641440049,-0.00428270674433531,-3.59711889456162e-05
0.000756788989859527,-0.0042816494702965,-3.61532650909199e-05
0.000756365502268843,-0.00428064366802382,-3.63345872978347e-05
0.000755941196368717,-0.00427968490371653,-3.65151187538413e-05
0.000755516089183215,-0.00427877259201716,-3.66948344121704e-05
0.000755090201443045,-0.00427790745094356,-3.68735862351763e-05
0.000754663550579602,-0.00427708879462823,-3.70512211400528e-05
0.000754236149779902,-0.00427631255671254,-3.72276256867656e-05
0.000753808007768141,-0.00427557059800747,-3.74028143836588e-05
0.000753379136499708,-0.00427485129995668,-3.75768514724501e-05
0.000752949550729055,-0.00427414139777759,-3.77497995080154e-05
0.000752519265013089,-0.00427342848599477,-3.79216984443338e-05
0.000752088297220992,-0.00427270356260373,-3.80925636039826e-05
0.000751656663716096,-0.00427196281815074,-3.82623713092325e-05
0.000751224378390271,-0.00427120837735507,-3.84310926854566e-05
0.000750791452268431,-0.0042704476298639,-3.85987045224072e-05
0.000750357894606766,-0.00426969135523557,-3.87652288876887e-05
0.000749923718092492,-0.00426895117158685,-3.89307146760713e-05
0.000749488941537148,-0.00426823723788529,-3.90951697872841e-05
0.000749053586586088,-0.00426755648529899,-3.92585338033912e-05
0.000748617671765011,-0.0042669119690684,-3.94207260050214e-05
0.000748181208601721,-0.00426630344784852,-3.95817440390393e-05
0.000747744203312355,-0.00426572913525035,-3.97417500319956e-05
0.000747306672608212,-0.00426518804529868,-3.99007149233922e-05
0.00074686863161289,-0.00426468198801809,-4.00585077145949e-05
0.000746430094412296,-0.00426421690436265,-4.02149497053117e-05
0.000745991067080972,-0.00426380310924143,-4.03700133293537e-05
0.000745551556565571,-0.00426345438142941,-4.05237512957474e-05
0.000745111572754599,-0.0042631860263301,-4.06762301544519e-05
0.000744671132472853,-0.00426301246552015,-4.08274593041929e-05
0.000744230256116674,-0.00426294498962947,-4.09773572842408e-05
0.00074378896320143,-0.00426299047263194,-4.11258126390637e-05
0.000743347267415539,-0.00426315128228805,-4.12727956607082e-05
0.000742905178605269,-0.00426342613091978,-4.14183503247615e-05
0.000742462704499928,-0.0042638117454367,-4.15625604236945e-05
0.000742019856672005,-0.00426430486476921,-4.17054064079835e-05
0.000741576647172118,-0.00426490412675123,-4.18468004363596e-05
0.000741133081848469,-0.00426561109255553,-4.19867984854105e-05
0.000740689168158884,-0.00426643031817546,-4.21255048704781e-05
0.000740244915407304,-0.00426736832078263,-4.22630563523939e-05
0.000739800339727457,-0.00426843176793449,-4.23994445544206e-05
0.000739355454884193,-0.00426962529959543,-4.2534665339966e-05
0.000738910274369721,-0.00427094999572556,-4.26687427102508e-05
0.000738464816246934,-0.00427240251671002,-4.28015816321196e-05
0.000738019094606917,-0.00427397523764775,-4.29330471972461e-05
0.000737573118227562,-0.00427565740085034,-4.3063021983845e-05
0.000737126892770268,-0.00427743684176199,-4.31915187492518e-05
0.000736680423144392,-0.00427930203145762,-4.33186409802289e-05
0.000736233717593971,-0.00428124368279685,-4.34444485556596e-05
0.000735786785340754,-0.00428325556034023,-4.35689291395307e-05
0.000735339635427802,-0.00428533433228612,-4.36920170473776e-05
0.000734892276236397,-0.00428747856096099,-4.3813678687544e-05
0.000734444713360868,-0.00428968717494046,-4.39339526955129e-05
0.000733996956981509,-0.00429195765002109,-4.40528916933996e-05
0.000733549020984396,-0.00429428450803,-4.4170516139241e-05
0.000733100920173766,-0.0042966588816179,-4.4286791730953e-05
0.000732652665422733,-0.00429906896775464,-4.44016688011298e-05
0.000732204264107773,-0.00430150134059017,-4.45151362607531e-05
0.000731755721982306,-0.00430394270577904,-4.46271537116706e-05
0.000731307040806053,-0.00430638164162597,-4.47377214102898e-05
0.000730858223891988,-0.00430880992343111,-4.48468749621145e-05
0.00073040927594094,-0.00431122306309631,-4.49546840077837e-05
0.000729960205287851,-0.00431361991996394,-4.50611841665706e-05
0.000729511023328731,-0.00431600156363012,-4.51663627255685e-05
0.000729061741004268,-0.00431836955797652,-4.52702189458029e-05
0.000728612365272331,-0.00432072439615199,-4.5372769768834e-05
0.000728162902203438,-0.00432306432186628,-4.54740635077524e-05
0.000727713359121694,-0.00432538510709279,-4.55741176212375e-05
0.000727263745612293,-0.00432768060397827,-4.56729334460364e-05
0.000726814075843425,-0.00432994399389114,-4.57704810286333e-05
0.000726364369881209,-0.00433216932387484,-4.5866714818519e-05
0.000725914652164295,-0.00433435291479841,-4.59615691602297e-05
0.000725464947774307,-0.00433649438491628,-4.60549895662171e-05
0.0007250152804471,-0.00433859690008269,-4.61469696339669e-05
0.000724565673915885,-0.00434066643193619,-4.62375450033339e-05
0.000724116157358772,-0.00434271041891921,-4.63267866551712e-05
0.000723666763765359,-0.00434473612678179,-4.6414746662814e-05
0.000723217520474605,-0.00434674935270165,-4.65014277180024e-05
0.000722768453527914,-0.00434875350558115,-4.6586760056721e-05
0.000722319583063363,-0.00435074959999047,-4.66706532759786e-05
0.000721870933903418,-0.00435273673323522,-4.67530713939471e-05
0.000721422528706695,-0.00435471325064923,-4.68340402856689e-05
0.000720974386687204,-0.00435667808241414,-4.69135843381244e-05
0.000720526529647062,-0.004358631959592,-4.69917011807553e-05
0.00072007897890787,-0.00436057808301992,-4.70683283865424e-05
0.000719631751952666,-0.00436252204709634,-4.714343733e-05
0.000719184859381225,-0.00436447100293307,-4.72170687372741e-05
0.000718738319393706,-0.00436643239523472,-4.7289149282535e-05
0.000718292148770849,-0.0043684126391277,-4.7359646505381e-05
0.000717846361299033,-0.00437041612380995,-4.74286018098995e-05
0.000717400972349575,-0.00437244461024896,-4.74961151621225e-05
0.000716955999798121,-0.00437449703617986,-4.75622338382786e-05
0.00071651146347527,-0.00437657029984371,-4.76268504811932e-05
0.000716067373343213,-0.0043786605030886,-4.76899019149904e-05
0.000715623739948783,-0.00438076445028034,-4.77512653890428e-05
0.000715180570124085,-0.00438288037427105,-4.78108780882166e-05
0.000714737871381333,-0.00438500821185637,-4.78687790245437e-05
0.000714295650337159,-0.00438714952004743,-4.79250997953247e-05
0.000713853917144599,-0.00438930686613092,-4.79799708299193e-05
0.00071341268438981,-0.00439148279070857,-4.80334419387704e-05
0.000712971962611107,-0.00439367874917098,-4.80854946909817e-05
0.000712531757239985,-0.00439589409488291,-4.81360869892813e-05
0.000712092073138397,-0.00439812560847423,-4.81851951785642e-05
0.000711652915069794,-0.00440036758764256,-4.82328487788386e-05
0.000711214287317372,-0.0044026128345064,-4.82791613679432e-05
0.0007107762005626,-0.00440485388362259,-4.83241072431763e-05
0.000710338663858854,-0.00440708413294775,-4.83675957642114e-05
0.00070990168054267,-0.0044092987414848,-4.84095134502243e-05
0.000709465245669219,-0.00441149508933763,-4.84499095723142e-05
0.000709029356090424,-0.0044136725460102,-4.84889183948665e-05
0.000708594017695126,-0.00441583148278198,-4.85266660583512e-05
0.00070815924083342,-0.00441797221323757,-4.85631923864317e-05
0.000707725030588565,-0.00442009405562721,-4.85984716397459e-05
0.000707291385019097,-0.00442219460877246,-4.8632500215879e-05
0.000706858301558541,-0.00442426967296046,-4.86652821746269e-05
0.000706425779380617,-0.00442631362502207,-4.86968087201597e-05
0.000705993827041578,-0.00442832026532337,-4.87270399747612e-05
0.000705562448268657,-0.00443028361329949,-4.87559594462619e-05
0.000705131641883448,-0.00443219903257166,-4.8783597992454e-05
0.000704701400499212,-0.00443406402096246,-4.88100067792876e-05
0.00070427171695647,-0.00443587841079056,-4.88352222535567e-05
0.000703842585347915,-0.00443764402693844,-4.88592129871908e-05
0.000703414000077439,-0.00443936383915604,-4.88819800201931e-05
0.000702985967704738,-0.00444104104568933,-4.89035998792016e-05
0.000702558497866405,-0.00444267785355724,-4.89241806425518e-05
0.000702131596915571,-0.00444427488512758,-4.89437673272427e-05
0.000701705258144973,-0.00444583106779887,-4.8962371358413e-05
0.000701279471703295,-0.00444734416982525,-4.89799872184217e-05
0.000700854229372148,-0.00444881180178589,-4.89966117924628e-05
0.000700429526783281,-0.00445023239883828,-4.90122241469203e-05
0.000700005360388473,-0.00445160600502705,-4.90268558197582e-05
0.000699581727125944,-0.00445293466776449,-4.90405701232714e-05
0.000699158622892255,-0.00445422217511467,-4.90534732705926e-05
0.000698736044053229,-0.00445547359788397,-4.90656509149279e-05
0.000698313988864868,-0.00445669447401678,-4.90771345758951e-05
0.000697892455606903,-0.00445789011327435,-4.90878944196914e-05
0.00069747144131898,-0.00445906453880489,-4.90978785987829e-05
0.00069705094255344,-0.00446022005402294,-4.91070041713162e-05
0.000696630955593806,-0.00446135726399612,-4.91151820477878e-05
0.000696211474832233,-0.00446247579516639,-4.91223749120508e-05
0.000695792488782919,-0.00446357500796517,-4.91286338881401e-05
0.000695373988839477,-0.00446465478559985,-4.91340105316708e-05
0.000694955970210595,-0.00446571617072448,-4.91385406737552e-05
0.000694538429283509,-0.00446676158741512,-4.91422592407437e-05
0.000694121362682447,-0.00446779466721795,-4.91452099187477e-05
0.000693704765912109,-0.00446881975371987,-4.91474226369332e-05
0.000693288631753236,-0.00446984119761933,-4.91489554099061e-05
0.000692872953003211,-0.00447086261216276,-4.91498339438719e-05
0.000692457727655063,-0.00447188597453499,-4.91500069632839e-05
0.000692042953152706,-0.00447291137181829,-4.91494043108116e-05
0.000691628623243143,-0.00447393721943658,-4.91479925229432e-05
0.000691214729665981,-0.00447496104596161,-4.91458088476745e-05
0.000690801263705534,-0.00447598034706984,-4.914292567973e-05
0.000690388217814253,-0.00447699324751934,-4.91394296433841e-05
0.000689975583864191,-0.00447799880264788,-4.91354347043357e-05
0.000689563356940042,-0.0044789971939932,-4.91310095320646e-05
0.000689151532878601,-0.00447998953301,-4.91261730160353e-05
0.000688740105677006,-0.00448097754275721,-4.91209305156741e-05
0.00068832906839812,-0.00448196277996239,-4.9115311811702e-05
0.000687918415447705,-0.00448294606682339,-4.91093706903418e-05
0.000687508142698089,-0.00448392685500812,-4.91031551417116e-05
0.000687098245461195,-0.00448490300437287,-4.9096662933251e-05
0.000686688719474252,-0.00448587102900663,-4.90898154474884e-05
0.000686279560726614,-0.0044868268088121,-4.90824568076246e-05
0.000685870760084753,-0.00448776655203423,-4.90745354696357e-05
0.000685462304412763,-0.00448868735644092,-4.90661359521568e-05
0.000685054183151689,-0.00448958745712172,-4.90573518501538e-05
0.000684646394128641,-0.00449046634886336,-4.90482344062579e-05
0.000684238938115956,-0.00449132459965347,-4.90387570559922e-05
0.00068383181446656,-0.00449216342953884,-4.90288342437443e-05
0.000683425009524207,-0.00449298397248882,-4.9018457948726e-05
0.000683018509994619,-0.00449378657046961,-4.90076391758065e-05
0.0006826123075869,-0.00449457042630344,-4.89964241176354e-05
0.000682206398001425,-0.00449533359360171,-4.89848884362913e-05
0.000681800780084211,-0.00449607334673288,-4.89730844694756e-05
0.000681395450353256,-0.00449678674883257,-4.89610517605643e-05
0.000680990406070343,-0.00449747153092726,-4.89487725708081e-05
0.000680585640719557,-0.00449812653953183,-4.89362222404223e-05
0.000680181146346954,-0.00449875200634401,-4.89233685256651e-05
0.000679776913826671,-0.00449934941763043,-4.89101921599103e-05
0.000679372933403625,-0.00449992120799899,-4.88967216934182e-05
0.000678969197702846,-0.00450047022944403,-4.88830060853052e-05
0.000678565701626314,-0.00450099901679146,-4.88691101327894e-05
0.00067816244298952,-0.00450150934273375,-4.88550599226346e-05
0.000677759421643426,-0.00450200197508687,-4.88408319242652e-05
0.000677356633991921,-0.00450247678089498,-4.88263702377399e-05
0.000676954072597866,-0.00450293301076199,-4.88116432879717e-05
0.000676551727001009,-0.00450336986095282,-4.87966963249066e-05
0.000676149588028855,-0.0045037870257356,-4.87815850043924e-05
0.000675747650075965,-0.00450418527438292,-4.87663454210834e-05
0.00067534591386558,-0.00450456656860179,-4.8750964202288e-05
0.000674944375116496,-0.00450493384831913,-4.87354376716298e-05
0.000674543026192513,-0.00450529050982799,-4.87197661585239e-05
0.000674141857446611,-0.00450563993633337,-4.87039551051989e-05
0.000673740867543936,-0.00450598506833415,-4.86879845899907e-05
0.000673340056455113,-0.00450632800375013,-4.86718163952586e-05
0.000672939419337142,-0.00450666973351628,-4.86554681416322e-05
0.000672538949766683,-0.00450701016700126,-4.86389581440085e-05
0.000672138640150605,-0.00450734861442687,-4.86223042047277e-05
0.000671738483109762,-0.00450768434521873,-4.86055504368559e-05
0.000671338473673532,-0.00450801707316048,-4.85887526892362e-05
0.00067093860946603,-0.00450834730090961,-4.85719509015065e-05
0.000670538892345138,-0.00450867647534087,-4.85551332243633e-05
0.000670139320533408,-0.00450900680910345,-4.85382425298844e-05
0.000669739883130446,-0.00450934080072679,-4.85212261126723e-05
0.000669340569250292,-0.00450968058830317,-4.85040621278025e-05
0.000668941373878559,-0.00451002747155483,-4.84867568294652e-05
0.000668542296466999,-0.00451038175379953,-4.84693242140318e-05
0.000668143335691544,-0.00451074276977683,-4.84517839103937e-05
0.000667744487827277,-0.0045111089991975,-4.84341567982481e-05
0.000667345747208678,-0.0045114783983438,-4.84164777547876e-05
0.000666947108678015,-0.00451184898557017,-4.83987892572059e-05
0.000666548568490928,-0.00451221954364239,-4.83811135838623e-05
0.000666150126341059,-0.00451258974961234,-4.83634120608389e-05
0.000665751781705685,-0.00451295993298423,-4.83456032716476e-05
0.000665353527872268,-0.00451333082634878,-4.83276403552892e-05
0.000664955357987006,-0.00451370338851848,-4.83095168019916e-05
0.000664557269795012,-0.0045140784633069,-4.8291229865028e-05
0.000664159251330697,-0.00451445669735172,-4.82729006684926e-05
0.000663761217133422,-0.00451483761697318,-4.82547903762193e-05
0.000663362982957018,-0.00451521917608212,-4.82372659429101e-05
0.000662964320724373,-0.00451559871254267,-4.82205937000385e-05
0.000662564978606033,-0.00451597360786445,-4.8205036560521e-05
0.000662164691132269,-0.00451634173876371,-4.81909388821072e-05
0.0006617631909202,-0.004516701782986,-4.8178675725768e-05
0.000661360218000829,-0.00451705338931174,-4.81686208305773e-05
0.000660955524146156,-0.00451739709720912,-4.81611144513493e-05
0.000660548878239229,-0.00451773405093713,-4.81563308224388e-05
0.000660140051174691,-0.00451806549934147,-4.81544128770614e-05
0.00065972881822472,-0.00451839232053521,-4.81555675641686e-05
0.000659314956401382,-0.00451871464698178,-4.81601349398386e-05
0.000658898260059925,-0.00451903184689469,-4.81684472094898e-05
0.000658478536013499,-0.00451934278167711,-4.8180752602843e-05
0.000658055601885973,-0.00451964611583489,-4.81972161364246e-05
0.000657629281231246,-0.00451994058756411,-4.82180152873341e-05
0.000657199404646526,-0.0045202252822862,-4.82433403758406e-05
0.000656765810782282,-0.00452049998344774,-4.82733172641964e-05
0.000656328346589851,-0.00452076524205795,-4.83080189006384e-05
0.000655886867530504,-0.00452102233574579,-4.83474896525054e-05
0.000655441236091979,-0.00452127301160343,-4.83918167210551e-05
0.000654991320977028,-0.00452151913608073,-4.84411222579229e-05
0.000654536998419421,-0.00452176234322822,-4.8495547909256e-05
0.000654078151866872,-0.00452200362432023,-4.85552602690958e-05
0.000653614673048898,-0.00452224323427485,-4.86203933058206e-05
0.000653146459961381,-0.00452248085543667,-4.86910468736838e-05
0.000652673417087292,-0.00452271586817698,-4.87672720378077e-05
0.000652195454242008,-0.0045229477506384,-4.88491468579862e-05
0.00065171248536646,-0.00452317638579222,-4.89367725880243e-05
0.000651224432142144,-0.00452340230959114,-4.90302639108021e-05
0.000650731226579562,-0.0045236267030711,-4.91296697034752e-05
0.000650232810025716,-0.00452385131669493,-4.92349359580225e-05
0.000649729127011686,-0.00452407818703418,-4.93459541317318e-05
0.000649220119422031,-0.00452430912143098,-4.94626714876233e-05
0.000648705730912531,-0.00452454534723863,-4.95850950760466e-05
0.000648185913528068,-0.00452478739609628,-4.97132720877479e-05
0.000647660628979989,-0.00452503512991043,-4.98472345154606e-05
0.000647129845291316,-0.00452528801392965,-4.99870145407933e-05
0.000646593533066912,-0.00452554535361492,-5.01326084240133e-05
0.00064605166646431,-0.00452580657697435,-5.02839625891986e-05
0.000645504226299971,-0.00452607139309338,-5.04409691415537e-05
0.000644951195739339,-0.00452634004857034,-5.0603508083157e-05
0.000644392557993922,-0.00452661326209542,-5.07715103227561e-05
0.000643828301446573,-0.00452689207028784,-5.0944936244672e-05
0.000643258419267408,-0.00452717752358887,-5.11237315262346e-05
0.000642682911531245,-0.00452747042272876,-5.13078042596836e-05
0.000642101782688395,-0.00452777109666777,-5.14970416724366e-05
0.000641515037969879,-0.00452807927886551,-5.1691337797414e-05
0.000640922685102908,-0.00452839418846272,-5.18905904201783e-05
0.000640324731841447,-0.00452871461307595,-5.20946968732265e-05
0.000639721189029857,-0.00452903915414529,-5.23035798413194e-05
0.000639112072312059,-0.00452936656812088,-5.25171786826587e-05
0.000638497403708685,-0.00452969610944716,-5.27354221818401e-05
0.000637877206614172,-0.00453002757904572,-5.29582224424672e-05
0.000637251506576926,-0.00453036119676736,-5.3185461763069e-05
0.000636620330561717,-0.0045306974408005,-5.34170138349221e-05
0.000635983708278637,-0.00453103678743026,-5.36527394950682e-05
0.000635341673185196,-0.00453137941985415,-5.38924679074652e-05
0.000634694258688285,-0.0045317250850927,-5.41360763462397e-05
0.000634041499818486,-0.00453207302464262,-5.43834516535066e-05
0.00063338343273804,-0.00453242211848645,-5.46345088857559e-05
0.000632720099407713,-0.00453277106214879,-5.48891053010846e-05
0.000632051538757393,-0.00453311857128035,-5.5147123113646e-05
0.000631377788730406,-0.00453346363665066,-5.54084864876272e-05
0.000630698889537984,-0.0045338057033456,-5.56731529545409e-05
0.000630014899600504,-0.00453414471259677,-5.59410401466293e-05
0.000629325877032979,-0.00453448101743318,-5.62120019278248e-05
0.000628631874848543,-0.00453481519748778,-5.64858625277989e-05
0.000627932932316253,-0.00453514788621234,-5.67624504814622e-05
0.00062722909215304,-0.00453547948617652,-5.70416393191067e-05
0.000626520404784489,-0.00453581004994941,-5.7323315192084e-05
0.000625806927672972,-0.00453613918532076,-5.76073227629252e-05
0.0006250887195026,-0.00453646628941335,-5.78935228153605e-05
0.000624365841525056,-0.00453679067327016,-5.81817326491521e-05
0.000623638351519025,-0.00453711178966315,-5.84718456324634e-05
0.000622906302763304,-0.00453742927038775,-5.8763778512335e-05
0.000622169743552284,-0.00453774288305367,-5.90575421618709e-05
0.00062142873018675,-0.00453805263714706,-5.93530116311748e-05
0.000620683331200243,-0.00453835898881516,-5.96499665388665e-05
0.000619933615286897,-0.00453866295928373,-5.99481433120916e-05
0.000619179642586547,-0.00453896567929822,-6.02473710201152e-05
0.000618421468398003,-0.00453926796023702,-6.05475836280605e-05
0.000617659152110283,-0.00453957014023556,-6.08487211718686e-05
0.000616892753098071,-0.00453987235092692,-6.1150705889983e-05
0.000616122332015824,-0.0045401744690217,-6.14534140840534e-05
0.000615347951240219,-0.00454047628284028,-6.17567005409238e-05
0.000614569676092401,-0.00454077747841393,-6.20604255427178e-05
0.000613787570948553,-0.00454107780908596,-6.2364525081749e-05
0.000613001701237586,-0.00454137723178908,-6.26689474158063e-05
0.000612212122313928,-0.00454167615961371,-6.29737466342619e-05
0.000611418893822123,-0.00454197566503139,-6.32789155057403e-05
0.000610622079766894,-0.00454227689989946,-6.35843757047372e-05
0.000609821748465816,-0.00454258084523323,-6.38899861694861e-05
0.000609017966304971,-0.00454288796737433,-6.41955875329025e-05
0.000608210800784099,-0.00454319831288592,-6.45009654787298e-05
0.000607400313288591,-0.00454351143789063,-6.4805968436936e-05
0.000606586562936198,-0.00454382677160207,-6.51104545632477e-05
0.000605769605295327,-0.00454414380814843,-6.54143756326599e-05
0.000604949500077163,-0.0045444621634821,-6.57176688043423e-05
0.000604126306184906,-0.00454478155803751,-6.60203804691135e-05
0.000603300085163376,-0.00454510179834726,-6.63226128245036e-05
0.000602470905487974,-0.00454542310407492,-6.66243663758142e-05
0.000601638834019123,-0.0045457459064909,-6.69254963871462e-05
0.00060080393352082,-0.00454607083045244,-6.7225745248263e-05
0.000599966260216267,-0.0045463982791828,-6.7524887559784e-05
0.000599125870364769,-0.00454672846032544,-6.78227751537408e-05
0.000598282820241234,-0.00454706103365594,-6.81193530827646e-05
0.000597437167342999,-0.00454739519253084,-6.84145878543968e-05
0.000596588965958489,-0.00454772982282068,-6.87084939879832e-05
0.000595738274205581,-0.00454806401259179,-6.90010644852606e-05
0.000594885152183315,-0.00454839710889784,-6.9292294020099e-05
0.000594029661488994,-0.00454872871212734,-6.95821324293896e-05
0.000593171857433891,-0.00454905863669644,-6.98705601877387e-05
0.00059231179283261,-0.00454938703355586,-7.01575777672405e-05
0.000591449523477486,-0.00454971434555392,-7.04431758976733e-05
0.000590585107336867,-0.00455004104453525,-7.072729782829e-05
0.000589718602872332,-0.0045503673725298,-7.10098545054228e-05
0.000588850065646571,-0.00455069330855566,-7.12906837502332e-05
0.000587979543044753,-0.00455101834572675,-7.1569642565248e-05
0.000587107084632595,-0.00455134176153737,-7.18466137495052e-05
0.000586232740431074,-0.00455166273935598,-7.21215304897976e-05
0.000585356556317769,-0.00455198072005515,-7.23945063409476e-05
0.000584478580628524,-0.00455229531701399,-7.2665706443523e-05
0.000583598864865686,-0.00455260637260508,-7.29352627428646e-05
0.000582717462738745,-0.00455291398503668,-7.32032282848947e-05
0.000581834425405789,-0.00455321853353953,-7.34695028288951e-05
0.000580949804767203,-0.00455352056454039,-7.37338838300128e-05
0.000580063649812857,-0.00455382068177984,-7.39961597818936e-05
0.000579176003624249,-0.00455411935717066,-7.42562346129735e-05
0.000578286906249764,-0.00455441673353398,-7.45141186697672e-05
0.000577396397850728,-0.0045547125590495,-7.47698928726296e-05
0.000576504522241689,-0.00455500637775412,-7.50236431553905e-05
0.000575611324618372,-0.00455529779304279,-7.52754307627594e-05
0.000574716849701211,-0.00455558648637213,-7.55252925647898e-05
0.000573821143901976,-0.00455587231551229,-7.57731853811446e-05
0.000572924252106567,-0.00455615530280599,-7.60190027153297e-05
0.000572026215743412,-0.00455643574287972,-7.62626510023783e-05
0.000571127073029717,-0.00455671416189316,-7.65040671535408e-05
0.000570226862399319,-0.00455699121671149,-7.67432025473257e-05
0.000569325619542735,-0.00455726756640596,-7.69800642271198e-05
0.000568423377788083,-0.0045575436792414,-7.72147209357384e-05
0.000567520172993009,-0.00455781971794461,-7.74472807792923e-05
0.000566616044777563,-0.00455809558068855,-7.76778198841246e-05
0.000565711034418696,-0.00455837101886797,-7.7906356724814e-05
0.000564805179219108,-0.00455864580045344,-7.81328797450082e-05
0.000563898512726847,-0.00455891990140713,-7.83573791389764e-05
0.000562991069235731,-0.00455919334962219,-7.85798362820644e-05
0.00056208288304353,-0.00455946618474102,-7.88002222313655e-05
0.000561173983299022,-0.0045597384792805,-7.90185939259824e-05
0.000560264393801989,-0.0045600108037732,-7.92350341717112e-05
0.000559354111175749,-0.00456028383294789,-7.94496112501778e-05
0.000558443091864627,-0.00456055785518349,-7.96623300072336e-05
0.000557531266064789,-0.00456083297107458,-7.98732212122732e-05
0.00055661854628411,-0.00456110906633016,-8.00824501529573e-05
0.000555704840665454,-0.00456138582589418,-8.02902529518688e-05
0.000554790057367527,-0.00456166276847158,-8.04968845481777e-05
0.000553874109685119,-0.00456193927715832,-8.07025956791028e-05
0.000552956912139451,-0.00456221488283807,-8.09076404788177e-05
0.000552038387572902,-0.0045624893980342,-8.11121500180981e-05
0.00055111846216444,-0.00456276295601595,-8.13161889755353e-05
0.000550197066688429,-0.00456303585545337,-8.15197629054002e-05
0.000549274127846245,-0.00456330838665257,-8.17229754108006e-05
0.000548349574285588,-0.00456358087655492,-8.19259783170677e-05
0.000547423340034016,-0.0045638535401162,-8.21289261905908e-05
0.000546495366381235,-0.00456412625400356,-8.23319287037042e-05
0.000545565599455122,-0.00456439853387043,-8.25350834892334e-05
0.00054463398899606,-0.00456466978673881,-8.27384898037172e-05
0.000543700485432083,-0.00456493942079311,-8.2942258134991e-05
0.000542765039138873,-0.00456520702107023,-8.31464885192886e-05
0.000541827602101717,-0.00456547221403222,-8.33512737881726e-05
0.000540888129962612,-0.00456573497774818,-8.3556679064408e-05
0.00053994658179156,-0.00456599555696793,-8.37628075423005e-05
0.000539002923525216,-0.0045662542944701,-8.39697660672491e-05
0.000538057126605014,-0.0045665114608334,-8.41776698969999e-05
0.000537109166847196,-0.0045667672067257,-8.4386569875481e-05
0.000536159014547249,-0.00456702165433262,-8.45964542457863e-05
0.000535206637529564,-0.00456727474007317,-8.48073319086793e-05
0.000534252007397088,-0.00456752624010994,-8.50192811845823e-05
0.000533295102187615,-0.00456777575375056,-8.52324322118389e-05
0.000532335908015417,-0.00456802292065348,-8.54468811351367e-05
0.000531374413892241,-0.00456826742882675,-8.56626722688489e-05
0.000530410607161218,-0.00456850911725067,-8.58797849291587e-05
0.000529444472459844,-0.00456874801682948,-8.60981611475627e-05
0.000528475994434096,-0.00456898439102726,-8.63177349348439e-05
0.00052750516256068,-0.00456921876893593,-8.65384817601354e-05
0.000526531971518276,-0.0045694516060743,-8.67604039993334e-05
0.00052555641782334,-0.00456968317090096,-8.69835207473418e-05
0.000524578495692399,-0.00456991348621047,-8.7207880247793e-05
0.000523598200611663,-0.00457014251529063,-8.74335507722258e-05
0.000522615532080995,-0.00457037012577512,-8.76605830384958e-05
0.000521630493283691,-0.00457059613170533,-8.78890022190461e-05
0.00052064308770987,-0.00457082031847711,-8.81188281512207e-05
0.000519653320178162,-0.0045710425717309,-8.83500579791379e-05
0.000518661195668417,-0.00457126299225814,-8.85826691110865e-05
0.000517666720408819,-0.00457148179364856,-8.88166128323213e-05
0.000516669898627595,-0.00457169924343667,-8.90518384828402e-05
0.00051567073894666,-0.00457191557092809,-8.92882765292333e-05
0.000514669252813807,-0.00457213109302161,-8.95258502858969e-05
0.000513665453823257,-0.00457234610507173,-8.97645001740111e-05
0.000512659352177724,-0.00457256072430534,-9.00042018577338e-05
0.000511650956909229,-0.00457277477683466,-9.02450016009771e-05
0.000510640281430201,-0.00457298795053613,-9.04869662857879e-05
0.000509627344293804,-0.00457320007659558,-9.07301290353661e-05
0.000508612168373377,-0.00457341099081284,-9.09744222955605e-05
0.00050759477361694,-0.00457362061424327,-9.12197524613855e-05
0.000506575174468459,-0.00457382906660763,-9.14660422800548e-05
0.000505553382320899,-0.00457403663304413,-9.17132578562702e-05
0.000504529411567799,-0.00457424364000616,-9.1961416464028e-05
0.000503503282753047,-0.00457445035849623,-9.22105216362254e-05
0.000502475018189377,-0.00457465697309269,-9.24605762061005e-05
0.000501444643795394,-0.00457486349975011,-9.2711505985448e-05
0.000500412185047581,-0.00457506977878265,-9.29632145845438e-05
0.000499377665760396,-0.00457527550293448,-9.32156076370282e-05
0.000498341103557206,-0.00457548029652698,-9.34686823949212e-05
0.00049730251634975,-0.00457568368643622,-9.37224702193212e-05
0.000496261926127983,-0.00457588541806833,-9.39769943688852e-05
0.000495219361365261,-0.00457608553355468,-9.42322040039329e-05
0.000494174851602433,-0.00457628425284181,-9.44879854098155e-05
0.000493128422961121,-0.00457648180277367,-9.47442174652218e-05
0.000492080096735562,-0.00457667826009701,-9.50008400077174e-05
0.000491029893022137,-0.00457687371969824,-9.5257871329386e-05
0.000489977836387673,-0.00457706832360734,-9.5515319474927e-05
0.000488923953580666,-0.00457726215180304,-9.57731797129246e-05
0.000487868272841994,-0.00457745516053923,-9.60314167148135e-05
0.000486810822545311,-0.00457764710580965,-9.62899855959312e-05
0.000485751632070532,-0.00457783770180342,-9.65488170681353e-05
0.000484690727842818,-0.00457802661576521,-9.68078123261431e-05
0.000483628135207995,-0.00457821359750873,-9.70668664778846e-05
0.000482563880202466,-0.00457839847357877,-9.73258702856126e-05
0.0004814979908904,-0.00457858125284411,-9.75847097622637e-05
0.000480430494950183,-0.00457876206077284,-9.78433113715387e-05
0.000479361418431983,-0.0045789411459867,-9.81016457062636e-05
0.00047829078723258,-0.00457911876574036,-9.83597106173579e-05
0.000477218627600534,-0.00457929509376354,-9.86174801581392e-05
0.000476144964583538,-0.00457947018618888,-9.88749262055381e-05
0.000475069822284857,-0.00457964382735737,-9.91320779552556e-05
0.000473993228099699,-0.00457981575642428,-9.93889580225134e-05
0.000472915212438518,-0.0045799857279282,-9.96455569783493e-05
0.000471835805084783,-0.00458015363721159,-9.99018438054122e-05
0.000470755032719991,-0.00458031932444336,-0.000100157797382459
0.000469672923341304,-0.00458048277372883,-0.000100413341652982
0.000468589504793073,-0.00458064413441125,-0.00010066835761266
0.000467504803632832,-0.0045808036778926,-0.000100922739933003
0.000466418845815261,-0.00458096174821704,-0.000101176437352528
0.000465331655772627,-0.00458111862465852,-0.000101429424737354
0.000464243259652421,-0.00458127448057854,-0.000101681644212553
0.000463153684399638,-0.00458142937123144,-0.00010193298528934
0.000462062955003607,-0.00458158323560088,-0.000102183356157306
0.000460971092312776,-0.00458173591638801,-0.000102432752702034
0.000459878124520302,-0.00458188725572231,-0.00010268124620289
0.000458784080704324,-0.00458203714097417,-0.000102928907849372
0.000457688991093295,-0.00458218561082259,-0.000103175729151481
0.000456592876111803,-0.0045823327504363,-0.000103421638702903
0.000455495756041709,-0.0045824788016981,-0.000103666520295982
0.000454397653645834,-0.0045826240203194,-0.000103910274915688
0.000453298594339723,-0.00458276868274134,-0.000104152847922116
0.000452198603433212,-0.00458291307445449,-0.000104394259173627
0.00045109770602693,-0.00458305741018132,-0.000104634522939919
0.000449995925289288,-0.00458320172084163,-0.000104873617741703
0.000448893284623966,-0.00458334580602277,-0.000105111484711586
0.000447789805636909,-0.00458348948380245,-0.000105348068324591
0.000446685508933045,-0.0045836328396086,-0.000105583338657193
0.000445580416268447,-0.00458377709068028,-0.000105817281695945
0.000444474547634244,-0.0045839266543771,-0.000106049908140294
0.00044336792105032,-0.0045840919584285,-0.000106281236434166
0.000442260550237635,-0.00458429138530158,-0.000106511268960865
0.000441152447940745,-0.00458455037432567,-0.000106739992646796
0.000440043631429799,-0.00458489712810258,-0.000106967371993412
0.000438934127333872,-0.00458535624006652,-0.000107193351616458
0.000437823969070981,-0.00458594318057912,-0.000107417845852433
0.00043671319035303,-0.00458666249057819,-0.000107640792291752
0.000435601816305313,-0.00458751065924181,-0.000107862191641089
0.000434489862282313,-0.00458848220159799,-0.000108082092285653
0.000433377338755631,-0.00458957545974544,-0.000108300559765195
0.00043226425519168,-0.00459079472863372,-0.000108517651687967
0.000431150626237027,-0.00459214744192827,-0.000108733381640342
0.000430036473350837,-0.00459363805400022,-0.000108947720232397
0.00042892182712018,-0.00459526243608563,-0.000109160576209602
0.000427806719983784,-0.00459700587826089,-0.000109371856693626
0.000426691177154027,-0.00459884633434535,-0.000109581509956036
0.000425575211809018,-0.00460076085844248,-0.000109789545645208
0.000424458830143862,-0.00460273154274009,-0.000109995990013372
0.000423342038422195,-0.00460474723773348,-0.000110200837890908
0.000422224848623631,-0.00460680030943641,-0.000110404035238828
0.000421107280489733,-0.00460888059593826,-0.000110605473065179
0.000419989354412719,-0.00461097040945611,-0.000110805175073543
0.000418871097922313,-0.00461304418650654,-0.000111003261479307
0.000417752534012169,-0.0046150727821698,-0.000111199921680278
0.000416633685971102,-0.00461703009733177,-0.000111395133216763
0.000415514558222224,-0.00461889782937356,-0.000111588734473442
0.000414395150299729,-0.00462066595430854,-0.000111780492608888
0.000413275464341718,-0.0046223287081623,-0.000111970394381369
0.000412155512388072,-0.00462387870650901,-0.00011215849516614
0.00041103531512862,-0.00462530313150418,-0.000112344844745587
0.000409914893044476,-0.00462658411095597,-0.000112529520035565
0.000408794262952769,-0.00462770339893331,-0.000112712643331829
0.000407673435592672,-0.00462864815601772,-0.000112894329130066
0.000406552417852031,-0.00462941453652031,-0.000113074609579396
0.000405431218483931,-0.00463000689212814,-0.000113253443367641
0.000404309848105131,-0.00463043307800498,-0.000113430734894399
0.000403188320764284,-0.00463069899457548,-0.000113606377347767
0.000402066652726477,-0.00463080575275493,-0.000113780348652384
0.000400944863304279,-0.00463075094692833,-0.000113952695657398
0.00039982297239139,-0.00463053332746444,-0.000114123495376524
0.000398700998652477,-0.00463015765095544,-0.000114292717192664
0.000397578953011324,-0.00462963685833189,-0.000114460309117626
0.000396456845258825,-0.00462899009135201,-0.000114626244142665
0.000395334691211022,-0.00462823759613296,-0.000114790502547252
0.000394212513689243,-0.00462739569676387,-0.000114953049471226
0.000393090336394011,-0.00462647485745024,-0.000115113858301543
0.000391968179656736,-0.00462548189156128,-0.000115272923210366
0.000390846055030352,-0.00462442453291755,-0.000115430262104997
0.000389723966158286,-0.00462331554773294,-0.00011558591525284
0.000388601915270017,-0.00462217371881301,-0.000115739918372669
0.00038747991350078,-0.00462102097299001,-0.000115892281202045
0.000386357979827736,-0.00461987744433669,-0.000116042982707717
0.000385236139430838,-0.0046187571680364,-0.000116191985283553
0.000384114412479249,-0.0046176671389939,-0.000116339261445137
0.000382992812697076,-0.00461661016918245,-0.000116484793324043
0.000381871344892455,-0.00461558952385111,-0.000116628591751146
0.000380750007271769,-0.00461461269490525,-0.000116770691264149
0.000379628804142414,-0.00461369153932109,-0.000116911128886631
0.000378507748347303,-0.00461283876325605,-0.000117049929538808
0.000377386860342346,-0.00461206302608074,-0.000117187084914971
0.000376266154940572,-0.00461136571909933,-0.000117322582146834
0.000375145641793254,-0.00461074168847206,-0.000117456406602175
0.000374025328977242,-0.00461018273296044,-0.000117588500287556
0.000372905217943924,-0.00460968193009577,-0.000117718874025116
0.000371785307729595,-0.00460923635301093,-0.000117847582823148
0.000370665597215243,-0.0046088465573623,-0.000117974780489861
0.000369546095438694,-0.00460851298139267,-0.000118100557316608
0.000368426818131944,-0.00460823181638221,-0.000118224938446848
0.000367307783080394,-0.00460799298367421,-0.000118347867777541
0.000366188998811171,-0.00460778169610691,-0.000118469330878616
0.00036507046718081,-0.00460758211803864,-0.000118589326101867
0.000363952185948298,-0.00460738149709795,-0.000118707864037248
0.000362834155407126,-0.00460717213254865,-0.000118824885309824
0.000361716375286113,-0.00460695009483245,-0.000118940350442653
0.000360598849874994,-0.00460671155192688,-0.000119054227549627
0.000359481587824448,-0.00460644915810699,-0.000119166479215812
0.000358364598278721,-0.00460615097080782,-0.000119277103506924
0.0003572478855192,-0.00460580239771647,-0.000119386135682701
0.000356131449044187,-0.004605390088692,-0.000119493642211445
0.000355015284816109,-0.00460490547538617,-0.000119599630636461
0.000353899387455842,-0.0046043456982786,-0.00011970411712619
0.000352783753160259,-0.00460371166879131,-0.000119807157223882
0.000351668385946888,-0.00460300431727724,-0.000119908831178395
0.000350553297201311,-0.00460222161475033,-0.000120009196676774
0.000349438496533091,-0.00460135827270022,-0.000120108276646452
0.00034832398551283,-0.0046004081376227,-0.000120206068722619
0.000347209756869813,-0.00459936778422803,-0.000120302570973143
0.000346095802536423,-0.00459823915953904,-0.000120397785147343
0.000344982119898161,-0.00459702950350625,-0.000120491704672705
0.000343868712189168,-0.00459574880404061,-0.000120584308715847
0.000342755586879479,-0.00459440597035527,-0.000120675544620184
0.00034164274875061,-0.00459300647548749,-0.000120765432773123
0.00034053019843537,-0.00459155259424261,-0.000120854024467005
0.000339417932371387,-0.00459004619463551,-0.000120941390838561
0.000338305944149315,-0.00458849223152435,-0.000121027597581011
0.000337194224423502,-0.00458690045240178,-0.000121112701952437
0.000336082767378837,-0.00458528436680638,-0.000121196753559674
0.000334971576812166,-0.00458365822688579,-0.000121279720209457
0.000333860661284561,-0.00458203380737204,-0.000121361547515344
0.000332750027727171,-0.00458041861237021,-0.000121442180828898
0.000331639678830939,-0.00457881671776204,-0.000121521572873241
0.000330529611381711,-0.00457723160228284,-0.000121599692581724
0.000329419815119127,-0.00457566910703888,-0.000121676601835358
0.000328310279319303,-0.00457413847953192,-0.000121752428746286
0.000327200999690415,-0.00457265101404894,-0.000121827273379966
0.000326091979572159,-0.00457121711089344,-0.000121901177717
0.000324983226827654,-0.00456984357319031,-0.000121974083910924
0.000323874747537101,-0.0045685325612285,-0.000122045906081675
0.000322766540883466,-0.00456728289905294,-0.000122116576713224
0.000321658600219775,-0.00456609293135913,-0.000122186068977898
0.000320550916980984,-0.00456496323735755,-0.00012225438658127
0.000319443484405575,-0.00456389727207818,-0.000122321552583949
0.000318336296952966,-0.00456289951656127,-0.000122387631263328
0.000317229353867623,-0.00456197244678471,-0.000122452690384497
0.000316122659043433,-0.00456111422653628,-0.000122516768073758
0.000315016218193251,-0.00456031883263738,-0.000122579831781729
0.000313910031765657,-0.00455957816579771,-0.000122641851601267
0.000312804093737362,-0.00455888490355856,-0.000122702820775154
0.000311698394734632,-0.00455823448043463,-0.000122762763025294
0.000310592924075653,-0.00455762502066288,-0.000122821729745126
0.000309487673789044,-0.00455705534902584,-0.000122879806010071
0.00030838264670945,-0.00455652229503226,-0.000122937034009611
0.000307277848296889,-0.00455601907340612,-0.000122993407920406
0.000306173288055863,-0.00455553584003722,-0.000123048854267162
0.000305068964236749,-0.00455506214549908,-0.000123103386871855
0.000303964868696592,-0.00455458969038208,-0.000123157017348586
0.000302860987367329,-0.00455411375521757,-0.000123209774799768
0.000301757307191236,-0.00455363251012572,-0.000123261714551739
0.00030065382242019,-0.00455314482292416,-0.000123312886254378
0.000299550535861707,-0.004552647850354,-0.000123363343806082
0.000298447453318859,-0.00455213605352181,-0.000123413147332255
0.000297344578049071,-0.00455160219794291,-0.00012346234798839
0.000296241909436174,-0.0045510398768491,-0.000123510900254088
0.000295139440338078,-0.0045504456775523,-0.000123558708046939
0.000294037162617492,-0.00454981988285246,-0.000123605696249223
0.000292935069510072,-0.00454916542353844,-0.000123651843215743
0.000291833158900984,-0.00454848544342907,-0.000123697158921385
0.000290731429825835,-0.00454778126771956,-0.000123741662565247
0.000289629880699014,-0.00454705193953552,-0.000123785383573996
0.000288528508282845,-0.00454629558480138,-0.000123828350391603
0.000287427307020637,-0.00454551171918543,-0.00012387058732829
0.000286326271111138,-0.00454470302398729,-0.000123912108446624
0.000285225395111179,-0.00454387548767691,-0.000123952893684836
0.000284124675411348,-0.00454303671525172,-0.000123992916951217
0.000283024112167784,-0.00454219348733779,-0.000124032124810565
0.000281923708453716,-0.00454135013914541,-0.000124070437998012
0.000280823459463186,-0.00454050878565865,-0.000124107948511986
0.000279723361396441,-0.00453967093896704,-0.000124144790174573
0.000278623410288155,-0.0045388395012188,-0.000124181063755204
0.000277523602406746,-0.00453801996737375,-0.000124216775519455
0.000276423932671662,-0.00453721997229775,-0.000124251901576306
0.000275324397069893,-0.00453644758069653,-0.000124286421099369
0.000274224996878908,-0.00453570904635428,-0.000124320305417858
0.000273125735788233,-0.00453500769523725,-0.000124353547974536
0.00027202661461687,-0.00453434440336607,-0.000124386152209267
0.000270927627638431,-0.00453371940744202,-0.00012441814225158
0.000269828765565555,-0.00453313427615925,-0.000124449522192948
0.000268730020004764,-0.00453259267847146,-0.000124480292934025
0.000267631385307897,-0.00453209952461436,-0.000124510482143663
0.000266532862104076,-0.00453165895765409,-0.000124540131593113
0.00026543445511527,-0.0045312726320492,-0.000124569264901191
0.00026433616964905,-0.00453093937714031,-0.000124597875084603
0.000263238005210183,-0.00453065611007851,-0.000124625955178769
0.000262139955215776,-0.00453041962343445,-0.000124653503891523
0.0002610420092626,-0.00453022801198926,-0.000124680534448665
0.000259944161703788,-0.00453008110460271,-0.00012470702768885
0.000258846411521833,-0.00452997950092816,-0.000124732948152385
0.000257748761398517,-0.00452992282823251,-0.000124758249256101
0.000256651213238788,-0.00452990832006456,-0.000124782906751257
0.000255553766216024,-0.00452993063416368,-0.000124806925540949
0.000254456416931745,-0.00452998330704685,-0.00012483031907256
0.000253359159402753,-0.00453006062388916,-0.000124853098529263
0.000252261987903666,-0.00453015888716277,-0.000124875250021205
0.000251164897181381,-0.00453027621209906,-0.000124896784293681
0.000250067884643565,-0.00453041128900923,-0.000124917726202271
0.000248970950209875,-0.00453056188992456,-0.000124938129522459
0.000247874096553175,-0.00453072381606125,-0.000124958023337652
0.000246777326056568,-0.00453089116849247,-0.000124977414936333
0.000245680636465302,-0.0045310578331635,-0.00012499630277106
0.000244584021099472,-0.00453121935455229,-0.0001250146833508
0.000243487472908369,-0.00453137376295696,-0.000125032556780967
0.000242390987107867,-0.00453152096731478,-0.000125049930125495
0.000241294562152989,-0.00453166119163615,-0.000125066810450366
0.000240198198604471,-0.00453179345985954,-0.000125083233361288
0.00023910189897262,-0.0045319151941188,-0.000125099223971596
0.000238005668374327,-0.00453202287848058,-0.000125114786025377
0.00023690953112486,-0.00453211376015365,-0.000125129846398809
0.000235813536358263,-0.00453218724336026,-0.000125144296492607
0.000234717746874852,-0.00453224510913366,-0.000125158032448451
0.000233622235550979,-0.00453229054111881,-0.000125170966636764
0.000232527082875556,-0.00453232663201595,-0.000125183012375437
0.000231432370958083,-0.00453235507226984,-0.000125194076003289
0.000230338178444222,-0.00453237601255824,-0.000125204065232584
0.000229244582334756,-0.0045323890076348,-0.00012521288883948
0.000228151653689462,-0.00453239460875157,-0.000125220453330156
0.000227059458622746,-0.00453239538948918,-0.000125226666871402
0.000225968059461171,-0.00453239578686583,-0.000125231444553257
0.00022487751854653,-0.00453240081979858,-0.000125234710093008
0.000223787897897848,-0.00453241462066842,-0.000125236394126453
0.000222699259111094,-0.00453243952380297,-0.000125236421837125
0.000221611662547252,-0.0045324763477596,-0.000125234681367683
0.000220525161560044,-0.00453252558355952,-0.000125231081334867
0.000219439802626317,-0.004532588710119,-0.000125225552372
0.000218355626033953,-0.00453266881175719,-0.000125218068802037
0.000217272672751836,-0.00453277000315234,-0.000125208665840193
0.000216190987508088,-0.00453289622518062,-0.000125197375616015
0.00021511061691372,-0.00453304999739361,-0.000125184198096537
0.000214031605762387,-0.00453323187924929,-0.000125169092766831
0.000212953991896234,-0.00453344098533752,-0.000125152006367612
0.000211877806562682,-0.00453367620673352,-0.000125132897724735
0.000210803076976085,-0.00453393736274879,-0.000125111755072081
0.000209729831553689,-0.00453422567195297,-0.00012508857751339
0.000208658098389507,-0.0045345430110016,-0.000125063356080683
0.000207587904151164,-0.00453489060650563,-0.000125036076482407
0.000206519273715389,-0.00453526791680745,-0.000125006736104035
0.000205452231833026,-0.00453567258857528,-0.000124975338609368
0.000204386800481673,-0.00453610129305103,-0.00012494190232433
0.000203322998289666,-0.00453655101634981,-0.000124906426967639
0.000202260841022307,-0.00453701995631051,-0.000124868878232798
0.000201200342461874,-0.00453750748221977,-0.000124829192943391
0.000200141515524358,-0.00453801325645745,-0.000124787327372676
0.000199084373997067,-0.00453853601206147,-0.000124743266057007
0.000198028931098722,-0.00453907304149606,-0.000124697027761737
0.000196975197630712,-0.00453962031672966,-0.000124648652486039
0.000195923181786989,-0.00454017354662192,-0.000124598176036683
0.000194872889346451,-0.00454072933150182,-0.00012454561057037
0.000193824324135993,-0.00454128586980046,-0.000124490947207295
0.000192777487992927,-0.00454184262105981,-0.000124434191946577
0.000191732383347133,-0.00454239920653514,-0.000124375365310467
0.000190689011939695,-0.00454295431083592,-0.000124314553300433
0.00018964737536619,-0.00454350516775497,-0.000124251863908339
0.000188607475312934,-0.00454404807009294,-0.00012418737110148
0.000187569312636691,-0.00454457952986574,-0.000124121075797935
0.000186532886053125,-0.00454509753179541,-0.000124052940386078
0.00018549819307146,-0.00454560195191102,-0.000123982900437579
0.000184465228357355,-0.00454609388093485,-0.000123910933583162
0.000183433984479019,-0.00454657445249331,-0.000123837070493995
0.000182404451696249,-0.00454704388000124,-0.000123761391477245
0.000181376622950627,-0.00454750131240231,-0.000123683964278051
0.000180350491899491,-0.00454794543324503,-0.000123604878856045
0.000179326050838161,-0.00454837539158287,-0.000123524286824583
0.000178303291917008,-0.00454879167577921,-0.000123442236545142
0.000177282206490038,-0.00454919613732971,-0.0001233587339268
0.000176262785206385,-0.00454959154722232,-0.000123273760226736
0.000175245018017003,-0.00454998035668511,-0.00012318733503894
0.000174228893934482,-0.00455036394513313,-0.000123099491546147
0.000173214401366811,-0.00455074248778537,-0.000123010277111374
0.000172201527662053,-0.00455111597205608,-0.000122919755489675
0.00017119025630809,-0.00455148517601706,-0.000122827965069049
0.000170180569843098,-0.00455185210376413,-0.000122734943683117
0.000169172451547635,-0.00455221971398847,-0.000122640736434847
0.000168165888575635,-0.00455259097001796,-0.000122545390290881
0.000167160870989921,-0.00455296805942538,-0.000122448930039992
0.000166157386195672,-0.00455335188609436,-0.000122351363442764
0.000165155417926991,-0.00455374256771682,-0.000122252701254383
0.000164154945440608,-0.00455414007772108,-0.000122152978283102
0.000163155951548065,-0.00455454506361106,-0.000122052271168456
0.000162158419780559,-0.00455495913823089,-0.000121950665296376
0.000161162334090454,-0.00455538445273868,-0.000121848227626651
0.000160167677301549,-0.00455582286838724,-0.000121744991551298
0.000159174433970777,-0.00455627498021841,-0.000121640954054573
0.00015818258833709,-0.00455674003898952,-0.000121536106987133
0.000157192121886807,-0.00455721652512063,-0.000121430444952432
0.000156203013550274,-0.00455770316810316,-0.000121323990000828
0.000155215241346019,-0.00455819939569422,-0.000121216792426676
0.000154228783735153,-0.00455870546894377,-0.000121108942268371
0.00015324362232604,-0.0045592220547782,-0.000121000517996191
0.000152259740383267,-0.00455974932907042,-0.000120891590948724
0.000151277121767986,-0.00456028622077698,-0.000120782233437665
0.000150295749339852,-0.00456083045256455,-0.000120672524801968
0.000149315604490426,-0.00456137952594278,-0.000120562520020366
0.000148336667224854,-0.00456193149753027,-0.000120452255964801
0.000147358917267841,-0.00456248536073334,-0.000120341750826929
0.000146382334709922,-0.00456304076647638,-0.000120230987206963
0.000145406898173213,-0.0045635975445676,-0.000120119968182248
0.000144432586808096,-0.00456415480891279,-0.000120008698376484
0.00014345938134297,-0.00456471057871981,-0.000119897232528655
0.000142487264814792,-0.00456526224685508,-0.00011978562580836
0.000141516220494297,-0.00456580747021504,-0.000119673949698437
0.000140546229391253,-0.00456634476021361,-0.000119562251478638
0.000139577270368249,-0.0045668737290667,-0.000119450575793633
0.000138609322728369,-0.00456739458599401,-0.000119338936241754
0.000137642366295113,-0.00456790762561807,-0.000119227353596092
0.00013667638166299,-0.00456841243852919,-0.000119115853071791
0.000135711349257568,-0.00456890781696658,-0.000119004461468582
0.000134747250090938,-0.00456939208365802,-0.000118893219651214
0.000133784067214323,-0.00456986384011204,-0.000118782149773458
0.000132821784991991,-0.00457032259241387,-0.000118671245674945
0.000131860386678052,-0.00457076904840288,-0.000118560427009786
0.000130899852306164,-0.0045712044879438,-0.000118449623737116
0.000129940157750217,-0.00457163018864518,-0.000118338876903275
0.000128981279782556,-0.00457204669599098,-0.000118228313254579
0.000128023200580083,-0.00457245381926436,-0.000118118050873618
0.000127065905965446,-0.00457285096063409,-0.000118008156885074
0.000126109381271613,-0.004573238052745,-0.000117898656625525
0.000125153609463123,-0.00457361607635324,-0.000117789551487117
0.000124198572237606,-0.00457398684635412,-0.000117680831589245
0.00012324425203919,-0.00457435241410557,-0.000117572490130673
0.000122290630654541,-0.00457471437330903,-0.000117464530218872
0.000121337690214908,-0.00457507346662557,-0.000117356969614746
0.000120385414382184,-0.0045754297586666,-0.000117249835322166
0.000119433785935812,-0.0045757832176817,-0.000117143169648357
0.000118482785216087,-0.00457613451419209,-0.000117037064243543
0.000117532394102288,-0.00457648500326374,-0.000116931613013195
0.0001165826007139,-0.00457683639857116,-0.000116826858194746
0.000115633395845404,-0.00457719017790075,-0.00011672274742068
0.000114684766095101,-0.00457754739869593,-0.000116619207153889
0.000113736693176758,-0.00457790828861562,-0.000116516197461979
0.000112789157885612,-0.00457827251716784,-0.000116413711281758
0.000111842142590503,-0.00457863962994687,-0.000116311756248013
0.000110895631643358,-0.00457900968111426,-0.000116210343302284
0.000109949609874389,-0.00457938333774201,-0.000116109501770883
0.000109004062049329,-0.00457976145594851,-0.000116009289393329
0.000108058974689346,-0.00458014460377448,-0.000115909754890175
0.000107114336690963,-0.00458053260270945,-0.000115810918461758
0.00010617013752238,-0.00458092465391577,-0.000115712749542517
0.000105226364287311,-0.00458131964117775,-0.000115615213823537
0.000104283001152734,-0.00458171659962489,-0.000115518274924484
0.000103340032267297,-0.00458211497716253,-0.000115421889849994
0.00010239744258653,-0.00458251480289397,-0.000115326046919194
0.000101455219284496,-0.00458291622180025,-0.000115230753157758
0.000100513351218369,-0.00458331895397863,-0.000115136031939185
9.95718270560111e-05,-0.00458372195022857,-0.000115041900722462
9.86306352818998e-05,-0.00458412361663813,-0.000114948366239141
9.7689764071463e-05,-0.0045845225023596,-0.00011485543707861
9.67492002579991e-05,-0.0045849175753283,-0.000114763124520722
9.58089306867726e-05,-0.00458530845262234,-0.000114671432478054
9.48689429368887e-05,-0.00458569509634018,-0.000114580350552638
9.39292274547734e-05,-0.00458607755653683,-0.000114489864828802
9.29897748422582e-05,-0.00458645541747546,-0.000114399966998435
9.20505741031793e-05,-0.00458682762200588,-0.000114310660419258
9.11116128768558e-05,-0.00458719273560844,-0.000114221983540151
9.0172880367932e-05,-0.00458754957230362,-0.000114133972035621
8.9234366740417e-05,-0.00458789763415647,-0.000114046654673677
8.82960624244781e-05,-0.00458823704449042,-0.0001139600287727
8.73579606182262e-05,-0.00458856805739735,-0.000113874089867461
8.64200875112452e-05,-0.00458889080271065,-0.000113788792576959
8.54825122341245e-05,-0.0045892053795166,-0.000113704064430865
8.45453255288046e-05,-0.00458951138859072,-0.000113619867775417
8.36086303451815e-05,-0.00458980822179079,-0.000113536132830094
8.26725353818079e-05,-0.00459009552506816,-0.000113452740963718
8.17371498604371e-05,-0.00459037358671223,-0.000113369494385779
8.08025793703514e-05,-0.00459064327330069,-0.000113286169614983
7.98689260236494e-05,-0.00459090565886978,-0.000113202523819308
7.89362880407963e-05,-0.00459116162349057,-0.000113118323049879
7.80047563030403e-05,-0.00459141165881308,-0.000113033393582314
7.70744174522692e-05,-0.00459165584025972,-0.000112947609137096
7.61453546298589e-05,-0.00459189411458217,-0.000112860873897142
7.52176515054878e-05,-0.00459212667187097,-0.000112773085566818
7.42913881348968e-05,-0.00459235419048143,-0.000112684140570094
7.33666392502435e-05,-0.00459257787728956,-0.000112593945625045
7.24434749619462e-05,-0.00459279905216458,-0.000112502426016453
7.15219623035998e-05,-0.00459301859917794,-0.000112409509674802
7.06021654752738e-05,-0.00459323673595962,-0.000112315117655789
6.96841446600476e-05,-0.00459345329329454,-0.000112219191982265
6.8767955673958e-05,-0.0045936683269254,-0.000112121704642897
6.78536527413446e-05,-0.00459388235242587,-0.000112022625542811
6.69412884316094e-05,-0.0045940962285867,-0.000111921895859917
6.60309134809739e-05,-0.00459431082563895,-0.000111819416505931
6.51225728271132e-05,-0.004594526802008,-0.000111715100152227
6.42163066492053e-05,-0.00459474439876092,-0.000111608888893669
6.3312151672838e-05,-0.00459496338984549,-0.000111500765644006
6.24101434683633e-05,-0.00459518330219019,-0.000111390745145148
6.1510316604402e-05,-0.00459540377137856,-0.000111278840906426
6.06127048506402e-05,-0.00459562477180817,-0.000111165019913786
5.97173384260758e-05,-0.00459584662190961,-0.000111049220496211
5.88242439746082e-05,-0.00459606969707372,-0.000110931379734661
5.79334444377438e-05,-0.00459629401653576,-0.000110811469714476
5.70449606866729e-05,-0.00459651910232865,-0.000110689485319518
5.6158811789425e-05,-0.00459674416272082,-0.000110565438773356
5.52750145892152e-05,-0.00459696838864203,-0.000110439363210263
5.43935846779325e-05,-0.00459719126992469,-0.000110311301931741
5.35145379333135e-05,-0.00459741262015229,-0.000110181273981592
5.26378872504149e-05,-0.00459763257815866,-0.000110049234251137
5.17636407523044e-05,-0.00459785126493595,-0.000109915148941952
5.08918020043126e-05,-0.00459806842475502,-0.0001097790535879
5.00223796468865e-05,-0.00459828323829562,-0.000109640897486356
4.915538083355e-05,-0.00459849457187683,-0.000109500626312467
4.82908077956455e-05,-0.0045987014188208,-0.000109358248152839
4.74286587970201e-05,-0.00459890340292558,-0.000109213844990845
4.65689316165437e-05,-0.00459910060299733,-0.000109067502988639
4.5711624701313e-05,-0.00459929327671723,-0.000108919267509612
4.48567357123412e-05,-0.00459948148473586,-0.000108769162122782
4.40042620488961e-05,-0.00459966496227471,-0.000108617178066612
4.31541977636859e-05,-0.00459984317467476,-0.000108463340251488
4.2306533890022e-05,-0.00460001541113641,-0.00010830771894706
4.14612594768098e-05,-0.00460018116865472,-0.000108150413780525
4.06183635922549e-05,-0.00460034041616131,-0.000107991520355298
3.97778365103574e-05,-0.0046004936379744,-0.000107831111454227
3.89396687696587e-05,-0.00460064141794872,-0.000107669257356727
3.81038502396361e-05,-0.00460078410581184,-0.000107506011898696
3.72703683148362e-05,-0.00460092170140457,-0.000107341404836562
3.6439208387282e-05,-0.00460105394567413,-0.000107175434365889
3.56103549825482e-05,-0.00460118062795507,-0.000107008057584854
3.47837897551794e-05,-0.00460130186408709,-0.00010683925334472
3.39594923966934e-05,-0.00460141816493102,-0.000106669058655743
3.31374435214004e-05,-0.00460153031955831,-0.000106497577816934
3.23176248670724e-05,-0.00460163904150645,-0.000106324909606646
3.15000182613337e-05,-0.00460174478502327,-0.000106151127990905
3.06846044007846e-05,-0.00460184774582505,-0.000105976283000221
2.98713629108244e-05,-0.00460194796319792,-0.000105800404072039
2.90602702986312e-05,-0.00460204544253336,-0.000105623537187254
2.82513041007155e-05,-0.00460214032107929,-0.000105445713151379
2.74444431095e-05,-0.00460223317541998,-0.000105266970556496
2.66396668195761e-05,-0.00460232490316671,-0.000105087344959019
2.583695280598e-05,-0.00460241631203258,-0.000104906887214422
2.50362777085529e-05,-0.00460250780905106,-0.000104725645839271
2.42376155402263e-05,-0.00460259936446815,-0.000104543668401112
2.34409396585037e-05,-0.00460269083376029,-0.000104360996324
2.2646224926084e-05,-0.00460278223174154,-0.000104177637878445
2.18534471297687e-05,-0.00460287386148205,-0.000103993615033096
2.10625804450072e-05,-0.00460296617651008,-0.000103808974652849
2.02735959255491e-05,-0.0046030595996346,-0.000103623822043737
1.94864658697358e-05,-0.00460315438624361,-0.000103438265486454
1.87011655253827e-05,-0.00460325052861745,-0.00010325238159268
1.7917670644148e-05,-0.0046033476948587,-0.00010306622629333
1.71359575347037e-05,-0.00460344543893186,-0.000102879837602034
1.63559994195336e-05,-0.00460354341199894,-0.000102693256539278
1.5577767286507e-05,-0.00460364157767415,-0.000102506533821708
1.48012312213646e-05,-0.0046037400950784,-0.000102319742460632
1.40263633965596e-05,-0.00460383920179776,-0.000102132960907923
1.3253137337939e-05,-0.00460393887056761,-0.000101946259223419
1.24815268825807e-05,-0.00460403871485255,-0.000101759703920577
1.1711505887469e-05,-0.00460413812692478,-0.000101573356317844
1.09430480313785e-05,-0.00460423655706133,-0.000101387275398184
1.01761271228407e-05,-0.00460433371437107,-0.000101201490567043
9.41071609597766e-06,-0.00460442954064783,-0.000101016010406252
8.64678722746429e-06,-0.00460452410949484,-0.000100830831912932
7.88431154183867e-06,-0.00460461738609217,-0.000100645957683275
7.12326101935708e-06,-0.00460470907336917,-0.000100461406939598
6.36360835606219e-06,-0.00460479864225733,-0.000100277227903967
5.60532657039163e-06,-0.00460488546525761,-0.000100093510477124
4.84838895837035e-06,-0.00460496908365462,-9.99103512727315e-05
4.09276991984939e-06,-0.00460504928431774,-9.97278028875943e-05
3.3384451149035e-06,-0.00460512627197302,-9.95458569217554e-05
2.58538854515388e-06,-0.00460520037139557,-9.9364481072053e-05
1.83357209033075e-06,-0.00460527185949192,-9.91836702310596e-05
1.08296668536729e-06,-0.00460534068037463,-9.90034624752482e-05
3.33544892826669e-07,-0.00460540626497875,-9.88239326679031e-05
-4.14719752250857e-07,-0.00460546777417449,-9.86451754058212e-05
-1.16185192876364e-06,-0.00460552458966347,-9.84672524238639e-05
-1.90787609294101e-06,-0.00460557681472526,-9.82901991641328e-05
-2.65281516135359e-06,-0.00460562485762255,-9.81140137518735e-05
-3.39669219269567e-06,-0.00460566924158667,-9.79386753730462e-05
-4.13953176140752e-06,-0.00460571029590139,-9.77641803249717e-05
-4.88135904912337e-06,-0.00460574829800089,-9.75905554586938e-05
-5.62219900147783e-06,-0.00460578336654542,-9.74178093377872e-05
-6.36207363603732e-06,-0.00460581566113971,-9.72458873997208e-05
-7.10100879065343e-06,-0.00460584532355351,-9.70747744840912e-05
-7.83903112106966e-06,-0.00460587271829096,-9.69045226458627e-05
-8.57616773312247e-06,-0.00460589828100308,-9.67352468516672e-05
-9.31244118250307e-06,-0.00460592247043593,-9.65670300368797e-05
-1.00478709791575e-05,-0.0046059456250151,-9.6399880717476e-05
-1.0782475984199e-05,-0.00460596778002932,-9.62337656401999e-05
-1.15162778387181e-05,-0.0046059888377758,-9.60686723264507e-05
-1.22493019910069e-05,-0.00460600862489442,-9.59046671362138e-05
-1.29815726656735e-05,-0.0046060273500657,-9.57418336946239e-05
-1.37131111120689e-05,-0.00460604546095541,-9.55802214315283e-05
-1.4443935931904e-05,-0.00460606359398009,-9.54198304026475e-05
-1.51740654682337e-05,-0.00460608229825488,-9.52606484034089e-05
-1.59035167490586e-05,-0.00460610183601203,-9.51026542539898e-05
-1.66323102393187e-05,-0.00460612205015776,-9.49457985148393e-05
-1.73604709388576e-05,-0.00460614252253412,-9.47900430886588e-05
-1.80880237723279e-05,-0.00460616310184579,-9.46353914610927e-05
-1.88149903236875e-05,-0.00460618385407615,-9.44819113271651e-05
-1.95413896958539e-05,-0.00460620502949722,-9.43297310465268e-05
-2.02672384970941e-05,-0.00460622668416993,-9.41789649760991e-05
-2.09925505626387e-05,-0.00460624885917497,-9.40296332690783e-05
-2.17173390021549e-05,-0.00460627150042345,-9.38816530282104e-05
-2.24416206226391e-05,-0.00460629461571006,-9.37349286059334e-05
-2.31654171581586e-05,-0.00460631814560524,-9.35894492907987e-05
-2.38887511301069e-05,-0.00460634205154497,-9.34452813036559e-05
-2.46116412697324e-05,-0.00460636629350084,-9.33024891892167e-05
-2.53341018329981e-05,-0.00460639073531224,-9.31610624563609e-05
-2.6056147039598e-05,-0.00460641510563346,-9.30209392884956e-05
-2.6777791222714e-05,-0.00460643902781494,-9.28820574447378e-05
-2.74990472980179e-05,-0.00460646209139732,-9.2744345157642e-05
-2.82199306100899e-05,-0.00460648396741386,-9.26077929061397e-05
-2.89404599574712e-05,-0.00460650449761182,-9.24724329698981e-05
-2.96606546959191e-05,-0.00460652366344654,-9.23383238620768e-05
-3.03805292962299e-05,-0.00460654158725201,-9.22054700218752e-05
-3.11000945259965e-05,-0.00460655838448728,-9.20738327677216e-05
-3.18193646960258e-05,-0.0046065741133999,-9.19434391936092e-05
-3.25383571714182e-05,-0.00460658866906108,-9.18143850662994e-05
-3.32570866755317e-05,-0.00460660174472245,-9.16867221270939e-05
-3.39755604516514e-05,-0.00460661273423449,-9.15604238101489e-05
-3.46937470820607e-05,-0.00460662123018366,-9.14353124074489e-05
-3.54115714829602e-05,-0.00460662736872831,-9.13111815823051e-05
-3.61289385547065e-05,-0.00460663145963558,-9.11878660252614e-05
-3.68457437899841e-05,-0.00460663381581792,-9.10652359353292e-05
-3.75618744774994e-05,-0.00460663463450418,-9.09431085960933e-05
-3.82772184302277e-05,-0.00460663398897267,-9.08213036660003e-05
-3.89916656265319e-05,-0.00460663190916113,-9.06996469162289e-05
-3.97051109750891e-05,-0.00460662835153992,-9.05780091530876e-05
-4.04174505861038e-05,-0.00460662337741941,-9.04562317499714e-05
-4.11285824932669e-05,-0.00460661708469277,-9.03341072739177e-05
-4.18384100811746e-05,-0.00460660971579024,-9.02114092447171e-05
-4.2546843492396e-05,-0.00460660142381482,-9.00879412399642e-05
-4.32537994605952e-05,-0.00460659237539819,-8.99635824971068e-05
-4.39592008093242e-05,-0.00460658261078331,-8.98383412928834e-05
-4.46629708664782e-05,-0.00460657200807011,-8.97122382528686e-05
-4.53650321643236e-05,-0.00460656045949828,-8.95852128232936e-05
-4.60653097143395e-05,-0.0046065479989798,-8.94571324519899e-05
-4.67637345771541e-05,-0.00460653487109907,-8.93278413273678e-05
-4.74602436412608e-05,-0.00460652140367967,-8.91972212173936e-05
-4.81547780636004e-05,-0.00460650794281052,-8.90651857810888e-05
-4.8847281532768e-05,-0.0046064946475815,-8.89316656822636e-05
-4.95377008498389e-05,-0.00460648150040967,-8.87965881747229e-05
-5.02259869950818e-05,-0.00460646838261987,-8.86599108690894e-05
-5.0912094223891e-05,-0.00460645528637642,-8.8521597478149e-05
-5.15959814160053e-05,-0.00460644228795343,-8.83816426188824e-05
-5.22776082033163e-05,-0.0046064296351019,-8.824008211799e-05
-5.29569349552812e-05,-0.00460641759017384,-8.80969698966312e-05
-5.36339226241048e-05,-0.00460640633537138,-8.79523498606508e-05
-5.43085337762859e-05,-0.00460639591835883,-8.78061786229519e-05
-5.4980734763587e-05,-0.00460638631742095,-8.76583551490039e-05
-5.56504979692445e-05,-0.0046063774455211,-8.75087707712739e-05
-5.6317802425074e-05,-0.00460636920939334,-8.73573615311804e-05
-5.6982628767831e-05,-0.00460636156185611,-8.72040851147146e-05
-5.76449597625209e-05,-0.00460635455393472,-8.70489673960707e-05
-5.83047787697971e-05,-0.00460634810020847,-8.68920892199854e-05
-5.8962069972089e-05,-0.00460634201498124,-8.67335397762314e-05
-5.96168180855488e-05,-0.00460633598602553,-8.65733714492645e-05
-6.02690063976123e-05,-0.00460632983704751,-8.64115084263491e-05
-6.09186223799606e-05,-0.00460632342519186,-8.62478516976791e-05
-6.15656585135797e-05,-0.00460631672431466,-8.60823308384794e-05
-6.22101135059915e-05,-0.00460630968751107,-8.59149601009543e-05
-6.28519863341555e-05,-0.00460630229326392,-8.57457663701593e-05
-6.3491273796536e-05,-0.00460629451645663,-8.55747481030889e-05
-6.41279736077879e-05,-0.00460628627200242,-8.54019225290994e-05
-6.47620845807727e-05,-0.0046062774633538,-8.52273049622635e-05
-6.53936088683127e-05,-0.00460626790554674,-8.50509028769758e-05
-6.60225501498642e-05,-0.00460625750990008,-8.48726858853465e-05
-6.66489157846379e-05,-0.00460624626315291,-8.46926521038218e-05
-6.72727157425546e-05,-0.00460623420222826,-8.45108519168121e-05
-6.7893961900527e-05,-0.00460622129361899,-8.43274249648746e-05
-6.85126635822916e-05,-0.00460620749789642,-8.41425316234204e-05
-6.91288284999994e-05,-0.00460619281742491,-8.39562963922866e-05
-6.97424646911475e-05,-0.00460617722703272,-8.37687571138461e-05
-7.03535829514574e-05,-0.0046061606330971,-8.35799034099807e-05
-7.09621967476815e-05,-0.00460614294460196,-8.33896919707643e-05
-7.15683213910838e-05,-0.00460612424468663,-8.31980616583842e-05
-7.21719748878553e-05,-0.00460610469556033,-8.30049701522326e-05
-7.27731768823401e-05,-0.00460608444179781,-8.28104338905556e-05
-7.33719477501542e-05,-0.00460606348874597,-8.26145481685817e-05
-7.39683072923351e-05,-0.00460604171877966,-8.24174860972657e-05
-7.45622739568368e-05,-0.00460601910493661,-8.2219397991374e-05
-7.51538661116524e-05,-0.00460599565040091,-8.2020396010778e-05
-7.57431017703727e-05,-0.004605971464179,-8.18205076726532e-05
-7.63300029756304e-05,-0.00460594674897781,-8.16197649814855e-05
-7.69145934630334e-05,-0.00460592185941662,-8.14181708234173e-05
-7.7496898839791e-05,-0.00460589713692637,-8.12157634197556e-05
-7.80769408300688e-05,-0.00460587281068333,-8.10125400476517e-05
-7.86547394735326e-05,-0.00460584890086308,-8.08084622207652e-05
-7.92303195478788e-05,-0.00460582532356685,-8.06035247880797e-05
-7.98037086506231e-05,-0.00460580199202717,-8.03977846389401e-05
-8.03749361902019e-05,-0.00460577893667219,-8.01913301385459e-05
-8.09440303175395e-05,-0.00460575626766546,-7.99842579196952e-05
-8.15110172562173e-05,-0.00460573410761467,-7.97766471338338e-05
-8.20759214994461e-05,-0.00460571248268368,-7.95685501482494e-05
-8.2638767877107e-05,-0.00460569139019226,-7.93600002041823e-05
-8.31995842728432e-05,-0.00460567080463547,-7.91510448486724e-05
-8.37584003348893e-05,-0.00460565062535263,-7.89417786219411e-05
-8.43152444379876e-05,-0.0046056307846704,-7.87323101014879e-05
-8.48701420456396e-05,-0.0046056114098227,-7.85227266525762e-05
-8.54231200339164e-05,-0.00460559267681845,-7.83130868532461e-05
-8.59742078009306e-05,-0.004605574700514,-7.81034335340814e-05
-8.65234372524496e-05,-0.00460555749531459,-7.78938218924651e-05
-8.70708379430462e-05,-0.00460554104769213,-7.76843049717212e-05
-8.76164370119567e-05,-0.00460552528355136,-7.74749089891777e-05
-8.81602623840519e-05,-0.00460551007679777,-7.72656722199788e-05
-8.87023437904103e-05,-0.00460549535094953,-7.70566494520861e-05
-8.92427113013357e-05,-0.0046054810618826,-7.68479229386373e-05
-8.97813937379164e-05,-0.00460546710384465,-7.66395461123303e-05
-9.03184187473163e-05,-0.0046054533826018,-7.64315611278809e-05
-9.08538153185064e-05,-0.0046054398117227,-7.62240218026313e-05
-9.13876129873679e-05,-0.00460542630089541,-7.60169834902481e-05
-9.19198414718107e-05,-0.00460541270196621,-7.5810481841332e-05
-9.24505286231303e-05,-0.0046053989347241,-7.56045003529334e-05
-9.29797012408863e-05,-0.00460538498890194,-7.53989691715002e-05
-9.35073921921182e-05,-0.00460537100051758,-7.51939695390558e-05
-9.40336317560757e-05,-0.00460535709512807,-7.49896211636791e-05
-9.45584471053704e-05,-0.00460534336266163,-7.47859781020233e-05
-9.50818658905421e-05,-0.00460532979333965,-7.45830662969645e-05
-9.56039168779718e-05,-0.00460531621229282,-7.43808822702249e-05
-9.61246286201086e-05,-0.00460530241005885,-7.41794254658443e-05
-9.66440291493394e-05,-0.00460528821599593,-7.39787022684913e-05
-9.71621457613405e-05,-0.00460527366304717,-7.37787558504053e-05
-9.76790062619471e-05,-0.0046052589129407,-7.35796463226126e-05
-9.81946382678327e-05,-0.00460524412787676,-7.33814118133427e-05
-9.87090688797469e-05,-0.00460522926528926,-7.31840671628337e-05
-9.92223261457901e-05,-0.00460521415633947,-7.2987640288679e-05
-9.97344377940289e-05,-0.00460519868050226,-7.27921840747006e-05
-0.000100245430783858,-0.00460518279454491,-7.25977604988695e-05
-0.00010075533124653,-0.00460516654235932,-7.2404416383774e-05
-0.000101264165362506,-0.00460515003211481,-7.22121951609969e-05
-0.000101771959698176,-0.00460513345172489,-7.20211534611646e-05
-0.000102278739007135,-0.00460511690946492,-7.18313618155496e-05
-0.000102784524681003,-0.00460510047160534,-7.16428382910806e-05
-0.000103289341032515,-0.00460508413987571,-7.14555544449594e-05
-0.000103793213297243,-0.00460506789122691,-7.12694666539657e-05
-0.000104296169941953,-0.00460505154616711,-7.10846252385646e-05
-0.000104798236507115,-0.00460503505436809,-7.09010564318985e-05
-0.000105299436308666,-0.00460501853856984,-7.07187334131567e-05
-0.000105799792306622,-0.00460500217971676,-7.05376309480413e-05
-0.00010629932767311,-0.00460498611564768,-7.0357777983201e-05
-0.000106798065157042,-0.00460497032136687,-7.01792440934325e-05
-0.000107296026053853,-0.00460495476077083,-7.00020596564667e-05
-0.00010779323157545,-0.00460493946828659,-6.98262048304539e-05
-0.000108289705435946,-0.00460492450958504,-6.96516633969714e-05
-0.000108785473089341,-0.00460490996610146,-6.94784538697757e-05
-0.000109280557896957,-0.00460489589307231,-6.93066253627176e-05
-0.000109774979508261,-0.00460488237123093,-6.91362246369047e-05
-0.000110268755833751,-0.00460486952276604,-6.89672735573551e-05
-0.000110761905912869,-0.00460485735972364,-6.87997821894607e-05
-0.000111254449088323,-0.0046048458856694,-6.86337376312833e-05
-0.00011174640563193,-0.00460483505451457,-6.84691095738877e-05
-0.000112237796899717,-0.00460482488773786,-6.83058759383152e-05
-0.000112728642908839,-0.00460481549169035,-6.81440345553081e-05
-0.000113218961558932,-0.00460480702909221,-6.79835943717432e-05
-0.000113708771287703,-0.00460479955652228,-6.78245462093572e-05
-0.000114198092308877,-0.004604793031216,-6.76668792145771e-05
-0.000114686945817636,-0.0046047873307485,-6.7510596686933e-05
-0.000115175348576533,-0.00460478238650583,-6.73557073908778e-05
-0.000115663313613038,-0.0046047780796057,-6.72021963252813e-05
-0.000116150855362721,-0.00460477433836805,-6.70500422874829e-05
-0.000116637992098477,-0.0046047710970118,-6.68992284850634e-05
-0.000117124745807664,-0.00460476838218255,-6.67497752595689e-05
-0.000117611135625741,-0.00460476622312502,-6.66017252961758e-05
-0.000118097175769098,-0.00460476462856505,-6.64551130389803e-05
-0.000118582877917737,-0.0046047635060813,-6.63099532092298e-05
-0.000119068254973068,-0.00460476270805396,-6.61662420500252e-05
-0.000119553321668081,-0.00460476214180958,-6.60239717067534e-05
-0.000120038093109714,-0.00460476183550949,-6.58831427156515e-05
-0.000120522584009487,-0.00460476189693567,-6.57437414902224e-05
-0.000121006805960472,-0.00460476220549374,-6.56057455172314e-05
-0.000121490737538679,-0.00460476262936239,-6.54690892276451e-05
-0.000121974312301838,-0.00460476323374772,-6.53336497950688e-05
-0.000122457439715937,-0.00460476403150339,-6.51992764833765e-05
-0.000122940018789742,-0.00460476500238884,-6.50658082529794e-05
-0.000123421945260067,-0.00460476612897433,-6.49330823288719e-05
-0.000123903115264382,-0.00460476741644325,-6.48009384000673e-05
-0.000124383427150015,-0.00460476888399733,-6.46692207402565e-05
-0.000124862782338338,-0.00460477053821848,-6.45377793301222e-05
-0.000125341085734061,-0.00460477235086679,-6.44064704799797e-05
-0.000125818245923503,-0.00460477425947912,-6.42751571775828e-05
-0.000126294175273022,-0.00460477619284881,-6.41437092582978e-05
-0.000126768789972635,-0.00460477810614777,-6.40120034404378e-05
-0.000127242010039074,-0.00460478000335833,-6.3879923252529e-05
-0.000127713759280007,-0.00460478193225303,-6.37473588802398e-05
-0.000128183965219881,-0.00460478395438668,-6.36142069641885e-05
-0.000128652558993877,-0.00460478610833712,-6.34803703784289e-05
-0.000129119475225117,-0.00460478838867584,-6.33457580122102e-05
-0.000129584651905312,-0.00460479075321597,-6.32102845676209e-05
-0.000130048030296095,-0.00460479315333857,-6.30738703766481e-05
-0.000130509554857516,-0.00460479556788402,-6.29364412352617e-05
-0.000130969173196397,-0.00460479801917731,-6.27979282497091e-05
-0.000131426836017666,-0.00460480056128458,-6.26582676903425e-05
-0.000131882497061114,-0.00460480324815582,-6.25174008496663e-05
-0.000132336113014753,-0.00460480610179293,-6.23752739028632e-05
-0.000132787643408989,-0.00460480910023829,-6.22318377702645e-05
-0.000133237050506409,-0.0046048121924259,-6.20870479819382e-05
-0.000133684299204411,-0.00460481532997879,-6.19408645448203e-05
-0.00013412935696127,-0.00460481849558664,-6.17932518127572e-05
-0.000134572193744152,-0.00460482171011028,-6.16441783595788e-05
-0.000135012781986617,-0.00460482501424433,-6.14936168550105e-05
-0.000135451096539011,-0.00460482843664864,-6.13415439429845e-05
-0.000135887114599857,-0.00460483196879439,-6.11879401218044e-05
-0.000136320815627379,-0.00460483556225161,-6.10327896256892e-05
-0.000136752181241564,-0.00460483914981855,-6.08760803074353e-05
-0.000137181195132845,-0.00460484267691821,-6.07178035221612e-05
-0.000137607842990407,-0.00460484612348002,-6.05579540122446e-05
-0.000138032112453062,-0.00460484950284206,-6.03965297935427e-05
-0.000138453993073955,-0.00460485283887941,-6.02335320428459e-05
-0.000138873476283409,-0.00460485613623688,-6.00689649863442e-05
-0.000139290555335856,-0.00460485936264727,-5.99028357888087e-05
-0.000139705225236166,-0.00460486245442667,-5.97351544432729e-05
-0.000140117482652753,-0.00460486534150645,-5.9565933661203e-05
-0.000140527325832905,-0.00460486797615199,-5.93951887633601e-05
-0.000140934754535302,-0.00460487034745931,-5.92229375716634e-05
-0.000141339769985789,-0.00460487247294122,-5.90492003022874e-05
-0.00014174237485004,-0.0046048743730398,-5.88739994600232e-05
-0.00014214257320778,-0.004604876045023,-5.8697359733726e-05
-0.000142540370512823,-0.00460487745283149,-5.85193078925865e-05
-0.000142935773531759,-0.00460487853914055,-5.83398726830639e-05
-0.000143328790266892,-0.00460487925182985,-5.81590847265561e-05
-0.000143719429878708,-0.00460487956811262,-5.79769764181051e-05
-0.000144107702624149,-0.00460487950129803,-5.7793581826526e-05
-0.000144493619818629,-0.00460487908629193,-5.76089365962366e-05
-0.000144877193816673,-0.00460487835333768,-5.74230778508253e-05
-0.000145258437995919,-0.00460487730670956,-5.72360440981663e-05
-0.000145637366727776,-0.00460487592166723,-5.70478751368172e-05
-0.000146013995326336,-0.00460487416127141,-5.6858611963552e-05
-0.000146388339980264,-0.00460487200213836,-5.66682966821356e-05
-0.000146760417682919,-0.00460486945275228,-5.64769724136669e-05
-0.00014713024617752,-0.00460486655287588,-5.62846832088775e-05
-0.000147497843926005,-0.00460486335463994,-5.60914739626385e-05
-0.000147863230097,-0.00460485989737496,-5.58973903306663e-05
-0.000148226424557726,-0.00460485619196933,-5.57024786481968e-05
-0.000148587447852997,-0.00460485222428626,-5.55067858503418e-05
-0.000148946321162627,-0.00460484797503593,-5.53103593939866e-05
-0.00014930306624172,-0.00460484344319786,-5.51132471813375e-05
-0.000149657705358833,-0.00460483865806279,-5.49154974854386e-05
-0.000150010261248626,-0.0046048336723512,-5.4717158878006e-05
-0.000150360757087532,-0.0046048285408742,-5.45182801597736e-05
-0.000150709216487939,-0.00460482329821362,-5.43189102932788e-05
-0.000151055663496145,-0.00460481794930071,-5.4119098337821e-05
-0.000151400122577776,-0.00460481247845256,-5.39188933862931e-05
-0.000151742618582402,-0.00460480687075034,-5.37183445037489e-05
-0.000152083176691824,-0.00460480113200138,-5.35175006678144e-05
-0.000152421822366435,-0.00460479529465236,-5.33164107112329e-05
-0.000152758581305424,-0.00460478940606427,-5.31151232668401e-05
-0.000153093479428701,-0.00460478350671252,-5.29136867150914e-05
-0.000153426542876036,-0.00460477761209759,-5.27121491340217e-05
-0.000153757798009388,-0.00460477170961433,-5.25105582513426e-05
-0.000154087271403251,-0.00460476577206712,-5.23089613983843e-05
-0.000154414989815537,-0.00460475977905229,-5.21074054657566e-05
-0.000154740980143485,-0.00460475373264737,-5.19059368608354e-05
-0.000155065269378076,-0.00460474765765978,-5.17046014673272e-05
-0.00015538788457144,-0.00460474158656056,-5.15034446071513e-05
-0.000155708852824203,-0.00460473553886209,-5.13025110047006e-05
-0.000156028201288328,-0.00460472950804501,-5.11018447533233e-05
-0.000156345957172481,-0.00460472346419823,-5.09014892837279e-05
-0.000156662147736179,-0.00460471737054526,-5.07014873340395e-05
-0.000156976800266232,-0.0046047112033475,-5.05018809214032e-05
-0.000157289942039824,-0.00460470496273231,-5.03027113152359e-05
-0.000157601600286572,-0.00460469866790274,-5.01040190123457e-05
-0.000157911802162487,-0.00460469234010665,-4.99058437141009e-05
-0.000158220574741804,-0.00460468598437936,-4.97082243056621e-05
-0.000158527945022442,-0.00460467958166689,-4.95111988371005e-05
-0.000158833939933361,-0.00460467309622679,-4.93148045061187e-05
-0.000159138586331694,-0.00460466649352496,-4.91190776421367e-05
-0.000159441910984133,-0.00460465975732685,-4.89240536916631e-05
-0.000159743940536649,-0.00460465289536426,-4.87297672050491e-05
-0.000160044701483557,-0.00460464593029945,-4.85362518248098e-05
-0.000160344220147233,-0.00460463888198733,-4.83435402756453e-05
-0.000160642522673522,-0.00460463175239492,-4.81516643561412e-05
-0.000160939635038905,-0.00460462452267277,-4.79606549319663e-05
-0.000161235583059086,-0.00460461716407378,-4.77705419303141e-05
-0.000161530392388483,-0.00460460965567679,-4.7581354335389e-05
-0.000161824088505971,-0.00460460199769902,-4.73931201848838e-05
-0.000162116696690607,-0.00460459421212097,-4.72058665675422e-05
-0.000162408241996943,-0.00460458633043756,-4.7019619621954e-05
-0.00016269874923966,-0.00460457837642596,-4.68344045366775e-05
-0.000162988242991725,-0.00460457035481047,-4.66502455516435e-05
-0.000163276747592567,-0.00460456225281219,-4.64671659606696e-05
-0.00016356428715732,-0.00460455405335378,-4.6285188114865e-05
-0.00016385088557815,-0.0046045457513785,-4.61043334267709e-05
-0.000164136566513792,-0.00460453736291582,-4.59246223752071e-05
-0.000164421353370589,-0.00460452892124258,-4.57460745109063e-05
-0.000164705269283247,-0.00460452046267931,-4.55687084630597e-05
-0.000164988337103572,-0.00460451201102547,-4.53925419468279e-05
-0.000165270579400681,-0.00460450357034298,-4.52175917717627e-05
-0.000165552018469638,-0.00460449513039347,-4.50438738509834e-05
-0.000165832676340915,-0.00460448668101636,-4.48714032109299e-05
-0.000166112574783119,-0.0046044782261793,-4.47001940015763e-05
-0.000166391735295773,-0.00460446978879088,-4.4530259507095e-05
-0.000166670179094953,-0.00460446140331582,-4.43616121570445e-05
-0.000166947927098715,-0.00460445310094718,-4.41942635381728e-05
-0.000167224999919196,-0.00460444489669408,-4.40282244068661e-05
-0.000167501417864293,-0.00460443678639546,-4.38635047021816e-05
-0.000167777200946342,-0.00460442875531353,-4.37001135593316e-05
-0.00016805236889146,-0.00460442079266865,-4.35380593234802e-05
-0.000168326941143289,-0.00460441290284616,-4.33773495637746e-05
-0.0001686009368585,-0.00460440510625606,-4.32179910876121e-05
-0.000168874374896361,-0.00460439742944962,-4.30599899552083e-05
-0.000169147273808116,-0.00460438989086177,-4.29033514945278e-05
-0.000169419651831803,-0.00460438249120259,-4.27480803165884e-05
-0.000169691526894919,-0.00460437521446479,-4.25941803310786e-05
-0.000169962916622803,-0.00460436803875894,-4.24416547621797e-05
-0.000170233838347612,-0.00460436095003689,-4.22905061644943e-05
-0.000170504309112755,-0.00460435395007131,-4.21407364390308e-05
-0.000170774345670646,-0.00460434705381474,-4.19923468492573e-05
-0.000171043964475609,-0.0046043402780192,-4.18453380372746e-05
-0.000171313181676549,-0.00460433362846256,-4.16997100401469e-05
-0.00017158201311393,-0.00460432709388914,-4.15554623063865e-05
-0.000171850474323007,-0.00460432065042767,-4.14125937125355e-05
-0.000172118580541679,-0.0046043142736104,-4.12711025797645e-05
-0.000172386346718881,-0.00460430795039141,-4.11309866904232e-05
-0.000172653787519458,-0.00460430168368683,-4.09922433045177e-05
-0.000172920917323758,-0.00460429548677791,-4.08548691761328e-05
-0.000173187750223347,-0.00460428937132699,-4.07188605698332e-05
-0.000173454300016386,-0.00460428333670535,-4.05842132770635e-05
-0.000173720580206268,-0.00460427736737969,-4.04509226325303e-05
-0.000173986604005081,-0.00460427143992843,-4.03189835305203e-05
-0.000174252381737977,-0.00460426535454632,-4.0188386800796e-05
-0.00017451789579655,-0.00460425897856875,-4.0059084337319e-05
-0.000174783090700915,-0.00460425242898928,-3.99309762073887e-05
-0.000175047890808759,-0.00460424582218157,-3.98039362041007e-05
-0.000175312211700148,-0.00460423923279734,-3.96778278492186e-05
-0.000175575966102074,-0.00460423268118199,-3.95525125194669e-05
-0.000175839066925179,-0.00460422614387144,-3.94278535042674e-05
-0.000176101428815612,-0.00460421957698348,-3.93037180137309e-05
-0.000176362968958591,-0.00460421294039545,-3.91799781742616e-05
-0.000176623607498427,-0.00460420621264428,-3.90565115219706e-05
-0.000176883267747247,-0.00460419939220177,-3.89332012332358e-05
-0.000177141876266611,-0.00460419248783225,-3.88099362023233e-05
-0.000177399362870927,-0.00460418550575239,-3.86866110201775e-05
-0.000177655660586573,-0.00460417844179671,-3.85631258870529e-05
-0.000177910705590303,-0.00460417128273457,-3.8439386483449e-05
-0.000178164437140572,-0.00460416401484001,-3.83153038189812e-05
-0.000178416797507233,-0.00460415663341904,-3.81907940739882e-05
-0.000178667731900408,-0.00460414914677873,-3.80657784435684e-05
-0.000178917188398188,-0.00460414157199629,-3.79401829890723e-05
-0.000179165117873674,-0.00460413392523555,-3.78139384985406e-05
-0.000179411473922779,-0.00460412621283488,-3.76869803553957e-05
-0.000179656212794045,-0.00460411842882092,-3.75592484137409e-05
-0.00017989929332067,-0.00460411056034496,-3.74306868785304e-05
-0.000180140676853826,-0.004604102597493,-3.73012441892462e-05
-0.000180380327195968,-0.00460409454119331,-3.71708729062267e-05
-0.000180618210533466,-0.0046040864042195,-3.70395295992285e-05
-0.000180854295368932,-0.00460407820469975,-3.69071747380649e-05
-0.000181088552454431,-0.00460406995626564,-3.67737725852645e-05
-0.000181320954726767,-0.00460406166103035,-3.66392910906733e-05
-0.000181551477245289,-0.00460405330972221,-3.65037017878587e-05
-0.000181780097131706,-0.00460404488874749,-3.63669796921207e-05
-0.000182006793510851,-0.00460403638961722,-3.62291031998974e-05
-0.000182231547451439,-0.00460402781476953,-3.60900539893693e-05
-0.00018245434190661,-0.00460401917618563,-3.59498169221045e-05
-0.000182675161654781,-0.00460401048778758,-3.58083799456147e-05
-0.000182893993241704,-0.00460400175650064,-3.56657339967122e-05
-0.000183110824924374,-0.00460399297762745,-3.55218729055715e-05
-0.000183325646616863,-0.00460398413738628,-3.53767933004114e-05
-0.000183538449837542,-0.00460397522092389,-3.52304945127402e-05
-0.000183749227657029,-0.00460396622070654,-3.50829784831388e-05
-0.000183957974646443,-0.00460395714004182,-3.49342496675894e-05
-0.00018416468682604,-0.00460394798963027,-3.47843149443735e-05
-0.000184369361614666,-0.00460393877946088,-3.46331835215663e-05
-0.000184571997780475,-0.00460392951125315,-3.44808668451423e-05
-0.000184772595393091,-0.0046039201762218,-3.43273785077003e-05
-0.000184971155777025,-0.00460391075951978,-3.41727341578193e-05
-0.000185167681466009,-0.00460390124849779,-3.40169514100743e-05
-0.000185362176158011,-0.00460389163956682,-3.38600497557669e-05
-0.000185554644670918,-0.00460388193941055,-3.37020504744432e-05
-0.000185745092899112,-0.00460387215991002,-3.35429765462749e-05
-0.000185933527771148,-0.00460386231010055,-3.33828525653667e-05
-0.000186119957208549,-0.00460385239028755,-3.32217046540375e-05
-0.000186304390085552,-0.00460384239200557,-3.30595603781118e-05
-0.000186486836189552,-0.0046038323037706,-3.28964486632642e-05
-0.000186667306182177,-0.0046038221189335,-3.2732399712474e-05
-0.00018684581156111,-0.00460381184067806,-3.25674449246666e-05
-0.000187022364622956,-0.00460380148107659,-3.24016168146221e-05
-0.000187196978427329,-0.00460379105489402,-3.22349489342242e-05
-0.000187369666762104,-0.00460378057211447,-3.20674757951007e-05
-0.000187540444109515,-0.00460377003389784,-3.18992327926912e-05
-0.000187709325612726,-0.00460375943443881,-3.17302561317673e-05
-0.000187876327042711,-0.00460374876744915,-3.1560582753442e-05
-0.000188041464765622,-0.00460373803309699,-3.13902502637183e-05
-0.00018820475571107,-0.00460372724101413,-3.121929686364e-05
-0.000188366217341713,-0.00460371640751993,-3.10477612811042e-05
-0.000188525867624222,-0.00460370554887092,-3.08756827043801e-05
-0.000188683725001302,-0.00460369467480998,-3.07031007173534e-05
-0.000188839808364236,-0.00460368378642976,-3.05300552365049e-05
-0.000188994137025528,-0.00460367287958911,-3.03565864496249e-05
-0.000189146730691607,-0.00460366195161233,-3.01827347562816e-05
-0.000189297609436031,-0.00460365100697566,-3.00085407100725e-05
-0.000189446793673731,-0.00460364005839185,-2.98340449626971e-05
-0.000189594304136724,-0.004603629122653,-2.96592882098812e-05
-0.000189740161851178,-0.00460361821389631,-2.94843111391598e-05
-0.000189884388115346,-0.00460360733853452,-2.93091543795122e-05
-0.000190027004477704,-0.00460359649498086,-2.91338584528234e-05
-0.000190168032714948,-0.00460358567823819,-2.89584637271581e-05
-0.000190307494809951,-0.00460357488636877,-2.87830103718426e-05
-0.00019044541293026,-0.00460356412473086,-2.86075383143654e-05
-0.000190581809407747,-0.00460355340534159,-2.84320871991088e-05
-0.000190716706719722,-0.00460354274183279,-2.82566963479147e-05
-0.000190850127471287,-0.00460353214323086,-2.80814047224639e-05
-0.000190982094378317,-0.0046035216104818,-2.79062508884363e-05
-0.000191112630250426,-0.00460351113785807,-2.77312729814102e-05
-0.000191241757973642,-0.00460350071828658,-2.75565086744693e-05
-0.000191369500493051,-0.00460349034919316,-2.73819951475024e-05
-0.000191495880796026,-0.00460348003519287,-2.72077690581882e-05
-0.000191620921896629,-0.00460346978599938,-2.7033866514662e-05
-0.000191744646821386,-0.00460345961095896,-2.68603230498435e-05
-0.000191867078596116,-0.00460344951371435,-2.66871735973896e-05
-0.000191988240233171,-0.00460343949036788,-2.65144524692218e-05
-0.000192108154718522,-0.00460342953226214,-2.634219333458e-05
-0.00019222684499851,-0.00460341963157965,-2.61704292005641e-05
-0.000192344333966605,-0.00460340978622232,-2.59991923941394e-05
-0.000192460644450775,-0.00460340000094206,-2.58285145455922e-05
-0.000192575799201962,-0.00460339028409807,-2.56584265734168e-05
-0.000192689820883786,-0.00460338064217323,-2.5488958670603e-05
-0.000192802732063088,-0.00460337107555472,-2.53201402922776e-05
-0.000192914555200736,-0.00460336157823208,-2.51520001446438e-05
-0.000193025312642196,-0.00460335214156106,-2.49845661751699e-05
-0.000193135026607798,-0.0046033427596838,-2.48178655639861e-05
-0.000193243719183045,-0.00460333343319278,-2.46519247164672e-05
-0.000193351412309515,-0.00460332416878222,-2.44867692569792e-05
-0.000193458127776751,-0.0046033149751854,-2.43224240237676e-05
-0.000193563887215198,-0.00460330585802197,-2.41589130649491e-05
-0.000193668712089798,-0.0046032968168187,-2.39962596355581e-05
-0.000193772623693735,-0.00460328784604645,-2.3834486195595e-05
-0.000193875643141942,-0.00460327893946063,-2.36736144090278e-05
-0.000193977791364341,-0.00460327009496627,-2.35136651437135e-05
-0.000194079089099156,-0.00460326131694154,-2.33546584722147e-05
-0.000194179556886749,-0.00460325261459719,-2.31966136734924e-05
-0.000194279215064316,-0.00460324399745958,-2.30395492354469e-05
-0.000194378083761422,-0.00460323547085223,-2.28834828582707e-05
-0.000194476182896076,-0.00460322703420241,-2.27284314585658e-05
-0.000194573532170871,-0.00460321868317745,-2.25744111741781e-05
-0.00019467015106893,-0.00460321041423162,-2.24214373697072e-05
-0.000194766058849618,-0.00460320222865205,-2.22695246426637e-05
-0.000194861274544328,-0.00460319413355255,-2.21186868302525e-05
-0.000194955816952702,-0.00460318613922228,-2.19689370167636e-05
-0.000195049704639567,-0.00460317825453444,-2.18202875415451e-05
-0.00019514295593254,-0.00460317048331129,-2.16727500075224e-05
-0.000195235588920069,-0.00460316282389388,-2.15263352902233e-05
-0.000195327621449523,-0.00460315527211599,-2.13810535472672e-05
-0.000195419071125103,-0.00460314782574098,-2.12369142282873e-05
-0.000195509955305571,-0.0046031404875335,-2.10939260852601e-05
-0.000195600291102014,-0.00460313326504287,-2.09520971832283e-05
-0.00019569009537596,-0.00460312616727274,-2.08114349113993e-05
-0.000195779384738055,-0.00460311920036651,-2.06719459945957e-05
-0.000195868175547295,-0.00460311236502322,-2.05336365050281e-05
-0.000195956483910605,-0.00460310565722992,-2.03965118743549e-05
-0.000196044325682466,-0.00460309907178925,-2.02605769059963e-05
-0.000196131716464391,-0.00460309260637613,-2.01258357876777e-05
-0.000196218671604238,-0.00460308626356372,-1.99922921041853e-05
-0.000196305206195521,-0.0046030800495782,-1.9859948850321e-05
-0.000196391335076981,-0.0046030739706188,-1.97288084440431e-05
-0.000196477072832605,-0.00460306802909744,-1.95988727397733e-05
-0.000196562433792086,-0.00460306222216654,-1.94701430418433e-05
-0.000196647432031593,-0.00460305654343,-1.9342620118054e-05
-0.000196732081374575,-0.00460305098671965,-1.92163042133232e-05
-0.00019681639539244,-0.00460304554954234,-1.90911950634008e-05
-0.000196900387405071,-0.00460304023404929,-1.89672919086431e-05
-0.000196984070481302,-0.00460303504497216,-1.88445935078349e-05
-0.000197067457439589,-0.00460302998588514,-1.8723098152049e-05
-0.000197150560849011,-0.00460302505618279,-1.8602803678527e-05
-0.000197233393030665,-0.00460302025067533,-1.84837074845617e-05
-0.000197315966059298,-0.00460301556202842,-1.83658065413576e-05
-0.000197398291764993,-0.00460301098448408,-1.82490974078545e-05
-0.000197480381734722,-0.00460300651651978,-1.81335762445e-05
-0.000197562247313743,-0.00460300216080721,-1.80192388269634e-05
-0.000197643899606926,-0.00460299792155423,-1.7906080559787e-05
-0.000197725347470529,-0.00460299376598589,-1.77940936690768e-05
-0.000197806578176586,-0.00460298966744586,-1.7683240297986e-05
-0.000197887549741215,-0.00460298564105455,-1.75734425688521e-05
-0.000197968204593975,-0.0046029816996765,-1.74646022977401e-05
-0.000198048478369017,-0.00460297785163882,-1.73566133483791e-05
-0.000198128304481985,-0.00460297410164365,-1.72493679057445e-05
-0.000198207616476052,-0.00460297045175892,-1.71427596088356e-05
-0.000198286349218994,-0.00460296690124262,-1.70366851011628e-05
-0.000198364439520564,-0.0046029634458732,-1.69310447998245e-05
-0.000198441826453549,-0.00460296007821091,-1.68257432770694e-05
-0.000198518451513296,-0.00460295678955426,-1.67206894390933e-05
-0.000198594258681567,-0.00460295357297321,-1.66157965868827e-05
-0.000198669194431901,-0.00460295042578564,-1.65109824008258e-05
-0.000198743207701172,-0.00460294734994843,-1.64061688742768e-05
-0.000198816249843931,-0.00460294435001791,-1.63012822149308e-05
-0.000198888274579281,-0.00460294142982218,-1.61962527291531e-05
-0.000198959237934856,-0.00460293858980303,-1.60910147006757e-05
-0.000199029098189685,-0.00460293582658666,-1.59855062711369e-05
-0.000199097815817029,-0.00460293313497044,-1.58796693263403e-05
-0.000199165353428331,-0.00460293051103004,-1.5773449389387e-05
-0.000199231675719214,-0.00460292795438689,-1.56667955201598e-05
-0.0001992967494176,-0.00460292546823788,-1.55596602199007e-05
-0.000199360543233024,-0.00460292305717174,-1.54519993395511e-05
-0.000199423027805678,-0.00460292072417729,-1.53437719907963e-05
-0.000199484175654146,-0.00460291846872631,-1.52349404591421e-05
-0.000199543961121925,-0.0046029162871038,-1.51254701186839e-05
-0.000199602360323899,-0.00460291417472629,-1.50153293484402e-05
-0.000199659351094459,-0.0046029121289459,-1.49044894502133e-05
-0.000199714912938399,-0.00460291015055897,-1.47929245679348e-05
-0.000199769026984615,-0.00460290824308366,-1.46806116084039e-05
-0.000199821675941448,-0.00460290641028977,-1.45675301632735e-05
-0.00019987284405208,-0.00460290465355596,-1.44536624321088e-05
-0.000199922517048797,-0.00460290297071406,-1.43389931463484e-05
-0.000199970682106081,-0.00460290135708023,-1.42235094940245e-05
-0.000200017327793569,-0.00460289980798908,-1.41072010451406e-05
-0.000200062444030412,-0.00460289832121464,-1.39900596776344e-05
-0.000200106022042178,-0.00460289689776085,-1.38720795038768e-05
-0.000200148054320387,-0.00460289554055374,-1.37532567976609e-05
-0.000200188534583748,-0.00460289425189429,-1.36335899216387e-05
-0.000200227457739612,-0.00460289303129667,-1.3513079255169e-05
-0.000200264819844553,-0.00460289187506893,-1.33917271225545e-05
-0.000200300618063914,-0.00460289077787755,-1.32695377216684e-05
-0.000200334850631185,-0.00460288973528797,-1.31465170529913e-05
-0.000200367516808578,-0.00460288874567712,-1.30226728490918e-05
-0.000200398616849882,-0.00460288781033452,-1.28980145045848e-05
-0.000200428151965743,-0.00460288693172615,-1.2772553006596e-05
-0.000200456124290594,-0.00460288611104958,-1.26463008657513e-05
-0.00020048253684993,-0.00460288534663571,-1.251927204771e-05
-0.000200507393526884,-0.00460288463419542,-1.23914819052685e-05
-0.0002005306990279,-0.00460288396873394,-1.22629471110751e-05
-0.00020055245884823,-0.00460288334691077,-1.21336855910125e-05
-0.000200572679238454,-0.00460288276836228,-1.20037164583103e-05
-0.000200591367173013,-0.00460288223517911,-1.18730599484456e-05
-0.000200608530320958,-0.004602881749902,-1.17417373548799e-05
-0.000200624177018235,-0.00460288131332336,-1.16097709656695e-05
-0.000200638316240382,-0.00460288092348235,-1.14771840009772e-05
-0.000200650957574668,-0.00460288057646816,-1.13440005515223e-05
-0.000200662111191461,-0.0046028802684992,-1.12102455180097e-05
-0.000200671787815421,-0.00460287999795252,-1.10759445515907e-05
-0.000200679998697567,-0.0046028797660693,-1.09411239954127e-05
-0.000200686755589101,-0.00460287957591354,-1.08058108273048e-05
-0.000200692070717194,-0.00460287943026452,-1.06700326036393e-05
-0.000200695956762197,-0.00460287932978109,-1.05338174043935e-05
-0.000200698426835264,-0.00460287927258278,-1.03971937794314e-05
-0.000200699494455559,-0.00460287925548354,-1.02601906960241e-05
-0.000200699173526821,-0.00460287927607106,-1.01228374876368e-05
-0.000200697478313759,-0.00460287933430639,-9.9851638040133e-06
-0.000200694423419182,-0.00460287943264048,-9.84719956259342e-06
-0.000200690023762627,-0.00460287957459212,-9.70897490129122e-06
-0.000200684294560703,-0.00460287976269847,-9.57052013265169e-06
-0.0002006772513087,-0.00460287999712888,-9.4318656993926e-06
-0.000200668909762631,-0.00460288027581466,-9.29304213133187e-06
-0.000200659285920979,-0.00460288059598207,-9.15408000370116e-06
-0.000200648396005917,-0.00460288095609566,-9.01500989685105e-06
-0.000200636256444376,-0.00460288135697838,-8.87586235735819e-06
-0.000200622883849701,-0.00460288180141182,-8.73666786054596e-06
-0.000200608295004552,-0.00460288229248662,-8.59745677442537e-06
-0.000200592506845272,-0.00460288283175427,-8.45825932505457e-06
-0.000200575536447374,-0.00460288341833963,-8.31910556330621e-06
-0.000200557401011472,-0.00460288404955221,-8.18002533302685e-06
-0.000200538117849037,-0.00460288472258446,-8.04104824057267e-06
-0.000200517704367728,-0.0046028854362102,-7.90220362570947e-06
-0.000200496178056576,-0.00460288619141441,-7.76352053386888e-06
-0.000200473556471608,-0.00460288699057514,-7.62502768975466e-06
-0.000200449857222475,-0.0046028878357344,-7.48675347228942e-06
-0.00020042509796031,-0.00460288872705945,-7.34872589088601e-06
-0.000200399296366577,-0.0046028896624591,-7.21097256302153e-06
-0.000200372470142389,-0.00460289063857899,-7.07352069308718e-06
-0.00020034463699774,-0.00460289165253104,-6.93639705248755e-06
-0.000200315814640413,-0.00460289270326178,-6.79962796096549e-06
-0.000200286020764726,-0.00460289379170967,-6.66323926913278e-06
-0.000200255273040565,-0.00460289491967617,-6.5272563421886e-06
-0.000200223589103201,-0.00460289608814526,-6.39170404480653e-06
-0.00020019098654413,-0.00460289729612045,-6.25660672716695e-06
-0.000200157482902804,-0.00460289854070668,-6.12198821210656e-06
-0.000200123095658844,-0.0046028998183705,-5.9878717833538e-06
-0.000200087842224255,-0.00460290112657333,-5.85428017481796e-06
-0.000200051739935384,-0.00460290246475082,-5.72123556090265e-06
-0.000200014806044684,-0.00460290383403927,-5.58875954781711e-06
-0.000199977057712627,-0.00460290523594588,-5.45687316586201e-06
-0.00019993851200021,-0.00460290667082024,-5.32559686266631e-06
-0.000199899185862302,-0.0046029081370947,-5.19495049734955e-06
-0.000199859096141809,-0.00460290963176235,-5.06495333558067e-06
-0.000199818259564327,-0.00460291115177606,-4.93562404550101e-06
-0.000199776692732873,-0.00460291269547789,-4.80698069447891e-06
-0.000199734412122395,-0.00460291426316328,-4.67904074666424e-06
-0.000199691434074039,-0.00460291585644174,-4.55182106131503e-06
-0.000199647774789463,-0.00460291747681658,-4.42533789187134e-06
-0.000199603450325552,-0.0046029191243896,-4.29960688575309e-06
-0.000199558476589864,-0.00460292079750257,-4.1746430848575e-06
-0.00019951286933681,-0.00460292249352545,-4.05046092672912e-06
-0.000199466644164338,-0.00460292421027686,-3.92707424637276e-06
-0.000199419816510738,-0.00460292594717307,-3.80449627867786e-06
-0.000199372401651235,-0.00460292770538649,-3.68273966142452e-06
-0.000199324414694309,-0.00460292948692779,-3.56181643884406e-06
-0.000199275870577944,-0.00460293129324323,-3.4417380657112e-06
-0.00019922678406617,-0.00460293312421285,-3.32251541194684e-06
-0.000199177169746202,-0.00460293497816925,-3.20415876771062e-06
-0.000199127042026284,-0.00460293685290476,-3.08667784896006e-06
-0.000199076415134026,-0.0046029387470148,-2.97008180344996e-06
-0.000199025303114866,-0.00460294066072407,-2.85437921714427e-06
-0.000198973719830345,-0.00460294259568121,-2.73957812101323e-06
-0.000198921678956053,-0.00460294455386345,-2.62568599819185e-06
-0.000198869193979429,-0.00460294653628996,-2.51270979147992e-06
-0.00019881627819776,-0.00460294854235126,-2.40065591116641e-06
-0.000198762944716699,-0.00460295057016233,-2.28953024316159e-06
-0.000198709206449434,-0.00460295261769766,-2.17933815741807e-06
-0.000198655076116333,-0.00460295468397939,-2.07008451661866e-06
-0.000198600566244716,-0.00460295676956864,-1.96177368510712e-06
-0.000198545689168427,-0.00460295887606024,-1.85440953803838e-06
-0.000198490457027051,-0.00460296100491226,-1.74799547072817e-06
-0.000198434881764928,-0.00460296315635481,-1.64253440818615e-06
-0.0001983789751303,-0.00460296532906096,-1.53802881481957e-06
-0.000198322748674919,-0.00460296752077333,-1.43448070429519e-06
-0.000198266213754251,-0.00460296972947704,-1.33189164954476e-06
-0.000198209381528125,-0.0046029719543735,-1.2302627928962e-06
-0.000198152262961503,-0.00460297419604707,-1.12959485631066e-06
-0.000198094868825024,-0.00460297645573415,-1.02988815170597e-06
-0.000198037209695181,-0.00460297873416956,-9.31142591350623e-07
-0.000197979295954267,-0.00460298103074355,-8.33357698316194e-07
-0.000197921137790409,-0.00460298334349597,-7.36532616979528e-07
-0.000197862745198014,-0.00460298566994002,-6.40666123566084e-07
-0.000197804127978755,-0.00460298800818743,-5.45756636723714e-07
-0.000197745295742965,-0.0046029903576662,-4.51802228112827e-07
-0.000197686257911122,-0.00460299271898963,-3.58800632996916e-07
-0.000197627023715098,-0.00460299509307596,-2.66749260818041e-07
-0.000197567602199043,-0.00460299748008672,-1.75645205745176e-07
-0.000197508002220018,-0.0046029998788569,-8.54852571873258e-08
-0.000197448232448701,-0.0046030022871701,3.73408973395692e-09
-0.000197388301370451,-0.00460300470269506,9.20166237577809e-08
-0.000197328215897826,-0.0046030072203505,1.79368357734304e-07
-0.000197267968006775,-0.00460300990795584,2.65816122231201e-07
-0.000197207529434686,-0.00460301270907074,3.51414432367031e-07
-0.000197146861128707,-0.00460301557134505,4.36231861795055e-07
-0.000197085919321841,-0.00460301846125132,5.20342503192681e-07
-0.000197024658696043,-0.00460302136614116,6.03821631230486e-07
-0.00019696303400354,-0.00460302428941812,6.86743536307427e-07
-0.000196901000894388,-0.00460302724369125,7.69180451895971e-07
-0.000196838516343737,-0.00460303024475099,8.51202021983371e-07
-0.000196775538874443,-0.00460303330739298,9.32875036382159e-07
-0.000196712028667882,-0.00460303644308,1.01426330622319e-06
-0.000196647947608288,-0.00460303965911385,1.09542762101165e-06
-0.000196583259286302,-0.00460304295900286,1.17642575840118e-06
-0.000196517928979019,-0.00460304634370803,1.25731252927015e-06
-0.000196451923618285,-0.00460304981331751,1.33813984505558e-06
-0.000196385211754184,-0.00460305336855684,1.41895679687402e-06
-0.000196317763516852,-0.00460305701158474,1.49980973853805e-06
-0.000196249550577657,-0.00460306074583137,1.58074236830717e-06
-0.000196180546110227,-0.00460306457509276,1.66179580669776e-06
-0.00019611072475192,-0.00460306850245371,1.74300866956062e-06
-0.000196040062566401,-0.00460307252965857,1.82441713678882e-06
-0.000195968537007566,-0.00460307665725006,1.90605501752265e-06
-0.000195896126884422,-0.0046030808853251,1.98795381276992e-06
-0.000195822812326079,-0.0046030852143971,2.07014277616817e-06
-0.000195748574746132,-0.00460308964581734,2.15264897335334e-06
-0.00019567339680632,-0.00460309418150789,2.23549734017218e-06
-0.000195597262380034,-0.00460309882320067,2.3187107398297e-06
-0.000195520156516679,-0.00460310357168365,2.40231001900135e-06
-0.000195442065407687,-0.00460310842653894,2.48631406293964e-06
-0.000195362976354356,-0.00460311338653673,2.57073984963673e-06
-0.000195282877736925,-0.00460311845043097,2.65560250313984e-06
-0.000195201758983954,-0.00460312361765271,2.74091534613724e-06
-0.000195119610541177,-0.00460312888846923,2.82668995193273e-06
-0.000195036423839655,-0.00460313426351953,2.91293619590915e-06
-0.000194952191263737,-0.00460313974303118,2.99966230655574e-06
-0.000194866906119746,-0.00460314532621905,3.08687491611071e-06
-0.000194780562606165,-0.00460315101124483,3.17457911085468e-06
-0.000194693155785549,-0.0046031567957581,3.26277848108323e-06
-0.000194604681557682,-0.00460316267767423,3.35147517078481e-06
-0.000194515136633137,-0.00460316865570117,3.44066992704652e-06
-0.000194424518506457,-0.00460317472929283,3.53036214920252e-06
-0.000194332825428736,-0.00460318089807217,3.6205499377274e-06
-0.00019424005637999,-0.00460318716109925,3.71123014286351e-06
-0.000194146211042126,-0.00460319351645118,3.80239841296146e-06
-0.000194051289773251,-0.00460319996137693,3.89404924250961e-06
-0.000193955293583562,-0.00460320649292508,3.98617601983082e-06
-0.000193858224112453,-0.00460321310864665,4.07877107442947e-06
-0.000193760083606086,-0.00460321980693485,4.17182572397347e-06
-0.000193660874894706,-0.00460322658679822,4.2653303208934e-06
-0.000193560601369419,-0.00460323344722303,4.35927429857238e-06
-0.000193459266958752,-0.00460324038653598,4.45364621709134e-06
-0.000193356876105708,-0.00460324740217118,4.54843380848825e-06
-0.000193253433745979,-0.00460325449098482,4.64362402148977e-06
-0.00019314894528762,-0.00460326164991433,4.7392030656794e-06
-0.000193043416591876,-0.00460326887656541,4.83515645507378e-06
-0.000192936853954512,-0.00460327616936233,4.93146905108436e-06
-0.000192829264086958,-0.00460328352717669,5.02812510484177e-06
-0.000192720654096989,-0.00460329094867865,5.12510829885562e-06
-0.000192611031469163,-0.00460329843182476,5.22240178797626e-06
-0.000192500404045657,-0.00460330597380366,5.31998823962115e-06
-0.000192388780008121,-0.00460331357146794,5.41784987323002e-06
-0.000192276167860839,-0.00460332122197423,5.51596849891969e-06
-0.000192162576414998,-0.00460332892322733,5.61432555531801e-06
-0.000192048014773437,-0.00460333667385312,5.71290214656273e-06
-0.000191932492315289,-0.00460334447272583,5.81167907845286e-06
-0.000191816018680189,-0.00460335231835388,5.91063689373693e-06
-0.000191698603752239,-0.00460336020851289,6.00975590651743e-06
-0.000191580257644282,-0.00460336814035207,6.10901623574807e-06
-0.00019146099068306,-0.00460337611089963,6.20839783780236e-06
-0.000191340813395557,-0.00460338411764282,6.30788053809825e-06
-0.000191219736496343,-0.00460339215881683,6.40744406177222e-06
-0.000191097770875415,-0.00460340023322526,6.50706806340209e-06
-0.000190974927585934,-0.00460340833971202,6.60673215578005e-06
-0.000190851217831581,-0.00460341647662159,6.70641593773404e-06
-0.000190726652953672,-0.00460342464158612,6.8060990209919e-06
-0.000190601244418493,-0.00460343283176743,6.90576105607934e-06
-0.000190475003805426,-0.00460344104439391,7.00538175724501e-06
-0.000190347942796106,-0.00460344927724982,7.10494092641116e-06
-0.000190220073164508,-0.00460345752881008,7.20441847615612e-06
-0.000190091406767478,-0.00460346579794128,7.30379445173996e-06
-0.000189961955535197,-0.00460347408336343,7.40304905218609e-06
-0.000189831731461288,-0.00460348238321455,7.50216265042902e-06
-0.00018970074659269,-0.00460349069498961,7.60111581253381e-06
-0.000189569013019697,-0.0046034990158865,7.69988931599038e-06
-0.000189436542866679,-0.00460350734333524,7.79846416708695e-06
-0.000189303348283712,-0.00460351567537545,7.89682161737144e-06
-0.000189169441439036,-0.00460352401064799,7.99494317921615e-06
-0.000189034834511912,-0.00460353234801287,8.09281064050496e-06
-0.000188899539685431,-0.00460354068604029,8.1904060784635e-06
-0.00018876356913899,-0.00460354902269745,8.28771187264933e-06
-0.00018862693504055,-0.00460355735542561,8.38471071711567e-06
-0.000188489649539026,-0.00460356568155381,8.48138563175881e-06
-0.00018835172475724,-0.00460357399878498,8.57771997286088e-06
-0.000188213172785687,-0.0046035823054493,8.67369744284263e-06
-0.000188074005677003,-0.00460359060037049,8.76930209924646e-06
-0.000187934235440799,-0.00460359888243682,8.86451836297303e-06
-0.000187793874038448,-0.00460360715015222,8.95933102579477e-06
-0.000187652933377577,-0.00460361540145123,9.05372525716703e-06
-0.00018751142530636,-0.00460362363389097,9.14768661035369e-06
-0.000187369361607901,-0.00460363184509474,9.2412010278813e-06
-0.000187226753995102,-0.00460364003316571,9.33425484633645e-06
-0.000187083614106212,-0.0046036481968126,9.42683480052395e-06
-0.00018693995350099,-0.00460365633511397,9.51892802700727e-06
-0.000186795783657176,-0.00460366444707621,9.610522067055e-06
-0.000186651115966924,-0.00460367253126695,9.70160486901705e-06
-0.000186505961732988,-0.00460368058575382,9.79216479015144e-06
-0.000186360332164709,-0.0046036886083826,9.88219059791906e-06
-0.000186214238374086,-0.0046036965972152,9.97167147076179e-06
-0.000186067691372232,-0.00460370455085008,1.00605969983791e-05
-0.000185920702066405,-0.00460371246842595,1.01489571815209e-05
-0.000185773281257552,-0.0046037203493119,1.02367424313168e-05
-0.000185625439638126,-0.00460372819268338,1.03239435681643e-05
-0.000185477187789862,-0.00460373599725232,1.04105518201975e-05
-0.00018532853618135,-0.00460374376131809,1.0496558821355e-05
-0.000185179495165435,-0.0046037514831016,1.05819566090646e-05
-0.000185030074976669,-0.00460375916114779,1.06667376215581e-05
-0.000184880285729068,-0.00460376679454185,1.07508946948309e-05
-0.000184730137414347,-0.00460377438280579,1.08344210592627e-05
-0.000184579639900575,-0.00460378192554472,1.09173103359172e-05
-0.000184428802931058,-0.00460378942206826,1.09995565325399e-05
-0.000184277636123204,-0.00460379687122448,1.10811540392725e-05
-0.000184126148967212,-0.00460380427154631,1.11620976241008e-05
-0.000183974350824621,-0.00460381162161238,1.12423824280511e-05
-0.000183822250926872,-0.0046038189203914,1.13220039601459e-05
-0.000183669858374115,-0.00460382616735298,1.14009580921343e-05
-0.000183517182134391,-0.00460383336227816,1.14792410530076e-05
-0.000183364231043158,-0.00460384050489274,1.15568494233176e-05
-0.00018321101380301,-0.00460384759455571,1.16337801293121e-05
-0.000183057538983396,-0.00460385463019672,1.17100304369029e-05
-0.000182903815020194,-0.00460386161053736,1.17855979454802e-05
-0.000182749850215169,-0.00460386853445168,1.18604805815858e-05
-0.000182595652735413,-0.00460387540123691,1.19346765924545e-05
-0.000182441230612974,-0.00460388221062521,1.20081845394362e-05
-0.000182286591744763,-0.00460388896253275,1.20810032913073e-05
-0.000182131743892743,-0.0046038956567079,1.21531320174842e-05
-0.000181976694684289,-0.00460390229250067,1.22245701811516e-05
-0.000181821451612556,-0.00460390886889625,1.22953175323166e-05
-0.000181666022036741,-0.00460391538478724,1.23653741007994e-05
-0.000181510413182235,-0.00460392183930965,1.24347401891716e-05
-0.000181354632140749,-0.00460392823203077,1.25034163656488e-05
-0.000181198685870553,-0.00460393456287343,1.2571403456947e-05
-0.000181042581196926,-0.00460394083182878,1.26387025411102e-05
-0.000180886324812839,-0.00460394703864167,1.27053149403183e-05
-0.000180729923279776,-0.00460395318266714,1.2771242213684e-05
-0.000180573383028588,-0.00460395926298572,1.28364861500472e-05
-0.00018041671036027,-0.00460396527870132,1.29010487607762e-05
-0.000180259911446628,-0.00460397122923225,1.29649322725822e-05
-0.000180102992330912,-0.00460397711441285,1.30281391203537e-05
-0.000179945958928499,-0.0046039829343458,1.3090671940018e-05
-0.000179788817027735,-0.004603988689102,1.31525335614337e-05
-0.00017963157147937,-0.00460399443476836,1.32137281397465e-05
-0.000179474218387235,-0.00460400021047017,1.32742720208231e-05
-0.000179316742009987,-0.00460400598200137,1.33341977542327e-05
-0.000179159120282577,-0.00460401171768119,1.33935461287172e-05
-0.00017900132836709,-0.00460401739772623,1.34523611813164e-05
-0.000178843340501429,-0.00460402301564308,1.35106876620889e-05
-0.000178685130947026,-0.00460402857491486,1.3568569767241e-05
-0.000178526674472652,-0.00460403408414406,1.36260505112842e-05
-0.000178367946604195,-0.00460403955285582,1.36831714148123e-05
-0.000178208923754804,-0.00460404498898277,1.37399723488423e-05
-0.000178049583289732,-0.00460405039806285,1.37964914611072e-05
-0.000177889903552432,-0.00460405578359366,1.38527651500413e-05
-0.000177729863866928,-0.00460406114782868,1.39088280695942e-05
-0.000177569444526498,-0.00460406649246941,1.3964713154692e-05
-0.000177408626775455,-0.00460407181902316,1.40204516597195e-05
-0.000177247392788009,-0.00460407712887998,1.40760732039037e-05
-0.000177085725646064,-0.00460408242329693,1.41316058189871e-05
-0.000176923609316618,-0.00460408770344472,1.41870759961722e-05
-0.000176761028629118,-0.00460409297054368,1.42425087307746e-05
-0.000176597969253191,-0.00460409822599773,1.42979275641218e-05
-0.000176434417677111,-0.00460410347140806,1.4353354622912e-05
-0.000176270361187066,-0.00460410870842085,1.4408810656542e-05
-0.000176105787846925,-0.00460411393847811,1.44643150729427e-05
-0.000175940686477959,-0.00460411916261537,1.45198859733487e-05
-0.000175775046638128,-0.00460412438143084,1.45755401862711e-05
-0.00017560885860094,-0.00460412959524905,1.46312933008108e-05
-0.000175442113334294,-0.00460413480438286,1.46871596993637e-05
-0.000175274802479933,-0.0046041400093368,1.47431525897341e-05
-0.000175106918333932,-0.00460414521083223,1.4799284036676e-05
-0.000174938453828243,-0.00460415040964587,1.48555649929002e-05
-0.000174769402512888,-0.00460415560636892,1.4912005329605e-05
-0.000174599758538223,-0.00460416080124064,1.49686138666004e-05
-0.000174429516636828,-0.00460416599416111,1.50253984020923e-05
-0.000174258672105004,-0.00460417118487314,1.5082365742184e-05
-0.000174087220784248,-0.00460417637319809,1.51395217301368e-05
-0.000173915159043242,-0.00460418155917842,1.51968712754208e-05
-0.000173742483760786,-0.00460418674304086,1.52544183825762e-05
-0.000173569192309698,-0.00460419192500867,1.53121661799064e-05
-0.000173395282541362,-0.00460419710508531,1.53701169480172e-05
-0.000173220752770405,-0.00460420228294799,1.54282721482153e-05
-0.000173045601759115,-0.00460420745801826,1.54866324507741e-05
-0.00017286982870153,-0.00460421262966421,1.5545197763064e-05
-0.000172693433207503,-0.00460421779740704,1.56039672575418e-05
-0.000172516415287215,-0.00460422296100392,1.56629393995854e-05
-0.000172338775336487,-0.00460422812035889,1.57221119751632e-05
-0.000172160514122991,-0.00460423327532222,1.57814821183264e-05
-0.00017198163277306,-0.00460423842550779,1.58410463385144e-05
-0.000171802132758686,-0.00460424357024452,1.59008005476646e-05
-0.000171622015884343,-0.00460424870869185,1.59607400871127e-05
-0.000171441284273538,-0.00460425384004552,1.60208597542674e-05
-0.00017125994035534,-0.00460425896370458,1.60811538290375e-05
-0.000171077986851264,-0.00460426407929657,1.61416160999882e-05
-0.000170895426762863,-0.00460426918654899,1.62022398902032e-05
-0.000170712263360099,-0.00460427428509135,1.62630180828345e-05
-0.000170528500170295,-0.00460427937431461,1.63239431463225e-05
-0.000170344140967303,-0.00460428445337656,1.63850071592711e-05
-0.000170159189760556,-0.00460428952134836,1.6446201834964e-05
-0.000169973650783907,-0.00460429457740908,1.65075185455029e-05
-0.000169787528484431,-0.00460429962096605,1.65689483455494e-05
-0.000169600827511514,-0.00460430465162759,1.66304819956485e-05
-0.000169413552706534,-0.00460430966904843,1.66921099851151e-05
-0.000169225709093241,-0.00460431467274761,1.67538225544671e-05
-0.000169037301868668,-0.00460431966201446,1.68156097173926e-05
-0.000168848336394284,-0.00460432463596077,1.68774612822425e-05
-0.000168658818187081,-0.00460432959368453,1.69393668730367e-05
-0.000168468752910482,-0.00460433453444115,1.70013159499762e-05
-0.000168278146365209,-0.00460433945771462,1.70632978294472e-05
-0.000168087004480362,-0.0046043443631462,1.71253017035057e-05
-0.000167895333305,-0.0046043492503677,1.71873166588311e-05
-0.00016770313900033,-0.00460435411884612,1.72493316951408e-05
-0.000167510427832383,-0.00460435896783708,1.73113357430606e-05
-0.00016731720616495,-0.00460436379647474,1.73733176814494e-05
-0.00016712348045248,-0.00460436860393971,1.7435266354176e-05
-0.000166929257232842,-0.0046043733895982,1.74971705863479e-05
-0.000166734543120018,-0.00460437815302569,1.75590191999868e-05
-0.000166539344796966,-0.0046043828939021,1.76208010291498e-05
-0.000166343669008877,-0.00460438761184651,1.7682504934491e-05
-0.000166147522556971,-0.00460439230629629,1.77441198172647e-05
-0.000165950912292744,-0.00460439697650585,1.7805634632771e-05
-0.000165753845112459,-0.00460440162166399,1.78670384032503e-05
-0.000165556327951649,-0.00460440624105425,1.79283202302306e-05
-0.000165358367779487,-0.00460441083415693,1.79894693063355e-05
-0.000165159971593094,-0.00460441540062972,1.80504749265547e-05
-0.000164961146411937,-0.00460441994018125,1.81113264989813e-05
-0.000164761899272573,-0.00460442445241875,1.81720135550201e-05
-0.000164562237223835,-0.00460442893676615,1.82325257590693e-05
-0.000164362167322444,-0.0046044333925031,1.82928529176863e-05
-0.000164161696628854,-0.00460443781889851,1.83529849882441e-05
-0.000163960832203132,-0.00460444221535354,1.8412912087091e-05
-0.000163759581100724,-0.00460444658146416,1.8472624497223e-05
-0.000163557950368132,-0.00460445091696565,1.85321126754778e-05
-0.000163355947038655,-0.0046044552215959,1.8591367259257e-05
-0.000163153578128395,-0.00460445949496511,1.86503790727855e-05
-0.000162950850632642,-0.00460446373651383,1.87091391329144e-05
-0.000162747771522652,-0.00460446794558447,1.87676386544779e-05
-0.00016254434774265,-0.00460447212155997,1.88258690552168e-05
-0.000162340586206871,-0.00460447626398156,1.88838219602818e-05
-0.000162136493796506,-0.00460448037257235,1.89414892063274e-05
-0.00016193207735655,-0.0046044844471537,1.89988628452093e-05
-0.000161727343692665,-0.00460448848750892,1.90559351472941e-05
-0.000161522299568259,-0.00460449249328102,1.91126986043891e-05
-0.000161316951701886,-0.00460449646396843,1.91691459323028e-05
-0.000161111306765005,-0.00460450039902001,1.92252700730456e-05
-0.000160905371379943,-0.00460450429796828,1.92810641966854e-05
-0.000160699152117913,-0.00460450816051672,1.93365217028689e-05
-0.000160492655496942,-0.00460451198652727,1.93916362220239e-05
-0.000160285887979682,-0.00460451577591757,1.94464016162528e-05
-0.000160078855971218,-0.00460451952853409,1.95008119799276e-05
-0.000159871565817032,-0.0046045232440813,1.95548616399944e-05
-0.000159664023801254,-0.00460452692215058,1.96085451559967e-05
-0.000159456236145222,-0.00460453056232895,1.96618573198288e-05
-0.000159248209006244,-0.00460453416431825,1.97147931552303e-05
-0.000159039948476407,-0.00460453772798949,1.97673479170342e-05
-0.000158831460581304,-0.00460454125333937,1.98195170901824e-05
-0.000158622751278639,-0.00460454474037769,1.98712963885181e-05
-0.0001584138264568,-0.00460454818901741,1.99226817533634e-05
-0.000158204691933557,-0.00460455159903618,1.99736693518924e-05
-0.000157995353454997,-0.00460455497013232,2.00242555753045e-05
-0.00015778581669474,-0.00460455830203815,2.007443703681e-05
-0.000157576087253336,-0.00460456159461856,2.01242105694373e-05
-0.000157366170657717,-0.0046045648478928,2.01735732236729e-05
-0.000157156072360551,-0.00460456806196689,2.02225222649458e-05
-0.000156945797739488,-0.00460457123692022,2.02710551709657e-05
-0.000156735352096347,-0.00460457437271821,2.03191696289215e-05
-0.000156524740656402,-0.00460457746920506,2.03668635325475e-05
-0.000156313968567866,-0.00460458052617973,2.04141349790639e-05
-0.000156103040901622,-0.00460458354350571,2.0460982265999e-05
-0.000155891962651126,-0.00460458652118495,2.05074038879025e-05
-0.000155680738732347,-0.00460458945934972,2.05533985329586e-05
-0.000155469373983622,-0.0046045923581788,2.05989650795099e-05
-0.000155257873165395,-0.0046045952177914,2.06441025924977e-05
-0.000155046240959893,-0.00460459803818589,2.06888103198266e-05
-0.000154834481970869,-0.00460460081926064,2.07330876886568e-05
-0.000154622600723515,-0.00460460356090256,2.07769343016306e-05
-0.000154410601664594,-0.00460460626308638,2.08203499330384e-05
-0.000154198489162721,-0.00460460892592204,2.08633345249319e-05
-0.000153986267508675,-0.0046046115496211,2.0905888183192e-05
-0.000153773940915632,-0.00460461413440452,2.09480111735598e-05
-0.000153561513519282,-0.00460461668041055,2.09897039176351e-05
-0.000153348989377872,-0.00460461918766063,2.1030966988849e-05
-0.000153136372472306,-0.00460462165610357,2.1071801108412e-05
-0.000152923666706382,-0.00460462408570904,2.11122071412429e-05
-0.000152710875907217,-0.00460462647655092,2.11521860918833e-05
-0.00015249800382581,-0.00460462882882805,2.11917391004016e-05
-0.000152285054137619,-0.0046046311428107,2.1230867438295e-05
-0.000152072030443069,-0.00460463341874726,2.1269572504394e-05
-0.000151858936267947,-0.00460463565679075,2.13078558207732e-05
-0.000151645775063722,-0.00460463785699074,2.13457190286738e-05
-0.000151432550207901,-0.00460464001935487,2.13831638844377e-05
-0.000151219265004506,-0.00460464214394026,2.14201922554575e-05
-0.000151005922363874,-0.00460464425317816,2.14568065658563e-05
-0.000150792521715461,-0.00460464636304146,2.14930140912833e-05
-0.00015057905778322,-0.00460464846062101,2.15288285445815e-05
-0.000150365522768814,-0.0046046505339091,2.15642669254472e-05
-0.000150151907755635,-0.0046046525753611,2.15993475461058e-05
-0.000149938203439808,-0.00460465458245414,2.16340890277987e-05
-0.000149724400505025,-0.00460465655652926,2.16685097987322e-05
-0.000149510489814018,-0.0046046585010693,2.17026278446695e-05
-0.000149296462507595,-0.0046046604201587,2.17364605843155e-05
-0.000149082310056416,-0.00460466231745544,2.17700248066172e-05
-0.000148868024286947,-0.00460466419571115,2.18033366404836e-05
-0.000148653597392045,-0.00460466605672366,2.18364115433827e-05
-0.000148439021932095,-0.0046046679015577,2.18692643021441e-05
-0.000148224290830708,-0.00460466973087547,2.19019090419434e-05
-0.000148009397367708,-0.00460467154524786,2.1934359240449e-05
-0.000147794335171018,-0.00460467334535903,2.19666277447127e-05
-0.0001475790982082,-0.00460467513206932,2.19987267889812e-05
-0.000147363680777849,-0.0046046769063562,2.20306680122357e-05
-0.000147148077500977,-0.00460467866919491,2.20624624748451e-05
-0.000146932283312473,-0.00460468042145312,2.20941206741487e-05
-0.000146716293452814,-0.00460468216385209,2.21256525590548e-05
-0.000146500103460066,-0.00460468389700232,2.2157067543855e-05
-0.000146283709162098,-0.00460468562147854,2.21883745214676e-05
-0.00014606710666884,-0.0046046873378808,2.22195818762771e-05
-0.000145850292364411,-0.00460468904684278,2.22506974966789e-05
-0.000145633262899098,-0.00460469074898575,2.22817287873826e-05
-0.00014541601518131,-0.00460469244485176,2.23126826814962e-05
-0.000145198546369721,-0.00460469413486216,2.23435656523972e-05
-0.000144980853865783,-0.00460469581932998,2.23743837253986e-05
-0.000144762935306644,-0.00460469749851932,2.24051424892239e-05
-0.00014454478855834,-0.00460469917271487,2.24358471073127e-05
-0.000144326411709064,-0.00460470084225824,2.24665023289863e-05
-0.00014410780306232,-0.00460470250752935,2.24971125004973e-05
-0.000143888961129936,-0.00460470416888594,2.25276815759903e-05
-0.00014366988462503,-0.00460470582660048,2.25582131283871e-05
-0.000143450572455156,-0.00460470748083486,2.25887103602111e-05
-0.000143231023715776,-0.00460470913166896,2.26191761143567e-05
-0.000143011237684112,-0.00460471077916519,2.2649612884813e-05
-0.000142791213813282,-0.00460471242342853,2.2680022827345e-05
-0.000142570951726514,-0.00460471406462536,2.27104077701397e-05
-0.000142350451211294,-0.00460471570295056,2.27407692244186e-05
-0.000142129712213371,-0.00460471733856515,2.27711083950175e-05
-0.000141908734830736,-0.00460471897154465,2.28014261909314e-05
-0.000141687519307733,-0.00460472060187122,2.28317232358175e-05
-0.000141466066029477,-0.00460472222947428,2.28619998784528e-05
-0.000141244375516612,-0.00460472385429398,2.28922562031402e-05
-0.000141022448420344,-0.00460472547632788,2.29224920400591e-05
-0.00014080028551756,-0.00460472709563226,2.29527069755565e-05
-0.000140577887705901,-0.00460472871227869,2.29829003623745e-05
-0.00014035525599872,-0.00460473032629424,2.30130713298074e-05
-0.000140132391519999,-0.00460473193762377,2.30432187937793e-05
-0.000139909295499389,-0.00460473354613805,2.30733414668328e-05
-0.000139685969267504,-0.00460473515168245,2.31034378680196e-05
-0.000139462414251537,-0.00460473675413527,2.31335063326831e-05
-0.000139238631971127,-0.00460473835343948,2.31635450221282e-05
-0.000139014624034323,-0.00460473994958868,2.31935519331703e-05
-0.000138790392133507,-0.00460474154257734,2.32235249075602e-05
-0.000138565938041228,-0.00460474313234739,2.32534616412757e-05
-0.000138341263605986,-0.00460474471876525,2.32833596936732e-05
-0.000138116370748122,-0.0046047463016435,2.33132164964888e-05
-0.000137891261455928,-0.0046047478807932,2.33430293626833e-05
-0.000137665937782046,-0.00460474945607371,2.33727954951202e-05
-0.000137440401840095,-0.00460475102740919,2.3402511995076e-05
-0.000137214655801398,-0.00460475259476201,2.34321758705753e-05
-0.000136988701891682,-0.00460475415808088,2.34617840445491e-05
-0.000136762542387693,-0.0046047557172568,2.34913333628126e-05
-0.000136536179613772,-0.00460475727211459,2.35208206018542e-05
-0.000136309615938505,-0.00460475882244501,2.35502424764339e-05
-0.000136082853771577,-0.00460476036805662,2.35795956469833e-05
-0.000135855895560866,-0.00460476190881488,2.36088767268043e-05
-0.000135628743789757,-0.00460476344464404,2.36380822890649e-05
-0.000135401400974545,-0.00460476497549158,2.36672088735914e-05
-0.00013517386966182,-0.00460476650127805,2.36962529934553e-05
-0.000134946152425786,-0.00460476802186434,2.37252111413563e-05
-0.000134718251865523,-0.00460476953705667,2.37540797957965e-05
-0.000134490170602331,-0.00460477104664561,2.37828554270466e-05
-0.000134261911277223,-0.00460477255045429,2.38115345028998e-05
-0.000134033476548649,-0.00460477404836525,2.38401134942151e-05
-0.000133804869090404,-0.00460477554030967,2.38685888802493e-05
-0.000133576091589621,-0.00460477702622636,2.38969571537807e-05
-0.000133347146744763,-0.00460477850601676,2.39252148260266e-05
-0.000133118037263535,-0.00460477997952444,2.39533584313553e-05
-0.000132888765860776,-0.00460478144655168,2.39813845317956e-05
-0.000132659335256375,-0.00460478290690201,2.40092897213418e-05
-0.000132429748173347,-0.00460478436042184,2.40370706300575e-05
-0.000132200007336091,-0.00460478580701499,2.40647239279782e-05
-0.000131970115468807,-0.00460478724662154,2.40922463288166e-05
-0.000131740075294008,-0.00460478867917493,2.41196345934752e-05
-0.000131509889531014,-0.00460479010456471,2.41468855333683e-05
-0.000131279560894401,-0.00460479152262828,2.41739960135583e-05
-0.000131049092092396,-0.00460479293317645,2.42009629557087e-05
-0.000130818485825322,-0.00460479433603626,2.42277833408565e-05
-0.000130587744784151,-0.00460479573108404,2.4254454212005e-05
-0.000130356871649218,-0.00460479711824807,2.42809726765426e-05
-0.000130125869089081,-0.00460479849747984,2.430733590849e-05
-0.000129894739759456,-0.0046047998687125,2.43335411505809e-05
-0.000129663486302152,-0.00460480123183294,2.43595857161819e-05
-0.00012943211134395,-0.0046048025866848,2.43854669910543e-05
-0.00012920061749545,-0.00460480393310022,2.44111824349634e-05
-0.000128969007349944,-0.00460480527093989,2.44367295831368e-05
-0.000128737283482372,-0.00460480660011624,2.44621060475762e-05
-0.000128505448448428,-0.00460480792058557,2.4487309518226e-05
-0.000128273504783781,-0.00460480923231449,2.45123377640032e-05
-0.000128041455003362,-0.00460481053524247,2.45371886336939e-05
-0.000127809301600662,-0.00460481182926389,2.45618600567204e-05
-0.000127577047046974,-0.00460481311424076,2.45863500437851e-05
-0.000127344693790613,-0.00460481439003762,2.46106566873929e-05
-0.000127112244256139,-0.00460481565655638,2.46347781622579e-05
-0.00012687970084366,-0.00460481691374919,2.46587127255961e-05
-0.000126647065928244,-0.00460481816160177,2.46824587173088e-05
-0.000126414341859442,-0.00460481940009804,2.47060145600606e-05
-0.000126181530960868,-0.00460482062918861,2.47293787592569e-05
-0.000125948635529777,-0.00460482184878293,2.47525499029257e-05
-0.00012571565783662,-0.00460482305876958,2.47755266615065e-05
-0.000125482600124554,-0.00460482425905146,2.47983077875529e-05
-0.00012524946460896,-0.00460482544957367,2.48208921153487e-05
-0.000125016253477021,-0.00460482663032644,2.48432785604444e-05
-0.000124782968887388,-0.00460482780132185,2.48654661191137e-05
-0.000124549612969937,-0.00460482896255928,2.48874538677376e-05
-0.000124316187825581,-0.00460483011400135,2.49092409621171e-05
-0.000124082695526084,-0.00460483125557544,2.49308266367201e-05
-0.00012384913811385,-0.00460483238719923,2.49522102038656e-05
-0.000123615517601673,-0.00460483350881378,2.49733910528498e-05
-0.000123381835972494,-0.00460483462040336,2.49943686490146e-05
-0.000123148095179189,-0.0046048357219895,2.50151425327635e-05
-0.00012291429714444,-0.00460483681360359,2.50357123185275e-05
-0.000122680443760673,-0.00460483789525537,2.50560776936826e-05
-0.000122446536890048,-0.00460483896691725,2.50762384174237e-05
-0.000122212578364463,-0.00460484002853385,2.50961943195986e-05
-0.000121978569985517,-0.0046048410800505,2.51159452995029e-05
-0.000121744513524457,-0.00460484212144223,2.5135491324642e-05
-0.00012151041072211,-0.00460484315272519,2.51548324294592e-05
-0.000121276263288845,-0.00460484417394343,2.51739687140351e-05
-0.000121042072904588,-0.00460484518513969,2.51929003427585e-05
-0.00012080784121891,-0.00460484618632896,2.52116275429725e-05
-0.000120573569851146,-0.00460484717749104,2.52301506035981e-05
-0.000120339260390534,-0.00460484815858671,2.52484698737368e-05
-0.000120104914396324,-0.00460484912958679,2.52665857612573e-05
-0.000119870533397865,-0.00460485009049557,2.52844987313661e-05
-0.000119636118894672,-0.00460485104135418,2.53022093051652e-05
-0.000119401672356516,-0.00460485198222173,2.53197180581983e-05
-0.000119167195223553,-0.00460485291314685,2.53370256189873e-05
-0.000118932688906507,-0.00460485383414718,2.53541326675613e-05
-0.000118698154786897,-0.00460485474521,2.53710399339787e-05
-0.000118463594217267,-0.0046048556463129,2.53877481968462e-05
-0.000118229008521399,-0.00460485653745137,2.54042582818356e-05
-0.000117994398994506,-0.00460485741865585,2.54205710602005e-05
-0.000117759766903397,-0.00460485828998756,2.54366874472938e-05
-0.000117525113486657,-0.0046048591515163,2.54526084010892e-05
-0.000117290439954854,-0.00460486000329421,2.54683349207045e-05
-0.000117055747552485,-0.0046048608410618,2.54838679584976e-05
-0.000116821038152026,-0.00460486166179851,2.54992075919786e-05
-0.000116586314489853,-0.00460486246804455,2.55143527166577e-05
-0.000116351579746866,-0.00460486326218168,2.55293016496304e-05
-0.000116116837278887,-0.00460486404574838,2.55440525070137e-05
-0.000115882090476444,-0.00460486481932503,2.55586033947335e-05
-0.000115647342693038,-0.0046048655827466,2.55729525029093e-05
-0.00011541259720871,-0.00460486633542739,2.55870981516825e-05
-0.000115177857211445,-0.00460486707665847,2.56010388130711e-05
-0.000114943125787715,-0.00460486780581321,2.56147731209423e-05
-0.000114708405918002,-0.00460486852244902,2.56282998747769e-05
-0.000114473700475245,-0.00460486922632143,2.56416180398298e-05
-0.000114239012225065,-0.00460486991733914,2.56547267449724e-05
-0.000114004343826995,-0.00460487059549207,2.56676252789903e-05
-0.000113769697836235,-0.00460487126078251,2.56803130859186e-05
-0.000113535076705639,-0.00460487191318194,2.56927897598788e-05
-0.000113300482787834,-0.00460487255262228,2.57050550397703e-05
-0.000113065918337402,-0.00460487317901578,2.57171088040451e-05
-0.000112831385513084,-0.00460487379228589,2.5728951065686e-05
-0.000112596886379936,-0.00460487439239005,2.57405819674242e-05
-0.000112362422911408,-0.00460487497932252,2.57520017771812e-05
-0.000112127996991322,-0.00460487555309878,2.57632108836956e-05
-0.000111893610415801,-0.00460487611373373,2.57742097922961e-05
-0.000111659264895215,-0.00460487666122842,2.57849991207864e-05
-0.000111424962056195,-0.00460487719557358,2.57955795954222e-05
-0.000111190703443713,-0.00460487771676688,2.58059520469709e-05
-0.000110956490523182,-0.00460487822483202,2.58161174068489e-05
-0.000110722324682496,-0.0046048787198268,2.58260767033377e-05
-0.000110488207233959,-0.0046048792018347,2.58358310578767e-05
-0.000110254139416106,-0.00460487967094507,2.58453816814296e-05
-0.000110020122395449,-0.00460488012723427,2.58547298709218e-05
-0.000109786157268235,-0.00460488057075945,2.58638770057406e-05
-0.000109552245062251,-0.00460488100156842,2.58728245442955e-05
-0.000109318386738701,-0.00460488141971918,2.58815740206317e-05
-0.000109084583194095,-0.00460488182529627,2.58901270410957e-05
-0.000108850835262087,-0.00460488221841375,2.58984852810494e-05
-0.000108617143715217,-0.00460488259920286,2.59066504816333e-05
-0.000108383509266544,-0.00460488296779214,2.59146244465751e-05
-0.000108149932571202,-0.00460488332429248,2.59224090390435e-05
-0.000107916414227963,-0.0046048836687962,2.59300061785451e-05
-0.000107682954780836,-0.00460488400139039,2.59374178378641e-05
-0.000107449554720719,-0.00460488432217565,2.59446460400436e-05
-0.000107216214487075,-0.00460488463127837,2.59516928554091e-05
-0.000106982934469559,-0.00460488492884866,2.59585603986362e-05
-0.000106749715009559,-0.00460488521504546,2.59652508258629e-05
-0.00010651655640163,-0.00460488549001818,2.59717663318461e-05
-0.000106283458894867,-0.0046048857538964,2.59781091471644e-05
-0.000106050422694262,-0.00460488600679382,2.59842815354658e-05
-0.000105817447962094,-0.00460488624882372,2.59902857907613e-05
-0.000105584534819369,-0.00460488648011576,2.59961242347644e-05
-0.000105351683347276,-0.0046048867008237,2.6001799214279e-05
-0.000105118893588607,-0.00460488691111898,2.60073130986375e-05
-0.00010488616554909,-0.0046048871111746,2.60126682771889e-05
-0.000104653499198641,-0.0046048873011492,2.60178671568405e-05
-0.000104420894472539,-0.00460488748118158,2.60229121596522e-05
-0.000104188351272592,-0.00460488765139856,2.60278057204837e-05
-0.000103955869468325,-0.00460488781193116,2.60325502846965e-05
-0.000103723448898216,-0.00460488796292859,2.60371483059094e-05
-0.000103491089370937,-0.00460488810456132,2.60416022438102e-05
-0.000103258790666569,-0.00460488823701134,2.60459145620253e-05
-0.000103026552537755,-0.0046048883604559,2.60500877260464e-05
-0.00010279437471075,-0.00460488847505495,2.60541242012182e-05
-0.000102562256886427,-0.00460488858095008,2.60580264507841e-05
-0.000102330198741255,-0.00460488867827534,2.60617969339925e-05
-0.000102098199928298,-0.00460488876717287,2.60654381042612e-05
-0.000101866260078254,-0.00460488884780345,2.60689524074028e-05
-0.000101634378800502,-0.00460488892034522,2.60723422799094e-05
-0.000101402555684128,-0.00460488898498169,2.60756101472985e-05
-0.000101170790298888,-0.00460488904188652,2.60787584225205e-05
-0.000100939082196096,-0.00460488909121463,2.60817895044278e-05
-0.000100707430909454,-0.00460488913310524,2.60847057763053e-05
-0.00010047583595586,-0.00460488916769438,2.60875096044613e-05
-0.000100244296836241,-0.00460488919512908,2.60902033368785e-05
-0.0001000128130364,-0.00460488921557405,2.60927893019243e-05
-9.97813840278915e-05,-0.00460488922920681,2.60952698071214e-05
-9.95500092688699e-05,-0.00460488923620441,2.60976471379768e-05
-9.93186882048837e-05,-0.00460488923673024,2.6099923556871e-05
-9.90874202696062e-05,-0.00460488923092905,2.61021013020062e-05
-9.88562048855115e-05,-0.00460488921893321,2.61041825864118e-05
-9.8625041464532e-05,-0.00460488920087603,2.61061695970076e-05
-9.83939294087261e-05,-0.00460488917690358,2.61080644937224e-05
-9.81628681109726e-05,-0.00460488914717761,2.61098694086676e-05
-9.79318569556768e-05,-0.0046048891118678,2.61115864453649e-05
-9.77008953194617e-05,-0.00460488907113838,2.6113217678028e-05
-9.74699825718128e-05,-0.00460488902513753,2.61147651508974e-05
-9.72391180756654e-05,-0.0046048889739962,2.61162308776274e-05
-9.70083011879442e-05,-0.00460488891783688,2.61176168407241e-05
-9.67775312600834e-05,-0.00460488885678655,2.61189249910333e-05
-9.65468076385554e-05,-0.00460488879098576,2.61201572472762e-05
-9.63161296654198e-05,-0.00460488872058798,2.61213154956326e-05
-9.60854966788863e-05,-0.0046048886457499,2.61224015893701e-05
-9.58549080138642e-05,-0.0046048885666188,2.61234173485178e-05
-9.56243630024742e-05,-0.00460488848332511,2.61243645595857e-05
-9.539386097451e-05,-0.00460488839598452,2.61252449753262e-05
-9.51634012578578e-05,-0.00460488830470834,2.61260603145379e-05
-9.49329831788963e-05,-0.00460488820961537,2.61268122619103e-05
-9.47026060629032e-05,-0.00460488811083778,2.61275024679068e-05
-9.44722692344793e-05,-0.00460488800851746,2.61281325486851e-05
-9.42419720179838e-05,-0.00460488790279523,2.61287040860552e-05
-9.40117137379613e-05,-0.00460488779379981,2.61292186274715e-05
-9.37814937195377e-05,-0.00460488768164352,2.61296776860608e-05
-9.35513112887723e-05,-0.00460488756642722,2.61300827406826e-05
-9.33211657729738e-05,-0.00460488744825136,2.61304352360224e-05
-9.30910565009975e-05,-0.00460488732722596,2.61307365827154e-05
-9.28609828035459e-05,-0.00460488720347337,2.61309881574985e-05
-9.26309440134851e-05,-0.00460488707712218,2.61311913033917e-05
-9.24009394661715e-05,-0.0046048869482962,2.61313473299053e-05
-9.2170968499773e-05,-0.00460488681710558,2.61314575132732e-05
-9.19410304555647e-05,-0.00460488668364557,2.61315230967111e-05
-9.17111246781891e-05,-0.00460488654800359,2.61315452906988e-05
-9.14812505158826e-05,-0.00460488641027004,2.61315252732846e-05
-9.12514073206868e-05,-0.00460488627054601,2.61314641904118e-05
-9.1021594448659e-05,-0.00460488612894306,2.6131363156264e-05
-9.07918112600976e-05,-0.00460488598557539,2.61312232536311e-05
-9.05620571197767e-05,-0.00460488584054939,2.61310455342912e-05
-9.03323313971774e-05,-0.00460488569395722,2.61308310194108e-05
-9.01026334667002e-05,-0.00460488554587835,2.61305806999607e-05
-8.98729627078463e-05,-0.00460488539638799,2.6130295537147e-05
-8.96433185053716e-05,-0.00460488524556698,2.61299764628568e-05
-8.94137002494241e-05,-0.0046048850935069,2.6129624380116e-05
-8.91841073356814e-05,-0.00460488494030733,2.61292401635605e-05
-8.89545391654993e-05,-0.00460488478606694,2.61288246599172e-05
-8.87249951460693e-05,-0.00460488463087435,2.61283786884952e-05
-8.84954746905765e-05,-0.00460488447480425,2.61279030416875e-05
-8.82659772183416e-05,-0.00460488431792133,2.61273984854797e-05
-8.80365021549384e-05,-0.00460488416028925,2.61268657599681e-05
-8.78070489322869e-05,-0.00460488400197911,2.61263055798837e-05
-8.75776169887315e-05,-0.00460488384307195,2.61257186351237e-05
-8.73482057691183e-05,-0.00460488368365386,2.61251055912869e-05
-8.71188147248807e-05,-0.00460488352380697,2.61244670902146e-05
-8.6889443314135e-05,-0.00460488336360189,2.6123803750535e-05
-8.66600910017765e-05,-0.00460488320309643,2.61231161682108e-05
-8.64307572595659e-05,-0.00460488304234134,2.61224049170889e-05
-8.6201441566194e-05,-0.0046048828813892,2.6121670549453e-05
-8.59721434073269e-05,-0.00460488272030099,2.61209135965772e-05
-8.57428622756361e-05,-0.00460488255914617,2.61201345692801e-05
-8.55135976708277e-05,-0.00460488239799633,2.61193339584799e-05
-8.52843490996779e-05,-0.00460488223691653,2.61185122357475e-05
-8.50551160760781e-05,-0.00460488207595984,2.61176698538599e-05
-8.48258981210831e-05,-0.00460488191516838,2.61168072473511e-05
-8.45966947629516e-05,-0.00460488175458021,2.61159248330608e-05
-8.43675055371703e-05,-0.00460488159423762,2.61150230106819e-05
-8.41383299864606e-05,-0.00460488143419154,2.61141021633036e-05
-8.3909167660772e-05,-0.00460488127449946,2.61131626579526e-05
-8.36800181172729e-05,-0.00460488111521831,2.61122048461295e-05
-8.34508809203475e-05,-0.0046048809563967,2.61112290643414e-05
-8.32217556416014e-05,-0.00460488079807162,2.61102356346294e-05
-8.2992641859872e-05,-0.0046048806402715,2.61092248650911e-05
-8.27635391612335e-05,-0.00460488048302362,2.61081970503984e-05
-8.25344471389901e-05,-0.00460488032636123,2.61071524723083e-05
-8.23053657248965e-05,-0.0046048801473422,2.61060909361082e-05
-8.20762983773563e-05,-0.00460487992980913,2.61050073324392e-05
-8.18472533465589e-05,-0.00460487968746325,2.61038899962895e-05
-8.16182414210292e-05,-0.00460487943301758,2.6102723956322e-05
-8.13892744786097e-05,-0.0046048791744642,2.61014929697434e-05
-8.11603647322356e-05,-0.00460487891451784,2.6100180554864e-05
-8.09315243434742e-05,-0.00460487865189339,2.60987705059484e-05
-8.07027652254608e-05,-0.00460487838317511,2.60972471472525e-05
-8.04740989414036e-05,-0.00460487810444979,2.60955954582536e-05
-8.02455366519669e-05,-0.00460487781233652,2.6093801134993e-05
-8.00170890893227e-05,-0.00460487750439703,2.60918506179876e-05
-7.97887665470122e-05,-0.00460487717910031,2.60897311006981e-05
-7.95605788794597e-05,-0.00460487683556393,2.60874305254378e-05
-7.93325355070467e-05,-0.00460487647325414,2.60849375708844e-05
-7.91046454239948e-05,-0.00460487609175051,2.60822416343068e-05
-7.88769172074542e-05,-0.00460487569061066,2.6079332811008e-05
-7.86493590270671e-05,-0.00460487526932347,2.6076201872868e-05
-7.84219786547314e-05,-0.00460487482731974,2.60728402472165e-05
-7.81947834744009e-05,-0.00460487436400932,2.60692399966777e-05
-7.7967780491729e-05,-0.00460487387882233,2.60653938001732e-05
-7.77409763433849e-05,-0.00460487337124231,2.60612949349995e-05
-7.75143773060066e-05,-0.00460487284082628,2.60569372597708e-05
-7.72879893049352e-05,-0.00460487228721092,2.60523151980091e-05
-7.70618179229735e-05,-0.00460487171010686,2.60474237222064e-05
-7.68358684093521e-05,-0.00460487110928534,2.60422583382505e-05
-7.66101456889093e-05,-0.00460487048456264,2.60368150701572e-05
-7.6384654371297e-05,-0.00460486983578811,2.60310904450893e-05
-7.61593987599381e-05,-0.00460486916283907,2.60250814786561e-05
-7.59343828605301e-05,-0.00460486846562253,2.6018785660485e-05
-7.57096103890821e-05,-0.00460486774408055,2.60122009400521e-05
-7.54850847796596e-05,-0.00460486699819443,2.6005325712747e-05
-7.52608091921058e-05,-0.00460486622798437,2.5998158806143e-05
-7.5036786519936e-05,-0.00460486543350426,2.59906994664452e-05
-7.48130193984312e-05,-0.00460486461483435,2.59829473450933e-05
-7.45895102127651e-05,-0.00460486377207567,2.59749024855017e-05
-7.43662611059173e-05,-0.00460486290534876,2.59665653099237e-05
-7.41432739861754e-05,-0.00460486201479667,2.5957936606434e-05
-7.39205505342001e-05,-0.00460486110058918,2.59490175160189e-05
-7.36980922097969e-05,-0.00460486016292478,2.59398095197688e-05
-7.34759002586308e-05,-0.00460485920202827,2.59303144261677e-05
-7.3253975719071e-05,-0.00460485821814486,2.59205343584743e-05
-7.3032319429202e-05,-0.00460485721153367,2.59104717421966e-05
-7.28109320338694e-05,-0.00460485618246413,2.59001292926612e-05
-7.25898139915456e-05,-0.00460485513121683,2.58895100026831e-05
-7.23689655808333e-05,-0.00460485405808747,2.58786171303412e-05
-7.2148386906568e-05,-0.00460485296339093,2.58674541868639e-05
-7.19280779056373e-05,-0.0046048518474622,2.5856024924627e-05
-7.17080383527193e-05,-0.00460485071065309,2.58443333252693e-05
-7.14882678661154e-05,-0.00460484955332636,2.58323835879279e-05
-7.12687659137223e-05,-0.0046048483758504,2.58201801176004e-05
-7.10495318190421e-05,-0.00460484717859735,2.58077275136431e-05
-7.08305647670419e-05,-0.00460484596194526,2.57950305584133e-05
-7.06118638096991e-05,-0.00460484472628245,2.57820942060664e-05
-7.03934278711832e-05,-0.00460484347201077,2.57689235715145e-05
-7.01752557527676e-05,-0.00460484219954542,2.57555239195535e-05
-6.99573461376472e-05,-0.00460484090931094,2.57419006541621e-05
-6.97396975958212e-05,-0.00460483960173574,2.57280593079797e-05
-6.95223085890943e-05,-0.00460483827724805,2.57140055319689e-05
-6.93051774761183e-05,-0.00460483693627558,2.56997450852697e-05
-6.90883025173116e-05,-0.00460483557924866,2.56852838252547e-05
-6.88716818795086e-05,-0.00460483420660448,2.56706276977928e-05
-6.86553136402824e-05,-0.00460483281878939,2.56557827277274e-05
-6.84391957920156e-05,-0.00460483141625762,2.56407550095739e-05
-6.82233262458683e-05,-0.00460482999946686,2.56255506984383e-05
-6.80077028357893e-05,-0.00460482856887338,2.56101760011604e-05
-6.77923233226297e-05,-0.00460482712492932,2.55946371676863e-05
-6.75771853982981e-05,-0.00460482566808367,2.55789404826716e-05
-6.73622866898208e-05,-0.00460482419878596,2.55630922573234e-05
-6.71476247631703e-05,-0.00460482271749005,2.55470988214839e-05
-6.69331971268058e-05,-0.00460482122465535,2.55309665159585e-05
-6.67190012349787e-05,-0.00460481972074462,2.55147016850902e-05
-6.65050344909342e-05,-0.00460481820621947,2.54983106695789e-05
-6.62912942501385e-05,-0.0046048166815362,2.54817997995466e-05
-6.60777778235953e-05,-0.00460481514714452,2.54651753878467e-05
-6.58644824812056e-05,-0.00460481360348949,2.54484437236203e-05
-6.56514054550556e-05,-0.00460481205101541,2.54316110660988e-05
-6.54385439425095e-05,-0.00460481049016895,2.5414683638655e-05
-6.52258951090485e-05,-0.00460480892139929,2.53976676231031e-05
-6.50134560908963e-05,-0.00460480734515521,2.53805691542428e-05
-6.48012239975392e-05,-0.0046048057618808,2.53633943146485e-05
-6.45891959142623e-05,-0.00460480417201228,2.53461491296965e-05
-6.43773689047617e-05,-0.00460480257597786,2.53288395628303e-05
-6.41657400138026e-05,-0.00460480097420055,2.53114715110596e-05
-6.39543062698255e-05,-0.00460479936710183,2.52940508006941e-05
-6.37430646873899e-05,-0.00460479775510396,2.52765831833073e-05
-6.35320122693971e-05,-0.00460479613862919,2.52590743319311e-05
-6.33211460091188e-05,-0.00460479451809642,2.52415298374745e-05
-6.31104628921255e-05,-0.00460479289391729,2.52239552053633e-05
-6.28999598982213e-05,-0.00460479126649412,2.52063558523945e-05
-6.26896340034444e-05,-0.0046047896362208,2.51887371038016e-05
-6.24794821821167e-05,-0.00460478800348603,2.51711041905267e-05
-6.22695014088576e-05,-0.00460478636867667,2.51534622466958e-05
-6.20596886604642e-05,-0.00460478473217907,2.51358163072947e-05
-6.1850040917601e-05,-0.00460478309437751,2.51181713060413e-05
-6.16405551663162e-05,-0.00460478145565072,2.51005320734496e-05
-6.14312283994617e-05,-0.00460477981636854,2.50829033350788e-05
-6.12220576181145e-05,-0.00460477817689096,2.50652897099628e-05
-6.10130398330552e-05,-0.00460477653756988,2.50476957092137e-05
-6.08041720662972e-05,-0.00460477489875244,2.50301257347951e-05
-6.05954513525935e-05,-0.00460477326078383,2.50125840784609e-05
-6.03868747408365e-05,-0.00460477162400772,2.49950749208557e-05
-6.01784392952944e-05,-0.00460476998876406,2.49776023307728e-05
-5.99701420966929e-05,-0.00460476835538566,2.49601702645645e-05
-5.97619802432086e-05,-0.00460476672419571,2.49427825656986e-05
-5.95539508514579e-05,-0.00460476509550767,2.49254429644551e-05
-5.93460510575383e-05,-0.00460476346962773,2.49081550777578e-05
-5.91382780181178e-05,-0.00460476184685797,2.4890922409136e-05
-5.89306289115171e-05,-0.0046047602274985,2.48737483488116e-05
-5.87231009387048e-05,-0.00460475861184702,2.48566361739087e-05
-5.85156913241548e-05,-0.0046047570001962,2.48395890487802e-05
-5.83083973165677e-05,-0.00460475539283057,2.48226100254481e-05
-5.81012161895102e-05,-0.00460475379002488,2.48057020441504e-05
-5.78941452420482e-05,-0.00460475219204483,2.47888679339903e-05
-5.76871817994253e-05,-0.00460475059914983,2.47721104136815e-05
-5.74803232137911e-05,-0.00460474901159593,2.47554320923866e-05
-5.72735668649295e-05,-0.00460474742963709,2.47388354706424e-05
-5.70669101609216e-05,-0.00460474585352403,2.47223229413713e-05
-5.68603505386913e-05,-0.00460474428350146,2.47058967909728e-05
-5.66538854644326e-05,-0.00460474271980541,2.46895592004928e-05
-5.64475124339625e-05,-0.00460474116266241,2.46733122468638e-05
-5.62412289730654e-05,-0.00460473961229091,2.46571579042132e-05
-5.60350326378791e-05,-0.0046047380689042,2.46410980452338e-05
-5.58289210153279e-05,-0.00460473653271275,2.46251344426128e-05
-5.56228917235652e-05,-0.00460473500392479,2.46092687705167e-05
-5.54169424123659e-05,-0.00460473348274455,2.45935026061283e-05
-5.52110707634216e-05,-0.00460473196936952,2.45778374312337e-05
-5.50052744905333e-05,-0.0046047304639884,2.4562274633854e-05
-5.47995513397368e-05,-0.004604728966781,2.45468155099209e-05
-5.4593899089419e-05,-0.00460472747792026,2.45314612649878e-05
-5.43883155504714e-05,-0.00460472599757496,2.45162130159769e-05
-5.41827985664891e-05,-0.00460472452591158,2.45010717929564e-05
-5.39773460139855e-05,-0.00460472306309404,2.44860385409453e-05
-5.37719558025706e-05,-0.00460472160928165,2.44711141217455e-05
-5.35666258750488e-05,-0.00460472016462657,2.44562993157963e-05
-5.33613542074294e-05,-0.0046047187292724,2.44415948240499e-05
-5.31561388088763e-05,-0.00460471730335481,2.44270012698649e-05
-5.29509777216487e-05,-0.00460471588700383,2.44125192009136e-05
-5.27458690210746e-05,-0.00460471448034632,2.4398149091101e-05
-5.25408108155685e-05,-0.00460471308350718,2.43838913424923e-05
-5.23358012466689e-05,-0.00460471169660845,2.43697462872479e-05
-5.21308384890509e-05,-0.0046047103197671,2.43557141895623e-05
-5.19259207504736e-05,-0.00460470895309287,2.4341795247607e-05
-5.17210462716527e-05,-0.00460470759668751,2.43279895954753e-05
-5.15162133260791e-05,-0.00460470625064602,2.43142973051247e-05
-5.13114202198291e-05,-0.00460470491505901,2.43007183883168e-05
-5.11066652914031e-05,-0.00460470359001481,2.42872527985507e-05
-5.09019469116071e-05,-0.00460470227559998,2.42739004329892e-05
-5.06972634834563e-05,-0.00460470097189798,2.42606611343749e-05
-5.04926134420639e-05,-0.00460469967898695,2.42475346929366e-05
-5.02879952544774e-05,-0.00460469839693798,2.42345208482842e-05
-5.00834079145377e-05,-0.00460469709146439,2.42216185976241e-05
-4.98788557076609e-05,-0.00460469573840765,2.42088195636808e-05
-4.96743501014394e-05,-0.00460469435823631,2.41961055432797e-05
-4.94699063774814e-05,-0.00460469296995421,2.41834533648373e-05
-4.92655414655568e-05,-0.00460469158552342,2.41708379307757e-05
-4.90612728161833e-05,-0.00460469020902415,2.41582337618628e-05
-4.88571178228608e-05,-0.00460468883855099,2.41456157677638e-05
-4.86530935273487e-05,-0.00460468746899719,2.41329596277712e-05
-4.84492164677453e-05,-0.00460468609449548,2.41202419790098e-05
-4.82455025995951e-05,-0.00460468470996678,2.4107440509151e-05
-4.8041967256851e-05,-0.00460468331174615,2.40945339991554e-05
-4.78386251364789e-05,-0.00460468189753794,2.40815023369436e-05
-4.76354902975162e-05,-0.00460468046602756,2.40683265122885e-05
-4.74325761684553e-05,-0.00460467901642296,2.40549885991402e-05
-4.72298955588244e-05,-0.00460467754809092,2.40414717300396e-05
-4.70274606725507e-05,-0.00460467606034841,2.40277600663554e-05
-4.68252831220063e-05,-0.00460467455239591,2.40138387671577e-05
-4.6623373942332e-05,-0.00460467302334424,2.3999693958571e-05
-4.64217436058139e-05,-0.00460467147228127,2.39853127045603e-05
-4.62204020360391e-05,-0.00460466989833849,2.39706829794339e-05
-4.60193586215838e-05,-0.00460466830073592,2.39557936419327e-05
-4.58186222291761e-05,-0.00460466667880119,2.39406344105968e-05
-4.56182012165327e-05,-0.0046046650319684,2.3925195840081e-05
-4.5418103445216e-05,-0.00460466335976647,2.39094692981599e-05
-4.52183362937803e-05,-0.00460466166180491,2.38934469432575e-05
-4.50189066712209e-05,-0.00460465993776182,2.38771217024172e-05
-4.48198210304581e-05,-0.0046046581873752,2.38604872496829e-05
-4.46210853814627e-05,-0.00460465641043711,2.38435379848785e-05
-4.44227053037241e-05,-0.00460465460678947,2.38262690127789e-05
-4.42246859580351e-05,-0.00460465277632115,2.38086761226462e-05
-4.40270320978445e-05,-0.00460465091896621,2.37907557680985e-05
-4.38297480805628e-05,-0.00460464903470316,2.37725050472675e-05
-4.36328378791107e-05,-0.00460464712355494,2.37539216832035e-05
-4.34363050937497e-05,-0.00460464518558852,2.37350040044923e-05
-4.32401529639615e-05,-0.00460464322091344,2.37157509260591e-05
-4.30443843800164e-05,-0.00460464122967891,2.36961619301401e-05
-4.28490018939474e-05,-0.00460463921206986,2.36762370474101e-05
-4.26540077298836e-05,-0.00460463716830329,2.3655976838254e-05
-4.24594037939516e-05,-0.00460463509862566,2.3635382374173e-05
-4.22651916840848e-05,-0.00460463300331179,2.36144552193159e-05
-4.20713727000122e-05,-0.00460463088266476,2.35931974121311e-05
-4.18779478534851e-05,-0.00460462873701578,2.35716114471392e-05
-4.16849178785541e-05,-0.00460462656672303,2.35497002568298e-05
-4.14922832415832e-05,-0.00460462437216934,2.35274671936903e-05
-4.13000441507401e-05,-0.00460462215375915,2.3504916012375e-05
-4.11082005649006e-05,-0.00460461991191591,2.34820508520208e-05
-4.0916752202135e-05,-0.0046046176470805,2.34588762187149e-05
-4.07256985480712e-05,-0.00460461535971103,2.34353969681191e-05
-4.05350388643877e-05,-0.00460461305028312,2.34116182882581e-05
-4.03447721975053e-05,-0.00460461071928983,2.33875456824801e-05
-4.01548973873331e-05,-0.00460460836724052,2.33631849526042e-05
-3.99654130757968e-05,-0.00460460599465863,2.33385421822673e-05
-3.97763177149092e-05,-0.00460460360207915,2.33136237204859e-05
-3.95876095743128e-05,-0.00460460119004671,2.32884361654435e-05
-3.93992867484244e-05,-0.00460459875911486,2.32629863485135e-05
-3.92113471634384e-05,-0.00460459630984632,2.3237281318526e-05
-3.90237885844192e-05,-0.00460459384281356,2.32113283262846e-05
-3.88366086225633e-05,-0.00460459135859862,2.31851348093452e-05
-3.86498047425184e-05,-0.00460458885779195,2.31587083770678e-05
-3.8463374269526e-05,-0.00460458634099031,2.31320567959533e-05
-3.82773143961703e-05,-0.00460458380879475,2.31051879752788e-05
-3.80916221886537e-05,-0.00460458126180928,2.30781099530391e-05
-3.79062945927013e-05,-0.00460457870064076,2.30508308822022e-05
-3.77213284393136e-05,-0.0046045761258995,2.30233590172833e-05
-3.75367204505785e-05,-0.00460457353819986,2.29957027012412e-05
-3.73524672456282e-05,-0.0046045709381599,2.29678703527038e-05
-3.71685653466566e-05,-0.00460456832640019,2.29398704535287e-05
-3.6985011184798e-05,-0.00460456570354185,2.29117115367065e-05
-3.68018011056693e-05,-0.00460456307020497,2.28834021746145e-05
-3.6618931374494e-05,-0.00460456042700788,2.28549509676242e-05
-3.6436398180883e-05,-0.00460455777456748,2.28263665330657e-05
-3.62541976434616e-05,-0.00460455511349997,2.27976574945475e-05
-3.60723258145321e-05,-0.00460455244442138,2.27688324716329e-05
-3.58907786848622e-05,-0.0046045497679471,2.27399000698722e-05
-3.57095521885366e-05,-0.00460454708469054,2.27108688711927e-05
-3.5528642207703e-05,-0.00460454439526148,2.26817474246484e-05
-3.53480445770349e-05,-0.00460454170026491,2.2652544237532e-05
-3.51677550878274e-05,-0.00460453900030078,2.26232677668479e-05
-3.49877694917798e-05,-0.00460453629596462,2.25939264111438e-05
-3.48080835046267e-05,-0.00460453358784841,2.25645285026974e-05
-3.46286928097882e-05,-0.00460453087654088,2.25350823000533e-05
-3.44495930621291e-05,-0.00460452816262688,2.2505595980906e-05
-3.4270779891784e-05,-0.00460452544668607,2.24760776353259e-05
-3.4092248907906e-05,-0.00460452272929157,2.24465352593276e-05
-3.391399570218e-05,-0.00460452001100916,2.24169767487767e-05
-3.37360158520158e-05,-0.00460451729239753,2.23874098936328e-05
-3.35583049234606e-05,-0.00460451457400906,2.23578423725223e-05
-3.33808584739636e-05,-0.00460451185639065,2.23282817476338e-05
-3.32036720551493e-05,-0.00460450914008383,2.229873545993e-05
-3.30267412156849e-05,-0.00460450642562402,2.22692108246677e-05
-3.28500615042162e-05,-0.00460450371353928,2.22397150272229e-05
-3.26736284722524e-05,-0.00460450100434925,2.22102551192129e-05
-3.24974376768567e-05,-0.00460449829856482,2.21808380149146e-05
-3.23214846830624e-05,-0.00460449559668863,2.2151470487971e-05
-3.21457650660371e-05,-0.00460449289921602,2.21221591683784e-05
-3.1970274413108e-05,-0.00460449020663568,2.20929105397488e-05
-3.17950083257872e-05,-0.00460448751942959,2.20637309368349e-05
-3.16199624218789e-05,-0.00460448483807221,2.20346265433136e-05
-3.1445132337658e-05,-0.00460448216302934,2.20056033898189e-05
-3.12705137300164e-05,-0.00460447949475737,2.19766673522185e-05
-3.1096102278455e-05,-0.00460447683370333,2.19478241501301e-05
-3.09218936868396e-05,-0.00460447418030561,2.1919079345669e-05
-3.07478836849338e-05,-0.00460447153499489,2.18904383424212e-05
-3.05740680298041e-05,-0.00460446889819467,2.18619063846318e-05
-3.04004425072172e-05,-0.00460446627032096,2.18334885566017e-05
-3.02270029331115e-05,-0.00460446365178144,2.18051897822833e-05
-3.00537451551384e-05,-0.00460446104297453,2.17770148250687e-05
-2.98806650541909e-05,-0.0046044584442889,2.17489682877643e-05
-2.9707758545809e-05,-0.00460445585610383,2.17210546127461e-05
-2.95350215813854e-05,-0.00460445327879007,2.16932780822892e-05
-2.93624501491763e-05,-0.00460445071271068,2.16656428190654e-05
-2.91900402751934e-05,-0.00460444815822132,2.16381527867993e-05
-2.90177880240857e-05,-0.00460444561566983,2.1610811791077e-05
-2.88456895000863e-05,-0.00460444308539536,2.15836234802969e-05
-2.86737408480293e-05,-0.00460444056772764,2.15565913467598e-05
-2.85019382543676e-05,-0.00460443806298677,2.15297187278886e-05
-2.83302779480958e-05,-0.00460443557148383,2.15030088075761e-05
-2.81587562015065e-05,-0.00460443309352174,2.14764646176531e-05
-2.79873693307752e-05,-0.00460443062939599,2.14500890394711e-05
-2.78161136964387e-05,-0.00460442817939468,2.14238848055936e-05
-2.76449857038606e-05,-0.00460442574379802,2.13978545015873e-05
-2.74739818037541e-05,-0.00460442332287748,2.13720005679079e-05
-2.73030984927742e-05,-0.00460442091689526,2.13463253018741e-05
-2.71323323141224e-05,-0.00460441852610441,2.13208308597256e-05
-2.696167985808e-05,-0.00460441615074952,2.12955192587596e-05
-2.6791137762403e-05,-0.00460441379106756,2.12703923795428e-05
-2.66207027125698e-05,-0.00460441144728846,2.12454519681926e-05
-2.64503714419322e-05,-0.00460440911963494,2.12206996387216e-05
-2.62801407318519e-05,-0.00460440680832193,2.11961368754412e-05
-2.61100074118895e-05,-0.00460440451355583,2.11717650354163e-05
-2.59399683600591e-05,-0.00460440223553421,2.11475853509681e-05
-2.57700205031061e-05,-0.00460439997444615,2.11235989322208e-05
-2.56001608167326e-05,-0.004604397730473,2.10998067696881e-05
-2.54303863257095e-05,-0.00460439550378919,2.10762097368967e-05
-2.52606941038626e-05,-0.00460439329456252,2.10528085930429e-05
-2.50910812739717e-05,-0.00460439110295395,2.1029603985676e-05
-2.49215450076555e-05,-0.00460438892911688,2.10065964534069e-05
-2.47520825253032e-05,-0.00460438677319668,2.0983786428634e-05
-2.45826910960688e-05,-0.00460438463533051,2.09611742402854e-05
-2.44133680378956e-05,-0.0046043825156479,2.09387601165724e-05
-2.42441107175046e-05,-0.0046043804142715,2.09165441877537e-05
-2.40749165502925e-05,-0.00460437833131777,2.08945264889056e-05
-2.39057830001201e-05,-0.00460437626689713,2.08727069626974e-05
-2.37367075790258e-05,-0.00460437422111353,2.08510854621661e-05
-2.35676878469236e-05,-0.00460437219406392,2.08296617534897e-05
-2.33987214113431e-05,-0.00460437018583775,2.08084355187525e-05
-2.32298059272296e-05,-0.00460436819651718,2.07874063587025e-05
-2.30609390967781e-05,-0.00460436622617766,2.07665737954962e-05
-2.28921186692463e-05,-0.00460436427488871,2.07459372754312e-05
-2.27233424406942e-05,-0.00460436234271443,2.07254961716635e-05
-2.2554608821832e-05,-0.00460436039029223,2.07052489906111e-05
-2.23859223060534e-05,-0.00460435838988303,2.06851857615013e-05
-2.22172956389893e-05,-0.00460435636495962,2.06652852238262e-05
-2.20487459530601e-05,-0.0046043543373089,2.06455204023329e-05
-2.18802922818051e-05,-0.00460435232063192,2.06258620991562e-05
-2.17119542659561e-05,-0.00460435031958246,2.0606280666675e-05
-2.15437514902983e-05,-0.00460434833194638,2.05867468923169e-05
-2.13757031453481e-05,-0.0046043463518386,2.05672324359787e-05
-2.12078278528997e-05,-0.00460434437250354,2.05477100464973e-05
-2.10401435753667e-05,-0.00460434238808968,2.05281536685347e-05
-2.08726675708593e-05,-0.00460434039436503,2.05085384921161e-05
-2.07054163753988e-05,-0.00460433838866437,2.0488840968806e-05
-2.05384058017295e-05,-0.00460433636944489,2.04690388063298e-05
-2.03716509476951e-05,-0.0046043343357627,2.04491109487679e-05
-2.02051662094322e-05,-0.00460433228685816,2.04290375476635e-05
-2.00389652966027e-05,-0.00460433022191733,2.04087999283281e-05
-1.98730612483973e-05,-0.00460432813999401,2.0388380554575e-05
-1.97074664498472e-05,-0.0046043260400378,2.03677629939936e-05
-1.95421926481925e-05,-0.00460432392096832,2.03469318848604e-05
-1.93772509690029e-05,-0.00460432178175108,2.03258729050112e-05
-1.92126519317717e-05,-0.00460431962145083,2.03045727425266e-05
-1.90484054649147e-05,-0.00460431743925611,2.02830190678745e-05
-1.88845209203983e-05,-0.00460431523448015,2.02612005071339e-05
-1.87210070883848e-05,-0.00460431300654752,2.02391066160008e-05
-1.8557872212199e-05,-0.00460431075497602,2.02167278543885e-05
-1.83951240036328e-05,-0.00460430847936015,2.01940555615252e-05
-1.82327696582882e-05,-0.00460430617935949,2.01710819315127e-05
-1.80708158705122e-05,-0.00460430385469216,2.0147799989336e-05
-1.79092688475879e-05,-0.00460430150513221,2.01242035673108e-05
-1.77481343231494e-05,-0.00460429913050875,2.01002872819426e-05
-1.75874175701043e-05,-0.00460429673070545,2.00760465111584e-05
-1.74271234134981e-05,-0.00460429430565911,2.00514773718599e-05
-1.72672562436482e-05,-0.00460429185535744,2.00265766977528e-05
-1.71078200295939e-05,-0.0046042893798363,2.00013420174107e-05
-1.69488183325998e-05,-0.00460428687917686,1.99757715325429e-05
-1.67902543193067e-05,-0.00460428435350316,1.9949864096448e-05
-1.66321307742087e-05,-0.0046042818029799,1.99236191926358e-05
-1.64744501114042e-05,-0.00460427922781044,1.98970369136064e-05
-1.63172143858547e-05,-0.00460427662823461,1.98701179397739e-05
-1.61604253045345e-05,-0.00460427400452633,1.98428635185262e-05
-1.60040842377805e-05,-0.00460427135699127,1.9815275443414e-05
-1.58481922309064e-05,-0.00460426868596464,1.97873560334694e-05
-1.56927500158737e-05,-0.00460426599180948,1.97591081126587e-05
-1.55377580226646e-05,-0.00460426327491534,1.97305349894788e-05
-1.53832163900603e-05,-0.00460426053569709,1.97016404367046e-05
-1.52291249757575e-05,-0.00460425777459367,1.96724286712977e-05
-1.5075483366007e-05,-0.00460425499206652,1.96429043344795e-05
-1.4922290885111e-05,-0.00460425218859772,1.96130724719779e-05
-1.47695466050619e-05,-0.0046042493646882,1.95829385144522e-05
-1.46172493554043e-05,-0.00460424652085613,1.95525082581094e-05
-1.44653977331575e-05,-0.00460424365763576,1.95217878455258e-05
-1.43139901124894e-05,-0.0046042407755766,1.94907837466904e-05
-1.41630246538755e-05,-0.00460423787524265,1.94595027402872e-05
-1.4012499312657e-05,-0.00460423495721143,1.9427951895228e-05
-1.38624118471477e-05,-0.00460423202207276,1.93961385524493e-05
-1.37127598265775e-05,-0.0046042290704273,1.93640703069799e-05
-1.35635406391337e-05,-0.00460422610288519,1.93317549902904e-05
-1.34147515001916e-05,-0.0046042231200649,1.92992006529349e-05
-1.32663894606091e-05,-0.00460422012259258,1.92664155474992e-05
-1.31184514148212e-05,-0.00460421711110154,1.92334081118704e-05
-1.29709341084892e-05,-0.00460421408623173,1.92001869528402e-05
-1.28238341456144e-05,-0.004604211048629,1.91667608300552e-05
-1.26771479952296e-05,-0.00460420799894405,1.91331386403197e-05
-1.2530871997916e-05,-0.00460420493783125,1.90993294022578e-05
-1.23850023723852e-05,-0.00460420186594764,1.90653422413404e-05
-1.22395352222226e-05,-0.00460419878395222,1.90311863752825e-05
-1.20944665426987e-05,-0.00460419569250549,1.89968710998204e-05
-1.19497922274239e-05,-0.00460419259226928,1.89624057748758e-05
-1.18055080746224e-05,-0.00460418948390628,1.89277998111168e-05
-1.16616097929333e-05,-0.00460418636807948,1.88930626569188e-05
-1.15180930068218e-05,-0.00460418324545126,1.885820378573e-05
-1.13749532618134e-05,-0.00460418011668245,1.882323268384e-05
-1.12321860297675e-05,-0.00460417698243163,1.87881588385517e-05
-1.10897867142904e-05,-0.00460417384335471,1.87529917267576e-05
-1.09477506562199e-05,-0.00460417070010473,1.87177408039212e-05
-1.0806073138991e-05,-0.00460416755333176,1.86824154934676e-05
-1.06647493936814e-05,-0.00460416440368263,1.86470251765841e-05
-1.05237746036417e-05,-0.00460416125180036,1.86115791824315e-05
-1.03831439087701e-05,-0.00460415809832344,1.85760867787626e-05
-1.02428524096138e-05,-0.00460415494388512,1.85405571629442e-05
-1.01028951714907e-05,-0.00460415178911296,1.85049994533767e-05
-9.96326722873207e-06,-0.00460414863462862,1.84694226813074e-05
-9.82396358900066e-06,-0.00460414548104786,1.84338357830342e-05
-9.68497923752208e-06,-0.00460414232898056,1.83982475924981e-05
-9.54630914105055e-06,-0.00460413917903045,1.83626668342607e-05
-9.40794825147309e-06,-0.00460413603179468,1.83271021168647e-05
-9.26989150909411e-06,-0.00460413288786317,1.82915619265688e-05
-9.13213384575261e-06,-0.0046041297478182,1.82560546214511e-05
-8.99467018794653e-06,-0.00460412661223409,1.82205884258719e-05
-8.85749546006334e-06,-0.00460412348167724,1.81851714252878e-05
-8.72060458768788e-06,-0.00460412035670626,1.81498115614129e-05
-8.58399250085241e-06,-0.00460411723787203,1.8114516627719e-05
-8.44765413706861e-06,-0.00460411412571743,1.80792942652729e-05
-8.31158444404818e-06,-0.00460411102077703,1.80441519589017e-05
-8.17577838213811e-06,-0.00460410792357658,1.80090970336794e-05
-8.0402309265981e-06,-0.00460410483463274,1.79741366517251e-05
-7.90493706987578e-06,-0.00460410175445301,1.79392778093035e-05
-7.76989182397546e-06,-0.00460409868353588,1.79045273342177e-05
-7.63509022290562e-06,-0.00460409562237102,1.78698918834878e-05
-7.50052732509276e-06,-0.00460409257143935,1.78353779413076e-05
-7.36619821561919e-06,-0.00460408953121289,1.78009918172743e-05
-7.23209800819508e-06,-0.00460408650215435,1.7766739644883e-05
-7.09822184687791e-06,-0.00460408348471688,1.77326273802772e-05
-6.96456490764552e-06,-0.00460408047934389,1.76986608012474e-05
-6.83112239996038e-06,-0.00460407748646915,1.76648455064657e-05
-6.69788956841691e-06,-0.00460407450651704,1.76311869149489e-05
-6.56486169446788e-06,-0.00460407153990273,1.7597690265741e-05
-6.43203409813721e-06,-0.00460406858703227,1.75643606178093e-05
-6.29940213959337e-06,-0.00460406564830239,1.75312028501466e-05
-6.16696122049826e-06,-0.00460406272410026,1.74982216620736e-05
-6.03470678513402e-06,-0.0046040598148032,1.74654215737322e-05
-5.90263432139591e-06,-0.00460405692077876,1.74328069267617e-05
-5.7707393617722e-06,-0.00460405404238483,1.74003818851481e-05
-5.63901748439803e-06,-0.00460405117996997,1.73681504362386e-05
-5.50746431418776e-06,-0.00460404833387361,1.73361163919122e-05
-5.37607552397003e-06,-0.00460404550442602,1.73042833899029e-05
-5.24484683551526e-06,-0.0046040426919482,1.72726548952666e-05
-5.11377402037483e-06,-0.00460403989675161,1.72412342019875e-05
-4.98285290052709e-06,-0.00460403711913808,1.7210024434716e-05
-4.85207934890176e-06,-0.00460403435939989,1.71790285506305e-05
-4.72144928988904e-06,-0.00460403161782001,1.71482493414149e-05
-4.59095869991465e-06,-0.00460402889467241,1.7117689435345e-05
-4.46060360809196e-06,-0.0046040261902222,1.70873512994751e-05
-4.33038009688994e-06,-0.00460402350472565,1.7057237241923e-05
-4.20028430272034e-06,-0.00460402083843,1.70273494142443e-05
-4.07031241636891e-06,-0.00460401819157327,1.69976898138943e-05
-3.94046068325964e-06,-0.00460401556438429,1.69682602867698e-05
-3.81072540360958e-06,-0.00460401295708283,1.6939062529824e-05
-3.68110293256743e-06,-0.0046040103698799,1.69100980937493e-05
-3.5515896804107e-06,-0.00460400780297801,1.68813683857204e-05
-3.42218211281805e-06,-0.00460400525657134,1.68528746721927e-05
-3.29287675116737e-06,-0.00460400273084564,1.68246180817517e-05
-3.16367017277579e-06,-0.00460400022597811,1.67965996080091e-05
-3.03455901101204e-06,-0.00460399774213732,1.67688201125425e-05
-2.90553995526531e-06,-0.00460399527948322,1.67412803278723e-05
-2.77660975081676e-06,-0.00460399283816741,1.67139808604728e-05
-2.64776519869437e-06,-0.00460399041833344,1.66869221938109e-05
-2.51900315558007e-06,-0.00460398802011705,1.66601046914065e-05
-2.39032053378905e-06,-0.00460398564364627,1.66335285999125e-05
-2.26171430128256e-06,-0.00460398328904133,1.66071940522092e-05
-2.13318148164134e-06,-0.00460398095641458,1.65811010705108e-05
-2.00471915393584e-06,-0.00460397864587043,1.65552495694814e-05
-1.87632445247419e-06,-0.00460397635750552,1.65296393593561e-05
-1.74799456646403e-06,-0.00460397409140895,1.65042701490647e-05
-1.61972673965786e-06,-0.0046039718476626,1.64791415493526e-05
-1.49151827004498e-06,-0.00460396962634136,1.64542530758955e-05
-1.36336650961217e-06,-0.00460396742751317,1.64296041524045e-05
-1.23526886414314e-06,-0.00460396525123895,1.64051941137197e-05
-1.10722279299419e-06,-0.0046039630975725,1.63810222088896e-05
-9.79225808787469e-07,-0.00460396096656056,1.63570876042343e-05
-8.51276046625357e-07,-0.0046039588187254,1.63333885878392e-05
-7.23377745425456e-07,-0.00460395662624051,1.63099149409793e-05
-5.95543422689479e-07,-0.00460395441261661,1.6286645119303e-05
-4.67789999551593e-07,-0.00460395219967487,1.62635518416505e-05
-3.40136308959442e-07,-0.00460395000113094,1.62406055911487e-05
-2.12601798523421e-07,-0.00460394782163054,1.62177763927561e-05
-8.52058657003049e-08,-0.00460394565893351,1.6195034700545e-05
4.20324814165675e-08,-0.00460394350711848,1.61723518364872e-05
1.6909479904515e-07,-0.00460394135939045,1.61497002077446e-05
2.95963298668579e-07,-0.00460393920986047,1.61270534141113e-05
4.22620892145655e-07,-0.0046039370542635,1.61043862979717e-05
5.49051209612497e-07,-0.00460393488990564,1.60816749608195e-05
6.75238600740528e-07,-0.00460393271521826,1.60588967581683e-05
8.01168126400535e-07,-0.00460393052923245,1.60360302799982e-05
9.26825545497235e-07,-0.00460392833116277,1.60130553220877e-05
1.05219729976362e-06,-0.00460392612016809,1.59899528525273e-05
1.17727049779139e-06,-0.00460392389527402,1.59667049766501e-05
1.30203289875764e-06,-0.00460392165540173,1.59432949025e-05
1.42647289609714e-06,-0.00460391939944292,1.59197069079342e-05
1.55057950141943e-06,-0.00460391712633584,1.58959263096871e-05
1.67434232894833e-06,-0.00460391483511815,1.58719394342463e-05
1.79775158055222e-06,-0.00460391252495087,1.58477335901842e-05
1.92079803114535e-06,-0.00460391019511884,1.58232970415686e-05
2.04347301407594e-06,-0.00460390784501755,1.57986189821526e-05
2.16576840619812e-06,-0.00460390547413553,1.57736895101546e-05
2.28767661261073e-06,-0.00460390308203853,1.57484996035313e-05
2.40919055135883e-06,-0.00460390066835818,1.57230410957085e-05
2.53030363854142e-06,-0.00460389823278524,1.56973066517571e-05
2.65100977415882e-06,-0.00460389577506629,1.56712897450034e-05
2.7713033287332e-06,-0.00460389329500236,1.56449846340461e-05
2.89117913042062e-06,-0.00460389079244809,1.56183863401404e-05
3.01063245218523e-06,-0.00460388826731067,1.55914906249007e-05
3.12965899870701e-06,-0.00460388571954828,1.55642939682725e-05
3.24825489297875e-06,-0.00460388314916782,1.55367935467351e-05
3.36641666284985e-06,-0.00460388055622234,1.55089872117033e-05
3.48414122792138e-06,-0.00460387794080809,1.54808734681089e-05
3.60142588711072e-06,-0.00460387530306182,1.54524514531459e-05
3.71826830693964e-06,-0.00460387264315816,1.54237209151674e-05
3.83466651031332e-06,-0.00460386996130746,1.53946821927224e-05
3.95061886541085e-06,-0.00460386725775381,1.53653361937228e-05
4.06612407437932e-06,-0.0046038645327733,1.5335684374735e-05
4.18118116176654e-06,-0.00460386178667227,1.53057287203964e-05
4.29578946289855e-06,-0.00460385901978562,1.52754717229602e-05
4.40994861255372e-06,-0.00460385623247494,1.52449163619795e-05
4.52365853422686e-06,-0.00460385342512679,1.52140660841371e-05
4.63691943005402e-06,-0.00460385059815109,1.51829247832314e-05
4.74973177121187e-06,-0.00460384775197962,1.51514967803234e-05
4.86209628846169e-06,-0.00460384488706473,1.51197868040501e-05
4.97401396255353e-06,-0.00460384200387805,1.50877999711138e-05
5.08548601441032e-06,-0.0046038391029092,1.50555417669572e-05
5.19651389525357e-06,-0.00460383618466449,1.50230180266398e-05
5.30709927697424e-06,-0.00460383324966551,1.49902349159311e-05
5.41724404301772e-06,-0.00460383029844792,1.49571989126395e-05
5.526950279865e-06,-0.00460382733156023,1.49239167881864e-05
5.63622026896425e-06,-0.00460382434956285,1.48903955894415e-05
5.74505647882699e-06,-0.00460382135302713,1.48566426208237e-05
5.85346155702826e-06,-0.0046038183425345,1.4822665426681e-05
5.96143832202009e-06,-0.00460381531867548,1.4788471773959e-05
6.0689897548824e-06,-0.00460381228204871,1.47540696351713e-05
6.17611899127215e-06,-0.00460380923325991,1.47194671716891e-05
6.28282931381535e-06,-0.00460380617292095,1.46846727173601e-05
6.38912414503184e-06,-0.00460380310164904,1.46496947624719e-05
6.49500704068059e-06,-0.00460380002006606,1.46145419380635e-05
6.60048168327974e-06,-0.00460379692879786,1.4579223000595e-05
6.70555187556392e-06,-0.00460379382847366,1.45437468169772e-05
6.81022153378178e-06,-0.0046037907197253,1.45081223499702e-05
6.91449468092684e-06,-0.00460378760318647,1.44723586439583e-05
7.01837544012407e-06,-0.00460378447949195,1.44364648111096e-05
7.12186802839388e-06,-0.00460378134927694,1.44004500179297e-05
7.22497675088754e-06,-0.00460377821317651,1.43643234722132e-05
7.32770599550997e-06,-0.0046037750718251,1.43280944103968e-05
7.43006022771991e-06,-0.00460377192585611,1.42917720853136e-05
7.53204398529208e-06,-0.00460376877590141,1.42553657543492e-05
7.63366187294178e-06,-0.00460376562259074,1.42188846679986e-05
7.73491855687854e-06,-0.0046037624665512,1.41823380588281e-05
7.83581875947818e-06,-0.00460375930840664,1.41457351308431e-05
7.93636725427255e-06,-0.00460375614877719,1.41090850492646e-05
8.03656886135258e-06,-0.00460375298827898,1.40723969307146e-05
8.13642844312417e-06,-0.00460374982752374,1.40356798338076e-05
8.23595090023816e-06,-0.00460374666711857,1.39989427501426e-05
8.33514116750075e-06,-0.00460374350766556,1.3962194595693e-05
8.43400420966429e-06,-0.00460374034976142,1.39254442025875e-05
8.53254501714388e-06,-0.00460373719399699,1.38887003112809e-05
8.63076860181941e-06,-0.00460373404095691,1.38519715631118e-05
8.72867999310186e-06,-0.00460373089121932,1.38152664932446e-05
8.82628423435855e-06,-0.00460372774535567,1.37785935239932e-05
8.92358637965635e-06,-0.00460372460393055,1.3741960958518e-05
9.02059149067197e-06,-0.00460372146750152,1.37053769748904e-05
9.11730463359587e-06,-0.00460371833661888,1.36688496205158e-05
9.21373087593132e-06,-0.00460371521182534,1.36323868069074e-05
9.30987528321686e-06,-0.00460371209365579,1.35959963048052e-05
9.40574291580598e-06,-0.00460370898263704,1.35596857396355e-05
9.50133882586331e-06,-0.00460370587928767,1.3523462587304e-05
9.59666805466987e-06,-0.004603702784118,1.34873341703183e-05
9.69173563021229e-06,-0.00460369969763002,1.34513076542305e-05
9.78654656492912e-06,-0.00460369662031728,1.34153900443906e-05
9.8811058534602e-06,-0.00460369355266476,1.33795881830025e-05
9.97541847030337e-06,-0.00460369049514866,1.33439087464705e-05
1.00694893673933e-05,-0.00460368744823627,1.3308358243033e-05
1.01633234717134e-05,-0.00460368441238581,1.3272943010673e-05
1.02569256830826e-05,-0.00460368138804644,1.32376692153009e-05
1.03503008722054e-05,-0.00460367837565828,1.3202542849203e-05
1.04434538789735e-05,-0.0046036753756524,1.31675697297449e-05
1.05363895109132e-05,-0.00460367238845085,1.31327554983232e-05
1.06291125416416e-05,-0.00460366941446646,1.30981056195532e-05
1.07216277092413e-05,-0.00460366645410284,1.30636253806845e-05
1.0813939714556e-05,-0.00460366350775423,1.3029319891237e-05
1.09060532195e-05,-0.00460366057580547,1.29951940828492e-05
1.09979728455054e-05,-0.00460365765863213,1.29612527093342e-05
1.10897031721922e-05,-0.0046036547566005,1.29275003469341e-05
1.1181248736259e-05,-0.00460365187006769,1.28939413947671e-05
1.12726140305075e-05,-0.00460364899938163,1.28605800754568e-05
1.13638035028791e-05,-0.00460364614488097,1.28274204359348e-05
1.145482155542e-05,-0.00460364330689509,1.27944663484086e-05
1.15456725431667e-05,-0.00460364048574401,1.27617215114867e-05
1.16363607730298e-05,-0.00460363768173848,1.27291894514556e-05
1.17268905027838e-05,-0.00460363489518007,1.26968735237009e-05
1.18172659402434e-05,-0.00460363212636126,1.26647769142688e-05
1.19074912426323e-05,-0.00460362937556553,1.26329026415589e-05
1.19975705160723e-05,-0.00460362664306735,1.26012535581415e-05
1.20875078150885e-05,-0.00460362392913216,1.25698323526907e-05
1.21773071420487e-05,-0.00460362123401636,1.25386415520268e-05
1.22669724465267e-05,-0.00460361855796733,1.25076835232607e-05
1.23565076246495e-05,-0.00460361590122351,1.24769604760344e-05
1.24459165185238e-05,-0.00460361326401455,1.24464744648541e-05
1.25352029158183e-05,-0.00460361064656143,1.24162273915098e-05
1.26243705495103e-05,-0.00460360804907649,1.23862210075749e-05
1.27134230977425e-05,-0.0046036054717635,1.23564569169815e-05
1.2802364183695e-05,-0.00460360291481764,1.23269365786617e-05
1.28911973754002e-05,-0.0046036003784255,1.22976613092512e-05
1.29799261854823e-05,-0.00460359786276519,1.22686322858486e-05
1.30685540708712e-05,-0.00460359536800642,1.22398505488259e-05
1.31570844325745e-05,-0.00460359289431068,1.22113170046865e-05
1.32455206155741e-05,-0.00460359044183137,1.21830324289671e-05
1.33338659088675e-05,-0.00460358801071383,1.21549974691785e-05
1.34221235456039e-05,-0.00460358560109543,1.21272126477796e-05
1.35102967032383e-05,-0.00460358321310555,1.20996783651804e-05
1.35983885036329e-05,-0.00460358084686564,1.20723949027682e-05
1.36864020130878e-05,-0.00460357850248937,1.20453624259525e-05
1.37743402423369e-05,-0.00460357618008273,1.20185809872257e-05
1.38622061465836e-05,-0.00460357387974421,1.19920505292371e-05
1.39500026256384e-05,-0.00460357160156493,1.19657708878759e-05
1.40377325241773e-05,-0.00460356934562872,1.19397417953611e-05
1.41253986320864e-05,-0.00460356711201214,1.19139628833336e-05
1.42130036848228e-05,-0.00460356490078456,1.18884336859473e-05
1.43005503637291e-05,-0.00460356271200821,1.18631536429538e-05
1.43880412962797e-05,-0.00460356054573836,1.18381221027786e-05
1.44754790562887e-05,-0.00460355840202348,1.18133383255866e-05
1.45628661641401e-05,-0.00460355628090534,1.17888014863334e-05
1.4650205087101e-05,-0.00460355418241921,1.17645106778024e-05
1.47374977202114e-05,-0.0046035520705543,1.1740464185049e-05
1.48247403874123e-05,-0.00460354991992511,1.17166525286216e-05
1.49119218582459e-05,-0.00460354775196461,1.16930558943374e-05
1.49990268818064e-05,-0.00460354558656412,1.16696492303133e-05
1.50860384593088e-05,-0.00460354343622222,1.1646405440248e-05
1.51729390271226e-05,-0.00460354130516552,1.16232970047848e-05
1.52597110631197e-05,-0.00460353919134077,1.16002967909276e-05
1.53463373960733e-05,-0.00460353708933755,1.15773784524148e-05
1.5432801365257e-05,-0.0046035349929486,1.15545166280914e-05
1.55190869034472e-05,-0.00460353289679263,1.15316870401017e-05
1.56051785781178e-05,-0.00460353079696879,1.15088665396633e-05
1.56910616078199e-05,-0.00460352869100856,1.1486033122348e-05
1.57767218633761e-05,-0.00460352657746926,1.14631659236567e-05
1.58621458603226e-05,-0.00460352445545502,1.14402452014017e-05
1.59473207469448e-05,-0.00460352232423729,1.14172523097736e-05
1.60322342904557e-05,-0.00460352018303669,1.13941696690093e-05
1.61168748624835e-05,-0.00460351803095214,1.13709807336122e-05
1.62012314242857e-05,-0.00460351586698694,1.1347669961058e-05
1.62852935119165e-05,-0.00460351369011701,1.13242227819876e-05
1.63690512216142e-05,-0.00460351149936033,1.13006255721845e-05
1.64524951956613e-05,-0.00460350929382531,1.12768656262013e-05
1.65356166087798e-05,-0.00460350707273287,1.12529311323101e-05
1.66184071548633e-05,-0.00460350483541687,1.12288111484337e-05
1.67008590337006e-05,-0.00460350258131205,1.12044955787831e-05
1.6782964937415e-05,-0.00460350030993785,1.11799751510306e-05
1.68647180366039e-05,-0.00460349802088372,1.11552413939274e-05
1.69461119664454e-05,-0.00460349571379881,1.11302866153362e-05
1.7027140813173e-05,-0.00460349338838589,1.11051038806648e-05
1.71077991012214e-05,-0.00460349104439857,1.10796869916923e-05
1.71880817810726e-05,-0.00460348868164014,1.10540304657618e-05
1.72679842175499e-05,-0.00460348629996288,1.10281295153045e-05
1.73475021781706e-05,-0.00460348389926695,1.10019800276495e-05
1.74266318212586e-05,-0.00460348147949882,1.09755785450763e-05
1.75053696837781e-05,-0.00460347904064906,1.09489222450726e-05
1.75837126691194e-05,-0.00460347658274999,1.09220089207708e-05
1.76616580352027e-05,-0.00460347410587318,1.08948369615436e-05
1.77392033831892e-05,-0.00460347161012711,1.0867405333745e-05
1.78163466468483e-05,-0.00460346909565494,1.08397135615865e-05
1.78930860823705e-05,-0.00460346656263248,1.08117617081356e-05
1.79694202582843e-05,-0.00460346401126629,1.07835503564302e-05
1.80453480451958e-05,-0.00460346144179188,1.07550805907022e-05
1.8120868605294e-05,-0.00460345885447211,1.07263539777115e-05
1.81959813818059e-05,-0.00460345624959562,1.06973725481933e-05
1.82706860887211e-05,-0.00460345362747533,1.06681387784277e-05
1.83449827010502e-05,-0.00460345098844702,1.06386555719397e-05
1.84188714456826e-05,-0.00460344833286794,1.06089262413367e-05
1.84923527926758e-05,-0.00460344566111535,1.05789544902897e-05
1.85654274466772e-05,-0.00460344297358523,1.05487443956628e-05
1.86380963382199e-05,-0.00460344027069095,1.05183003897987e-05
1.87103606148218e-05,-0.00460343755286209,1.04876272429715e-05
1.87822216320317e-05,-0.00460343482054328,1.04567300460176e-05
1.88536809446966e-05,-0.00460343207419313,1.04256141931634e-05
1.89247402986965e-05,-0.00460342931428321,1.03942853650614e-05
1.89954016232184e-05,-0.00460342654129704,1.03627495120499e-05
1.90656670234391e-05,-0.00460342375572902,1.03310128376443e-05
1.91355387733597e-05,-0.00460342095808353,1.02990817822699e-05
1.92050193085533e-05,-0.00460341814887392,1.02669630072446e-05
1.9274111218745e-05,-0.00460341532862174,1.02346633790218e-05
1.9342817240336e-05,-0.00460341249785584,1.02021899537063e-05
1.94111402491065e-05,-0.00460340965711167,1.01695499618571e-05
1.94790832533202e-05,-0.00460340680693047,1.01367507935889e-05
1.95466493873118e-05,-0.00460340394785856,1.01037999839828e-05
1.96138419054555e-05,-0.00460340108044657,1.00707051988143e-05
1.96806641762938e-05,-0.00460339820524871,1.00374742206023e-05
1.97471196766096e-05,-0.00460339532282214,1.0004114934986e-05
1.98132119853553e-05,-0.00460339243372629,9.97063531743402e-06
1.98789447775214e-05,-0.00460338953852233,9.93704342029488e-06
1.99443218181457e-05,-0.00460338663777262,9.90334736019586e-06
2.00093469566653e-05,-0.00460338373204009,9.869555305798e-06
2.00740241216945e-05,-0.00460338082188775,9.83567546591224e-06
2.01383573161552e-05,-0.00460337790787811,9.80171607797894e-06
2.02023506125683e-05,-0.00460337499057266,9.76768539691128e-06
2.02660081483116e-05,-0.00460337207053137,9.73359168430233e-06
2.03293341207538e-05,-0.00460336914831232,9.69944319799638e-06
2.03923327823249e-05,-0.00460336622447122,9.66524818202657e-06
2.04550084356931e-05,-0.00460336329956105,9.63101485692125e-06
2.05173654292297e-05,-0.00460336037413166,9.59675141038092e-06
2.05794081528483e-05,-0.00460335744872938,9.56246598832594e-06
2.06411410341639e-05,-0.00460335452389658,9.52816668631258e-06
2.07025685348104e-05,-0.00460335160017138,9.49386154131342e-06
2.07636951467414e-05,-0.00460334867808725,9.45955852385753e-06
2.08245253884229e-05,-0.00460334575817279,9.42526553052668e-06
2.08850638009589e-05,-0.00460334284095143,9.39099037680489e-06
2.09453149442945e-05,-0.00460333992694118,9.3567407902794e-06
2.10052833936582e-05,-0.00460333701665436,9.32252440419106e-06
2.10649737363288e-05,-0.0046033341105973,9.28834875133025e-06
2.11243905686912e-05,-0.00460333120927015,9.25422125827306e-06
2.11835384934438e-05,-0.00460332831316656,9.2201492399505e-06
2.12424221168002e-05,-0.00460332542277358,9.18613989454352e-06
2.13010460455972e-05,-0.00460332253857145,9.15220029869703e-06
2.13594148843331e-05,-0.00460331966103344,9.11833740304744e-06
2.14175332322577e-05,-0.00460331679062573,9.08455802805906e-06
2.14754056806585e-05,-0.00460331392780724,9.05086886016475e-06
2.1533036810426e-05,-0.00460331107302942,9.01727644820505e-06
2.15904311898768e-05,-0.00460330822673617,8.98378720015849e-06
2.16475933727198e-05,-0.00460330538936368,8.95040738015484e-06
2.17045278960247e-05,-0.00460330256134037,8.91714310576232e-06
2.17612392781076e-05,-0.00460329974308678,8.88400034554094e-06
2.18177320163459e-05,-0.00460329693501557,8.85098491685476e-06
2.18740105850233e-05,-0.00460329413753139,8.81810248393748e-06
2.19300794333322e-05,-0.00460329135103081,8.78535855620522e-06
2.19859429836152e-05,-0.00460328857590227,8.7527584868104e-06
2.20416056298343e-05,-0.00460328581252598,8.72030747142868e-06
2.20970717361716e-05,-0.00460328306127388,8.6880105472705e-06
2.21523456356399e-05,-0.00460328032250969,8.65587259230822e-06
2.22074316286179e-05,-0.0046032775965888,8.62389832471062e-06
2.22623339813158e-05,-0.00460327488385838,8.59209230247748e-06
2.23170569242515e-05,-0.00460327218465726,8.56045892326816e-06
2.23716046508523e-05,-0.00460326949931596,8.52900242441835e-06
2.24259813162579e-05,-0.00460326682815667,8.4977268831385e-06
2.24801910363237e-05,-0.00460326417149317,8.4666362168868e-06
2.25342378867442e-05,-0.00460326152963096,8.43573418390853e-06
2.25881259021895e-05,-0.00460325890286718,8.40502438393345e-06
2.26418590753754e-05,-0.00460325629149073,8.37451025902343e-06
2.26954413560628e-05,-0.00460325369578225,8.34419509456371e-06
2.27488766500548e-05,-0.00460325111601414,8.31408202039199e-06
2.28021688182891e-05,-0.00460324855245058,8.28417401205989e-06
2.28553216761001e-05,-0.00460324600534754,8.25447389222145e-06
2.29083389926545e-05,-0.00460324347495278,8.22498433214185e-06
2.29612244904963e-05,-0.00460324096150595,8.19570785331967e-06
2.30139818451063e-05,-0.00460323846523861,8.16664682921501e-06
2.30666146844026e-05,-0.00460323598637429,8.13780348707691e-06
2.3119126588172e-05,-0.00460323352512859,8.10917990986413e-06
2.31715210874858e-05,-0.00460323108170913,8.08077803825419e-06
2.32238016641893e-05,-0.00460322865631565,8.05259967273643e-06
2.32759717505294e-05,-0.00460322624914001,8.02464647578416e-06
2.33280347289331e-05,-0.00460322386036627,7.99691997410077e-06
2.33799939318849e-05,-0.00460322149017075,7.96942156093375e-06
2.3431852641818e-05,-0.00460321913872213,7.94215249845061e-06
2.34836140909544e-05,-0.00460321680618149,7.91511392017096e-06
2.35352814610765e-05,-0.00460321449270242,7.88830683344989e-06
2.35868578832752e-05,-0.00460321219843103,7.86173212200857e-06
2.36383464377502e-05,-0.00460320992350602,7.8353905485086e-06
2.36897501537239e-05,-0.00460320766805874,7.80928275716629e-06
2.37410720094844e-05,-0.0046032054322133,7.78340927640295e-06
2.37923149325165e-05,-0.0046032032160866,7.75777052152627e-06
2.38434817996473e-05,-0.0046032010197885,7.73236679743798e-06
2.38945754371455e-05,-0.00460319884342187,7.70719830136321e-06
2.39455986207553e-05,-0.00460319668708267,7.68226512559769e-06
2.39965540757002e-05,-0.00460319455086002,7.65756726026959e-06
2.40474444767212e-05,-0.00460319243483626,7.6331045961136e-06
2.40982724482077e-05,-0.00460319033908707,7.60887692725425e-06
2.41490405644378e-05,-0.00460318826368155,7.58488395399566e-06
2.41997513498964e-05,-0.00460318620868231,7.56112528561405e-06
2.42504072796076e-05,-0.00460318417414563,7.53760044314912e-06
2.43010107794265e-05,-0.0046031821601215,7.51430886219098e-06
2.43515642262678e-05,-0.00460318016665374,7.49124989565954e-06
2.44020699483e-05,-0.00460317819378009,7.46842281657419e-06
2.44525302251605e-05,-0.00460317624153224,7.44582682081193e-06
2.45029472882434e-05,-0.00460317430993601,7.42346102985217e-06
2.45533228840676e-05,-0.00460317236869747,7.40132388043358e-06
2.46036540696104e-05,-0.00460317039645959,7.37940727332353e-06
2.46539315441438e-05,-0.00460316841124548,7.35769441182864e-06
2.47041426217778e-05,-0.00460316642978126,7.33616408911911e-06
2.47542731430312e-05,-0.00460316446257438,7.31479337444526e-06
2.48043084699546e-05,-0.00460316251317417,7.29355897711941e-06
2.48542339961807e-05,-0.0046031605798475,7.27243792751648e-06
2.49040354072037e-05,-0.00460315865803714,7.25140791400497e-06
2.49536988146612e-05,-0.00460315674251544,7.23044744996445e-06
2.5003210826191e-05,-0.00460315482874926,7.20953595654198e-06
2.50525585801258e-05,-0.00460315291345057,7.18865380132104e-06
2.51017297593105e-05,-0.00460315099453589,7.16778231134389e-06
2.51507125921452e-05,-0.00460314907078435,7.14690376955956e-06
2.51994958462617e-05,-0.00460314714143472,7.12600140017343e-06
2.5248068818494e-05,-0.00460314520586621,7.10505934700018e-06
2.52964213232879e-05,-0.00460314326341502,7.08406264811298e-06
2.53445436805346e-05,-0.00460314131331476,7.06299720927221e-06
2.5392426703178e-05,-0.00460313935471847,7.04184977775878e-06
2.54400616847828e-05,-0.00460313738675604,7.02060791745531e-06
2.54874403872877e-05,-0.00460313540859256,6.99925998542536e-06
2.55345550291512e-05,-0.004603133419469,6.97779510987691e-06
2.55813982739455e-05,-0.00460313141872069,6.95620316923683e-06
2.56279632192333e-05,-0.00460312940577775,6.93447477204683e-06
2.56742433854386e-05,-0.00460312738015491,6.91260123745167e-06
2.57202327044828e-05,-0.00460312534143803,6.89057457613384e-06
2.57659255081715e-05,-0.00460312328927174,6.86838747162052e-06
2.58113165165544e-05,-0.00460312122335078,6.84603326193503e-06
2.58564008265931e-05,-0.0046031191434149,6.82350592158387e-06
2.59011739013898e-05,-0.00460311704924638,6.80080004386964e-06
2.5945631560003e-05,-0.00460311494066914,6.77791082351012e-06
2.59897699676378e-05,-0.00460311281754807,6.75483403953218e-06
2.60335856258883e-05,-0.00460311067978822,6.7315660384033e-06
2.60770753627805e-05,-0.00460310852733349,6.70810371736394e-06
2.61202363225831e-05,-0.00460310636016481,6.68444450792975e-06
2.6163065955579e-05,-0.00460310417829816,6.66058635954062e-06
2.62055620081031e-05,-0.00460310198178244,6.63652772334071e-06
2.62477225130873e-05,-0.00460309977069745,6.61226753607779e-06
2.62895457811545e-05,-0.00460309754515197,6.58780520411226e-06
2.63310303920873e-05,-0.00460309530528214,6.56314058752717e-06
2.63721751863839e-05,-0.00460309305124986,6.53827398433177e-06
2.64129792566681e-05,-0.00460309078324133,6.51320611475449e-06
2.64534419389045e-05,-0.00460308850146576,6.48793810562498e-06
2.64935628035719e-05,-0.00460308620615397,6.46247147484932e-06
2.65333416470621e-05,-0.00460308389755713,6.43680811598463e-06
2.65727784835251e-05,-0.00460308157594553,6.41095028292046e-06
2.66118735372158e-05,-0.00460307924160739,6.3849005746729e-06
2.66506272352021e-05,-0.0046030768948477,6.35866192029637e-06
2.66890402001852e-05,-0.00460307453598712,6.33223756391772e-06
2.67271132432158e-05,-0.00460307216536098,6.30563104989873e-06
2.67648473562472e-05,-0.00460306978331821,6.27884620813573e-06
2.68022437046433e-05,-0.0046030673902204,6.25188713950772e-06
2.68393036198735e-05,-0.00460306498644086,6.22475820148573e-06
2.68760285925963e-05,-0.00460306257236368,6.19746399391604e-06
2.6912420266195e-05,-0.00460306014838294,6.17000934498776e-06
2.69484804306562e-05,-0.00460305771490186,6.14239929739343e-06
2.69842110165749e-05,-0.00460305527233202,6.11463909468971e-06
2.70196140890891e-05,-0.00460305282109263,6.08673416786581e-06
2.70546918416753e-05,-0.00460305036160979,6.05869012212845e-06
2.7089446589896e-05,-0.00460304789431575,6.03051272391411e-06
2.71238807652984e-05,-0.00460304541964828,6.00220788813978e-06
2.71579969096482e-05,-0.00460304293804997,5.97378166570307e-06
2.71917976695662e-05,-0.00460304044996764,5.94524023123998e-06
2.72252857914858e-05,-0.00460303795585175,5.91658987114678e-06
2.72584641167436e-05,-0.00460303545615583,5.88783697187053e-06
2.72913355766249e-05,-0.00460303295133593,5.85898800847249e-06
2.73239031872891e-05,-0.00460303044185007,5.83004953346955e-06
2.73561700446456e-05,-0.00460302792815776,5.80102816596019e-06
2.73881393193473e-05,-0.00460302541071946,5.77193058104172e-06
2.74198142520695e-05,-0.00460302288999611,5.74276349952515e-06
2.74511981491464e-05,-0.00460302036644873,5.71353367795168e-06
2.74822943785007e-05,-0.00460301784053794,5.68424789891317e-06
2.75131063657103e-05,-0.0046030153127236,5.65491296167673e-06
2.75436375900465e-05,-0.00460301278346437,5.62553567311352e-06
2.75738915804102e-05,-0.00460301025321735,5.59612283893224e-06
2.76038719112138e-05,-0.0046030077224377,5.56668125521905e-06
2.76335821983533e-05,-0.00460300519157826,5.53721770028596e-06
2.76630260954203e-05,-0.00460300266108927,5.50773892682953e-06
2.76922072902273e-05,-0.00460300013141801,5.47825165439963e-06
2.77211295015999e-05,-0.00460299760300856,5.44876256217675e-06
2.77497964763028e-05,-0.00460299507630144,5.41927828205425e-06
2.77782119859517e-05,-0.00460299255173342,5.38980539202185e-06
2.78063798238357e-05,-0.0046029900297372,5.36035040984739e-06
2.78343038016839e-05,-0.00460298751074116,5.33091978705439e-06
2.78619877464964e-05,-0.00460298499516914,5.30151990319405e-06
2.78894354975749e-05,-0.00460298248344025,5.27215706040991e-06
2.7916650903825e-05,-0.0046029799759686,5.24283747829197e-06
2.79436378212996e-05,-0.00460297747316319,5.21356728901595e-06
2.79704001108697e-05,-0.0046029749754277,5.18435253276157e-06
2.79969416358912e-05,-0.00460297248316031,5.15519915340393e-06
2.80232662597932e-05,-0.00460296999675355,5.12611299447224e-06
2.80493778436085e-05,-0.00460296751659413,5.09709979537127e-06
2.80752802435469e-05,-0.00460296504306284,5.06816518786188e-06
2.81009773087325e-05,-0.00460296257653439,5.03931469279643e-06
2.81264728791744e-05,-0.00460296011737733,5.01055371710452e-06
2.81517707839524e-05,-0.00460295766595395,4.98188755102293e-06
2.81768748395227e-05,-0.00460295522262017,4.95332136556275e-06
2.82017888480264e-05,-0.00460295278772547,4.92486021020638e-06
2.82265165955286e-05,-0.00460295036161279,4.89650901082758e-06
2.82510618501983e-05,-0.00460294794461846,4.8682725678289e-06
2.82754283605136e-05,-0.00460294553707214,4.84015555449149e-06
2.82996198535987e-05,-0.00460294313929679,4.81216251553244e-06
2.83236400337595e-05,-0.0046029407516086,4.78429786586421e-06
2.83474925812099e-05,-0.00460293837431699,4.75656588954988e-06
2.83711811509094e-05,-0.00460293600772453,4.72897073894666e-06
2.83947093714073e-05,-0.00460293365212697,4.70151643403055e-06
2.84180808436255e-05,-0.00460293130781315,4.6742068618949e-06
2.84412991395827e-05,-0.00460292897506501,4.64704577641716e-06
2.84643678011274e-05,-0.00460292665415759,4.62003679808834e-06
2.84872903387755e-05,-0.00460292434535902,4.59318341400056e-06
2.85100702307163e-05,-0.00460292204893052,4.56648897798721e-06
2.85327109219849e-05,-0.00460291976512641,4.53995671090965e-06
2.85552158237363e-05,-0.00460291749419412,4.51358970108367e-06
2.85775883125301e-05,-0.00460291523637417,4.48739090483882e-06
2.85998317295598e-05,-0.00460291299190023,4.46136314720397e-06
2.86219493798232e-05,-0.00460291076099907,4.43550912271361e-06
2.86439445312908e-05,-0.00460290854389063,4.40983139632998e-06
2.86658204141533e-05,-0.00460290634078803,4.38433240447661e-06
2.86875802202114e-05,-0.00460290415189761,4.35901445617851e-06
2.87092271024094e-05,-0.00460290197741896,4.33387973430367e-06
2.87307641744616e-05,-0.00460289981754494,4.30893029689998e-06
2.87521945104901e-05,-0.0046028976724617,4.28416807862126e-06
2.87735211446139e-05,-0.00460289554234874,4.25959489223698e-06
2.87947470704795e-05,-0.00460289342737893,4.23521243022051e-06
2.88158752407799e-05,-0.00460289132771853,4.2110222664118e-06
2.88369085668328e-05,-0.0046028892435273,4.18702585775084e-06
2.88578499182758e-05,-0.00460288717495849,4.16322454607778e-06
2.88787021228873e-05,-0.00460288512215894,4.13961955999544e-06
2.88994679664888e-05,-0.00460288308526905,4.1162120167891e-06
2.89201501928608e-05,-0.00460288106442292,4.09300292439863e-06
2.89407515036144e-05,-0.00460287905974831,4.06999318343803e-06
2.89612745580067e-05,-0.00460287707136677,4.04718358925836e-06
2.89817219727362e-05,-0.00460287509939366,4.02457483405074e-06
2.90020963217812e-05,-0.00460287314393822,4.00216750898625e-06
2.90224001363334e-05,-0.00460287120510365,3.97996210638984e-06
2.90426359048389e-05,-0.00460286928298716,3.95795902194475e-06
2.90628060731134e-05,-0.00460286737768003,3.93615855692336e-06
2.90829130444688e-05,-0.00460286548926768,3.91456092044048e-06
2.91029591798016e-05,-0.00460286361782972,3.89316623172525e-06
2.91229467976272e-05,-0.00460286176344004,3.87197452240834e-06
2.91428781740877e-05,-0.00460285992616688,3.85098573882191e-06
2.91627555429893e-05,-0.00460285810607293,3.8301997443101e-06
2.91825810959165e-05,-0.00460285630321537,3.80961632154772e-06
2.92023569824375e-05,-0.00460285451764595,3.7892351748647e-06
2.9222085310375e-05,-0.00460285274941108,3.76905593257318e-06
2.9241768146089e-05,-0.00460285099855192,3.74907814929416e-06
2.92614075147248e-05,-0.00460284926510442,3.72930130828071e-06
2.92810054004095e-05,-0.0046028475490994,3.70972482373526e-06
2.9300563746419e-05,-0.0046028458505627,3.69034804311915e-06
2.93200844553617e-05,-0.00460284416951522,3.67117024945285e-06
2.9339569389424e-05,-0.00460284250597298,3.65219066360538e-06
2.93590200319784e-05,-0.00460284084294063,3.63340797119258e-06
2.93784342289132e-05,-0.00460283916843504,3.61481578807862e-06
2.93978048958141e-05,-0.00460283749256455,3.59640098555025e-06
2.9417122321771e-05,-0.00460283582470834,3.57814701308168e-06
2.94363756509211e-05,-0.0046028341707554,3.5600359804092e-06
2.94555536537204e-05,-0.00460283253268969,3.54204971481622e-06
2.94746451222714e-05,-0.00460283090953029,3.52417028907454e-06
2.94936390720739e-05,-0.00460282929871062,3.50638028271557e-06
2.95125248461278e-05,-0.00460282769728674,3.48866291161278e-06
2.95312921691102e-05,-0.00460282610270304,3.47100209226089e-06
2.95499311743002e-05,-0.00460282451310119,3.4533824718882e-06
2.95684324143233e-05,-0.00460282292729739,3.43578943869332e-06
2.95867868619914e-05,-0.00460282134459059,3.41820911923626e-06
2.96049859054312e-05,-0.00460281976453645,3.40062836722694e-06
2.96230213403393e-05,-0.00460281818676828,3.3830347468888e-06
2.96408853610304e-05,-0.00460281661089416,3.36541651344961e-06
2.96585705510418e-05,-0.00460281503646354,3.34776259268362e-06
2.96760698735667e-05,-0.00460281346297957,3.33006256076463e-06
2.96933766618575e-05,-0.00460281188993135,3.31230662508356e-06
2.9710484609771e-05,-0.00460281031682673,3.29448560622457e-06
2.97273877626155e-05,-0.00460280874321515,3.27659092101154e-06
2.97440805083421e-05,-0.00460280716869802,3.25861456641315e-06
2.9760557568955e-05,-0.00460280559292898,3.24054910408217e-06
2.97768139919195e-05,-0.00460280401560828,3.22238764535148e-06
2.97928451413898e-05,-0.0046028024364751,3.2041238365734e-06
2.98086466892478e-05,-0.00460280085530075,3.18575184474523e-06
2.98242146061204e-05,-0.0046027992718838,3.16726634339913e-06
2.98395451526349e-05,-0.00460279768604718,3.14866249874937e-06
2.98546348711061e-05,-0.00460279609763695,3.12993595608952e-06
2.98694805776753e-05,-0.00460279450652173,3.11108282642427e-06
2.98840793547398e-05,-0.00460279291259237,3.09209967331149e-06
2.98984285434231e-05,-0.00460279131576154,3.07298349988591e-06
2.99125257358938e-05,-0.00460278971596292,3.05373173603576e-06
2.9926368767507e-05,-0.00460278811315032,3.03434222570839e-06
2.99399557089147e-05,-0.00460278650729648,3.01481321432707e-06
2.99532848583827e-05,-0.00460278489839199,2.99514333630664e-06
2.99663547344972e-05,-0.00460278328644412,2.97533160265891e-06
2.99791640692948e-05,-0.00460278167147583,2.95537738868042e-06
2.99917118016818e-05,-0.00460278005352484,2.93528042171581e-06
3.00039970709217e-05,-0.00460277843264272,2.91504076899111e-06
3.00160192100125e-05,-0.00460277680889416,2.89465882551369e-06
3.00277777389137e-05,-0.00460277518235616,2.87413530203881e-06
3.00392723577431e-05,-0.00460277355311738,2.85347121310566e-06
3.00505029401453e-05,-0.00460277192127739,2.83266786514799e-06
3.00614695270057e-05,-0.00460277028694604,2.8117268446849e-06
3.00721723205496e-05,-0.00460276865024279,2.79065000659648e-06
3.00826116787208e-05,-0.00460276701129609,2.76943946248816e-06
3.00927881096471e-05,-0.00460276537024277,2.74809756914744e-06
3.01027022660282e-05,-0.00460276372722748,2.72662691709765e-06
