0,0,0
2.58352970284922e-12,-2.31196971782907e-07,1.12037104296689e-12
1.79632880850493e-11,-1.57536563644502e-06,1.58565287421744e-11
5.05786465479919e-11,-4.15887268341677e-06,6.7525280026088e-11
9.34853081142215e-11,-7.36569667858709e-06,1.66986087003549e-10
1.4092485438399e-10,-1.03275414001299e-05,3.05546492610644e-10
1.89855135554856e-10,-1.22512258357914e-05,4.68614845453328e-10
2.33470503516789e-10,-1.25717440010141e-05,6.43390012997093e-10
2.47498649648653e-10,-1.09806781341368e-05,7.76981891497214e-10
2.09227851542866e-10,-7.38366964619826e-06,7.37524507617199e-10
1.21864223937223e-10,-1.82744559368325e-06,4.99465569760006e-10
1.45639115714586e-11,5.57553362909945e-06,1.14406944057003e-10
-9.17171203365234e-11,1.4706683802555e-05,-3.31646813952006e-10
-1.86171601770971e-10,2.54766046682682e-05,-7.66106617589872e-10
-2.58095301415576e-10,3.78363815597776e-05,-1.10364948420442e-09
-2.79819779476994e-10,5.17716414187362e-05,-1.12181055392591e-09
-2.2052221414792e-10,6.72886047956578e-05,-6.33153962024798e-10
-7.36427395877342e-11,8.4399834992768e-05,4.13635705386549e-10
1.24029575744363e-10,0.000103114228094869,1.80464454580124e-09
3.43791794485139e-10,0.000123432247299034,3.28692467371074e-09
5.70360616443873e-10,0.000145345506863864,4.69056759709202e-09
7.96057662194534e-10,0.000168838766133716,5.94472159752208e-09
1.01730904822474e-09,0.000193892675370268,7.05345383583771e-09
1.23065536545991e-09,0.000220486135800977,8.0573604006633e-09
1.42784359628889e-09,0.000248597760184298,8.99500948835738e-09
1.60918157170435e-09,0.000278206701489702,9.8868845725032e-09
1.79696823283192e-09,0.000309292987706463,1.07602867712411e-08
2.01360038671034e-09,0.00034183757569753,1.1664651676982e-08
2.26573571054424e-09,0.000375822089048467,1.26491015573134e-08
2.53014512985534e-09,0.000411228646561311,1.36761527572908e-08
2.77547811661876e-09,0.00044803965211492,1.45484554380768e-08
3.00197619296301e-09,0.000486237720092486,1.52638052536586e-08
3.21490411477923e-09,0.000525805694288945,1.58996263384231e-08
3.4188739258436e-09,0.000566726684620342,1.6529017194071e-08
3.62752740965233e-09,0.000608984071941753,1.72517084443766e-08
3.87054381433197e-09,0.000652561437881136,1.83079294561123e-08
4.16338817959278e-09,0.000697442839150855,1.98745115513953e-08
4.49501946664006e-09,0.000743613144380631,2.19460415470483e-08
4.84257477598008e-09,0.000791058529822311,2.42574754036184e-08
5.19062752238139e-09,0.000839766819687815,2.65509138018309e-08
5.53104924834515e-09,0.000889727918237416,2.86743021798937e-08
5.8599963177003e-09,0.000940934520178837,3.0574060213044e-08
6.18153730723253e-09,0.000993382821180414,3.22648441694857e-08
6.517115771601e-09,0.00104707326194239,3.38146644054029e-08
6.87838421808414e-09,0.00110201108791631,3.53180019109086e-08
7.25857163546934e-09,0.00115820667352653,3.68413554278985e-08
7.64559829091668e-09,0.00121567588219606,3.84023340888157e-08
8.01276355686841e-09,0.00127443999614305,3.99837040017795e-08
8.33758834066269e-09,0.00133452414554163,4.15753133604429e-08
8.61578421762489e-09,0.00139595110437427,4.31436543017174e-08
8.87161302573528e-09,0.0014587192830973,4.46622788752099e-08
9.11347224402808e-09,0.00152272737242215,4.61087433698334e-08
9.31921359735003e-09,0.00158760608674856,4.74977325644327e-08
9.47492091416287e-09,0.00165269147314409,4.89029570345073e-08
9.57978509280166e-09,0.00171734780011461,5.05398483817458e-08
9.65703234698017e-09,0.00178121951405844,5.25357058037459e-08
9.74232440500919e-09,0.00184424987714218,5.48339757035979e-08
9.85362553628573e-09,0.00190657248990181,5.72844729845743e-08
9.98085209011145e-09,0.00196836670246607,5.96111367977312e-08
1.01118736404183e-08,0.00202975811169932,6.16896798902729e-08
1.02366604937651e-08,0.00209079007796546,6.3491650617148e-08
1.0353997387261e-08,0.0021514456194157,6.49834053080541e-08
1.04894067417992e-08,0.00221168780655587,6.62308333413178e-08
1.06700156155779e-08,0.00227149257023839,6.75384808177227e-08
1.09048881135283e-08,0.00233086305983088,6.92375998999209e-08
1.11675338143135e-08,0.00238982746378093,7.14540887743615e-08
1.14204846506108e-08,0.00244842923160544,7.39726039585568e-08
1.16445454533284e-08,0.00250671838393712,7.65182569714478e-08
1.18429708596737e-08,0.00256474739354813,7.89050698455327e-08
1.20236268564266e-08,0.00262257096220218,8.10564130017784e-08
1.21920379503486e-08,0.002680246276192,8.29726477002427e-08
1.23496163909934e-08,0.00273782672455149,8.47063842192417e-08
1.24916848721955e-08,0.00279532629639523,8.63730032415292e-08
1.25953317779809e-08,0.00285258412355282,8.80179105066618e-08
1.26319278770294e-08,0.00290906068462083,8.95009249139307e-08
1.26131230059448e-08,0.00296402959813415,9.07929564785579e-08
1.25679554771574e-08,0.00301698777951966,9.19209221059193e-08
1.25193099480419e-08,0.00306778665729973,9.29164901540838e-08
1.24795527636727e-08,0.00311655988588246,9.37830089919112e-08
1.24515486796504e-08,0.00316355531422895,9.44244671581018e-08
1.24142187311221e-08,0.00320898351619342,9.46635103953443e-08
1.23562918042952e-08,0.00325295394662599,9.43299724477647e-08
1.22775327033629e-08,0.0032954844048675,9.32241195798168e-08
1.21910907483873e-08,0.00333654654253056,9.1249796012774e-08
1.21388883929409e-08,0.00337611557422799,8.88459292638191e-08
1.21419174402085e-08,0.00341420205493436,8.66897122471082e-08
1.21965593447754e-08,0.00345085934392799,8.52208022564373e-08
1.23079790991898e-08,0.00348617244748235,8.44730601429299e-08
1.24548519956959e-08,0.00352023988951242,8.43469276491012e-08
1.25603678033065e-08,0.00355315695052938,8.46646785684811e-08
1.25880047575366e-08,0.00358500390197199,8.52051753606542e-08
1.25462581823377e-08,0.0036158388064224,8.58013151122718e-08
1.24624541439049e-08,0.00364569294743973,8.63779751650915e-08
1.23575784987644e-08,0.00367456601023174,8.69298313698516e-08
1.22294918485139e-08,0.00370242217982025,8.74590834399736e-08
1.20861070610495e-08,0.0037291887101473,8.79405022502253e-08
1.1957871522794e-08,0.00375475810449677,8.8293069975871e-08
1.18950379841131e-08,0.00377899559128717,8.84183285123278e-08
1.18946689581363e-08,0.00380175142738031,8.85654187748354e-08
1.19193852017394e-08,0.00382287542593692,8.89417985668115e-08
1.19335019382725e-08,0.00384222922750988,8.95219213377893e-08
1.19212892060228e-08,0.00385969430948512,9.02004454612697e-08
1.18850460793957e-08,0.00387517531572253,9.08839151685716e-08
1.18361191015677e-08,0.00388859994513424,9.15157308897475e-08
1.1781587013766e-08,0.00389991551656844,9.19499202657173e-08
1.17186356360608e-08,0.00390908452724552,9.17482481071969e-08
1.16749966301452e-08,0.00391607928548874,9.09867514040923e-08
1.16818736708754e-08,0.00392087568480653,8.98550237145235e-08
1.17267589869214e-08,0.00392344630809863,8.85227572646306e-08
1.17914912053973e-08,0.00392375397381348,8.72967684913212e-08
1.18606313746503e-08,0.00392174685835422,8.6399463742234e-08
1.19241212352144e-08,0.00391735625239365,8.58489140067109e-08
1.19695464425644e-08,0.00391049747684366,8.53765859768065e-08
1.19795875911372e-08,0.00390107357998716,8.47171523750578e-08
1.19560252253569e-08,0.0038889811959288,8.37550458829102e-08
1.1913996946291e-08,0.00387411741174202,8.25688237398826e-08
1.18686293903398e-08,0.00385638589644894,8.12855261592488e-08
1.18388414809761e-08,0.00383570201136543,7.99739589730449e-08
1.18285077806264e-08,0.00381199652636253,7.85673270375778e-08
1.1831138395153e-08,0.00378521789045923,7.69846390205216e-08
1.18300755531807e-08,0.00375533381833564,7.52736895142446e-08
1.18242248276715e-08,0.00372233207627079,7.37574288816159e-08
1.18070393938941e-08,0.0036862206402263,7.2616746626794e-08
1.17975165305585e-08,0.00364702700724171,7.2240685245871e-08
1.1842004102568e-08,0.00360479721003113,7.29511244359538e-08
1.19490628070564e-08,0.00355959463979832,7.48665945513118e-08
1.20307993672442e-08,0.00351149900565706,7.72726557102139e-08
1.20238301886072e-08,0.00346060577605684,7.92715278449116e-08
1.19304286277174e-08,0.00340702597856546,8.03256430099417e-08
1.17994658689165e-08,0.00335088610215953,8.03772429289069e-08
1.1659085974851e-08,0.00329232822735589,7.96092244789336e-08
1.15198611278531e-08,0.00323150989254242,7.82941233852063e-08
1.13870880412461e-08,0.00316860308035323,7.67359409373245e-08
1.12493657667383e-08,0.00310379042833618,7.50800955455115e-08
1.10627450909558e-08,0.00303725732896018,7.30584043543777e-08
1.07880031477773e-08,0.0029691844612953,7.0217750074611e-08
1.04420074682397e-08,0.00289974448633098,6.63412322194262e-08
1.01148085734691e-08,0.0028291037863209,6.18541138667425e-08
9.84186894056697e-09,0.00275742824418398,5.72874774163791e-08
9.62794751835928e-09,0.00268489027370348,5.30269218804877e-08
9.47575760581801e-09,0.00261167371935838,4.92636145102596e-08
9.40074128660377e-09,0.00253797394150766,4.6011285150197e-08
9.40295782928301e-09,0.00246399177925537,4.32055055477433e-08
9.48183124297632e-09,0.00238992282311525,4.07465829188863e-08
9.63262422520479e-09,0.00231594627615432,3.86213680356028e-08
9.82964263579499e-09,0.00224221711048217,3.68210225916836e-08
1.00343616583873e-08,0.00216886236820313,3.53251045840636e-08
1.01992395594885e-08,0.00209598168075763,3.39893375275336e-08
1.02803110943602e-08,0.00202365061318971,3.25359893633862e-08
1.02672129500675e-08,0.00195192614710276,3.07539423501862e-08
1.0177433801401e-08,0.00188085262397845,2.85787573702138e-08
1.00518324124088e-08,0.00181046759099536,2.61405161121563e-08
9.92823526570272e-09,0.00174080735040863,2.36141850209076e-08
9.83304613509025e-09,0.00167191204852253,2.1113558406263e-08
9.76950356327847e-09,0.0016038293765013,1.86090337958201e-08
9.77668840941074e-09,0.00153661692717532,1.62875324847111e-08
9.86812990967838e-09,0.00147034262250291,1.43643582071563e-08
1.00225154062976e-08,0.00140508282889822,1.2934623401672e-08
1.01930456462372e-08,0.00134091852279508,1.19075669446219e-08
1.03215350227756e-08,0.00127792999931363,1.1023716847192e-08
1.03078303229319e-08,0.00121619114007618,9.63157637584291e-09
1.01208175188349e-08,0.00115576436386286,7.22606044587806e-09
9.81284741353064e-09,0.00109669637679967,3.70849557867423e-09
9.51117624688628e-09,0.00103901508636969,-4.43836030354754e-10
9.29850655806086e-09,0.000982727974797074,-4.70035158681955e-09
9.19435775159641e-09,0.000927822293672575,-8.70827027220639e-09
9.1747238050978e-09,0.000874267005883733,-1.23233992700796e-08
9.19404576410437e-09,0.000822015758430155,-1.55824422402095e-08
9.21616783727327e-09,0.000771011485907418,-1.85636298114459e-08
9.22456380539248e-09,0.000721191928883284,-2.1362708191318e-08
9.22746806613473e-09,0.000672494934416845,-2.40142971247068e-08
9.26294839258213e-09,0.00062486274807355,-2.63420958222041e-08
9.34240368939951e-09,0.000578245121951501,-2.81661333071171e-08
9.44269646905878e-09,0.000532600567397931,-2.94420243914344e-08
9.51093367159038e-09,0.000487895770196225,-3.03801490224308e-08
9.51258219310932e-09,0.000444103283298516,-3.12305881291144e-08
9.45504715698846e-09,0.000401198014974436,-3.21836818780348e-08
9.36669283577334e-09,0.000359153031794902,-3.3385968402933e-08
9.26697182536414e-09,0.000317934904737868,-3.5050395604503e-08
9.17157271491245e-09,0.00027749939609936,-3.72488483164002e-08
9.09830841464999e-09,0.000237788088563026,-3.98250133878958e-08
9.03871234660168e-09,0.000198726230555286,-4.26696538477747e-08
8.94574105421974e-09,0.000160222221939159,-4.60341571350673e-08
8.79122101137981e-09,0.00012216910463663,-5.02654469660356e-08
8.60319174754154e-09,8.44475267907525e-05,-5.54547339566528e-08
8.46216247351639e-09,4.69298670240954e-05,-6.10930941791419e-08
8.40228228203435e-09,9.48501175732673e-06,-6.66361511975495e-08
8.40521451662638e-09,-2.80169618471972e-05,-7.17488655907373e-08
8.43099698533004e-09,-6.57007401556362e-05,-7.6310150124056e-08
8.44345194576547e-09,-0.000103682428932565,-8.03488345303285e-08
8.41711978215105e-09,-0.000142067421464575,-8.39757239255141e-08
8.34215276250771e-09,-0.000180949542912232,-8.73991268024155e-08
8.23988745883214e-09,-0.000220411839847866,-9.07147261613889e-08
8.15772187802351e-09,-0.000260528500068272,-9.37554758083849e-08
8.10920567917286e-09,-0.000301367886817607,-9.64690308617972e-08
8.08379432538057e-09,-0.000342994805444614,-9.88715598525666e-08
8.06450697280515e-09,-0.000385471655362997,-1.00989491657161e-07
8.03874689174282e-09,-0.00042885937172182,-1.02848738691053e-07
8.00214329191122e-09,-0.000473219234923022,-1.0447287314715e-07
7.95688483499302e-09,-0.000518614877164493,-1.05883581385258e-07
7.9079043618477e-09,-0.000565113602583816,-1.07100364127703e-07
7.85962836085136e-09,-0.000612786111421277,-1.08139642704696e-07
7.81440928204706e-09,-0.000661704814195223,-1.09014354941718e-07
7.77247227078426e-09,-0.000711941078755805,-1.09734520577601e-07
7.7396029189766e-09,-0.000763562308435099,-1.10310769232313e-07
7.73117164088478e-09,-0.000816628864601746,-1.10798742418408e-07
7.72470849946732e-09,-0.000871191374164744,-1.11340157738658e-07
7.70214811167726e-09,-0.000927288506032388,-1.120307360955e-07
7.66150765891191e-09,-0.000984944762586121,-1.12875567308292e-07
7.60465829488906e-09,-0.0010441677679523,-1.13751696133657e-07
7.51200783876562e-09,-0.00110494545463156,-1.1451436851241e-07
7.37815014664047e-09,-0.00116724419208911,-1.15044722683219e-07
7.21856554182679e-09,-0.00123100860763718,-1.15324343093468e-07
7.06633544866142e-09,-0.00129616325909532,-1.1557550352787e-07
6.94175383262054e-09,-0.00136261583942961,-1.16036200263141e-07
6.85092957789572e-09,-0.00143026142281605,-1.16797167509553e-07
6.80011537139938e-09,-0.00149898680422299,-1.17651905864238e-07
6.78543163431471e-09,-0.00156867452034831,-1.18301445667626e-07
6.78502752267156e-09,-0.00163920548359369,-1.18628068509536e-07
6.78012415512284e-09,-0.00171045962045183,-1.18635028713904e-07
6.762580301035e-09,-0.00178231488271811,-1.18380856244585e-07
6.73524719591019e-09,-0.00185464528610528,-1.17941397839305e-07
6.70715430229171e-09,-0.00192731872367014,-1.17392176995364e-07
6.66421416731039e-09,-0.00200019518268672,-1.1682829333179e-07
6.5777297227922e-09,-0.00207312551543751,-1.16470773693904e-07
6.44354945304684e-09,-0.0021459512975801,-1.16481194587756e-07
6.28881548935505e-09,-0.00221850639429855,-1.16850275821453e-07
6.17546489980751e-09,-0.00229062091712607,-1.17274077278327e-07
6.1314902981016e-09,-0.0023621274047131,-1.1746733954137e-07
6.14506886326679e-09,-0.002432866647959,-1.17288545509621e-07
6.17955516423266e-09,-0.00250269194666816,-1.16746495483396e-07
6.21015898882287e-09,-0.00257147274376482,-1.15901711418885e-07
6.22790400225121e-09,-0.00263909693403782,-1.14829791602532e-07
6.23302589839804e-09,-0.00270547157454978,-1.13597125034673e-07
6.23161117466006e-09,-0.00277052242454156,-1.1224044709788e-07
6.23804637408091e-09,-0.00283419267336397,-1.10726519129889e-07
6.25517697527319e-09,-0.00289644139250236,-1.09038809435627e-07
6.26975092754642e-09,-0.00295724133592266,-1.07244675635699e-07
6.27345011246574e-09,-0.00301657607560331,-1.05416502220267e-07
6.26760015338949e-09,-0.00307443678707193,-1.0357242832948e-07
6.25450517969721e-09,-0.00313081907768407,-1.01674879715537e-07
6.23475619491796e-09,-0.00318571989716029,-9.96755927057264e-08
6.19697512075566e-09,-0.00323913520536066,-9.76106842737018e-08
6.10793998651944e-09,-0.00329105865397772,-9.57260744680814e-08
5.95732777701052e-09,-0.00334148143196473,-9.42367955170549e-08
5.76576063400285e-09,-0.00339039301932804,-9.31917554059931e-08
5.58783934887383e-09,-0.00343778265261177,-9.23728901787791e-08
5.46214799354382e-09,-0.00348364163944137,-9.15226797849499e-08
5.40368591489717e-09,-0.0035279657538243,-9.04129515599596e-08
5.39298960439957e-09,-0.00357075755193288,-8.8964121549959e-08
5.39416461352996e-09,-0.00361202839894339,-8.73069543912028e-08
5.38264051300187e-09,-0.0036517998511559,-8.56628143360391e-08
5.34935748095981e-09,-0.00369010438596605,-8.41696961637786e-08
5.300033651502e-09,-0.00372698538363517,-8.28229339903031e-08
5.2376471869837e-09,-0.00376249577137751,-8.15835167895869e-08
5.16178409614702e-09,-0.00379669600530171,-8.04648128279515e-08
5.0707195708737e-09,-0.00382965157359973,-7.95703583477913e-08
4.98068579319528e-09,-0.00386143088621612,-7.89202746295655e-08
4.9073442485869e-09,-0.00389210281967911,-7.85071761514535e-08
4.86034871626746e-09,-0.00392173456785231,-7.82910780662324e-08
4.83804743862489e-09,-0.00395039003578285,-7.81625596181108e-08
4.83213865991863e-09,-0.00397812920995663,-7.79447742369719e-08
4.82857318085569e-09,-0.00400500834246354,-7.75207121630326e-08
4.819168483426e-09,-0.00403108093587815,-7.68676352439867e-08
4.79352609493436e-09,-0.00405639916060273,-7.61011493512163e-08
4.7452019231848e-09,-0.00408101566934379,-7.53873364391692e-08
4.66592371607658e-09,-0.00410498557460619,-7.49594251306225e-08
4.57897001454212e-09,-0.00412836842703131,-7.47942426390533e-08
4.50396369768376e-09,-0.00415122995592418,-7.47717790625528e-08
4.44615703570723e-09,-0.00417364303320676,-7.47826473653453e-08
4.40093318478427e-09,-0.00419568774420602,-7.47544470062952e-08
4.36625569034909e-09,-0.004217450780839,-7.46081281164475e-08
4.35443630115369e-09,-0.00423902419235705,-7.41447680910673e-08
4.35592156277268e-09,-0.00426050346491413,-7.32411908619834e-08
4.34551949581998e-09,-0.00428198532868691,-7.19746768745184e-08
4.31021689855907e-09,-0.0043035654638419,-7.0533920649649e-08
4.25338287322025e-09,-0.00432533647157708,-6.90883697406202e-08
4.1860049297308e-09,-0.00434738628466078,-6.7738487242879e-08
4.11841748840124e-09,-0.00436979706352032,-6.65146426082847e-08
4.05627835645405e-09,-0.00439264457211024,-6.53976964735316e-08
4.00047261047431e-09,-0.00441599666602513,-6.43462565997349e-08
3.95213670362206e-09,-0.0044399115030145,-6.32705092080477e-08
3.91883059580415e-09,-0.00446443702932937,-6.19235125165845e-08
3.8985008171299e-09,-0.00448961278412008,-6.01613365402368e-08
3.8750866990447e-09,-0.00451547276888633,-5.81232547344062e-08
3.82110612813979e-09,-0.00454204885007977,-5.59355675545342e-08
3.72998411748574e-09,-0.00456937289602391,-5.36395945489281e-08
3.61781097775244e-09,-0.00459747799221783,-5.1242262763607e-08
3.51578211655874e-09,-0.00462639880076219,-4.8796237636254e-08
3.43936408398627e-09,-0.00465617093906341,-4.63656703380863e-08
3.38314384145575e-09,-0.00468682991913037,-4.39873122428285e-08
3.32531337959919e-09,-0.0047184097994663,-4.16780820384903e-08
3.25290924625659e-09,-0.00475094112447197,-3.94834540114973e-08
3.17851357023778e-09,-0.00478444791782627,-3.73538206082803e-08
3.11330966708699e-09,-0.00481894459052281,-3.52334110131358e-08
3.04958014155369e-09,-0.00485443300707767,-3.30897570206133e-08
2.9555044172107e-09,-0.00489090023585066,-3.08751223786647e-08
2.84197842584743e-09,-0.00492831744661951,-2.85407710861599e-08
2.71748498912165e-09,-0.00496663977722584,-2.60733601151452e-08
2.54819811252827e-09,-0.00500580708154677,-2.34363657363444e-08
2.31626962511382e-09,-0.00504574519770777,-2.05244414166911e-08
2.07651711577383e-09,-0.00508636821194382,-1.7243650967682e-08
1.90815967587153e-09,-0.0051275809772117,-1.36163714391939e-08
1.84017908325629e-09,-0.00516928185497285,-9.80072001822497e-09
1.82856131535457e-09,-0.00521136516324529,-6.05270427324416e-09
1.81864642319882e-09,-0.00525372360613807,-2.52399468716575e-09
1.7853775046997e-09,-0.00529624970317885,8.03947728914166e-10
1.71884504725327e-09,-0.00533883709365092,3.91076665151222e-09
1.62666302468737e-09,-0.00538138080523299,6.79467233876931e-09
1.54085891085881e-09,-0.00542377729076406,9.5485811439884e-09
1.5004102290693e-09,-0.00546592404343228,1.21986197523603e-08
1.50888255342937e-09,-0.00550771937115764,1.47174185649746e-08
1.54904983690195e-09,-0.00554906252333193,1.72678099805578e-08
1.60429309605593e-09,-0.00558985443279148,2.00475328909288e-08
1.66859159526587e-09,-0.00562999932361405,2.31707752255928e-08
1.7342305052501e-09,-0.00566940784875319,2.66028592102793e-08
1.77019115330359e-09,-0.00570799997319392,3.00701458643452e-08
1.75898479465263e-09,-0.00574570645033144,3.33142926336392e-08
1.70046193162046e-09,-0.00578246896437642,3.61995419982185e-08
1.60669168068434e-09,-0.00581823972788783,3.8703223909119e-08
1.49666441198919e-09,-0.00585298104254293,4.09082014531279e-08
1.3950029302762e-09,-0.00588666507937189,4.29887242838657e-08
1.30863961210261e-09,-0.00591927463031294,4.50421614293308e-08
1.23752496787694e-09,-0.00595080244314778,4.70753475189246e-08
1.17617680535516e-09,-0.00598125015832796,4.90303512612652e-08
1.11608731525322e-09,-0.00601062693326439,5.0842212442126e-08
1.04589089833295e-09,-0.00603894797932771,5.24572179805101e-08
9.5284386295645e-10,-0.00606623279327599,5.38005514442673e-08
8.52149965939671e-10,-0.00609250355059569,5.49370665672399e-08
7.67984160221902e-10,-0.00611778386805297,5.60063238868435e-08
7.0485006620656e-10,-0.00614209786066985,5.7097487045289e-08
6.51885107629699e-10,-0.00616546925899261,5.82418462312063e-08
5.97803383010821e-10,-0.00618792085278054,5.94483271271245e-08
5.33533726832975e-10,-0.00620947450062359,6.06902669426272e-08
4.55071642512895e-10,-0.00623015160072739,6.19060805456499e-08
3.98819497204838e-10,-0.00624997444921006,6.32316243115346e-08
4.27456776090411e-10,-0.00626896738634981,6.50963471332766e-08
5.49265062238766e-10,-0.00628715778852215,6.77886645817848e-08
7.13421753923614e-10,-0.00630457704490555,7.1269415655754e-08
8.482421183571e-10,-0.00632126123197073,7.52303515686165e-08
9.09574249699877e-10,-0.00633725148004766,7.93167515436148e-08
8.71560193813362e-10,-0.00635259385638065,8.30415279453816e-08
7.49535866380131e-10,-0.00636733946949166,8.60340306047524e-08
5.84879354364949e-10,-0.00638154334812774,8.81494832246952e-08
4.2447035349548e-10,-0.00639526311979481,8.94779392545548e-08
3.10125234608757e-10,-0.00640855770491105,9.0354223896263e-08
2.4264270857282e-10,-0.00642148638971031,9.10075831157221e-08
1.96464780507021e-10,-0.00643410764295657,9.157600075362e-08
1.38078354481973e-10,-0.00644647817737375,9.20564513457873e-08
3.45273265628569e-11,-0.00645865247625377,9.21552421368086e-08
-8.44413693361261e-11,-0.0064706830360109,9.19334150684279e-08
-1.89203066467189e-10,-0.00648262063094043,9.15457262144767e-08
-2.74258053168399e-10,-0.00649451484441755,9.10600768983216e-08
-3.51229316360507e-10,-0.00650641481607624,9.03763593048289e-08
-4.13778640177599e-10,-0.00651837024333926,8.95388074696701e-08
-4.66174100900608e-10,-0.00653043104325065,8.86246419963577e-08
-5.10844774268817e-10,-0.00654264580929234,8.7738387330635e-08
-5.40651731991409e-10,-0.00655506033424757,8.70651510511945e-08
-5.4691583881296e-10,-0.00656771759760034,8.65613008204144e-08
-5.27214313982934e-10,-0.00658065876257306,8.61716675007074e-08
-5.16500156373413e-10,-0.00659392418620563,8.56827481755022e-08
-5.45119901753566e-10,-0.00660755326010652,8.4945196433989e-08
-6.12281343651445e-10,-0.00662158390379212,8.39275313371137e-08
-6.98460961794666e-10,-0.0066360517452956,8.26577412501084e-08
-7.84381207139244e-10,-0.00665098918098517,8.11805157959811e-08
-8.57689317980558e-10,-0.00666642450867119,7.95545793022481e-08
-9.10397456981054e-10,-0.00668238126155458,7.7818877453664e-08
-9.60928079847708e-10,-0.00669887870590769,7.57842967686965e-08
-1.03865190557332e-09,-0.00671593105680939,7.32963504582054e-08
-1.14010999676831e-09,-0.0067335462347387,7.03404664454255e-08
-1.24458106090686e-09,-0.00675172474355695,6.70670527933828e-08
-1.33601351383425e-09,-0.0067704598361027,6.36945353064194e-08
-1.41700925046916e-09,-0.00678973767704013,6.03159023885913e-08
-1.50756207622268e-09,-0.006809537985757,5.66660621825732e-08
-1.6232228474141e-09,-0.00682983457963217,5.23856646352253e-08
-1.75801401559252e-09,-0.00685059594203682,4.73503531276135e-08
-1.88019121917941e-09,-0.00687178552908846,4.19387191471015e-08
-1.97243735585913e-09,-0.00689336211763365,3.65700909723939e-08
-2.03709585136225e-09,-0.00691527984121921,3.15098180605185e-08
-2.08666299293179e-09,-0.00693748801423541,2.68631019472044e-08
-2.13264326435166e-09,-0.00695993076491712,2.26169568830166e-08
-2.17723199200416e-09,-0.00698254665835109,1.86864009215974e-08
-2.22240151046937e-09,-0.00700526873527493,1.49612939213101e-08
-2.26683085342365e-09,-0.00702802482082206,1.13983509167306e-08
-2.29773242519004e-09,-0.0070507382336192,8.16978014063425e-09
-2.30781664963669e-09,-0.00707332823032591,5.45424417201894e-09
-2.30156206680987e-09,-0.00709571098080464,3.31220234953215e-09
-2.29859728189172e-09,-0.0071178009333112,1.59000087308553e-09
-2.3099856618752e-09,-0.00713951314908658,2.5235888158426e-11
-2.33969774715829e-09,-0.00716076527449741,-1.60772634701209e-09
-2.39692912078782e-09,-0.00718147941490455,-3.48406216538584e-09
-2.51222085665512e-09,-0.00720158408913956,-5.83209115616822e-09
-2.66740060133069e-09,-0.00722101707331804,-8.60427108519429e-09
-2.75425253000028e-09,-0.00723972837305718,-1.11233168060459e-08
-2.72991463913183e-09,-0.00725768158021075,-1.28751317962472e-08
-2.65947149811769e-09,-0.0072748532378845,-1.3988658113298e-08
-2.60720149091427e-09,-0.00729123066712689,-1.47745030633585e-08
-2.60565390531656e-09,-0.00730680943024833,-1.54907140989352e-08
-2.65687318799986e-09,-0.00732159102679882,-1.6291092136493e-08
-2.73967714109029e-09,-0.00733558128957858,-1.7250743390116e-08
-2.83165183960686e-09,-0.00734878918338079,-1.84002621996636e-08
-2.91287255101112e-09,-0.00736122590651559,-1.96847266309882e-08
-2.96580284299031e-09,-0.00737290429506016,-2.08784445577244e-08
-3.01055054343628e-09,-0.00738383840278106,-2.19278995562507e-08
-3.06408637535072e-09,-0.00739404324745883,-2.28606870688016e-08
-3.13051801551947e-09,-0.00740353489739938,-2.37256230700277e-08
-3.20857633522562e-09,-0.00741233082848408,-2.45735303659651e-08
-3.29510837746779e-09,-0.00742045044438971,-2.54351630411717e-08
-3.38607634091538e-09,-0.00742791559922809,-2.63147770861186e-08
-3.47733382128899e-09,-0.00743475100448193,-2.71974502242067e-08
-3.56635216421214e-09,-0.0074409844491054,-2.80605287822333e-08
-3.65356006776942e-09,-0.00744664678454019,-2.88769927191385e-08
-3.73855189759982e-09,-0.00745177163403413,-2.96264098699692e-08
-3.82232138980977e-09,-0.00745639508989155,-3.03042748687273e-08
-3.9069066020525e-09,-0.00746055522048714,-3.09151602717277e-08
-3.99369783896187e-09,-0.00746429147870143,-3.14652165946849e-08
-4.08249215787602e-09,-0.00746764383673721,-3.19585596022413e-08
-4.16442940804095e-09,-0.00747065207649556,-3.2351059892944e-08
-4.21759011287233e-09,-0.00747335522371648,-3.25007097147333e-08
-4.25606455847007e-09,-0.0074757912198588,-3.25133456252913e-08
-4.30296120997377e-09,-0.00747799683727284,-3.2581583122867e-08
-4.36777788014537e-09,-0.00748000811201012,-3.27281881323541e-08
-4.45368001519398e-09,-0.00748186061426907,-3.294631583794e-08
-4.55651866364595e-09,-0.00748358982388506,-3.32123017721566e-08
-4.66593801221015e-09,-0.00748523178710229,-3.34917064879067e-08
-4.7697632156544e-09,-0.00748682365295719,-3.37635065170304e-08
-4.86071080352423e-09,-0.00748840401486278,-3.403112216034e-08
-4.94120958197076e-09,-0.00749001315817978,-3.43104411962988e-08
-5.02066547996386e-09,-0.00749169229741516,-3.46064322034507e-08
-5.10585060520313e-09,-0.00749348184915495,-3.49077062723329e-08
-5.19687492742301e-09,-0.00749541949670382,-3.51998163554029e-08
-5.28817653142488e-09,-0.00749753904832593,-3.54837921058295e-08
-5.38047899193268e-09,-0.00749987040354226,-3.57680125581173e-08
-5.47582624096526e-09,-0.00750243992454482,-3.60672382006418e-08
-5.57845793342842e-09,-0.00750527137529606,-3.64783293477769e-08
-5.69441903813245e-09,-0.00750838651622105,-3.71966070632589e-08
-5.82542126922448e-09,-0.0075118046646626,-3.83515948514774e-08
-5.9672721204126e-09,-0.00751554191965791,-3.99767506185811e-08
-6.11274912074046e-09,-0.00751960991646135,-4.20292211248025e-08
-6.24392694574302e-09,-0.00752401507531498,-4.42760436338598e-08
-6.34397488888815e-09,-0.0075287581422244,-4.63368062216038e-08
-6.40836089540569e-09,-0.00753383397067561,-4.79618700180367e-08
-6.46017257063576e-09,-0.00753923184542551,-4.9093255384585e-08
-6.52433610655825e-09,-0.00754493605507168,-4.98535956158205e-08
-6.60699011899457e-09,-0.00755092653207303,-5.03512215324722e-08
-6.69377078150584e-09,-0.00755717942949577,-5.04922018042445e-08
-6.77602437178398e-09,-0.00756366743412342,-5.01695081930009e-08
-6.86487870032774e-09,-0.00757035995613422,-4.9359949682196e-08
-6.97517570499999e-09,-0.00757722312315893,-4.82359720681317e-08
-7.1004408230647e-09,-0.00758421993709279,-4.69814286302095e-08
-7.22610550282157e-09,-0.00759131055895999,-4.57273446261548e-08
-7.34401158472184e-09,-0.00759845239367014,-4.45412901182793e-08
-7.4536902298486e-09,-0.00760560014895786,-4.34313156984189e-08
-7.55863178060124e-09,-0.00761270599650036,-4.23682131140943e-08
-7.66260322329781e-09,-0.00761971983893552,-4.13124269995317e-08
-7.76778038144421e-09,-0.00762658984828948,-4.02335049138144e-08
-7.87713586774266e-09,-0.00763326302451209,-3.91154663992554e-08
-7.9962883294757e-09,-0.00763968601547903,-3.79360377403129e-08
-8.11773673769656e-09,-0.00764580611730714,-3.66796337696128e-08
-8.22989732079314e-09,-0.00765157261466775,-3.53062494968273e-08
-8.3089112040338e-09,-0.00765693797692327,-3.36133682186327e-08
-8.34607431819616e-09,-0.00766185880658412,-3.14357996955854e-08
-8.3582643396017e-09,-0.00766629741651301,-2.88309429813351e-08
-8.41637586872931e-09,-0.00767022449432208,-2.62801910905676e-08
-8.54916813572259e-09,-0.00767362152820248,-2.41586278474888e-08
-8.72262909760743e-09,-0.00767648152606531,-2.24598321345373e-08
-8.89662826460512e-09,-0.00767880767450091,-2.10408866883612e-08
-9.04494799463733e-09,-0.00768061119210474,-1.97682433225727e-08
-9.17161825486912e-09,-0.00768190912804004,-1.85999542679066e-08
-9.30672004324017e-09,-0.00768272275521446,-1.76768498635216e-08
-9.45623059930099e-09,-0.00768307644081187,-1.70519583604122e-08
-9.61479061965086e-09,-0.0076829967423721,-1.67173826738889e-08
-9.7718777645901e-09,-0.00768251173238048,-1.66224197932377e-08
-9.91009332268143e-09,-0.00768165047485845,-1.66272099339098e-08
-1.00203113737271e-08,-0.00768044273093199,-1.65901907973368e-08
-1.00996018090279e-08,-0.0076789188157557,-1.63688978284285e-08
-1.01658180738936e-08,-0.00767710958806445,-1.5972786020054e-08
-1.02358913328994e-08,-0.00767504649457992,-1.54737208746938e-08
-1.03163490666908e-08,-0.00767276172433153,-1.49441405322798e-08
-1.040361117711e-08,-0.00767028839091985,-1.44463766602072e-08
-1.04976727307929e-08,-0.00766766071925127,-1.40180197509657e-08
-1.05955444326101e-08,-0.00766491408222423,-1.36634378315076e-08
-1.06898545058915e-08,-0.00766208477499907,-1.33784244031082e-08
-1.07792717100624e-08,-0.00765920971031555,-1.31318097081843e-08
-1.08551880891375e-08,-0.00765632623865792,-1.27753164044343e-08
-1.09166639963653e-08,-0.00765347186023017,-1.21412603672519e-08
-1.0994637275472e-08,-0.00765068396281692,-1.12841349148963e-08
-1.11050553315784e-08,-0.00764799938610295,-1.02956060867203e-08
-1.12430861283834e-08,-0.00764545396844743,-9.23359058653046e-09
-1.13874044445242e-08,-0.00764308221164689,-8.07434308888055e-09
-1.14997198475812e-08,-0.00764091732743545,-6.61894618631191e-09
-1.15687359873373e-08,-0.00763899043277075,-4.71123981390772e-09
-1.16113661936975e-08,-0.00763732801708192,-2.33734884740236e-09
-1.16595478272624e-08,-0.00763594897439418,2.79031589086362e-10
-1.17302233545343e-08,-0.00763486289648358,2.91104357443004e-09
-1.18238933818577e-08,-0.00763406991554351,5.39524218161698e-09
-1.19356794832236e-08,-0.00763356168045174,7.56767994488051e-09
-1.2055928350592e-08,-0.0076333223741859,9.34209276156742e-09
-1.21737786670651e-08,-0.00763332966639051,1.07383919334731e-08
-1.22762180550377e-08,-0.00763355528963289,1.19321997523264e-08
-1.23568966127584e-08,-0.0076339658184143,1.3155062164734e-08
-1.2425404052752e-08,-0.00763452308490461,1.44776989391934e-08
-1.24934948695174e-08,-0.00763518420831791,1.58809503824243e-08
-1.25718885071027e-08,-0.00763590186970394,1.72990937509648e-08
-1.26701399431941e-08,-0.00763662466925458,1.85607672568669e-08
-1.27928386024533e-08,-0.00763729763834837,1.94343342738096e-08
-1.2932544402653e-08,-0.0076378629864542,1.97920037798161e-08
-1.30668550813916e-08,-0.00763826096744049,1.97328763925121e-08
-1.31705441361822e-08,-0.00763843075862229,1.95349283047533e-08
-1.32462732721029e-08,-0.00763831146882213,1.9436707983637e-08
-1.33194349679309e-08,-0.00763784312776304,1.95873280495964e-08
-1.34062402221671e-08,-0.00763696822411794,2.01000732281166e-08
-1.35095382048878e-08,-0.00763563276985762,2.10591162306479e-08
-1.36155028737594e-08,-0.00763378751977401,2.24692232047228e-08
-1.37133321997235e-08,-0.00763138963212024,2.42418622772693e-08
-1.37906281121342e-08,-0.00762840552844847,2.62826757601162e-08
-1.3827893808853e-08,-0.00762481319588985,2.86678171031056e-08
-1.38242908644588e-08,-0.00762060300659877,3.14938940074426e-08
-1.38023380594467e-08,-0.00761577673790721,3.47415996431346e-08
-1.38030961896041e-08,-0.00761034564105483,3.81912808841395e-08
-1.38166553857128e-08,-0.00760432860191687,4.18621826474585e-08
-1.38267858388972e-08,-0.00759775043623262,4.58239497517793e-08
-1.38370116762674e-08,-0.00759064063795686,5.00032918528193e-08
-1.38734695802323e-08,-0.00758303251109084,5.40074134200855e-08
-1.39159863062846e-08,-0.00757496282866591,5.78322894341202e-08
-1.39443140968038e-08,-0.00756647102704614,6.1653003689455e-08
-1.39586134509644e-08,-0.00755759858082099,6.55537795310557e-08
-1.39881713661345e-08,-0.00754838854702097,6.92746837245821e-08
-1.40537630697368e-08,-0.00753888553440919,7.25372874802441e-08
-1.41513998358842e-08,-0.00752913557860477,7.52227918495634e-08
-1.42590391939643e-08,-0.00751918595843882,7.74196725765113e-08
-1.43629603780996e-08,-0.00750908533766651,7.92928137274918e-08
-1.44517182260692e-08,-0.00749888379725824,8.09869449930836e-08
-1.45275996350096e-08,-0.00748863272078601,8.25964967638959e-08
-1.45890389872277e-08,-0.00747838456826461,8.4162128728646e-08
-1.46386387250083e-08,-0.00746819267122517,8.56706801347584e-08
-1.46829891188254e-08,-0.00745811120611882,8.70893550806564e-08
-1.47282649464595e-08,-0.00744819463393206,8.83905667912815e-08
-1.47756005462308e-08,-0.00743849723566553,8.95844094612839e-08
-1.48134480626851e-08,-0.0074290726939626,9.07988960918251e-08
-1.48252516385718e-08,-0.00741997393886685,9.21657810670966e-08
-1.48201401976658e-08,-0.00741125258409384,9.35582675757967e-08
-1.48110358026534e-08,-0.00740295629647084,9.479502803544e-08
-1.4807581180482e-08,-0.00739512519815124,9.57204733967557e-08
-1.48221802983704e-08,-0.00738778904712157,9.62433415582867e-08
-1.4846600456077e-08,-0.0073809664384807,9.66186686568245e-08
-1.48639143195468e-08,-0.00737466461887667,9.71310952704184e-08
-1.48442297892875e-08,-0.00736887999074889,9.7938230458846e-08
-1.47728526117829e-08,-0.00736359878665707,9.9091825512147e-08
-1.46781809392415e-08,-0.00735879768782466,1.00407493967145e-07
-1.46240111805548e-08,-0.007354444146172,1.01535113265184e-07
-1.46355597366318e-08,-0.0073504967538139,1.02251350269742e-07
-1.46974610468225e-08,-0.00734690553790187,1.02485767147031e-07
-1.47793794139908e-08,-0.00734361260653264,1.02262549640428e-07
-1.4856854334439e-08,-0.00734055283576793,1.01652131202377e-07
-1.49244836768315e-08,-0.00733765476625242,1.00691394008007e-07
-1.50013087518048e-08,-0.00733484161007256,9.92441845300219e-08
-1.5101975871608e-08,-0.00733203204396667,9.71992164696097e-08
-1.52283167976132e-08,-0.0073291411089296,9.46020942233403e-08
-1.5351945667815e-08,-0.00732608121827613,9.17569510760845e-08
-1.54468337003516e-08,-0.00732276352154828,8.89846147863727e-08
-1.54920940191927e-08,-0.0073190993950782,8.65605611822067e-08
-1.54893334472961e-08,-0.00731500175965422,8.46095702780642e-08
-1.54684043916267e-08,-0.0073103863329396,8.30536997052898e-08
-1.54798050674828e-08,-0.00730517292617319,8.15619145869924e-08
-1.55123792170423e-08,-0.00729928712763826,8.00513343223878e-08
-1.55484739311625e-08,-0.00729266217892927,7.85617012706207e-08
-1.55836292478227e-08,-0.00728524164289891,7.71966182115981e-08
-1.56230013415369e-08,-0.00727698142486667,7.60416151708978e-08
-1.56657698981116e-08,-0.00726785028870974,7.51147943487059e-08
-1.57107029680275e-08,-0.00725782871807458,7.43588459009005e-08
-1.5758321052148e-08,-0.00724690724976494,7.37014583179571e-08
-1.58090480689986e-08,-0.00723508469062745,7.3096944800867e-08
-1.58573401638052e-08,-0.00722236669418743,7.25560716870218e-08
-1.58849250442261e-08,-0.00720876461512089,7.21915815057186e-08
-1.58880388652819e-08,-0.007194294946209,7.20767828458313e-08
-1.58869444961425e-08,-0.00717897869900348,7.21627276805879e-08
-1.59047240812914e-08,-0.00716284081945469,7.23240508159578e-08
-1.59767923298522e-08,-0.00714590972002262,7.22653358177756e-08
-1.61125444934026e-08,-0.00712821657617504,7.1750671233711e-08
-1.62887447197267e-08,-0.00710979481741638,7.07283725936135e-08
-1.64511743825916e-08,-0.00709067981944803,6.94238157674531e-08
-1.65660044793975e-08,-0.00707090901852927,6.80836316003723e-08
-1.66276736041411e-08,-0.00705052168575224,6.68640638894578e-08
-1.66566530716732e-08,-0.00702955875559478,6.57761247802695e-08
-1.66993881978927e-08,-0.00700806269745609,6.45906098675028e-08
-1.6774788815672e-08,-0.00698607749394797,6.31282323832259e-08
-1.68582053984234e-08,-0.00696364852962391,6.1476461771156e-08
-1.69278269358156e-08,-0.00694082250068112,5.97788678426378e-08
-1.69756757431749e-08,-0.00691764719377178,5.81386699396403e-08
-1.70041313813342e-08,-0.00689417132124512,5.66057021986218e-08
-1.70208559558313e-08,-0.00687044438119518,5.51851142146658e-08
-1.70338793012583e-08,-0.00684651637931376,5.38543813254182e-08
-1.70490038864937e-08,-0.00682243752719075,5.25752245628907e-08
-1.70667498959129e-08,-0.00679825792515432,5.1367019326004e-08
-1.70680665390729e-08,-0.00677402788977973,5.04359199495373e-08
-1.70460492193681e-08,-0.00674979762762848,4.99547459746941e-08
-1.70125145010082e-08,-0.00672561697239187,4.99451127724493e-08
-1.69959467668047e-08,-0.00670153513476205,5.01786122018595e-08
-1.70086339196927e-08,-0.00667760128159326,5.0419479118812e-08
-1.7045263199589e-08,-0.00665386496821351,5.0523787098638e-08
-1.70932184370031e-08,-0.00663037595782412,5.0438797450457e-08
-1.71412345110078e-08,-0.00660718415360259,5.0176075091077e-08
-1.7183414872449e-08,-0.00658433958109461,4.9778647959133e-08
-1.72189714647793e-08,-0.00656189254209521,4.92945708586848e-08
-1.72498374521877e-08,-0.00653989354438194,4.87614922650137e-08
-1.72773572564388e-08,-0.00651839262463103,4.82007188529734e-08
-1.72975882886039e-08,-0.00649743839793718,4.76103877350714e-08
-1.73030306785321e-08,-0.00647707914474729,4.69557716881742e-08
-1.72932543781554e-08,-0.00645736706130517,4.61824558975907e-08
-1.72739988677438e-08,-0.00643836469563337,4.52599562036946e-08
-1.72541847196503e-08,-0.00642015048723193,4.42431188342669e-08
-1.72442799631956e-08,-0.00640282092550001,4.31873633151468e-08
-1.72669821744275e-08,-0.00638648800697131,4.20866547676489e-08
-1.73295471922931e-08,-0.00637127208276036,4.09392844767911e-08
-1.7420761313266e-08,-0.00635729264570482,3.97689621614206e-08
-1.75136798354046e-08,-0.00634465874836531,3.86324023057299e-08
-1.76049517355259e-08,-0.00633346095156437,3.75116009571652e-08
-1.7727914375949e-08,-0.00632376480447499,3.63954423115473e-08
-1.79036922970961e-08,-0.00631560610961462,3.53160308043799e-08
-1.81250448163211e-08,-0.00630898764093679,3.43198688638057e-08
-1.83458695921738e-08,-0.00630387574704315,3.34253559038565e-08
-1.8531596302168e-08,-0.00630019613315383,3.26139217982313e-08
-1.86667080333938e-08,-0.00629782753369619,3.18594081736369e-08
-1.87502236395871e-08,-0.00629659364563189,3.11460577117664e-08
-1.87925873659051e-08,-0.00629625788203373,3.04696786393602e-08
-1.88116142476788e-08,-0.00629653192638074,2.98309674955859e-08
-1.8825621628733e-08,-0.00629710810560098,2.92295503167271e-08
-1.88464867910493e-08,-0.00629770716660416,2.86620148976484e-08
-1.88859289356072e-08,-0.00629811356839956,2.80746307292243e-08
-1.89552486861259e-08,-0.00629818224038052,2.73413408293746e-08
-1.89978056206331e-08,-0.00629782193271589,2.67130020412763e-08
-1.89778499778251e-08,-0.00629696972072881,2.64725267536014e-08
-1.89077392638245e-08,-0.00629556905049062,2.67518049842312e-08
-1.88353412832349e-08,-0.00629355557150427,2.74195770951199e-08
-1.87951416676663e-08,-0.00629085012535878,2.8247157223054e-08
-1.88206233242766e-08,-0.00628735502287165,2.88431335035375e-08
-1.89301229476693e-08,-0.00628295227845973,2.88741062657429e-08
-1.911679862339e-08,-0.00627750444500302,2.82455889775332e-08
-1.93315553602741e-08,-0.00627085852084212,2.72072922078776e-08
-1.9534265549224e-08,-0.0062628526540081,2.60569563836893e-08
-1.97025351030913e-08,-0.00625332461658029,2.49949368469375e-08
-1.98300105430204e-08,-0.00624212098177667,2.41037724453147e-08
-1.99313367173954e-08,-0.00622910547005909,2.33417269398589e-08
-2.00408227151129e-08,-0.00621416564034857,2.25013723877117e-08
-2.01910981686064e-08,-0.00619721729272088,2.13039162623285e-08
-2.03851433835079e-08,-0.00617820627930535,1.95744845010956e-08
-2.0613219457741e-08,-0.00615710800375623,1.7272342847708e-08
-2.08596088675359e-08,-0.00613392455816325,1.44523463407438e-08
-2.11127287533422e-08,-0.00610867946745563,1.12529405413491e-08
-2.13308870168337e-08,-0.00608141035700699,7.96897053221954e-09
-2.14856462741665e-08,-0.00605216077587865,4.83489520161103e-09
-2.15697563592572e-08,-0.0060209721240144,1.9610458837042e-09
-2.15921410532904e-08,-0.00598787716214018,-6.39308815962029e-10
-2.15623362292772e-08,-0.00595289603398361,-2.96101613607079e-09
-2.14680696011214e-08,-0.00591603557673223,-4.84951712890685e-09
-2.1310944555771e-08,-0.00587729157658443,-6.18147991463363e-09
-2.10956565879272e-08,-0.00583665329316133,-6.90761171984971e-09
-2.08382734194626e-08,-0.00579410937379888,-7.02077054610757e-09
-2.05974846225734e-08,-0.00574965450613063,-6.60751624765658e-09
-2.04376632467227e-08,-0.00570329593595961,-5.96285405117857e-09
-2.03759485846452e-08,-0.0056550592326831,-5.34575182642096e-09
-2.03830658621613e-08,-0.00560499312998881,-4.88614741055395e-09
-2.03957884162725e-08,-0.00555317292896926,-4.58157969757988e-09
-2.03770206229788e-08,-0.00549970222893441,-4.34085674970894e-09
-2.03301739502374e-08,-0.00544471167584642,-4.05687252304401e-09
-2.02916259058702e-08,-0.0053883536340246,-3.67012150128657e-09
-2.02859815953066e-08,-0.00533079326928999,-3.22851873676318e-09
-2.03336905645792e-08,-0.00527219779818869,-2.97550735127996e-09
-2.04237701430552e-08,-0.00521272665704214,-3.06370874391055e-09
-2.0502214043321e-08,-0.00515252473990855,-3.31942357681365e-09
-2.05360844153855e-08,-0.00509171965247545,-3.52170407416966e-09
-2.05283559905304e-08,-0.0050304223520634,-3.57502064161612e-09
-2.05189007612761e-08,-0.00496873022505538,-3.71152928276026e-09
-2.0533995088015e-08,-0.00490673144683137,-4.1287686703215e-09
-2.05582365140001e-08,-0.00484451043461216,-4.75890270277489e-09
-2.05747915129544e-08,-0.00478215344090431,-5.47589405790374e-09
-2.05762963860847e-08,-0.00471975411325228,-6.14912317838019e-09
-2.05558149670268e-08,-0.00465741823616253,-6.59378524107314e-09
-2.05356283705399e-08,-0.00459526725627444,-6.92919506124927e-09
-2.05441080443574e-08,-0.00453343927628868,-7.51421743581273e-09
-2.05858695979029e-08,-0.00447208726921111,-8.61427997354953e-09
-2.06418521320105e-08,-0.00441137490792267,-1.0261456645959e-08
-2.06737272705423e-08,-0.00435147070207258,-1.2149650193114e-08
-2.06623947104345e-08,-0.00429254192927887,-1.39222599340563e-08
-2.0611873762389e-08,-0.00423474873610658,-1.52660585916567e-08
-2.05642931487338e-08,-0.0041782390784124,-1.63341252692582e-08
-2.05476748970565e-08,-0.00412314442608795,-1.73950520122694e-08
-2.05657789240003e-08,-0.00406957572967336,-1.85961279086352e-08
-2.06125477119193e-08,-0.00401762036919839,-1.97929565295678e-08
-2.0677376024127e-08,-0.00396734205330982,-2.07944603249754e-08
-2.07464320832137e-08,-0.00391878339524135,-2.15526803711812e-08
-2.07875911129459e-08,-0.00387197035248594,-2.21105904070367e-08
-2.07943185928621e-08,-0.00382691815653332,-2.25287636217985e-08
-2.07962917319495e-08,-0.00378363758622499,-2.27431383544374e-08
-2.08160364560858e-08,-0.00374214059449385,-2.26174047035821e-08
-2.0856710185025e-08,-0.00370244440060022,-2.19553572773791e-08
-2.09163761270789e-08,-0.00366457350188652,-2.06761684591689e-08
-2.09951332486258e-08,-0.00362855903085527,-1.8914325377714e-08
-2.10707532981014e-08,-0.00359443532089585,-1.66627205805842e-08
-2.10975670124146e-08,-0.00356223431032827,-1.39083684891125e-08
-2.10591745486638e-08,-0.00353197939343148,-1.06975678306948e-08
-2.09736574068874e-08,-0.00350367949250616,-7.14500285340244e-09
-2.0893177205123e-08,-0.00347732377988698,-3.51707192580106e-09
-2.08634564954738e-08,-0.00345287701317412,1.69392333961879e-12
-2.08726113084265e-08,-0.00343027552541049,3.34027855679005e-09
-2.08939290895489e-08,-0.00340942425369379,6.49327855675882e-09
-2.09058169847475e-08,-0.0033901964867409,9.52846739717649e-09
-2.09008696202035e-08,-0.00337243650389645,1.25207046695548e-08
-2.08846480298351e-08,-0.00335596628345818,1.55098884371727e-08
-2.08650912656359e-08,-0.00334059563358823,1.85138259498723e-08
-2.08438552692303e-08,-0.0033261335632388,2.16087954770905e-08
-2.08582193278206e-08,-0.0033123977745966,2.45152814562223e-08
-2.09170215920494e-08,-0.0032992203609444,2.70016550753907e-08
-2.09801717050068e-08,-0.00328644996381802,2.92039710777314e-08
-2.09956066938506e-08,-0.00327395128689177,3.15003712311641e-08
-2.09599278272414e-08,-0.00326160348248792,3.40969546287426e-08
-2.09239215035569e-08,-0.00324929823991773,3.68063298681646e-08
-2.08980296287423e-08,-0.00323693865606134,3.95742571721446e-08
-2.08779711900566e-08,-0.00322443840676817,4.24377372828029e-08
-2.0860643776165e-08,-0.00321171940331322,4.54255222316057e-08
-2.085023402236e-08,-0.00319870838380501,4.85062345273798e-08
-2.08503320075031e-08,-0.00318533351429427,5.16452547404404e-08
-2.08620256810004e-08,-0.00317152258413707,5.48176351923617e-08
-2.08899412219974e-08,-0.00315720343202312,5.79933683062507e-08
-2.09319033495276e-08,-0.00314230633687174,6.11349038622851e-08
-2.09804102981182e-08,-0.00312676757933154,6.42157724220727e-08
-2.10239718436373e-08,-0.00311053358021979,6.72489483279696e-08
-2.10480921593839e-08,-0.00309356452617272,7.03376410752872e-08
-2.10618696759861e-08,-0.0030758371787556,7.35416950469666e-08
-2.10811204675202e-08,-0.00305734639940745,7.67986738015321e-08
-2.11277175047968e-08,-0.00303810512349288,7.98640443142409e-08
-2.11917026943123e-08,-0.00301814295460433,8.25560836047882e-08
-2.12524533056409e-08,-0.00299750355869052,8.48711289094604e-08
-2.12993164378913e-08,-0.00297624084312565,8.68757800210016e-08
-2.13273329312587e-08,-0.00295441438405661,8.86507339429157e-08
-2.13398909628318e-08,-0.00293208456175239,9.02696309695614e-08
-2.1344902230744e-08,-0.00290930858091134,9.18044311719355e-08
-2.1346997125183e-08,-0.00288613780719467,9.33566845328294e-08
-2.13367511872422e-08,-0.00286261668911255,9.49757062216899e-08
-2.13167679553958e-08,-0.00283878309760835,9.66448089856075e-08
-2.12951284221302e-08,-0.00281467059662621,9.83235406818288e-08
-2.12807302144331e-08,-0.00279031173484701,9.99468159060237e-08
-2.12859078456009e-08,-0.00276574105811988,1.01459324871419e-07
-2.13100163954891e-08,-0.00274099846485705,1.02815904075856e-07
-2.13422623457929e-08,-0.00271613234343907,1.03994402236081e-07
-2.13712999935451e-08,-0.0026912019494432,1.04998367301367e-07
-2.13905877073089e-08,-0.00266627861012975,1.05848872757527e-07
-2.13983751022636e-08,-0.00264144549333153,1.0658213759986e-07
-2.14002031739502e-08,-0.00261679583841366,1.07239733456341e-07
-2.14042861952609e-08,-0.00259243017927167,1.07839367273896e-07
-2.14136300431346e-08,-0.00256845273956936,1.0834829304739e-07
-2.14236452852031e-08,-0.00254496796272587,1.08699837199452e-07
-2.14287256980638e-08,-0.00252207648646081,1.08835872031951e-07
-2.14299984903479e-08,-0.00249987194574924,1.0871859726387e-07
-2.1428019885837e-08,-0.00247843888863065,1.08321625163207e-07
-2.14104476339004e-08,-0.0024578523529161,1.07897763831761e-07
-2.13794827797809e-08,-0.00243817814836772,1.07659514012174e-07
-2.13564636463277e-08,-0.0024194739461185,1.07481059754858e-07
-2.13574920542624e-08,-0.00240178976242469,1.06973943994855e-07
-2.13802277002167e-08,-0.00238516853795915,1.0591805859802e-07
-2.13965246736969e-08,-0.00236964775573667,1.04572052572015e-07
-2.13993063438384e-08,-0.0023552624048825,1.03096967938863e-07
-2.13961269308538e-08,-0.00234204824490109,1.01511719387166e-07
-2.14041585193079e-08,-0.00233004415370646,9.96116695987327e-08
-2.1431207731622e-08,-0.00231929277582505,9.71733859687554e-08
-2.14706698434963e-08,-0.00230983968234897,9.41211417644827e-08
-2.15120777082085e-08,-0.00230173132016969,9.04820293522349e-08
-2.15498199195096e-08,-0.00229501236720761,8.63833453849201e-08
-2.15914352440489e-08,-0.00228972288593423,8.21090423526605e-08
-2.1650774608542e-08,-0.00228589555050102,7.77483812301902e-08
-2.17270539453722e-08,-0.00228355341678122,7.32810441508105e-08
-2.17963490174855e-08,-0.00228270847008913,6.86564073204571e-08
-2.18354134352743e-08,-0.00228336096779629,6.40282575155315e-08
-2.18460648579995e-08,-0.00228549905563127,5.94660839402991e-08
-2.18449227489262e-08,-0.00228909844777319,5.48926604613545e-08
-2.18398358005183e-08,-0.00229412301348263,5.03499036173237e-08
-2.18316902472763e-08,-0.00230052628635523,4.59594508569345e-08
-2.18210028995107e-08,-0.00230825385095554,4.18068979209692e-08
-2.18082207012342e-08,-0.00231724596603997,3.79361546757604e-08
-2.17914057857675e-08,-0.00232744072628587,3.44131826775376e-08
-2.1774118149807e-08,-0.00233877601908886,3.12256955403359e-08
-2.17740892257061e-08,-0.00235119008257158,2.80627427142848e-08
-2.17967947123882e-08,-0.00236462088113471,2.4632295036531e-08
-2.18292767792942e-08,-0.00237900473230243,2.08626561531517e-08
-2.18401369336898e-08,-0.00239427446331452,1.70935419631824e-08
-2.18140497455938e-08,-0.00241035765217192,1.36633846961148e-08
-2.17655552967528e-08,-0.00242717504431739,1.06610536536632e-08
-2.17262858420802e-08,-0.00244463996348147,7.90092448135949e-09
-2.17140140537766e-08,-0.00246265777853166,5.16629323326164e-09
-2.17290904202587e-08,-0.00248112663969059,2.31809163417314e-09
-2.17558359042922e-08,-0.002499939490241,-6.76456075651387e-10
-2.17701650236726e-08,-0.00251898703571645,-3.71112920482131e-09
-2.17605769259334e-08,-0.00253816168962785,-6.66795656405668e-09
-2.17416134440063e-08,-0.00255736237904625,-9.56754618496397e-09
-2.17657785444717e-08,-0.00257650023173844,-1.2813680394148e-08
-2.18484447906126e-08,-0.00259550311760411,-1.67200900891237e-08
-2.19484852044255e-08,-0.00261431750704671,-2.11920039736171e-08
-2.20106712600442e-08,-0.00263290759915926,-2.58420663118289e-08
-2.20137606528793e-08,-0.00265125295121509,-3.03273757735993e-08
-2.19677557170667e-08,-0.00266934536312495,-3.44574790821578e-08
-2.18963131975351e-08,-0.00268718597706252,-3.81810107515151e-08
-2.18222253172359e-08,-0.00270478227440989,-4.15381892230063e-08
-2.1760265045077e-08,-0.00272214535361987,-4.46112311356014e-08
-2.17154310748896e-08,-0.00273928753942405,-4.75016479612896e-08
-2.1681935907503e-08,-0.00275622039156704,-5.02678871240406e-08
-2.16526623030329e-08,-0.00277295367493122,-5.28906049881012e-08
-2.16250293448238e-08,-0.00278949509361395,-5.53359671437111e-08
-2.16029162741377e-08,-0.00280585076336334,-5.76377055637118e-08
-2.15765127184463e-08,-0.00282202667244417,-5.97558358842818e-08
-2.15256043343043e-08,-0.00283803075963048,-6.14942557755522e-08
-2.14462956697046e-08,-0.00285387455643304,-6.27182156701601e-08
-2.13532223509274e-08,-0.00286957483640615,-6.34423983860877e-08
-2.12747350905206e-08,-0.00288515491324651,-6.39002676652838e-08
-2.12247129982518e-08,-0.00290064612357829,-6.43037056089315e-08
-2.11996024744093e-08,-0.00291608798316761,-6.47746882990696e-08
-2.11867201264273e-08,-0.00293152746687188,-6.53595098565041e-08
-2.1173122913626e-08,-0.00294701760560365,-6.60529478628225e-08
-2.1150829921133e-08,-0.00296261559047459,-6.68334300325951e-08
-2.1117635354308e-08,-0.00297838065313803,-6.76944691725952e-08
-2.10762047259262e-08,-0.00299437136153314,-6.86463634714526e-08
-2.10303162056312e-08,-0.00301064187819367,-6.9687393304635e-08
-2.09785226854984e-08,-0.00302723806684868,-7.07263611072033e-08
-2.09191370626465e-08,-0.00304419578943972,-7.16178789501315e-08
-2.08658902933121e-08,-0.00306154142397689,-7.24229388940169e-08
-2.0825860002289e-08,-0.0030792933088266,-7.32377681729325e-08
-2.07953178640206e-08,-0.00309746408655621,-7.4101285517682e-08
-2.0766040348317e-08,-0.00311606323497331,-7.49733378925247e-08
-2.07411536531944e-08,-0.00313509954995184,-7.59406137204369e-08
-2.07272045583078e-08,-0.00315458305968001,-7.70654854647712e-08
-2.0724130160049e-08,-0.00317452640963937,-7.83131317390927e-08
-2.0725098809894e-08,-0.00319494572163234,-7.95487073693689e-08
-2.07245291861262e-08,-0.00321586071386681,-8.0640095639795e-08
-2.07186837978569e-08,-0.00323729422623447,-8.15004306531875e-08
-2.07016606410661e-08,-0.00325927114167442,-8.21075925430418e-08
-2.06740985750438e-08,-0.00328181694797247,-8.24930686607413e-08
-2.06416936534538e-08,-0.00330495596309728,-8.27017822014635e-08
-2.06102318399695e-08,-0.00332871002222089,-8.27688808959271e-08
-2.05825373109598e-08,-0.00335309712293158,-8.27155290142507e-08
-2.05580974016939e-08,-0.00337812996643547,-8.25537018663782e-08
-2.05355917085494e-08,-0.00340381492600191,-8.23157206354276e-08
-2.05134170422624e-08,-0.0034301512212799,-8.21195154048853e-08
-2.04799680021745e-08,-0.00345713057058144,-8.20630397298506e-08
-2.04317790477414e-08,-0.00348473735306002,-8.21287649801262e-08
-2.03855577208554e-08,-0.00351294944932653,-8.22424645538568e-08
-2.03527322784826e-08,-0.0035417395307544,-8.23092097977938e-08
-2.03331560963953e-08,-0.00357107654389395,-8.23048776537079e-08
-2.03160717667388e-08,-0.00360092745537174,-8.24462584487734e-08
-2.02963785005069e-08,-0.00363125782115242,-8.29807537530496e-08
-2.02789417685551e-08,-0.00366203199170272,-8.39932196378661e-08
-2.02575297006807e-08,-0.0036932128793521,-8.52698092878732e-08
-2.02300027084345e-08,-0.00372476141874512,-8.65587840411326e-08
-2.020295729504e-08,-0.00375663560488943,-8.76750240645117e-08
-2.0170340759632e-08,-0.0037887896976762,-8.85329305718062e-08
-2.01235999803995e-08,-0.00382117329855467,-8.91932158585821e-08
-2.00707600259258e-08,-0.00385373064436516,-8.98737608592901e-08
-2.00319233260751e-08,-0.00388640024165,-9.08438616559374e-08
-2.00406088299824e-08,-0.00391911522105748,-9.24588512210308e-08
-2.00864452761206e-08,-0.00395180422845963,-9.47374916593892e-08
-2.01425096155367e-08,-0.0039843928377257,-9.75372968571426e-08
-2.01748357163109e-08,-0.00401680555362369,-1.00623173226404e-07
-2.01377000300475e-08,-0.00404896818755842,-1.03477406992759e-07
-2.00263027155807e-08,-0.00408081040238271,-1.0569922384167e-07
-1.98776525390353e-08,-0.00411226870220801,-1.07170705808236e-07
-1.97556194947561e-08,-0.00414329014304772,-1.08182031653129e-07
-1.968748382976e-08,-0.00417383534800545,-1.09057858249488e-07
-1.9657628914507e-08,-0.00420387918162198,-1.09941012594052e-07
-1.96416759279895e-08,-0.00423340909260027,-1.10864139683181e-07
-1.96227342092545e-08,-0.00426242232508793,-1.11789978656677e-07
-1.95881789062091e-08,-0.00429092287608276,-1.12593403550302e-07
-1.95246322049653e-08,-0.00431891893516524,-1.13019224527115e-07
-1.94511766143253e-08,-0.00434642133903067,-1.1303261113775e-07
-1.93850314468531e-08,-0.00437344197018362,-1.12715224656562e-07
-1.933389910741e-08,-0.00439999268004936,-1.12155958865863e-07
-1.92967933420358e-08,-0.0044260847222507,-1.11397627708965e-07
-1.92759593899437e-08,-0.00445172893791571,-1.10514396475404e-07
-1.92873436628013e-08,-0.00447693634171994,-1.09765505006038e-07
-1.93143498318265e-08,-0.00450171896400495,-1.09203233501065e-07
-1.93349678141577e-08,-0.00452609078321778,-1.08764955390305e-07
-1.93311631751927e-08,-0.00455006871154629,-1.0828822456087e-07
-1.92991126170218e-08,-0.00457367350497655,-1.07616145806402e-07
-1.92429007794574e-08,-0.00459693053938591,-1.06599558421588e-07
-1.91729484753412e-08,-0.00461987002549736,-1.0515241095949e-07
-1.91007998026319e-08,-0.00464252681542482,-1.03264303840927e-07
-1.9040816200193e-08,-0.00466493989897285,-1.01068989973917e-07
-1.89987673028689e-08,-0.00468715127291905,-9.87036260000482e-08
-1.89672291768334e-08,-0.00470920472414057,-9.62823344985648e-08
-1.89372505384026e-08,-0.00473114380818224,-9.3913437986139e-08
-1.89066656554476e-08,-0.00475300872263424,-9.16473187961728e-08
-1.8877968680131e-08,-0.00477483314316162,-8.94451998529804e-08
-1.88503643629654e-08,-0.00479664278133034,-8.72216761380815e-08
-1.88180492273224e-08,-0.00481845585452049,-8.49374695748525e-08
-1.878313571459e-08,-0.00484028458395646,-8.26296567139376e-08
-1.87520865237841e-08,-0.00486213703337019,-8.03790147026467e-08
-1.87224188727468e-08,-0.0048840189238323,-7.80839470545095e-08
-1.86885778424361e-08,-0.00490593509489872,-7.56228915432185e-08
-1.86486123045552e-08,-0.00492789069181407,-7.29457694798318e-08
-1.8603970675906e-08,-0.00494989219898355,-7.00587707041076e-08
-1.85573818308351e-08,-0.00497194795229347,-6.69962126758424e-08
-1.85097259918852e-08,-0.00499406842801021,-6.376696125863e-08
-1.84572662579652e-08,-0.00501626622955986,-6.0263149066131e-08
-1.84023484492975e-08,-0.00503855582153054,-5.64408994077984e-08
-1.83573179040658e-08,-0.00506095292337347,-5.24744415663789e-08
-1.83270525830625e-08,-0.00508347353104604,-4.85364723470077e-08
-1.83065654692488e-08,-0.00510613279786305,-4.47248229697507e-08
-1.82848516768857e-08,-0.00512894365139163,-4.10875469803276e-08
-1.82576135227136e-08,-0.00515191557952556,-3.76551051107863e-08
-1.82275457134819e-08,-0.00517505345864496,-3.44815433011174e-08
-1.81977381063124e-08,-0.00519835660648005,-3.15928860989902e-08
-1.81666627059905e-08,-0.00522181857163005,-2.89182497878692e-08
-1.81239147476951e-08,-0.00524542766145824,-2.61468441649456e-08
-1.8067262101933e-08,-0.0052691677654789,-2.3015028325123e-08
-1.80063591856476e-08,-0.00529301941947601,-1.9439756537816e-08
-1.79567246427404e-08,-0.00531696095887096,-1.56116542236546e-08
-1.79225321112199e-08,-0.00534096914980493,-1.17587842281625e-08
-1.78989673500513e-08,-0.00536501973263718,-8.04144835227393e-09
-1.78779990097762e-08,-0.0053890875879656,-4.5403777548956e-09
-1.78534368340044e-08,-0.00541314683013911,-1.25964100309879e-09
-1.78208879924819e-08,-0.00543717121797148,1.8807768455413e-09
-1.77805381913263e-08,-0.00546113378102571,4.96790196238921e-09
-1.77362728708096e-08,-0.00548500626556969,8.04699037383618e-09
-1.76945789799493e-08,-0.0055087586335358,1.10865745993283e-08
-1.76583957832223e-08,-0.00553235849242406,1.40377294949523e-08
-1.76270338649908e-08,-0.00555577092181033,1.68632573487929e-08
-1.75982997314871e-08,-0.00557895843349451,1.95435998977884e-08
-1.75678316876384e-08,-0.00560188129520239,2.20990934655024e-08
-1.75261857482851e-08,-0.00562449809740332,2.46444668431519e-08
-1.74732291596926e-08,-0.0056467671257748,2.725563858715e-08
-1.74223186478869e-08,-0.00566864775776885,2.98741414876725e-08
-1.73843365022967e-08,-0.00569010219725159,3.24400303554512e-08
-1.73631483399537e-08,-0.00571109813569184,3.49199345092901e-08
-1.73563356362459e-08,-0.00573161217638084,3.72698382212256e-08
-1.73387945271704e-08,-0.00575163183731893,3.95722500539282e-08
-1.73102017880243e-08,-0.00577115556444935,4.17431083510199e-08
-1.72960426311321e-08,-0.00579019100297559,4.34929429077175e-08
-1.73126509954958e-08,-0.00580875267718386,4.46362750961145e-08
-1.73487795954109e-08,-0.00582685982091994,4.51923926011597e-08
-1.73695388938589e-08,-0.00584453450711655,4.54145557599979e-08
-1.73524891971206e-08,-0.00586180065150801,4.55104564878115e-08
-1.72988709452796e-08,-0.00587868329148166,4.55533773546547e-08
-1.72247665156495e-08,-0.00589520793523218,4.55345559036686e-08
-1.71484615481126e-08,-0.00591140009718713,4.54152174210656e-08
-1.70842708113973e-08,-0.00592728511487043,4.5171369078559e-08
-1.70342754200516e-08,-0.00594288799198218,4.48037095674112e-08
-1.69890501815411e-08,-0.0059582335699777,4.42947965673328e-08
-1.6939128458835e-08,-0.00597334698796643,4.35909795202441e-08
-1.68822869801335e-08,-0.00598825464022389,4.26337215686399e-08
-1.68233877519742e-08,-0.00600298452232554,4.14069858946153e-08
-1.67638984209148e-08,-0.00601756656074054,3.99291689565126e-08
-1.67046857598123e-08,-0.0060320326002507,3.82176342769722e-08
-1.66496803318298e-08,-0.00604641499413286,3.63028294980499e-08
-1.65999081853556e-08,-0.00606074409860773,3.42336784279375e-08
-1.65534863891368e-08,-0.00607504616225473,3.20561271295037e-08
-1.6508384281977e-08,-0.00608934250919996,2.9803485163994e-08
-1.64648365937088e-08,-0.00610364974639962,2.75056852228293e-08
-1.64216155203696e-08,-0.00611798078605306,2.51960618484267e-08
-1.63713937495254e-08,-0.00613234500639474,2.28753926347944e-08
-1.63117885348922e-08,-0.00614674783958958,2.05023369923959e-08
-1.62478628445896e-08,-0.00616118993391582,1.80353532088269e-08
-1.61910045579522e-08,-0.00617566665470953,1.5489889889035e-08
-1.61448287293719e-08,-0.00619016791215935,1.29401340980068e-08
-1.61036925793778e-08,-0.00620467873481087,1.04556782624258e-08
-1.60588882803865e-08,-0.00621918007251072,8.05261313413334e-09
-1.60068865841999e-08,-0.00623364964896939,5.70063539296098e-09
-1.59517139603453e-08,-0.00624806306544363,3.32782333613089e-09
-1.59001786735617e-08,-0.00626239477549947,8.47643468618874e-10
-1.58396217849323e-08,-0.00627661880094041,-1.47446890716724e-09
-1.57615157229448e-08,-0.00629070876262569,-3.35899181744676e-09
-1.5656018964895e-08,-0.00630463790726419,-4.5742833716422e-09
-1.55019610084049e-08,-0.00631837907703051,-4.64238298877624e-09
-1.53128399761867e-08,-0.00633190499949921,-3.41645799655944e-09
-1.51296904498743e-08,-0.00634518832607297,-1.17379483809556e-09
-1.49949856244802e-08,-0.00635820141556156,1.50955200397003e-09
-1.4946950343594e-08,-0.00637091630035617,3.72525695659326e-09
-1.49915992981574e-08,-0.00638330507854023,4.60838093170489e-09
-1.50644929061749e-08,-0.00639534042051787,4.1781120834284e-09
-1.5107680433502e-08,-0.00640699584342379,2.86059833067233e-09
-1.50928181963023e-08,-0.00641824650799054,1.20633534598866e-09
-1.50298993630445e-08,-0.00642907148510491,-4.12202610338224e-10
-1.49428519097505e-08,-0.00643945734303912,-1.80175598938852e-09
-1.48508406950063e-08,-0.00644940045909246,-2.87182621296713e-09
-1.47702654431202e-08,-0.00645890788996732,-3.68387540921405e-09
-1.47068424707276e-08,-0.00646799582821826,-4.34830278379638e-09
-1.465756733808e-08,-0.00647668768584002,-4.94883483990194e-09
-1.46165329496948e-08,-0.00648501239236324,-5.5063821667558e-09
-1.45782530422849e-08,-0.00649300338169761,-5.98745335749069e-09
-1.45424962760023e-08,-0.00650069783857415,-6.38896803475509e-09
-1.4518533318227e-08,-0.00650813597562085,-6.90273603725786e-09
-1.45076371068464e-08,-0.00651536033784149,-7.71853154133517e-09
-1.45037413892362e-08,-0.00652241494925193,-8.93020993682608e-09
-1.44991598789737e-08,-0.00652934452009803,-1.05414134943209e-08
-1.44883960636708e-08,-0.00653619377090329,-1.25008540802788e-08
-1.4468013769468e-08,-0.00654300634967925,-1.47170424292376e-08
-1.44341172682209e-08,-0.00654982267104492,-1.70245822686305e-08
-1.43872775297463e-08,-0.00655667776193272,-1.92736708932985e-08
-1.43273590513512e-08,-0.00656360048549697,-2.12691368326305e-08
-1.42545457488426e-08,-0.00657061392888228,-2.27697316990129e-08
-1.4173981444266e-08,-0.00657773617873971,-2.36729662680089e-08
-1.4092392732905e-08,-0.00658498072787663,-2.40206551745531e-08
-1.39997727613514e-08,-0.00659235678427434,-2.35693616458942e-08
-1.38940077712215e-08,-0.00659986898350965,-2.2099037953527e-08
-1.37813622380369e-08,-0.0066075169737265,-1.96397291382164e-08
-1.36862914869825e-08,-0.00661529491431121,-1.6715699941583e-08
-1.36239991293551e-08,-0.00662319123729698,-1.39245832540466e-08
-1.3591921802027e-08,-0.00663118865186636,-1.1635630839732e-08
-1.35759884031727e-08,-0.00663926422323981,-9.96700834854135e-09
-1.35610453834473e-08,-0.00664738885455638,-8.86833347562435e-09
-1.35360934335935e-08,-0.00665552714048734,-8.18978390361504e-09
-1.34932350328823e-08,-0.00666363755620777,-7.69161899822265e-09
-1.34341603307324e-08,-0.00667167312644669,-7.18475128795969e-09
-1.33665533328604e-08,-0.00667958223680898,-6.57452151740455e-09
-1.32982837647283e-08,-0.00668730950209676,-5.84366045245241e-09
-1.32370509049519e-08,-0.00669479705219049,-5.05338582210028e-09
-1.3192725386429e-08,-0.00670198583247726,-4.37900059829303e-09
-1.31590055290865e-08,-0.00670881690387296,-3.90601528730986e-09
-1.31234990135313e-08,-0.0067152326274106,-3.6199613686257e-09
-1.30833215512498e-08,-0.00672117790310111,-3.51041068366171e-09
-1.30342167074812e-08,-0.00672660115149457,-3.49723314475626e-09
-1.29816233296207e-08,-0.00673145512561899,-3.54782752123146e-09
-1.29493283908778e-08,-0.00673569832362105,-3.83588461180877e-09
-1.29359876320851e-08,-0.00673929749036124,-4.45741146836042e-09
-1.28935186425906e-08,-0.00674222978916192,-5.11168739467317e-09
-1.27968382961667e-08,-0.00674448276884494,-5.4935970701981e-09
-1.26574987886898e-08,-0.00674605280771892,-5.46777342129798e-09
-1.25069661477943e-08,-0.00674694289021217,-5.07876621192112e-09
-1.23331265192265e-08,-0.00674716126279297,-4.08779101813984e-09
-1.21317499541095e-08,-0.00674672026029544,-2.28367371013988e-09
-1.19277230893989e-08,-0.00674563561062722,2.81236839770946e-10
-1.17827339693801e-08,-0.00674392615426546,3.04154673748751e-09
-1.17099230569699e-08,-0.00674161415660769,5.5436554031323e-09
-1.1687485505634e-08,-0.00673872513493159,7.53570442463829e-09
-1.16791923634058e-08,-0.00673528771314864,8.9550730159498e-09
-1.16499322159546e-08,-0.00673133351599021,9.95907162289156e-09
-1.15836930911064e-08,-0.00672689709177634,1.07732008126458e-08
-1.14760476006048e-08,-0.00672201574636899,1.17129495666532e-08
-1.13361754053779e-08,-0.0067167291974752,1.31027451263223e-08
-1.11894339447881e-08,-0.00671107918758983,1.50667927853308e-08
-1.10733763021568e-08,-0.00670510906103274,1.73267871909005e-08
-1.09998653496565e-08,-0.00669886343240376,1.95309559774359e-08
-1.09577185538615e-08,-0.00669238755984624,2.14534099752308e-08
-1.09258494455928e-08,-0.0066857267786084,2.30490611561962e-08
-1.08840480038492e-08,-0.00667892602901611,2.44408209511854e-08
-1.08299108270913e-08,-0.00667203012956577,2.56947878748361e-08
-1.07681422141461e-08,-0.0066650830479421,2.68431340362656e-08
-1.07040214725756e-08,-0.00665812597326887,2.79058480151966e-08
-1.06410330763979e-08,-0.00665119509343421,2.88944444255748e-08
-1.05803814436871e-08,-0.00664432075621177,2.98167090577874e-08
-1.05216682109855e-08,-0.00663752811364205,3.06795931486948e-08
-1.0462780694918e-08,-0.00663083868622954,3.14866006336094e-08
-1.04007155469318e-08,-0.00662427184793112,3.21838807590929e-08
-1.03406482596121e-08,-0.00661784578906906,3.2619020604083e-08
-1.02823205971248e-08,-0.00661157804001845,3.27597272156908e-08
-1.02138182034333e-08,-0.00660548565155546,3.29118864762862e-08
-1.01313183318512e-08,-0.0065995847316471,3.33844388484054e-08
-1.00427325101365e-08,-0.00659388954474855,3.43068757298062e-08
-9.96328757062498e-09,-0.00658841125796374,3.55161124850037e-08
-9.89601513479405e-09,-0.00658315723899495,3.6841870080112e-08
-9.82972892462346e-09,-0.00657813030521902,3.83405738254461e-08
-9.7566981414752e-09,-0.00657332824312874,4.01134965216186e-08
-9.67841800589718e-09,-0.00656874364680068,4.21802242484163e-08
-9.60509136839149e-09,-0.00656436386277433,4.43747555713016e-08
-9.5389454984255e-09,-0.00656017145913249,4.65948488746801e-08
-9.48161066508088e-09,-0.00655614488329753,4.87185610855135e-08
-9.43126272674718e-09,-0.0065522589091129,5.06662894084953e-08
-9.38560558024819e-09,-0.00654848505092255,5.23950517548678e-08
-9.34843416132666e-09,-0.00654479212483291,5.37931694152241e-08
-9.32531693010245e-09,-0.00654114689170647,5.47014452560495e-08
-9.31543947612058e-09,-0.00653751442692401,5.5039909218675e-08
-9.30927188483264e-09,-0.00653385858228401,5.4869855667357e-08
-9.28720823977777e-09,-0.00653014243138211,5.44740781533319e-08
-9.23807899928586e-09,-0.00652632881736965,5.4161076257863e-08
-9.15303965136319e-09,-0.00652238084928104,5.42966673111061e-08
-9.03954370173668e-09,-0.00651826219734925,5.51228636725851e-08
-8.91831476371063e-09,-0.00651393738275829,5.66764145490576e-08
-8.81967561811776e-09,-0.00650937207058405,5.8687948400344e-08
-8.74976427303612e-09,-0.00650453356523121,6.08906911826218e-08
-8.68357207617736e-09,-0.00649939163089283,6.32837745200296e-08
-8.60224339253819e-09,-0.00649392045340838,6.59475982682355e-08
-8.50697637792451e-09,-0.00648810147677179,6.89015825959797e-08
-8.42209428999778e-09,-0.00648192524253278,7.19600942014424e-08
-8.36075957804828e-09,-0.00647539161307814,7.49300475351182e-08
-8.32052010723645e-09,-0.00646850849581333,7.76906100935479e-08
-8.29151209205903e-09,-0.00646129010972881,8.02176215154755e-08
-8.26412043497136e-09,-0.00645375550582174,8.25728576970716e-08
-8.23244394681078e-09,-0.00644592797417492,8.48483962012326e-08
-8.19411409371711e-09,-0.00643783435901334,8.71001013956972e-08
-8.14974989397185e-09,-0.00642950456083443,8.93300179980446e-08
-8.10172249947853e-09,-0.00642097111012167,9.15171221206908e-08
-8.05260585183286e-09,-0.00641226867831849,9.36412167190452e-08
-8.00407305235847e-09,-0.00640343351007376,9.56901833912213e-08
-7.95669626628629e-09,-0.00639450284048924,9.76579894036923e-08
-7.91054660723751e-09,-0.00638551449282612,9.95458811958111e-08
-7.86499611209436e-09,-0.00637650653592382,1.01360970889274e-07
-7.81897625960394e-09,-0.00636751710199994,1.03109411277997e-07
-7.77117562743308e-09,-0.00635858418940245,1.04788788884514e-07
-7.72131445291052e-09,-0.00634974564675569,1.06388619711944e-07
-7.67004296960209e-09,-0.00634103925099227,1.07898578207855e-07
-7.61822217691088e-09,-0.00633250174114674,1.09312634540761e-07
-7.56692325853833e-09,-0.00632416665534895,1.10629799298928e-07
-7.51815780061498e-09,-0.00631606234077431,1.11862567125693e-07
-7.47164249550029e-09,-0.00630821148154804,1.13034725535454e-07
-7.42420027353913e-09,-0.00630063194141201,1.14156708302098e-07
-7.3734842084524e-09,-0.00629333766224052,1.15217307778969e-07
-7.31704545013927e-09,-0.0062863388271506,1.16203833694638e-07
-7.2535481337076e-09,-0.00627964137929482,1.17153395421663e-07
-7.18641203064182e-09,-0.00627324635433784,1.18118274577278e-07
-7.11717359162133e-09,-0.00626714936134332,1.191660854457e-07
-7.04379111996494e-09,-0.00626134015000794,1.20313786237043e-07
-6.9676076492469e-09,-0.00625580274233349,1.21491082051763e-07
-6.89620013715933e-09,-0.00625051672275559,1.22522053811231e-07
-6.83565857450354e-09,-0.00624546066491368,1.23280142177834e-07
-6.78679990805935e-09,-0.00624061729628411,1.23710018051914e-07
-6.74948338324893e-09,-0.00623597917040216,1.23736028253516e-07
-6.71801410479346e-09,-0.00623155319887465,1.23348513072609e-07
-6.68184183950046e-09,-0.00622736230848833,1.2264716143698e-07
-6.62149626465312e-09,-0.0062234434740132,1.21973125403272e-07
-6.53491820604965e-09,-0.00621984220775536,1.21593986300377e-07
-6.44071093374564e-09,-0.00621660478094894,1.21520495268628e-07
-6.36098103784785e-09,-0.00621376942203368,1.21574500441657e-07
-6.30386389614319e-09,-0.00621135781566725,1.21574408193699e-07
-6.26497717914179e-09,-0.00620936789581652,1.21405461482267e-07
-6.23484578013754e-09,-0.00620776845739193,1.21024539068379e-07
-6.20494634682054e-09,-0.00620649649923283,1.20441989201311e-07
-6.17055180456174e-09,-0.00620545785276797,1.19696395501884e-07
-6.12485077065945e-09,-0.00620453204086594,1.18881119081524e-07
-6.05425235887406e-09,-0.00620358111869958,1.18202808862866e-07
-5.97493368066359e-09,-0.00620246133929133,1.17660354880327e-07
-5.89798777979638e-09,-0.00620103465589737,1.17215793413932e-07
-5.8273690402127e-09,-0.00619917736136974,1.16834847108413e-07
-5.77218208721566e-09,-0.00619678456570639,1.16428361837026e-07
-5.75602894879541e-09,-0.00619377051633873,1.15755913451184e-07
-5.7609030011976e-09,-0.00619006582086586,1.14805190753819e-07
-5.76483953972576e-09,-0.00618561263156196,1.1366508174781e-07
-5.75613130362166e-09,-0.00618035976716028,1.12427411778558e-07
-5.73622346684401e-09,-0.00617425741238126,1.11136032457677e-07
-5.71885502815203e-09,-0.00616725147012706,1.09743264179348e-07
-5.70093010834997e-09,-0.00615927892124252,1.08277009911691e-07
-5.68290884933717e-09,-0.00615026583643614,1.06764189476124e-07
-5.66199737824044e-09,-0.00614012885580091,1.0519502451965e-07
-5.60097663325875e-09,-0.00612877983273925,1.03682298652304e-07
-5.43404039717314e-09,-0.00611613281632483,1.02725980712293e-07
-5.15770136699391e-09,-0.00610211139778149,1.02661065405591e-07
-4.83807111026779e-09,-0.00608665531544144,1.03295174807543e-07
-4.55034602825994e-09,-0.00606972505468303,1.04392401374233e-07
-4.32259853815878e-09,-0.00605130427719698,1.05936416258684e-07
-4.15218478247274e-09,-0.00603139962558737,1.0795367112297e-07
-4.04222456464021e-09,-0.00601003786658875,1.1038884126866e-07
-3.9962379309983e-09,-0.00598726035950456,1.12982606500574e-07
-3.99641621316143e-09,-0.00596311687507155,1.15494886350065e-07
-4.02086517711214e-09,-0.00593765871072109,1.17753443671034e-07
-4.04537883421797e-09,-0.00591093232264451,1.19701298154929e-07
-4.0505636344153e-09,-0.00588297512142985,1.21405324175877e-07
-4.02902762524317e-09,-0.00585381366155775,1.22963614375844e-07
-3.98779627705174e-09,-0.00582346481976733,1.24473850255858e-07
-3.92448379639228e-09,-0.0057919397793805,1.26099579933781e-07
-3.83311017061156e-09,-0.00575925005160692,1.28037915904222e-07
-3.7202231893662e-09,-0.00572541363927913,1.30398640570185e-07
-3.60573186494347e-09,-0.00569046092874565,1.33145208148252e-07
-3.52209308201379e-09,-0.00565443958866708,1.36009218766461e-07
-3.48408995318455e-09,-0.0056174178131457,1.3873231444858e-07
-3.49583315098616e-09,-0.00557948506909589,1.41139673335344e-07
-3.53683569079024e-09,-0.00554074989463114,1.43132641859719e-07
-3.57758547609523e-09,-0.00550133479450009,1.44683397448293e-07
-3.59818838093964e-09,-0.00546136912328472,1.45811523791092e-07
-3.59348994589242e-09,-0.00542098237599753,1.46555152478955e-07
-3.56709048635334e-09,-0.00538029719986626,1.46958502650614e-07
-3.52889979586645e-09,-0.00533942466153074,1.47063279933979e-07
-3.48451084994024e-09,-0.00529846230693964,1.46908245420191e-07
-3.43434545886034e-09,-0.0052574950746457,1.46543680012553e-07
-3.38137384348999e-09,-0.00521659822670973,1.46024749002886e-07
-3.32915197801871e-09,-0.00517584172106793,1.45385609497837e-07
-3.27216002205419e-09,-0.00513529422880157,1.44667880100079e-07
-3.21280653614398e-09,-0.00509502595895349,1.43931407571875e-07
-3.15769722847628e-09,-0.00505511112096405,1.43276364501303e-07
-3.11424861258261e-09,-0.00501562994188138,1.42747646737237e-07
-3.07476460410494e-09,-0.00497666965045198,1.42408136092696e-07
-3.01612999989924e-09,-0.00493832355993792,1.42556939359326e-07
-2.93675315411473e-09,-0.00490068831531696,1.43264910404382e-07
-2.82990959359002e-09,-0.00486385926047208,1.44810558334446e-07
-2.7037547884788e-09,-0.00482792493383899,1.47380834170474e-07
-2.58601928835483e-09,-0.00479296205664599,1.50818145196888e-07
-2.50996592215077e-09,-0.00475903164999552,1.54483396040202e-07
-2.48450246907623e-09,-0.00472617707442133,1.57669022106088e-07
-2.48616519049399e-09,-0.00469442413016665,1.60063951876502e-07
-2.48459336534935e-09,-0.00466378356676337,1.61662708629333e-07
-2.45741193502606e-09,-0.00463425441118698,1.62592029744499e-07
-2.40197802073859e-09,-0.00460582865609026,1.63040344724563e-07
-2.32976500679615e-09,-0.00457849642725178,1.63288059044544e-07
-2.25624222895509e-09,-0.00455225064265422,1.63465300033181e-07
-2.19405987309242e-09,-0.0045270893711037,1.63538826719162e-07
-2.15043239323991e-09,-0.00450301566960613,1.63305689360325e-07
-2.10610941081636e-09,-0.0044800352298038,1.62739319089731e-07
-2.051756336147e-09,-0.00445815250405612,1.61869263497841e-07
-2.00522850949275e-09,-0.00443736612590516,1.60767902988191e-07
-1.97984466037582e-09,-0.00441766412325563,1.59503769990312e-07
-1.97608056441791e-09,-0.00439901954322554,1.58009542354857e-07
-1.97099474660428e-09,-0.00438138719219544,1.56359380302104e-07
-1.96590423427375e-09,-0.00436470171174992,1.54680077961786e-07
-1.9630628559027e-09,-0.00434887754953641,1.53119428057727e-07
-1.95657716107738e-09,-0.00433381134564253,1.51796886556633e-07
-1.93526871322579e-09,-0.0043193872534855,1.50726828275602e-07
-1.8989945987878e-09,-0.0043054831363339,1.49820781341865e-07
-1.85534786816067e-09,-0.00429197725698444,1.48983375462127e-07
-1.81242001030795e-09,-0.00427875413430176,1.48163881814513e-07
-1.76449360030238e-09,-0.00426570893439596,1.4744686356569e-07
-1.67492262387385e-09,-0.00425274987567538,1.47283064591973e-07
-1.53671884613526e-09,-0.00423979920316281,1.48012600427847e-07
-1.39327611022856e-09,-0.00422679295510354,1.4950826729687e-07
-1.29203973596936e-09,-0.00421368078836278,1.5135916340571e-07
-1.22638303484827e-09,-0.00420042426708119,1.53449496078138e-07
-1.16705518517729e-09,-0.00418699306939376,1.55821945113774e-07
-1.09003219379782e-09,-0.00417336041447766,1.58587286404753e-07
-1.03257733058031e-09,-0.00415949946564924,1.61400735125432e-07
-1.02063492355524e-09,-0.00414538166017478,1.63875022127364e-07
-1.05911158015195e-09,-0.00413097745084585,1.65700686032473e-07
-1.13118299255824e-09,-0.00411625866769456,1.66731751369873e-07
-1.20676662597502e-09,-0.00410120207857208,1.67017489664768e-07
-1.24829071669302e-09,-0.00408579324629319,1.66859839222975e-07
-1.24417817161016e-09,-0.00407002992653921,1.6654841907763e-07
-1.20661527087251e-09,-0.00405392414989513,1.66255156164525e-07
-1.15804450830892e-09,-0.0040375025801726,1.66022641268318e-07
-1.12565569873876e-09,-0.0040208058832319,1.6572549721173e-07
-1.13318770354002e-09,-0.00400388633350684,1.65089808635755e-07
-1.1774304699648e-09,-0.00398680398372393,1.63886302183521e-07
-1.23167261904343e-09,-0.00396962230998189,1.62036026278761e-07
-1.24965417202725e-09,-0.00395240410987842,1.5977336121091e-07
-1.20105052745906e-09,-0.00393520862371714,1.57631627421303e-07
-1.09942856830312e-09,-0.00391808927040074,1.56039020461151e-07
-9.89281890949051e-10,-0.00390109306787754,1.55079948075549e-07
-9.18490827430399e-10,-0.00388426158620583,1.54316066275409e-07
-8.95868459000687e-10,-0.00386763346477348,1.53358017978772e-07
-8.95361900064191e-10,-0.0038512463288733,1.52177917817998e-07
-8.95546276700356e-10,-0.00383513768320458,1.50868283391525e-07
-8.8458942607982e-10,-0.00381934608091646,1.49513616584645e-07
-8.59886666277919e-10,-0.00380391278981302,1.48172436566826e-07
-8.2538758438507e-10,-0.00378888362471805,1.46875809933416e-07
-7.87531149553939e-10,-0.00377430970356021,1.45629270327661e-07
-7.51614343565791e-10,-0.0037602460187583,1.44408022765079e-07
-7.18839401114418e-10,-0.00374674871267956,1.43163135423207e-07
-6.8680536737526e-10,-0.00373387159109684,1.41832702853397e-07
-6.5217594269984e-10,-0.00372166291153336,1.40354330877983e-07
-6.13774182182207e-10,-0.00371016276325609,1.38683297765009e-07
-5.77200502246494e-10,-0.0036994015104467,1.36768457264991e-07
-5.53828840936219e-10,-0.00368939956408408,1.34429576779555e-07
-5.50193398563225e-10,-0.00368016826903734,1.31519897016182e-07
-5.61651664307166e-10,-0.00367171185805091,1.28001116824573e-07
-5.62607376762415e-10,-0.00366403024585587,1.24292494293092e-07
-5.38592772441762e-10,-0.00365712254081465,1.20778572941745e-07
-4.97715113041297e-10,-0.00365099023321776,1.17564014413208e-07
-4.57344454722441e-10,-0.00364563886510858,1.14635359245208e-07
-4.28374537605126e-10,-0.00364107877301793,1.11960542492128e-07
-4.1069844659423e-10,-0.00363732472864092,1.0950501108301e-07
-3.94235582293257e-10,-0.00363439431478908,1.07216708153938e-07
-3.71983791293498e-10,-0.00363230492421628,1.05029671423553e-07
-3.43192247286243e-10,-0.00363107009719926,1.02893815752346e-07
-3.10729466335862e-10,-0.00363069575333403,1.00787084316788e-07
-2.7776955223422e-10,-0.00363117709091019,9.870896332464e-08
-2.45889307587607e-10,-0.00363249634020063,9.66670767951391e-08
-2.16223813498385e-10,-0.00363462194918935,9.46425632404456e-08
-1.92267220899221e-10,-0.00363750919717196,9.2525770876527e-08
-1.74417773033589e-10,-0.00364110229825001,9.02209769371088e-08
-1.58753162399535e-10,-0.00364533738211536,8.77059705831446e-08
-1.3685186787738e-10,-0.00365014592610587,8.50746773505294e-08
-1.07097978585339e-10,-0.00365545827950456,8.2426685749477e-08
-7.23583946043446e-11,-0.00366120647145243,7.98312728527201e-08
-3.9660178894287e-11,-0.00366732618383416,7.72717120317652e-08
-2.37418344046897e-11,-0.00367375740717793,7.45299207368466e-08
-2.8252311228885e-11,-0.00368044401601684,7.14069915071419e-08
-4.27136833502976e-11,-0.00368733259090035,6.78526944315211e-08
-4.37319079931449e-11,-0.00369437072307555,6.40741831225201e-08
-2.140175101535e-11,-0.00370150570099647,6.02966431638045e-08
1.97168852560435e-11,-0.00370868375313346,5.66622726051422e-08
6.92930120169479e-11,-0.00371585092186586,5.32269178094056e-08
1.18290083617376e-10,-0.00372295586004424,4.99832773726462e-08
1.6209644345322e-10,-0.00372995231605809,4.68916329317333e-08
2.00250678600633e-10,-0.0037368005933058,4.39057286045707e-08
2.35054992407567e-10,-0.00374346835417392,4.09893422093352e-08
2.70395094792634e-10,-0.00374993133809626,3.81291818954031e-08
3.08148897123488e-10,-0.00375617418248355,3.53344560606425e-08
3.48645035271933e-10,-0.00376219116430257,3.2626839170257e-08
3.92794534501319e-10,-0.00376798706268486,3.00552435171987e-08
4.4556713855424e-10,-0.00377357699677973,2.77469944538179e-08
5.04675192705699e-10,-0.0037789849413634,2.57916791815869e-08
5.63677259143936e-10,-0.00378424149796253,2.41844098100989e-08
6.11818994157432e-10,-0.00378938123603379,2.27908866741255e-08
6.44448839250889e-10,-0.00379444009331901,2.1466963460124e-08
6.62848536421455e-10,-0.00379945314544858,2.00642973604946e-08
6.6281032398566e-10,-0.00380445305724529,1.82977047256522e-08
6.50594650665767e-10,-0.00380946944741379,1.59683509387655e-08
6.52626331128412e-10,-0.00381452840468496,1.33523638164661e-08
6.77073814238923e-10,-0.00381965166943275,1.07648381415723e-08
7.16349307572333e-10,-0.00382485637637557,8.38777472530394e-09
7.60044588397892e-10,-0.0038301563407844,6.27769601995296e-09
8.00777955480227e-10,-0.00383556455030633,4.41430268472794e-09
8.35503499363748e-10,-0.0038410959083407,2.7459239947997e-09
8.63385751639537e-10,-0.00384676905394583,1.19356822232987e-09
8.825282086385e-10,-0.00385260698435971,-3.96149801634029e-10
8.955943606073e-10,-0.00385863623805128,-2.14119339533089e-09
9.09308512387605e-10,-0.00386488517668408,-4.04822368856344e-09
9.30009403516813e-10,-0.00387138178157369,-5.9856469088622e-09
9.59681562428406e-10,-0.00387815192432528,-7.81580302193986e-09
9.97707226551377e-10,-0.00388521765763405,-9.39506650334796e-09
1.03710168494209e-09,-0.00389259607859221,-1.07051080903807e-08
1.06356671380347e-09,-0.00390029902728594,-1.20460127404335e-08
1.07521729267837e-09,-0.0039083333917964,-1.36701547912751e-08
1.08510194045194e-09,-0.00391670226257606,-1.55132844086987e-08
1.10304788169936e-09,-0.00392540661565119,-1.74225816591952e-08
1.13153203812832e-09,-0.00393444703305019,-1.92879087007786e-08
1.16784381019704e-09,-0.00394382536950888,-2.10776871276853e-08
1.20641336568558e-09,-0.0039535459843942,-2.28000814230768e-08
1.24246336955272e-09,-0.00396361708471379,-2.44622641958666e-08
1.27393810813095e-09,-0.00397405061133282,-2.60711493454743e-08
1.29928347248911e-09,-0.00398486130121248,-2.76484995943019e-08
1.31385790782004e-09,-0.0039960650861403,-2.91948162653019e-08
1.32349044888959e-09,-0.00400767704376129,-3.05379130799889e-08
1.33867648757013e-09,-0.00401970888356931,-3.15555867659351e-08
1.35811310077457e-09,-0.0040321665415472,-3.22761126975214e-08
1.37718628676503e-09,-0.00404504814982116,-3.27514479153325e-08
1.39500498530192e-09,-0.00405834305351548,-3.29887087410265e-08
1.41716190565309e-09,-0.00407203184660654,-3.29344871327572e-08
1.44114851696359e-09,-0.00408608760995868,-3.26738298483926e-08
1.45878125848416e-09,-0.0041004774866938,-3.24280010574906e-08
1.46651772569875e-09,-0.00411516442758052,-3.24160430399912e-08
1.47482543735413e-09,-0.00413010912084652,-3.25932922069644e-08
1.49248034166332e-09,-0.00414527156836936,-3.28078253086133e-08
1.52669724690672e-09,-0.0041606122639426,-3.28190727795058e-08
1.57836042933438e-09,-0.00417609277632538,-3.23997610282016e-08
1.63286356372939e-09,-0.00419167581185647,-3.15576786693321e-08
1.67503815957554e-09,-0.00420732458825733,-3.04339984160603e-08
1.70074265341967e-09,-0.00422300188604978,-2.91549333394175e-08
1.7146915013539e-09,-0.00423866901407866,-2.77973210451631e-08
1.72445209813586e-09,-0.0042542851944098,-2.64120387251795e-08
1.73601953599852e-09,-0.00426980739982255,-2.50377209019823e-08
1.75185154543655e-09,-0.00428519020989857,-2.36901513817621e-08
1.77131175015222e-09,-0.00430038668362029,-2.23642021065334e-08
1.79234311983284e-09,-0.00431535098951234,-2.10462805512046e-08
1.8142032713235e-09,-0.00433004305437394,-1.97146838195931e-08
1.83991942642896e-09,-0.00434443222898277,-1.8315347459008e-08
1.87046161184752e-09,-0.00435849863278932,-1.68124880073638e-08
1.89899516839652e-09,-0.00437223292068701,-1.52610937483867e-08
1.90893754689134e-09,-0.00438563523148456,-1.38992150458522e-08
1.9093446532294e-09,-0.00439871407889904,-1.27578012793494e-08
1.91215658590457e-09,-0.00441148478575391,-1.1774811114835e-08
1.92089180974444e-09,-0.0044239679656802,-1.09083417886604e-08
1.93231432477114e-09,-0.00443618795319937,-1.01709726708265e-08
1.95475418831291e-09,-0.00444817121276484,-9.41620842304321e-09
1.99887871322543e-09,-0.00445994501358643,-8.39925550040916e-09
2.08076993490309e-09,-0.00447153625618168,-6.65107994467644e-09
2.1766010434866e-09,-0.0044829710280489,-4.15023017571671e-09
2.24766716422296e-09,-0.00449427424472911,-1.32478960597853e-09
2.27456842625006e-09,-0.00450546901916222,1.29724077063056e-09
2.27842755572662e-09,-0.00451657506041865,3.59096808694713e-09
2.28655876134969e-09,-0.00452760800113989,5.76225826687216e-09
2.31402929837625e-09,-0.00453858032409967,8.24529973784233e-09
2.35579073741702e-09,-0.00454950316783654,1.13260252504468e-08
2.39930313635209e-09,-0.00456038815942421,1.49979370398905e-08
2.43209044516736e-09,-0.00457124846450105,1.89541971190119e-08
2.45162738879774e-09,-0.00458209907526341,2.29064820138993e-08
2.46127224874095e-09,-0.00459295605476685,2.6671799885273e-08
2.46443753043855e-09,-0.00460383618961982,3.01124762611545e-08
2.46675438324013e-09,-0.00461475548110216,3.31949724434137e-08
2.47631351843988e-09,-0.0046257279422771,3.60574929381563e-08
2.5026080018758e-09,-0.00463676462725664,3.90111806212452e-08
2.54508548781233e-09,-0.00464787317103935,4.22739079116672e-08
2.5974125696588e-09,-0.00465905799770053,4.59233662450076e-08
2.65135849225626e-09,-0.00467032105700051,4.99556111310761e-08
2.70066527876708e-09,-0.00468166290698835,5.43178269494386e-08
2.74063664682356e-09,-0.0046930839267051,5.88850726933479e-08
2.76498953529143e-09,-0.00470458545531643,6.33440716851383e-08
2.77700850015632e-09,-0.00471617082024087,6.74350145221739e-08
2.78462323574578e-09,-0.00472784593338715,7.1052153106438e-08
2.79450010879727e-09,-0.00473961940165841,7.4205946886534e-08
2.80952068473994e-09,-0.00475150206189991,7.69650122570763e-08
2.82905296623315e-09,-0.00476350567935766,7.94096277770002e-08
2.850724324738e-09,-0.00477564150960846,8.16058115492418e-08
2.87228629474611e-09,-0.00478791863896676,8.3596935991201e-08
2.89267752667677e-09,-0.00480034264392686,8.54059021316574e-08
2.91152044078935e-09,-0.00481291423373922,8.70462972537897e-08
2.92625566102153e-09,-0.00482562861849571,8.85476688843099e-08
2.93186461337654e-09,-0.00483847541597232,8.98763647489332e-08
2.92580279426656e-09,-0.00485143930673002,9.08999553599936e-08
2.91405200340161e-09,-0.00486450095161571,9.15200629734917e-08
2.90990160974727e-09,-0.0048776380257592,9.18795594921128e-08
2.91860871909858e-09,-0.00489082652070709,9.21964222871466e-08
2.937126729753e-09,-0.00490404166296489,9.26637097607273e-08
2.95954595891999e-09,-0.00491725865043593,9.33640967247767e-08
2.98321943433429e-09,-0.00493045309014506,9.42670299537004e-08
3.01814691347699e-09,-0.00494360108867562,9.54550697760474e-08
3.08626382774237e-09,-0.00495667916000904,9.73013529365089e-08
3.18521196303487e-09,-0.00496966364545554,1.0000328588048e-07
3.29623533618612e-09,-0.00498253002420231,1.03539155506338e-07
3.38800855964431e-09,-0.0049952522828839,1.075820494726e-07
3.43065114921162e-09,-0.00500780261067929,1.11554804847386e-07
3.40724322357278e-09,-0.00502015171032184,1.14766288890111e-07
3.3333313319198e-09,-0.00503226919373078,1.16794962322732e-07
3.24310794737746e-09,-0.00504412509213964,1.17584124866985e-07
3.17218903561914e-09,-0.00505569317386072,1.17359832713514e-07
3.1619651717089e-09,-0.00506695430863917,1.16750551830916e-07
3.21659923871944e-09,-0.00507789851126868,1.16291954161036e-07
3.29758033548807e-09,-0.00508852489862404,1.16135480992954e-07
3.36424879260173e-09,-0.00509884045670198,1.16187872091616e-07
3.38468287521532e-09,-0.00510885857311727,1.16100476074047e-07
3.35632028975096e-09,-0.00511859780148587,1.15516971413189e-07
3.30441345894548e-09,-0.00512808075017943,1.14249646318537e-07
3.2680742044212e-09,-0.00513733305690512,1.12454141733887e-07
3.26502439025181e-09,-0.00514638254284936,1.10391801247327e-07
3.29030072862624e-09,-0.0051552581598926,1.08274032792516e-07
3.32288027519189e-09,-0.00516398897657954,1.06119656815975e-07
3.32905210154407e-09,-0.00517260254912498,1.03522354669959e-07
3.29955028605892e-09,-0.0051811224987369,1.00098714249596e-07
3.25209251794564e-09,-0.00518956660813844,9.57548065523304e-08
3.22297504597319e-09,-0.00519794665824519,9.09075408753078e-08
3.22810435114595e-09,-0.0052062702290933,8.60090845871686e-08
3.26111331292923e-09,-0.00521454226719127,8.13458130697114e-08
3.30608866611553e-09,-0.00522276660157202,7.70318296197801e-08
3.34946400279377e-09,-0.00523094690263307,7.30772715359996e-08
3.3862836153802e-09,-0.00523908784382167,6.9487015967462e-08
3.41318823083683e-09,-0.00524719513542553,6.61212484634951e-08
3.42327195732205e-09,-0.00525527520052775,6.25440923235825e-08
3.42157930257262e-09,-0.00526333438649481,5.84319387268073e-08
3.41531679159132e-09,-0.00527137814029923,5.36888457124861e-08
3.40976775330742e-09,-0.00527941023393115,4.83545982595308e-08
3.40762186509801e-09,-0.00528743273484278,4.25257497959862e-08
3.40738833927528e-09,-0.00529544603777018,3.6259014827952e-08
3.40136715399215e-09,-0.00530344899580516,2.94279867624723e-08
3.38750420618194e-09,-0.00531143853457537,2.19217999277713e-08
3.37324274899714e-09,-0.00531940943094934,1.38083836146348e-08
3.37733074356942e-09,-0.00532735446507646,5.55754788694449e-09
3.4049742087937e-09,-0.00533526526878351,-2.40185688327336e-09
3.44842477372054e-09,-0.00534313328052589,-9.8425245309504e-09
3.49618228152627e-09,-0.00535095030814193,-1.67125843441438e-08
3.53710662716982e-09,-0.00535870887818007,-2.31199956823382e-08
3.55919496528639e-09,-0.00536640219995432,-2.93968219727134e-08
3.562516059066e-09,-0.00537402418623708,-3.58451186032138e-08
3.56090928569466e-09,-0.0053815691533628,-4.25345758413617e-08
3.58162854179821e-09,-0.00538903144077179,-4.90614356498983e-08
3.63339887254363e-09,-0.00539640450482447,-5.50048060677685e-08
3.70450630388951e-09,-0.00540368023586155,-6.01702831437089e-08
3.76771997444851e-09,-0.00541084848382281,-6.47595892242003e-08
3.80099435653196e-09,-0.00541789770491817,-6.92021934937748e-08
3.81245283928549e-09,-0.00542481542446566,-7.36956545469606e-08
3.81953154753273e-09,-0.00543158867626502,-7.82851456868669e-08
3.83718074176579e-09,-0.00543820470825347,-8.29235065259993e-08
3.87291848190763e-09,-0.00544465255320955,-8.74540257942661e-08
3.9306155684753e-09,-0.00545092616537871,-9.15593899266898e-08
4.00678031279e-09,-0.00545702725480946,-9.49627392805705e-08
4.09321624104102e-09,-0.00546296629591639,-9.74869176504358e-08
4.16019046765809e-09,-0.00546876173924697,-9.94938595940082e-08
4.19905593603965e-09,-0.00547443844071597,-1.01321220730702e-07
4.21787437659534e-09,-0.00548002482377908,-1.03155766146009e-07
4.2301742664595e-09,-0.00548554911093251,-1.05045985049834e-07
4.25016734300937e-09,-0.0054910358933166,-1.0686816469771e-07
4.28681678886169e-09,-0.00549650460138155,-1.08382635593777e-07
4.33514667627921e-09,-0.00550196973392102,-1.09478161501917e-07
4.38613768939444e-09,-0.00550744146148205,-1.10125185706209e-07
4.43270509626598e-09,-0.00551292638756656,-1.10344901756577e-07
4.46933633754591e-09,-0.00551842783714897,-1.10251923352427e-07
4.49201597295206e-09,-0.00552394621640973,-1.10081853495025e-07
4.50330745025544e-09,-0.00552947914521984,-1.10019408101618e-07
4.50906006174995e-09,-0.00553502177482668,-1.10153868670312e-07
4.51778338602252e-09,-0.00554056734395013,-1.10473641057579e-07
4.53411656144447e-09,-0.00554610733728364,-1.10956595615991e-07
4.54959525345272e-09,-0.00555163165778257,-1.11715850054029e-07
4.55791868581642e-09,-0.00555712854775097,-1.12848172962361e-07
4.56245233914392e-09,-0.00556258434100799,-1.14318150375647e-07
4.57817475281067e-09,-0.00556798310478322,-1.15816398683154e-07
4.6070382557566e-09,-0.00557330682484442,-1.17145761299e-07
4.64312113831709e-09,-0.00557853518510774,-1.18235239222079e-07
4.67871776961749e-09,-0.00558364548186366,-1.19098216307564e-07
4.70852266226925e-09,-0.00558861272472749,-1.19814909917054e-07
4.72975871010161e-09,-0.00559341018934555,-1.20514564294594e-07
4.74662657627896e-09,-0.00559801042628815,-1.21256848511568e-07
4.76262438976091e-09,-0.00560238618089909,-1.22100393940338e-07
4.78055846596207e-09,-0.00560651121176742,-1.23059491862735e-07
4.8021744124887e-09,-0.00561036190675449,-1.2409036859337e-07
4.83211455756425e-09,-0.00561392045085957,-1.25031163514287e-07
4.87459920182292e-09,-0.00561717794021744,-1.25598476211245e-07
4.92971759475974e-09,-0.005620134917603,-1.25625184699058e-07
4.99364491860568e-09,-0.00562280019233625,-1.25108521679095e-07
5.04809225329121e-09,-0.00562518882384105,-1.24297884451012e-07
5.07832897976095e-09,-0.00562732023450263,-1.23527813317755e-07
5.08494609343091e-09,-0.00562921686485596,-1.23029136852427e-07
5.079963034192e-09,-0.00563090296374489,-1.22873114879144e-07
5.08006312585932e-09,-0.00563240282034289,-1.2294281312234e-07
5.0931967672155e-09,-0.00563373878918576,-1.23082381815935e-07
5.11783716579624e-09,-0.00563492949192167,-1.2317751957808e-07
5.15043159052779e-09,-0.00563598913373788,-1.23159207170682e-07
5.18514566357573e-09,-0.00563692826181492,-1.22989739898803e-07
5.21594249713284e-09,-0.005637755179803,-1.22667249325882e-07
5.24078824302532e-09,-0.00563847727417734,-1.22217808651335e-07
5.26189378639109e-09,-0.00563910184788863,-1.21673154171293e-07
5.283452241428e-09,-0.00563963662384608,-1.21046508013875e-07
5.30512579129023e-09,-0.00564008979697503,-1.20339345027263e-07
5.32376455816056e-09,-0.00564046987133563,-1.19569798973081e-07
5.34048543333931e-09,-0.00564078527532521,-1.18731422675253e-07
5.36751828214685e-09,-0.00564104406005819,-1.17635251586816e-07
5.40917295031906e-09,-0.00564125353735531,-1.16093320742397e-07
5.46036266162867e-09,-0.00564141999105132,-1.14044327521443e-07
5.50721604691433e-09,-0.00564154841893683,-1.11662043381625e-07
5.53939133169382e-09,-0.00564164265762348,-1.09146159028912e-07
5.55611657043947e-09,-0.00564170584584683,-1.06646557342018e-07
5.56410545532708e-09,-0.00564174050352059,-1.0424551304387e-07
5.57130740341483e-09,-0.0056417487386393,-1.01958229118666e-07
5.58247630197853e-09,-0.00564173249733101,-9.97551699735795e-08
5.59831352076544e-09,-0.00564169409094126,-9.75913325547136e-08
5.61705013373373e-09,-0.00564163665079436,-9.54287472364751e-08
5.63654361630012e-09,-0.00564156399360998,-9.32466036537705e-08
5.65553326395129e-09,-0.00564147998587604,-9.1040780149696e-08
5.67400681326708e-09,-0.00564138769710361,-8.88173262058122e-08
5.69363749204182e-09,-0.00564128897147791,-8.65644325324816e-08
5.71618569118368e-09,-0.00564118416373915,-8.42234282107066e-08
5.73557176707405e-09,-0.00564107205306295,-8.18536139612799e-08
5.73914583345919e-09,-0.00564094975597535,-7.97334354354468e-08
5.72846625222242e-09,-0.00564081248709987,-7.810465099252e-08
5.71408738461392e-09,-0.0056406535192137,-7.70165553043638e-08
5.71071617793414e-09,-0.00564046442021966,-7.62387944676428e-08
5.72114457036251e-09,-0.00564023505880959,-7.55349265101967e-08
5.74078344985908e-09,-0.0056399538315368,-7.47823549263051e-08
5.7708145673099e-09,-0.00563960796761455,-7.39263483538818e-08
5.81224427994765e-09,-0.00563918442405827,-7.29119779683001e-08
5.84851788601306e-09,-0.0056386705345741,-7.17752128072415e-08
5.86519472367279e-09,-0.00563805423119939,-7.05994977496741e-08
5.86507677474678e-09,-0.00563732418148243,-6.94197919165527e-08
5.86340948325397e-09,-0.00563646984331011,-6.82490652773534e-08
5.87076620222814e-09,-0.00563548227369788,-6.70878372870573e-08
5.88758217750863e-09,-0.00563435651112271,-6.59834499179134e-08
5.90799005846773e-09,-0.00563309381016314,-6.4951307880933e-08
5.92596725564342e-09,-0.00563170223635239,-6.39569971140068e-08
5.9398601775192e-09,-0.00563019564343886,-6.28966911441803e-08
5.95184294928167e-09,-0.00562859232986063,-6.17070971323168e-08
5.96481182250027e-09,-0.00562691232935634,-6.03731072557658e-08
5.9793700636846e-09,-0.00562517402641311,-5.89123088523624e-08
5.99528107363131e-09,-0.00562339194033731,-5.73616373644744e-08
6.01367181155671e-09,-0.00562157637454975,-5.57310463748934e-08
6.03884204955371e-09,-0.00561973457718391,-5.39238516610358e-08
6.07488467966649e-09,-0.00561787216947365,-5.18042132399616e-08
6.11691183518631e-09,-0.00561599421889032,-4.93160415452361e-08
6.15331733038429e-09,-0.00561410564796296,-4.65909701017898e-08
6.18341494119605e-09,-0.00561221123786809,-4.36564776233156e-08
6.20821201221363e-09,-0.00561031546806864,-4.05316446925545e-08
6.23333152134698e-09,-0.00560842221570817,-3.70794283969288e-08
6.26048382569946e-09,-0.00560653440726761,-3.32345885262243e-08
6.28275032055876e-09,-0.0056046537906738,-2.91753601780634e-08
6.29707962058949e-09,-0.00560278040585729,-2.50971207380948e-08
6.30540492121923e-09,-0.00560091198387385,-2.11234685703334e-08
6.3116204357848e-09,-0.00559904364158806,-1.73086927994179e-08
6.31907349098223e-09,-0.00559716857952162,-1.36590424284707e-08
6.32931874242497e-09,-0.0055952782962011,-1.01565586608666e-08
6.34210093789457e-09,-0.0055933629391177,-6.77743275397772e-09
6.35611619539824e-09,-0.00559141177880918,-3.50275013932238e-09
6.36927099478239e-09,-0.0055894139579876,-3.23760030009443e-10
6.37777813607409e-09,-0.00558735875637997,2.74674958446243e-09
6.37935269168762e-09,-0.00558523573839559,5.66604880888982e-09
6.3779081426111e-09,-0.00558303484514434,8.38010566895671e-09
6.38259211062126e-09,-0.00558074671413363,1.08678226069226e-08
6.39387735350337e-09,-0.0055783642137998,1.31014786755958e-08
6.40347387164228e-09,-0.00557588521907762,1.49599304670931e-08
6.41619154671897e-09,-0.00557331434129448,1.65760708600756e-08
6.43390063387796e-09,-0.00557066207770588,1.80779022085722e-08
6.45474818562432e-09,-0.00556794133454584,1.94104219267711e-08
6.48845901095525e-09,-0.00556516373278611,2.06635332414137e-08
6.53354781166103e-09,-0.00556233771085817,2.19964320230171e-08
6.58075863756184e-09,-0.00555946867940651,2.35293637187311e-08
6.61755625842624e-09,-0.00555656029769117,2.53037712685756e-08
6.63713062772305e-09,-0.00555361581581413,2.73203117929617e-08
6.64486170598098e-09,-0.00555063885006359,2.96768080956406e-08
6.65173466576486e-09,-0.00554763371479636,3.2414928621368e-08
6.66760365081874e-09,-0.00554460526760998,3.54721057431596e-08
6.6955715737459e-09,-0.00554155849722125,3.86347247129603e-08
6.72987908392382e-09,-0.00553849848807488,4.17553581425563e-08
6.76125325653849e-09,-0.00553543026047223,4.47725430124331e-08
6.78134881471584e-09,-0.00553235853926292,4.76544348232477e-08
6.79199632948155e-09,-0.00552928763561821,5.04227100191992e-08
6.80264166240272e-09,-0.00552622184187996,5.32655872581871e-08
6.82019466414737e-09,-0.00552316481916983,5.6331001305645e-08
6.84375784134499e-09,-0.00552011930961127,5.96032823248871e-08
6.86366956328524e-09,-0.00551708710599929,6.27635884947062e-08
6.87407290864575e-09,-0.00551406938161142,6.55281965452786e-08
6.87269399317957e-09,-0.00551106663498165,6.76768682782365e-08
6.85149546592612e-09,-0.00550807839018801,6.88441393830955e-08
6.81005578953603e-09,-0.00550510313272515,6.88452112512892e-08
6.77200002609391e-09,-0.00550213847729678,6.79773109827641e-08
6.75643230584586e-09,-0.00549918116081914,6.6601929907713e-08
6.77271878535299e-09,-0.00549622710438728,6.50069562467456e-08
6.81167394076381e-09,-0.00549327149428014,6.33914732149065e-08
6.85578062460224e-09,-0.00549030879473384,6.18367382420843e-08
6.89167478145608e-09,-0.00548733271842365,6.03197543383214e-08
6.91851793270029e-09,-0.00548433606244869,5.87712622112897e-08
6.94339618384394e-09,-0.00548131049355753,5.71438151244066e-08
6.9692113056052e-09,-0.00547824674292152,5.54311476522315e-08
6.98924876937618e-09,-0.00547513488673135,5.36218394620022e-08
7.00087888153452e-09,-0.00547196506257012,5.16792318367225e-08
7.00688695649246e-09,-0.00546872901045596,4.95698893000085e-08
7.01445745072339e-09,-0.00546542314272482,4.73269045670296e-08
7.03570959066541e-09,-0.00546205058269317,4.51671846022427e-08
7.07186371578089e-09,-0.00545862093903246,4.32719779830025e-08
7.11365639735973e-09,-0.00545514741542645,4.17152363703774e-08
7.15568984235314e-09,-0.00545164315279427,4.05185551353601e-08
7.19266077170993e-09,-0.00544811879783555,3.95091006242081e-08
7.22417862946572e-09,-0.00544458189645992,3.83613417836024e-08
7.25066194411754e-09,-0.00544103762484499,3.68730644629257e-08
7.2729055467354e-09,-0.00543748973750137,3.49886619465748e-08
7.29317754184654e-09,-0.00543394149468999,3.27433481370473e-08
7.31342487832445e-09,-0.00543039573036363,3.02144497967641e-08
7.32968997987037e-09,-0.00542685462933482,2.74204327419936e-08
7.33686002404038e-09,-0.00542331945004367,2.41817935025263e-08
7.34384416529577e-09,-0.00541979054225903,2.0415700747563e-08
7.3672793360477e-09,-0.005416267510452,1.63556364753447e-08
7.40918480530049e-09,-0.00541274940663181,1.22979605156228e-08
7.45942030718811e-09,-0.0054092350389358,8.45499695526544e-09
7.5034734098966e-09,-0.00540572326954985,4.93297614573795e-09
7.53604309493247e-09,-0.00540221313177038,1.77379226633079e-09
7.5610009098905e-09,-0.00539870391074977,-1.17035412937746e-09
7.57933872772454e-09,-0.0053951950846307,-4.18288442284948e-09
7.59658063161823e-09,-0.00539168638562686,-7.35057336491826e-09
7.61721216044734e-09,-0.00538817768462453,-1.06435119733152e-08
7.64479457471042e-09,-0.00538466882730617,-1.40080206241333e-08
7.67771554994964e-09,-0.00538115949678565,-1.74274576617489e-08
7.7197191145849e-09,-0.0053776492384911,-2.06901704162461e-08
7.75942159521485e-09,-0.00537413735961035,-2.36193787058571e-08
7.79025176089401e-09,-0.00537062283515376,-2.62420936157305e-08
7.80644705496322e-09,-0.00536710430589723,-2.88576463709691e-08
7.81853266039044e-09,-0.00536358037066251,-3.15118667883265e-08
7.84312246252412e-09,-0.00536004966790369,-3.39542469547472e-08
7.88374257053969e-09,-0.00535651103745012,-3.59585519985376e-08
7.93028922637696e-09,-0.00535296361630661,-3.75067013413532e-08
7.97015287344914e-09,-0.00534940699394062,-3.87590273887581e-08
7.99368302457206e-09,-0.0053458416598666,-4.00024334346306e-08
7.99991516052392e-09,-0.00534226861236929,-4.14697124373376e-08
7.99750228708073e-09,-0.00533868907657148,-4.32389642592054e-08
8.00168737915042e-09,-0.00533510437206784,-4.51240754611203e-08
8.0191936586515e-09,-0.00533151599648601,-4.69129706371441e-08
8.04871474692438e-09,-0.00532792538088174,-4.84662097038384e-08
8.08033276086087e-09,-0.00532433374296602,-4.97754974142968e-08
8.09602228641565e-09,-0.0053207419977091,-5.10929473399361e-08
8.09431645756494e-09,-0.00531715082632177,-5.2649189950284e-08
8.09230425506398e-09,-0.00531356070116644,-5.44073905163816e-08
8.10663261212722e-09,-0.00530997200564654,-5.62367015902658e-08
8.1386687217329e-09,-0.00530638508260168,-5.80070638644746e-08
8.1791438367417e-09,-0.00530280058523343,-5.96356946686762e-08
8.21787137795199e-09,-0.00529921945857639,-6.10977883064169e-08
8.24936362875564e-09,-0.00529564281528407,-6.24105869045931e-08
8.2728852286537e-09,-0.00529207174642093,-6.36155806179391e-08
8.29247967998083e-09,-0.00528850783583692,-6.47598040321639e-08
8.31291975389933e-09,-0.00528495298721138,-6.58782797689846e-08
8.33686231298667e-09,-0.0052814091780201,-6.69885798266728e-08
8.36661696639987e-09,-0.00527787820039231,-6.80856732223289e-08
8.40487391986323e-09,-0.00527436163720923,-6.91269322211393e-08
8.44852335125399e-09,-0.00527086082069937,-7.00449389976143e-08
8.4908161927372e-09,-0.00526737678552615,-7.07834275784621e-08
8.52313673079627e-09,-0.00526391023561548,-7.1347825734784e-08
8.53940720903117e-09,-0.00526046160720961,-7.19238021422186e-08
8.5310057981844e-09,-0.00525703135356761,-7.29831679595206e-08
8.50258398222401e-09,-0.00525361966943112,-7.48969839740311e-08
8.4708435112849e-09,-0.00525022634252608,-7.77192063989943e-08
8.46200387190829e-09,-0.00524685042378239,-8.09843991133274e-08
8.48273578648288e-09,-0.00524349002828128,-8.42000824536498e-08
8.52364488157479e-09,-0.00524014217983773,-8.70513004194986e-08
8.57269704418841e-09,-0.00523680285967148,-8.9376273355767e-08
8.62117286934747e-09,-0.00523346723567001,-9.11490009651229e-08
8.66432777661593e-09,-0.00523012996097674,-9.24417232962418e-08
8.69461916615601e-09,-0.00522678613225796,-9.35338532122025e-08
8.7100053794163e-09,-0.00522343333295374,-9.47043534151864e-08
8.71363228326386e-09,-0.0052200724680748,-9.61532463301554e-08
8.71825739726157e-09,-0.00521670640934468,-9.77895998367116e-08
8.73205537588752e-09,-0.0052133380509931,-9.9441192050306e-08
8.75778297860667e-09,-0.00520996898836913,-1.00968569227308e-07
8.79779598798885e-09,-0.00520659916879205,-1.02268873336183e-07
8.84766706829959e-09,-0.00520322739331014,-1.03270611948943e-07
8.89756467281069e-09,-0.00519985190706884,-1.03944524838756e-07
8.93416534135367e-09,-0.00519647090234029,-1.043417382531e-07
8.9513814800424e-09,-0.00519308272178201,-1.04637753138995e-07
8.95531628569161e-09,-0.00518968583632528,-1.0496194000955e-07
8.95811897357867e-09,-0.00518627864664884,-1.05306380516748e-07
8.96368435317825e-09,-0.00518285982730624,-1.05725669629041e-07
8.96926141698651e-09,-0.00517942813946676,-1.0635631166379e-07
8.97306340077878e-09,-0.00517598220279997,-1.07295655226344e-07
8.976494702422e-09,-0.00517252035293071,-1.08544863443412e-07
8.98554109176003e-09,-0.005169040537264,-1.09929945622166e-07
9.00373162902839e-09,-0.00516554081947376,-1.11221809135262e-07
9.02887553740605e-09,-0.00516201912191457,-1.12268898329707e-07
9.05703172447947e-09,-0.00515847303408094,-1.1300102009189e-07
9.08621582312564e-09,-0.00515489975802948,-1.13378816801486e-07
9.10921287656312e-09,-0.00515129673618576,-1.13518791106142e-07
9.11149242304639e-09,-0.00514766164097109,-1.13759198924181e-07
9.09461610851459e-09,-0.00514399229185462,-1.14404307767535e-07
9.07732192384252e-09,-0.00514028666255717,-1.15549305987161e-07
9.07734162849176e-09,-0.00513654291261086,-1.16969132690036e-07
9.09669734683953e-09,-0.00513275949704563,-1.18398753450391e-07
9.12706924694e-09,-0.00512893512860033,-1.19663937250375e-07
9.15907832106009e-09,-0.00512506888019083,-1.20693624053789e-07
9.18538941265569e-09,-0.00512116013598327,-1.21518009257785e-07
9.19838759198771e-09,-0.00511720848466722,-1.22301468059554e-07
9.20104076474392e-09,-0.00511321360844049,-1.23183453017991e-07
9.20632187987939e-09,-0.00510917527391272,-1.24143055443686e-07
9.22057111410713e-09,-0.00510509317820639,-1.25100351323549e-07
9.24103835108413e-09,-0.0051009669155117,-1.25985030697118e-07
9.25955186150921e-09,-0.00509679606875861,-1.26767998222598e-07
9.27250080230962e-09,-0.00509258040680398,-1.2746214877575e-07
9.2825913004449e-09,-0.00508831982753765,-1.2809722705384e-07
9.29568664434773e-09,-0.00508401432798367,-1.28714793237466e-07
9.31057346776977e-09,-0.00507966390161649,-1.29420518713947e-07
9.32510163404161e-09,-0.0050752689083903,-1.30270018937562e-07
9.34075922532566e-09,-0.00507083026772996,-1.31184299834247e-07
9.3592410859632e-09,-0.00506634928506472,-1.32064403951876e-07
9.38572109597344e-09,-0.00506182748200639,-1.32781763876772e-07
9.42704154315933e-09,-0.00505726641951071,-1.3306050206376e-07
9.47830256201258e-09,-0.00505266769321305,-1.32737632233702e-07
9.51858891042325e-09,-0.00504803293823316,-1.31967503430985e-07
9.54069767874621e-09,-0.0050433636824097,-1.30986096118952e-07
9.55599091493933e-09,-0.00503866122007463,-1.29953840516244e-07
9.57742348300583e-09,-0.00503392644277847,-1.28912587809099e-07
9.60828615190433e-09,-0.00502916018890138,-1.27820166657282e-07
9.64280359140348e-09,-0.00502436355200903,-1.26608535360799e-07
9.66928776931474e-09,-0.00501953767461504,-1.2524009532668e-07
9.68438759928747e-09,-0.00501468362700734,-1.23736758331508e-07
9.6914664503753e-09,-0.00500980233340081,-1.22175945708695e-07
9.698307172592e-09,-0.00500489498175518,-1.20563032741176e-07
9.70921215397702e-09,-0.00499996290700029,-1.18874992731834e-07
9.72369253193181e-09,-0.00499500751999442,-1.17093998915011e-07
9.73912665190649e-09,-0.00499003032204111,-1.15215651743221e-07
9.75354604441957e-09,-0.00498503277469161,-1.13248274266269e-07
9.7627491340929e-09,-0.00498001617020862,-1.1130403825776e-07
9.75416787060026e-09,-0.00497498156879747,-1.09834188465576e-07
9.72893428140607e-09,-0.00496992979552991,-1.09162983422366e-07
9.70637414916252e-09,-0.00496486145117554,-1.09135126078083e-07
9.70849750857967e-09,-0.00495977676778557,-1.09173637750819e-07
9.72839646462148e-09,-0.00495467585489661,-1.09004559512438e-07
9.74345533482905e-09,-0.00494955879327349,-1.08762451247473e-07
9.74656440356111e-09,-0.00494442558679218,-1.08663787327495e-07
9.73600381408908e-09,-0.00493927610357696,-1.08814654440623e-07
9.72501036489046e-09,-0.00493410996227088,-1.09043575321168e-07
9.7302469891655e-09,-0.00492892689296121,-1.09149627015551e-07
9.75440173695272e-09,-0.00492372697194578,-1.08994829812449e-07
9.78902549644757e-09,-0.00491851044087106,-1.08521497726045e-07
9.82484822932296e-09,-0.00491327756337856,-1.07708166222436e-07
9.86216669181203e-09,-0.00490802851403354,-1.06457420894736e-07
9.90613671136704e-09,-0.00490276340203704,-1.04730766056747e-07
9.95054292725795e-09,-0.00489748229734322,-1.0269284266265e-07
9.98737681186981e-09,-0.00489218512601226,-1.00512005464446e-07
1.00082103508425e-08,-0.00488687162045468,-9.83059869033001e-08
1.00148775388103e-08,-0.00488154122120588,-9.61472492910026e-08
1.00156036015887e-08,-0.00487619325037824,-9.40565516976523e-08
1.00148773082056e-08,-0.00487082700469971,-9.20334054192445e-08
1.00107206015982e-08,-0.00486544195057656,-9.01361418602929e-08
1.00188373045974e-08,-0.00486003767980114,-8.83439983742366e-08
1.00519943828842e-08,-0.00485461397104561,-8.63797240892635e-08
1.01047720248792e-08,-0.0048491707370576,-8.39279624738655e-08
1.0149998503625e-08,-0.00484370809398454,-8.09345876015397e-08
1.01605131416819e-08,-0.00483822644864336,-7.78601368754053e-08
1.01299678155341e-08,-0.00483272629713151,-7.51892072980566e-08
1.00685756945696e-08,-0.00482720812998973,-7.3196219826345e-08
1.0006887524578e-08,-0.00482167235917176,-7.18153628178212e-08
9.97923604580309e-09,-0.00481611933863937,-7.08242362857635e-08
9.99247605675526e-09,-0.00481054931327116,-6.99381493093733e-08
1.00307168815554e-08,-0.0048049625709578,-6.89514121149821e-08
1.00720936597769e-08,-0.00479935945602246,-6.78171349310105e-08
1.00997584983137e-08,-0.00479374034053945,-6.66839853765853e-08
1.01135504670551e-08,-0.00478810594547996,-6.56305928743855e-08
1.01202767987945e-08,-0.00478245716936258,-6.4677953908501e-08
1.01261471494053e-08,-0.00477679508734101,-6.38185852450334e-08
1.01341992944002e-08,-0.00477112079402449,-6.30294163837968e-08
1.01468950448443e-08,-0.0047654353394659,-6.22361997323691e-08
1.01685490098985e-08,-0.0047597396875987,-6.12491213561171e-08
1.01924096443204e-08,-0.004754034709847,-6.0077975815898e-08
1.02149722154531e-08,-0.00474832165999137,-5.87580512742081e-08
1.02461522848121e-08,-0.00474260210201809,-5.7296648411972e-08
1.02875900847934e-08,-0.00473687772149985,-5.5679847707916e-08
1.03321890909182e-08,-0.00473115018252771,-5.39393653232653e-08
1.03752141178968e-08,-0.00472542144034907,-5.20933784295602e-08
1.04089342812883e-08,-0.00471969341719316,-5.01392609984185e-08
1.04259337949561e-08,-0.0047139678559427,-4.80904659546978e-08
1.04303571503086e-08,-0.00470824632601826,-4.59775295648777e-08
1.04320081353458e-08,-0.00470253020878973,-4.3823160987614e-08
1.04379420039864e-08,-0.00469682054208303,-4.16344415032377e-08
1.04498061824528e-08,-0.00469111842165845,-3.93977639190338e-08
1.04635360798966e-08,-0.00468542518125281,-3.70729200772469e-08
1.04667529904389e-08,-0.00467974244137054,-3.47012170994537e-08
1.04588232064103e-08,-0.00467407203234145,-3.23684294117459e-08
1.04540730108424e-08,-0.00466841584328846,-3.0114824671989e-08
1.04603837213176e-08,-0.00466277569360976,-2.79381720842267e-08
1.04701513676971e-08,-0.00465715369655132,-2.60028010470341e-08
1.04830121336981e-08,-0.00465155215735768,-2.42875068263976e-08
1.05007473391073e-08,-0.00464597317758668,-2.26946082939488e-08
1.05163469515606e-08,-0.00464041839593342,-2.11442848820441e-08
1.05205406603727e-08,-0.00463488873325312,-1.9619159998102e-08
1.05180620107207e-08,-0.00462938525631856,-1.81427335027206e-08
1.05165553745107e-08,-0.00462390953226519,-1.6737058019631e-08
1.05163744727673e-08,-0.00461846308372819,-1.54199048868672e-08
1.05096688251894e-08,-0.00461304712533803,-1.42394325566777e-08
1.05079367801436e-08,-0.00460766235737865,-1.32367319136529e-08
1.05177824337915e-08,-0.00460230941475721,-1.23989001426178e-08
1.05329216142645e-08,-0.004596989227693,-1.1692536863317e-08
1.05382846827428e-08,-0.00459170301247916,-1.11214342589212e-08
1.05383455964787e-08,-0.00458645200658783,-1.07139225302519e-08
1.05455920293953e-08,-0.00458123730624173,-1.05049028211152e-08
1.05568888334098e-08,-0.0045760596914374,-1.0656614920899e-08
1.05608122639354e-08,-0.00457091999594315,-1.13028686893295e-08
1.05475541479552e-08,-0.00456581987862747,-1.25096293025887e-08
1.0521965939746e-08,-0.00456076359067632,-1.4245073144622e-08
1.049666742427e-08,-0.00455576049708185,-1.64399803863075e-08
1.04861198374112e-08,-0.00455082764802865,-1.89933301433595e-08
1.04962343898387e-08,-0.00454599119126444,-2.16952863338629e-08
1.05299603308378e-08,-0.00454128595299126,-2.41160250475816e-08
1.05785113538937e-08,-0.00453675219770917,-2.59409581459582e-08
1.06273025123977e-08,-0.00453243061344295,-2.70782880295093e-08
1.06693283248639e-08,-0.00452835672774654,-2.76018113528043e-08
1.07020277518982e-08,-0.00452455610632093,-2.77268708640424e-08
1.07161497561132e-08,-0.00452104148395242,-2.79303147309503e-08
1.07200533851982e-08,-0.00451781281546933,-2.83622712585525e-08
1.073119325487e-08,-0.00451486001272322,-2.87957535560731e-08
1.07589650178266e-08,-0.00451216718178334,-2.89215027138112e-08
1.07970931251145e-08,-0.0045097171737184,-2.8630695963003e-08
1.08226054321167e-08,-0.00450749520040225,-2.8316067802998e-08
1.08256904743583e-08,-0.004505490705842,-2.83802611872943e-08
1.08082155441098e-08,-0.0045036969825168,-2.91087468967141e-08
1.07735782074706e-08,-0.00450210865745975,-3.07778445818462e-08
1.07412092404434e-08,-0.0045007179502284,-3.32258058048373e-08
1.07306636066017e-08,-0.00449951031519709,-3.598222008341e-08
1.0745122116747e-08,-0.00449846080602746,-3.8642093857962e-08
1.07758890393692e-08,-0.00449753245797073,-4.09791212468889e-08
1.0812116634661e-08,-0.00449667725499785,-4.29045793345426e-08
1.08500878422379e-08,-0.00449583953644872,-4.4325350666975e-08
1.08904378181275e-08,-0.00449496094396764,-4.51051424170497e-08
1.09152462541288e-08,-0.00449398581160066,-4.5256631277629e-08
1.09124484963961e-08,-0.00449286637892117,-4.50303238559567e-08
1.08944693778821e-08,-0.00449156819686254,-4.46643273860401e-08
1.08934605088634e-08,-0.00449007273186161,-4.42793483126946e-08
1.09154545098925e-08,-0.00448837585144031,-4.39736312194786e-08
1.09379327699243e-08,-0.00448648286461198,-4.40455551678101e-08
1.09506229992039e-08,-0.0044844023592164,-4.46705975702293e-08
1.09644088657638e-08,-0.00448214049282728,-4.56932859306535e-08
1.09849064790943e-08,-0.00447969644029438,-4.68756776831903e-08
1.10009021402227e-08,-0.00447706087442885,-4.8047343811728e-08
1.10002398536087e-08,-0.00447421815109993,-4.9171350619507e-08
1.09833086178182e-08,-0.00447115169567001,-5.03718786338629e-08
1.09691277053769e-08,-0.00446784899659106,-5.17616775113527e-08
1.09697067230578e-08,-0.00446430540306803,-5.33539661308364e-08
1.09862771251142e-08,-0.0044605256361159,-5.50527154185546e-08
1.10077295217731e-08,-0.00445652318040759,-5.68700833575736e-08
1.10194481852176e-08,-0.00445231765619182,-5.89813208013841e-08
1.10105376034259e-08,-0.00444793090458778,-6.17031003386902e-08
1.0983928832037e-08,-0.00444338270101375,-6.51999192839227e-08
1.0953543702837e-08,-0.0044386878061571,-6.92717024715992e-08
1.09380579398219e-08,-0.00443385486140448,-7.34854883050169e-08
1.09447351781343e-08,-0.00442888749009983,-7.74866814917728e-08
1.09575720127998e-08,-0.00442378684544266,-8.11227863926286e-08
1.09619677688467e-08,-0.004418555818532,-8.44529957596872e-08
1.09596292697898e-08,-0.0044132028614019,-8.7559740797888e-08
1.09649492437551e-08,-0.00440774393915697,-9.05038482577467e-08
1.0982414394148e-08,-0.00440220277591281,-9.33108012588717e-08
1.1005930672582e-08,-0.00439660914276292,-9.59988014489426e-08
1.10260997405805e-08,-0.00439099627236116,-9.86227423302963e-08
1.10392969913298e-08,-0.00438539705739663,-1.01225573584936e-07
1.10492392950121e-08,-0.00437984038382945,-1.03802238648782e-07
1.10598695730476e-08,-0.00437434865472507,-1.06235264836274e-07
1.10736994188257e-08,-0.00436893738632101,-1.08267199972882e-07
1.10912351248638e-08,-0.00436361600793987,-1.0973187196289e-07
1.11102432362209e-08,-0.00435839024509646,-1.10653571105842e-07
1.11259423481572e-08,-0.00435326521080381,-1.11327213574132e-07
1.11331630346927e-08,-0.00434824904793702,-1.12054301263306e-07
1.11186255482091e-08,-0.00434335490639897,-1.13357611574024e-07
1.10821236995258e-08,-0.00433860087965584,-1.15610930013406e-07
1.10379976703984e-08,-0.0043340083047973,-1.18839251323887e-07
1.10108792349092e-08,-0.00432959880219042,-1.22554723617463e-07
1.10118470410578e-08,-0.00432539116616782,-1.26250530165111e-07
1.10343435257306e-08,-0.00432139833725653,-1.29598486088488e-07
1.10647646779058e-08,-0.00431762555266429,-1.32445129492673e-07
1.10947329323488e-08,-0.00431407007106738,-1.34693280142228e-07
1.11187704656358e-08,-0.00431072306705017,-1.36352474450665e-07
1.11193318569955e-08,-0.00430757269283369,-1.37961451404592e-07
1.10941161421197e-08,-0.00430460707950366,-1.40035692682139e-07
1.1056823214367e-08,-0.00430181700384261,-1.42768145073744e-07
1.10288877296109e-08,-0.00429919748930444,-1.45879903854686e-07
1.10182836312319e-08,-0.004296747881016,-1.49082317273273e-07
1.10232345480071e-08,-0.00429447023152305,-1.52178397629345e-07
1.10363488348212e-08,-0.00429236669692946,-1.55042452248085e-07
1.10531393573853e-08,-0.00429043666798538,-1.5757105192209e-07
1.10745814853206e-08,-0.0042886746055507,-1.59705013877394e-07
1.10982584270673e-08,-0.00428706904019839,-1.61421310309664e-07
1.11161777453938e-08,-0.0042856029117382,-1.62748641127333e-07
1.11255029711404e-08,-0.00428425535905637,-1.63756435156821e-07
1.11258996412203e-08,-0.00428300446335487,-1.64577481383322e-07
1.11119679655551e-08,-0.00428183047119747,-1.65545271602981e-07
1.10843695474295e-08,-0.0042807181024193,-1.66933156693656e-07
1.10514969030117e-08,-0.00427965759119415,-1.68819091703288e-07
1.10316780460175e-08,-0.00427864435085897,-1.7086373095697e-07
1.10250093520744e-08,-0.00427767760898414,-1.72870248802919e-07
1.10245140046139e-08,-0.00427675797084856,-1.74729652206235e-07
1.10303990101432e-08,-0.00427588476466646,-1.76314919746669e-07
1.10408451378719e-08,-0.00427505401030392,-1.77553640988937e-07
1.10516188857813e-08,-0.00427425763254806,-1.78440904314975e-07
1.10591070485226e-08,-0.00427348412048398,-1.79015234729721e-07
1.10621602650509e-08,-0.00427272047031217,-1.7933220409633e-07
1.10570914233059e-08,-0.0042719545504669,-1.79448692902352e-07
1.10323440927255e-08,-0.00427117752257492,-1.7945221196929e-07
1.09973889205409e-08,-0.00427038556743303,-1.79439779139566e-07
1.09674525475109e-08,-0.00426958071522451,-1.794643218895e-07
1.0953557378544e-08,-0.00426877029285381,-1.79521479840072e-07
1.09459917475815e-08,-0.00426796506863517,-1.79606980314385e-07
1.09319803271938e-08,-0.00426717665083473,-1.79800537869667e-07
1.09082529287514e-08,-0.00426641518900708,-1.80172374341865e-07
1.08816559747074e-08,-0.00426568787764374,-1.80748974871615e-07
1.0861161872219e-08,-0.00426499813607916,-1.81671833339888e-07
1.08489999485501e-08,-0.00426434605650754,-1.83022206050407e-07
1.08435925724856e-08,-0.00426372992905474,-1.84748572931166e-07
1.08468529351709e-08,-0.00426314830745598,-1.86584076582097e-07
1.08581914325288e-08,-0.00426260292288416,-1.88279829439698e-07
1.08777310864576e-08,-0.00426209985694626,-1.8967451624891e-07
1.089783836583e-08,-0.00426164957552099,-1.9073221401034e-07
1.09004085182616e-08,-0.00426126583451668,-1.9167103853556e-07
1.08833780393522e-08,-0.00426096383580221,-1.92685830584253e-07
1.08620568228842e-08,-0.00426075796893129,-1.93708687728759e-07
1.08483800589175e-08,-0.00426065961858062,-1.94605955754702e-07
1.08437580744551e-08,-0.00426067572485041,-1.95291556705098e-07
1.08409157340151e-08,-0.00426080845377793,-1.95777409090809e-07
1.08361862208657e-08,-0.00426105640545442,-1.96061361384545e-07
1.08311925922616e-08,-0.00426141624088321,-1.96145861211434e-07
1.08342375364968e-08,-0.00426188464158045,-1.96016357412844e-07
1.08468125489917e-08,-0.00426246002345419,-1.95631119321279e-07
1.08609275702107e-08,-0.00426314379952424,-1.94956124075571e-07
1.08606022873977e-08,-0.00426394052933987,-1.94022397996362e-07
1.08427814286892e-08,-0.0042648567053631,-1.92925176173816e-07
1.08166453990879e-08,-0.00426589885655438,-1.91758253590431e-07
1.07950791514894e-08,-0.00426707139926173,-1.90583320445686e-07
1.07811968004133e-08,-0.00426837516943538,-1.89465719342136e-07
1.07761198897511e-08,-0.00426980700137984,-1.88348398372554e-07
1.07770280425574e-08,-0.00427135946343205,-1.87148653719923e-07
1.07794198943681e-08,-0.00427302177821992,-1.85813462241425e-07
1.07791890555931e-08,-0.00427478152862957,-1.84326946797596e-07
1.07752329129954e-08,-0.00427662686104997,-1.82700100267576e-07
1.07664210204795e-08,-0.00427854823570287,-1.8100101916171e-07
1.07471338258726e-08,-0.00428053934855349,-1.794647965548e-07
1.07190674019895e-08,-0.00428259689711701,-1.78281285794519e-07
1.06941985060951e-08,-0.0042847194148603,-1.77475460679328e-07
1.06812288157035e-08,-0.00428690546989071,-1.76851440914806e-07
1.06752709670364e-08,-0.00428915216769785,-1.76214898610813e-07
1.06727331253654e-08,-0.00429145386112884,-1.75442873643408e-07
1.06740435243933e-08,-0.00429380155182885,-1.74406923108189e-07
1.06795027608516e-08,-0.00429618344944535,-1.72977360938991e-07
1.06848058178084e-08,-0.00429858621019779,-1.71100509190244e-07
1.06864364639178e-08,-0.00430099663474684,-1.68799604031273e-07
1.06831053122995e-08,-0.00430340352502901,-1.66153884470043e-07
1.06741588210444e-08,-0.00430579886126798,-1.63306895612606e-07
1.06615728341296e-08,-0.0043081782491527,-1.60378707810032e-07
1.06502974262503e-08,-0.00431054054179877,-1.57388617897278e-07
1.06490010710795e-08,-0.00431288663848184,-1.54143107043799e-07
1.06587528163329e-08,-0.00431521797139817,-1.5045963738474e-07
1.06743166570611e-08,-0.00431753497900222,-1.46250115838199e-07
1.06864166651632e-08,-0.00431983599052835,-1.41583247180497e-07
1.06838668156471e-08,-0.00432211682732055,-1.36785865999661e-07
1.06725200239044e-08,-0.00432437147316539,-1.32012903186036e-07
1.06552149145349e-08,-0.00432659332494551,-1.27430646446516e-07
1.06326365782296e-08,-0.00432877657962065,-1.23147258960872e-07
1.06101283606669e-08,-0.0043309176935018,-1.19126933068006e-07
1.05974961887056e-08,-0.00433301641635336,-1.15057145821596e-07
1.05904041872301e-08,-0.00433507602764765,-1.10720414722973e-07
1.058350623258e-08,-0.00433710282741942,-1.06208077352648e-07
1.05737359942375e-08,-0.00433910457380605,-1.01671061600196e-07
1.05602263920889e-08,-0.00434108873738906,-9.72226979602849e-08
1.05440036921048e-08,-0.00434306104402783,-9.29278921037863e-08
1.05270631159457e-08,-0.00434502475929456,-8.88092087655777e-08
1.05118289141225e-08,-0.00434698050861696,-8.48435200084132e-08
1.05012121020054e-08,-0.00434892727887394,-8.09357815163124e-08
1.04929536194885e-08,-0.00435086346390968,-7.7048233780245e-08
1.04790573137364e-08,-0.00435278816753994,-7.33190924252113e-08
1.04605905857964e-08,-0.00435470231678645,-6.97716516366923e-08
1.04392863092087e-08,-0.00435660925250466,-6.63753490944735e-08
1.04114904360467e-08,-0.00435851469977573,-6.31198901157966e-08
1.03770385719531e-08,-0.00436042599806849,-6.00751718593622e-08
1.03357092699296e-08,-0.00436235079193512,-5.74813740217349e-08
1.02899553443785e-08,-0.00436429572324342,-5.55267611730823e-08
1.02431919226933e-08,-0.00436626530100811,-5.42868645247496e-08
1.02032434197362e-08,-0.00436826120828093,-5.36984448587312e-08
1.01870605999516e-08,-0.00437028216112291,-5.34453276797369e-08
1.01937188026033e-08,-0.00437232491647843,-5.32478990105097e-08
1.02090065638477e-08,-0.00437438568509176,-5.31080642001166e-08
1.02303423555185e-08,-0.00437646118196056,-5.30229761042205e-08
1.02409217152444e-08,-0.00437854957385413,-5.2809377337028e-08
1.02132799496821e-08,-0.00438065092060701,-5.24263645664521e-08
1.01644474200355e-08,-0.00438276698224022,-5.19682374225774e-08
1.01252905245751e-08,-0.00438490043949058,-5.15106712759417e-08
1.01121372098881e-08,-0.00438705359141242,-5.11010784286237e-08
1.01244118075155e-08,-0.00438922726301963,-5.06377679339519e-08
1.01449453353437e-08,-0.00439142037687802,-5.00055701775191e-08
1.01469702060931e-08,-0.00439362952004758,-4.91907200976835e-08
1.01240523030707e-08,-0.00439584914221069,-4.82784194582451e-08
1.00839872062068e-08,-0.00439807223673165,-4.7373249801327e-08
1.00346947097935e-08,-0.00440029145336749,-4.65525627202496e-08
9.99597834628806e-09,-0.00440250032949289,-4.57976360125164e-08
9.97824329343762e-09,-0.00440469427047102,-4.51154499233734e-08
9.97615255390696e-09,-0.00440687072685618,-4.4500999567889e-08
9.97878359877407e-09,-0.00440902890750787,-4.39454580422805e-08
9.97986183245635e-09,-0.0044111690459445,-4.34473229403692e-08
9.98282346153693e-09,-0.00441329138062173,-4.29947668345265e-08
9.99430078687166e-09,-0.00441539518109622,-4.25424534512737e-08
1.00123828740158e-08,-0.00441747811459148,-4.2023140575095e-08
1.00270181711616e-08,-0.00441953601558602,-4.13893864800852e-08
1.00332699936071e-08,-0.00442156323111712,-4.06245599270738e-08
1.00282082955827e-08,-0.00442355347152204,-3.9730871516415e-08
1.00055176363407e-08,-0.00442550081413047,-3.87502742053618e-08
9.97240112643806e-09,-0.00442740069578091,-3.77565362260516e-08
9.94716527152523e-09,-0.00442925052193935,-3.67931333544178e-08
9.93769103250598e-09,-0.00443105002117051,-3.58545687164076e-08
9.94245990895447e-09,-0.00443280090414859,-3.48450379840515e-08
9.961227492988e-09,-0.00443450597139338,-3.34234482123392e-08
9.98496478997489e-09,-0.00443616811197729,-3.13309447272315e-08
1.00029614784432e-08,-0.00443778938240012,-2.85595364448041e-08
1.00040955477333e-08,-0.00443937040905813,-2.54788392573234e-08
9.99237925266212e-09,-0.00444091036017854,-2.245048126542e-08
9.97895679670134e-09,-0.00444240731172638,-1.95981984417069e-08
9.97415564600391e-09,-0.00444385895510972,-1.66927298103664e-08
9.97127258499094e-09,-0.00444526374524658,-1.36043450540928e-08
9.96978105873842e-09,-0.00444662174957474,-9.99058219314561e-09
9.97248038799488e-09,-0.00444793494495229,-5.63486923578887e-09
9.98384420528566e-09,-0.00444920715479543,-6.17876700071552e-10
9.99883548894878e-09,-0.00445044344083748,4.65024397276487e-09
9.99934477510801e-09,-0.00445164919722648,9.50025892370394e-09
9.98224819695722e-09,-0.00445282940028401,1.35586950432161e-08
9.95379229231999e-09,-0.00445398828138772,1.67069439206006e-08
9.92316740498371e-09,-0.00445512851659557,1.89997720616119e-08
9.89831214672309e-09,-0.00445625104511862,2.06122746545715e-08
9.88432871343848e-09,-0.00445735543641732,2.18253790968224e-08
9.87836293942449e-09,-0.004458440903049,2.28683205655797e-08
9.8753259199622e-09,-0.00445950737297538,2.38640394984951e-08
9.8723281453095e-09,-0.00446055593523909,2.48485485420204e-08
9.87010844266063e-09,-0.00446158907376537,2.58111287892349e-08
9.8712574331552e-09,-0.00446261052604887,2.67296440896604e-08
9.88168371082699e-09,-0.00446362471079883,2.76074780166499e-08
9.90020421197319e-09,-0.00446463597183704,2.8482127376616e-08
9.91828138908218e-09,-0.00446564780305709,2.93972948078322e-08
9.91911595145983e-09,-0.004466662261797,3.03554901756157e-08
9.8903900382149e-09,-0.00446767962934533,3.12786084668804e-08
9.84170762293518e-09,-0.00446869853347028,3.2093100961218e-08
9.80067166589957e-09,-0.00446971646904521,3.29202840663125e-08
9.79393670576134e-09,-0.0044707306871636,3.39326853725155e-08
9.81792247593128e-09,-0.00447173900534806,3.52041307773705e-08
9.84383181567468e-09,-0.00447274036309884,3.64769668166128e-08
9.85148056602162e-09,-0.00447373497801298,3.74702601701901e-08
9.83998370422397e-09,-0.00447472411855231,3.80401412431134e-08
9.82007913982982e-09,-0.00447570953909781,3.82501768175521e-08
9.79080529772363e-09,-0.00447669278726907,3.81963211501508e-08
9.75517837784281e-09,-0.00447767452898536,3.7917775782839e-08
9.72374585271659e-09,-0.00447865406511098,3.74452409115829e-08
9.7158800974313e-09,-0.00447962923252091,3.69412994572164e-08
9.73539259892342e-09,-0.00448059661650859,3.66661904132282e-08
9.76639313749429e-09,-0.00448155210355436,3.67428143746853e-08
9.78619797180881e-09,-0.00448249150796017,3.69696905022743e-08
9.78407446284531e-09,-0.00448341164900956,3.70134996350988e-08
9.76662563469245e-09,-0.0044843111125659,3.66422079877978e-08
9.7451755406229e-09,-0.00448518988529006,3.57759522791539e-08
9.72843144784904e-09,-0.00448604884378006,3.44712651967119e-08
9.72194436604144e-09,-0.00448688912058401,3.2925135152477e-08
9.72464791822555e-09,-0.00448771160958731,3.13255760300775e-08
9.72926043039952e-09,-0.00448851644603373,2.97881906319478e-08
9.72258850841113e-09,-0.00448930257229833,2.8329283166145e-08
9.70158382496764e-09,-0.00449006790208533,2.68837268223212e-08
9.67455627962669e-09,-0.00449080972070387,2.53624026161856e-08
9.66053555609447e-09,-0.00449152525651886,2.37289900590551e-08
9.66159225248421e-09,-0.00449221233951269,2.20489664518662e-08
9.68020107537651e-09,-0.00449287006200198,2.0568222029061e-08
9.7110845325305e-09,-0.00449349881835414,1.94979087851487e-08
9.74349704744707e-09,-0.00449410016797188,1.88890558674654e-08
9.76456081943555e-09,-0.00449467646115091,1.85328450221691e-08
9.77144625253583e-09,-0.00449523034499678,1.82069502825005e-08
9.76915721938378e-09,-0.00449576417453628,1.77784481115959e-08
9.76223611146024e-09,-0.0044962794330552,1.71566145709705e-08
9.74715869702116e-09,-0.00449677664228993,1.60984936401795e-08
9.71981182075752e-09,-0.00449725560559957,1.42714297584451e-08
9.67959032198367e-09,-0.00449771564826765,1.14901814334358e-08
9.63239687306927e-09,-0.00449815607631123,7.73294408194289e-09
9.58758637716164e-09,-0.00449857673878139,3.13300761333116e-09
9.55509964454282e-09,-0.00449897851238272,-1.96778833596273e-09
9.53950839160145e-09,-0.00449936335923555,-7.22486986450701e-09
9.54277185925829e-09,-0.00449973407544492,-1.22512774515227e-08
9.5520069046295e-09,-0.00450009399224322,-1.68276764462532e-08
9.55391310879986e-09,-0.00450044651401999,-2.09870220343087e-08
9.5421912360512e-09,-0.00450079464883607,-2.49982508966462e-08
9.53161612399867e-09,-0.00450114056236458,-2.89360989397103e-08
9.53185617487367e-09,-0.00450148528625102,-3.27686000121795e-08
9.54100465651433e-09,-0.00450182874301674,-3.6437630707794e-08
9.54848307649145e-09,-0.00450217004190257,-3.98829496820609e-08
9.54871728819274e-09,-0.00450250851038428,-4.31548424641203e-08
9.54865426214708e-09,-0.00450284401300549,-4.63125411565215e-08
9.55289326770443e-09,-0.00450317711756989,-4.93721313852918e-08
9.56011647004746e-09,-0.00450350903385646,-5.23262024743952e-08
9.56808740371205e-09,-0.00450384179127038,-5.51679997033799e-08
9.58156464482871e-09,-0.00450417785379213,-5.78741197971198e-08
9.59577497001786e-09,-0.00450451959306231,-6.04149102299613e-08
9.60659944653652e-09,-0.00450486862647268,-6.27841923651468e-08
9.61362238134059e-09,-0.00450522545073229,-6.4989317535234e-08
9.61824934282114e-09,-0.00450558937796488,-6.70387215850972e-08
9.62189171559297e-09,-0.00450595884532297,-6.89368121478423e-08
9.62429311612033e-09,-0.00450633184422953,-7.07089558322514e-08
9.62239109206512e-09,-0.00450670641584294,-7.24644284187135e-08
9.61707358345101e-09,-0.0045070811871731,-7.42705131380806e-08
9.61424599382486e-09,-0.00450745574606992,-7.60588847685769e-08
9.61707052218756e-09,-0.004507830507024,-7.77392292247651e-08
9.62468060954712e-09,-0.00450820632472161,-7.92501295333977e-08
9.63402232162935e-09,-0.00450858404478196,-8.05646176141364e-08
9.64003109049588e-09,-0.00450896438504752,-8.17315839728521e-08
9.63433510809792e-09,-0.00450934754310507,-8.29847428272903e-08
9.61427455833161e-09,-0.00450973283866663,-8.45272340683046e-08
9.58299773509948e-09,-0.00451011864665031,-8.63819294078188e-08
9.56276005922621e-09,-0.00451050255017568,-8.81214284231288e-08
9.56935827860971e-09,-0.00451088189915034,-8.92645843304973e-08
9.59322917258683e-09,-0.00451125443423169,-8.98595160629171e-08
9.61614181652133e-09,-0.00451161876358573,-9.01250572063025e-08
9.62653061253813e-09,-0.00451197451140352,-9.02687402033843e-08
9.62361912474515e-09,-0.00451232229716969,-9.04380000138053e-08
9.6159171556264e-09,-0.00451266327628487,-9.06983886872298e-08
9.61113792232425e-09,-0.00451299867422994,-9.10856915250362e-08
9.60805100093657e-09,-0.00451332942601919,-9.17565811545553e-08
9.60761285976529e-09,-0.00451365580127429,-9.28016433086257e-08
9.60301435980261e-09,-0.00451397721777649,-9.41791204929548e-08
9.59743151366166e-09,-0.00451429222930663,-9.56500061898719e-08
9.5971991707773e-09,-0.00451459909783989,-9.69926413768167e-08
9.61039356929948e-09,-0.0045148963393013,-9.80562518770589e-08
9.63589111969629e-09,-0.00451518319215804,-9.87498870081362e-08
9.66627624698448e-09,-0.00451545967988108,-9.90436511896934e-08
9.69138944893782e-09,-0.00451572659065958,-9.8979698965492e-08
9.69681288799837e-09,-0.00451598532646413,-9.87292892394994e-08
9.68212559548103e-09,-0.00451623765204543,-9.84519280523233e-08
9.66489299216468e-09,-0.00451648527084304,-9.81441286911386e-08
9.65212583320402e-09,-0.00451672940754036,-9.7742692231087e-08
9.64596244310489e-09,-0.00451697076229014,-9.7202072096741e-08
9.65152821612243e-09,-0.00451720946787345,-9.64838154687012e-08
9.6690922774006e-09,-0.00451744524591394,-9.55429944260501e-08
9.69084371389774e-09,-0.00451767778649733,-9.43463468194753e-08
9.70357377027406e-09,-0.00451790682459916,-9.29056508685412e-08
9.70144536425229e-09,-0.00451813236556553,-9.13229878518022e-08
9.68209409597744e-09,-0.00451835487667258,-8.9873110591404e-08
9.65178450932347e-09,-0.00451857540749337,-8.87501117693823e-08
9.62557685231561e-09,-0.00451879538075799,-8.79114108971128e-08
9.62061144021387e-09,-0.00451901657173715,-8.71093275476217e-08
9.63371384798498e-09,-0.00451924074387638,-8.60526170322218e-08
9.65232373478228e-09,-0.00451946923714415,-8.45670412404539e-08
9.66222640398494e-09,-0.00451970272008394,-8.26420589542085e-08
9.65849402342175e-09,-0.00451994117631578,-8.05037677914392e-08
9.6451436351984e-09,-0.00452018414389788,-7.83610001754947e-08
9.62991298816724e-09,-0.00452043122185795,-7.62773381801496e-08
9.61499983587104e-09,-0.00452068204690152,-7.42492367585364e-08
9.59429424069679e-09,-0.0045209364197039,-7.2277055511245e-08
9.56675402038637e-09,-0.00452119438442962,-7.03872025674854e-08
9.53665941477218e-09,-0.00452145643409899,-6.86138877096509e-08
9.51081169687296e-09,-0.00452172345596213,-6.69840403917704e-08
9.49505066214051e-09,-0.00452199645911454,-6.55129811337741e-08
9.48089500854796e-09,-0.00452227611313199,-6.42359764847565e-08
9.46683167208178e-09,-0.00452256256720115,-6.30870036262285e-08
9.45945325513715e-09,-0.00452285545083615,-6.19712599615718e-08
9.46015453695455e-09,-0.00452315402379361,-6.08034820728127e-08
9.46243472002142e-09,-0.00452345721562234,-5.96201155316191e-08
9.45935501052804e-09,-0.00452376376603939,-5.85370016480115e-08
9.44396954296285e-09,-0.0045240724250914,-5.77742841183345e-08
9.42083179418286e-09,-0.00452438224422347,-5.73313616800541e-08
9.40033901253453e-09,-0.00452469285698592,-5.71394662401487e-08
9.384577765456e-09,-0.00452500447175801,-5.71930581795178e-08
9.37225811814752e-09,-0.00452531764675021,-5.74604126449302e-08
9.36363206832175e-09,-0.00452563300299695,-5.78354378402108e-08
9.36716910672486e-09,-0.00452595100020547,-5.79945229211093e-08
9.38538373648254e-09,-0.00452627163225782,-5.77117907242634e-08
9.40516769172486e-09,-0.00452659435374247,-5.70829891101085e-08
9.41138003457178e-09,-0.00452691805321242,-5.63505405976162e-08
9.4013054825913e-09,-0.00452724130654858,-5.57081942933234e-08
9.38293641791962e-09,-0.00452756273137327,-5.52004208480083e-08
9.36258476780564e-09,-0.00452788127982946,-5.4842787665893e-08
9.3377848727752e-09,-0.00452819647394523,-5.47949069829794e-08
9.30811749722373e-09,-0.00452850836743438,-5.51816470073736e-08
9.27832189629055e-09,-0.00452881736992211,-5.59925128499466e-08
9.2585611045943e-09,-0.00452912390752716,-5.69851731487261e-08
9.25227271120669e-09,-0.00452942844718258,-5.79113645674646e-08
9.25689202091905e-09,-0.00452973131644816,-5.85797078483708e-08
9.26593636969505e-09,-0.00453003251605674,-5.89017349479047e-08
9.2705973238175e-09,-0.00453033165259176,-5.89390693767671e-08
9.26113767446534e-09,-0.00453062803101661,-5.89661891666655e-08
9.24550728882686e-09,-0.00453092108109436,-5.90532089399849e-08
9.24005035048501e-09,-0.00453121036998235,-5.91433371204385e-08
9.25320476987253e-09,-0.00453149571314024,-5.9125327390265e-08
9.27610175240078e-09,-0.00453177729537579,-5.89116573711982e-08
9.28635558423383e-09,-0.00453205565134494,-5.85249154624446e-08
9.28261972741468e-09,-0.00453233149122409,-5.79008504738984e-08
9.27298193166932e-09,-0.00453260569704317,-5.69899148153463e-08
9.2783408466408e-09,-0.00453287926743835,-5.54907730395061e-08
9.31535682612033e-09,-0.00453315298517825,-5.30507502731373e-08
9.37051022612086e-09,-0.00453342724302713,-4.9596798038761e-08
9.42977033414848e-09,-0.00453370196568308,-4.53856806272627e-08
9.47895433852088e-09,-0.00453397692742535,-4.07515956072043e-08
9.50753873786346e-09,-0.00453425183209112,-3.59283366246214e-08
9.5076144215273e-09,-0.00453452658686138,-3.10492557814421e-08
9.47588751939318e-09,-0.00453480134740188,-2.62107049645113e-08
9.42786121862441e-09,-0.00453507647499311,-2.1498312139763e-08
9.37849291941217e-09,-0.00453535217384199,-1.70030721929353e-08
9.33831722742365e-09,-0.00453562867453288,-1.2708573535647e-08
9.30722201769642e-09,-0.00453590671006121,-8.65158256599528e-09
9.28471880425928e-09,-0.00453618719153425,-4.84632614250738e-09
9.27086008148332e-09,-0.00453647096445902,-1.1980267408592e-09
9.26260670512791e-09,-0.00453675838720033,2.38091894631454e-09
9.25774182470496e-09,-0.00453704923396573,5.97830861301565e-09
9.25981436345761e-09,-0.00453734285128447,9.81124087494466e-09
9.26828689406288e-09,-0.00453763859740242,1.40365180514525e-08
9.27920233114728e-09,-0.00453793596062483,1.86992400252201e-08
9.28684967540473e-09,-0.00453823465833219,2.37159382052563e-08
9.28293130867859e-09,-0.00453853465847527,2.87942174311142e-08
9.26712326992855e-09,-0.00453883622755976,3.36732654420178e-08
9.24502194234195e-09,-0.00453913983018422,3.82114057952944e-08
9.22461088017771e-09,-0.00453944593971849,4.23744331556162e-08
9.21556735678124e-09,-0.00453975473138392,4.62192411188453e-08
9.21813937471666e-09,-0.00454006578940729,4.98554690179807e-08
9.22307348893209e-09,-0.00454037895583837,5.33859890723623e-08
9.21445264222493e-09,-0.00454069389968083,5.68464506568261e-08
9.18953779410874e-09,-0.00454100995505199,6.02017131879437e-08
9.15744148780372e-09,-0.00454132619013129,6.33984198612373e-08
9.13076659896087e-09,-0.00454164174814139,6.64079776796002e-08
9.11409630452539e-09,-0.00454195596360707,6.92330271741937e-08
9.10412879368137e-09,-0.00454226858123469,7.18867896991577e-08
9.09705265369115e-09,-0.00454257971638032,7.43808975120209e-08
9.09563536290144e-09,-0.00454288963570877,7.6743948700286e-08
9.09977533894509e-09,-0.00454319874986581,7.90262938418992e-08
9.1037110388929e-09,-0.00454350733314719,8.12735220636901e-08
9.09600736093899e-09,-0.00454381535458607,8.35067064819668e-08
9.07847199560188e-09,-0.00454412240100589,8.57817030774826e-08
9.06250220761059e-09,-0.00454442778421856,8.82283848441517e-08
9.06931287803697e-09,-0.00454473082306402,9.13393228607297e-08
9.10727069958692e-09,-0.00454503088098261,9.56275374212171e-08
9.15700249241371e-09,-0.00454532764639905,1.01019364978906e-07
9.18881660657169e-09,-0.0045456210172655,1.06955169908128e-07
9.17531017298261e-09,-0.00454591102419909,1.12462181498054e-07
9.11181622674512e-09,-0.00454619801306572,1.1659531597629e-07
9.0346258543309e-09,-0.00454648269739115,1.1931141682113e-07
8.97652223538684e-09,-0.00454676573813582,1.21013142570118e-07
8.95056559929408e-09,-0.00454704750058948,1.22236659720392e-07
8.94185084406919e-09,-0.00454732817403605,1.23115209288631e-07
8.93883492975019e-09,-0.00454760761617079,1.23632549210786e-07
8.9297577095926e-09,-0.00454788537502279,1.23674037195261e-07
8.89859466294316e-09,-0.00454816080940496,1.2286979585182e-07
8.84812072447636e-09,-0.0045484335279222,1.21171972915625e-07
8.79320948198991e-09,-0.00454870343681755,1.1872659223088e-07
8.75320660295879e-09,-0.00454897061855414,1.15898669667742e-07
8.73505976194251e-09,-0.00454923520839492,1.13090558827382e-07
8.72443173585229e-09,-0.00454949765843568,1.10526202693261e-07
8.70250715864672e-09,-0.00454975881115364,1.08209232430039e-07
8.66428038680138e-09,-0.00455001946396109,1.0600081488001e-07
8.61805702731816e-09,-0.00455028008403604,1.03771963834092e-07
8.57557009897349e-09,-0.00455054065805306,1.01445275680855e-07
8.52946713724298e-09,-0.00455080094491547,9.84690763606631e-08
8.4817281036844e-09,-0.00455106064427152,9.4515950529921e-08
8.4597534835114e-09,-0.0045513196841235,9.00490065204598e-08
8.46703211178145e-09,-0.00455157811758743,8.55969658010483e-08
8.47631455759542e-09,-0.00455183613651813,8.12533926316882e-08
8.4655338842603e-09,-0.00455209397944173,7.67394427931583e-08
8.44159274283624e-09,-0.0045523519259445,7.18539083769089e-08
8.4260284908219e-09,-0.00455261014944499,6.67925789410417e-08
8.42990480497116e-09,-0.00455286885115406,6.18424408035552e-08
8.45428825034575e-09,-0.00455312827307401,5.72969405063121e-08
8.48645359194668e-09,-0.00455338852437029,5.32843997828565e-08
8.50834051073506e-09,-0.0045536495513788,4.9629427047278e-08
8.51442672723966e-09,-0.00455391109693586,4.61121189394841e-08
8.50729164955598e-09,-0.00455417279674599,4.25003586771224e-08
8.47840708391043e-09,-0.00455443426005188,3.83124645993844e-08
8.43206635668762e-09,-0.00455469519176714,3.32454812894014e-08
8.3872071749067e-09,-0.00455495551237423,2.74295201299077e-08
8.35909009772612e-09,-0.00455521529329367,2.12177950707045e-08
8.34868317989162e-09,-0.00455547471416011,1.49054367942308e-08
8.34678172339373e-09,-0.00455573385441113,8.61531233505191e-09
8.34841884296733e-09,-0.00455599252757738,2.48297022618351e-09
8.34995840957245e-09,-0.00455625049817532,-3.39836892171765e-09
8.3485138759317e-09,-0.00455650753152705,-8.96118678674905e-09
8.34502834132579e-09,-0.00455676332442119,-1.42010046258686e-08
8.34643147824747e-09,-0.0045570175787634,-1.90986265163929e-08
8.36109095978556e-09,-0.00455727031043649,-2.34673029271724e-08
8.38792851519449e-09,-0.00455752153040493,-2.71544111916606e-08
8.41849945910294e-09,-0.00455777108950015,-3.01401047338426e-08
8.43873831159305e-09,-0.00455801850644198,-3.26133952935138e-08
8.43588774238019e-09,-0.00455826358138566,-3.48587045611763e-08
8.41255676768537e-09,-0.00455850638866867,-3.7110667931622e-08
8.38250871089701e-09,-0.00455874712639981,-3.95429467103976e-08
8.3669040355731e-09,-0.00455898591200202,-4.23063063205105e-08
8.38347945504867e-09,-0.00455922269836426,-4.51230958978749e-08
8.42779865369143e-09,-0.00455945753395396,-4.73200585201975e-08
8.48042883138372e-09,-0.00455969038984619,-4.85090084754239e-08
8.51468744938758e-09,-0.00455992120902909,-4.89430567905013e-08
8.52258197624714e-09,-0.0045601498170941,-4.90129588053214e-08
8.51189878249682e-09,-0.00456037595500395,-4.90079721721094e-08
8.4926484523167e-09,-0.00456059930293279,-4.9080736284891e-08
8.46697688525536e-09,-0.00456081971588496,-4.92929021166904e-08
8.43808054638976e-09,-0.00456103729799188,-4.96626384548513e-08
8.41431027421583e-09,-0.00456125236975007,-5.01300000873701e-08
8.41254981269161e-09,-0.00456146542087059,-5.0414401334235e-08
8.43647299063877e-09,-0.00456167686775785,-5.01954923368861e-08
8.47498361168584e-09,-0.00456188687955369,-4.93018225227019e-08
8.51003728955434e-09,-0.00456209528043532,-4.78150510228814e-08
8.52546214208415e-09,-0.00456230202622895,-4.60722666364602e-08
8.51856878451101e-09,-0.00456250705644068,-4.43787283180824e-08
8.49470845481596e-09,-0.00456271027201816,-4.29142917382979e-08
8.46526789056277e-09,-0.00456291161299956,-4.1744572028782e-08
8.44278099914088e-09,-0.00456311113333609,-4.08407747798469e-08
8.43161674816141e-09,-0.0045633090077359,-4.01202448060498e-08
8.42877380300779e-09,-0.00456350539809586,-3.94960830021352e-08
8.4286637216046e-09,-0.00456370050230377,-3.89057500738741e-08
8.42693326540102e-09,-0.00456389448423963,-3.83171204213954e-08
8.42189267206624e-09,-0.00456408776611664,-3.77211476466962e-08
8.4120024451237e-09,-0.00456428069973846,-3.71231840095952e-08
8.39209041580376e-09,-0.00456447337363983,-3.65553851511123e-08
8.36252146828543e-09,-0.00456466547360528,-3.60889649269413e-08
8.32880852411402e-09,-0.00456485645228647,-3.58124281761918e-08
8.30375118981783e-09,-0.00456504602342117,-3.56734126349061e-08
8.29319499509006e-09,-0.00456523415410841,-3.5625005120275e-08
8.29495826279155e-09,-0.00456542102445737,-3.56227637089239e-08
8.30088920346719e-09,-0.00456560708459409,-3.56271001249432e-08
8.30124913803381e-09,-0.00456579286639652,-3.56228562939134e-08
8.29088480306621e-09,-0.00456597895378546,-3.56237618171879e-08
8.27273934719543e-09,-0.0045661657452303,-3.5654524951646e-08
8.25445915094334e-09,-0.00456635324798179,-3.57243092646463e-08
8.2403272298359e-09,-0.00456654094398243,-3.58211767054493e-08
8.23009069588766e-09,-0.00456672829585458,-3.59257613604981e-08
8.22135005966414e-09,-0.00456691488760675,-3.60223026709539e-08
8.21200129289125e-09,-0.00456710032787561,-3.6101957536717e-08
8.20129203674339e-09,-0.00456728410182659,-3.61609124335991e-08
8.18684103298531e-09,-0.00456746599661713,-3.624635592439e-08
8.16151972941764e-09,-0.00456764638644538,-3.65805589970808e-08
8.12888667399674e-09,-0.00456782580443697,-3.73396344628477e-08
8.09473506300768e-09,-0.004568004639317,-3.85848012185225e-08
8.06278997462852e-09,-0.00456818288864831,-4.02834670289493e-08
8.03723017896954e-09,-0.00456836047303315,-4.22022440693485e-08
8.02296101590982e-09,-0.00456853740293456,-4.39553212146372e-08
8.01521972678923e-09,-0.00456871362478957,-4.52866341419021e-08
8.01238948845403e-09,-0.00456888897230932,-4.6133356094369e-08
8.00576622635307e-09,-0.00456906315563592,-4.66270589769873e-08
7.99237912583346e-09,-0.00456923587777193,-4.68988885691376e-08
7.98056592115799e-09,-0.00456940697692617,-4.68737875096579e-08
7.97768363453938e-09,-0.0045695764031186,-4.64516311849238e-08
7.98865029438197e-09,-0.00456974416949806,-4.5626058301241e-08
7.9993748941047e-09,-0.00456991021554866,-4.46390181666036e-08
7.99535318172921e-09,-0.00457007436928336,-4.36507069683934e-08
7.97294225469633e-09,-0.004570236567301,-4.27489691975132e-08
7.93979067799475e-09,-0.00457039683743488,-4.19713480578478e-08
7.90776891136069e-09,-0.00457055522220198,-4.13017862522983e-08
7.8810182303857e-09,-0.00457071175077381,-4.06923066060851e-08
7.85240008055298e-09,-0.00457086639850127,-4.01168371159222e-08
7.81800550453567e-09,-0.00457101920027106,-3.95924884997282e-08
7.78139504180398e-09,-0.00457117015588384,-3.91538959602646e-08
7.75275091729811e-09,-0.00457131919043845,-3.88117540350241e-08
7.73535130060073e-09,-0.00457146606845002,-3.85432943179415e-08
7.7263713109092e-09,-0.00457161086679102,-3.83142741107994e-08
7.71969617322995e-09,-0.00457175384181943,-3.80948219630656e-08
7.70580454495309e-09,-0.00457189530406326,-3.79178092894703e-08
7.67012905390407e-09,-0.00457203554869267,-3.80203718657057e-08
7.62033375344249e-09,-0.00457217476964147,-3.85869592333011e-08
7.5735650099571e-09,-0.00457231310561763,-3.95596930541841e-08
7.54087682965647e-09,-0.00457245074692174,-4.07143737841407e-08
7.5211376015353e-09,-0.00457258776485211,-4.18584411906611e-08
7.51363523511657e-09,-0.00457272407311625,-4.28750500844608e-08
7.51014248389927e-09,-0.00457285937533036,-4.3751704177219e-08
7.49864868091682e-09,-0.00457299336462592,-4.46744448594393e-08
7.49008869183244e-09,-0.0045731259383692,-4.57022187475816e-08
7.49011696577609e-09,-0.00457325719634877,-4.67689782215759e-08
7.49122163056955e-09,-0.00457338736181781,-4.77607552229925e-08
7.4816810578194e-09,-0.004573516659732,-4.85338137943873e-08
7.46026526604676e-09,-0.00457364529659603,-4.90229364839321e-08
7.43332631106667e-09,-0.00457377345503748,-4.92265794683795e-08
7.40725734941008e-09,-0.00457390119328203,-4.91701741873863e-08
7.38350240130728e-09,-0.00457402838290077,-4.88897617522422e-08
7.35767646319876e-09,-0.00457415470739059,-4.84365519838308e-08
7.32850266424799e-09,-0.00457428028583553,-4.78727784519831e-08
7.29947438378761e-09,-0.00457440646086986,-4.72447470951549e-08
7.27025635174679e-09,-0.00457453778458824,-4.65828788306678e-08
7.24153163001214e-09,-0.00457468478440245,-4.5914290803398e-08
7.21763034495148e-09,-0.0045748657748147,-4.52264026014935e-08
7.20114323528506e-09,-0.00457510610660703,-4.44285927114425e-08
7.18790564698852e-09,-0.00457543394055743,-4.35278937837057e-08
7.17657218919699e-09,-0.00457587389400286,-4.25465543864352e-08
7.16652761824511e-09,-0.00457644144926716,-4.14534109443264e-08
7.15891105097615e-09,-0.00457714095722913,-4.01445882113454e-08
7.15148654137615e-09,-0.00457796875269107,-3.8573086685154e-08
7.14503449692469e-09,-0.00457891933430133,-3.65822950216169e-08
7.14043299139861e-09,-0.00457999111875142,-3.40687797386366e-08
7.13530422959527e-09,-0.00458118854683599,-3.10631132001287e-08
7.12145339499703e-09,-0.00458251917451539,-2.78178684893798e-08
7.09642146548234e-09,-0.00458398753754615,-2.45730719283352e-08
7.06265156345291e-09,-0.00458558941890169,-2.14939560567673e-08
7.022214271406e-09,-0.00458731030787257,-1.87405306541999e-08
6.97905982822337e-09,-0.00458912832609387,-1.63936681692994e-08
6.93819226858445e-09,-0.00459102055006312,-1.44291872506956e-08
6.90705707361426e-09,-0.0045929687745326,-1.26444995157223e-08
6.89065529336196e-09,-0.00459496172617914,-1.07218891832062e-08
6.87938762085186e-09,-0.00459699188454653,-8.6107786775686e-09
6.86185716030589e-09,-0.00459904934522042,-6.43469183536883e-09
6.82785164239266e-09,-0.00460111687002111,-4.50523044295567e-09
6.7780597424862e-09,-0.00460316938156083,-3.07917291337757e-09
6.72101498496049e-09,-0.00460517814882706,-2.26485159058228e-09
6.66706659523971e-09,-0.00460711721511533,-1.99142053654095e-09
6.62396701389143e-09,-0.00460896823489062,-2.05069446510789e-09
6.60366728324029e-09,-0.00461072089414568,-2.22733561417921e-09
6.62080873088964e-09,-0.00461236890580001,-2.27526378428275e-09
6.67085878525363e-09,-0.00461390474281938,-1.97757706803155e-09
6.7375010512775e-09,-0.00461531558143201,-1.18605828014047e-09
6.7819242352215e-09,-0.00461658364829957,1.28130155380371e-10
6.78396584645206e-09,-0.00461769074102979,1.87267776824761e-09
6.73565947482625e-09,-0.00461862402911772,3.83943951095981e-09
6.65471042711289e-09,-0.00461937952593585,5.65547799161725e-09
6.56695939840089e-09,-0.00461996139154354,7.05315321224815e-09
6.49306022059884e-09,-0.004620377398955,7.97755685671107e-09
6.44646275678321e-09,-0.00462063343334231,8.66660492788626e-09
6.41016568823718e-09,-0.00462073053310526,9.35202872211582e-09
6.36848539045385e-09,-0.00462066618725353,1.01265870129818e-08
6.31222460318098e-09,-0.00462043896123163,1.0970824093991e-08
6.23122250792487e-09,-0.00462005353529504,1.17674070943552e-08
6.14649016663697e-09,-0.00461952296917348,1.23740043366254e-08
6.08258761465821e-09,-0.00461886652288533,1.2721966846692e-08
6.04348403148298e-09,-0.00461810450530704,1.28134112734049e-08
6.02132916848924e-09,-0.00461725313677813,1.26831861804057e-08
6.00416512748178e-09,-0.00461632275534491,1.23716201593049e-08
5.98434617805055e-09,-0.00461531995693177,1.19079757915519e-08
5.96303547472835e-09,-0.00461425221818163,1.13134122184212e-08
5.94536965945993e-09,-0.00461313215016147,1.06240855396368e-08
5.91721777290594e-09,-0.00461197844871549,9.85157630083811e-09
5.8722485011096e-09,-0.00461081315740883,8.93999583277883e-09
5.8322157644164e-09,-0.00460965648329259,7.86767806116961e-09
5.81106425617656e-09,-0.00460852264627101,6.75265672202017e-09
5.80937989246155e-09,-0.00460741926690395,5.90519784021978e-09
5.80844481739443e-09,-0.00460634978882292,5.52867646978795e-09
5.79564225156117e-09,-0.00460531783254174,5.59057291379896e-09
5.76782242456447e-09,-0.00460433038979281,5.79268786689577e-09
5.7397789370406e-09,-0.00460339880206913,5.9374550335508e-09
5.72770767950139e-09,-0.00460253579615247,6.1663035785587e-09
5.73344795288012e-09,-0.00460175034327558,6.702804334392e-09
5.74868815931322e-09,-0.00460104427887436,7.68617831319863e-09
5.74718497045954e-09,-0.00460041244265898,8.98032236925895e-09
5.72067824138582e-09,-0.00459984654390483,1.03631710392489e-08
5.67567518883218e-09,-0.00459933963998324,1.16663612797189e-08
5.61613008847209e-09,-0.00459888883671374,1.2793095741712e-08
5.55387736174014e-09,-0.004598494632056,1.37366632372481e-08
5.50003481401793e-09,-0.00459815746513868,1.44533684286173e-08
5.45826494415318e-09,-0.00459787361353482,1.49365540040934e-08
5.4239177209273e-09,-0.00459763309131537,1.51908012672566e-08
5.38796665001921e-09,-0.00459742087166877,1.50963812522888e-08
5.33827928345999e-09,-0.0045972210325157,1.43494818592146e-08
5.27351693812057e-09,-0.00459702081786079,1.26409867809154e-08
5.20499121976764e-09,-0.00459681252391507,9.92491185774798e-09
5.1539936967898e-09,-0.00459659213564025,6.65473582972223e-09
5.13011217932986e-09,-0.00459635570175524,3.35508285527858e-09
5.13861579130482e-09,-0.00459609582681604,5.65179624064135e-10
5.16936464757734e-09,-0.00459580048263549,-1.36856468210846e-09
5.20267127887951e-09,-0.00459545496159715,-2.38552638444589e-09
5.2144197364981e-09,-0.00459504570509471,-2.77407566280592e-09
5.19940202828563e-09,-0.00459456403849089,-2.83412873198618e-09
5.17412186981045e-09,-0.00459400735674916,-2.60042709935503e-09
5.14951333090742e-09,-0.00459337684226894,-2.04919629878136e-09
5.11829814560943e-09,-0.00459267370530208,-1.30528705626694e-09
5.08475591293005e-09,-0.00459189612009781,-5.52426776024081e-10
5.06614870621103e-09,-0.00459103872211765,1.44636723551506e-10
5.0510643220155e-09,-0.00459009484537392,8.09346320682062e-10
5.02884354571985e-09,-0.00458906053199081,1.45935050645349e-09
4.99729938288705e-09,-0.00458793744618497,2.0524718809481e-09
4.95471087941562e-09,-0.00458673314990472,2.37719774368329e-09
4.90403974464612e-09,-0.00458545798541204,2.26405826925289e-09
4.85143790036031e-09,-0.00458412110992776,1.69753953772571e-09
4.80862968142475e-09,-0.00458272780141059,9.12122181373568e-10
4.78574005170703e-09,-0.00458128017455028,1.68355576311337e-10
4.78114586036324e-09,-0.00457978013322417,-3.44068257213377e-10
4.78756150506498e-09,-0.00457823258983951,-5.24147043163329e-10
4.79435168185139e-09,-0.0045766473482745,-3.50616642708469e-10
4.7930382006752e-09,-0.00457503805961459,1.41957335456597e-10
4.77543214927036e-09,-0.00457341900212366,8.80307561592387e-10
4.74250565919513e-09,-0.00457180152516012,1.7770799780818e-09
4.70090136271158e-09,-0.00457019271031852,2.76624633939016e-09
4.65540815495018e-09,-0.00456859651100485,3.76493479191587e-09
4.60378528673553e-09,-0.00456701682842159,4.54390874901321e-09
4.5473493854563e-09,-0.00456545997407807,4.92073047969374e-09
4.49274317176054e-09,-0.00456393551773205,4.8656275754327e-09
4.45072611191348e-09,-0.00456245461609475,4.59723033386984e-09
4.42295850515381e-09,-0.00456102741069767,4.34047057141533e-09
4.40279144224879e-09,-0.00455966052289921,4.22839931946008e-09
4.3833243084728e-09,-0.00455835610398638,4.30563906498103e-09
4.36309219439516e-09,-0.00455711311022579,4.57425386661146e-09
4.33572230725286e-09,-0.00455593008344728,5.00575785772687e-09
4.29988834664213e-09,-0.00455480745428199,5.53429179519578e-09
4.26331100379582e-09,-0.0045537484463584,6.0989237739444e-09
4.23042977850127e-09,-0.00455275764014017,6.6664502703029e-09
4.20136579509452e-09,-0.00455183774281886,7.22148151207192e-09
4.17323753377387e-09,-0.00455098713547987,7.75944676099401e-09
4.14318376049977e-09,-0.00455019951078208,8.29662581806581e-09
4.11104032174048e-09,-0.00454946644866543,8.89004586866583e-09
4.07586392318456e-09,-0.00454878074093431,9.52629691735026e-09
4.03894386995986e-09,-0.00454813809088829,1.01677986029045e-08
4.00705308240239e-09,-0.00454753680494023,1.0879490820655e-08
3.99365849502877e-09,-0.00454697559983257,1.20272136209582e-08
3.99337389989864e-09,-0.00454645118174564,1.374296348856e-08
3.9924310252075e-09,-0.00454595671716696,1.59461795765249e-08
3.97522790570469e-09,-0.00454548231858358,1.83295953741457e-08
3.93643421509722e-09,-0.00454501734779773,2.06233399355555e-08
3.87772071027656e-09,-0.00454455343183271,2.26995986452471e-08
3.8096486393652e-09,-0.00454408584781394,2.45086487871349e-08
3.74430690343886e-09,-0.0045436128091078,2.60543045485957e-08
3.68968718607487e-09,-0.00454313324633758,2.73871124290263e-08
3.65323891703761e-09,-0.00454264457242993,2.85996819116151e-08
3.63767652018354e-09,-0.00454214141068617,2.97973643432959e-08
3.63232642981785e-09,-0.00454161649877769,3.10295776141465e-08
3.61810764186716e-09,-0.00454106299430378,3.21628602849953e-08
3.58417458511697e-09,-0.00454047708204662,3.3061487354656e-08
3.53876755133087e-09,-0.00453985884867021,3.37045056092108e-08
3.50109246841386e-09,-0.00453921117571754,3.41520536690702e-08
3.47976875245185e-09,-0.00453853754412229,3.45100256700516e-08
3.4676640033529e-09,-0.00453783961677896,3.4878604717244e-08
3.44574424496468e-09,-0.0045371166419429,3.52938076473654e-08
3.40965207180247e-09,-0.00453636684222982,3.5733481697059e-08
3.36480629085319e-09,-0.00453558974417837,3.61687481654135e-08
3.3185515700945e-09,-0.00453478798179675,3.65830808847416e-08
3.27587674407666e-09,-0.0045339674408561,3.69716853082328e-08
3.23819857459577e-09,-0.00453313563831017,3.73347088009392e-08
3.20422758390489e-09,-0.00453229931870506,3.76723463607794e-08
3.17150908708523e-09,-0.0045314626970881,3.79836613113954e-08
3.13774163150385e-09,-0.00453062763365422,3.82674598852091e-08
3.10158118636457e-09,-0.0045297955203421,3.85232317994832e-08
3.06293821319727e-09,-0.00452896935945155,3.87513052371558e-08
3.02282057998605e-09,-0.00452815483642751,3.89523989207597e-08
2.98374580780509e-09,-0.00452735974397632,3.91282672138432e-08
2.94734843197343e-09,-0.00452659202401151,3.92885497512251e-08
2.90503059360478e-09,-0.0045258580482042,3.94194747601008e-08
2.85562603631235e-09,-0.0045251612574089,3.94713371923727e-08
2.80841165238108e-09,-0.00452450257922426,3.94136923829296e-08
2.7679556347085e-09,-0.00452388227537143,3.92574060531022e-08
2.73424318643605e-09,-0.00452330190106853,3.90315297548501e-08
2.70743177274734e-09,-0.00452276512865237,3.87809001453037e-08
2.67750621634002e-09,-0.00452227688620024,3.85374780570253e-08
2.63519193319079e-09,-0.00452184135113275,3.82761068428149e-08
2.58460701261986e-09,-0.00452145997408127,3.79435143374293e-08
2.53337027838405e-09,-0.00452113127086893,3.75040582132312e-08
2.48655163568561e-09,-0.00452085211611499,3.69469569263399e-08
2.44683404878593e-09,-0.00452061938330047,3.62862137987459e-08
2.41182570320938e-09,-0.00452043142526943,3.55499331832473e-08
2.37679942388841e-09,-0.00452028831586449,3.47456681672331e-08
2.3373001964929e-09,-0.00452019060275024,3.38139279082887e-08
2.2933836318925e-09,-0.00452013768570055,3.27003192327165e-08
2.24860392550395e-09,-0.00452012660100182,3.13994118917256e-08
2.20778134226993e-09,-0.00452015214379139,2.999099298866e-08
2.17181280552676e-09,-0.00452020802330213,2.85595465157245e-08
2.13824322021237e-09,-0.00452028866180819,2.71598176864608e-08
2.10405759817555e-09,-0.00452039045067087,2.58155791444845e-08
2.06876132962694e-09,-0.00452051161981096,2.45290777366286e-08
2.0351045709964e-09,-0.00452065078910594,2.33015066632534e-08
2.00158532649286e-09,-0.00452080548855783,2.21321421075687e-08
1.96706636855986e-09,-0.00452097140713859,2.10098664653172e-08
1.9326548922536e-09,-0.00452114267328254,1.99230352256165e-08
1.90093425826899e-09,-0.00452131328132069,1.88758064218397e-08
1.87054234118575e-09,-0.00452147862033003,1.78815639676515e-08
1.84549880363884e-09,-0.004521636603403,1.69676468922588e-08
1.82612325214924e-09,-0.00452178724834016,1.61799862626968e-08
1.80745502051357e-09,-0.00452193097524033,1.55592341245089e-08
1.77999509693146e-09,-0.00452206697635655,1.51084527417594e-08
1.74239531964354e-09,-0.00452219252607071,1.47931576111397e-08
1.69848695026166e-09,-0.00452230402056904,1.45730112903731e-08
1.64981596370917e-09,-0.00452239857486439,1.44094615085202e-08
1.59836941601441e-09,-0.00452247540327562,1.42656718859681e-08
1.54724421148619e-09,-0.00452253616738791,1.41137959600087e-08
1.50337581514155e-09,-0.00452258414270787,1.39481847815135e-08
1.47445475845254e-09,-0.00452262255545853,1.38500334371756e-08
1.45862802584949e-09,-0.00452265340323531,1.40713739750224e-08
1.44698121081775e-09,-0.00452267705236317,1.47898072743672e-08
1.42447705835719e-09,-0.00452269311960824,1.59861807853368e-08
1.38059424602255e-09,-0.00452270184542351,1.73635046203095e-08
1.31885146594422e-09,-0.00452270544557032,1.86263719286837e-08
1.25172892160251e-09,-0.00452270823369335,1.9600720758981e-08
1.19149938951557e-09,-0.00452271529506567,2.02396753152521e-08
1.14246416460968e-09,-0.00452273083720712,2.05812094716876e-08
1.10378223731703e-09,-0.00452275711360476,2.0697017817162e-08
1.07607559050273e-09,-0.00452279483767914,2.07707696326107e-08
1.06813958785219e-09,-0.00452284457366262,2.12961811184697e-08
1.06990312907098e-09,-0.0045229079743563,2.2431170888933e-08
1.06657477512658e-09,-0.00452298822423787,2.40749432740645e-08
1.04267586374208e-09,-0.00452308942034423,2.58921853937647e-08
9.9102457914032e-10,-0.00452321523473704,2.75595180228971e-08
9.19977122150289e-10,-0.00452336796185272,2.88642113345918e-08
8.46471377161812e-10,-0.00452354824754152,2.97205944256016e-08
7.8837285072956e-10,-0.00452375539713006,3.01623336820844e-08
7.49788024860628e-10,-0.00452398849243642,3.02963153053386e-08
7.23357682056294e-10,-0.00452424745236577,3.02341864421021e-08
6.9809805434715e-10,-0.00452453340130711,3.00387522297596e-08
6.64850115656705e-10,-0.00452484811877439,2.96786329588794e-08
6.21891525824743e-10,-0.00452519273648484,2.91090204537092e-08
5.73932788392112e-10,-0.00452556669380288,2.83244837771163e-08
5.2882547440223e-10,-0.00452596760295213,2.74016920206514e-08
4.90728677643835e-10,-0.00452639213832857,2.64226398351596e-08
4.59104629577397e-10,-0.0045268373030041,2.54418423620006e-08
4.30681066924003e-10,-0.00452730136277241,2.4485315902252e-08
4.01846520632872e-10,-0.00452778395133294,2.35582385294791e-08
3.70362225212338e-10,-0.00452828502293188,2.26550136471046e-08
3.36966866730361e-10,-0.00452880355138451,2.17917359903727e-08
3.04854668682288e-10,-0.00452933665749412,2.103512356807e-08
2.71268370891641e-10,-0.00452988022682418,2.03102954407119e-08
2.36854787421179e-10,-0.00453042991575505,1.95242825289297e-08
2.09647646294509e-10,-0.00453098223015242,1.86589767486738e-08
1.96025400908533e-10,-0.00453153513380904,1.78750376166093e-08
1.97383385796932e-10,-0.00453208803621398,1.75276426847607e-08
1.92407627237937e-10,-0.00453264093088444,1.76093543818362e-08
1.71340156781412e-10,-0.00453319292071416,1.7956204982289e-08
1.43667885287039e-10,-0.00453374155221081,1.84380314777128e-08
1.1885867988514e-10,-0.00453428324757831,1.90061790789622e-08
9.60335587304097e-11,-0.00453481464567615,1.96185605905897e-08
6.2088671911142e-11,-0.00453533369709438,2.01130315939238e-08
1.96615976084498e-11,-0.0045358399989737,2.05123419255993e-08
-2.34044821896668e-11,-0.00453633432060832,2.09022344037821e-08
-6.09758330546233e-11,-0.00453681758590101,2.13554554839366e-08
-9.00172015958768e-11,-0.00453729005334032,2.19258932295616e-08
-1.16049825428625e-10,-0.00453775094288501,2.26352106436688e-08
-1.44325173411999e-10,-0.00453819899584579,2.34656969471921e-08
-1.77304002474162e-10,-0.00453863351217123,2.43779833048348e-08
-2.18936111173385e-10,-0.0045390551081338,2.53173073115724e-08
-2.74779192395444e-10,-0.00453946558151922,2.62012122648073e-08
-3.42491407445626e-10,-0.00453986725558346,2.69258086515439e-08
-4.06219498956322e-10,-0.00454026222991903,2.74197888182371e-08
-4.51562671855439e-10,-0.00454065169312817,2.76890592089028e-08
-4.77993289931689e-10,-0.00454103586734396,2.77758694153374e-08
-4.90209573971199e-10,-0.00454141451735884,2.77034152179379e-08
-4.94985256981902e-10,-0.00454178825235878,2.75633742536288e-08
-5.0304839774707e-10,-0.00454215933594433,2.73958094076469e-08
-5.31289302981423e-10,-0.00454253143538581,2.70176557598076e-08
-5.79263448606421e-10,-0.00454290819053435,2.62371742685133e-08
-6.28637121581709e-10,-0.00454329200876136,2.50282063236427e-08
-6.62824823757042e-10,-0.00454368352825548,2.3649538516911e-08
-6.84280051542272e-10,-0.00454408226318237,2.23619422804261e-08
-7.03074154353544e-10,-0.00454448769562998,2.13004775980258e-08
-7.25091396319637e-10,-0.00454490007076861,2.04876367543207e-08
-7.52711844402087e-10,-0.004545320902024,1.98347209872178e-08
-7.90674627686883e-10,-0.00454575269618143,1.90642921904109e-08
-8.40283012414972e-10,-0.0045461976330026,1.79397176218813e-08
-8.99519486947324e-10,-0.00454665662131702,1.64173215113847e-08
-9.50602447904086e-10,-0.00454712925949184,1.48656293682681e-08
-9.82203722549787e-10,-0.00454761428477681,1.36416734120091e-08
-9.92331400031306e-10,-0.0045481104278621,1.29057287071076e-08
-9.9537486336441e-10,-0.00454861693898651,1.25174183127201e-08
-1.00436407704059e-09,-0.0045491338464198,1.22676730750507e-08
-1.02199545655541e-09,-0.00454966150692884,1.20392504574969e-08
-1.03934169163519e-09,-0.00455020009612372,1.19535096897214e-08
-1.05190178029334e-09,-0.00455074877166603,1.21595988913661e-08
-1.0657669895453e-09,-0.0045513055754983,1.2662529398239e-08
-1.08931781864184e-09,-0.00455186789888875,1.31763895253268e-08
-1.1225636853559e-09,-0.00455243368776103,1.35263062285144e-08
-1.16649706361838e-09,-0.00455300180087331,1.36363006937766e-08
-1.21278286233956e-09,-0.00455357179221516,1.35677067558614e-08
-1.23901278464261e-09,-0.00455414319917521,1.37547428546119e-08
-1.23648797432485e-09,-0.00455471502973201,1.45031140222642e-08
-1.22781869535262e-09,-0.00455528544501066,1.55761636061288e-08
-1.23593720554829e-09,-0.00455585194638616,1.65526718228083e-08
-1.26834528095648e-09,-0.00455641210193825,1.70943089224006e-08
-1.32128160474025e-09,-0.00455696422921412,1.69456507502031e-08
-1.38299852979257e-09,-0.00455750774338626,1.60113655640163e-08
-1.44163777318567e-09,-0.00455804294532302,1.43353855053795e-08
-1.49086191068065e-09,-0.0045585701616345,1.20347603763816e-08
-1.52871745392335e-09,-0.00455908901443427,9.28977468874251e-09
-1.55443937416835e-09,-0.00455959835249297,6.37958454716658e-09
-1.57854121296188e-09,-0.00456009670536804,3.34084250979063e-09
-1.61034294567115e-09,-0.0045605829582623,7.7855803762885e-11
-1.651587151117e-09,-0.00456105681309584,-3.53731622833034e-09
-1.68672224303517e-09,-0.0045615188125379,-7.29365260707166e-09
-1.70911886776855e-09,-0.00456197006411957,-1.09420551079091e-08
-1.72113516250164e-09,-0.00456241152486111,-1.43372110261875e-08
-1.72462174378197e-09,-0.00456284351818175,-1.74274775110667e-08
-1.71391968645392e-09,-0.0045632657753815,-2.01821881833697e-08
-1.69842092780382e-09,-0.00456367779026343,-2.25750921795378e-08
-1.69045524688809e-09,-0.00456407922464403,-2.46148371794202e-08
-1.700034608974e-09,-0.00456447099379518,-2.63513731688044e-08
-1.72616597312352e-09,-0.00456485500775645,-2.79040067490949e-08
-1.76431809763415e-09,-0.00456523345799664,-2.95388982444362e-08
-1.80904944818919e-09,-0.00456560800494213,-3.14975264094e-08
-1.85705739184023e-09,-0.00456597932415032,-3.39684307516472e-08
-1.89263169269563e-09,-0.00456634729049213,-3.66761524554467e-08
-1.9091745836128e-09,-0.0045667117115261,-3.92696308772424e-08
-1.91167871135781e-09,-0.00456707304607384,-4.1514014396359e-08
-1.91075273270997e-09,-0.00456743305879392,-4.33099043426033e-08
-1.9186951255135e-09,-0.00456779404328896,-4.46807795335618e-08
-1.93887665477232e-09,-0.00456815789869207,-4.57506097051621e-08
-1.96733067363038e-09,-0.00456852543487695,-4.67091637452147e-08
-1.99544344051583e-09,-0.00456889668256892,-4.76105898957267e-08
-2.02079217554458e-09,-0.00456927117824795,-4.84912422271703e-08
-2.05056474655573e-09,-0.00456964858930998,-4.95455420961067e-08
-2.08799322864183e-09,-0.00457002913179026,-5.09367168575513e-08
-2.12867988701623e-09,-0.0045704135771337,-5.26866576168596e-08
-2.16124313050538e-09,-0.00457080280752891,-5.45749057100317e-08
-2.18120063838141e-09,-0.00457119732181776,-5.63772116976232e-08
-2.19175051792675e-09,-0.00457159679391357,-5.79619634241671e-08
-2.199227133706e-09,-0.00457199998076024,-5.92882550630302e-08
-2.20900022559553e-09,-0.00457240568740599,-6.03784649716153e-08
-2.22340279507818e-09,-0.00457281312399842,-6.12850629321268e-08
-2.24179005600151e-09,-0.00457322199651805,-6.20639070263679e-08
-2.26190724674421e-09,-0.00457363216613825,-6.27587524721661e-08
-2.28150681443418e-09,-0.00457404370734118,-6.339626055679e-08
-2.29942531346983e-09,-0.00457445634208832,-6.3988079047371e-08
-2.31782823226825e-09,-0.0045748691032335,-6.45843929071917e-08
-2.34250801380017e-09,-0.00457528041850501,-6.53515713751655e-08
-2.36865703473854e-09,-0.00457568862089754,-6.62486741502574e-08
-2.39163524179923e-09,-0.00457609284326392,-6.71693903932094e-08
-2.41026816537726e-09,-0.00457649290302747,-6.80311745210708e-08
-2.42462094228161e-09,-0.00457688886253783,-6.87650588435893e-08
-2.43206726836705e-09,-0.00457728035950136,-6.92276534251289e-08
-2.43225140935805e-09,-0.00457766667516986,-6.92807765344019e-08
-2.434527830103e-09,-0.0045780467203631,-6.90361280857103e-08
-2.4448921946178e-09,-0.00457841919816869,-6.86614333636496e-08
-2.46537570200245e-09,-0.0045787830473232,-6.83276961290722e-08
-2.49737864049346e-09,-0.00457913779977629,-6.82670753630368e-08
-2.53102832012703e-09,-0.0045794838124232,-6.84549155936771e-08
-2.5583891538061e-09,-0.00457982175296079,-6.87690591880008e-08
-2.57653635784121e-09,-0.00458015203588708,-6.90734778299251e-08
-2.58606573257544e-09,-0.00458047446776006,-6.9210821634037e-08
-2.59593813848628e-09,-0.00458078850664668,-6.91769977643638e-08
-2.61197098485407e-09,-0.00458109354059791,-6.90414374340066e-08
-2.63487549342208e-09,-0.00458138926120497,-6.89025279032456e-08
-2.66287681836799e-09,-0.0045816758574656,-6.8908264278842e-08
-2.69210597939835e-09,-0.00458195411474066,-6.91260907005732e-08
-2.7197444038238e-09,-0.00458222506488312,-6.9557501454332e-08
-2.74404823262237e-09,-0.0045824895432792,-7.01566888948579e-08
-2.76291515931477e-09,-0.00458274798551054,-7.0811732743727e-08
-2.77687322938905e-09,-0.00458300045334834,-7.14266408431342e-08
-2.78840269540877e-09,-0.0045832469388278,-7.19495839462831e-08
-2.80017408098754e-09,-0.00458348768545931,-7.23666676344399e-08
-2.81383513505706e-09,-0.00458372339786328,-7.26880818420108e-08
-2.82961657706515e-09,-0.00458395504002155,-7.29340162078759e-08
-2.84665746922009e-09,-0.00458418388306086,-7.3124323708636e-08
-2.86371880582073e-09,-0.00458441097435356,-7.32730738265428e-08
-2.87988652864499e-09,-0.0045846367734479,-7.3387284210111e-08
-2.89495444623186e-09,-0.00458486128619533,-7.34682817932206e-08
-2.90937441121718e-09,-0.00458508445340045,-7.35141004943525e-08
-2.92387740173436e-09,-0.00458530666654432,-7.35217457578041e-08
-2.9390101772586e-09,-0.00458552877302744,-7.34887274692682e-08
-2.95484022999894e-09,-0.00458575174332417,-7.34137515019965e-08
-2.97096467821641e-09,-0.00458597621091666,-7.3296758780381e-08
-2.98678447614507e-09,-0.00458620245637644,-7.31386049495261e-08
-3.00186709375568e-09,-0.00458643029309465,-7.2940642096938e-08
-3.01422529887596e-09,-0.00458665927489182,-7.27020252199332e-08
-3.01783811033134e-09,-0.00458688904629822,-7.23982504963344e-08
-3.0131214221161e-09,-0.00458711960435386,-7.19800342198428e-08
-3.00717926937994e-09,-0.00458735124825211,-7.14026628477339e-08
-3.01117621206481e-09,-0.00458758421611026,-7.06607720365158e-08
-3.0270903556828e-09,-0.0045878184586529,-6.9788102067966e-08
-3.04934702173109e-09,-0.00458805346493633,-6.88235000098928e-08
-3.07136216378459e-09,-0.00458828851064273,-6.77918977135233e-08
-3.08969195889448e-09,-0.00458852291170359,-6.6703797246276e-08
-3.10454502521547e-09,-0.00458875623998763,-6.5562977092547e-08
-3.11601738304669e-09,-0.00458898840956171,-6.43709479708897e-08
-3.11954429774149e-09,-0.00458921950580028,-6.31082109783903e-08
-3.11560016038469e-09,-0.00458944950576582,-6.17324463614063e-08
-3.11044413138583e-09,-0.0045896780353846,-6.0206121499726e-08
-3.11453389762691e-09,-0.00458990432468368,-5.85300732469254e-08
-3.12982370414633e-09,-0.00459012738849025,-5.67429784244031e-08
-3.15135422421742e-09,-0.00459034625866695,-5.48876276280052e-08
-3.17329535681976e-09,-0.00459056035868384,-5.29922686215047e-08
-3.19253686117041e-09,-0.00459076965965748,-5.10703073268021e-08
-3.20896650126087e-09,-0.00459097441227152,-4.91280668696768e-08
-3.22388663721944e-09,-0.00459117475900966,-4.71715662007325e-08
-3.23909869561027e-09,-0.00459137045077041,-4.52097908710165e-08
-3.25715332819354e-09,-0.00459156096166237,-4.32610179728897e-08
-3.27801885952987e-09,-0.00459174566762324,-4.13514652793241e-08
-3.29939568886465e-09,-0.00459192410440471,-3.95044062752726e-08
-3.31773182248645e-09,-0.00459209608374158,-3.77284043000464e-08
-3.33255412654949e-09,-0.00459226183383233,-3.6017758838505e-08
-3.34833114471992e-09,-0.00459242182673023,-3.44286545937552e-08
-3.37589031298753e-09,-0.00459257649102511,-3.3246420996502e-08
-3.41700088903953e-09,-0.00459272594167321,-3.2709811276299e-08
-3.46284338561908e-09,-0.00459286995870693,-3.28545801160095e-08
-3.49728838776235e-09,-0.00459300817189399,-3.33799024783457e-08
-3.51710462458931e-09,-0.00459314074176707,-3.40010357468972e-08
-3.53069056095591e-09,-0.00459326833425986,-3.46439685479638e-08
-3.54358393714895e-09,-0.00459339186997869,-3.5310701919838e-08
-3.55202423516543e-09,-0.00459351226080616,-3.59328096204097e-08
-3.55504205564496e-09,-0.00459363009928549,-3.64486613021627e-08
-3.5468921604849e-09,-0.00459374556548706,-3.67649017836329e-08
-3.53129733905778e-09,-0.00459385861518823,-3.66487259854963e-08
-3.51427175230979e-09,-0.00459396922089435,-3.5955271615114e-08
-3.50135657035485e-09,-0.00459407752381798,-3.47083838382619e-08
-3.50235446516342e-09,-0.00459418368982092,-3.31744311196656e-08
-3.52437732917065e-09,-0.00459428822609246,-3.16330080850693e-08
-3.56073339466693e-09,-0.00459439172383469,-3.02809469944666e-08
-3.59424499777625e-09,-0.0045944945711862,-2.91923829613513e-08
-3.61555355923996e-09,-0.00459459687088127,-2.8336435233184e-08
-3.62530214862861e-09,-0.00459469856472209,-2.76403298736208e-08
-3.62495576828817e-09,-0.00459479970130674,-2.69396231430944e-08
-3.60633434908561e-09,-0.00459490074702928,-2.57560946856524e-08
-3.57061416472327e-09,-0.00459500236165094,-2.37111342841976e-08
-3.53089578154701e-09,-0.00459510509172381,-2.07482991723058e-08
-3.51035366812465e-09,-0.00459520904537632,-1.73230637004553e-08
-3.51635239053318e-09,-0.00459531401307703,-1.39115634399796e-08
-3.54096838554854e-09,-0.0045954197214982,-1.0807273741814e-08
-3.57106949126813e-09,-0.00459552586076972,-8.11888640454918e-09
-3.59632960745701e-09,-0.00459563217937186,-5.82263456277464e-09
-3.61329021481809e-09,-0.00459573845094484,-3.8291987436618e-09
-3.62482135546422e-09,-0.00459584467017256,-2.04445256680843e-09
-3.63357030210552e-09,-0.00459595090311645,-4.11408834106522e-10
-3.64599472851758e-09,-0.00459605720254477,1.04503815974235e-09
-3.67075852117941e-09,-0.00459616330058294,2.26430466276357e-09
-3.70661226590919e-09,-0.00459626865444032,3.19245638604512e-09
-3.74222699886646e-09,-0.00459637268771008,3.85332644056529e-09
-3.76375484136667e-09,-0.00459647509991676,4.31080634399303e-09
-3.76913945130641e-09,-0.00459657602769596,4.64067080524777e-09
-3.76555713263062e-09,-0.00459667573480489,4.8983089689453e-09
-3.76363830045355e-09,-0.00459677433682856,5.10536026610058e-09
-3.77485796971556e-09,-0.00459687160797431,5.23700003427096e-09
-3.80025982546171e-09,-0.0045969669784353,5.22363138458472e-09
-3.83233687917882e-09,-0.00459705965673251,4.96099259922491e-09
-3.85518699313778e-09,-0.0045971490250935,4.40281987176141e-09
-3.85674190542188e-09,-0.00459723479090622,3.60934604662829e-09
-3.8388803425208e-09,-0.00459731696360847,2.73592329637537e-09
-3.81447177671491e-09,-0.00459739594294245,1.92130947070241e-09
-3.80016026022164e-09,-0.00459747214000935,1.22606557003188e-09
-3.80059862802949e-09,-0.00459754582032373,6.40226411204174e-10
-3.80835599328011e-09,-0.00459761694199547,1.33357514692174e-10
-3.80929666247152e-09,-0.00459768516688597,-2.94016176588124e-10
-3.79967854639698e-09,-0.00459774991286454,-6.26725149589728e-10
-3.79006164333828e-09,-0.00459781085705455,-9.30967802858325e-10
-3.79500435585875e-09,-0.00459786808495911,-1.27730228628423e-09
-3.80776018527243e-09,-0.00459792182083255,-1.59121348782039e-09
-3.81149728145957e-09,-0.00459797234437197,-1.59894181102614e-09
-3.79735868820438e-09,-0.00459801984090716,-1.11652998981029e-09
-3.76330801550229e-09,-0.00459806450196999,-2.07284782545286e-10
-3.72268061140317e-09,-0.00459810667053335,1.04027607342952e-09
-3.70196072686408e-09,-0.00459814677784031,2.52306888256891e-09
-3.71075143865264e-09,-0.00459818526673196,4.12957457731934e-09
-3.73763163256179e-09,-0.00459822233985595,5.82642023232407e-09
-3.77178810306647e-09,-0.00459825809835087,7.52062229386735e-09
-3.80425045765182e-09,-0.00459829257774743,9.12370561284318e-09
-3.83087224783147e-09,-0.00459832572592848,1.0582413976563e-08
-3.85260934558362e-09,-0.00459835748854975,1.18676994766067e-08
-3.87128317528556e-09,-0.00459838788398162,1.29474685903152e-08
-3.88633059738732e-09,-0.00459841692842123,1.37732518664069e-08
-3.9023812715792e-09,-0.00459844491181123,1.4366779912384e-08
-3.92286239920657e-09,-0.00459847253673369,1.47444369599484e-08
-3.94740500683735e-09,-0.0045985007102164,1.48921574049589e-08
-3.96324610698004e-09,-0.00459853000169415,1.4810754440192e-08
-3.96598715429668e-09,-0.00459856043508355,1.4542286311323e-08
-3.9607809325204e-09,-0.00459859146608594,1.41360679565498e-08
-3.95501728765596e-09,-0.00459862267068326,1.36255430587648e-08
-3.9529276645191e-09,-0.00459865428994937,1.30263177406277e-08
-3.95441171147018e-09,-0.00459868681266753,1.23452003093017e-08
-3.96001828364782e-09,-0.00459872064413577,1.15166560480807e-08
-3.97473266885362e-09,-0.00459875576790424,1.02982043846289e-08
-3.99118874190922e-09,-0.00459879195941244,8.75846905537693e-09
-4.00702197518858e-09,-0.00459882886635709,7.09187427939374e-09
-4.01739796944468e-09,-0.00459886620888849,5.60079093701918e-09
-4.02234180470597e-09,-0.00459890386505215,4.47662882822881e-09
-4.01383937899889e-09,-0.00459894183490625,3.74378056733306e-09
-3.99826898453436e-09,-0.00459897999153452,3.20566168561135e-09
-3.98514109940484e-09,-0.00459901816949927,2.65913058918275e-09
-3.97896573656874e-09,-0.00459905604495978,1.98743393754004e-09
-3.97764060527971e-09,-0.00459909305078686,1.19249639632083e-09
-3.97732998249163e-09,-0.00459912863688462,3.28259328944536e-10
-3.97580964810879e-09,-0.0045991625314501,-5.52027586651437e-10
-3.97400983390887e-09,-0.00459919498548999,-1.44536846914703e-09
-3.97484604971533e-09,-0.00459922640063742,-2.35964405522516e-09
-3.98080800174769e-09,-0.00459925702972989,-3.22302749225266e-09
-3.97785860758749e-09,-0.00459928675289159,-3.6450878033496e-09
-3.95671346440851e-09,-0.00459931521932476,-3.30371039379439e-09
-3.91629700106249e-09,-0.00459934197691034,-2.09505571182844e-09
-3.87373415244806e-09,-0.00459936654157399,-2.61149483498811e-10
-3.85538920183882e-09,-0.00459938858149466,1.58873991712366e-09
-3.88299441838544e-09,-0.00459940819380573,2.53435674417924e-09
-3.93797295617392e-09,-0.00459942583033236,2.29578128474662e-09
-3.99263876642663e-09,-0.00459944192760218,1.01499184831778e-09
-4.02724099286556e-09,-0.00459945667615779,-9.4407523997307e-10
-4.03821272470735e-09,-0.0045994700026084,-3.22601600508366e-09
-4.03268392529611e-09,-0.00459948178719751,-5.5659207611416e-09
-4.01859484561776e-09,-0.00459949225163401,-7.74037476527385e-09
-4.0057092883463e-09,-0.00459950172770415,-9.64344035002023e-09
-4.00346204927043e-09,-0.00459951053233985,-1.12957192246016e-08
-4.00656348534535e-09,-0.00459951879459076,-1.27752842084168e-08
-4.00833029223562e-09,-0.00459952655323589,-1.4147479945931e-08
-4.00615727622604e-09,-0.00459953378558085,-1.5452095445452e-08
-3.99982912569096e-09,-0.00459954038251973,-1.67066984489005e-08
-3.9872045838987e-09,-0.00459954600339359,-1.79016911494005e-08
-3.96864224597493e-09,-0.00459955044128441,-1.89969000348965e-08
-3.95354606491375e-09,-0.00459955385866017,-1.99599909740466e-08
-3.94661829043788e-09,-0.00459955664748827,-2.07913529932078e-08
-3.94794522447943e-09,-0.00459955919662529,-2.150836406715e-08
-3.95852820817191e-09,-0.0045995616635547,-2.21723522038981e-08
-3.97202375946691e-09,-0.00459956436788436,-2.29238304917472e-08
-3.98294036452548e-09,-0.00459956750961068,-2.38534119118436e-08
-3.98728612376884e-09,-0.00459957111037232,-2.49440592280233e-08
-3.97971703648361e-09,-0.00459957503762817,-2.60167282723352e-08
-3.96787751559517e-09,-0.00459957905010235,-2.69945552482188e-08
-3.96182932890043e-09,-0.00459958312085617,-2.79405828768172e-08
-3.9754944621766e-09,-0.00459958760167185,-2.92339553793679e-08
-4.0015334785956e-09,-0.00459959295687544,-3.09249928717595e-08
-4.02372918679942e-09,-0.00459959940728881,-3.2844267708293e-08
-4.02438270053218e-09,-0.00459960680888978,-3.45580032252743e-08
-4.00096699510418e-09,-0.00459961489397569,-3.5713812879881e-08
-3.96870532764111e-09,-0.00459962346078729,-3.63252892324472e-08
-3.96446062743101e-09,-0.00459963247119137,-3.71774004206471e-08
-3.99843311467904e-09,-0.00459964202099464,-3.89532262209669e-08
-4.0484329955897e-09,-0.00459965227485531,-4.17395158322057e-08
-4.08599989623736e-09,-0.00459966321960274,-4.51827699891611e-08
-4.10418999832144e-09,-0.00459967464382741,-4.90052914632741e-08
-4.11668439639111e-09,-0.00459968605944653,-5.3290291695166e-08
-4.1119979246532e-09,-0.00459969703944009,-5.75487120396855e-08
-4.08630890769814e-09,-0.00459970737605906,-6.12836617383631e-08
-4.04930066157029e-09,-0.00459971704955349,-6.42913123924322e-08
-4.01835909275185e-09,-0.00459972603374019,-6.6747561333488e-08
-4.00124514316648e-09,-0.0045997342880398,-6.89054685838652e-08
-3.99600458089516e-09,-0.00459974175395887,-7.0955549891078e-08
-4.00065120689331e-09,-0.00459974839622424,-7.31305547135537e-08
-4.00446071197621e-09,-0.004599754231692,-7.5407284383478e-08
-4.00052983361534e-09,-0.00459975931055849,-7.76672745870552e-08
-3.98848714279327e-09,-0.00459976384108643,-7.98045436613199e-08
-3.97158215432397e-09,-0.00459976803789652,-8.17526982254141e-08
-3.95557064732413e-09,-0.00459977196348815,-8.35360563283413e-08
-3.94965975057519e-09,-0.00459977533137746,-8.53792674146193e-08
-3.95145715566085e-09,-0.00459977780041162,-8.73887317971191e-08
-3.94268334533697e-09,-0.00459977924396957,-8.92316398293915e-08
-3.91549762168164e-09,-0.00459977965447586,-9.05635185708053e-08
-3.87934818713539e-09,-0.00459977906889432,-9.13160960964429e-08
-3.85635040845955e-09,-0.0045997774773946,-9.18925060709172e-08
-3.84276006508266e-09,-0.00459977513203346,-9.23610950589568e-08
-3.82938354893593e-09,-0.00459977231294645,-9.26473882676192e-08
-3.81011831700261e-09,-0.00459976912362816,-9.26560697567566e-08
-3.78234752899334e-09,-0.00459976533041366,-9.22665348125817e-08
-3.74971171120414e-09,-0.0045997606337451,-9.14568361575542e-08
-3.70871728437281e-09,-0.00459975499780099,-9.00316423100036e-08
-3.65982177942219e-09,-0.00459974856920514,-8.78316922861124e-08
-3.612798032051e-09,-0.00459974157306742,-8.49384334492345e-08
-3.58831358699938e-09,-0.00459973423166833,-8.19191541432434e-08
-3.58450823838036e-09,-0.00459972692887422,-7.91147971266656e-08
-3.58932768831849e-09,-0.00459971993156143,-7.66335265626366e-08
-3.59196659234321e-09,-0.00459971326994973,-7.44536734923877e-08
-3.58712961261834e-09,-0.00459970672026148,-7.24896781715676e-08
-3.57495224315244e-09,-0.00459970009005833,-7.06457264694056e-08
-3.55854639759886e-09,-0.00459969338024527,-6.8847336334026e-08
-3.54130920315637e-09,-0.00459968687706882,-6.70520868841147e-08
-3.52529486661258e-09,-0.00459968091202644,-6.52461532726969e-08
-3.51091215271652e-09,-0.00459967565575539,-6.34342917953992e-08
-3.49750774754058e-09,-0.00459967091965241,-6.16292301036303e-08
-3.48681736451549e-09,-0.00459966654396905,-5.98469232540664e-08
-3.48685671203764e-09,-0.00459966250054113,-5.81307353915019e-08
-3.49772888470794e-09,-0.00459965884187979,-5.65518418179622e-08
-3.51066310600832e-09,-0.00459965571526174,-5.51710876346845e-08
-3.51092601241969e-09,-0.00459965339019373,-5.39944222349813e-08
-3.49644401249231e-09,-0.00459965206411755,-5.29761127192203e-08
-3.47714160297055e-09,-0.00459965176724334,-5.20758614094631e-08
-3.46029889130092e-09,-0.00459965237942174,-5.12840445097726e-08
-3.44482703270724e-09,-0.00459965370021795,-5.05983092567368e-08
-3.42846037160222e-09,-0.00459965554357029,-5.00057950322951e-08
-3.40852350684781e-09,-0.0045996578048249,-4.94855647555972e-08
-3.37929959633966e-09,-0.00459966042284381,-4.89939952921969e-08
-3.34128223791794e-09,-0.00459966323233108,-4.84546304293047e-08
-3.3001279375542e-09,-0.00459966606001353,-4.77570415666008e-08
-3.26712643237379e-09,-0.00459966878997243,-4.6853775426198e-08
-3.24666380335538e-09,-0.00459967134725759,-4.58057192880524e-08
-3.23450325390202e-09,-0.00459967366802375,-4.46905372130465e-08
-3.22401569704281e-09,-0.00459967576163812,-4.35580184359966e-08
-3.21108602420243e-09,-0.00459967783335319,-4.24269172895943e-08
-3.19519097743163e-09,-0.004599680109171,-4.1296267473776e-08
-3.17388045796617e-09,-0.004599682727111,-4.01533278545703e-08
-3.13574377589811e-09,-0.00459968557569007,-3.89389209247124e-08
-3.08089380301227e-09,-0.00459968815608995,-3.75481181719689e-08
-3.02235659886766e-09,-0.00459969032254167,-3.58887512737435e-08
-2.98211053330823e-09,-0.00459969211349791,-3.39497716099497e-08
-2.96489316808525e-09,-0.0045996936202883,-3.17996278354861e-08
-2.96105122231415e-09,-0.00459969494069285,-2.95174751597152e-08
-2.95871131990562e-09,-0.00459969615599803,-2.71546072689316e-08
-2.95124457960438e-09,-0.00459969731200667,-2.47330946509183e-08
-2.93809440251212e-09,-0.00459969841943978,-2.22610353708581e-08
-2.9217379691574e-09,-0.00459969937625697,-1.97308358132434e-08
-2.905095512386e-09,-0.00459969987895152,-1.71073484727874e-08
-2.8911377880305e-09,-0.00459969988330964,-1.44359887988165e-08
-2.8793512700229e-09,-0.0045996995045325,-1.17829953991147e-08
-2.86633631595376e-09,-0.00459969892523876,-9.19208792128499e-09
-2.85117469897984e-09,-0.00459969833454577,-6.67932788110545e-09
-2.83527388221916e-09,-0.00459969785937121,-4.24600898667518e-09
-2.82011499934402e-09,-0.00459969751260689,-1.88946637403518e-09
-2.80582525288642e-09,-0.00459969721733432,3.9221171263993e-10
-2.79129461196792e-09,-0.00459969687508251,2.59952939664007e-09
-2.77631591177041e-09,-0.0045996963805457,4.68508516449462e-09
-2.76431851088726e-09,-0.00459969554334767,6.47456492241985e-09
-2.75666436029953e-09,-0.0045996943171849,7.95480329537033e-09
-2.75017120961038e-09,-0.0045996927507395,9.22880474636519e-09
-2.74422394068108e-09,-0.0045996909552823,1.03303325031361e-08
-2.74524323500635e-09,-0.00459968912807899,1.10356211231982e-08
-2.75464250584317e-09,-0.00459968738851389,1.1140317265948e-08
-2.76398471426029e-09,-0.00459968579622865,1.06644975748044e-08
-2.75240378186737e-09,-0.00459968454355159,1.01144349075613e-08
-2.71443156935031e-09,-0.00459968382758884,9.96358996571093e-09
-2.66137584794361e-09,-0.00459968374708815,1.04131723063619e-08
-2.61462343223953e-09,-0.00459968407634169,1.12962604421279e-08
-2.58850743195111e-09,-0.00459968454669284,1.23300372844092e-08
-2.58242312235811e-09,-0.00459968499525711,1.32228766776472e-08
-2.58332881385416e-09,-0.00459968534809692,1.37981985361058e-08
-2.57341903146321e-09,-0.0045996855972283,1.40471351495268e-08
-2.54614502629663e-09,-0.0045996857880538,1.41387451225309e-08
-2.50561171809482e-09,-0.00459968606826172,1.4399641042263e-08
-2.44706381486371e-09,-0.00459968671509222,1.54109818235569e-08
-2.37605093423731e-09,-0.00459968796181855,1.74956420273207e-08
-2.30546094588013e-09,-0.00459968985189767,2.06163328463043e-08
-2.25430706398593e-09,-0.00459969217463013,2.42549013345815e-08
-2.23070615587563e-09,-0.00459969468217503,2.79029513322549e-08
-2.2275461809243e-09,-0.00459969720066258,3.12466639990232e-08
-2.23107168511228e-09,-0.00459969966437433,3.41666223654737e-08
-2.22977665881258e-09,-0.00459970209097589,3.66843954113132e-08
-2.21943062878116e-09,-0.00459970451640709,3.88923834340823e-08
-2.20292163816846e-09,-0.00459970704592758,4.08888119303235e-08
-2.18275034745948e-09,-0.00459970977221667,4.27486465830359e-08
-2.16164577944236e-09,-0.00459971275150862,4.45202231561095e-08
-2.14166364210648e-09,-0.00459971593082379,4.62243820547965e-08
-2.12322932380985e-09,-0.00459971923127655,4.78608987867629e-08
-2.10538625336017e-09,-0.00459972268096296,4.94186851359407e-08
-2.08682322209173e-09,-0.00459972637776541,5.08851612370602e-08
-2.0668834287086e-09,-0.00459973039573488,5.22520354963255e-08
-2.04593501647568e-09,-0.00459973468269095,5.35170807467174e-08
-2.02499135028756e-09,-0.00459973904377515,5.46830958834539e-08
-2.00689991660795e-09,-0.00459974309434393,5.57763398608508e-08
-1.99662429116128e-09,-0.00459974646902683,5.68401349710071e-08
-1.98869214841793e-09,-0.00459974909979441,5.77699802929457e-08
-1.97553398747172e-09,-0.00459975108303113,5.8479094439684e-08
-1.94883077273596e-09,-0.00459975258783213,5.89725917956402e-08
-1.90844846991213e-09,-0.00459975387630626,5.9358543496509e-08
-1.86339389364712e-09,-0.00459975512898708,5.97483036119006e-08
-1.82960998582312e-09,-0.00459975639909259,6.01453420421406e-08
-1.81786613906636e-09,-0.0045997575891766,6.03244574865826e-08
-1.8216821515447e-09,-0.00459975856477982,6.01273751882538e-08
-1.82139012044815e-09,-0.00459975919914619,5.96811949336863e-08
-1.81081898326498e-09,-0.00459975946812776,5.9170435795426e-08
-1.80171372832748e-09,-0.00459975940862044,5.86796362944862e-08
-1.78851593617111e-09,-0.00459975889894079,5.82133856559316e-08
-1.76703679903453e-09,-0.00459975783412862,5.77713615645766e-08
-1.73568837666194e-09,-0.00459975631385008,5.73550172986861e-08
-1.68657948477373e-09,-0.00459975450751676,5.70042295809112e-08
-1.625128179232e-09,-0.00459975261979688,5.67992262415262e-08
-1.56814021883023e-09,-0.00459975097711962,5.67928780027729e-08
-1.52589643108206e-09,-0.0045997498490123,5.69867274348402e-08
-1.50037860934886e-09,-0.00459974929995497,5.74352888587664e-08
-1.4817884212454e-09,-0.00459974896641712,5.83932081212089e-08
-1.47001122114216e-09,-0.00459974845538494,5.97403008555206e-08
-1.45663503583625e-09,-0.00459974758784949,6.14169414499895e-08
-1.43385586805031e-09,-0.00459974635842175,6.34088673125081e-08
-1.406404943709e-09,-0.00459974491112937,6.56002848339268e-08
-1.39018703604183e-09,-0.00459974358934291,6.757247328879e-08
-1.38157003748339e-09,-0.00459974272655889,6.91508204612418e-08
-1.37465364798293e-09,-0.00459974250864646,7.02945213994331e-08
-1.37179042971997e-09,-0.00459974302834947,7.08621834473049e-08
-1.37354355672501e-09,-0.00459974427104422,7.07659341613135e-08
-1.37694449125676e-09,-0.00459974609092846,7.00316526348203e-08
-1.3751650169182e-09,-0.00459974812886804,6.88503593748964e-08
-1.3625792714994e-09,-0.00459975005159113,6.75004229773128e-08
-1.34096233732154e-09,-0.00459975176782941,6.61607587267539e-08
-1.31824480672166e-09,-0.00459975351896544,6.48145032272482e-08
-1.29953551510198e-09,-0.00459975556508497,6.33786268449332e-08
-1.28465229484631e-09,-0.00459975795821614,6.18001898960717e-08
-1.27493505403591e-09,-0.00459976034387649,6.01094665441982e-08
-1.28431332427318e-09,-0.00459976245720945,5.82083908393255e-08
-1.2974862251804e-09,-0.00459976423520428,5.60484906285368e-08
-1.29002809196718e-09,-0.00459976596679285,5.39197885763182e-08
-1.25289870341836e-09,-0.00459976797983314,5.21261147979326e-08
-1.1981662429741e-09,-0.00459977042514387,5.0776508367367e-08
-1.15598939869885e-09,-0.00459977309019868,4.95798429375263e-08
-1.13536254385715e-09,-0.00459977570186613,4.82361841675431e-08
-1.12822544338922e-09,-0.00459977809367257,4.66949956718286e-08
-1.12347463611717e-09,-0.00459978017092379,4.50049473535151e-08
-1.11568534841566e-09,-0.0045997819027617,4.31302175795702e-08
-1.11113934468235e-09,-0.00459978326581324,4.06336744510183e-08
-1.11661979288329e-09,-0.00459978424630419,3.71052403023138e-08
-1.12296438107569e-09,-0.00459978498906141,3.28065966055567e-08
-1.13107698527537e-09,-0.00459978562412283,2.84254997467478e-08
-1.13644953966927e-09,-0.00459978619589639,2.44356658792994e-08
-1.12478382995349e-09,-0.00459978667752408,2.10397824034612e-08
-1.08608387736622e-09,-0.00459978700858313,1.83348778403012e-08
-1.02653311758176e-09,-0.00459978705312129,1.63993501965745e-08
-9.73794877956297e-10,-0.00459978668781223,1.48412150600603e-08
-9.4208366315207e-10,-0.00459978609418092,1.31176716850054e-08
-9.29514347380931e-10,-0.00459978549674826,1.0886359976018e-08
-9.26158961994017e-10,-0.00459978497713453,8.07486474332237e-09
-9.22612657998279e-10,-0.0045997843200329,4.88199082520333e-09
-9.14052419366717e-10,-0.00459978336337573,1.49149467013366e-09
-9.08037710132541e-10,-0.00459978228835725,-2.18412025724703e-09
-9.19942925296928e-10,-0.00459978141582396,-6.44939036144156e-09
-9.44220085469877e-10,-0.00459978101830351,-1.14843069630893e-08
-9.61997921307578e-10,-0.00459978129751152,-1.70870070358079e-08
-9.57369079405271e-10,-0.0045997822424248,-2.28079643049721e-08
-9.27573058439763e-10,-0.00459978370354551,-2.82377027898459e-08
-8.79205131295404e-10,-0.0045997854743086,-3.30291607384384e-08
-8.35993574455487e-10,-0.00459978753762159,-3.72142234782007e-08
-8.07527870130629e-10,-0.00459978996426542,-4.09993060021668e-08
-7.80383251705652e-10,-0.00459979276581677,-4.45499689022363e-08
-7.46548139137618e-10,-0.00459979574125254,-4.79225555557823e-08
-7.11980050862917e-10,-0.0045997986999732,-5.11106590738739e-08
-6.92589079972524e-10,-0.00459980163097575,-5.4136949436614e-08
-6.77978415968838e-10,-0.00459980485147818,-5.70354292211271e-08
-6.55901351227494e-10,-0.00459980865134635,-5.97885604588778e-08
-6.2047361934228e-10,-0.00459981308464111,-6.22996167741933e-08
-5.6514094893559e-10,-0.00459981776180563,-6.42918891328978e-08
-4.96975789840256e-10,-0.00459982227054841,-6.56464391037796e-08
-4.416417678623e-10,-0.00459982637195298,-6.67231027855275e-08
-4.06178244990227e-10,-0.0045998302006077,-6.76091721030135e-08
-3.99300159495462e-10,-0.00459983399379989,-6.8306340439595e-08
-4.11746501910907e-10,-0.00459983784508026,-6.88745433164798e-08
-4.24481997806374e-10,-0.00459984145905827,-6.94568687395727e-08
-4.29916397366273e-10,-0.00459984469400821,-7.02449112270761e-08
-4.21515739559112e-10,-0.00459984777978515,-7.11228910271307e-08
-4.04168102963122e-10,-0.00459985103032198,-7.19600650048043e-08
-3.95630828937246e-10,-0.00459985470294157,-7.29404387264134e-08
-4.14205717335266e-10,-0.00459985876910307,-7.45810936915398e-08
-4.54336238140496e-10,-0.00459986296230419,-7.71949189967484e-08
-4.81796491082893e-10,-0.00459986676101341,-8.03428184397998e-08
-4.78566769637994e-10,-0.00459986982644281,-8.34830459828106e-08
-4.51088183473768e-10,-0.00459987207819755,-8.63093577628184e-08
-4.19591559789016e-10,-0.00459987367219936,-8.88439883542589e-08
-3.92848773832418e-10,-0.00459987488428145,-9.10606360730806e-08
-3.70877520845857e-10,-0.00459987592179526,-9.29032787247931e-08
-3.47775579782914e-10,-0.00459987678682124,-9.42547178125185e-08
-3.27430357919979e-10,-0.00459987737500524,-9.52618820586759e-08
-3.1001774462047e-10,-0.00459987787554228,-9.60675975019137e-08
-2.93814470782259e-10,-0.00459987849711314,-9.67586887787737e-08
-2.77911758084722e-10,-0.00459987926460454,-9.73790277316367e-08
-2.60625522063959e-10,-0.0045998798278415,-9.78914952929539e-08
-2.35958431051792e-10,-0.00459987995624359,-9.80721032319235e-08
-2.03236060003558e-10,-0.00459987956323528,-9.77297162107622e-08
-1.67933319066867e-10,-0.00459987864057139,-9.68295289580392e-08
-1.35442542000638e-10,-0.00459987719382047,-9.54820253111424e-08
-9.41343291319773e-11,-0.00459987539858995,-9.34776962530199e-08
-4.7945273088707e-11,-0.0045998735430935,-9.08286404818011e-08
-5.79206782398278e-12,-0.0045998718569847,-8.76582677740001e-08
2.7902199997617e-11,-0.0045998704695366,-8.40894585982917e-08
5.16272015551405e-11,-0.00459986939983,-8.02622766505258e-08
6.18794363697815e-11,-0.00459986851386347,-7.64463353786642e-08
6.15517150601617e-11,-0.0045998676467028,-7.2841561981697e-08
5.76539356509805e-11,-0.00459986667506059,-6.95249682367448e-08
5.97869541563738e-11,-0.00459986554491153,-6.64042748538762e-08
8.20933823984396e-11,-0.00459986428561998,-6.30608684717776e-08
1.23957488415821e-10,-0.00459986297698054,-5.91630973511878e-08
1.69910455581093e-10,-0.00459986175386903,-5.46812943124773e-08
2.03535266777777e-10,-0.00459986076994299,-4.97794369424705e-08
2.16876346604311e-10,-0.00459986016838033,-4.48190676282061e-08
2.13841743165201e-10,-0.00459986000049472,-4.00909414658492e-08
2.04105769042109e-10,-0.00459986024078826,-3.57348393085802e-08
1.96434405989695e-10,-0.00459986083387297,-3.17690638778369e-08
1.9586924795506e-10,-0.00459986173619754,-2.81397351451992e-08
2.03678161657753e-10,-0.00459986294957069,-2.47606830689255e-08
2.14760825913183e-10,-0.00459986447485856,-2.15515392502179e-08
2.24056913188299e-10,-0.00459986629345293,-1.84621219856832e-08
2.2946693967141e-10,-0.00459986837340306,-1.54702431683421e-08
2.31704008132998e-10,-0.00459987067761622,-1.25716202356513e-08
2.32918219001366e-10,-0.0045998731731165,-9.77019645836951e-09
2.35146311992609e-10,-0.00459987581912722,-7.07157669396662e-09
2.39302959446269e-10,-0.00459987851947312,-4.47957685182479e-09
2.44978400673518e-10,-0.00459988120115445,-1.9950001891163e-09
2.50265469189577e-10,-0.0045998838181494,3.83451014338632e-10
2.5173870773621e-10,-0.00459988630241186,2.65126060337573e-09
2.49395009117389e-10,-0.00459988861547365,4.79747746483889e-09
2.47289361973935e-10,-0.00459989079407249,6.81985983702031e-09
2.45439364812494e-10,-0.00459989303975747,8.72597053930401e-09
2.35489596477989e-10,-0.00459989553134798,1.04951491214141e-08
2.20686429184485e-10,-0.00459989836292281,1.20757988053674e-08
2.20914754965887e-10,-0.00459990150008308,1.346975600257e-08
2.41731975799733e-10,-0.00459990467053654,1.47546463611137e-08
2.7235466079272e-10,-0.00459990752977466,1.6019022113613e-08
2.94627116770563e-10,-0.00459991008770203,1.73014160573949e-08
3.01742159123965e-10,-0.00459991250729417,1.8585050988968e-08
2.97759773411455e-10,-0.00459991496579219,1.98375551549402e-08
2.88983493641099e-10,-0.00459991763721752,2.1030830210053e-08
2.81119269842551e-10,-0.0045999206322196,2.21452102753611e-08
2.78387715046297e-10,-0.00459992398364966,2.31956957566334e-08
2.86307487196691e-10,-0.00459992764252971,2.42960662971126e-08
3.08742897370403e-10,-0.00459993150145975,2.55393503063251e-08
3.50069944306455e-10,-0.00459993537464892,2.69381684784222e-08
4.00952082530441e-10,-0.00459993924537571,2.85172434010383e-08
4.45898917981583e-10,-0.00459994317173631,3.02981708657989e-08
4.66385143369992e-10,-0.00459994723901772,3.22506148628989e-08
4.62723189830957e-10,-0.00459995152811632,3.42973564055107e-08
4.47955934379016e-10,-0.00459995608709692,3.6373447226178e-08
4.34699755302583e-10,-0.00459996092363753,3.84509326222087e-08
4.28478661393123e-10,-0.00459996601575506,4.05292788379745e-08
4.28288869223756e-10,-0.00459997131473859,4.26148956224989e-08
4.30632152250303e-10,-0.00459997666253935,4.47072228531847e-08
4.32951013359876e-10,-0.0045999817826448,4.67958769610183e-08
4.34628594031756e-10,-0.0045999865033364,4.88647778350879e-08
4.35093869140402e-10,-0.0045999907885608,5.08963369799661e-08
4.32302003737631e-10,-0.00459999469743233,5.28652476245041e-08
4.28899562268098e-10,-0.00459999829190015,5.47492605750446e-08
4.26646911341526e-10,-0.00460000171718558,5.65423878908149e-08
4.25456369574853e-10,-0.00460000523598144,5.82470453342377e-08
4.24852398696599e-10,-0.00460000904825099,5.9865894449514e-08
4.24898100354779e-10,-0.00460001322283626,6.13986794009101e-08
4.2703758317994e-10,-0.00460001763404957,6.28440859826588e-08
4.33143988715962e-10,-0.00460002222695912,6.42104863599251e-08
4.37812018020423e-10,-0.00460002704706857,6.55018047193708e-08
4.37345667495947e-10,-0.00460003213678706,6.67035217113335e-08
4.32410003900548e-10,-0.00460003746967018,6.77964529236414e-08
4.27018420331135e-10,-0.00460004284269995,6.87724378692557e-08
4.26018381459444e-10,-0.00460004812209472,6.96851761756933e-08
4.35022104387352e-10,-0.00460005347657663,7.07590859559855e-08
4.47967759143943e-10,-0.00460005912837753,7.21544959978694e-08
4.59272774268207e-10,-0.00460006514914546,7.38521989634451e-08
4.66814114924476e-10,-0.0046000713020576,7.56044092055535e-08
4.70044848081627e-10,-0.00460007753542567,7.71942638515632e-08
4.69109932600298e-10,-0.00460008388368381,7.85088302419321e-08
4.67810009490016e-10,-0.00460009037821113,7.95835380125626e-08
4.77436101344989e-10,-0.00460009695761796,8.07319640815731e-08
5.01800215081821e-10,-0.00460010354490006,8.2241773167773e-08
5.38977093398038e-10,-0.00460011011182074,8.4312713806687e-08
5.86157728227818e-10,-0.00460011675717942,8.71286750655736e-08
6.290200519949e-10,-0.00460012366188521,9.05326412597733e-08
6.56624760077017e-10,-0.00460013092386874,9.42320071158557e-08
6.67165634661103e-10,-0.00460013843882427,9.78513588092533e-08
6.77438977594366e-10,-0.00460014591633247,1.0126278954553e-07
6.87060105573272e-10,-0.00460015313586834,1.04477160604912e-07
6.96986217758439e-10,-0.00460016004763294,1.07467778317888e-07
7.05315517175105e-10,-0.00460016675959136,1.10244828766236e-07
6.9982078273818e-10,-0.0046001733904235,1.12813856579983e-07
6.79211343162998e-10,-0.0046001800165321,1.1514495005499e-07
6.51100618586366e-10,-0.00460018667001841,1.17206127424209e-07
6.23433986902491e-10,-0.00460019334759455,1.18980537291113e-07
6.00143109762555e-10,-0.00460020002578187,1.20462719643354e-07
5.81355356241407e-10,-0.00460020667657234,1.21648297368221e-07
5.65634115334714e-10,-0.00460021327789084,1.22528014999865e-07
5.5174961752933e-10,-0.00460021981609409,1.23088441343595e-07
5.39059532108622e-10,-0.00460022628235887,1.23316151355388e-07
5.27031300315434e-10,-0.00460023266792693,1.23201513742884e-07
5.14870944379713e-10,-0.00460023896267154,1.22740197226421e-07
5.01749685817429e-10,-0.00460024515799653,1.21932602044207e-07
4.87402364104356e-10,-0.00460025125137212,1.20782371553923e-07
4.72512101397882e-10,-0.00460025724846454,1.19295010475206e-07
4.58475995429678e-10,-0.0046002631605765,1.17477062274948e-07
4.46635879933259e-10,-0.00460026899854841,1.15335811757841e-07
4.37463183390923e-10,-0.00460027476690259,1.12879276213362e-07
4.30234791415479e-10,-0.00460028046204405,1.10116269222055e-07
4.23422871972075e-10,-0.00460028607577325,1.07056425238546e-07
4.15571100896278e-10,-0.00460029160194275,1.03710160346582e-07
4.06132177348219e-10,-0.00460029704205383,1.00088584635352e-07
3.95771424238468e-10,-0.00460030240625163,9.62033877706916e-08
3.85966083856374e-10,-0.00460030770909343,9.20667139272249e-08
3.78145432330721e-10,-0.0046003129627548,8.76910379140601e-08
3.72876829092235e-10,-0.00460031817191504,8.30890524216458e-08
3.69562783155019e-10,-0.00460032333345173,7.82735736519437e-08
3.66808219553044e-10,-0.00460032844101243,7.32574674737601e-08
3.63230000487259e-10,-0.00460033349147447,6.80535922135134e-08
3.58235968192497e-10,-0.00460033848917312,6.2674750320428e-08
3.5233259178379e-10,-0.00460034344525238,5.71336414461887e-08
3.4680126949074e-10,-0.00460034837260474,5.14428134904862e-08
3.42945912357071e-10,-0.00460035327963325,4.56146133465434e-08
3.41350684488815e-10,-0.00460035816676005,3.96611424463488e-08
3.41567213931153e-10,-0.00460036302781993,3.35942220408107e-08
3.42394597596976e-10,-0.00460036785537732,2.742536986617e-08
3.42575402036054e-10,-0.00460037264656032,2.11657855797225e-08
3.41501451674256e-10,-0.00460037740573932,1.48263396349881e-08
3.39530514460851e-10,-0.00460038214242358,8.41756060598253e-09
3.3774734608341e-10,-0.00460038686578291,1.94961903826173e-09
3.37321574812168e-10,-0.00460039157930188,-4.56769016388623e-09
3.38837723431147e-10,-0.00460039627893685,-1.11249622904802e-08
3.41976529762888e-10,-0.00460040095589346,-1.77131900853022e-08
3.45716404451036e-10,-0.00460040560222387,-2.43237623153163e-08
3.4892487884023e-10,-0.00460041021570242,-3.09484559424151e-08
3.50993842159834e-10,-0.00460041480095029,-3.75794266050906e-08
3.52158587535521e-10,-0.00460041936618549,-4.42092019214736e-08
3.53330561874381e-10,-0.00460042391773296,-5.08306794996008e-08
3.55553618554372e-10,-0.00460042845580164,-5.7437128035553e-08
3.59402646039934e-10,-0.00460043297418221,-6.40221874949633e-08
3.64665899535222e-10,-0.00460043746401271,-7.05798644131889e-08
3.70481418519774e-10,-0.0046004419192003,-7.71045207096293e-08
3.75836185987924e-10,-0.00460044634008475,-8.35908576811845e-08
3.80134794756088e-10,-0.0046004507330874,-9.00338991386179e-08
3.83514412218199e-10,-0.00460045510664508,-9.64289777048556e-08
3.8673626680387e-10,-0.00460045946605534,-1.02771726140278e-07
3.90728307809095e-10,-0.00460046381049781,-1.09058072476921e-07
3.96048253279057e-10,-0.00460046813407437,-1.15284235495757e-07
4.02572676110178e-10,-0.00460047243015386,-1.21446716906563e-07
4.09580514454195e-10,-0.00460047669624028,-1.27542288516716e-07
4.16171408270979e-10,-0.00460048093629725,-1.33567975545097e-07
4.21772129262162e-10,-0.00460048515910635,-1.39521039396218e-07
4.26442436530213e-10,-0.00460048937374872,-1.45398963457789e-07
4.30814041238491e-10,-0.00460049358508671,-1.51199443738996e-07
4.35708738967009e-10,-0.00460049779207311,-1.56920383472139e-07
4.41661431382989e-10,-0.004600501989892,-1.62559888705249e-07
4.4862031685877e-10,-0.00460050617451035,-1.68116261578762e-07
4.55987906713825e-10,-0.00460051034672694,-1.73587989535988e-07
4.62968946321305e-10,-0.00460051451316692,-1.78973731224029e-07
4.69019136684202e-10,-0.00460051868362947,-1.84272301851625e-07
4.7413816131084e-10,-0.00460052286649571,-1.89482661162209e-07
4.78846522912039e-10,-0.00460052706509459,-1.94603905782452e-07
4.83869264696277e-10,-0.0046005312772757,-1.99635265362942e-07
4.89714392688885e-10,-0.00460053549838765,-2.04576099989916e-07
4.96387321988402e-10,-0.00460053972571857,-2.09425895894654e-07
5.03398252351546e-10,-0.0046005439615697,-2.14184257728033e-07
5.10049053144202e-10,-0.0046005482130382,-2.18850897846063e-07
5.1582887229669e-10,-0.00460055248868532,-2.23425624908395e-07
5.20691704491577e-10,-0.00460055679422076,-2.27908334586973e-07
5.25062957999156e-10,-0.0046005611299196,-2.32299004079075e-07
5.29579881234606e-10,-0.00460056549135741,-2.3659769009058e-07
5.34720798585697e-10,-0.00460056987294131,-2.4080452817522e-07
5.40535976069311e-10,-0.00460057427196907,-2.44919730780423e-07
5.46628837026446e-10,-0.00460057869065534,-2.48943582322709e-07
5.52390219025294e-10,-0.00460058313488477,-2.52876431498334e-07
5.573454307737e-10,-0.00460058761052993,-2.56718682736625e-07
5.61414622486763e-10,-0.00460059211968987,-2.60470789268582e-07
5.64942225025841e-10,-0.00460059665921884,-2.64133249429073e-07
5.68486138358666e-10,-0.00460060122243969,-2.67706606064251e-07
5.72493270864856e-10,-0.00460060580292292,-2.7119144729076e-07
5.77048185815732e-10,-0.00460061039793496,-2.74588406263705e-07
5.81834436973126e-10,-0.00460061500940677,-2.778981583562e-07
5.8632369576377e-10,-0.00460061964186773,-2.81121415771558e-07
5.90078702319047e-10,-0.00460062429870564,-2.84258921158729e-07
5.92995418846633e-10,-0.00460062897914397,-2.87311442410031e-07
5.95349604812697e-10,-0.00460063367783845,-2.90279770174061e-07
5.97627701515064e-10,-0.00460063838731923,-2.93164718120289e-07
6.00244310925124e-10,-0.00460064310171398,-2.95967124517316e-07
6.03309339676343e-10,-0.00460064781940756,-2.98687853065647e-07
6.06574687393417e-10,-0.00460065254299948,-3.01327791482303e-07
6.09584897125601e-10,-0.00460065727664389,-3.03887847717253e-07
6.11940273346494e-10,-0.00460066202249834,-3.06368945084145e-07
6.13520525823411e-10,-0.00460066677854911,-3.08772018005437e-07
6.14545176567924e-10,-0.00460067153913998,-3.11098008208857e-07
6.15440465314559e-10,-0.00460067629785616,-3.13347864632877e-07
6.16593570571398e-10,-0.00460068105093705,-3.15522546830675e-07
6.18137794196612e-10,-0.00460068579904443,-3.17623027285209e-07
6.19888582575074e-10,-0.00460069054631887,-3.1965029133135e-07
6.21461396984212e-10,-0.00460069529736538,-3.2160533468029e-07
6.22498966076258e-10,-0.00460070005409699,-3.23489159699564e-07
6.22876080133048e-10,-0.00460070481442141,-3.25302772179909e-07
6.22766976488947e-10,-0.00460070957356397,-3.27047179958713e-07
6.22541591831677e-10,-0.00460071432714978,-3.28723393675069e-07
6.22554642576283e-10,-0.00460071907407605,-3.30332428729525e-07
6.22949979567445e-10,-0.00460072381736774,-3.31875306886789e-07
6.23590174083311e-10,-0.00460072856250473,-3.33353056228311e-07
6.24147123600843e-10,-0.00460073331430411,-3.34766709152003e-07
6.24297437060815e-10,-0.00460073807433033,-3.36117299245848e-07
6.23908986994649e-10,-0.0046007428404414,-3.37405858488393e-07
6.23113593194511e-10,-0.00460074760871125,-3.38633416014562e-07
6.22228403470846e-10,-0.00460075237647108,-3.39800998777489e-07
6.21575133658133e-10,-0.00460075714453002,-3.40909633370447e-07
6.21302435814332e-10,-0.00460076191718228,-3.41960347654711e-07
6.213115708749e-10,-0.00460076670002077,-3.42954171003956e-07
6.21324078830882e-10,-0.0046007714969553,-3.43892132806101e-07
6.21048755951939e-10,-0.00460077630831064,-3.44775259869523e-07
6.20350536467019e-10,-0.00460078113117162,-3.45604573988767e-07
6.1932587908432e-10,-0.00460078596171305,-3.46381090804846e-07
6.18245053774657e-10,-0.00460079079801024,-3.471058203375e-07
6.17398113584085e-10,-0.00460079564154987,-3.47779768619511e-07
6.16934545683687e-10,-0.00460080049650672,-3.48403939267155e-07
6.16787320287466e-10,-0.00460080536727182,-3.48979333901403e-07
6.16721544857024e-10,-0.0046008102558091,-3.49506951024909e-07
6.16476317584037e-10,-0.00460081516050085,-3.49987783850987e-07
6.15916753288119e-10,-0.00460082007718187,-3.50422818163495e-07
6.15110036031397e-10,-0.00460082500167689,-3.50813031241444e-07
6.14284963915255e-10,-0.00460082993222424,-3.51159392254659e-07
6.13701503995137e-10,-0.00460083487026745,-3.51462863699489e-07
6.13506838824649e-10,-0.00460083981914749,-3.51724402876005e-07
6.13659595167714e-10,-0.00460084478155554,-3.51944962421865e-07
6.13962873467755e-10,-0.00460084975737186,-3.52125489487227e-07
6.14183992127591e-10,-0.00460085474324836,-3.52266923920844e-07
6.14190605723717e-10,-0.00460085973417577,-3.52370196389282e-07
6.14025835663314e-10,-0.00460086472602668,-3.52436227365012e-07
6.13881925792618e-10,-0.00460086971746935,-3.52465927404185e-07
6.13990500291798e-10,-0.00460087471006899,-3.52460198398577e-07
6.14494010216059e-10,-0.00460087970655108,-3.52419934951184e-07
6.15371533644945e-10,-0.00460088470835615,-3.52346024986854e-07
6.16459098230143e-10,-0.00460088971404237,-3.52239349174145e-07
6.17550064836117e-10,-0.0046008947195341,-3.52100779423838e-07
6.18516371287399e-10,-0.00460089972003868,-3.51931177247096e-07
6.19381530136963e-10,-0.0046009047124083,-3.51731392815377e-07
6.20305694647162e-10,-0.00460090969646336,-3.51502265146101e-07
6.21494001478281e-10,-0.00460091467446968,-3.5124462319364e-07
6.23082356798097e-10,-0.00460091964913359,-3.50959287125573e-07
6.25065854587176e-10,-0.0046009246214035,-3.50647068986789e-07
6.27308888559783e-10,-0.00460092958946602,-3.50308772329151e-07
6.29628666175418e-10,-0.00460093454955116,-3.49945190986077e-07
6.31902657662757e-10,-0.00460093949801374,-3.49557107652748e-07
6.34138564522923e-10,-0.00460094443336422,-3.49145293025704e-07
6.3646849215533e-10,-0.00460094935697445,-3.48710505920106e-07
6.39073011207701e-10,-0.00460095427203589,-3.48253494221927e-07
6.42080192433689e-10,-0.00460095918145136,-3.47774996069547e-07
6.45497403085131e-10,-0.00460096408599952,-3.47275740552813e-07
6.49213331447837e-10,-0.00460096898391722,-3.4675644751645e-07
6.53066875997778e-10,-0.00460097387213508,-3.46217826577223e-07
6.56941895080327e-10,-0.00460097874835861,-3.45660575908421e-07
6.60833510280379e-10,-0.0046009836126687,-3.45085381462818e-07
6.64849432246186e-10,-0.00460098846763802,-3.44492917040093e-07
6.69147614140222e-10,-0.00460099331690812,-3.43883845118753e-07
6.73847441454214e-10,-0.00460099816313942,-3.43258817947017e-07
6.78965430188454e-10,-0.00460100300662522,-3.42618478260266e-07
6.84410958399874e-10,-0.00460100784542276,-3.41963459226859e-07
6.90042542539307e-10,-0.0046010126768877,-3.41294383675533e-07
6.95750974801306e-10,-0.00460101749961876,-3.40611863064672e-07
7.01521539032568e-10,-0.00460102231457801,-3.39916496787969e-07
7.07440844209358e-10,-0.00460102712469045,-3.39208872205335e-07
7.13646168728189e-10,-0.00460103193319336,-3.38489565369127e-07
7.20247729532734e-10,-0.00460103674178744,-3.37759142027022e-07
7.27268613097349e-10,-0.0046010415497497,-3.37018158342717e-07
7.34635720264915e-10,-0.00460104635454571,-3.36267160955228e-07
7.4222522390909e-10,-0.00460105115352913,-3.35506686385588e-07
7.49935154098061e-10,-0.00460105594564076,-3.34737260170326e-07
7.57743277392183e-10,-0.00460106073203796,-3.33959396245858e-07
7.65718061494026e-10,-0.00460106551527552,-3.33173596951999e-07
7.73978019203787e-10,-0.00460107029757532,-3.32380353663951e-07
7.82624015471573e-10,-0.00460107507928717,-3.31580147709221e-07
7.91683606852199e-10,-0.00460107985850531,-3.30773451078045e-07
8.01098454745727e-10,-0.00460108463206472,-3.29960726570022e-07
8.10760556281968e-10,-0.00460108939727139,-3.29142427351204e-07
8.20575296682715e-10,-0.00460109415327083,-3.28318996231348e-07
8.30514881399263e-10,-0.00460109890120471,-3.2749086512099e-07
8.40632289514426e-10,-0.00460110364308075,-3.26658455013783e-07
8.51029120486658e-10,-0.00460110838009121,-3.25822176533547e-07
8.61796943830067e-10,-0.00460111311144963,-3.24982430767195e-07
8.72966099311146e-10,-0.00460111783447331,-3.24139609953465e-07
8.84490615808133e-10,-0.00460112254584448,-3.23294097693924e-07
8.96276620879148e-10,-0.00460112724324416,-3.22446268634222e-07
9.08236829037279e-10,-0.00460113192633167,-3.21596487865542e-07
9.20339525505574e-10,-0.00460113659647008,-3.20745110447473e-07
9.32624568455139e-10,-0.00460114125539556,-3.19892481373437e-07
9.45178420032482e-10,-0.00460114590368817,-3.19038936040853e-07
9.5808359781349e-10,-0.00460115054001234,-3.18184801002378e-07
9.71371891668513e-10,-0.00460115516159576,-3.17330394623903e-07
9.85007637432474e-10,-0.00460115976562931,-3.16476027340261e-07
9.98909540087401e-10,-0.00460116435069719,-3.15622001437424e-07
1.0129975090947e-09,-0.0046011689173409,-3.14768610560146e-07
1.02723727705829e-09,-0.00460117346741912,-3.13916139293486e-07
1.04165768517533e-09,-0.00460117800268675,-3.13064863114533e-07
1.05633174287469e-09,-0.00460118252349914,-3.1221504879292e-07
1.07133330008594e-09,-0.00460118702845411,-3.11366955063374e-07
1.08669456304127e-09,-0.00460119151518106,-3.1052083324612e-07
1.10238841066248e-09,-0.00460119598176238,-3.09676927530988e-07
1.11834471101634e-09,-0.00460120042788282,-3.08835474840353e-07
1.13449035325685e-09,-0.00460120485498755,-3.07996704426777e-07
1.15078964812715e-09,-0.0046012092653635,-3.07160837506323e-07
1.16726228011516e-09,-0.00460121366073597,-3.06328087199153e-07
1.18396938788791e-09,-0.00460121804126671,-3.05498658867091e-07
1.20097663936627e-09,-0.0046012224055732,-3.04672750711152e-07
1.21831587413018e-09,-0.0046012267517367,-3.03850554349629e-07
1.23596701269599e-09,-0.00460123107864624,-3.03032255117321e-07
1.25386980551456e-09,-0.00460123538682484,-3.02218031992006e-07
1.27195784725045e-09,-0.00460123967822345,-3.01408057267771e-07
1.29019495247452e-09,-0.00460124395512476,-3.00602496233782e-07
1.30859328499906e-09,-0.00460124821885583,-2.99801507105852e-07
1.32720358452991e-09,-0.00460125246911751,-2.9900524130747e-07
1.34608389079102e-09,-0.00460125670433812,-2.98213843996459e-07
1.36526510130193e-09,-0.00460126092280906,-2.97427454597966e-07
1.38473290693383e-09,-0.00460126512387336,-2.96646207108215e-07
1.4044357863116e-09,-0.00460126930841668,-2.9587023007002e-07
1.42431372386419e-09,-0.00460127347836111,-2.95099646309302e-07
1.44433078628768e-09,-0.00460127763549389,-2.94334572653644e-07
1.46449304694688e-09,-0.00460128178037559,-2.93575119856671e-07
1.48484220382865e-09,-0.00460128591201115,-2.92821392828534e-07
1.50542926293432e-09,-0.00460129002847703,-2.92073491096406e-07
1.52628377409703e-09,-0.00460129412809462,-2.91331509291099e-07
1.54739612759182e-09,-0.00460129821040409,-2.90595537447108e-07
1.56872249379862e-09,-0.0046013022763306,-2.89865661015092e-07
1.59020890316048e-09,-0.00460130632745237,-2.89141960650858e-07
1.6118202695124e-09,-0.00460131036484637,-2.88424511968517e-07
1.63355781768877e-09,-0.00460131438824496,-2.87713385459373e-07
1.65545544464425e-09,-0.00460131839603031,-2.87008646677628e-07
1.67755773492789e-09,-0.00460132238605877,-2.86310356639622e-07
1.69989262162368e-09,-0.00460132635678638,-2.85618572264017e-07
1.7224542963363e-09,-0.00460133030798653,-2.84933346661991e-07
1.74520569313747e-09,-0.00460133424061843,-2.84254729176751e-07
1.76809852706038e-09,-0.00460133815594583,-2.83582765215758e-07
1.79109902165775e-09,-0.00460134205447485,-2.82917496034018e-07
1.81420462327428e-09,-0.00460134593538405,-2.82258958648962e-07
1.83744255219264e-09,-0.00460134979679997,-2.81607185986701e-07
1.86085158320455e-09,-0.00460135363673429,-2.80962207225133e-07
1.88445787150199e-09,-0.00460135745408616,-2.80324048188639e-07
1.90825859432889e-09,-0.00460136124907717,-2.79692731715814e-07
1.93222185961148e-09,-0.0046013650228696,-2.79068278594135e-07
1.95630299093815e-09,-0.0046013687766153,-2.7845070775143e-07
1.98046766539607e-09,-0.00460137251053738,-2.77840035424122e-07
2.00470804643346e-09,-0.00460137622363485,-2.77236274667729e-07
2.02904320462854e-09,-0.00460137991418173,-2.76639435264946e-07
2.05350423015103e-09,-0.00460138358069516,-2.76049523916143e-07
2.07811300160763e-09,-0.00460138722275737,-2.75466544540281e-07
2.10286683741015e-09,-0.00460139084117805,-2.74890498508783e-07
2.12773752946074e-09,-0.00460139443740595,-2.74321384704422e-07
2.15268486131911e-09,-0.00460139801257137,-2.73759199412276e-07
2.17767652767142e-09,-0.00460140156676635,-2.73203936150488e-07
2.20270301083009e-09,-0.00460140509901002,-2.72655585581922e-07
2.22777917679379e-09,-0.00460140860790847,-2.72114135598791e-07
2.25293210987784e-09,-0.00460141209258199,-2.71579571572279e-07
2.27818248847163e-09,-0.00460141555327107,-2.71051876666211e-07
2.30353021978126e-09,-0.00460141899124391,-2.70531032080509e-07
2.32895230850387e-09,-0.00460142240807258,-2.70017017133635e-07
2.354413775984e-09,-0.00460142580474074,-2.69509809186291e-07
2.3798850530612e-09,-0.00460142918114351,-2.69009383497467e-07
2.40535582282677e-09,-0.00460143253628522,-2.6851571313841e-07
2.43083761021347e-09,-0.00460143586903684,-2.68028769052718e-07
2.45635401145221e-09,-0.00460143917896604,-2.67548520264556e-07
2.48192446923651e-09,-0.00460144246671498,-2.67074934152585e-07
2.50755095667935e-09,-0.00460144573369349,-2.6660797667193e-07
2.53321499518774e-09,-0.00460144898128954,-2.66147612438761e-07
2.5588863630485e-09,-0.00460145221009861,-2.65693804671631e-07
2.5845382086769e-09,-0.00460145541965406,-2.65246515063987e-07
2.61015983368674e-09,-0.00460145860881808,-2.64805703698057e-07
2.63576000228011e-09,-0.00460146177657558,-2.64371329082814e-07
2.66135920747727e-09,-0.00460146492272474,-2.63943348325228e-07
2.68697560867001e-09,-0.00460146804803123,-2.63521717367877e-07
2.71261277889822e-09,-0.00460147115375731,-2.63106391189893e-07
2.73825612148006e-09,-0.00460147424087136,-2.62697323891459e-07
2.76387970466165e-09,-0.00460147730943947,-2.62294468649677e-07
2.78945932625727e-09,-0.0046014803585785,-2.61897777605928e-07
2.81498423530951e-09,-0.00460148338699125,-2.61507201780959e-07
2.84046093534611e-09,-0.00460148639373907,-2.61122691094563e-07
2.86590717185837e-09,-0.00460148937876331,-2.60744194504583e-07
2.89133980801116e-09,-0.0046014923428335,-2.60371660211473e-07
2.91676362606858e-09,-0.00460149528696522,-2.60005035838742e-07
2.94216734694997e-09,-0.00460149821168334,-2.59644268515323e-07
2.96752888653628e-09,-0.00460150111659756,-2.59289304843066e-07
2.99282658888208e-09,-0.00460150400055337,-2.5894009079726e-07
3.01804990526031e-09,-0.0046015068622561,-2.58596571643783e-07
3.04320350727595e-09,-0.00460150970097018,-2.58258691943801e-07
3.06830271905624e-09,-0.00460151251685499,-2.57926395664721e-07
3.09336312118517e-09,-0.004601515310734,-2.57599626354847e-07
3.11839037930909e-09,-0.00460151808345328,-2.57278327304027e-07
3.14337603198786e-09,-0.00460152083524064,-2.56962441622337e-07
3.16830142692399e-09,-0.00460152356546952,-2.56651912216667e-07
3.19314732529586e-09,-0.00460152627297103,-2.56346681702817e-07
3.21790357238853e-09,-0.00460152895669056,-2.560466923253e-07
3.24257337247935e-09,-0.0046015316162722,-2.55751885949883e-07
3.26716992472472e-09,-0.00460153425220617,-2.55462204150229e-07
3.29170756038678e-09,-0.00460153686545454,-2.55177588355636e-07
3.316192558215e-09,-0.00460153945679968,-2.54897979992863e-07
3.34061883280377e-09,-0.00460154202632956,-2.54623320559979e-07
3.36497077539192e-09,-0.0046015445733813,-2.5435355160996e-07
3.38923141669651e-09,-0.00460154709697127,-2.54088614672934e-07
3.41339113469296e-09,-0.00460154959643341,-2.53828451179089e-07
3.43745197375986e-09,-0.00460155207186125,-2.53573002441514e-07
3.4614252752261e-09,-0.00460155452407879,-2.53322209721965e-07
3.48532416809483e-09,-0.0046015569541653,-2.53076014354525e-07
3.50915532135814e-09,-0.00460155936283919,-2.52834357869786e-07
3.53291463688377e-09,-0.0046015617500891,-2.52597182063162e-07
3.55658918916941e-09,-0.00460156411527899,-2.52364428983815e-07
3.58016411881387e-09,-0.00460156645765225,-2.52136040865816e-07
3.60363043094453e-09,-0.0046015687769104,-2.51911960054539e-07
3.6269892669902e-09,-0.00460157107350043,-2.51692128981943e-07
3.65025034944344e-09,-0.0046015733484335,-2.51476490214594e-07
3.67342566152901e-09,-0.00460157560275511,-2.51264986556053e-07
3.69652208007749e-09,-0.00460157783700372,-2.51057561154715e-07
3.71953715321619e-09,-0.00460158005099675,-2.50854157566228e-07
3.74246030642439e-09,-0.00460158224407153,-2.50654719746448e-07
3.7652786238579e-09,-0.00460158441562141,-2.50459191990483e-07
3.7879837959464e-09,-0.00460158656558402,-2.50267518862917e-07
3.81057627392176e-09,-0.00460158869457487,-2.50079645167436e-07
3.83306437388307e-09,-0.00460159080358688,-2.4989551597996e-07
3.85545899560614e-09,-0.00460159289345095,-2.49715076732364e-07
3.87776707575433e-09,-0.00460159496439935,-2.49538273305428e-07
3.899987510834e-09,-0.00460159701600397,-2.49365052085273e-07
3.92211177278866e-09,-0.00460159904752174,-2.49195359959355e-07
3.94412872070315e-09,-0.00460160105842327,-2.49029144262589e-07
3.96603075909709e-09,-0.00460160304876959,-2.48866352711636e-07
3.98781782335419e-09,-0.00460160501920285,-2.48706933370562e-07
4.00949701087454e-09,-0.00460160697056321,-2.48550834671631e-07
4.03107820354449e-09,-0.00460160890337899,-2.48398005482888e-07
4.05256827909819e-09,-0.00460161081755278,-2.48248395187652e-07
4.07396722331474e-09,-0.00460161271243822,-2.48101953735143e-07
4.09526827704416e-09,-0.00460161458725344,-2.47958631638775e-07
4.11646190692719e-09,-0.0046016164415669,-2.47818379928644e-07
4.13754123689219e-09,-0.00460161827555021,-2.47681150090094e-07
4.15850582774124e-09,-0.00460162008984378,-2.47546894026813e-07
4.17936172310547e-09,-0.00460162188512712,-2.47415564071645e-07
4.20011785362608e-09,-0.00460162366166938,-2.47287113040303e-07
4.22078094403161e-09,-0.00460162541914408,-2.47161494298889e-07
4.24135184493766e-09,-0.00460162715682096,-2.47038661808986e-07
4.26182531451559e-09,-0.00460162887400963,-2.46918570127719e-07
4.28219326366939e-09,-0.00460163057047317,-2.46801174366006e-07
4.30244952284074e-09,-0.00460163224655343,-2.46686430131549e-07
4.32259339113784e-09,-0.0046016339029349,-2.46574293490646e-07
4.34263000248262e-09,-0.00460163554020226,-2.46464720971003e-07
4.3625674024265e-09,-0.00460163715847357,-2.46357669603668e-07
4.38241208940499e-09,-0.00460163875733902,-2.46253096980011e-07
4.40216558548554e-09,-0.00460164033613928,-2.46150961291704e-07
4.42182393939618e-09,-0.00460164189440364,-2.460512213321e-07
4.44138034918501e-09,-0.00460164343217039,-2.45953836459746e-07
4.46082932500423e-09,-0.00460164494999041,-2.45858766545872e-07
4.48016999316573e-09,-0.0046016464486169,-2.45765971935941e-07
4.49940670318845e-09,-0.00460164792858127,-2.45675413446237e-07
4.51854668006081e-09,-0.00460164938992318,-2.45587052395935e-07
4.53759614011978e-09,-0.00460165083224174,-2.45500850654846e-07
4.55655711120468e-09,-0.00460165225502992,-2.45416770678728e-07
4.5754267294001e-09,-0.00460165365807727,-2.45334775511708e-07
4.59419933067848e-09,-0.00460165504168621,-2.45254828754586e-07
4.61287006804658e-09,-0.00460165640656849,-2.45176894516843e-07
4.63143796382397e-09,-0.00460165775349126,-2.45100937378715e-07
4.64990669161725e-09,-0.00460165908289854,-2.45026922383109e-07
4.66828271806863e-09,-0.00460166039474523,-2.44954815059488e-07
4.68657193636897e-09,-0.00460166168864385,-2.44884581463644e-07
4.70477673918841e-09,-0.00460166296422581,-2.44816188208763e-07
4.72289516905707e-09,-0.00460166422148598,-2.44749602468712e-07
4.74092255984168e-09,-0.00460166546089359,-2.44684791950673e-07
4.75885466368489e-09,-0.00460166668320267,-2.44621724851616e-07
4.77669045106196e-09,-0.00460166788908534,-2.44560369821599e-07
4.79443301344042e-09,-0.00460166907882024,-2.44500695952258e-07
4.81208811861775e-09,-0.00460167025223039,-2.44442672793982e-07
4.82966130802872e-09,-0.00460167140890471,-2.44386270388876e-07
4.84715522031471e-09,-0.00460167254855899,-2.44331459298032e-07
4.86456864448732e-09,-0.00460167367130685,-2.44278210605466e-07
4.88189778228132e-09,-0.00460167477767146,-2.44226495894731e-07
4.89913893706691e-09,-0.00460167586833468,-2.44176287209748e-07
4.91629106613336e-09,-0.00460167694378515,-2.44127557019827e-07
4.93335675964042e-09,-0.00460167800408802,-2.44080278205797e-07
4.95034114306981e-09,-0.00460167904891872,-2.44034424071776e-07
4.96724938792991e-09,-0.00460168007783568,-2.43989968372316e-07
4.98408427957953e-09,-0.0046016810906167,-2.43946885336314e-07
5.00084521307885e-09,-0.00460168208744695,-2.43905149671463e-07
5.01752913856477e-09,-0.0046016830688434,-2.43864736544504e-07
5.03413286075145e-09,-0.0046016840353675,-2.4382562154623e-07
5.05065535148343e-09,-0.00460168498731079,-2.43787780658589e-07
5.06709876923928e-09,-0.00460168592455159,-2.43751190239377e-07
5.08346765064325e-09,-0.00460168684667074,-2.43715827029682e-07
5.09976678778119e-09,-0.00460168775324998,-2.43681668176089e-07
5.11599903081366e-09,-0.00460168864416328,-2.43648691251659e-07
5.13216425845586e-09,-0.00460168951967873,-2.43616874260813e-07
5.14826006046025e-09,-0.0046016903803109,-2.43586195622812e-07
5.16428369265387e-09,-0.0046016912265209,-2.4355663414077e-07
5.18023416047925e-09,-0.00460169205845571,-2.4352816897108e-07
5.19611306381679e-09,-0.00460169287588844,-2.43500779869598e-07
5.21192223010655e-09,-0.00460169367839979,-2.43474449697311e-07
5.22766120202243e-09,-0.00460169446567968,-2.43449165363167e-07
5.24332653327286e-09,-0.00460169523775537,-2.43424916011504e-07
5.25891157573365e-09,-0.00460169599500966,-2.43401691880357e-07
5.27440737103095e-09,-0.00460169673797931,-2.4337948370605e-07
5.28980452018872e-09,-0.0046016974670639,-2.43358282406058e-07
5.30509516180381e-09,-0.00460169818232986,-2.43338078907986e-07
5.32027405065948e-09,-0.00460169888353115,-2.43318864063093e-07
5.33533821288336e-09,-0.00460169957033045,-2.43300628613431e-07
5.35028544539403e-09,-0.00460170024257875,-2.4328336319099e-07
5.36511255696473e-09,-0.00460170090047653,-2.43267058329342e-07
5.37981435831218e-09,-0.00460170154451748,-2.43251704471626e-07
5.39438394983669e-09,-0.00460170217525311,-2.4323729196683e-07
5.40881410331597e-09,-0.00460170279302896,-2.43223811056327e-07
5.42309892126296e-09,-0.00460170339785826,-2.4321125186009e-07
5.43723482565516e-09,-0.00460170398950965,-2.4319960437307e-07
5.45122033590189e-09,-0.00460170456775018,-2.43188858476786e-07
5.46505479640673e-09,-0.00460170513258793,-2.43179003962694e-07
5.47873680201784e-09,-0.00460170568436129,-2.43170030557292e-07
5.49226321678008e-09,-0.00460170622362104,-2.43161927938029e-07
5.5056293181358e-09,-0.00460170675088194,-2.43154685734448e-07
5.51882994664414e-09,-0.00460170726640164,-2.43148293517181e-07
5.53186097731571e-09,-0.00460170777012468,-2.43142740784024e-07
5.54472026870173e-09,-0.00460170826182377,-2.43138016953544e-07
5.55740756739778e-09,-0.0046017087413457,-2.43134111371941e-07
5.56992345180223e-09,-0.00460170920880547,-2.431310133311e-07
5.58226793889793e-09,-0.00460170966460699,-2.43128712089514e-07
5.59443954844055e-09,-0.00460171010927974,-2.43127196886286e-07
5.60643533563525e-09,-0.00460171054323675,-2.4312645694263e-07
5.61825184054212e-09,-0.00460171096660676,-2.4312648145239e-07
5.62988638654176e-09,-0.00460171137924455,-2.43127259569315e-07
5.64133798105362e-09,-0.00460171178090997,-2.43128780400299e-07
5.65260731983672e-09,-0.00460171217150008,-2.43131033010147e-07
5.66369591813837e-09,-0.00460171255118797,-2.431340064367e-07
5.67460488428745e-09,-0.00460171292038217,-2.43137689709334e-07
5.68533403690101e-09,-0.00460171327953541,-2.43142071862205e-07
5.69588185085632e-09,-0.00460171362892505,-2.43147141936715e-07
5.70624623392245e-09,-0.00460171396854397,-2.43152888974073e-07
5.71642566697136e-09,-0.00460171429816861,-2.43159302004309e-07
5.72642005016101e-09,-0.00460171461755888,-2.43166370039925e-07
5.73623078433872e-09,-0.00460171492666244,-2.43174082079492e-07
5.7458600636213e-09,-0.00460171522569533,-2.43182427120693e-07
5.75530980125043e-09,-0.00460171551505049,-2.43191394177041e-07
5.76458080468034e-09,-0.00460171579509487,-2.43200972290599e-07
5.77367265559633e-09,-0.00460171606598479,-2.43211150535478e-07
5.78258433827464e-09,-0.00460171632761542,-2.43221918012334e-07
5.79131523580032e-09,-0.0046017165797345,-2.43233263839112e-07
5.79986591807663e-09,-0.00460171682214654,-2.43245177145218e-07
5.80823828131977e-09,-0.00460171705487809,-2.43257647074205e-07
5.81643497887948e-09,-0.00460171727820129,-2.43270662795002e-07
5.8244584853332e-09,-0.00460171749250363,-2.43284213516917e-07
5.83231033199233e-09,-0.00460171769808842,-2.4329828850166e-07
5.83999093826536e-09,-0.00460171789503277,-2.43312877067485e-07
5.84750011346244e-09,-0.00460171808319171,-2.43327968585165e-07
5.85483792280518e-09,-0.00460171826234356,-2.43343552470106e-07
5.86200541550164e-09,-0.00460171843238325,-2.43359618176903e-07
5.86900480653965e-09,-0.00460171859344156,-2.43376155201095e-07
5.87583902529886e-09,-0.00460171874585657,-2.43393153088546e-07
5.8825109042997e-09,-0.00460171889001785,-2.43410601448618e-07
5.88902247599808e-09,-0.00460171902618327,-2.43428489965223e-07
5.89537476973389e-09,-0.00460171915438395,-2.43446808401139e-07
5.90156820618045e-09,-0.00460171927447556,-2.4346554659498e-07
5.90760334620037e-09,-0.00460171938630132,-2.4348469445425e-07
5.91348155880463e-09,-0.00460171948986229,-2.43504241950065e-07
5.9192052322864e-09,-0.00460171958538777,-2.43524179117855e-07
5.92477742250786e-09,-0.004601719673263,-2.43544496064947e-07
5.93020115349891e-09,-0.0046017197538616,-2.43565182981807e-07
5.93547877499386e-09,-0.00460171982738943,-2.43586230151855e-07
5.94061173660836e-09,-0.00460171989383729,-2.43607627955607e-07
5.9456008917538e-09,-0.00460171995307036,-2.436293668682e-07
5.95044714174685e-09,-0.00460172000499545,-2.43651437453092e-07
5.95515204463215e-09,-0.0046017200496997,-2.43673830356745e-07
5.95971804501444e-09,-0.00460172008747349,-2.43696536308322e-07
5.96414820618559e-09,-0.00460172011870502,-2.43719546125445e-07
5.96844561050731e-09,-0.00460172014371439,-2.43742850723523e-07
5.97261277613643e-09,-0.00460172016263215,-2.43766441124232e-07
5.97665141785868e-09,-0.00460172017539772,-2.43790308459245e-07
5.98056267519054e-09,-0.00460172018187631,-2.43814443968048e-07
5.98434766325348e-09,-0.00460172018201898,-2.43838838992066e-07
5.9880080243116e-09,-0.0046017201759642,-2.43863484969236e-07
5.99154616781821e-09,-0.00460172016401805,-2.43888373432758e-07
5.99496507252628e-09,-0.00460172014652733,-2.43913496015175e-07
5.998267775466e-09,-0.00460172012372677,-2.43938844455917e-07
6.00145684546784e-09,-0.00460172009565688,-2.43964410608439e-07
6.00453413814906e-09,-0.00460172006220267,-2.43990186443378e-07
6.00750096101656e-09,-0.0046017200232271,-2.44016164046553e-07
6.01035854179198e-09,-0.0046017199787138,-2.44042335613412e-07
6.01310852527624e-09,-0.00460171992882947,-2.44068693443518e-07
6.01575321680607e-09,-0.00460171987386796,-2.44095229938475e-07
6.01829544226406e-09,-0.00460171981411342,-2.44121937604573e-07
6.02073811531101e-09,-0.00460171974970971,-2.44148809058691e-07
6.02308376476013e-09,-0.00460171968061832,-2.44175837034168e-07
6.02533428965295e-09,-0.00460171960668988,-2.44203014383437e-07
6.02749107248207e-09,-0.00460171952780275,-2.44230334076111e-07
6.02955537476833e-09,-0.00460171944398072,-2.44257789193718e-07
6.03152878229969e-09,-0.00460171935541648,-2.44285372924188e-07
6.03341344663799e-09,-0.00460171926238786,-2.44313078559129e-07
6.03521199267249e-09,-0.00460171916512139,-2.44340899495271e-07
6.0369271545515e-09,-0.00460171906368995,-2.44368829238947e-07
6.03856135365595e-09,-0.00460171895800858,-2.44396861410881e-07
6.04011645831479e-09,-0.00460171884792952,-2.44424989748319e-07
6.04159385468648e-09,-0.00460171873337552,-2.44453208103182e-07
6.04299477857816e-09,-0.00460171861442718,-2.44481510437116e-07
6.04432071237039e-09,-0.00460171849131038,-2.44509890816087e-07
6.04557362058803e-09,-0.00460171836429346,-2.44538343407201e-07
6.04675589598742e-09,-0.00460171823356037,-2.44566862479161e-07
6.04787005549068e-09,-0.00460171809913989,-2.44595442405597e-07
6.0489183652481e-09,-0.00460171796093461,-2.4462407766891e-07
6.04990260839962e-09,-0.00460171781882986,-2.44652762861998e-07
6.05082412185175e-09,-0.00460171767281295,-2.44681492686504e-07
6.05168407257114e-09,-0.00460171752302765,-2.44710261948248e-07
6.05248380964777e-09,-0.00460171736973065,-2.44739065551974e-07
6.05322509084404e-09,-0.00460171721317902,-2.44767898497906e-07
6.05391005955306e-09,-0.00460171705352029,-2.44796755881469e-07
6.05454099292389e-09,-0.00460171689075419,-2.44825632895672e-07
6.05511997034665e-09,-0.00460171672478864,-2.44854524834194e-07
6.05564865181141e-09,-0.00460171655555338,-2.44883427092771e-07
6.05612828756419e-09,-0.00460171638309861,-2.44912335167614e-07
6.05655994620662e-09,-0.00460171620761689,-2.44941244651195e-07
6.05694482548804e-09,-0.00460171602937554,-2.44970151227283e-07
6.05728446767452e-09,-0.00460171584860333,-2.44999050667376e-07
6.05758076086078e-09,-0.00460171566540323,-2.45027938829912e-07
6.05783573215348e-09,-0.00460171547974531,-2.45056811661903e-07
6.0580512559557e-09,-0.0046017152915429,-2.45085665201386e-07
6.05822884463156e-09,-0.00460171510076259,-2.45114495578572e-07
6.05836963703277e-09,-0.00460171490749821,-2.45143299014435e-07
6.05847458508171e-09,-0.00460171471196289,-2.45172071816935e-07
6.0585447267836e-09,-0.00460171451440519,-2.45200810376389e-07
6.05858138888258e-09,-0.00460171431500319,-2.45229511161931e-07
6.05858620698439e-09,-0.00460171411380332,-2.45258170720346e-07
6.05856095749795e-09,-0.00460171391074142,-2.45286785677126e-07
6.05850730219254e-09,-0.00460171370573145,-2.45315352738458e-07
6.05842659231759e-09,-0.00460171349876501,-2.45343868692207e-07
6.05831984096221e-09,-0.00460171328995881,-2.453723304067e-07
6.05818787396343e-09,-0.0046017130795212,-2.45400734827377e-07
6.05803156865458e-09,-0.00460171286766007,-2.45429078972535e-07
6.0578520429026e-09,-0.00460171265449083,-2.45457359929918e-07
6.05765068937909e-09,-0.00460171244000247,-2.45485574855334e-07
6.05742904061926e-09,-0.004601712224102,-2.45513720973303e-07
6.05718854639543e-09,-0.00460171200670816,-2.4554179557865e-07
6.05693039190114e-09,-0.00460171178783487,-2.45569796037365e-07
6.05665545816152e-09,-0.00460171156761226,-2.45597719785632e-07
6.05636444255726e-09,-0.00460171134623315,-2.45625564326894e-07
6.05605806656792e-09,-0.00460171112385989,-2.45653327228002e-07
6.05573725073145e-09,-0.004601710900551,-2.45681006116018e-07
6.05540315918391e-09,-0.0046017106762533,-2.45708598676708e-07
6.05505709285126e-09,-0.0046017104508637,-2.45736102654904e-07
6.05470029638335e-09,-0.00460171022432078,-2.45763515855789e-07
6.05433379061597e-09,-0.00460170999666824,-2.45790836145691e-07
6.05395818419044e-09,-0.00460170976806086,-2.45818061648259e-07
6.05357241864749e-09,-0.00460170953868425,-2.45845192620825e-07
6.05317341268458e-09,-0.00460170930865742,-2.45872232145513e-07
6.05275717687549e-09,-0.00460170907799353,-2.45899184751106e-07
6.05231947877427e-09,-0.004601708846617,-2.45926055550139e-07
6.05185607911515e-09,-0.00460170861443624,-2.45952849802064e-07
6.05136272883398e-09,-0.00460170838142631,-2.45979572696552e-07
6.05083509919717e-09,-0.00460170814766958,-2.46006229246952e-07
6.05026877098954e-09,-0.00460170791332951,-2.46032824236926e-07
6.04965932991362e-09,-0.00460170767857474,-2.46059362192602e-07
6.04900253247418e-09,-0.00460170744350193,-2.4608584736795e-07
6.04829445702973e-09,-0.00460170720810547,-2.46112283738656e-07
6.04753156009492e-09,-0.00460170697231235,-2.46138675002546e-07
6.04671061095299e-09,-0.00460170673605923,-2.46165024585052e-07
6.04582854528384e-09,-0.00460170649936249,-2.46191335647793e-07
6.04488232187841e-09,-0.00460170626233751,-2.46217611098184e-07
6.04386886150226e-09,-0.00460170602515581,-2.46243853598305e-07
6.04278509780256e-09,-0.0046017057879679,-2.46270065572273e-07
6.04162810584302e-09,-0.0046017055508409,-2.4629624921234e-07
6.04039523113329e-09,-0.00460170531374965,-2.46322406484645e-07
6.03908414415053e-09,-0.00460170507662605,-2.46348539135537e-07
6.0376927898284e-09,-0.00460170483943448,-2.46374648698858e-07
6.03621926176885e-09,-0.00460170460222551,-2.46400736503799e-07
6.03466167247257e-09,-0.00460170436513432,-2.46426803682508e-07
6.0330180909949e-09,-0.00460170412832566,-2.46452851176621e-07
6.0312865790551e-09,-0.00460170389192065,-2.46478879742463e-07
6.02946530016602e-09,-0.0046017036559517,-2.46504889955287e-07
6.02755263587338e-09,-0.00460170342037318,-2.46530882213447e-07
6.02554724132939e-09,-0.00460170318512022,-2.46556856743328e-07
6.02344800881008e-09,-0.0046017029501779,-2.46582813605307e-07
6.02125396081669e-09,-0.00460170271561699,-2.46608752700434e-07
6.01896413349378e-09,-0.00460170248157443,-2.46634673777076e-07
6.01657751471242e-09,-0.00460170224819153,-2.46660576436696e-07
6.01409306831496e-09,-0.0046017020155494,-2.46686460138537e-07
6.01150982636987e-09,-0.00460170178364222,-2.46712324203439e-07
6.00882699341698e-09,-0.00460170155240443,-2.46738167817603e-07
6.00604400185103e-09,-0.00460170132177394,-2.46763990036975e-07
6.00316048701475e-09,-0.00460170109175106,-2.46789789792625e-07
6.0001761969397e-09,-0.00460170086241619,-2.46815565896861e-07
5.99709088823407e-09,-0.00460170063389588,-2.46841317049376e-07
5.99390426575204e-09,-0.0046017004062995,-2.46867041842749e-07
5.99061599723159e-09,-0.00460170017966665,-2.46892738766978e-07
5.98722579071817e-09,-0.00460169995395847,-2.4691840621324e-07
5.98373348764833e-09,-0.00460169972909743,-2.46944042477502e-07
5.98013911705314e-09,-0.00460169950503003,-2.46969645764684e-07
5.97644288004449e-09,-0.00460169928177267,-2.46995214193668e-07
5.97264507422091e-09,-0.00460169905941223,-2.47020745802954e-07
5.96874600119126e-09,-0.00460169883806185,-2.47046238556413e-07
5.96474590864385e-09,-0.00460169861780042,-2.47071690348507e-07
5.96064499730781e-09,-0.00460169839863418,-2.47097099008636e-07
5.95644348551345e-09,-0.00460169818050434,-2.47122462304756e-07
5.95214169184476e-09,-0.0046016979633351,-2.47147777946781e-07
5.94774008737839e-09,-0.00460169774709148,-2.47173043590416e-07
5.94323928783479e-09,-0.00460169753181048,-2.47198256841653e-07
5.93863999073266e-09,-0.00460169731758654,-2.47223415261878e-07
5.93394289370243e-09,-0.00460169710452115,-2.47248516373085e-07
5.92914863955598e-09,-0.004601696892669,-2.47273557662604e-07
5.92425781721043e-09,-0.00460169668201453,-2.47298536587069e-07
5.91927101507148e-09,-0.00460169647249318,-2.47323450575657e-07
5.91418889407318e-09,-0.0046016962640433,-2.47348297033106e-07
5.909012237426e-09,-0.00460169605665562,-2.47373073342971e-07
5.90374194878457e-09,-0.00460169585038926,-2.47397776871492e-07
5.8983790005327e-09,-0.00460169564534482,-2.47422404971956e-07
5.89292436204952e-09,-0.00460169544161205,-2.47446954989148e-07
5.88737894816132e-09,-0.00460169523922547,-2.47471424263433e-07
5.88174361537762e-09,-0.00460169503815556,-2.47495810134118e-07
5.87601920563274e-09,-0.00460169483834057,-2.47520109942123e-07
5.87020661045838e-09,-0.00460169463973815,-2.47544321032406e-07
5.86430681789856e-09,-0.0046016944423641,-2.4756844075654e-07
5.85832091540359e-09,-0.00460169424629402,-2.47592466475772e-07
5.8522500477283e-09,-0.00460169405162735,-2.47616395564508e-07
5.84609535425206e-09,-0.00460169385843702,-2.47640225413924e-07
5.83985792107844e-09,-0.0046016936667364,-2.47663953435238e-07
5.83353877371131e-09,-0.0046016934764841,-2.47687577062347e-07
5.82713891247917e-09,-0.00460169328762277,-2.47711093753854e-07
5.82065936866027e-09,-0.00460169310012712,-2.47734500994788e-07
5.81410124831689e-09,-0.00460169291403057,-2.47757796298421e-07
5.80746573883457e-09,-0.00460169272941426,-2.47780977208452e-07
5.80075407504064e-09,-0.00460169254636578,-2.47804041301627e-07
5.7939674847752e-09,-0.00460169236493402,-2.47826986190445e-07
5.7871071446739e-09,-0.00460169218510849,-2.47849809525589e-07
5.78017417025315e-09,-0.00460169200683574,-2.47872508997811e-07
5.77316964423929e-09,-0.00460169183006181,-2.47895082339274e-07
5.76609466539777e-09,-0.00460169165477372,-2.4791752732457e-07
5.75895038913584e-09,-0.00460169148101385,-2.479398417718e-07
5.75173803677025e-09,-0.00460169130885862,-2.47962023543953e-07
5.74445886871285e-09,-0.00460169113837552,-2.47984070550634e-07
5.73711413741556e-09,-0.00460169096958565,-2.48005980749957e-07
5.72970504686778e-09,-0.00460169080245543,-2.48027752150179e-07
5.72223274084171e-09,-0.00460169063692205,-2.48049382810882e-07
5.71469832520123e-09,-0.0046016904729363,-2.48070870843663e-07
5.70710291014739e-09,-0.00460169031049546,-2.48092214412538e-07
5.69944764758309e-09,-0.00460169014964597,-2.48113411734327e-07
5.69173374231034e-09,-0.00460168999045453,-2.48134461079316e-07
5.6839624312119e-09,-0.00460168983296651,-2.48155360772253e-07
5.6761349428456e-09,-0.00460168967717793,-2.4817610919347e-07
5.66825246055886e-09,-0.00460168952303849,-2.48196704779849e-07
5.66031610950921e-09,-0.0046016893704833,-2.48217146025388e-07
5.65232697381918e-09,-0.00460168921947287,-2.48237431481341e-07
5.64428613300051e-09,-0.00460168907001632,-2.48257559756087e-07
5.63619469613139e-09,-0.00460168892216341,-2.48277529514933e-07
5.62805381434536e-09,-0.00460168877597102,-2.48297339480211e-07
5.61986466505544e-09,-0.00460168863146557,-2.48316988431636e-07
5.61162841742475e-09,-0.0046016884886251,-2.48336475206819e-07
5.60334619897584e-09,-0.00460168834739206,-2.48355798701681e-07
5.59501908190393e-09,-0.00460168820770813,-2.48374957870514e-07
5.5866480959873e-09,-0.00460168806954913,-2.48393951725685e-07
5.57823425975269e-09,-0.00460168793293787,-2.48412779337073e-07
5.56977861153751e-09,-0.00460168779792748,-2.48431439831486e-07
5.56128222278113e-09,-0.00460168766456597,-2.48449932392279e-07
5.55274618643277e-09,-0.00460168753286479,-2.48468256259225e-07
5.54417158765318e-09,-0.00460168740279095,-2.4848641072855e-07
5.53555947374598e-09,-0.00460168727428737,-2.4850439515289e-07
5.52691084017023e-09,-0.00460168714730811,-2.48522208941021e-07
5.51822663987433e-09,-0.00460168702184623,-2.48539851557211e-07
5.5095078098314e-09,-0.00460168689793676,-2.4855732252037e-07
5.50075529913819e-09,-0.00460168677563345,-2.48574621403164e-07
5.49197008268232e-09,-0.00460168665497414,-2.48591747831309e-07
5.48315315300176e-09,-0.0046016865359568,-2.48608701483089e-07
5.47430549558992e-09,-0.00460168641854105,-2.48625482089042e-07
5.4654280619646e-09,-0.00460168630267372,-2.48642089431605e-07
5.45652175568152e-09,-0.00460168618832204,-2.48658523344567e-07
5.44758743870854e-09,-0.00460168607549342,-2.48674783712237e-07
5.43862595387491e-09,-0.00460168596422956,-2.48690870468384e-07
5.42963815017672e-09,-0.00460168585457906,-2.48706783595188e-07
5.42062489649745e-09,-0.00460168574656591,-2.48722523122301e-07
5.4115870763282e-09,-0.0046016856401738,-2.48738089126143e-07
5.40252556705621e-09,-0.00460168553535581,-2.48753481729342e-07
5.39344121590822e-09,-0.00460168543206285,-2.48768701100172e-07
5.3843348262288e-09,-0.00460168533027279,-2.48783747451852e-07
5.37520716149267e-09,-0.00460168523000183,-2.48798621041596e-07
5.36605896419345e-09,-0.00460168513129134,-2.48813322169474e-07
5.3568909784934e-09,-0.00460168503417866,-2.48827851177245e-07
5.34770396372524e-09,-0.00460168493867068,-2.48842208447297e-07
5.33849869140596e-09,-0.00460168484473647,-2.48856394401806e-07
5.32927592797383e-09,-0.00460168475232346,-2.48870409502053e-07
5.32003641344449e-09,-0.00460168466138658,-2.48884254247741e-07
5.31078084814679e-09,-0.00460168457191178,-2.48897929176221e-07
5.30150989478929e-09,-0.00460168448391935,-2.48911434861507e-07
5.29222419426888e-09,-0.00460168439744517,-2.48924771913116e-07
5.28292438585358e-09,-0.00460168431251216,-2.48937940974879e-07
5.27361112026866e-09,-0.00460168422910999,-2.48950942723852e-07
5.26428505852446e-09,-0.00460168414719558,-2.48963777869399e-07
5.25494685765014e-09,-0.00460168406671396,-2.48976447152436e-07
5.2455971517899e-09,-0.00460168398762589,-2.48988951344737e-07
5.23623653955918e-09,-0.00460168390992489,-2.49001291248131e-07
5.2268655846373e-09,-0.00460168383363324,-2.49013467693513e-07
5.21748482885054e-09,-0.00460168375877969,-2.49025481539759e-07
5.20809481004733e-09,-0.0046016836853733,-2.49037333672563e-07
5.19869607461164e-09,-0.00460168361339,-2.49049025003365e-07
5.1892890918718e-09,-0.00460168354278589,-2.49060556588989e-07
5.17987341619102e-09,-0.00460168347351294,-2.49071930781005e-07
5.17044734247058e-09,-0.00460168340553747,-2.49083151650161e-07
5.161008478162e-09,-0.00460168333885824,-2.49094224143833e-07
5.15155411816995e-09,-0.0046016832734972,-2.49105153557856e-07
5.14208145106927e-09,-0.00460168320947574,-2.49115945268016e-07
5.13258767504956e-09,-0.00460168314679215,-2.49126604595662e-07
5.12307006080572e-09,-0.00460168308541447,-2.49137136741025e-07
5.11352597918165e-09,-0.00460168302529295,-2.49147546750028e-07
5.10395290529962e-09,-0.00460168296638384,-2.49157839497803e-07
5.09434841070767e-09,-0.0046016829086691,-2.49168019680955e-07
5.08471015480516e-09,-0.00460168285215984,-2.49178091814754e-07
5.07503588340424e-09,-0.0046016827968813,-2.49188060233491e-07
5.06532343621285e-09,-0.00460168274284932,-2.49197929092881e-07
5.05557075867874e-09,-0.00460168269005308,-2.49207702373824e-07
5.04577591065476e-09,-0.00460168263845494,-2.49217383886912e-07
5.03593706607714e-09,-0.00460168258800725,-2.4922697727732e-07
5.0260525028045e-09,-0.00460168253867523,-2.49236486029729e-07
5.01612058735075e-09,-0.00460168249045149,-2.49245913473058e-07
5.00613976196762e-09,-0.00460168244335321,-2.49255262784865e-07
4.99610854001798e-09,-0.00460168239740393,-2.49264536995382e-07
4.98602551073722e-09,-0.00460168235261172,-2.49273738991225e-07
4.97588934911642e-09,-0.00460168230895738,-2.49282871518878e-07
4.96569882386062e-09,-0.00460168226640002,-2.49291937188119e-07
4.95545279778768e-09,-0.00460168222489605,-2.49300938475462e-07
4.94515021938146e-09,-0.00460168218441957,-2.4930987772762e-07
4.93479010933359e-09,-0.00460168214497121,-2.49318757164978e-07
4.92437154864186e-09,-0.00460168210657009,-2.49327578884951e-07
4.91389367374314e-09,-0.0046016820692342,-2.49336344865223e-07
4.90335568006425e-09,-0.00460168203296162,-2.49345056966805e-07
4.89275683057546e-09,-0.00460168199772449,-2.49353716937004e-07
4.88209646319266e-09,-0.00460168196347916,-2.49362326412387e-07
4.87137399181831e-09,-0.00460168193018594,-2.4937088692175e-07
4.8605888995035e-09,-0.00460168189782586,-2.49379399889204e-07
4.84974072678387e-09,-0.004601681866404,-2.49387866637259e-07
4.83882906087218e-09,-0.00460168183593737,-2.49396288389874e-07
4.82785353074262e-09,-0.00460168180643541,-2.49404666275419e-07
4.81681380971322e-09,-0.00460168177788529,-2.49413001329524e-07
4.80570962281127e-09,-0.00460168175025127,-2.49421294497857e-07
4.79454075362452e-09,-0.00460168172348829,-2.49429546638933e-07
4.78330704583831e-09,-0.00460168169756094,-2.4943775852694e-07
4.7720083977799e-09,-0.00460168167245602,-2.49445930854673e-07
4.76064475237646e-09,-0.00460168164818062,-2.49454064236467e-07
4.74921608743067e-09,-0.00460168162474746,-2.49462159211144e-07
4.73772241081105e-09,-0.00460168160215675,-2.49470216244853e-07
4.72616376224832e-09,-0.00460168158038607,-2.49478235733828e-07
4.71454021964942e-09,-0.00460168155939454,-2.4948621800706e-07
4.70285190539548e-09,-0.00460168153913843,-2.49494163328972e-07
4.69109898824044e-09,-0.00460168151958823,-2.49502071902111e-07
4.67928167904727e-09,-0.00460168150073648,-2.49509943869953e-07
4.6674002222234e-09,-0.00460168148259156,-2.49517779319656e-07
4.65545488704399e-09,-0.00460168146516164,-2.49525578284837e-07
4.64344596302194e-09,-0.00460168144843902,-2.4953334074824e-07
4.63137376106222e-09,-0.00460168143239472,-2.49541066644301e-07
4.61923861886919e-09,-0.00460168141698654,-2.49548755861641e-07
4.60704090670977e-09,-0.00460168140217539,-2.4955640824551e-07
4.59478102955618e-09,-0.00460168138793939,-2.49564023600271e-07
4.58245942386585e-09,-0.00460168137427713,-2.49571601691877e-07
4.57007655031502e-09,-0.00460168136119795,-2.49579142250391e-07
4.55763288610701e-09,-0.00460168134870591,-2.49586644972466e-07
4.54512892056808e-09,-0.00460168133678726,-2.49594109523675e-07
4.53256515581817e-09,-0.00460168132540954,-2.49601535540793e-07
4.51994211139983e-09,-0.00460168131453252,-2.49608922633978e-07
4.50726032950559e-09,-0.00460168130412392,-2.49616270388888e-07
4.49452037727389e-09,-0.00460168129417008,-2.49623578368772e-07
4.48172284443389e-09,-0.0046016812846748,-2.49630846116604e-07
4.46886833720629e-09,-0.00460168127564739,-2.49638073157189e-07
4.45595747152468e-09,-0.00460168126708753,-2.49645258999206e-07
4.44299086893397e-09,-0.00460168125897655,-2.49652403137195e-07
4.42996915688541e-09,-0.00460168125128046,-2.49659505053428e-07
4.41689297262537e-09,-0.0046016812439626,-2.4966656421965e-07
4.40376296792692e-09,-0.00460168123699792,-2.4967358009878e-07
4.39057981148377e-09,-0.00460168123037972,-2.49680552146592e-07
4.37734418727794e-09,-0.00460168122411482,-2.49687479813375e-07
4.36405678951744e-09,-0.00460168121821042,-2.49694362545584e-07
4.35071831672104e-09,-0.00460168121266087,-2.49701199787466e-07
4.33732946790966e-09,-0.00460168120744281,-2.49707990982559e-07
4.32389094256843e-09,-0.00460168120252149,-2.49714735575107e-07
4.31040344393562e-09,-0.00460168119786417,-2.49721433011372e-07
4.29686768326006e-09,-0.00460168119345195,-2.49728082740884e-07
4.28328438222695e-09,-0.00460168118928281,-2.49734684217677e-07
4.26965427193671e-09,-0.00460168118536384,-2.49741236901477e-07
4.25597808873729e-09,-0.00460168118169791,-2.49747740258893e-07
4.24225656908188e-09,-0.00460168117827314,-2.4975419376457e-07
4.2284904460447e-09,-0.00460168117506177,-2.49760596902245e-07
4.21468044903802e-09,-0.0046016811720289,-2.49766949165729e-07
4.20082730656403e-09,-0.00460168116914562,-2.49773250059796e-07
4.18693175001387e-09,-0.004601681166398,-2.4977949910098e-07
4.17299451610145e-09,-0.00460168116378655,-2.49785695818383e-07
4.15901634630068e-09,-0.00460168116131649,-2.49791839754444e-07
4.14499798349785e-09,-0.00460168115898522,-2.49797930465706e-07
4.13094016753864e-09,-0.0046016811567748,-2.49803967523545e-07
4.11684363203164e-09,-0.00460168115465421,-2.49809950514831e-07
4.1027091039129e-09,-0.00460168115258967,-2.49815879042495e-07
4.08853730571912e-09,-0.00460168115055655,-2.49821752726026e-07
4.07432895897124e-09,-0.00460168114854531,-2.49827571201912e-07
4.06008478655501e-09,-0.0046016811465578,-2.49833334124057e-07
4.04580551255662e-09,-0.00460168114459657,-2.4983904116421e-07
4.03149185958723e-09,-0.00460168114265375,-2.49844692012354e-07
4.01714454497916e-09,-0.00460168114070688,-2.49850286377065e-07
4.0027642778744e-09,-0.0046016811387238,-2.49855823985824e-07
3.98835175865545e-09,-0.00460168113667373,-2.49861304585242e-07
3.97390768079122e-09,-0.00460168113453729,-2.4986672794128e-07
3.95943273385507e-09,-0.00460168113230926,-2.49872093839367e-07
3.94492760581126e-09,-0.0046016811299925,-2.49877402084508e-07
3.93039298319824e-09,-0.00460168112758692,-2.49882652501405e-07
3.91582954901877e-09,-0.00460168112508062,-2.49887844934569e-07
3.90123797948359e-09,-0.00460168112244866,-2.49892979248398e-07
3.88661894137017e-09,-0.00460168111966013,-2.49898055327204e-07
3.8719730913699e-09,-0.004601681116689,-2.49903073075222e-07
3.8573010775998e-09,-0.00460168111352182,-2.49908032416546e-07
3.8426035422696e-09,-0.00460168111015748,-2.49912933295017e-07
3.82788112385696e-09,-0.00460168110659941,-2.4991777567412e-07
3.81313445752199e-09,-0.00460168110284511,-2.49922559536864e-07
3.79836417348017e-09,-0.00460168109887973,-2.49927284885671e-07
3.78357089427158e-09,-0.00460168109467761,-2.49931951742242e-07
3.76875523236849e-09,-0.00460168109021075,-2.49936560147411e-07
3.75391778946555e-09,-0.00460168108545865,-2.49941110160962e-07
3.7390591576698e-09,-0.00460168108041344,-2.49945601861383e-07
3.7241799218423e-09,-0.00460168107507715,-2.49950035345587e-07
3.70928066167169e-09,-0.00460168106945276,-2.4995441072866e-07
3.6943619522911e-09,-0.00460168106353507,-2.49958728143589e-07
3.67942436305073e-09,-0.00460168105730681,-2.49962987740993e-07
3.66446845519767e-09,-0.00460168105074255,-2.49967189688845e-07
3.64949477975237e-09,-0.00460168104381772,-2.49971334172198e-07
3.63450387673914e-09,-0.00460168103651701,-2.49975421392855e-07
3.6194962761442e-09,-0.0046016810288369,-2.49979451569046e-07
3.60447249994995e-09,-0.00460168102078077,-2.49983424935046e-07
3.58943306408691e-09,-0.00460168101234981,-2.49987341740799e-07
3.5743784791726e-09,-0.00460168100353549,-2.49991202251553e-07
3.55930924963981e-09,-0.00460168099431833,-2.4999500674751e-07
3.54422587177006e-09,-0.0046016809846735,-2.49998755523486e-07
3.52912883180579e-09,-0.00460168097457983,-2.50002448888522e-07
3.514018605167e-09,-0.0046016809640263,-2.50006087165535e-07
3.498895657185e-09,-0.00460168095301211,-2.50009670690891e-07
3.48376044487497e-09,-0.00460168094154034,-2.50013199813972e-07
3.46861341876132e-09,-0.00460168092960925,-2.50016674896764e-07
3.45345502369513e-09,-0.00460168091720681,-2.50020096313436e-07
3.43828569828736e-09,-0.00460168090431174,-2.50023464449952e-07
3.4231058732793e-09,-0.00460168089090037,-2.5002677970367e-07
3.40791596981174e-09,-0.00460168087695494,-2.50030042482963e-07
3.39271639862985e-09,-0.00460168086246797,-2.50033253206824e-07
3.37750756065011e-09,-0.00460168084744023,-2.50036412304412e-07
3.3622898485145e-09,-0.00460168083187348,-2.50039520214633e-07
3.34706364828782e-09,-0.0046016808157628,-2.50042577385702e-07
3.33182934034371e-09,-0.00460168079909324,-2.50045584274721e-07
3.31658729895905e-09,-0.00460168078184282,-2.5004854134727e-07
3.30133789097563e-09,-0.00460168076399003,-2.5005144907702e-07
3.28608147427661e-09,-0.00460168074552085,-2.50054307945342e-07
3.27081839702917e-09,-0.00460168072643106,-2.50057118440908e-07
3.25554894978212e-09,-0.00460168070672577,-2.50059881127072e-07
3.2402729020362e-09,-0.0046016806864076,-2.50062597288426e-07
3.22498931938206e-09,-0.00460168066546697,-2.50065269169539e-07
3.20969689287492e-09,-0.00460168064388537,-2.50067899501037e-07
3.19439415007688e-09,-0.00460168062164048,-2.50070491202609e-07
3.17907956389067e-09,-0.00460168059871364,-2.50073047232166e-07
3.16375160754564e-09,-0.00460168057509522,-2.50075570510493e-07
3.14840878255102e-09,-0.00460168055078461,-2.50078063883935e-07
3.13304963378165e-09,-0.00460168052578485,-2.50080530105852e-07
3.11767275830474e-09,-0.0046016805000953,-2.50082971827356e-07
3.10227681056775e-09,-0.00460168047370686,-2.50085391592957e-07
3.08686050476777e-09,-0.0046016804466027,-2.50087791838998e-07
3.07142261486002e-09,-0.00460168041876386,-2.50090174893984e-07
3.05596197288334e-09,-0.00460168039017616,-2.5009254298012e-07
3.04047746661157e-09,-0.00460168036083408,-2.50094898215632e-07
3.02496803748645e-09,-0.00460168033073917,-2.5009724261751e-07
3.0094326794251e-09,-0.00460168029989423,-2.50099578104355e-07
2.99387043838646e-09,-0.00460168026829681,-2.5010190649918e-07
2.97828041220263e-09,-0.00460168023593624,-2.50104229532087e-07
2.9626617500381e-09,-0.00460168020279604,-2.5010654884278e-07
2.94701365105163e-09,-0.00460168016885993,-2.50108865982928e-07
2.93133536234741e-09,-0.0046016801341178,-2.50111182418414e-07
2.91562617665836e-09,-0.0046016800985677,-2.50113499531506e-07
2.89988543035001e-09,-0.00460168006221287,-2.50115818622982e-07
2.88411250220652e-09,-0.0046016800250555,-2.50118140914148e-07
2.86830681294272e-09,-0.00460167998709142,-2.50120467548842e-07
2.85246782501829e-09,-0.00460167994830891,-2.50122799595401e-07
2.83659504216314e-09,-0.00460167990869231,-2.50125138048578e-07
2.82068800823202e-09,-0.00460167986822814,-2.50127483831459e-07
2.80474630540829e-09,-0.00460167982690976,-2.50129837797331e-07
2.78876955213595e-09,-0.00460167978473779,-2.5013220073153e-07
2.77275740135696e-09,-0.00460167974171593,-2.50134573353293e-07
2.75670953938721e-09,-0.00460167969784498,-2.50136956317551e-07
2.74062568545788e-09,-0.00460167965311884,-2.50139350216691e-07
2.72450559156503e-09,-0.00460167960752496,-2.50141755582322e-07
2.70834904208649e-09,-0.00460167956104878,-2.50144172887026e-07
2.69215585282181e-09,-0.00460167951367954,-2.501466025461e-07
2.6759258694607e-09,-0.00460167946541351,-2.50149044919306e-07
2.65965896578688e-09,-0.00460167941625285,-2.50151500312585e-07
2.64335504212706e-09,-0.00460167936620082,-2.50153968979807e-07
2.62701402430295e-09,-0.0046016793152564,-2.50156451124475e-07
2.61063586321867e-09,-0.00460167926341169,-2.50158946901412e-07
2.5942205347558e-09,-0.00460167921065379,-2.50161456418446e-07
2.57776803948599e-09,-0.00460167915696972,-2.50163979738097e-07
2.5612784019069e-09,-0.00460167910235142,-2.50166516879254e-07
2.54475166913609e-09,-0.00460167904679763,-2.50169067818847e-07
2.52818790936429e-09,-0.00460167899031143,-2.50171632493502e-07
2.51158721047253e-09,-0.00460167893289525,-2.50174210801199e-07
2.4949496791141e-09,-0.0046016788745463,-2.50176802602906e-07
2.47827544036541e-09,-0.00460167881525552,-2.50179407724179e-07
2.46156463763618e-09,-0.00460167875501047,-2.50182025956741e-07
2.44481743248448e-09,-0.00460167869380034,-2.50184657060085e-07
2.42803400400739e-09,-0.00460167863162002,-2.50187300763048e-07
2.41121454776953e-09,-0.00460167856847044,-2.50189956765345e-07
2.39435927447707e-09,-0.00460167850435534,-2.5019262473912e-07
2.37746840875111e-09,-0.00460167843927625,-2.50195304330473e-07
2.36054218834495e-09,-0.00460167837322914,-2.50197995160928e-07
2.34358086385716e-09,-0.0046016783062046,-2.50200696828917e-07
2.32658469867068e-09,-0.00460167823819154,-2.50203408911194e-07
2.30955396883181e-09,-0.00460167816918194,-2.50206130964254e-07
2.29248896259483e-09,-0.00460167809917367,-2.50208862525717e-07
2.27538997954522e-09,-0.00460167802816966,-2.50211603115721e-07
2.25825732947242e-09,-0.00460167795617403,-2.50214352238265e-07
2.24109133132483e-09,-0.00460167788318752,-2.50217109382503e-07
2.22389231253772e-09,-0.00460167780920532,-2.50219874024038e-07
2.20666060879958e-09,-0.00460167773421842,-2.50222645626162e-07
2.189396564019e-09,-0.00460167765821773,-2.50225423641072e-07
2.17210053027447e-09,-0.00460167758119819,-2.50228207511044e-07
2.15477286746474e-09,-0.00460167750316043,-2.5023099666961e-07
2.13741394261104e-09,-0.00460167742410889,-2.50233790542683e-07
2.12002412892986e-09,-0.00460167734404764,-2.50236588549648e-07
2.10260380494747e-09,-0.00460167726297658,-2.50239390104432e-07
2.08515335393796e-09,-0.00460167718089043,-2.50242194616533e-07
2.06767316370611e-09,-0.004601677097781,-2.50245001492012e-07
2.0501636266091e-09,-0.00460167701364137,-2.50247810134459e-07
2.03262513953487e-09,-0.00460167692846923,-2.50250619945898e-07
2.01505810367757e-09,-0.00460167684226739,-2.50253430327695e-07
1.99746292399846e-09,-0.00460167675504103,-2.50256240681432e-07
1.97984000844075e-09,-0.00460167666679367,-2.50259050409734e-07
1.96218976722089e-09,-0.0046016765775242,-2.50261858917059e-07
1.94451261232765e-09,-0.004601676487227,-2.50264665610474e-07
1.92680895737022e-09,-0.00460167639589488,-2.50267469900386e-07
1.9090792175991e-09,-0.00460167630352303,-2.50270271201238e-07
1.89132380995093e-09,-0.00460167621011144,-2.5027306893217e-07
1.87354315290729e-09,-0.00460167611566434,-2.50275862517647e-07
1.85573766607488e-09,-0.00460167602018695,-2.5027865138808e-07
1.83790776957151e-09,-0.0046016759236818,-2.50281434980391e-07
1.82005388342691e-09,-0.00460167582614673,-2.50284212738563e-07
1.80217642719001e-09,-0.00460167572757601,-2.50286984114163e-07
1.78427581978202e-09,-0.00460167562796361,-2.50289748566813e-07
1.76635247954247e-09,-0.00460167552730674,-2.50292505564657e-07
1.74840682430591e-09,-0.00460167542560724,-2.50295254584764e-07
1.7304392713326e-09,-0.00460167532287018,-2.50297995113552e-07
1.7124502370155e-09,-0.00460167521910039,-2.5030072664715e-07
1.69444013640582e-09,-0.00460167511429926,-2.5030344869175e-07
1.67640938270797e-09,-0.00460167500846386,-2.5030616076393e-07
1.65835838694619e-09,-0.00460167490158872,-2.50308862390945e-07
1.64028755786398e-09,-0.00460167479366929,-2.50311553111007e-07
1.62219730199184e-09,-0.00460167468470479,-2.50314232473515e-07
1.60408802373828e-09,-0.00460167457469866,-2.50316900039282e-07
1.58596012538173e-09,-0.00460167446365645,-2.50319555380735e-07
1.56781400686839e-09,-0.00460167435158243,-2.50322198082107e-07
1.5496500654511e-09,-0.00460167423847708,-2.50324827739577e-07
1.53146869528825e-09,-0.00460167412433715,-2.50327443961408e-07
1.5132702871765e-09,-0.00460167400915799,-2.50330046368077e-07
1.4950552284593e-09,-0.00460167389293685,-2.50332634592371e-07
1.47682390309858e-09,-0.00460167377567498,-2.50335208279462e-07
1.45857669179775e-09,-0.00460167365737724,-2.50337767086963e-07
1.44031397205148e-09,-0.00460167353804945,-2.50340310684975e-07
1.4220361180289e-09,-0.00460167341769532,-2.50342838756107e-07
1.4037435002887e-09,-0.00460167329631477,-2.50345350995479e-07
1.38543648545511e-09,-0.00460167317390471,-2.50347847110734e-07
1.3671154359855e-09,-0.00460167305046177,-2.5035032682201e-07
1.34878071012566e-09,-0.00460167292598522,-2.50352789861901e-07
1.33043266199026e-09,-0.00460167280047825,-2.50355235975421e-07
1.31207164168871e-09,-0.0046016726739468,-2.50357664919936e-07
1.29369799542727e-09,-0.00460167254639676,-2.50360076465085e-07
1.27531206543655e-09,-0.00460167241783131,-2.503624703927e-07
1.25691418977642e-09,-0.00460167228825003,-2.50364846496709e-07
1.23850470207919e-09,-0.00460167215765037,-2.50367204583036e-07
1.22008393136608e-09,-0.00460167202603048,-2.50369544469461e-07
1.20165220199788e-09,-0.00460167189339159,-2.50371865985502e-07
1.18320983377301e-09,-0.00460167175973849,-2.50374168972294e-07
1.1647571420678e-09,-0.00460167162507779,-2.5037645328243e-07
1.14629443794654e-09,-0.00460167148941514,-2.50378718779798e-07
1.12782202815005e-09,-0.0046016713527531,-2.50380965339448e-07
1.10934021496287e-09,-0.00460167121509108,-2.50383192847399e-07
1.09084929603147e-09,-0.00460167107642726,-2.50385401200476e-07
1.07234956420505e-09,-0.00460167093676128,-2.5038759030612e-07
1.05384130750228e-09,-0.00460167079609607,-2.5038976008221e-07
1.03532480918594e-09,-0.00460167065443753,-2.50391910456874e-07
1.01680034791481e-09,-0.00460167051179247,-2.50394041368292e-07
9.9826819788832e-10,-0.00460167036816594,-2.50396152764494e-07
9.79728628877132e-10,-0.00460167022355987,-2.50398244603143e-07
9.61181906134519e-10,-0.00460167007797358,-2.50400316851344e-07
9.42628290261423e-10,-0.00460166993140605,-2.50402369485411e-07
9.24068037064034e-10,-0.00460166978385834,-2.5040440249067e-07
9.05501397538982e-10,-0.0046016696353347,-2.50406415861232e-07
8.86928617957057e-10,-0.00460166948584171,-2.50408409599773e-07
8.68349940009456e-10,-0.00460166933538592,-2.50410383717323e-07
8.49765600962157e-10,-0.00460166918397165,-2.50412338233038e-07
8.31175833717971e-10,-0.00460166903160021,-2.5041427317397e-07
8.12580866751276e-10,-0.00460166887827103,-2.50416188574853e-07
7.93980924018869e-10,-0.004601668723984,-2.50418084477864e-07
7.75376224863881e-10,-0.00460166856874152,-2.50419960932389e-07
7.56766983986123e-10,-0.00460166841254888,-2.50421817994822e-07
7.38153411527717e-10,-0.00460166825541297,-2.50423655728333e-07
7.19535713226873e-10,-0.0046016680973399,-2.5042547420262e-07
7.00914090570795e-10,-0.00460166793833326,-2.50427273493695e-07
6.82288740856914e-10,-0.00460166777839397,-2.50429053683664e-07
6.63659842156272e-10,-0.0046016676175229,-2.50430814881624e-07
6.45027408464489e-10,-0.00460166745572179,-2.50432557424949e-07
6.26391232142571e-10,-0.00460166729299365,-2.50434281953575e-07
6.07750986247645e-10,-0.00460166712934411,-2.50435989262275e-07
5.89106290425638e-10,-0.00460166696477977,-2.50437680208069e-07
5.70456745299719e-10,-0.00460166679930616,-2.50439355663116e-07
5.51801950155853e-10,-0.00460166663292635,-2.50441016491161e-07
5.33141511977391e-10,-0.00460166646564138,-2.50442663535801e-07
5.14475050073743e-10,-0.00460166629745196,-2.50444297614625e-07
4.95802198417464e-10,-0.00460166612836046,-2.50445919516237e-07
4.77122606736548e-10,-0.00460166595837189,-2.50447529998798e-07
4.58435940967524e-10,-0.00460166578749316,-2.50449129789471e-07
4.3974188335643e-10,-0.00460166561573128,-2.50450719584422e-07
4.21040132360231e-10,-0.00460166544309144,-2.50452300049221e-07
4.02330402450325e-10,-0.00460166526957634,-2.50453871819467e-07
3.8361242381093e-10,-0.0046016650951871,-2.50455435501533e-07
3.64885941897811e-10,-0.00460166491992518,-2.50456991673379e-07
3.46150716949174e-10,-0.0046016647437941,-2.50458540885361e-07
3.27406523493818e-10,-0.00460166456679983,-2.50460083660965e-07
3.08653149887791e-10,-0.00460166438894968,-2.50461620497516e-07
2.89890397980799e-10,-0.00460166421025042,-2.50463151866842e-07
2.71118082848328e-10,-0.00460166403070677,-2.504646782159e-07
2.52336032533234e-10,-0.0046016638503212,-2.50466199967371e-07
2.33544087746395e-10,-0.00460166366909524,-2.50467717520219e-07
2.14742101478793e-10,-0.00460166348703129,-2.5046923125026e-07
1.95929938544694e-10,-0.00460166330413397,-2.50470741510694e-07
1.77107475131583e-10,-0.00460166312040996,-2.50472248632676e-07
1.58274598389472e-10,-0.0046016629358667,-2.50473752925839e-07
1.39431206096896e-10,-0.00460166275051052,-2.50475254678832e-07
1.20577206407217e-10,-0.00460166256434559,-2.50476754159828e-07
1.01712517671909e-10,-0.00460166237737423,-2.5047825161704e-07
8.28370681833636e-11,-0.00460166218959841,-2.50479747279223e-07
6.39507958245268e-11,-0.00460166200102143,-2.50481241356161e-07
4.50536476847301e-11,-0.00460166181164875,-2.50482734039156e-07
2.61455796518714e-11,-0.00460166162148747,-2.50484225501539e-07
7.22655603447462e-12,-0.00460166143054483,-2.50485715899147e-07
-1.17034507037838e-11,-0.00460166123882655,-2.50487205370815e-07
-3.06444601342597e-11,-0.00460166104633628,-2.5048869403887e-07
-4.95964840660381e-11,-0.00460166085307628,-2.50490182009619e-07
-6.8559526751871e-11,-0.00460166065904903,-2.50491669373818e-07
-8.75335851647734e-11,-0.00460166046425859,-2.50493156207169e-07
-1.06518649352768e-10,-0.00460166026871106,-2.50494642570788e-07
-1.25514702767019e-10,-0.0046016600724137,-2.50496128511691e-07
-1.44521722562405e-10,-0.0046016598753733,-2.50497614063273e-07
-1.63539679869342e-10,-0.00460165967759497,-2.50499099245798e-07
-1.82568539968179e-10,-0.00460165947908193,-2.50500584066882e-07
-2.01608262430778e-10,-0.00460165927983653,-2.50502068521951e-07
-2.2065880127618e-10,-0.00460165907986181,-2.50503552594703e-07
-2.39720105214398e-10,-0.00460165887916257,-2.50505036257589e-07
-2.5879211793523e-10,-0.00460165867774538,-2.50506519472299e-07
-2.77874778414309e-10,-0.00460165847561742,-2.50508002190206e-07
-2.96968021168229e-10,-0.00460165827278503,-2.50509484352847e-07
-3.16071776442413e-10,-0.00460165806925273,-2.50510965892367e-07
-3.35185970393378e-10,-0.00460165786502352,-2.50512446731962e-07
-3.54310525175899e-10,-0.00460165766010002,-2.50513926786346e-07
-3.73445359082383e-10,-0.00460165745448592,-2.50515405962173e-07
-3.92590386737779e-10,-0.00460165724818672,-2.50516884158474e-07
-4.11745519342863e-10,-0.0046016570412093,-2.50518361267105e-07
-4.30910664928497e-10,-0.00460165683356069,-2.50519837173184e-07
-4.50085728565928e-10,-0.00460165662524672,-2.50521311755497e-07
-4.69270612540896e-10,-0.00460165641627152,-2.50522784886893e-07
-4.88465216474132e-10,-0.00460165620663801,-2.50524256434696e-07
-5.07669437398519e-10,-0.00460165599634927,-2.50525726261111e-07
-5.26883169879115e-10,-0.00460165578540969,-2.50527194223618e-07
-5.46106306158239e-10,-0.00460165557382535,-2.50528660175338e-07
-5.65338736342581e-10,-0.00460165536160331,-2.50530123965432e-07
-5.84580348622812e-10,-0.00460165514875032,-2.50531585439446e-07
-6.03831029455362e-10,-0.00460165493527175,-2.50533044439679e-07
-6.23090663702006e-10,-0.00460165472117142,-2.50534500805518e-07
-6.42359134707146e-10,-0.00460165450645237,-2.50535954373791e-07
-6.61636324380863e-10,-0.00460165429111818,-2.50537404979079e-07
-6.80922113278556e-10,-0.00460165407517388,-2.50538852454042e-07
-7.00216380707924e-10,-0.00460165385862597,-2.50540296629739e-07
-7.19519004883344e-10,-0.00460165364148151,-2.5054173733593e-07
-7.38829863086044e-10,-0.00460165342374687,-2.50543174401371e-07
-7.58148831838207e-10,-0.00460165320542693,-2.50544607654085e-07
-7.77475787003373e-10,-0.00460165298652529,-2.5054603692165e-07
-7.96810603854825e-10,-0.00460165276704516,-2.50547462031461e-07
-8.16153157116955e-10,-0.00460165254699063,-2.50548882810963e-07
-8.35503321019672e-10,-0.00460165232636722,-2.50550299087927e-07
-8.54860969392081e-10,-0.00460165210518166,-2.50551710690665e-07
-8.74225975797112e-10,-0.00460165188344076,-2.50553117448253e-07
-8.9359821365487e-10,-0.00460165166115042,-2.50554519190765e-07
-9.12977556353208e-10,-0.00460165143831504,-2.5055591574947e-07
-9.32363877335365e-10,-0.00460165121493802,-2.50557306957036e-07
-9.51757050145387e-10,-0.00460165099102281,-2.50558692647722e-07
-9.71156948470755e-10,-0.00460165076657391,-2.50560072657543e-07
-9.90563446183041e-10,-0.0046016505415972,-2.50561446824455e-07
-1.00997641739956e-09,-0.00460165031609936,-2.50562814988507e-07
-1.02939573657281e-09,-0.00460165009008687,-2.50564176992011e-07
-1.04882127859007e-09,-0.00460164986356502,-2.50565532679683e-07
-1.06825291885993e-09,-0.00460164963653779,-2.50566881898759e-07
-1.0876905333868e-09,-0.00460164940900849,-2.50568224499146e-07
-1.10713399880425e-09,-0.0046016491809808,-2.5056956033354e-07
-1.12658319238175e-09,-0.00460164895245957,-2.50570889257527e-07
-1.14603799206928e-09,-0.00460164872345087,-2.50572211129694e-07
-1.16549827652602e-09,-0.00460164849396122,-2.50573525811738e-07
-1.18496392519074e-09,-0.00460164826399663,-2.50574833168554e-07
-1.2044348183662e-09,-0.00460164803356184,-2.50576133068305e-07
-1.22391083727966e-09,-0.00460164780266048,-2.50577425382498e-07
-1.24339186411687e-09,-0.00460164757129588,-2.50578709986059e-07
-1.26287778205701e-09,-0.00460164733947197,-2.50579986757392e-07
-1.28236847528888e-09,-0.00460164710719394,-2.50581255578465e-07
-1.30186382901302e-09,-0.00460164687446792,-2.50582516334839e-07
-1.32136372946502e-09,-0.00460164664130019,-2.50583768915691e-07
-1.34086806396438e-09,-0.00460164640769624,-2.50585013213882e-07
-1.36037672098833e-09,-0.00460164617366037,-2.5058624912597e-07
-1.37988959019142e-09,-0.00460164593919599,-2.50587476552249e-07
-1.39940656244308e-09,-0.00460164570430653,-2.50588695396766e-07
-1.41892752984112e-09,-0.00460164546899627,-2.50589905567344e-07
-1.4384523857219e-09,-0.00460164523327062,-2.50591106975591e-07
-1.45798102466005e-09,-0.00460164499713571,-2.50592299536903e-07
-1.47751334248249e-09,-0.0046016447605975,-2.50593483170478e-07
-1.49704923628798e-09,-0.00460164452366102,-2.505946577993e-07
-1.51658860448662e-09,-0.00460164428633017,-2.50595823350136e-07
-1.53613134683957e-09,-0.00460164404860828,-2.50596979753529e-07
-1.55567736446559e-09,-0.00460164381049898,-2.50598126943795e-07
-1.57522655985287e-09,-0.00460164357200683,-2.50599264858992e-07
-1.59477883686773e-09,-0.00460164333313744,-2.50600393440892e-07
-1.61433410074326e-09,-0.0046016430938968,-2.50601512634982e-07
-1.63389225807781e-09,-0.00460164285429049,-2.50602622390408e-07
-1.65345321682399e-09,-0.00460164261432306,-2.50603722659963e-07
-1.67301688633099e-09,-0.00460164237399814,-2.50604813400055e-07
-1.69258317736917e-09,-0.00460164213331903,-2.50605894570655e-07
-1.71215200214757e-09,-0.00460164189228956,-2.50606966135254e-07
-1.73172327429718e-09,-0.00460164165091453,-2.50608028060859e-07
-1.75129690886671e-09,-0.00460164140919958,-2.5060908031792e-07
-1.77087282232701e-09,-0.00460164116715046,-2.50610122880286e-07
-1.7904509325467e-09,-0.00460164092477228,-2.50611155725161e-07
-1.81003115879638e-09,-0.00460164068206917,-2.50612178833054e-07
-1.8296134217575e-09,-0.00460164043904447,-2.50613192187727e-07
-1.84919764353609e-09,-0.00460164019570151,-2.50614195776145e-07
-1.86878374766563e-09,-0.00460163995204428,-2.50615189588424e-07
-1.88837165910767e-09,-0.00460163970807773,-2.50616173617765e-07
-1.90796130422462e-09,-0.00460163946380737,-2.5061714786041e-07
-1.92755261079066e-09,-0.0046016392192386,-2.50618112315575e-07
-1.94714550798158e-09,-0.00460163897437602,-2.50619066985391e-07
-1.96673992632184e-09,-0.00460163872922331,-2.50620011874838e-07
-1.98633579771304e-09,-0.00460163848378364,-2.50620946991704e-07
-2.00593305544736e-09,-0.00460163823806033,-2.50621872346491e-07
-2.02553163418525e-09,-0.00460163799205753,-2.50622787952378e-07
-2.04513146998601e-09,-0.00460163774578018,-2.50623693825165e-07
-2.06473250027934e-09,-0.00460163749923358,-2.50624589983188e-07
-2.08433466382328e-09,-0.00460163725242267,-2.50625476447267e-07
-2.10393790069534e-09,-0.00460163700535157,-2.50626353240634e-07
-2.12354215227113e-09,-0.00460163675802357,-2.50627220388863e-07
-2.14314736122814e-09,-0.00460163651044167,-2.50628077919804e-07
-2.16275347156544e-09,-0.00460163626260929,-2.50628925863534e-07
-2.18236042858114e-09,-0.00460163601453062,-2.50629764252294e-07
-2.20196817887473e-09,-0.00460163576621055,-2.50630593120419e-07
-2.22157665815495e-09,-0.00460163551765324,-2.506314124872e-07
-2.24118567425055e-09,-0.00460163526886257,-2.50632222193976e-07
-2.26079486066762e-09,-0.00460163501984269,-2.50633021843882e-07
-2.28040375924213e-09,-0.00460163477059705,-2.50633810920956e-07
-2.30001187329976e-09,-0.0046016345211289,-2.50634588864745e-07
-2.31961869533102e-09,-0.0046016342714418,-2.5063535510811e-07
-2.33922372116966e-09,-0.00460163402153996,-2.50636109096039e-07
-2.35882645721554e-09,-0.00460163377142801,-2.50636850294887e-07
-2.37842642414059e-09,-0.00460163352111045,-2.50637578196892e-07
-2.39802315879155e-09,-0.0046016332705912,-2.50638292322344e-07
-2.41761621510737e-09,-0.00460163301987339,-2.50638992220524e-07
-2.43720516447407e-09,-0.00460163276895977,-2.5063967746994e-07
-2.45678959571881e-09,-0.00460163251785323,-2.50640347678107e-07
-2.47636911494603e-09,-0.00460163226655731,-2.50641002481015e-07
-2.49594334522726e-09,-0.00460163201507626,-2.50641641542423e-07
-2.51551192624413e-09,-0.0046016317634146,-2.50642264553001e-07
-2.53507451392683e-09,-0.00460163151157661,-2.50642871229479e-07
-2.55463078006425e-09,-0.00460163125956585,-2.50643461313813e-07
-2.57418041192917e-09,-0.00460163100738521,-2.50644034572368e-07
-2.59372311189322e-09,-0.00460163075503732,-2.50644590795173e-07
-2.61325859706454e-09,-0.00460163050252512,-2.50645129795175e-07
-2.63278659895543e-09,-0.0046016302498522,-2.50645651407567e-07
-2.65230686315297e-09,-0.00460162999702274,-2.50646155489113e-07
-2.67181914896704e-09,-0.00460162974404103,-2.50646641917511e-07
-2.69132322911247e-09,-0.00460162949091093,-2.50647110590764e-07
-2.7108188893444e-09,-0.00460162923763561,-2.50647561426551e-07
-2.73030592808708e-09,-0.00460162898421769,-2.50647994361609e-07
-2.74978415606925e-09,-0.00460162873065971,-2.50648409351143e-07
-2.76925339597848e-09,-0.00460162847696466,-2.50648806368235e-07
-2.78871348218305e-09,-0.00460162822313615,-2.50649185403291e-07
-2.80816426044472e-09,-0.00460162796917821,-2.50649546463474e-07
-2.8276055876185e-09,-0.0046016277150948,-2.50649889572135e-07
-2.84703733134696e-09,-0.00460162746088937,-2.50650214768278e-07
-2.86645936972483e-09,-0.0046016272065647,-2.50650522106012e-07
-2.88587159097426e-09,-0.00460162695212317,-2.50650811654016e-07
-2.90527389312926e-09,-0.00460162669756727,-2.50651083495033e-07
-2.92466618374664e-09,-0.00460162644289998,-2.50651337725326e-07
-2.94404837963723e-09,-0.00460162618812485,-2.50651574454168e-07
-2.96342040661338e-09,-0.00460162593324568,-2.50651793803347e-07
-2.98278219923468e-09,-0.00460162567826606,-2.50651995906626e-07
-3.00213370053659e-09,-0.004601625423189,-2.5065218090926e-07
-3.02147486175607e-09,-0.00460162516801693,-2.50652348967493e-07
-3.04080564202704e-09,-0.00460162491275203,-2.50652500248081e-07
-3.06012600810518e-09,-0.00460162465739673,-2.50652634927795e-07
-3.07943593411093e-09,-0.00460162440195399,-2.50652753192928e-07
-3.09873540130759e-09,-0.00460162414642721,-2.50652855238828e-07
-3.11802439789342e-09,-0.00460162389081994,-2.50652941269426e-07
-3.13730291876159e-09,-0.00460162363513534,-2.5065301149677e-07
-3.15657096527959e-09,-0.00460162337937601,-2.50653066140571e-07
-3.17582854502809e-09,-0.00460162312354407,-2.50653105427741e-07
-3.19507567157667e-09,-0.00460162286764156,-2.50653129591945e-07
-3.21431236424424e-09,-0.00460162261167087,-2.50653138873153e-07
-3.23353864786607e-09,-0.0046016223556349,-2.50653133517214e-07
-3.25275455259089e-09,-0.00460162209953688,-2.50653113775431e-07
-3.27196011371925e-09,-0.00460162184338004,-2.50653079904144e-07
-3.29115537151282e-09,-0.00460162158716714,-2.50653032164312e-07
-3.31034037096883e-09,-0.00460162133090041,-2.50652970821099e-07
-3.32951516165502e-09,-0.00460162107458173,-2.50652896143475e-07
-3.34867979748488e-09,-0.00460162081821305,-2.50652808403838e-07
-3.36783433650925e-09,-0.00460162056179671,-2.50652707877636e-07
-3.3869788407256e-09,-0.00460162030533554,-2.50652594842977e-07
-3.40611337594037e-09,-0.00460162004883258,-2.50652469580284e-07
-3.42523801160959e-09,-0.0046016197922907,-2.50652332371927e-07
-3.44435282066786e-09,-0.0046016195357123,-2.50652183501888e-07
-3.4634578793608e-09,-0.00460161927909928,-2.50652023255426e-07
-3.48255326707351e-09,-0.00460161902245336,-2.50651851918734e-07
-3.50163906616573e-09,-0.00460161876577641,-2.50651669778628e-07
-3.52071536183167e-09,-0.00460161850907074,-2.50651477122251e-07
-3.53978224193088e-09,-0.00460161825233907,-2.5065127423677e-07
-3.55883979682921e-09,-0.00460161799558419,-2.50651061409075e-07
-3.57788811928586e-09,-0.00460161773880864,-2.50650838925518e-07
-3.59692730432866e-09,-0.00460161748201445,-2.50650607071635e-07
-3.61595744911503e-09,-0.00460161722520326,-2.50650366131884e-07
-3.63497865281819e-09,-0.00460161696837665,-2.50650116389403e-07
-3.65399101647022e-09,-0.00460161671153643,-2.50649858125758e-07
-3.67299464282004e-09,-0.00460161645468486,-2.50649591620722e-07
-3.69198963620573e-09,-0.00460161619782449,-2.50649317152055e-07
-3.71097610244982e-09,-0.00460161594095785,-2.50649034995302e-07
-3.7299541487646e-09,-0.0046016156840871,-2.50648745423583e-07
-3.74892388366007e-09,-0.00460161542721396,-2.50648448707398e-07
-3.76788541683373e-09,-0.00460161517033983,-2.50648145114456e-07
-3.78683885903395e-09,-0.00460161491346616,-2.50647834909507e-07
-3.80578432196509e-09,-0.00460161465659471,-2.50647518354159e-07
-3.82472191818229e-09,-0.00460161439972765,-2.50647195706744e-07
-3.84365176099415e-09,-0.00460161414286732,-2.50646867222165e-07
-3.86257396437456e-09,-0.00460161388601593,-2.50646533151746e-07
-3.88148864288484e-09,-0.00460161362917529,-2.50646193743121e-07
-3.9003959115946e-09,-0.0046016133723468,-2.50645849240106e-07
-3.91929588598566e-09,-0.00460161311553167,-2.50645499882587e-07
-3.93818868188193e-09,-0.00460161285873125,-2.5064514590644e-07
-3.95707441536031e-09,-0.00460161260194723,-2.5064478754342e-07
-3.97595320265761e-09,-0.00460161234518164,-2.50644425021078e-07
-3.99482516011497e-09,-0.00460161208843656,-2.50644058562683e-07
-4.01369040409161e-09,-0.00460161183171389,-2.50643688387135e-07
-4.03254905090541e-09,-0.00460161157501509,-2.5064331470893e-07
-4.05140121678303e-09,-0.0046016113183413,-2.50642937738077e-07
-4.07024701780747e-09,-0.00460161106169355,-2.5064255768006e-07
-4.08908656982259e-09,-0.00460161080507312,-2.50642174735786e-07
-4.10791998837947e-09,-0.0046016105484816,-2.50641789101557e-07
-4.12674738868657e-09,-0.00460161029192085,-2.50641400969031e-07
-4.14556888554226e-09,-0.00460161003539271,-2.50641010525212e-07
-4.16438459329712e-09,-0.00460160977889872,-2.50640617952437e-07
-4.18319462579162e-09,-0.00460160952244006,-2.5064022342834e-07
-4.20199909632873e-09,-0.00460160926601763,-2.50639827125856e-07
-4.22079811763169e-09,-0.00460160900963235,-2.50639429213229e-07
-4.23959180178395e-09,-0.0046016087532854,-2.50639029854004e-07
-4.25838026017226e-09,-0.0046016084969783,-2.50638629207036e-07
-4.27716360345812e-09,-0.00460160824071272,-2.50638227426502e-07
-4.29594194153029e-09,-0.00460160798449022,-2.50637824661907e-07
-4.31471538348797e-09,-0.00460160772831204,-2.50637421058131e-07
-4.33348403760117e-09,-0.00460160747217908,-2.50637016755447e-07
-4.35224801126321e-09,-0.00460160721609207,-2.50636611889563e-07
-4.3710074109706e-09,-0.00460160696005185,-2.50636206591643e-07
-4.38976234229134e-09,-0.00460160670405953,-2.50635800988343e-07
-4.40851290984171e-09,-0.00460160644811651,-2.5063539520184e-07
-4.42725921726122e-09,-0.00460160619222426,-2.50634989349891e-07
-4.44600136718003e-09,-0.00460160593638408,-2.50634583545883e-07
-4.46473946118036e-09,-0.00460160568059693,-2.50634177898883e-07
-4.48347359977322e-09,-0.00460160542486347,-2.50633772513697e-07
-4.50220388238526e-09,-0.0046016051691843,-2.50633367490909e-07
-4.52093040736508e-09,-0.00460160491356019,-2.50632962926954e-07
-4.53965327195196e-09,-0.00460160465799218,-2.50632558914173e-07
-4.55837257225118e-09,-0.00460160440248155,-2.50632155540874e-07
-4.57708840322028e-09,-0.00460160414702955,-2.50631752891403e-07
-4.59580085864704e-09,-0.0046016038916372,-2.50631351046225e-07
-4.61451003112282e-09,-0.0046016036363052,-2.50630950081963e-07
-4.63321601203701e-09,-0.00460160338103404,-2.50630550071483e-07
-4.6519188915842e-09,-0.0046016031258242,-2.50630151083958e-07
-4.67061875875638e-09,-0.0046016028706764,-2.50629753184954e-07
-4.68931570132597e-09,-0.00460160261559158,-2.5062935643649e-07
-4.70800980584332e-09,-0.00460160236057086,-2.50628960897122e-07
-4.726701157621e-09,-0.00460160210561528,-2.50628566622003e-07
-4.74538984071112e-09,-0.00460160185072557,-2.50628173662981e-07
-4.76407593791337e-09,-0.00460160159590223,-2.50627782068675e-07
-4.78275953077577e-09,-0.00460160134114556,-2.5062739188455e-07
-4.80144069958278e-09,-0.00460160108645597,-2.50627003152989e-07
-4.82011952335272e-09,-0.00460160083183409,-2.50626615913376e-07
-4.83879607984674e-09,-0.00460160057728078,-2.5062623020218e-07
-4.85747044556537e-09,-0.00460160032279698,-2.50625846053038e-07
-4.87614269576029e-09,-0.00460160006838347,-2.50625463496822e-07
-4.89481290441495e-09,-0.00460159981404075,-2.50625082561719e-07
-4.9134811442327e-09,-0.00460159955976909,-2.50624703273328e-07
-4.93214748665015e-09,-0.00460159930556869,-2.50624325654722e-07
-4.95081200184369e-09,-0.00460159905143986,-2.50623949726528e-07
-4.96947475874262e-09,-0.00460159879738317,-2.50623575507016e-07
-4.98813582502903e-09,-0.00460159854339936,-2.50623203012176e-07
-5.00679526712694e-09,-0.00460159828948915,-2.50622832255791e-07
-5.02545315021097e-09,-0.00460159803565311,-2.50622463249513e-07
-5.04410953823162e-09,-0.00460159778189151,-2.50622096002953e-07
-5.06276449389962e-09,-0.00460159752820444,-2.50621730523745e-07
-5.08141804734045e-09,-0.00460159727458982,-2.50621366773627e-07
-5.10006989448769e-09,-0.00460159702104638,-2.50621004248647e-07
-5.11871927741837e-09,-0.00460159676757589,-2.5062064182405e-07
-5.13736519753503e-09,-0.00460159651418016,-2.50620278061638e-07
-5.15600655265181e-09,-0.00460159626086048,-2.50619911402333e-07
-5.17464220836513e-09,-0.00460159600761743,-2.50619540263907e-07
-5.19327103462962e-09,-0.00460159575445098,-2.50619163089713e-07
-5.21189192439948e-09,-0.00460159550136076,-2.50618778372731e-07
-5.23050380320776e-09,-0.0046015952483464,-2.50618384667435e-07
-5.24910563416076e-09,-0.00460159499540781,-2.50617980595603e-07
-5.26769642042126e-09,-0.00460159474254514,-2.50617564849005e-07
-5.28627520616653e-09,-0.00460159448975871,-2.50617136190211e-07
-5.30484107664559e-09,-0.0046015942370488,-2.50616693452229e-07
-5.32339315769273e-09,-0.00460159398441547,-2.50616235537356e-07
-5.34193061496574e-09,-0.00460159373185862,-2.5061576141552e-07
-5.36045265313761e-09,-0.00460159347937804,-2.50615270122376e-07
-5.37895851498289e-09,-0.00460159322697367,-2.50614760757277e-07
-5.39744748044701e-09,-0.0046015929746456,-2.50614232481319e-07
-5.41591886574369e-09,-0.00460159272239409,-2.50613684515419e-07
-5.43437202243059e-09,-0.00460159247021941,-2.5061311613858e-07
-5.45280633652652e-09,-0.00460159221812168,-2.50612526686206e-07
-5.47122122770007e-09,-0.00460159196610081,-2.5061191554851e-07
-5.48961614844367e-09,-0.00460159171415655,-2.50611282168977e-07
-5.50799058324138e-09,-0.00460159146228866,-2.50610626042863e-07
-5.52634404773067e-09,-0.00460159121049704,-2.5060994671577e-07
-5.54467608782042e-09,-0.00460159095878179,-2.50609243782207e-07
-5.56298627884789e-09,-0.0046015907071431,-2.506085168842e-07
-5.58127422475366e-09,-0.00460159045558115,-2.50607765709914e-07
-5.59953955726395e-09,-0.00460159020409591,-2.506069899923e-07
-5.61778193513509e-09,-0.00460158995268717,-2.50606189507757e-07
-5.63600104342548e-09,-0.00460158970135462,-2.50605364074874e-07
-5.65419659277578e-09,-0.00460158945009799,-2.50604513553126e-07
-5.67236831866235e-09,-0.00460158919891718,-2.50603637841606e-07
-5.6905159806449e-09,-0.00460158894781224,-2.50602736877777e-07
-5.70863936161339e-09,-0.00460158869678329,-2.50601810636226e-07
-5.72673826702666e-09,-0.00460158844583036,-2.50600859127441e-07
-5.74481252422324e-09,-0.0046015881949533,-2.50599882396605e-07
-5.76286198176259e-09,-0.00460158794415178,-2.50598880522395e-07
-5.78088650876195e-09,-0.00460158769342544,-2.50597853615754e-07
-5.79888599430774e-09,-0.00460158744277398,-2.50596801818708e-07
-5.81686034678851e-09,-0.00460158719219728,-2.50595725303197e-07
-5.83480949323257e-09,-0.00460158694169534,-2.50594624269894e-07
-5.85273337865805e-09,-0.00460158669126818,-2.50593498947037e-07
-5.87063196543921e-09,-0.0046015864409157,-2.50592349589287e-07
-5.88850523269764e-09,-0.00460158619063761,-2.5059117647658e-07
-5.90635317572007e-09,-0.0046015859404335,-2.50589979912989e-07
-5.92417580540828e-09,-0.00460158569030294,-2.50588760225601e-07
-5.94197314773946e-09,-0.00460158544024564,-2.50587517763394e-07
-5.9597452432326e-09,-0.00460158519026143,-2.50586252896127e-07
-5.97749214639249e-09,-0.00460158494035025,-2.50584966013252e-07
-5.99521392513759e-09,-0.00460158469051203,-2.50583657522852e-07
-6.0129106602536e-09,-0.00460158444074652,-2.50582327850559e-07
-6.03058244487712e-09,-0.00460158419105332,-2.50580977438507e-07
-6.04822938401717e-09,-0.00460158394143196,-2.505796067443e-07
-6.06585159409467e-09,-0.00460158369188197,-2.50578216239976e-07
-6.08344920247441e-09,-0.00460158344240304,-2.50576806411013e-07
-6.10102234701231e-09,-0.00460158319299498,-2.50575377755325e-07
-6.1185711755975e-09,-0.00460158294365766,-2.50573930782292e-07
-6.13609584569136e-09,-0.00460158269439087,-2.50572466011808e-07
-6.1535965238478e-09,-0.00460158244519428,-2.50570983973367e-07
-6.17107338527975e-09,-0.00460158219606739,-2.50569485205113e-07
-6.18852661347852e-09,-0.00460158194700967,-2.50567970252955e-07
-6.20595639979867e-09,-0.00460158169802063,-2.50566439669696e-07
-6.22336294309916e-09,-0.00460158144909996,-2.50564894014177e-07
-6.24074644938162e-09,-0.00460158120024742,-2.50563333850429e-07
-6.25810713139864e-09,-0.00460158095146282,-2.50561759746877e-07
-6.27544520827985e-09,-0.00460158070274585,-2.50560172275547e-07
-6.29276090512846e-09,-0.00460158045409605,-2.50558572011287e-07
-6.31005445266883e-09,-0.00460158020551287,-2.50556959531027e-07
-6.32732608692246e-09,-0.00460157995699574,-2.50555335413047e-07
-6.34457604888606e-09,-0.00460157970854418,-2.50553700236272e-07
-6.36180458426302e-09,-0.00460157946015784,-2.50552054579597e-07
-6.37901194314644e-09,-0.00460157921183646,-2.5055039902124e-07
-6.3961983796983e-09,-0.00460157896357976,-2.50548734138107e-07
-6.41336415185558e-09,-0.00460157871538734,-2.50547060505188e-07
-6.43050952099599e-09,-0.00460157846725865,-2.50545378694955e-07
-6.4476347516696e-09,-0.00460157821919308,-2.50543689276802e-07
-6.46474011134559e-09,-0.00460157797119006,-2.50541992816516e-07
-6.4818258701553e-09,-0.0046015777232491,-2.50540289875753e-07
-6.49889230064422e-09,-0.00460157747536983,-2.50538581011536e-07
-6.51593967753297e-09,-0.00460157722755194,-2.50536866775788e-07
-6.53296827748922e-09,-0.00460157697979507,-2.5053514771489e-07
-6.54997837888678e-09,-0.00460157673209872,-2.50533424369256e-07
-6.56697026156842e-09,-0.0046015764844623,-2.50531697272929e-07
-6.58394420660332e-09,-0.00460157623688514,-2.50529966953183e-07
-6.60090049607537e-09,-0.00460157598936666,-2.5052823393016e-07
-6.61783941289069e-09,-0.00460157574190638,-2.50526498716544e-07
-6.63476124061119e-09,-0.0046015754945039,-2.50524761817235e-07
-6.65166626327768e-09,-0.00460157524715886,-2.50523023729054e-07
-6.66855476521746e-09,-0.00460157499987082,-2.50521284940453e-07
-6.68542703086325e-09,-0.00460157475263919,-2.50519545931247e-07
-6.70228334453826e-09,-0.00460157450546333,-2.50517807172381e-07
-6.71912399029773e-09,-0.00460157425834256,-2.50516069125712e-07
-6.7359492517859e-09,-0.00460157401127629,-2.50514332243805e-07
-6.75275941208827e-09,-0.00460157376426404,-2.50512596969742e-07
-6.76955475359353e-09,-0.00460157351730538,-2.50510863736957e-07
-6.78633555785517e-09,-0.00460157327039989,-2.50509132969079e-07
-6.80310210545685e-09,-0.00460157302354705,-2.50507405079772e-07
-6.81985467588252e-09,-0.00460157277674622,-2.50505680472657e-07
-6.83659354736844e-09,-0.00460157252999672,-2.50503959541192e-07
-6.85331899678373e-09,-0.00460157228329785,-2.5050224266858e-07
-6.87003129950409e-09,-0.00460157203664904,-2.50500530227701e-07
-6.88673072930822e-09,-0.00460157179004979,-2.50498822581046e-07
-6.90341755828277e-09,-0.00460157154349966,-2.50497120080666e-07
-6.92009205675466e-09,-0.00460157129699817,-2.50495423068163e-07
-6.93675449318258e-09,-0.00460157105054472,-2.50493731874641e-07
-6.95340513404748e-09,-0.00460157080413865,-2.5049204682071e-07
-6.97004424376631e-09,-0.00460157055777923,-2.50490368216479e-07
-6.98667208458359e-09,-0.00460157031146579,-2.50488696361593e-07
-7.00328891651158e-09,-0.00460157006519776,-2.50487031545251e-07
-7.01989499724748e-09,-0.00460156981897464,-2.50485374046234e-07
-7.03649058212402e-09,-0.00460156957279596,-2.50483724132964e-07
-7.05307592403873e-09,-0.00460156932666118,-2.50482082063545e-07
-7.06965127340222e-09,-0.00460156908056967,-2.50480448085839e-07
-7.08621687808172e-09,-0.00460156883452071,-2.50478822437558e-07
-7.10277298331989e-09,-0.0046015685885136,-2.50477205346319e-07
-7.11931983166359e-09,-0.00460156834254767,-2.50475597029745e-07
-7.13585766292968e-09,-0.00460156809662237,-2.5047399769557e-07
-7.15238671416895e-09,-0.00460156785073719,-2.50472407541751e-07
-7.16890721962596e-09,-0.00460156760489163,-2.50470826756553e-07
-7.18541941071354e-09,-0.00460156735908511,-2.50469255518701e-07
-7.20192351596437e-09,-0.00460156711331696,-2.50467693997493e-07
-7.21841976101032e-09,-0.00460156686758646,-2.50466142352912e-07
-7.23490836853558e-09,-0.00460156662189289,-2.5046460073579e-07
-7.25138955822252e-09,-0.00460156637623563,-2.50463069287933e-07
-7.26786354674717e-09,-0.00460156613061414,-2.50461548142271e-07
-7.28433054775416e-09,-0.00460156588502789,-2.50460037423011e-07
-7.3007907718547e-09,-0.00460156563947636,-2.50458537245783e-07
-7.31724442658664e-09,-0.00460156539395894,-2.50457047717809e-07
-7.33369171643816e-09,-0.00460156514847492,-2.50455568938052e-07
-7.35013284282775e-09,-0.00460156490302358,-2.50454100997385e-07
-7.36656800406203e-09,-0.00460156465760425,-2.50452643978761e-07
-7.38299739532156e-09,-0.0046015644122163,-2.50451197957374e-07
-7.39942120866147e-09,-0.0046015641668592,-2.5044976300085e-07
-7.41583963301152e-09,-0.00460156392153244,-2.50448339169403e-07
-7.43225285418633e-09,-0.00460156367623545,-2.5044692651601e-07
-7.44866105488348e-09,-0.00460156343096759,-2.50445525086584e-07
-7.46506441469205e-09,-0.00460156318572815,-2.50444134920171e-07
-7.48146311009389e-09,-0.00460156294051643,-2.50442756049121e-07
-7.49785731445518e-09,-0.00460156269533175,-2.50441388499255e-07
-7.51424719801994e-09,-0.00460156245017353,-2.50440032290047e-07
-7.53063292791544e-09,-0.00460156220504126,-2.50438687434808e-07
-7.54701466816694e-09,-0.00460156195993439,-2.5043735394087e-07
-7.56339257973367e-09,-0.00460156171485235,-2.50436031809776e-07
-7.57976682052062e-09,-0.00460156146979446,-2.50434721037452e-07
-7.59613754537903e-09,-0.00460156122476003,-2.50433421614377e-07
-7.61250490612607e-09,-0.00460156097974836,-2.50432133525772e-07
-7.62886905156303e-09,-0.00460156073475881,-2.50430856751766e-07
-7.64523012747363e-09,-0.00460156048979085,-2.5042959126759e-07
-7.66158827664421e-09,-0.00460156024484393,-2.50428337043747e-07
-7.67794359625681e-09,-0.00460155999991457,-2.50427093986331e-07
-7.69429572781537e-09,-0.00460155975500007,-2.50425861366373e-07
-7.71064369446299e-09,-0.00460155951010153,-2.50424637608971e-07
-7.72698619086148e-09,-0.00460155926521988,-2.50423420711277e-07
-7.7433217695711e-09,-0.00460155902035548,-2.50422208504408e-07
-7.75964893809186e-09,-0.00460155877550808,-2.50420998786365e-07
-7.77596620859691e-09,-0.00460155853067698,-2.50419789388358e-07
-7.79227212330603e-09,-0.00460155828586123,-2.50418578207588e-07
-7.8085652675616e-09,-0.00460155804105977,-2.50417363223456e-07
-7.82484427662457e-09,-0.00460155779627154,-2.50416142505535e-07
-7.84110783904146e-09,-0.00460155755149557,-2.50414914217254e-07
-7.85735469796201e-09,-0.00460155730673098,-2.50413676617086e-07
-7.8735836512147e-09,-0.00460155706197703,-2.50412428058122e-07
-7.88979355069646e-09,-0.00460155681723309,-2.5041116698657e-07
-7.9059833013698e-09,-0.0046015565724986,-2.50409891939548e-07
-7.92215186010632e-09,-0.00460155632777298,-2.50408601542544e-07
-7.9382982344942e-09,-0.00460155608305563,-2.50407294506761e-07
-7.9544214816081e-09,-0.00460155583834584,-2.50405969626474e-07
-7.97052070675572e-09,-0.00460155559364289,-2.50404625776522e-07
-7.98659506226192e-09,-0.00460155534894607,-2.50403261909957e-07
-8.00264374629698e-09,-0.00460155510425472,-2.50401877055834e-07
-8.01866600176408e-09,-0.00460155485956828,-2.50400470317106e-07
-8.03466111519518e-09,-0.00460155461488619,-2.50399040868576e-07
-8.05062841563926e-09,-0.00460155437020792,-2.50397587954934e-07
-8.06656727354474e-09,-0.00460155412553289,-2.50396110888844e-07
-8.08247709959229e-09,-0.00460155388086047,-2.50394609049046e-07
-8.0983573435218e-09,-0.00460155363619001,-2.50393081878489e-07
-8.11420749303347e-09,-0.0046015533915209,-2.5039152888252e-07
-8.13002707269572e-09,-0.00460155314685258,-2.50389949627115e-07
-8.14581564294708e-09,-0.00460155290218457,-2.50388343737118e-07
-8.16157279912705e-09,-0.00460155265751638,-2.50386710894521e-07
-8.17729817049583e-09,-0.00460155241284754,-2.50385050836771e-07
-8.19299141924249e-09,-0.00460155216817749,-2.50383363355084e-07
-8.20865223947824e-09,-0.00460155192350565,-2.50381648292769e-07
-8.2242803562206e-09,-0.00460155167883146,-2.50379905543599e-07
-8.23987552439338e-09,-0.00460155143415437,-2.50378135050175e-07
-8.25543752786913e-09,-0.00460155118947391,-2.50376336802303e-07
-8.27096617858296e-09,-0.00460155094478964,-2.50374510835403e-07
-8.28646131570388e-09,-0.00460155070010113,-2.50372657228898e-07
-8.30192280479135e-09,-0.00460155045540793,-2.50370776104644e-07
-8.31735053693616e-09,-0.00460155021070953,-2.50368867625356e-07
-8.33274442789892e-09,-0.00460154996600541,-2.50366931993035e-07
-8.34810441720561e-09,-0.00460154972129505,-2.50364969447443e-07
-8.36343046727295e-09,-0.00460154947657797,-2.50362980264532e-07
-8.37872256261684e-09,-0.00460154923185377,-2.50360964754931e-07
-8.39398070909455e-09,-0.00460154898712204,-2.50358923262411e-07
-8.40920493315845e-09,-0.00460154874238241,-2.50356856162393e-07
-8.42439528115526e-09,-0.00460154849763445,-2.50354763860459e-07
-8.43955181859369e-09,-0.00460154825287768,-2.50352646790879e-07
-8.45467462938826e-09,-0.00460154800811162,-2.50350505415135e-07
-8.46976381512403e-09,-0.00460154776333581,-2.50348340220477e-07
-8.48481949430893e-09,-0.00460154751854984,-2.50346151718494e-07
-8.49984180169065e-09,-0.00460154727375335,-2.50343940443708e-07
-8.51483088762559e-09,-0.00460154702894598,-2.50341706952196e-07
-8.52978691744819e-09,-0.00460154678412737,-2.50339451820206e-07
-8.54471007087426e-09,-0.00460154653929713,-2.50337175642796e-07
-8.55960054138314e-09,-0.00460154629445481,-2.5033487903251e-07
-8.57445853561789e-09,-0.00460154604959998,-2.50332562618068e-07
-8.58928427274559e-09,-0.00460154580473223,-2.50330227043088e-07
-8.60407798382739e-09,-0.0046015455598512,-2.50327872964817e-07
-8.61883991125224e-09,-0.00460154531495658,-2.5032550105291e-07
-8.63357030820645e-09,-0.00460154507004804,-2.50323111988221e-07
-8.64826943817613e-09,-0.00460154482512525,-2.5032070646162e-07
-8.66293757445387e-09,-0.00460154458018784,-2.50318285172834e-07
-8.67757499962053e-09,-0.00460154433523539,-2.50315848829318e-07
-8.69218200503466e-09,-0.00460154409026753,-2.50313398145172e-07
-8.70675889032802e-09,-0.00460154384528389,-2.50310933840063e-07
-8.72130596290279e-09,-0.00460154360028416,-2.50308456638187e-07
-8.73582353745085e-09,-0.00460154335526807,-2.50305967267248e-07
-8.75031193552191e-09,-0.00460154311023532,-2.50303466457492e-07
-8.76477148510779e-09,-0.00460154286518561,-2.50300954940757e-07
-8.77920252025539e-09,-0.00460154262011857,-2.50298433449547e-07
-8.79360538064945e-09,-0.00460154237503385,-2.50295902716143e-07
-8.80798041122082e-09,-0.0046015421299311,-2.50293363471754e-07
-8.82232796170692e-09,-0.00460154188481,-2.50290816445678e-07
-8.83664838626605e-09,-0.00460154163967031,-2.5028826236453e-07
-8.85094204310787e-09,-0.00460154139451176,-2.50285701951478e-07
-8.86520929411544e-09,-0.0046015411493341,-2.50283135925475e-07
-8.87945050452773e-09,-0.00460154090413703,-2.5028056500058e-07
-8.893666042644e-09,-0.00460154065892022,-2.50277989885271e-07
-8.90785627949499e-09,-0.00460154041368335,-2.50275411281814e-07
-8.92202158851307e-09,-0.00460154016842612,-2.50272829885628e-07
-8.93616234521631e-09,-0.00460153992314827,-2.50270246384751e-07
-8.95027892688781e-09,-0.00460153967784957,-2.50267661459254e-07
-8.96437171228824e-09,-0.00460153943252979,-2.50265075780709e-07
-8.97844108137198e-09,-0.0046015391871887,-2.50262490011705e-07
-8.99248741502788e-09,-0.00460153894182603,-2.50259904805366e-07
-9.0065110948607e-09,-0.00460153869644147,-2.50257320804924e-07
-9.02051250293552e-09,-0.00460153845103474,-2.50254738643301e-07
-9.03449202154234e-09,-0.00460153820560558,-2.50252158942739e-07
-9.04845003293674e-09,-0.00460153796015378,-2.5024958231442e-07
-9.06238691910374e-09,-0.00460153771467913,-2.50247009358133e-07
-9.07630306152856e-09,-0.00460153746918145,-2.50244440661977e-07
-9.09019884097342e-09,-0.0046015372236605,-2.50241876802066e-07
-9.10407463730738e-09,-0.00460153697811604,-2.50239318342274e-07
-9.11793082934118e-09,-0.0046015367325478,-2.50236765833984e-07
-9.13176779463942e-09,-0.00460153648695554,-2.50234219815876e-07
-9.14558590933965e-09,-0.00460153624133903,-2.50231680813734e-07
-9.15938554797466e-09,-0.00460153599569811,-2.50229149340302e-07
-9.17316708328823e-09,-0.00460153575003259,-2.50226625895127e-07
-9.18693088605838e-09,-0.00460153550434232,-2.50224110964401e-07
-9.20067732493652e-09,-0.00460153525862707,-2.50221605020867e-07
-9.21440676632997e-09,-0.00460153501288663,-2.50219108523738e-07
-9.22811957429082e-09,-0.00460153476712076,-2.50216621918627e-07
-9.24181611039055e-09,-0.00460153452132926,-2.50214145637484e-07
-9.25549673358178e-09,-0.00460153427551195,-2.50211680098546e-07
-9.26916180009062e-09,-0.00460153402966869,-2.50209225706343e-07
-9.28281166326458e-09,-0.00460153378379933,-2.50206782851674e-07
-9.29644667345614e-09,-0.00460153353790372,-2.50204351911635e-07
-9.31006717794003e-09,-0.00460153329198167,-2.50201933249633e-07
-9.32367352080215e-09,-0.00460153304603299,-2.50199527215423e-07
-9.3372660428697e-09,-0.00460153280005748,-2.50197134145176e-07
-9.35084508164296e-09,-0.00460153255405497,-2.50194754361556e-07
-9.3644109712036e-09,-0.00460153230802533,-2.50192388173793e-07
-9.37796404212756e-09,-0.00460153206196844,-2.50190035877753e-07
-9.39150462142449e-09,-0.00460153181588418,-2.50187697756057e-07
-9.40503303243675e-09,-0.00460153156977242,-2.50185374078187e-07
-9.41854959477563e-09,-0.00460153132363299,-2.50183065100627e-07
-9.43205462427898e-09,-0.00460153107746573,-2.50180771066982e-07
-9.44554843295265e-09,-0.00460153083127048,-2.50178492208133e-07
-9.45903132893707e-09,-0.0046015305850471,-2.50176228742386e-07
-9.47250361646744e-09,-0.0046015303387955,-2.50173980875633e-07
-9.48596559584342e-09,-0.0046015300925156,-2.50171748801516e-07
-9.49941756337186e-09,-0.00460152984620728,-2.5016953270161e-07
-9.51285981131697e-09,-0.00460152959987045,-2.50167332745597e-07
-9.52629262784627e-09,-0.00460152935350495,-2.50165149091455e-07
-9.53971629701972e-09,-0.00460152910711066,-2.50162981885649e-07
-9.55313109878524e-09,-0.00460152886068745,-2.50160831263335e-07
-9.56653730894008e-09,-0.00460152861423523,-2.50158697348575e-07
-9.5799351991483e-09,-0.00460152836775393,-2.50156580254535e-07
-9.59332503691535e-09,-0.00460152812124349,-2.501544800837e-07
-9.60670708555815e-09,-0.00460152787470383,-2.50152396928093e-07
-9.62008160419444e-09,-0.00460152762813486,-2.50150330869509e-07
-9.63344884772196e-09,-0.00460152738153647,-2.50148281979721e-07
-9.64680906682595e-09,-0.00460152713490854,-2.5014625032071e-07
-9.66016250798221e-09,-0.00460152688825101,-2.50144235944892e-07
-9.67350941346294e-09,-0.0046015266415638,-2.50142238895351e-07
-9.68685002136046e-09,-0.00460152639484687,-2.50140259206071e-07
-9.70018456556725e-09,-0.0046015261481002,-2.50138296902182e-07
-9.71351327579255e-09,-0.00460152590132371,-2.50136352000189e-07
-9.72683637756707e-09,-0.00460152565451734,-2.50134424508215e-07
-9.7401540922305e-09,-0.004601525407681,-2.50132514426217e-07
-9.75346663696327e-09,-0.00460152516081463,-2.50130621746241e-07
-9.76677422480691e-09,-0.00460152491391816,-2.50128746452657e-07
-9.78007706469329e-09,-0.00460152466699157,-2.50126888522389e-07
-9.79337536146129e-09,-0.00460152442003486,-2.50125047925163e-07
-9.8066693158937e-09,-0.00460152417304799,-2.50123224623733e-07
-9.81995912470254e-09,-0.00460152392603093,-2.50121418574123e-07
-9.83324498056634e-09,-0.00460152367898363,-2.50119629725852e-07
-9.84652707215257e-09,-0.00460152343190603,-2.50117858022182e-07
-9.85980553706319e-09,-0.00460152318479482,-2.50116103334244e-07
-9.87308000888356e-09,-0.0046015229376477,-2.50114364830728e-07
-9.88634943749815e-09,-0.00460152269046659,-2.50112640745014e-07
-9.89961240927012e-09,-0.00460152244325331,-2.50110928836933e-07
-9.91286735294996e-09,-0.00460152219600899,-2.50109226682046e-07
-9.92611264686261e-09,-0.00460152194873399,-2.50107531818511e-07
-9.93934667382902e-09,-0.00460152170142811,-2.501058418204e-07
-9.95256784922073e-09,-0.00460152145409082,-2.50104154333934e-07
-9.96577463539534e-09,-0.00460152120672155,-2.501024670954e-07
-9.97896554919086e-09,-0.00460152095931983,-2.5010077794001e-07
-9.99213916565086e-09,-0.00460152071188534,-2.50099084806008e-07
-1.00052941195199e-08,-0.0046015204644179,-2.50097385736015e-07
-1.00184291053462e-08,-0.00460152021691738,-2.50095678876588e-07
-1.00315428767823e-08,-0.00460151996938371,-2.50093962476599e-07
-1.00446342454962e-08,-0.00460151972181683,-2.50092234884835e-07
-1.00577020799052e-08,-0.00460151947421667,-2.50090494547225e-07
-1.00707453038415e-08,-0.00460151922658318,-2.50088740003909e-07
-1.00837628952084e-08,-0.00460151897891631,-2.50086969886361e-07
-1.00967538846324e-08,-0.00460151873121604,-2.50085182914669e-07
-1.01097173541391e-08,-0.00460151848348232,-2.50083377894975e-07
-1.01226524358326e-08,-0.00460151823571511,-2.50081553717052e-07
-1.01355583106777e-08,-0.00460151798791439,-2.50079709351989e-07
-1.01484342072931e-08,-0.00460151774008011,-2.50077843849968e-07
-1.01612794007203e-08,-0.00460151749221225,-2.50075956338131e-07
-1.01740932111988e-08,-0.00460151724431085,-2.50074046018473e-07
-1.01868750028847e-08,-0.00460151699637593,-2.50072112165781e-07
-1.01996241826037e-08,-0.00460151674840754,-2.50070154125638e-07
-1.02123401986237e-08,-0.00460151650040574,-2.50068171312413e-07
-1.02250225394516e-08,-0.00460151625237056,-2.50066163207336e-07
-1.02376707327344e-08,-0.00460151600430203,-2.50064129356566e-07
-1.02502843441944e-08,-0.00460151575620021,-2.50062069369328e-07
-1.02628629765503e-08,-0.00460151550806514,-2.50059982916045e-07
-1.02754062684385e-08,-0.00460151525989692,-2.50057869726526e-07
-1.02879138933104e-08,-0.00460151501169563,-2.50055729588122e-07
-1.0300385558318e-08,-0.0046015147634614,-2.50053562343948e-07
-1.0312821003214e-08,-0.00460151451519431,-2.50051367891107e-07
-1.03252199993232e-08,-0.00460151426689446,-2.50049146178907e-07
-1.03375823485735e-08,-0.00460151401856194,-2.50046897207109e-07
-1.03499078825513e-08,-0.00460151377019683,-2.50044621024188e-07
-1.03621964615897e-08,-0.00460151352179927,-2.50042317725613e-07
-1.03744479738264e-08,-0.00460151327336937,-2.50039987452124e-07
-1.03866623342491e-08,-0.0046015130249073,-2.50037630388024e-07
-1.03988394837382e-08,-0.0046015127764132,-2.50035246759467e-07
-1.04109793881113e-08,-0.0046015125278872,-2.50032836832772e-07
-1.04230820372429e-08,-0.00460151227932943,-2.50030400912749e-07
-1.04351474442242e-08,-0.00460151203074002,-2.50027939341046e-07
-1.04471756445565e-08,-0.00460151178211912,-2.50025452494509e-07
-1.04591666953736e-08,-0.00460151153346688,-2.50022940783533e-07
-1.04711206746455e-08,-0.00460151128478348,-2.50020404650438e-07
-1.04830376803416e-08,-0.00460151103606908,-2.50017844567882e-07
-1.04949178296356e-08,-0.00460151078732388,-2.50015261037258e-07
-1.05067612581201e-08,-0.00460151053854804,-2.50012654587135e-07
-1.05185681190315e-08,-0.00460151028974172,-2.50010025771707e-07
-1.05303385825373e-08,-0.00460151004090507,-2.50007375169269e-07
-1.05420728350578e-08,-0.00460150979203827,-2.50004703380708e-07
-1.05537710786331e-08,-0.00460150954314152,-2.50002011028025e-07
-1.05654335302388e-08,-0.00460150929421501,-2.49999298752878e-07
-1.05770604211152e-08,-0.00460150904525895,-2.49996567215129e-07
-1.05886519960754e-08,-0.00460150879627354,-2.49993817091433e-07
-1.06002085128434e-08,-0.00460150854725896,-2.49991049073877e-07
-1.06117302414353e-08,-0.0046015082982154,-2.499882638686e-07
-1.06232174635475e-08,-0.00460150804914304,-2.49985462194475e-07
-1.06346704720005e-08,-0.00460150780004208,-2.49982644781809e-07
-1.06460895702095e-08,-0.00460150755091274,-2.49979812371066e-07
-1.06574750716345e-08,-0.00460150730175525,-2.49976965711649e-07
-1.06688272992313e-08,-0.00460150705256981,-2.4997410556067e-07
-1.06801465849042e-08,-0.00460150680335665,-2.49971232681791e-07
-1.06914332689401e-08,-0.00460150655411597,-2.49968347844052e-07
-1.07026876994938e-08,-0.00460150630484796,-2.49965451820777e-07
-1.07139102320875e-08,-0.00460150605555284,-2.49962545388486e-07
-1.07251012291713e-08,-0.00460150580623083,-2.49959629325846e-07
-1.07362610597123e-08,-0.00460150555688215,-2.49956704412667e-07
-1.07473900987375e-08,-0.00460150530750705,-2.49953771428926e-07
-1.07584887269066e-08,-0.00460150505810576,-2.49950831153816e-07
-1.07695573300566e-08,-0.00460150480867849,-2.4994788436483e-07
-1.07805962987322e-08,-0.00460150455922547,-2.4994493183689e-07
-1.07916060277844e-08,-0.00460150430974691,-2.49941974341511e-07
-1.08025869159994e-08,-0.00460150406024302,-2.49939012645965e-07
-1.08135393657221e-08,-0.00460150381071405,-2.4993604751252e-07
-1.08244637825389e-08,-0.00460150356116025,-2.49933079697686e-07
-1.08353605749347e-08,-0.00460150331158185,-2.49930109951507e-07
-1.08462301539344e-08,-0.00460150306197909,-2.49927139016892e-07
-1.08570729327484e-08,-0.00460150281235221,-2.4992416762897e-07
-1.08678893264047e-08,-0.00460150256270142,-2.49921196514467e-07
-1.08786797514472e-08,-0.00460150231302695,-2.49918226391128e-07
-1.08894446256392e-08,-0.00460150206332904,-2.49915257967163e-07
-1.0900184367689e-08,-0.00460150181360792,-2.49912291940719e-07
-1.09108993969889e-08,-0.00460150156386386,-2.49909328999412e-07
-1.09215901333529e-08,-0.0046015013140971,-2.49906369819844e-07
-1.09322569967363e-08,-0.00460150106430788,-2.49903415067206e-07
-1.09429004069826e-08,-0.00460150081449644,-2.49900465394849e-07
-1.09535207835512e-08,-0.004601500564663,-2.49897521443909e-07
-1.09641185452782e-08,-0.00460150031480779,-2.49894583842981e-07
-1.09746941101363e-08,-0.00460150006493106,-2.49891653207797e-07
-1.09852478950322e-08,-0.00460149981503306,-2.4988873014092e-07
-1.09957803156372e-08,-0.00460149956511404,-2.4988581523148e-07
-1.10062917861898e-08,-0.00460149931517426,-2.49882909054945e-07
-1.10167827192801e-08,-0.00460149906521395,-2.49880012172896e-07
-1.10272535256585e-08,-0.00460149881523335,-2.49877125132835e-07
-1.10377046140412e-08,-0.00460149856523269,-2.49874248468019e-07
-1.10481363909397e-08,-0.00460149831521221,-2.49871382697312e-07
-1.10585492604878e-08,-0.00460149806517216,-2.49868528325051e-07
-1.10689436243043e-08,-0.00460149781511279,-2.4986568584095e-07
-1.10793198813378e-08,-0.00460149756503435,-2.49862855720017e-07
-1.10896784277517e-08,-0.0046014973149371,-2.49860038422487e-07
-1.11000196568083e-08,-0.00460149706482127,-2.49857234393755e-07
-1.11103439587188e-08,-0.0046014968146871,-2.49854444064373e-07
-1.11206517204745e-08,-0.00460149656453482,-2.49851667850043e-07
-1.11309433257419e-08,-0.00460149631436467,-2.49848906151617e-07
-1.11412191547545e-08,-0.00460149606417691,-2.49846159355143e-07
-1.1151479584208e-08,-0.00460149581397179,-2.49843427831872e-07
-1.11617249871832e-08,-0.00460149556374956,-2.49840711938329e-07
-1.11719557330502e-08,-0.00460149531351046,-2.49838012016379e-07
-1.11821721873991e-08,-0.00460149506325474,-2.49835328393306e-07
-1.11923747119521e-08,-0.00460149481298263,-2.49832661381908e-07
-1.1202563664453e-08,-0.00460149456269435,-2.49830011280596e-07
-1.1212739398596e-08,-0.00460149431239016,-2.49827378373546e-07
-1.12229022639472e-08,-0.00460149406207031,-2.49824762930815e-07
-1.12330526058965e-08,-0.00460149381173504,-2.49822165208472e-07
-1.12431907656126e-08,-0.00460149356138461,-2.49819585448771e-07
-1.12533170800013e-08,-0.00460149331101926,-2.49817023880293e-07
-1.1263431881658e-08,-0.00460149306063922,-2.49814480718127e-07
-1.12735354988177e-08,-0.00460149281024473,-2.49811956164058e-07
-1.12836282552934e-08,-0.00460149255983601,-2.49809450406744e-07
-1.12937104704429e-08,-0.00460149230941331,-2.49806963621922e-07
-1.13037824591108e-08,-0.00460149205897689,-2.49804495972605e-07
-1.13138445316114e-08,-0.00460149180852698,-2.49802047609297e-07
-1.13238969937277e-08,-0.00460149155806384,-2.49799618670198e-07
-1.13339401466935e-08,-0.00460149130758769,-2.49797209281434e-07
-1.13439742871858e-08,-0.00460149105709877,-2.49794819557274e-07
-1.13539997072991e-08,-0.00460149080659731,-2.49792449600375e-07
-1.13640166945154e-08,-0.00460149055608354,-2.49790099502008e-07
-1.13740255316794e-08,-0.0046014903055577,-2.49787769342287e-07
-1.13840264970029e-08,-0.00460149005502004,-2.49785459190426e-07
-1.13940198640714e-08,-0.0046014898044708,-2.49783169104982e-07
-1.14040059018292e-08,-0.00460148955391022,-2.49780899134108e-07
-1.14139848745981e-08,-0.00460148930333853,-2.49778649315801e-07
-1.14239570421026e-08,-0.00460148905275595,-2.49776419678147e-07
-1.14339226594697e-08,-0.00460148880216271,-2.49774210239586e-07
-1.14438819772197e-08,-0.00460148855155903,-2.49772021009145e-07
-1.14538352412743e-08,-0.00460148830094517,-2.49769851986719e-07
-1.1463782692976e-08,-0.00460148805032136,-2.49767703163326e-07
-1.14737245690775e-08,-0.00460148779968784,-2.49765574521348e-07
-1.14836611017915e-08,-0.00460148754904483,-2.49763466034807e-07
-1.14935925188199e-08,-0.00460148729839256,-2.49761377669618e-07
-1.15035190433839e-08,-0.00460148704773124,-2.49759309383844e-07
-1.15134408942393e-08,-0.00460148679706111,-2.49757261127937e-07
-1.15233582856835e-08,-0.00460148654638239,-2.49755232845018e-07
-1.15332714275891e-08,-0.00460148629569532,-2.49753224471129e-07
-1.15431805254221e-08,-0.00460148604500012,-2.49751235935463e-07
-1.15530857341039e-08,-0.00460148579429383,-2.49749267095833e-07
-1.15629867138578e-08,-0.0046014855435744,-2.49747317120577e-07
-1.15728824540032e-08,-0.00460148529284397,-2.4974538426025e-07
-1.15827715869448e-08,-0.0046014850421045,-2.49743466300424e-07
-1.15926525900679e-08,-0.00460148479135733,-2.49741560845434e-07
-1.16025238908804e-08,-0.00460148454060306,-2.49739665462399e-07
-1.16123839208768e-08,-0.00460148428984174,-2.49737777753133e-07
-1.16222311430145e-08,-0.00460148403907311,-2.49735895389702e-07
-1.16320640658889e-08,-0.00460148378829684,-2.49734016132022e-07
-1.1641881251118e-08,-0.00460148353751267,-2.4973213783656e-07
-1.16516813169968e-08,-0.00460148328672047,-2.49730258460391e-07
-1.16614629399653e-08,-0.00460148303592023,-2.49728376062558e-07
-1.16712248546845e-08,-0.00460148278511204,-2.49726488803645e-07
-1.16809658533634e-08,-0.00460148253429604,-2.49724594944196e-07
-1.16906847846874e-08,-0.0046014822834724,-2.49722692842409e-07
-1.170038055261e-08,-0.00460148203264126,-2.49720780951425e-07
-1.17100521150612e-08,-0.00460148178180277,-2.49718857816476e-07
-1.17196984826129e-08,-0.00460148153095705,-2.49716922072104e-07
-1.17293187171411e-08,-0.00460148128010422,-2.49714972439504e-07
-1.17389119305609e-08,-0.00460148102924439,-2.49713007723989e-07
-1.17484772835485e-08,-0.00460148077837772,-2.49711026812659e-07
-1.17580139843326e-08,-0.00460148052750434,-2.49709028672163e-07
-1.1767521287509e-08,-0.00460148027662442,-2.49707012346549e-07
-1.17769984928576e-08,-0.00460148002573814,-2.49704976955166e-07
-1.17864449441348e-08,-0.00460147977484565,-2.49702921690619e-07
-1.17958600278243e-08,-0.00460147952394712,-2.49700845816791e-07
-1.18052431719086e-08,-0.00460147927304273,-2.49698748666866e-07
-1.18145938446861e-08,-0.00460147902213267,-2.49696629641395e-07
-1.18239115535958e-08,-0.00460147877121713,-2.4969448820641e-07
-1.18331958441379e-08,-0.00460147852029629,-2.49692323891554e-07
-1.18424462988493e-08,-0.00460147826937038,-2.49690136288268e-07
-1.18516625362475e-08,-0.00460147801843958,-2.49687925047995e-07
-1.18608442097787e-08,-0.00460147776750409,-2.49685689880372e-07
-1.18699910067248e-08,-0.00460147751656412,-2.49683430551483e-07
-1.1879102647108e-08,-0.00460147726561987,-2.49681146882117e-07
-1.18881788826452e-08,-0.00460147701467156,-2.49678838746012e-07
-1.18972194957369e-08,-0.0046014767637194,-2.49676506068134e-07
-1.19062242985294e-08,-0.00460147651276361,-2.49674148822992e-07
-1.19151931319891e-08,-0.00460147626180442,-2.49671767032932e-07
-1.19241258650089e-08,-0.00460147601084205,-2.49669360766471e-07
-1.19330223934836e-08,-0.00460147575987671,-2.49666930136598e-07
-1.19418826393991e-08,-0.00460147550890863,-2.49664475299109e-07
-1.19507065498794e-08,-0.00460147525793803,-2.49661996450939e-07
-1.19594940962589e-08,-0.00460147500696513,-2.49659493828529e-07
-1.1968245273211e-08,-0.00460147475599018,-2.49656967706203e-07
-1.19769600979623e-08,-0.0046014745050134,-2.49654418394545e-07
-1.1985638609487e-08,-0.00460147425403503,-2.49651846238785e-07
-1.19942808677494e-08,-0.0046014740030553,-2.49649251617231e-07
-1.20028869529269e-08,-0.00460147375207443,-2.49646634939656e-07
