-230.6718605988,1.7314915446,-0.0232
-230.655194564299,1.73149154459965,-0.0232007465116494
-230.638531531505,1.73149154459738,-0.0232016288598074
-230.621873084825,1.73149154459213,-0.0232015887768886
-230.605219971128,1.73149154458424,-0.0232006409860371
-230.588572509088,1.73149154457465,-0.0231994205718226
-230.571930812731,1.73149154456484,-0.0231987231716408
-230.555294906435,1.73149154455466,-0.0231991977924657
-230.53866477938,1.73149154453894,-0.023201228563536
-230.522040409496,1.73149154451413,-0.0232049584360927
-230.505421773995,1.73149154448387,-0.0232103785216702
-230.488808854258,1.73149154445323,-0.0232174210118914
-230.472201637978,1.73149154442547,-0.0232260229496282
-230.455600119913,1.73149154440014,-0.0232361551674797
-230.439004301592,1.73149154437605,-0.0232478252720961
-230.422414190547,1.73149154435425,-0.0232610674212809
-230.405829798863,1.73149154433586,-0.0232759285980938
-230.389251141543,1.73149154432088,-0.0232924573139884
-230.372678234893,1.73149154430889,-0.0233106967416884
-230.356111095169,1.73149154429907,-0.0233306818307786
-230.339549737624,1.73149154428973,-0.0233524392268995
-230.322994175805,1.7314915442798,-0.0233759889272839
-230.306444421518,1.73149154427019,-0.023401346324137
-230.289900485247,1.73149154426351,-0.0234285240053445
-230.273362377051,1.73149154426156,-0.0234575328703132
-230.256830107501,1.73149154426332,-0.0234883826709616
-230.240303688728,1.73149154426669,-0.0235210816420609
-230.22378313517,1.73149154427214,-0.0235556362628757
-230.207268463965,1.73149154428088,-0.0235920511726543
-230.190759695127,1.73149154429343,-0.0236303290770712
-230.174256851343,1.73149154430753,-0.0236704707807749
-230.157759957652,1.73149154431984,-0.0237124752346576
-230.141269041118,1.73149154432733,-0.0237563394450702
-230.124784130589,1.73149154432573,-0.0238020584121282
-230.108305256339,1.73149154431313,-0.0238496255246565
-230.09183245009,1.73149154429226,-0.023899032760652
-230.075365745387,1.73149154426876,-0.0239502709108291
-230.0589051784,1.73149154424717,-0.0240033296690255
-230.042450788996,1.73149154422978,-0.0240581978255208
-230.026002622434,1.73149154421654,-0.0241148628109185
-230.009560730892,1.73149154420652,-0.0241733107252768
-229.99312517533,1.73149154419898,-0.0242335264001406
-229.976696027146,1.73149154419327,-0.0242954935834239
-229.960273370005,1.73149154418953,-0.0243591950050121
-229.943857301615,1.7314915441901,-0.0244246123078616
-229.927447935098,1.73149154419703,-0.0244917263427398
-229.911045400005,1.73149154421065,-0.0245605173137355
-229.894649842035,1.73149154422846,-0.0246309648229453
-229.878261418283,1.73149154424759,-0.0247030478039224
-229.861880278912,1.73149154426599,-0.0247767446076264
-229.845506502637,1.73149154428214,-0.0248520329289623
-229.829139874461,1.73149154429433,-0.0249288899635707
-229.812779389756,1.73149154430392,-0.0250072925622491
-229.79642317304,1.73149154431305,-0.0250872168880384
-229.780069426162,1.73149154432228,-0.025168637538911
-229.763717173084,1.7314915443274,-0.0252515261277178
-229.747366319864,1.73149154432433,-0.0253358505171014
-229.731017337636,1.73149154431464,-0.0254215750334874
-229.714670835082,1.73149154430354,-0.0255086620587429
-229.698327261053,1.73149154429585,-0.0255970739441903
-229.68198681637,1.73149154429605,-0.0256867746194439
-229.665649515346,1.73149154430639,-0.0257777305479937
-229.649315303734,1.7314915443275,-0.0258699107544932
-229.632984157364,1.73149154435977,-0.025963286232287
-229.616656127027,1.73149154440249,-0.0260578291760443
-229.60033133495,1.73149154445255,-0.0261535123983836
-229.584009947977,1.73149154450545,-0.0262503086158713
-229.567692151297,1.73149154455803,-0.0263481906787761
-229.551378135252,1.73149154460901,-0.0264471319207228
-229.535068094521,1.73149154465852,-0.0265471065054375
-229.518762229378,1.73149154470736,-0.0266480892505485
-229.502460727381,1.7314915447566,-0.0267500556923906
-229.486163660347,1.73149154480705,-0.0268529820539119
-229.469870586143,1.7314915448589,-0.0269568455038497
-229.45357994929,1.73149154491191,-0.027061624279162
-229.43728964246,1.73149154496591,-0.0271672966003846
-229.420998213138,1.73149154502095,-0.0272738381705559
-229.404705254479,1.73149154507688,-0.027381220536841
-229.3884111963,1.7314915451334,-0.0274894111851139
-229.372116809562,1.7314915451908,-0.0275983753978096
-229.35582275549,1.73149154524908,-0.0277080786849139
-229.339529391683,1.73149154530719,-0.0278184888815573
-229.323236795702,1.73149154536423,-0.0279295776627762
-229.306944898008,1.73149154542003,-0.0280413206374837
-229.290653630098,1.73149154547419,-0.0281536964510394
-229.274363022203,1.73149154552424,-0.0282666855558591
-229.258073228656,1.73149154556788,-0.0283802693173219
-229.241784497441,1.73149154560451,-0.0284944295883869
-229.225497116492,1.73149154563653,-0.0286091487935025
-229.209211363459,1.73149154566649,-0.0287244099286105
-229.192927470097,1.73149154569595,-0.0288401968164211
-229.176645599954,1.73149154572536,-0.0289564942970773
-229.16036583391,1.73149154575439,-0.0290732882319958
-229.144088158423,1.73149154578232,-0.0291905653665715
-229.127812455758,1.73149154580853,-0.0293083130125142
-229.111538499298,1.73149154583271,-0.0294265185749515
-229.095265959678,1.73149154585188,-0.0295451692115329
-229.078994426869,1.73149154586353,-0.0296642516259862
-229.062723447036,1.73149154586719,-0.0297837518850212
-229.046452564998,1.73149154586527,-0.0299036553796291
-229.030181360729,1.73149154586034,-0.030023946051433
-229.013909472105,1.73149154585398,-0.0301446065632656
-228.997636603689,1.731491545847,-0.0302656185942462
-228.981362524994,1.73149154583962,-0.0303869630980436
-228.965087061907,1.73149154583206,-0.0305086207335434
-228.9488100835,1.73149154582613,-0.0306305721821605
-228.932531485134,1.73149154582285,-0.0307527985038247
-228.916251168686,1.73149154582161,-0.0308752814327127
-228.899969021658,1.73149154581964,-0.0309980036530082
-228.883684898095,1.73149154581398,-0.0311209484343412
-228.867398604471,1.7314915458027,-0.0312440994516803
-228.851109893384,1.7314915457852,-0.0313674406917475
-228.834818466558,1.73149154576198,-0.031490956250405
-228.81852398625,1.73149154573398,-0.0316146304379028
-228.802226092718,1.73149154570184,-0.0317384477039382
-228.785924424442,1.7314915456657,-0.0318623924998389
-228.769618637144,1.7314915456254,-0.0319864491982384
-228.753308419041,1.73149154558051,-0.0321106021492735
-228.736993500912,1.73149154553,-0.0322348358815444
-228.720673662477,1.73149154547453,-0.0323591348876569
-228.704348736535,1.7314915454158,-0.032483483735797
-228.688018611612,1.73149154535504,-0.0326078673219558
-228.671683232226,1.7314915452923,-0.0327322711155556
-228.655342596953,1.73149154522542,-0.0328566813532767
-228.638996755085,1.73149154515257,-0.0329810851489801
-228.622645803028,1.73149154507352,-0.0331054704292771
-228.606289881448,1.7314915449887,-0.0332298263695534
-228.589929174007,1.73149154489845,-0.0333541435957625
-228.573563907428,1.73149154480281,-0.0334784142673502
-228.557194352289,1.73149154470151,-0.0336026318577695
-228.54082082347,1.73149154459419,-0.0337267910408866
-228.524443679189,1.73149154448063,-0.0338508877057512
-228.508063317576,1.73149154436046,-0.0339749190309915
-228.491680166578,1.73149154423418,-0.0340988833374052
-228.475294661849,1.73149154410375,-0.0342227800265671
-228.458907224189,1.73149154396943,-0.0343466093930362
-228.442518250309,1.73149154383143,-0.0344703725161347
-228.42612811872,1.73149154368992,-0.0345940713101758
-228.409737206969,1.73149154354449,-0.0347177084425489
-228.393345912526,1.73149154339315,-0.0348412872458533
-228.376954667859,1.73149154323497,-0.0349648115508917
-228.360563941177,1.73149154306904,-0.0350882853662517
-228.344174219014,1.73149154289516,-0.0352117127410183
-228.327785975352,1.73149154271459,-0.0353350977542784
-228.311399638775,1.73149154253096,-0.0354584445705806
-228.295015568986,1.7314915423489,-0.0355817572778878
-228.278634045462,1.73149154217017,-0.0357050398170734
-228.262255268973,1.73149154199441,-0.0358282958310307
-228.245879372903,1.73149154181974,-0.0359515284822436
-228.229506439583,1.73149154164427,-0.0360747402241528
-228.213136518411,1.73149154146687,-0.0361979321987818
-228.196769643202,1.73149154128715,-0.0363211041612028
-228.180405848571,1.73149154110514,-0.0364442546373883
-228.164045184723,1.73149154092108,-0.0365673810094081
-228.147687729056,1.73149154073529,-0.0366904797467679
-228.131333593244,1.73149154054807,-0.0368135462626594
-228.114982923705,1.7314915403598,-0.0369365750355549
-228.098635895621,1.73149154017138,-0.0370595595072079
-228.082292700713,1.73149153998349,-0.037182492390214
-228.065953531613,1.73149153979614,-0.0373053659066778
-228.049618565223,1.73149153960845,-0.037428171871281
-228.033287947087,1.73149153941948,-0.0375509018871087
-228.016961778559,1.7314915392286,-0.0376735473675947
-228.000640107907,1.73149153903525,-0.0377960994468458
-227.984322925744,1.7314915388389,-0.0379185488816915
-227.968010165397,1.73149153864043,-0.0380408859156975
-227.951701708588,1.73149153843808,-0.0381630998897041
-227.935397395542,1.73149153823009,-0.0382851792067727
-227.919097038934,1.73149153801632,-0.038407111394963
-227.902800439828,1.73149153779897,-0.0385288832011807
-227.88650740353,1.73149153757917,-0.0386504802246884
-227.870217752166,1.73149153735982,-0.0387718870872647
-227.853931332839,1.73149153714414,-0.0388930876909257
-227.837648020818,1.73149153693406,-0.0390140653172609
-227.821367717131,1.73149153672944,-0.0391348029526522
-227.805090341674,1.73149153652854,-0.0392552835007022
-227.788815822604,1.73149153632942,-0.039375489969278
-227.772544083384,1.73149153613086,-0.0394954057625321
-227.75627502907,1.73149153593206,-0.0396150144972016
-227.740008533754,1.73149153573162,-0.0397342994621069
-227.723744430062,1.73149153552878,-0.0398532438250927
-227.70748250297,1.73149153532432,-0.0399718306582485
-227.691222488244,1.73149153511927,-0.0400900430999924
-227.67496407632,1.73149153491435,-0.040207864354855
-227.658706921083,1.73149153471172,-0.0403252775890445
-227.642450652323,1.73149153451333,-0.0404422656682393
-227.626194889804,1.73149153431999,-0.0405588112438273
-227.609939257209,1.7314915341307,-0.0406748968199672
-227.593683394287,1.73149153394167,-0.0407905048230481
-227.577426966125,1.73149153374951,-0.0409056175749194
-227.561169668773,1.73149153355263,-0.0410202173775799
-227.544911230935,1.73149153335114,-0.041134286662016
-227.528651411793,1.73149153314595,-0.041247808142067
-227.512389995328,1.73149153293802,-0.0413607649350011
-227.496126781926,1.73149153272815,-0.0414731406120738
-227.479861580401,1.73149153251676,-0.0415849194624194
-227.463594203862,1.73149153230395,-0.0416960866544117
-227.447324466489,1.73149153208983,-0.0418066283543927
-227.431052178757,1.73149153187476,-0.041916531544105
-227.41477714187,1.73149153166067,-0.0420257839726156
-227.398499144107,1.73149153145442,-0.0421343742620866
-227.382217961025,1.73149153126111,-0.0422422916513723
-227.365933360181,1.73149153107959,-0.0423495257859112
-227.349645109224,1.73149153090305,-0.0424560667785555
-227.333352985397,1.7314915307253,-0.0425619052758046
-227.317056784832,1.73149153054391,-0.0426670325349322
-227.300756330528,1.73149153036149,-0.0427714405329476
-227.284451478547,1.73149153017919,-0.0428751217259232
-227.268142124468,1.73149153000068,-0.042978069026638
-227.251828211947,1.73149152982915,-0.0430802760961314
-227.23550974091,1.73149152966659,-0.0431817375612124
-227.219186772991,1.73149152950836,-0.0432824489994627
-227.202859432161,1.73149152934797,-0.0433824070854771
-227.186527900065,1.73149152917726,-0.0434816097496563
-227.170192406148,1.73149152899178,-0.0435800559488773
-227.153853214848,1.73149152879074,-0.0436777458172274
-227.137510612189,1.73149152857591,-0.0437746807793385
-227.121164894694,1.731491528351,-0.0438708635813868
-227.104816362744,1.73149152811949,-0.0439662980281868
-227.088465318962,1.73149152788383,-0.0440609889884638
-227.072112071408,1.73149152764548,-0.0441549423247644
-227.055756939513,1.73149152740499,-0.0442481647787536
-227.039400260861,1.73149152716205,-0.0443406638515297
-227.0230423971,1.73149152691592,-0.0444324476869877
-227.006683737662,1.7314915266665,-0.0445235249916243
-226.990324700165,1.73149152641588,-0.0446139050275227
-226.973965725787,1.73149152616517,-0.0447035974991341
-226.957607267221,1.73149152591239,-0.044792612478426
-226.941249770974,1.73149152565538,-0.0448809603551803
-226.924893660469,1.73149152539409,-0.0449686517938736
-226.908539323745,1.73149152513255,-0.0450556976757133
-226.892187102531,1.7314915248738,-0.0451421088851835
-226.875837285421,1.73149152461785,-0.0452278960480661
-226.859490106132,1.73149152436008,-0.0453130691710415
-226.843145744852,1.73149152409628,-0.0453976377886965
-226.826804332079,1.73149152382423,-0.0454816108874704
-226.810465954164,1.73149152354366,-0.045564996704451
-226.794130660355,1.73149152325585,-0.045647802661237
-226.777798471348,1.73149152296263,-0.045730035452687
-226.761469389625,1.73149152266377,-0.0458117002613545
-226.745143408801,1.73149152235967,-0.0458928008910314
-226.728820521966,1.73149152205215,-0.0459733400098094
-226.712500727984,1.73149152174605,-0.046053319343922
-226.696184035341,1.7314915214413,-0.04613273957341
-226.679870462678,1.73149152113517,-0.0462116004590831
-226.663560036488,1.73149152082205,-0.0462899009184014
-226.647252786121,1.73149152049679,-0.0463676392462012
-226.630948737213,1.73149152015807,-0.0464448132203952
-226.614647904232,1.73149151981083,-0.0465214202403278
-226.598350283415,1.73149151946064,-0.0465974572183199
-226.58205584662,1.73149151911116,-0.0466729205661248
-226.565764537023,1.73149151876405,-0.0467478062091528
-226.5494762671,1.73149151841886,-0.0468221095875406
-226.533190919207,1.73149151807248,-0.0468958256901396
-226.516908348889,1.73149151772207,-0.046968948974396
-226.50062839034,1.73149151736682,-0.047041473368684
-226.484350863468,1.73149151700961,-0.047113392217906
-226.468075581592,1.73149151665547,-0.0471846979797939
-226.451802358358,1.731491516308,-0.0472553826639131
-226.435531013771,1.73149151596827,-0.0473254381490718
-226.419261378449,1.7314915156337,-0.0473948564642467
-226.402993295986,1.73149151529895,-0.0474636293040129
-226.386726622306,1.73149151496152,-0.0475317479834139
-226.370461222561,1.73149151462099,-0.0475992036603646
-226.354196966249,1.73149151427683,-0.0476659875226348
-226.337933721222,1.73149151392606,-0.0477320908780926
-226.321671347322,1.73149151357109,-0.0477975050681064
-226.305409690293,1.73149151321563,-0.0478622216610591
-226.289148577084,1.73149151286232,-0.0479262325183568
-226.27288781309,1.73149151251254,-0.0479895298094927
-226.256627181617,1.73149151216679,-0.0480521060484211
-226.240366445787,1.73149151182508,-0.0481139538730185
-226.224105352409,1.73149151148628,-0.0481750659251556
-226.207843637418,1.73149151114706,-0.0482354347920805
-226.191581032204,1.73149151080528,-0.0482950530982212
-226.17531727019,1.73149151046253,-0.0483539135402993
-226.159052092779,1.73149151012146,-0.0484120090086927
-226.142785254224,1.73149150978416,-0.0484693326341491
-226.126516524905,1.73149150945178,-0.0485258778078932
-226.110245693469,1.7314915091247,-0.048581638223543
-226.093972570658,1.731491508803,-0.0486366079434389
-226.077696994093,1.73149150848742,-0.0486907814581303
-226.061418829104,1.73149150818052,-0.0487441537214612
-226.045137963934,1.73149150788411,-0.0487967203228061
-226.028854301052,1.73149150759798,-0.048848477586947
-226.012567748069,1.73149150731908,-0.0488994226172107
-225.99627821069,1.73149150704445,-0.048949553203866
-225.979985588704,1.73149150677238,-0.0489988677837281
-225.963689775002,1.7314915065023,-0.0490473654075177
-225.947390657174,1.73149150623435,-0.0490950457108995
-225.931088120593,1.73149150596952,-0.0491419089525363
-225.914782052618,1.73149150570996,-0.0491879561494105
-225.898472348814,1.73149150545472,-0.0492331888639637
-225.882158921986,1.73149150520224,-0.0492776089617322
-225.865841712173,1.73149150495214,-0.0493212184912427
-225.849520695668,1.73149150470461,-0.049364019925605
-225.833195891757,1.73149150446001,-0.0494060162696676
-225.816867366429,1.73149150421871,-0.0494472110099152
-225.800535232925,1.73149150398079,-0.0494876082443641
-225.784199649418,1.731491503746,-0.0495272129435662
-225.767860814248,1.73149150351408,-0.049566031077754
-225.751518959456,1.73149150328516,-0.0496040698178552
-225.735174343014,1.73149150306016,-0.0496413372297026
-225.718827240597,1.7314915028388,-0.0496778418996096
-225.70247793771,1.73149150262043,-0.0497135931042389
-225.68612672353,1.7314915024043,-0.0497486009240148
-225.669773886763,1.7314915021893,-0.0497828763446747
-225.653419713622,1.7314915019742,-0.0498164308638738
-225.637064487086,1.73149150175707,-0.0498492760931832
-225.620708486768,1.73149150153685,-0.0498814240329786
-225.604351989393,1.73149150131361,-0.0499128871712742
-225.587995269196,1.7314915010882,-0.0499436784954918
-225.571638598002,1.73149150086345,-0.0499738110319936
-225.555282243761,1.73149150064367,-0.050003297610049
-225.538926465553,1.73149150043161,-0.0500321509741988
-225.522571504083,1.73149150022765,-0.050060383800095
-225.50621757297,1.73149150002991,-0.0500880086372689
-225.489864854722,1.73149149983663,-0.0501150377460893
-225.473513500677,1.73149149964851,-0.0501414829375878
-225.457163632369,1.73149149946673,-0.0501673555658601
-225.440815342574,1.73149149929179,-0.0501926664991504
-225.424468695583,1.73149149912196,-0.050217426152613
-225.40812372753,1.73149149895525,-0.0502416443320074
-225.391780447541,1.73149149879026,-0.0502653299909403
-225.375438840051,1.73149149862628,-0.0502884911695583
-225.359098868451,1.73149149846332,-0.0503111349997877
-225.342760479759,1.7314914983018,-0.0503332676650374
-225.326423609612,1.73149149814226,-0.0503548944693972
-225.310088187255,1.7314914979851,-0.0503760198173043
-225.293754139788,1.73149149783053,-0.0503966474325282
-225.277421395614,1.73149149767856,-0.0504167805206286
-225.261089886657,1.73149149752913,-0.050436421886539
-225.244759549369,1.73149149738271,-0.050455573669697
-225.228430324046,1.73149149724177,-0.050474237276378
-225.212102152643,1.73149149710823,-0.0504924136406028
-225.195774975718,1.73149149698137,-0.0505101034162169
-225.179448728848,1.73149149685573,-0.0505273071194687
-225.163123339217,1.73149149672709,-0.0505440249298358
-225.146798722524,1.73149149659558,-0.0505602565219054
-225.13047478048,1.73149149646289,-0.0505760013350299
-225.114151399644,1.73149149633057,-0.0505912587224529
-225.09782845161,1.7314914961989,-0.0506060280663354
-225.081505794602,1.73149149606588,-0.0506203086267502
-225.065183276069,1.73149149593057,-0.0506340993547558
-225.048860735891,1.73149149579312,-0.0506473989218755
-225.03253800991,1.73149149565431,-0.0506602057661513
-225.016214933474,1.73149149551576,-0.050672518146928
-224.999891344551,1.73149149537917,-0.0506843341582519
-224.983567085996,1.73149149524648,-0.0506956517492818
-224.967242006718,1.73149149511792,-0.0507064687977008
-224.950915961703,1.73149149499292,-0.0507167832201235
-224.934588810917,1.73149149487084,-0.0507265930476859
-224.918260417277,1.73149149475122,-0.0507358964938046
-224.901930643852,1.73149149463388,-0.050744692015014
-224.885599351537,1.73149149451885,-0.0507529782822525
-224.869266399935,1.73149149440623,-0.0507607541302355
-224.852931651865,1.73149149429641,-0.0507680185890752
-224.836594977467,1.73149149419107,-0.0507747708446317
-224.820256254496,1.73149149409205,-0.0507810103203776
-224.803915366027,1.73149149399863,-0.050786736647817
-224.787572197817,1.73149149390964,-0.0507919497394091
-224.771226637323,1.73149149382453,-0.0507966498633182
-224.754878574712,1.73149149374437,-0.0508008377497295
-224.738527905364,1.73149149367101,-0.0508045143356004
-224.722174532671,1.73149149360542,-0.0508076808219219
-224.705818370462,1.73149149354762,-0.0508103387249581
-224.68945934453,1.73149149349643,-0.0508124899146873
-224.67309739354,1.73149149344856,-0.0508141366816544
-224.656732471001,1.7314914934011,-0.0508152817204577
-224.640364548247,1.73149149335226,-0.050815928169692
-224.623993616678,1.73149149330044,-0.0508160792236011
-224.607619689041,1.73149149324485,-0.0508157384177564
-224.591242798817,1.73149149318614,-0.050814909887648
-224.574862998334,1.73149149312699,-0.0508135985277328
-224.558480356489,1.73149149306881,-0.0508118096299487
-224.542094956776,1.73149149301218,-0.0508095489597638
-224.52570689611,1.73149149295744,-0.0508068228145896
-224.509316284462,1.73149149290364,-0.0508036380326708
-224.492923245316,1.73149149284829,-0.050800001942731
-224.476527916543,1.73149149278925,-0.0507959222790913
-224.460130451359,1.73149149272674,-0.0507914071407736
-224.443731019051,1.73149149266323,-0.0507864650572267
-224.427329805215,1.73149149260095,-0.0507811049363635
-224.410927011401,1.7314914925402,-0.0507753359857231
-224.394522853766,1.73149149248174,-0.0507691677023422
-224.378117560663,1.73149149242673,-0.0507626099176091
-224.361711369027,1.73149149237577,-0.0507556727936647
-224.345304519839,1.73149149232827,-0.0507483667883835
-224.32889725276,1.73149149228307,-0.0507407026383469
-224.312489800338,1.73149149224053,-0.050732691324069
-224.296082382485,1.73149149220111,-0.0507243438967709
-224.279675200593,1.73149149216397,-0.0507156714073172
-224.263268429271,1.73149149212543,-0.0507066849027712
-224.246862207589,1.73149149208234,-0.0506973951861891
-224.230456634843,1.73149149203347,-0.050687812571685
-224.214051772527,1.73149149197861,-0.0506779469918933
-224.197647650643,1.73149149191746,-0.050667808043284
-224.181244275392,1.73149149184912,-0.0506574049635136
-224.164841636405,1.73149149177683,-0.0506467461106166
-224.148439711841,1.73149149170387,-0.0506358391297159
-224.132038472195,1.73149149163106,-0.0506246910897009
-224.115637883087,1.73149149155516,-0.0506133086113972
-224.099237907295,1.73149149147361,-0.0506016977400645
-224.08283850575,1.73149149138783,-0.0505898640573888
-224.066439637919,1.7314914912992,-0.0505778124335249
-224.050041261138,1.73149149120691,-0.050565546964737
-224.033643329176,1.73149149111028,-0.0505530711554282
-224.017245790591,1.73149149100914,-0.0505403880452706
-224.000848587237,1.73149149090314,-0.0505275001893463
-223.984451653205,1.73149149079158,-0.0505144095147567
-223.968054913889,1.73149149067392,-0.050501117693082
-223.951658285888,1.73149149054998,-0.0504876263080966
-223.935261677668,1.73149149041983,-0.0504739369246286
-223.918864990936,1.73149149028395,-0.0504600509167979
-223.90246812223,1.73149149014321,-0.0504459692875666
-223.886070964987,1.73149148999705,-0.0504316923601653
-223.869673411305,1.73149148984464,-0.0504172201671777
-223.853275353722,1.73149148968566,-0.0504025527308004
-223.836876686655,1.73149148952005,-0.050387690222582
-223.820477307579,1.73149148935047,-0.0503726325500363
-223.804077117196,1.73149148917891,-0.0503573794426564
-223.787676018981,1.73149148900585,-0.0503419305586159
-223.771273918111,1.73149148883141,-0.050326285557527
-223.754870719936,1.73149148865409,-0.0503104441087198
-223.738466328066,1.73149148847073,-0.0502944059928207
-223.722060642506,1.73149148827894,-0.0502781710768914
-223.70565355797,1.73149148807689,-0.0502617393738564
-223.689244962864,1.73149148786129,-0.0502451108670506
-223.672834741054,1.73149148763019,-0.0502282855240661
-223.656422778175,1.73149148738427,-0.0502112633328816
-223.640008968349,1.7314914871254,-0.0501940443670169
-223.623593217532,1.73149148685704,-0.0501766288251196
-223.607175443224,1.73149148658601,-0.0501590170042443
-223.590755572525,1.73149148631598,-0.0501412092627675
-223.574333540095,1.73149148604767,-0.0501232061699533
-223.557909287102,1.73149148577908,-0.0501050086265363
-223.541482761196,1.73149148550758,-0.0500866178436211
-223.525053918082,1.73149148523132,-0.0500680353365679
-223.508622724883,1.73149148494932,-0.0500492629730196
-223.492189163604,1.73149148466285,-0.0500303026573823
-223.475753233162,1.73149148437375,-0.0500111564998299
-223.459314949696,1.73149148408282,-0.049991826972071
-223.442874345441,1.73149148378732,-0.0499723170327486
-223.426431466954,1.73149148348485,-0.0499526300110568
-223.409986373269,1.73149148317575,-0.0499327694872045
-223.393539134378,1.73149148286551,-0.0499127391199016
-223.377089829966,1.73149148255946,-0.0498925429778138
-223.360638548716,1.73149148226107,-0.049872185701916
-223.34418538798,1.73149148197247,-0.0498516726214242
-223.327730453829,1.73149148169392,-0.0498310094111206
-223.311273861033,1.7314914814236,-0.0498102019952255
-223.294815732994,1.73149148115851,-0.049789256484692
-223.278356201598,1.73149148089522,-0.0497681788250709
-223.261895406493,1.73149148063167,-0.0497469751449918
-223.24543349413,1.73149148036808,-0.0497256519245296
-223.22897061638,1.73149148010764,-0.0497042159908975
-223.212506928647,1.73149147985362,-0.0496826742876586
-223.196042587231,1.73149147960831,-0.0496610339299422
-223.179577746346,1.73149147937248,-0.0496393022125346
-223.163112554873,1.73149147914411,-0.0496174866013951
-223.146647153066,1.73149147892134,-0.0495955946533703
-223.130181669182,1.73149147870493,-0.0495736340672216
-223.113716214699,1.73149147849617,-0.0495516123606074
-223.097250876049,1.731491478296,-0.0495295366653247
-223.08078570773,1.73149147810491,-0.0495074137292675
-223.064320730781,1.73149147792315,-0.0494852500248216
-223.047855936286,1.73149147775086,-0.0494630518219603
-223.031391291556,1.73149147758771,-0.0494408252996185
-223.014926746913,1.73149147743348,-0.0494185760361345
-222.998462241155,1.73149147728986,-0.0493963085875667
-222.981997705025,1.73149147715831,-0.0493740268866409
-222.965533063701,1.73149147703871,-0.0493517345272335
-222.949068238636,1.73149147692822,-0.0493294350481985
-222.932603149269,1.73149147682397,-0.0493071313777889
-222.916137713908,1.73149147672415,-0.0492848255500035
-222.8996718497,1.73149147662796,-0.0492625191073985
-222.883205472437,1.73149147653532,-0.0492402133633544
-222.866738496043,1.73149147644708,-0.0492179095325371
-222.850270832238,1.73149147636598,-0.0491956085122029
-222.833802390042,1.73149147629416,-0.0491733109062491
-222.81733307539,1.73149147623179,-0.0491510171127188
-222.800862790851,1.731491476176,-0.0491287274028321
-222.784391435816,1.73149147612355,-0.0491064418274727
-222.767918907178,1.73149147607209,-0.0490841602240214
-222.75144510015,1.73149147602078,-0.049061882273216
-222.734969909216,1.7314914759713,-0.049039607624554
-222.718493229157,1.73149147592617,-0.0490173357245213
-222.702014956126,1.73149147588485,-0.0489950656681087
-222.68553498852,1.73149147584613,-0.0489727965087934
-222.66905322765,1.73149147580952,-0.0489505274786981
-222.652569578204,1.73149147577566,-0.0489282581909609
-222.636083950836,1.73149147574396,-0.048905988282011
-222.619596269644,1.73149147571386,-0.0488837173422956
-222.603106481015,1.73149147568545,-0.0488614449064597
-222.58661455903,1.73149147565911,-0.0488391703789969
-222.570120506077,1.73149147563502,-0.0488168934033043
-222.553624350125,1.73149147561302,-0.0487946140652453
-222.537126140845,1.73149147559286,-0.048772332969186
-222.520625946354,1.73149147557409,-0.0487500511908157
-222.504123851105,1.7314914755557,-0.0487277702918761
-222.487619954881,1.73149147553786,-0.0487054919577264
-222.471114372047,1.73149147552111,-0.0486832182222038
-222.454607230875,1.73149147550582,-0.0486609516186569
-222.438098672657,1.73149147549159,-0.0486386952997047
-222.421588850552,1.73149147547707,-0.0486164528412235
-222.405077928046,1.73149147546497,-0.04859422790175
-222.388566076773,1.73149147545825,-0.0485720244816063
-222.372053474228,1.73149147545805,-0.048549847070465
-222.355540301271,1.73149147546255,-0.0485277007504873
-222.339026739519,1.73149147546946,-0.0485055906133998
-222.322512968,1.7314914754767,-0.0484835217684917
-222.30599915948,1.73149147548255,-0.0484614995506755
-222.289485476895,1.7314914754863,-0.0484395295344746
-222.272972069794,1.73149147548818,-0.0484176175390552
-222.256459069057,1.73149147548885,-0.0483957694278992
-222.239946577987,1.73149147548884,-0.0483739910805219
-222.223434665073,1.73149147548842,-0.0483522881810089
-222.206923362279,1.73149147548723,-0.0483306660078493
-222.190412668439,1.73149147548344,-0.0483091292580214
-222.173902555168,1.73149147547459,-0.0482876819886198
-222.157392972772,1.73149147545928,-0.0482663278264544
-222.140883855125,1.73149147543801,-0.0482450700225605
-222.124375123192,1.73149147541404,-0.0482239114387032
-222.107866687575,1.73149147539042,-0.0482028544410308
-222.09135845036,1.73149147536881,-0.0481819009320709
-222.074850306725,1.73149147534985,-0.0481610522027692
-222.05834214616,1.73149147533386,-0.0481403088862752
-222.041833853366,1.73149147532013,-0.0481196708863103
-222.025325308684,1.73149147530822,-0.0480991376153787
-222.008816388395,1.73149147529982,-0.0480787080879327
-221.992306964827,1.73149147529645,-0.0480583810540689
-221.975796906368,1.7314914752988,-0.0480381550812388
-221.959286077521,1.73149147530699,-0.0480180286437969
-221.942774339134,1.73149147532001,-0.0479979999355189
-221.926261548692,1.73149147533448,-0.0479780667724168
-221.909747560686,1.73149147534746,-0.0479582267136611
-221.893232227192,1.73149147535744,-0.0479384771959591
-221.876715398584,1.73149147536439,-0.0479188156744654
-221.86019692458,1.73149147536923,-0.0478992394473955
-221.843676655258,1.73149147537304,-0.0478797455378323
-221.827154441998,1.73149147537645,-0.047860330904757
-221.810630140138,1.73149147537891,-0.0478409925740865
-221.794103616032,1.73149147537776,-0.047821727724118
-221.777574757345,1.73149147537142,-0.0478025336470313
-221.761043481374,1.73149147536194,-0.04778340781764
-221.744509738899,1.73149147535187,-0.0477643478629227
-221.727973514226,1.73149147534228,-0.0477453515944853
-221.711434823271,1.73149147533057,-0.0477264170387015
-221.694893711145,1.73149147531461,-0.0477075425829969
-221.678350250573,1.73149147529523,-0.0476887269395723
-221.66180454074,1.73149147527395,-0.0476699694501804
-221.645256706378,1.7314914752523,-0.0476512702625017
-221.62870689667,1.73149147523241,-0.0476326304445083
-221.612155283863,1.73149147521301,-0.0476140516303549
-221.595602061302,1.7314914751902,-0.0475955359146067
-221.579047441076,1.73149147516108,-0.0475770859402129
-221.562491651396,1.73149147512521,-0.0475587049924115
-221.545934933796,1.73149147508556,-0.0475403971551122
-221.529377540289,1.73149147504617,-0.0475221670048732
-221.512819730262,1.73149147501206,-0.047504019407575
-221.496261766996,1.73149147498167,-0.0474859594083663
-221.479703913768,1.7314914749516,-0.0474679924295099
-221.463146429863,1.73149147491961,-0.0474501243552855
-221.446589566551,1.73149147488586,-0.0474323615454212
-221.430033563243,1.73149147485173,-0.0474147104356165
-221.413478643295,1.73149147481865,-0.0473971775058991
-221.396925008388,1.73149147478746,-0.047379769255361
-221.380372830335,1.73149147475856,-0.0473624921291445
-221.363822245019,1.7314914747333,-0.0473453523115935
-221.347273351351,1.73149147471351,-0.0473283556701608
-221.33072621467,1.73149147469882,-0.0473115076663862
-221.314180872006,1.73149147468689,-0.0472948132944333
-221.297637337368,1.73149147467807,-0.0472782768693574
-221.281095605732,1.73149147467409,-0.0472619020559419
-221.264555656055,1.73149147467587,-0.0472456918695028
-221.248017453605,1.73149147468315,-0.047229648663419
-221.231480952038,1.73149147469458,-0.0472137740944708
-221.214946095314,1.73149147470717,-0.0471980690971641
-221.198412819256,1.73149147471866,-0.047182533982451
-221.181881052799,1.73149147472786,-0.0471671685471148
-221.165350718886,1.73149147473458,-0.0471519722450654
-221.148821735422,1.73149147473966,-0.0471369437950425
-221.132294015452,1.73149147474407,-0.0471220812872102
-221.115767467262,1.73149147474861,-0.0471073822991987
-221.099241994536,1.7314914747547,-0.0470928439819185
-221.082717496633,1.73149147476439,-0.0470784629763994
-221.066193868782,1.7314914747759,-0.047064235383214
-221.049671002065,1.73149147478679,-0.0470501571103924
-221.033148783752,1.73149147479594,-0.0470362239656356
-221.016627097863,1.73149147480484,-0.0470224316756604
-221.000105825823,1.73149147481413,-0.0470087758124968
-220.983584847053,1.73149147481984,-0.0469952517917604
-220.967064039448,1.73149147481847,-0.0469818548737315
-220.950543279884,1.73149147480823,-0.0469685802170033
-220.934022444631,1.73149147478825,-0.0469554230227855
-220.917501409869,1.7314914747628,-0.0469423782572414
-220.900980051726,1.73149147473655,-0.0469294407797892
-220.884458246247,1.73149147471218,-0.0469166054604
-220.867935869236,1.73149147468957,-0.0469038672649528
-220.851412795983,1.73149147466541,-0.0468912213735947
-220.834888900961,1.73149147463922,-0.0468786630949587
-220.818364057507,1.73149147461131,-0.0468661877460552
-220.801838137464,1.73149147458176,-0.0468537905649374
-220.78531101077,1.73149147455055,-0.0468414669021126
-220.768782545262,1.7314914745177,-0.0468292123455135
-220.752252606818,1.73149147448333,-0.0468170228240024
-220.735721061576,1.7314914744483,-0.0468048944229191
-220.719187779003,1.73149147441468,-0.0467928232631266
-220.702652628668,1.73149147438199,-0.0467808055457425
-220.686115467069,1.73149147434882,-0.0467688376740207
-220.669576118222,1.73149147431435,-0.0467569162865933
-220.65303435677,1.73149147427861,-0.0467450382786568
-220.636489902143,1.73149147424019,-0.0467332007330619
-220.61994242702,1.73149147419808,-0.0467214007122352
-220.603391577662,1.73149147415195,-0.0467096351380377
-220.586837001029,1.73149147410216,-0.0466979007065738
-220.570278373124,1.73149147404994,-0.0466861938023411
-220.553715424098,1.73149147399625,-0.0466745106444625
-220.537147957962,1.73149147394202,-0.0466628473926601
-220.520575867005,1.73149147388832,-0.0466512002990879
-220.503999141796,1.73149147383544,-0.0466395659704247
-220.487417880146,1.7314914737815,-0.046627941706122
-220.470832298895,1.73149147372546,-0.0466163257148374
-220.45424275263,1.73149147366944,-0.046604717392584
-220.437649757887,1.73149147361656,-0.046593117439377
-220.421054008947,1.7314914735679,-0.0465815278270248
-220.404456353475,1.73149147352326,-0.0465699523893531
-220.387857694568,1.73149147348179,-0.0465583972050176
-220.371258846484,1.73149147344277,-0.0465468707618396
-220.354660428382,1.73149147340894,-0.0465353834153485
-220.338062844906,1.73149147338255,-0.0465239471434025
-220.321466338318,1.73149147336148,-0.0465125751148328
-220.304871066101,1.731491473339,-0.0465012812400008
-220.288277168177,1.73149147331014,-0.046490079419969
-220.271684810414,1.7314914732755,-0.0464789830472779
-220.255094207986,1.73149147323927,-0.0464680045213418
-220.238505636754,1.73149147320688,-0.0464571551274428
-220.221919437975,1.7314914731832,-0.0464464450260151
-220.205336014646,1.73149147317082,-0.0464358837048933
-220.188755818812,1.7314914731694,-0.0464254803667446
-220.172179331078,1.73149147317451,-0.0464152442396526
-220.155607035146,1.73149147318255,-0.0464051845483093
-220.139039390698,1.73149147319339,-0.046395310359434
-220.122476808303,1.73149147320656,-0.0463856305331476
-220.105919629743,1.7314914732218,-0.0463761537580924
-220.089368115241,1.7314914732393,-0.0463668885016437
-220.072822438323,1.7314914732618,-0.0463578428102241
-220.056282687669,1.73149147329085,-0.0463490238544908
-220.039748875713,1.73149147332607,-0.0463404376569569
-220.023220954672,1.73149147336787,-0.0463320888462125
-220.006698838492,1.73149147341675,-0.0463239805972364
-219.990182428232,1.73149147347269,-0.0463161146057603
-219.973671636484,1.73149147353438,-0.0463084911070484
-219.957166406817,1.73149147360065,-0.0463011088867211
-219.940666724893,1.73149147367074,-0.0462939653644005
-219.924172620009,1.73149147374418,-0.0462870566916816
-219.907684157409,1.73149147382094,-0.0462803781306326
-219.891201423939,1.73149147390157,-0.046273924355189
-219.874724509656,1.73149147398783,-0.0462676897055624
-219.858253488316,1.73149147408202,-0.0462616681987325
-219.841788398103,1.73149147418731,-0.0462558535597487
-219.825329224002,1.73149147430478,-0.0462502390896722
-219.808875883167,1.73149147443191,-0.0462448174924696
-219.792428214049,1.73149147456586,-0.046239581083948
-219.775985972175,1.73149147470492,-0.0462345217987611
-219.759548834549,1.73149147484864,-0.0462296310607727
-219.743116415478,1.73149147499515,-0.0462248994330039
-219.726688292923,1.73149147514294,-0.0462203164999853
-219.71026404015,1.73149147529169,-0.0462158708581869
-219.693843255088,1.73149147544297,-0.046211550220348
-219.677425580523,1.7314914755994,-0.0462073413863924
-219.661010712234,1.73149147576276,-0.046203230416467
-219.644598396576,1.73149147593355,-0.0461992028857179
-219.628188420855,1.73149147611135,-0.0461952441342623
-219.611780599023,1.73149147629541,-0.0461913395141815
-219.595374754949,1.7314914764849,-0.0461874746379929
-219.578970704649,1.73149147667909,-0.0461836355741936
-219.562568239093,1.73149147687726,-0.0461798089878231
-219.546167109622,1.73149147707879,-0.0461759821857237
-219.52976701836,1.73149147728279,-0.0461721428194846
-219.513367615528,1.73149147748873,-0.0461682788932714
-219.496968504693,1.73149147769634,-0.0461643787915576
-219.480569255096,1.73149147790615,-0.0461604311970563
-219.464169418906,1.73149147812166,-0.046156424619317
-219.447768550026,1.73149147834577,-0.0461523475570326
-219.431366222019,1.73149147857883,-0.0461481886629282
-219.414962043108,1.73149147881718,-0.0461439369008514
-219.39855566817,1.73149147905793,-0.0461395813518473
-219.382146810106,1.73149147929945,-0.0461351113774001
-219.365735248174,1.73149147954108,-0.0461305168248007
-219.349320828993,1.7314914797822,-0.0461257882276176
-219.332903459123,1.73149148002056,-0.0461209170318142
-219.316483090867,1.73149148025482,-0.0461158956704526
-219.300059703933,1.73149148048658,-0.0461107176283911
-219.28363328637,1.73149148071769,-0.0461053776268704
-219.267203817652,1.73149148094932,-0.0460998717504875
-219.250771256582,1.73149148118235,-0.0460941975172789
-219.234335535674,1.73149148141827,-0.0460883536062103
-219.2178965632,1.73149148165795,-0.0460823396891379
-219.201454234346,1.73149148190151,-0.046076156274517
-219.185008448315,1.73149148214805,-0.0460698045424021
-219.168559127375,1.73149148239491,-0.0460632862125109
-219.152106234837,1.73149148264005,-0.0460566035372579
-219.135649791117,1.73149148288309,-0.0460497592979824
-219.11918988768,1.73149148312519,-0.0460427568059376
-219.102726698717,1.73149148336777,-0.0460356000764722
-219.086260489244,1.73149148361182,-0.0460282939694149
-219.069791617072,1.73149148385764,-0.0460208442959841
-219.053320524873,1.73149148410486,-0.0460132579403525
-219.036847719815,1.73149148435264,-0.0460055430182647
-219.020373742986,1.7314914845995,-0.0459977090359469
-219.003899135726,1.73149148484528,-0.0459897667323197
-218.987424411541,1.73149148509028,-0.0459817280809852
-218.970950039006,1.73149148533444,-0.0459736062281024
-218.954476435698,1.73149148557686,-0.0459654153446349
-218.938003969991,1.73149148581743,-0.0459571701752664
-218.921532966571,1.7314914860561,-0.0459488858141206
-218.905063712818,1.73149148629299,-0.0459405774513393
-218.888596463124,1.7314914865285,-0.0459322601076891
-218.872131442137,1.73149148676245,-0.0459239483872273
-218.855668852177,1.73149148699222,-0.0459156562539328
-218.839208883662,1.73149148721521,-0.0459073969980773
-218.822751724958,1.73149148743074,-0.0458991832104417
-218.806297567583,1.73149148764149,-0.0458910267976753
-218.789846605029,1.7314914878504,-0.0458829389128871
-218.773399025535,1.73149148805958,-0.0458749299620257
-218.756955001119,1.73149148826992,-0.045867009621139
-218.740514675353,1.7314914884807,-0.0458591868626766
-218.724078152372,1.73149148868956,-0.045851470009385
-218.707645488704,1.73149148889437,-0.0458438665815518
-218.69121668884,1.73149148909379,-0.0458363831723509
-218.67479170511,1.73149148928674,-0.0458290252932479
-218.658370441976,1.73149148947322,-0.0458217975064369
-218.641952764552,1.73149148965434,-0.0458147033951809
-218.625538510331,1.73149148983363,-0.0458077454968112
-218.609127502916,1.73149149001605,-0.045800925134562
-218.59271956549,1.73149149020492,-0.04579424248377
-218.576314532226,1.73149149040065,-0.045787696692564
-218.55991225589,1.73149149059923,-0.045781286056706
-218.543512610975,1.73149149079682,-0.0457750078995066
-218.527115492047,1.7314914909921,-0.0457688585973673
-218.510720807823,1.7314914911852,-0.0457628338965694
-218.494328472267,1.73149149137697,-0.0457569291576425
-218.477938393919,1.73149149156852,-0.0457511395198929
-218.461550465035,1.73149149176082,-0.0457454598616635
-218.445164551812,1.73149149195424,-0.0457398849001266
-218.428780487281,1.73149149214887,-0.0457344092244307
-218.412398067843,1.73149149234488,-0.0457290272659247
-218.396017054113,1.73149149254246,-0.0457237332521246
-218.379637176039,1.73149149274192,-0.0457185211620448
-218.363258141597,1.7314914929442,-0.0457133846952304
-218.346879647784,1.73149149314939,-0.045708317190274
-218.330501392279,1.73149149335555,-0.0457033116137926
-218.314123084168,1.73149149355909,-0.0456983607006367
-218.297744452559,1.73149149375864,-0.0456934569162694
-218.281365252149,1.7314914939553,-0.0456885925114505
-218.264985265311,1.73149149415057,-0.0456837596976754
-218.248604300726,1.73149149434559,-0.0456789508073922
-218.232222189879,1.73149149454116,-0.0456741584227625
-218.215838785203,1.7314914947378,-0.0456693754814975
-218.199453958347,1.73149149493528,-0.0456645953509504
-218.183067595059,1.73149149513275,-0.0456598118956054
-218.166679586477,1.73149149532951,-0.0456550195584373
-218.150289819676,1.73149149552598,-0.0456502134378245
-218.133898170731,1.73149149572148,-0.045645389262766
-218.117504502303,1.73149149591463,-0.0456405432442281
-218.101108666141,1.73149149610416,-0.0456356720773022
-218.084710509312,1.73149149628921,-0.0456307729506788
-218.068309882486,1.7314914964691,-0.0456258435750896
-218.051906648539,1.73149149664368,-0.0456208820391231
-218.03550069061,1.73149149681339,-0.0456158866879013
-218.019091918537,1.73149149697877,-0.045610856213685
-218.002680273208,1.73149149714036,-0.0456057897579538
-217.986265728734,1.73149149729948,-0.045600687000775
-217.969848293832,1.73149149745537,-0.0455955480852695
-217.953428012375,1.73149149760716,-0.0455903737231608
-217.937004961877,1.73149149775444,-0.0455851652673082
-217.920579249071,1.73149149789712,-0.0455799247613961
-217.904151002647,1.73149149803532,-0.0455746549892204
-217.887720364662,1.73149149816907,-0.045569359552385
-217.871287482595,1.73149149829804,-0.0455640429229058
-217.854852504098,1.7314914984233,-0.0455587100647264
-217.838415574988,1.731491498546,-0.0455533664963333
-217.821976840709,1.73149149866666,-0.0455480183013692
-217.805536450409,1.73149149878544,-0.0455426720702559
-217.789094562559,1.73149149890242,-0.0455373347888489
-217.772651350865,1.73149149901754,-0.0455320136705527
-217.75620700926,1.73149149913049,-0.0455267162477929
-217.739761755171,1.73149149924095,-0.0455214504100117
-217.72331583016,1.7314914993487,-0.0455162244580504
-217.706869497401,1.7314914994536,-0.0455110469132708
-217.690423035662,1.7314914995551,-0.0455059264619677
-217.673976730161,1.73149149965282,-0.0455008719409394
-217.657530861092,1.73149149974638,-0.045495892351258
-217.641085689433,1.73149149983489,-0.0454909968550749
-217.624641440071,1.73149149991963,-0.0454861946252047
-217.608198288428,1.7314915000022,-0.0454814947802895
-217.591756355265,1.73149150008392,-0.0454769061846457
-217.575315709115,1.73149150016565,-0.0454724374412364
-217.558876373726,1.73149150024825,-0.0454680967597208
-217.542438337513,1.73149150033398,-0.0454638918168156
-217.526001563228,1.73149150042364,-0.0454598295758387
-217.509565996959,1.73149150051431,-0.0454559162470511
-217.4931315763,1.73149150060313,-0.0454521571176539
-217.476698237245,1.73149150068794,-0.0454485565174717
-217.460265919466,1.73149150076445,-0.045445117949031
-217.443834569652,1.73149150083025,-0.0454418440296397
-217.427404142288,1.7314915008885,-0.0454387364763643
-217.41097459771,1.73149150094344,-0.045435796383966
-217.394545898055,1.73149150099845,-0.045433024377182
-217.378118001693,1.73149150105558,-0.0454304206673199
-217.361690857023,1.7314915011157,-0.045427985070658
-217.345264396575,1.7314915011786,-0.0454257170256749
-217.328838532378,1.73149150124293,-0.0454236156291681
-217.312413153262,1.73149150130709,-0.0454216796202508
-217.295988124477,1.73149150136892,-0.0454199073872387
-217.279563289676,1.73149150142511,-0.0454182969692825
-217.263138475096,1.73149150147757,-0.0454168457993469
-217.246713495124,1.73149150152937,-0.045415550821968
-217.230288158766,1.73149150158316,-0.0454144086047979
-217.213862277223,1.73149150164203,-0.0454134154154769
-217.197435674805,1.73149150170604,-0.0454125671334136
-217.181008200032,1.73149150177382,-0.045411859349773
-217.164579731738,1.73149150184391,-0.0454112874673986
-217.148150178603,1.73149150191538,-0.0454108467754728
-217.131719473629,1.73149150198793,-0.0454105325121333
-217.115287566141,1.73149150206152,-0.0454103400557702
-217.098854413574,1.73149150213565,-0.0454102650803377
-217.082419974308,1.73149150220858,-0.0454103036437662
-217.065984202077,1.731491502281,-0.0454104518923877
-217.049547041914,1.73149150235433,-0.0454107062385578
-217.033108427845,1.73149150242969,-0.0454110634448581
-217.016668282439,1.73149150250789,-0.0454115206063816
-217.000226518178,1.73149150258938,-0.0454120751302322
-216.983783040541,1.73149150267494,-0.0454127248083838
-216.967337752465,1.73149150276665,-0.0454134676850841
-216.950890559502,1.73149150286423,-0.0454143015716587
-216.934441374931,1.73149150296638,-0.0454152242053461
-216.917990124184,1.73149150307207,-0.0454162334484309
-216.901536748157,1.73149150318138,-0.0454173274164316
-216.885081205682,1.7314915032966,-0.0454185042253016
-216.868623475717,1.73149150341906,-0.0454197621828482
-216.852163558876,1.73149150354653,-0.0454210998863007
-216.835701477155,1.73149150367469,-0.0454225163946472
-216.819237271559,1.73149150380007,-0.045424011246555
-216.802770998164,1.73149150392002,-0.0454255845437396
-216.786302723648,1.73149150403622,-0.0454272366762867
-216.769832521177,1.73149150415415,-0.0454289683145376
-216.753360467635,1.73149150428053,-0.0454307802356314
-216.736886642452,1.73149150441973,-0.0454326735575627
-216.720411128223,1.73149150457214,-0.045434649864433
-216.703934012793,1.73149150473292,-0.0454367112540894
-216.687455392335,1.73149150489898,-0.0454388600835383
-216.670975374609,1.73149150506887,-0.0454410988883314
-216.654494082057,1.73149150524202,-0.0454434302644261
-216.638011653953,1.73149150541848,-0.0454458570212939
-216.621528247233,1.73149150559915,-0.0454483822707367
-216.605044035537,1.73149150578717,-0.0454510094495482
-216.588559206514,1.73149150598427,-0.0454537422398647
-216.572073957161,1.731491506187,-0.0454565846320268
-216.555588487765,1.73149150639115,-0.045459540776292
-216.539102994817,1.73149150659389,-0.0454626149108434
-216.522617663674,1.73149150679418,-0.0454658113273801
-216.506132659787,1.73149150699239,-0.0454691343463609
-216.489648117403,1.7314915071901,-0.0454725882533982
-216.473164131103,1.73149150739058,-0.0454761771857915
-216.456680754182,1.73149150759562,-0.0454799050982219
-216.440198003518,1.73149150780381,-0.045483775618182
-216.423715867907,1.73149150801339,-0.0454877920005819
-216.407234317046,1.73149150822351,-0.0454919570788397
-216.390753309326,1.73149150843514,-0.0454962732519396
-216.374272797878,1.73149150865113,-0.0455007423012008
-216.357792734741,1.73149150887518,-0.0455053653455597
-216.341313073526,1.73149150910771,-0.0455101426565695
-216.32483377038,1.73149150934753,-0.045515073931895
-216.30835478368,1.73149150959299,-0.0455201584898874
-216.291876072496,1.73149150984249,-0.045525395385452
-216.275397594134,1.73149151009488,-0.0455307831898853
-216.258919300813,1.73149151034962,-0.0455363201080796
-216.242441136304,1.7314915106058,-0.0455420040822976
-216.225963033063,1.73149151085994,-0.0455478328871646
-216.209484910377,1.73149151111003,-0.0455538040268516
-216.193006673655,1.73149151135856,-0.0455599147148086
-216.176528215054,1.73149151160865,-0.0455661618379906
-216.160049415336,1.73149151186218,-0.0455725419652182
-216.143570146711,1.73149151211987,-0.0455790513609917
-216.127090276432,1.73149151238157,-0.0455856859994546
-216.110609672366,1.73149151264669,-0.0455924416017804
-216.094128212196,1.73149151291437,-0.0455993136917568
-216.077645792657,1.7314915131838,-0.0456062976404625
-216.061162334189,1.73149151345448,-0.0456133887100347
-216.044677780205,1.73149151372617,-0.0456205821222537
-216.028192092588,1.73149151399769,-0.0456278731738297
-216.011705245759,1.73149151426422,-0.0456352574062398
-215.995217221055,1.73149151452326,-0.0456427304497713
-215.978728002036,1.73149151478008,-0.0456502878768232
-215.962237570711,1.73149151504042,-0.0456579254909215
-215.94574590475,1.73149151530726,-0.0456656394657801
-215.929252975573,1.73149151557957,-0.0456734263807702
-215.912758747421,1.731491515855,-0.0456812830820189
-215.896263177482,1.73149151613088,-0.0456892066069539
-215.879766217083,1.73149151640337,-0.0456971941827196
-215.863267813855,1.73149151667009,-0.0457052431191159
-215.846767914465,1.73149151693156,-0.0457133507390826
-215.830266467661,1.73149151719028,-0.0457215143879705
-215.813763427954,1.73149151744853,-0.0457297314838248
-215.797258760193,1.73149151770801,-0.045737999568612
-215.780752443569,1.73149151797086,-0.045746316376111
-215.76424447394,1.73149151823651,-0.0457546797398424
-215.747734864053,1.73149151850387,-0.045763087661648
-215.731223642075,1.73149151877339,-0.045771538393551
-215.714710849048,1.73149151904844,-0.0457800305258802
-215.698196535914,1.73149151932762,-0.0457885627732903
-215.681680760447,1.73149151960802,-0.0457971340898989
-215.665163584696,1.73149151988701,-0.0458057437389002
-215.648645073106,1.73149152016123,-0.0458143913428194
-215.632125291485,1.73149152042921,-0.0458230767771576
-215.61560430678,1.73149152069299,-0.0458318000693886
-215.599082187621,1.73149152095514,-0.0458405614375865
-215.582559005551,1.73149152121748,-0.0458493612894881
-215.566034836617,1.73149152148082,-0.0458582002043946
-215.549509762971,1.73149152174521,-0.0458670789119243
-215.532983874137,1.73149152201026,-0.0458759982705205
-215.516457267635,1.73149152227539,-0.0458849592501318
-215.4999300487,1.73149152254021,-0.0458939629232351
-215.483402328995,1.73149152280444,-0.0459030104558945
-215.466874224321,1.73149152306768,-0.0459121031018584
-215.450345851476,1.7314915233295,-0.045921242197405
-215.43381732452,1.73149152358913,-0.045930429162641
-215.417288750098,1.73149152384474,-0.045939665505982
-215.400760219605,1.73149152409693,-0.0459489526265702
-215.384231798718,1.73149152434697,-0.0459582917232292
-215.367703521169,1.73149152459576,-0.0459676839275799
-215.35117538872,1.73149152484373,-0.045977130331744
-215.334647375942,1.73149152509093,-0.045986631993179
-215.318119437094,1.73149152533715,-0.0459961896732806
-215.301591512642,1.73149152558211,-0.0460058036948263
-215.285063534444,1.73149152582562,-0.0460154738988632
-215.268535429546,1.73149152606704,-0.0460251996653991
-215.252007122931,1.73149152630383,-0.0460349799801453
-215.235478539554,1.73149152653443,-0.046044813374514
-215.218949605623,1.7314915267599,-0.0460546978903565
-215.202420249036,1.73149152697996,-0.0460646311814556
-215.185890398993,1.73149152719417,-0.0460746106801061
-215.169359984942,1.73149152740305,-0.0460846336716922
-215.152828935027,1.73149152760982,-0.0460946973369882
-215.13629717434,1.73149152781922,-0.046104798638095
-215.119764623157,1.73149152803431,-0.0461149343802926
-215.103231195598,1.73149152825536,-0.0461251012708402
-215.086696799645,1.73149152847979,-0.0461352959596782
-215.070161341538,1.73149152870657,-0.0461455149257602
-215.053624733561,1.73149152893528,-0.0461557545481482
-215.037086900258,1.73149152916499,-0.0461660111796507
-215.020547780756,1.73149152939288,-0.04617628122574
-215.004007327971,1.73149152961662,-0.0461865610990797
-214.987465506558,1.73149152983506,-0.0461968472330396
-214.970922291485,1.73149153004807,-0.0462071361341507
-214.954377668692,1.73149153025624,-0.0462174244458116
-214.937831637324,1.73149153046038,-0.0462277089952406
-214.921284211763,1.7314915306609,-0.0462379868151141
-214.90473542219,1.73149153085794,-0.0462482551759492
-214.888185313386,1.73149153105144,-0.0462585116279918
-214.871633942258,1.73149153124129,-0.0462687540299079
-214.855081374846,1.73149153142789,-0.0462789805926735
-214.838527683434,1.73149153161298,-0.0462891899215283
-214.821972944177,1.73149153179587,-0.0462993808592784
-214.805417235329,1.7314915319751,-0.0463095525021857
-214.78886063611,1.73149153214951,-0.0463197042194343
-214.77230322613,1.73149153231855,-0.0463298356436178
-214.75574508527,1.73149153248217,-0.0463399466097669
-214.739186293889,1.7314915326406,-0.0463500370185591
-214.722626933101,1.73149153279416,-0.0463601069586442
-214.706067085032,1.73149153294312,-0.0463701567782722
-214.68950683281,1.73149153308754,-0.0463801871617831
-214.672946260184,1.7314915332264,-0.0463901989541866
-214.656385450545,1.73149153335867,-0.0464001930171065
-214.63982448529,1.73149153348347,-0.0464101701834447
-214.623263440892,1.73149153359975,-0.0464201312520348
-214.606702381978,1.73149153370703,-0.0464300769684748
-214.59014135089,1.73149153380526,-0.0464400080230814
-214.573580360911,1.73149153389482,-0.0464499250223216
-214.557019395152,1.73149153397675,-0.0464598284364261
-214.540458409916,1.73149153405219,-0.0464697185509354
-214.523897339793,1.73149153412261,-0.0464795953905635
-214.507336102433,1.731491534191,-0.0464894586120815
-214.490774602143,1.73149153425916,-0.0464993075158968
-214.474212732588,1.73149153432572,-0.0465091410045596
-214.457650379055,1.73149153438881,-0.0465189576363539
-214.441087420714,1.73149153444773,-0.0465287556500539
-214.424523732909,1.73149153450447,-0.0465385330196771
-214.407959189278,1.73149153456132,-0.0465482873915553
-214.391393663559,1.73149153461982,-0.0465580160842817
-214.374827032679,1.73149153468066,-0.0465677161356785
-214.358259183194,1.73149153474462,-0.0465773843901853
-214.341690017563,1.73149153481345,-0.0465870175901778
-214.325119456523,1.73149153488621,-0.0465966122694561
-214.308547437716,1.73149153496118,-0.0466061647803846
-214.291973913264,1.73149153503708,-0.0466156715554112
-214.275398848273,1.73149153511327,-0.0466251292599969
-214.258822220508,1.73149153518963,-0.0466345349233056
-214.242244020982,1.73149153526682,-0.0466438858564452
-214.225664254907,1.73149153534639,-0.0466531797171042
-214.209082942785,1.73149153542625,-0.046662414167437
-214.192500121381,1.73149153550408,-0.0466715870030127
-214.175915844574,1.73149153557906,-0.0466806962829598
-214.159330184025,1.7314915356526,-0.0466897403731601
-214.142743229522,1.73149153572637,-0.0466987180420899
-214.126155088881,1.73149153580154,-0.0467076285059635
-214.109565887205,1.73149153587921,-0.0467164714075496
-214.092975765454,1.73149153596184,-0.0467252467405238
-214.076384878232,1.73149153605166,-0.0467339549246306
-214.059793390907,1.73149153615006,-0.0467425969115387
-214.043201476274,1.73149153625271,-0.0467511741929667
-214.026609310985,1.73149153635594,-0.0467596885150237
-214.010017071772,1.7314915364581,-0.0467681418197796
-213.993424931765,1.73149153655812,-0.0467765362666534
-213.976833057196,1.73149153665394,-0.0467848742238318
-213.960241604627,1.73149153674591,-0.0467931580327141
-213.94365071833,1.73149153683532,-0.0468013901747012
-213.927060526179,1.7314915369233,-0.0468095733025166
-213.910471132068,1.73149153701025,-0.0468177101722566
-213.893882609834,1.7314915370955,-0.0468258035733295
-213.877295002715,1.73149153718118,-0.0468338561815906
-213.86070832775,1.73149153726854,-0.0468418703130009
-213.844122582051,1.73149153735746,-0.0468498478804197
-213.827537748472,1.73149153744716,-0.0468577903349877
-213.810953799369,1.73149153753707,-0.0468656985411113
-213.794370698268,1.73149153762697,-0.0468735729197355
-213.777788400343,1.73149153771629,-0.0468814135291581
-213.761206852348,1.73149153780325,-0.0468892201119294
-213.7446259925,1.73149153788861,-0.0468969919759707
-213.728045750334,1.73149153797405,-0.0469047280441615
-213.711466046768,1.73149153806041,-0.046912426889756
-213.694886794414,1.73149153814753,-0.0469200867448404
-213.678307898142,1.7314915382345,-0.0469277054897321
-213.661729255937,1.7314915383195,-0.046935280640353
-213.645150759977,1.73149153840117,-0.0469428094105264
-213.628572297903,1.73149153847809,-0.0469502887990734
-213.611993754184,1.73149153854796,-0.0469577156507132
-213.595415011559,1.73149153861326,-0.0469650862834961
-213.57883595197,1.73149153867717,-0.0469723967731128
-213.562256457334,1.73149153874174,-0.0469796431551421
-213.545676410148,1.7314915388079,-0.0469868215581407
-213.529095695676,1.73149153887588,-0.0469939281030763
-213.512514207736,1.7314915389457,-0.047000958955749
-213.495931854843,1.73149153901757,-0.0470079101959983
-213.479348562374,1.73149153909167,-0.0470147778033257
-213.462764270423,1.73149153916794,-0.0470215577318459
-213.446178929295,1.73149153924627,-0.047028246026393
-213.429592494991,1.73149153932665,-0.0470348389309746
-213.413004926123,1.73149153940871,-0.0470413329216844
-213.396416182578,1.73149153949081,-0.0470477246523624
-213.379826225414,1.73149153957362,-0.0470540109992673
-213.363235017673,1.73149153965843,-0.0470601891856323
-213.346642526695,1.73149153974717,-0.0470662568243195
-213.330048727615,1.73149153984185,-0.0470722118463043
-213.313453606668,1.73149153994129,-0.0470780523857604
-213.296857163465,1.73149154004209,-0.047083776859561
-213.280259412161,1.731491540143,-0.0470893838864376
-213.26366038165,1.73149154024405,-0.0470948723414058
-213.247060115164,1.73149154034539,-0.0471002414194683
-213.230458669488,1.73149154044651,-0.0471054906790692
-213.213856113931,1.73149154054906,-0.0471106199516212
-213.197252528968,1.73149154065491,-0.0471156294086664
-213.180648004684,1.73149154076521,-0.0471205195929571
-213.164042639066,1.73149154088033,-0.0471252914140703
-213.147436536252,1.73149154099974,-0.0471299461409338
-213.130829804825,1.73149154112285,-0.0471344853602142
-213.114222556291,1.73149154124927,-0.0471389109482594
-213.097614903763,1.73149154137758,-0.0471432250837556
-213.081006960865,1.7314915415086,-0.0471474301130542
-213.0643988407,1.73149154164343,-0.0471515285704112
-213.047790654917,1.73149154178203,-0.0471555231786293
-213.031182512778,1.73149154192257,-0.0471594168439165
-213.014574520197,1.73149154206517,-0.0471632125007414
-212.997966778527,1.73149154221034,-0.0471669130924186
-212.981359382404,1.73149154235854,-0.0471705214588262
-212.964752413609,1.73149154251018,-0.0471740404514646
-212.948145932253,1.73149154266489,-0.0471774729988729
-212.931539970872,1.73149154282038,-0.0471808221888729
-212.914934534477,1.73149154297596,-0.0471840909471795
-212.898329604461,1.73149154313558,-0.0471872818599095
-212.881725143687,1.73149154330281,-0.0471903971154442
-212.865121100777,1.73149154347826,-0.0471934384937258
-212.848517412901,1.73149154365763,-0.0471964073821716
-212.831914007408,1.73149154383661,-0.047199304774643
-212.815310802996,1.73149154401288,-0.047202131208839
-212.798707710946,1.73149154418763,-0.0472048866443712
-212.782104636407,1.73149154436265,-0.0472075707324104
-212.765501479971,1.73149154453879,-0.0472101829455404
-212.74889813923,1.73149154471548,-0.0472127226326459
-212.73229451017,1.7314915448918,-0.047215188904856
-212.715690488124,1.73149154506612,-0.0472175806641916
-212.699085968385,1.73149154523781,-0.0472198964897598
-212.682480846424,1.73149154540881,-0.0472221345966633
-212.665875017751,1.73149154558121,-0.0472242929800872
-212.649268377869,1.73149154575677,-0.0472263695307842
-212.632660824686,1.73149154593826,-0.0472283621395782
-212.616052264875,1.73149154612736,-0.0472302686607076
-212.599442619659,1.73149154632422,-0.047232086880754
-212.582831826568,1.73149154652797,-0.0472338144608936
-212.566219837416,1.73149154673728,-0.0472354491423024
-212.549606615621,1.73149154694974,-0.0472369888881357
-212.532992135461,1.73149154715947,-0.0472384320137236
-212.51637638331,1.73149154736295,-0.0472397770348569
-212.499759359681,1.73149154756308,-0.0472410226264788
-212.483141080978,1.73149154776387,-0.0472421676673704
-212.466521580405,1.73149154796745,-0.0472432112847215
-212.449900907374,1.73149154817251,-0.047244152852502
-212.433279123496,1.73149154837689,-0.0472449920871133
-212.416656292896,1.73149154857896,-0.047245729081058
-212.400032466978,1.73149154877774,-0.0472463643020465
-212.383407667236,1.73149154897218,-0.0472468985692164
-212.366781871699,1.73149154915979,-0.0472473330131503
-212.350155010055,1.73149154933901,-0.0472476689007281
-212.333526969805,1.73149154950995,-0.0472479074820765
-212.316897612724,1.73149154967521,-0.0472480498386649
-212.300266798342,1.73149154983733,-0.0472480968810685
-212.28363441037,1.73149154999826,-0.0472480493243536
-212.267000382257,1.73149155015941,-0.0472479076804612
-212.250364719082,1.73149155032145,-0.0472476723120805
-212.233727513608,1.73149155048413,-0.047247343561557
-212.217088954231,1.73149155064665,-0.0472469219342224
-212.200449322372,1.73149155080848,-0.0472464083046389
-212.183808977312,1.73149155096964,-0.0472458041365244
-212.167168328947,1.73149155113045,-0.0472451116879383
-212.150527803246,1.73149155129098,-0.0472443341625052
-212.133887808284,1.73149155145098,-0.0472434757693116
-212.117248708552,1.7314915516101,-0.047242541676249
-212.100610811745,1.73149155176807,-0.0472415378713919
-212.083974368227,1.73149155192476,-0.0472404709520687
-212.067339580519,1.73149155208005,-0.0472393478713015
-212.05070661776,1.73149155223331,-0.0472381756952314
-212.034075630468,1.73149155238201,-0.04723696141562
-212.017446766783,1.73149155252412,-0.0472357116947283
-212.00082018956,1.73149155265886,-0.0472344327391378
-211.984196090359,1.73149155278644,-0.0472331302816038
-211.967574695657,1.73149155290785,-0.047231809632834
-211.950956262611,1.73149155302479,-0.0472304757424334
-211.934341064885,1.73149155314046,-0.0472291332399765
-211.91772937194,1.73149155325722,-0.047227786600703
-211.901121426686,1.73149155337548,-0.0472264402030536
-211.884517425762,1.73149155349277,-0.0472250982665433
-211.867917505222,1.73149155360656,-0.0472237648378598
-211.851321733303,1.73149155371592,-0.0472224436981712
-211.834730111131,1.73149155382288,-0.0472211382506916
-211.818142581455,1.73149155392979,-0.0472198512803462
-211.801559044518,1.73149155403743,-0.0472185847706681
-211.784979378432,1.73149155414362,-0.0472173397968471
-211.768403460968,1.73149155424646,-0.047216116361872
-211.751831188527,1.73149155434685,-0.0472149133387525
-211.735262488538,1.73149155444623,-0.0472137286390193
-211.718697323329,1.73149155454559,-0.0472125593836022
-211.702135685184,1.73149155464469,-0.0472114021097336
-211.68557758405,1.73149155474131,-0.0472102529969277
-211.669023030573,1.73149155483576,-0.0472091077374052
-211.652472016862,1.7314915549294,-0.0472079617661989
-211.635924498233,1.73149155502357,-0.0472068103827337
-211.619380378128,1.73149155511897,-0.0472056487506709
-211.602839498632,1.73149155521614,-0.0472044718372557
-211.586301638608,1.73149155531721,-0.0472032742835138
-211.569766520456,1.73149155542403,-0.0472020503742438
-211.553233825274,1.73149155553682,-0.0472007939716389
-211.536703213806,1.73149155565238,-0.0471994984637382
-211.520174349041,1.73149155576856,-0.0471981565539053
-211.503646915682,1.73149155588457,-0.0471967602629833
-211.487120633127,1.73149155600047,-0.0471953010282933
-211.470595260464,1.73149155611684,-0.0471937698559849
-211.454070593682,1.73149155623444,-0.0471921575097156
-211.437546456414,1.73149155635395,-0.0471904546985921
-211.421022686916,1.73149155647583,-0.0471886522604808
-211.404499125753,1.73149155660033,-0.047186741329363
-211.387975606973,1.73149155672751,-0.0471847134985207
-211.371451951155,1.7314915568571,-0.0471825609357175
-211.354927959144,1.73149155698867,-0.0471802761089492
-211.338403408672,1.73149155712189,-0.0471778518395921
-211.321878056739,1.73149155725661,-0.0471752813143201
-211.305351648565,1.73149155739261,-0.047172558047686
-211.288823931628,1.73149155752988,-0.0471696758297821
-211.272294671787,1.73149155766879,-0.0471666286507642
-211.255763668207,1.73149155780977,-0.0471634106131486
-211.239230764471,1.73149155795338,-0.0471600161335396
-211.222695854466,1.73149155810022,-0.0471564401541408
-211.206158882279,1.73149155825072,-0.0471526784018797
-211.189619836205,1.7314915584048,-0.0471487270992735
-211.17307873719,1.73149155856198,-0.0471445831195662
-211.156535623793,1.73149155872214,-0.0471402441561086
-211.139990536195,1.73149155888628,-0.0471357088736154
-211.123443503022,1.73149155905509,-0.0471309768279266
-211.1068945346,1.73149155922886,-0.0471260483422088
-211.090343624024,1.73149155940861,-0.0471209243167717
-211.073790754413,1.73149155959488,-0.0471156063570728
-211.057235910516,1.73149155978693,-0.0471100968041386
-211.040679092685,1.73149155998222,-0.0471043987066435
-211.024120331488,1.73149156018044,-0.0470985153460626
-211.007559700921,1.73149156038214,-0.0470924503367529
-210.990997328855,1.73149156058679,-0.0470862077300009
-210.974433402876,1.73149156079059,-0.0470797921377182
-210.957868169842,1.73149156099044,-0.0470732086774172
-210.9413019282,1.73149156118642,-0.0470664630231566
-210.924735013465,1.7314915613811,-0.0470595615888005
-210.908167779184,1.73149156157494,-0.0470525115111315
-210.891600576599,1.73149156176733,-0.0470453207246816
-210.875033736628,1.73149156195759,-0.0470379979385044
-210.858467556634,1.73149156214524,-0.0470305525427546
-210.841902293152,1.73149156233004,-0.0470229944263149
-210.825338160324,1.73149156251186,-0.0470153336931888
-210.808775331169,1.73149156269055,-0.0470075806068533
-210.792213939104,1.73149156286587,-0.0469997454659813
-210.77565408334,1.73149156303757,-0.046991838497869
-210.759095839964,1.73149156320516,-0.0469838695340815
-210.742539275473,1.73149156336836,-0.0469758478030347
-210.725984457853,1.73149156352742,-0.0469677818425513
-210.709431461789,1.73149156368223,-0.0469596795363471
-210.692880366855,1.73149156383126,-0.0469515482091352
-210.676331249861,1.73149156397515,-0.0469433945629932
-210.659784173585,1.73149156411518,-0.0469352247787265
-210.643239174998,1.73149156425234,-0.0469270445731954
-210.626696255297,1.73149156438722,-0.0469188591923123
-210.610155373533,1.73149156451994,-0.0469106733799399
-210.593616444891,1.73149156465039,-0.0469024913569918
-210.577079343866,1.73149156477874,-0.0468943168113299
-210.560543912123,1.73149156490613,-0.0468861525915014
-210.544009969549,1.73149156503322,-0.0468780007012838
-210.527477326914,1.73149156515837,-0.0468698623063777
-210.510945797953,1.73149156527842,-0.0468617378104581
-210.494415208959,1.73149156539325,-0.0468536267933233
-210.477885404301,1.73149156550464,-0.046845528134082
-210.461356247254,1.73149156561626,-0.0468374400976651
-210.444827616216,1.7314915657308,-0.0468293605293618
-210.428299397996,1.73149156584905,-0.0468212870402541
-210.411771482586,1.73149156596881,-0.0468132172545947
-210.395243760367,1.7314915660827,-0.0468051487937448
-210.378716118335,1.73149156618753,-0.0467970788703343
-210.362188434424,1.73149156628333,-0.0467890045322181
-210.345660572488,1.7314915663724,-0.0467809227901324
-210.329132380676,1.73149156645798,-0.046772830669565
-210.312603694711,1.73149156654446,-0.046764725178419
-210.296074345555,1.7314915666348,-0.0467566033646996
-210.279544169611,1.73149156672989,-0.0467484623146483
-210.263013018987,1.73149156682919,-0.046740299132238
-210.246480769721,1.73149156693071,-0.0467321109661452
-210.229947326539,1.73149156703027,-0.0467238950933173
-210.213412623614,1.73149156712418,-0.0467156488744718
-210.196876621339,1.73149156720887,-0.0467073697642817
-210.180339299719,1.73149156728266,-0.0466990555016633
-210.163800649562,1.73149156734497,-0.0466907042627729
-210.147260662942,1.73149156739501,-0.0466823147485311
-210.130719324633,1.731491567435,-0.0466738860663038
-210.114176605917,1.73149156746792,-0.046665417754966
-210.097632461901,1.73149156749667,-0.0466569097917925
-210.081086832725,1.73149156752565,-0.0466483625787181
-210.064539648671,1.73149156755967,-0.0466397767670704
-210.047990839152,1.73149156760136,-0.046631153237187
-210.031440344441,1.73149156764987,-0.0466224931513973
-210.014888127475,1.73149156769839,-0.0466137980947186
-209.998334183671,1.73149156774353,-0.0466050695037501
-209.981778547067,1.73149156778415,-0.04659630885771
-209.965221292281,1.73149156782048,-0.0465875179135615
-209.948662532288,1.73149156785463,-0.0465786988607049
-209.932102412436,1.73149156788899,-0.0465698541763783
-209.915541101574,1.73149156792581,-0.0465609867830844
-209.898978781678,1.73149156796872,-0.0465521001485237
-209.882415637623,1.73149156802128,-0.0465431984309254
-209.865851848769,1.73149156808231,-0.0465342863735894
-209.849287583399,1.73149156814694,-0.0465253693116459
-209.832722996621,1.73149156821022,-0.0465164530138587
-209.81615823148,1.73149156826797,-0.0465075435586528
-209.799593422587,1.73149156832031,-0.0464986471046715
-209.783028701024,1.73149156836921,-0.0464897698725357
-209.766464199347,1.73149156841692,-0.046480918126193
-209.749900054627,1.73149156846488,-0.0464720981106366
-209.733336405705,1.73149156851196,-0.046463315944383
-209.716773384475,1.73149156855683,-0.0464545776578319
-209.700211108225,1.73149156859944,-0.0464458892256639
-209.683649674987,1.73149156864281,-0.0464372565716327
-209.667089161185,1.73149156869137,-0.0464286854054961
-209.650529619649,1.73149156874762,-0.046420181213007
-209.633971077127,1.73149156881184,-0.0464117492577376
-209.617413531756,1.73149156888154,-0.0464033946076108
-209.600856951852,1.73149156895384,-0.046395121724665
-209.584301276775,1.73149156902642,-0.0463869344835919
-209.567746420687,1.73149156909738,-0.0463788362211451
-209.551192278874,1.73149156916493,-0.0463708297319237
-209.534638735602,1.73149156923213,-0.0463629170770522
-209.518085671942,1.73149156930195,-0.0463550996906784
-209.501532972438,1.73149156937375,-0.046347378408828
-209.484980529499,1.73149156944557,-0.0463397535806104
-209.468428245205,1.73149156951512,-0.0463322251454141
-209.451876032668,1.73149156957903,-0.0463247927183089
-209.435323818878,1.73149156963612,-0.0463174556149548
-209.418771545354,1.73149156968883,-0.0463102129715458
-209.40221916405,1.73149156973707,-0.0463030635076226
-209.385666629494,1.73149156978013,-0.0462960057366973
-209.369113890492,1.73149156981827,-0.0462890381328243
-209.35256088435,1.73149156985358,-0.046282159289431
-209.336007535135,1.73149156988609,-0.0462753679212669
-209.319453755945,1.73149156991528,-0.0462686623962916
-209.302899453813,1.73149156994088,-0.0462620409569148
-209.286344536026,1.73149156996294,-0.0462555018349674
-209.26978891643,1.73149156998235,-0.0462490432762598
-209.253232520579,1.73149157000202,-0.0462426635835509
-209.236675289025,1.73149157002441,-0.0462363610406385
-209.220117178284,1.73149157005072,-0.0462301339074195
-209.203558159433,1.73149157008061,-0.0462239804473412
-209.186998214588,1.73149157011123,-0.0462178989424602
-209.170437331846,1.73149157013979,-0.0462118878396891
-209.153875499556,1.73149157016459,-0.0462059458989378
-209.137312700934,1.73149157018617,-0.0462000723153854
-209.120748910037,1.73149157020971,-0.0461942661941036
-209.104184089537,1.73149157023986,-0.0461885267324618
-209.087618190879,1.7314915702773,-0.046182853371847
-209.071051156764,1.73149157031582,-0.0461772458927946
-209.054482925674,1.73149157035257,-0.046171704045455
-209.037913438283,1.73149157039101,-0.0461662274172893
-209.021342645424,1.73149157043502,-0.0461608156100604
-209.004770515723,1.73149157048504,-0.0461554683722117
-208.988197041106,1.73149157053496,-0.0461501857153156
-208.971622239444,1.73149157058119,-0.0461449675665793
-208.955046154041,1.73149157062309,-0.0461398139631979
-208.938468850683,1.73149157066155,-0.0461347252257532
-208.921890412928,1.73149157069785,-0.0461297021144791
-208.905310936523,1.73149157073313,-0.0461247457055332
-208.88873052371,1.73149157076852,-0.0461198573401552
-208.872149278297,1.73149157080519,-0.0461150386303573
-208.855567302153,1.73149157084522,-0.046110291470127
-208.838984693556,1.7314915708935,-0.0461056180102463
-208.822401547437,1.73149157095186,-0.0461010205828343
-208.805817957184,1.73149157102001,-0.0460965017372538
-208.789234017514,1.73149157109697,-0.04609206421825
-208.772649827594,1.73149157118168,-0.0460877109233528
-208.756065493621,1.73149157127226,-0.046083444843265
-208.739481130098,1.73149157136351,-0.0460792690082087
-208.722896859348,1.7314915714523,-0.0460751864484631
-208.706312808236,1.73149157154073,-0.0460712001632965
-208.689729099492,1.73149157163417,-0.0460673132500199
-208.67314583864,1.73149157173682,-0.0460635288439475
-208.656563104024,1.73149157185053,-0.0460598500507827
-208.63998094243,1.7314915719755,-0.0460562798798404
-208.623399369685,1.73149157211096,-0.04605282117552
-208.606818373945,1.73149157225577,-0.0460494765439765
-208.590237919835,1.7314915724088,-0.0460462482776984
-208.573657952643,1.73149157256913,-0.046043138285645
-208.557078402577,1.73149157273666,-0.0460401480564838
-208.54049918926,1.73149157291338,-0.0460372786709041
-208.523920226425,1.7314915731004,-0.0460345306913578
-208.507341426276,1.73149157329584,-0.0460319040986542
-208.490762702838,1.73149157349732,-0.0460293984074497
-208.474183973829,1.73149157370257,-0.0460270128041632
-208.457605161432,1.73149157390879,-0.04602474629687
-208.441026194641,1.73149157411609,-0.0460225973758201
-208.424447013224,1.73149157432515,-0.0460205641893098
-208.407867569145,1.73149157453464,-0.0460186446425736
-208.391287823744,1.73149157474325,-0.0460168365468016
-208.374707742159,1.73149157495041,-0.0460151377040354
-208.358127287669,1.73149157515616,-0.0460135459340492
-208.34154641816,1.73149157536089,-0.0460120590863992
-208.324965085537,1.73149157556527,-0.046010675099884
-208.308383237653,1.73149157577057,-0.0460093921493463
-208.291800821865,1.73149157597806,-0.046008208299822
-208.27521778887,1.73149157618983,-0.0460071212800959
-208.25863409589,1.73149157640743,-0.0460061287166472
-208.242049708825,1.7314915766314,-0.0460052282660791
-208.22546460304,1.73149157686185,-0.0460044176424517
-208.208878762689,1.73149157709896,-0.0460036945993187
-208.19229217871,1.73149157734071,-0.0460030569528188
-208.175704845791,1.73149157758475,-0.0460025026995838
-208.159116758826,1.73149157782916,-0.0460020300837247
-208.142527909444,1.73149157807492,-0.0460016375860384
-208.125938283173,1.73149157832333,-0.0460013238171533
-208.109347857707,1.73149157857482,-0.0460010874622755
-208.092756602551,1.73149157882917,-0.0460009272672076
-208.076164480222,1.73149157908596,-0.0460008420736687
-208.059571449505,1.7314915793447,-0.0460008307196568
-208.042977470685,1.73149157960485,-0.046000891969785
-208.026382511138,1.73149157986585,-0.0460010246056625
-208.009786549942,1.73149158012687,-0.0460012275259252
-207.99318958086,1.73149158038651,-0.0460014998575145
-207.976591613726,1.73149158064467,-0.0460018406822663
-207.959992674247,1.7314915809017,-0.0460022489447181
-207.943392802488,1.73149158115786,-0.0460027236974554
-207.926792050391,1.73149158141269,-0.0460032642465059
-207.910190478655,1.73149158166368,-0.0460038702463592
-207.893588153415,1.7314915819087,-0.0460045415940624
-207.876985143139,1.73149158214676,-0.0460052782636241
-207.860381516159,1.73149158237789,-0.046006080421232
-207.843777339273,1.73149158260267,-0.0460069485061422
-207.827172677524,1.7314915828219,-0.0460078833043791
-207.810567595122,1.73149158303688,-0.0460088856925003
-207.79396215706,1.73149158325057,-0.046009956396029
-207.777356430887,1.73149158346527,-0.0460110962015328
-207.760750488385,1.73149158368162,-0.0460123060592655
-207.744144406623,1.73149158389858,-0.0460135871466361
-207.727538268054,1.73149158411517,-0.0460149407239486
-207.710932159244,1.7314915843288,-0.0460163679883827
-207.694326166018,1.73149158453723,-0.046017870126777
-207.67772036305,1.73149158473889,-0.0460194483347482
-207.661114803441,1.73149158493481,-0.0460211037599148
-207.644509513269,1.73149158512858,-0.0460228375540181
-207.627904491759,1.73149158532333,-0.0460246507530576
-207.611299714797,1.73149158552093,-0.0460265441425559
-207.594695139336,1.73149158572219,-0.0460285182748499
-207.578090707429,1.73149158592706,-0.046030573468736
-207.561486349593,1.73149158613492,-0.0460327098251522
-207.544881987875,1.73149158634446,-0.0460349270951629
-207.52827753881,1.73149158655252,-0.0460372245750825
-207.511672916258,1.73149158675629,-0.0460396011805371
-207.495068034152,1.73149158695475,-0.0460420555182297
-207.478462811041,1.73149158715007,-0.0460445859779395
-207.461857177534,1.73149158734508,-0.0460471906978065
-207.445251081978,1.73149158754192,-0.0460498675898364
-207.428644491024,1.73149158774154,-0.046052614405174
-207.412037385538,1.73149158794416,-0.0460554288493133
-207.395429754412,1.73149158815002,-0.04605830871853
-207.378821588916,1.73149158835726,-0.0460612516261917
-207.362212878855,1.73149158856173,-0.0460642551320912
-207.345603610968,1.73149158876011,-0.0460673169226918
-207.328993769121,1.73149158895119,-0.0460704348646291
-207.312383335581,1.73149158913681,-0.0460736070320321
-207.295772292798,1.73149158931912,-0.0460768316739792
-207.279160625259,1.73149158949997,-0.0460801072621757
-207.262548321266,1.73149158968216,-0.0460834319095604
-207.245935374017,1.73149158986724,-0.0460868036502584
-207.229321782157,1.7314915900547,-0.0460902206434369
-207.212707549862,1.7314915902416,-0.0460936812651153
-207.196092687188,1.73149159042556,-0.0460971840377283
-207.179477210262,1.73149159060535,-0.0461007275969059
-207.162861140467,1.73149159078062,-0.0461043106915721
-207.146244502579,1.73149159095312,-0.0461079321226161
-207.129627322319,1.73149159112478,-0.0461115907897688
-207.113009624175,1.73149159129587,-0.0461152857580407
-207.096391430108,1.73149159146319,-0.0461190163363867
-207.079772759374,1.73149159162497,-0.0461227818904928
-207.063153629243,1.73149159178077,-0.0461265818142984
-207.046534056404,1.73149159193102,-0.0461304155362408
-207.029914058695,1.73149159207691,-0.0461342825262748
-207.01329365678,1.73149159222018,-0.0461381822799569
-206.996672875418,1.73149159236367,-0.0461421142713755
-206.980051744077,1.73149159250906,-0.0461460780365594
-206.963430296774,1.73149159265639,-0.0461500732384424
-206.946808571122,1.73149159280486,-0.0461540997466805
-206.930186606746,1.73149159295298,-0.0461581574208801
-206.913564443032,1.73149159309747,-0.0461622459570004
-206.896942114239,1.7314915932356,-0.0461663650535271
-206.880319639879,1.73149159336574,-0.0461705145581475
-206.863697015724,1.73149159348608,-0.0461746946441602
-206.847074210601,1.73149159359189,-0.0461789052785356
-206.830451168866,1.73149159368117,-0.0461831461610378
-206.813827816364,1.73149159375867,-0.0461874166507757
-206.797204068701,1.73149159383015,-0.0461917159087059
-206.780579842364,1.731491593899,-0.0461960429706937
-206.763955064868,1.73149159396441,-0.0462003968045795
-206.74732967987,1.73149159402454,-0.0462047762211272
-206.73070364714,1.7314915940797,-0.0462091798068971
-206.714076939666,1.73149159413365,-0.0462136058079839
-206.697449540593,1.73149159418945,-0.0462180523940806
-206.680821441794,1.73149159424698,-0.0462225178509478
-206.664192643678,1.73149159430058,-0.0462270007263944
-206.64756315504,1.73149159434869,-0.0462314995193364
-206.630932992223,1.73149159439116,-0.0462360127502799
-206.614302177858,1.73149159442633,-0.0462405389966088
-206.597670739641,1.73149159445283,-0.0462450770029068
-206.581038709631,1.73149159447015,-0.0462496257554888
-206.564406124237,1.73149159447968,-0.0462541846025982
-206.547773024892,1.73149159448583,-0.0462587530532594
-206.531139459007,1.73149159449108,-0.0462633303461662
-206.514505480695,1.73149159449591,-0.0462679157704222
-206.497871151228,1.73149159449947,-0.0462725089021376
-206.481236538982,1.73149159450047,-0.0462771097649048
-206.464601718833,1.73149159450072,-0.0462817183904883
-206.447966770575,1.73149159450164,-0.0462863348360443
-206.431331776777,1.73149159450176,-0.0462909592072603
-206.414696820215,1.73149159449913,-0.0462955917557746
-206.398061980996,1.73149159449253,-0.0463002329419213
-206.381427331411,1.73149159448169,-0.0463048835035413
-206.364792926507,1.73149159446719,-0.046309544277969
-206.348158795601,1.73149159445018,-0.0463142161240629
-206.33152493967,1.73149159443241,-0.0463188995869238
-206.314891334342,1.73149159441502,-0.0463235950090072
-206.298257936,1.73149159439754,-0.0463283026156646
-206.281624688035,1.73149159437689,-0.0463330225643003
-206.264991525647,1.73149159435261,-0.0463377547277115
-206.248358379319,1.73149159432656,-0.0463424986241013
-206.231725179534,1.73149159430289,-0.0463472533747577
-206.215091863841,1.7314915942849,-0.0463520178324189
-206.19845838263,1.73149159427379,-0.0463567906891003
-206.181824700294,1.73149159426998,-0.0463615705154879
-206.165190792321,1.73149159427169,-0.046366355740612
-206.148556640681,1.73149159427421,-0.0463711447802916
-206.131922229718,1.73149159427718,-0.0463759358716226
-206.115287543508,1.73149159428143,-0.0463807272033655
-206.098652564716,1.73149159428702,-0.0463855170700534
-206.082017274636,1.73149159429237,-0.0463903040489272
-206.065381653971,1.73149159429794,-0.0463950863920736
-206.048745683613,1.73149159430457,-0.0463998622916636
-206.032109345507,1.73149159431267,-0.0464046300218818
-206.015472623487,1.73149159432153,-0.0464093879267025
-205.998835503998,1.73149159432755,-0.0464141343909028
-205.982197976521,1.73149159432513,-0.0464188679768975
-205.965560033699,1.73149159431169,-0.0464235873623459
-205.948921670982,1.73149159428952,-0.0464282913497119
-205.932282885931,1.73149159426011,-0.0464329785331545
-205.915643677093,1.73149159422456,-0.0464376474904917
-205.899004042777,1.73149159418444,-0.046442296936547
-205.882363979949,1.73149159414257,-0.0464469258200159
-205.865723483441,1.73149159410013,-0.0464515330921366
-205.849082545992,1.73149159405596,-0.046456117644309
-205.832441159957,1.73149159401091,-0.0464606783675246
-205.815799319571,1.73149159396648,-0.046465214268306
-205.799157022611,1.73149159392368,-0.0464697245208021
-205.78251427131,1.73149159388288,-0.0464742085350354
-205.765871072905,1.7314915938441,-0.046478665771426
-205.749227439974,1.73149159380775,-0.0464830957297964
-205.732583390721,1.73149159377506,-0.0464874980295439
-205.715938949164,1.73149159374318,-0.0464918720157194
-205.699294144805,1.73149159370912,-0.0464962170373862
-205.682649011889,1.73149159367217,-0.0465005327239395
-205.666003588305,1.7314915936356,-0.046504819255941
-205.649357914388,1.73149159360411,-0.0465090767100385
-205.632712031427,1.73149159357878,-0.0465133048860095
-205.616065980238,1.73149159355889,-0.0465175036240151
-205.599419800121,1.73149159354347,-0.0465216730320364
-205.582773528282,1.73149159353103,-0.0465258136589229
-205.566127199611,1.73149159351589,-0.046529925901854
-205.549480844169,1.73149159349322,-0.0465340100639937
-205.532834479991,1.73149159346163,-0.0465380664691225
-205.516188106217,1.73149159342472,-0.0465420954787756
-205.499541701194,1.73149159338545,-0.0465460970420713
-205.48289522521,1.73149159334562,-0.0465500710288785
-205.466248625939,1.73149159330667,-0.0465540174039316
-205.4496018464,1.73149159327128,-0.0465579363395884
-205.432954834937,1.73149159324083,-0.0465618278914273
-205.416307551753,1.7314915932137,-0.0465656917747597
-205.399659969747,1.73149159318801,-0.0465695274276206
-205.383012071296,1.73149159316349,-0.0465733341193246
-205.366363843829,1.73149159314321,-0.046577111032903
-205.349715276428,1.7314915931292,-0.0465808572213633
-205.333066358262,1.73149159312215,-0.0465845717471634
-205.316417078595,1.73149159312188,-0.04658825378119
-205.299767427658,1.73149159312786,-0.0465919027086682
-205.283117397725,1.7314915931387,-0.0465955179242828
-205.266466983911,1.73149159315019,-0.0465990986520858
-205.249816184798,1.73149159315944,-0.0466026441085985
-205.233165003763,1.73149159316745,-0.046606153566946
-205.216513450518,1.73149159317834,-0.0466096264698508
-205.199861541877,1.73149159319612,-0.0466130623825843
-205.18320930133,1.73149159322411,-0.0466164609763163
-205.166556757695,1.73149159326362,-0.0466198220420231
-205.149903943382,1.73149159331336,-0.0466231456282958
-205.133250892827,1.73149159337074,-0.0466264317008975
-205.116597641193,1.73149159343157,-0.0466296800944468
-205.09994422335,1.73149159349292,-0.0466328906866772
-205.083290673208,1.73149159355407,-0.0466360635323487
-205.066637023404,1.73149159361758,-0.0466391989419576
-205.049983304499,1.73149159368864,-0.0466422969583343
-205.033329540164,1.73149159377085,-0.0466453576566505
-205.016675738592,1.73149159386487,-0.0466483813211132
-205.000021887421,1.73149159396772,-0.0466513685356098
-204.983367956796,1.7314915940754,-0.0466543196099649
-204.966713910138,1.73149159418304,-0.0466572346419716
-204.950059715176,1.73149159428743,-0.0466601136665281
-204.933405349469,1.7314915943883,-0.0466629566611745
-204.916750799872,1.731491594489,-0.0466657635705846
-204.900096058733,1.73149159459362,-0.0466685342650217
-204.883441119755,1.73149159470676,-0.0466712685975213
-204.86678597538,1.73149159483112,-0.0466739663585247
-204.850130615937,1.7314915949663,-0.0466766272709336
-204.833475029958,1.73149159510746,-0.0466792510317282
-204.816819205013,1.73149159525008,-0.0466818372777234
-204.800163128541,1.73149159539216,-0.0466843855101086
-204.783506788452,1.73149159553187,-0.0466868951789737
-204.766850173587,1.73149159566851,-0.0466893658039629
-204.750193274115,1.73149159580361,-0.0466917969834774
-204.733536081835,1.73149159594299,-0.0466941883684377
-204.716878590368,1.73149159609161,-0.0466965396431333
-204.700220795119,1.73149159625102,-0.0466988505635611
-204.683562693042,1.73149159641779,-0.0467011210677998
-204.666904282493,1.73149159658794,-0.0467033510342444
-204.650245563834,1.73149159675949,-0.0467055401469663
-204.633586540401,1.73149159693179,-0.0467076880544581
-204.616927219004,1.73149159710567,-0.0467097944845786
-204.600267609714,1.73149159728438,-0.046711859322208
-204.583607725254,1.73149159747006,-0.0467138825083586
-204.566947580428,1.73149159766144,-0.0467158639551494
-204.550287191845,1.73149159785641,-0.0467178036247115
-204.533626578055,1.73149159805343,-0.0467197016319979
-204.516965759947,1.73149159825167,-0.0467215583732387
-204.500304761154,1.73149159845057,-0.0467233741953477
-204.483643608231,1.73149159864967,-0.0467251491735954
-204.466982330466,1.73149159884872,-0.0467268833870495
-204.450320959469,1.73149159904789,-0.0467285770867561
-204.433659527685,1.73149159924761,-0.0467302308037155
-204.416998062804,1.73149159944773,-0.0467318451558005
-204.400336578097,1.73149159964623,-0.04673342067043
-204.383675065861,1.73149159984211,-0.0467349577805832
-204.367013498321,1.73149160003734,-0.0467364568131046
-204.350351836587,1.73149160023392,-0.0467379180798762
-204.33369004204,1.73149160043283,-0.0467393418477778
-204.317028084152,1.73149160063423,-0.0467407281962755
-204.30036594218,1.73149160083784,-0.0467420771337239
-204.283703602903,1.73149160104391,-0.046743388684749
-204.267041057348,1.73149160125418,-0.0467446630101408
-204.250378298669,1.73149160146745,-0.0467459001142806
-204.233715321496,1.73149160167964,-0.0467470998204351
-204.217052122295,1.73149160188715,-0.0467482619145844
-204.200388699901,1.7314916020888,-0.0467493862714597
-204.183725055679,1.73149160228743,-0.046750473052765
-204.167061193295,1.73149160248622,-0.0467515223877167
-204.150397117916,1.731491602687,-0.0467525341548135
-204.133732835269,1.7314916028905,-0.0467535081704674
-204.11706835089,1.73149160309643,-0.0467544443290768
-204.100403669634,1.73149160330333,-0.0467553427196136
-204.083738795509,1.73149160350968,-0.0467562034674524
-204.067073731734,1.73149160371378,-0.0467570265578262
-204.050408480882,1.7314916039124,-0.0467578119101115
-204.033743045111,1.7314916041024,-0.0467585595221544
-204.017077426522,1.73149160428139,-0.0467592695935623
-204.000411627544,1.73149160445226,-0.0467599425754277
-203.983745651378,1.73149160461888,-0.0467605789573674
-203.967079502125,1.73149160478518,-0.0467611789784393
-203.950413184677,1.73149160495357,-0.0467617427519095
-203.933746704458,1.73149160512485,-0.0467622703647953
-203.917080067095,1.73149160529843,-0.0467627619365468
-203.900413278033,1.73149160547209,-0.0467632175944257
-203.883746342136,1.73149160564125,-0.0467636373294914
-203.867079263239,1.73149160580218,-0.0467640212098094
-203.850412043855,1.73149160595347,-0.0467643694608681
-203.833744685012,1.73149160609571,-0.0467646825197825
-203.817077186363,1.73149160623133,-0.0467649608455118
-203.800409546413,1.73149160636577,-0.0467652048523779
-203.783741762933,1.73149160650282,-0.046765414890022
-203.767073833317,1.73149160664215,-0.0467655912802021
-203.750405754948,1.73149160677637,-0.0467657344234327
-203.733737525621,1.73149160690034,-0.0467658444556708
-203.717069143718,1.73149160701238,-0.0467659214291171
-203.700400608308,1.73149160711456,-0.0467659653812732
-203.683731919062,1.73149160720992,-0.0467659764224875
-203.667063076055,1.73149160730087,-0.0467659547199494
-203.650394079366,1.73149160738808,-0.0467659005328071
-203.633724928705,1.73149160746982,-0.0467658143677619
-203.617055623219,1.73149160754599,-0.0467656965843623
-203.600386161316,1.73149160761726,-0.04676554742857
-203.583716540501,1.73149160768393,-0.0467653671323282
-203.567046757414,1.73149160774399,-0.0467651560080502
-203.550376808112,1.73149160779532,-0.0467649140514281
-203.533706688327,1.73149160783674,-0.0467646412097944
-203.51703639385,1.73149160786806,-0.046764337531481
-203.500365920981,1.73149160788974,-0.0467640031721187
-203.483695266849,1.73149160790252,-0.0467636384385356
-203.46702442964,1.73149160790725,-0.0467632439226499
-203.450353408697,1.73149160790573,-0.0467628201020188
-203.433682204426,1.73149160790325,-0.0467623671437932
-203.417010818042,1.73149160790349,-0.046761885118693
-203.400339251296,1.73149160790584,-0.0467613741708738
-203.383667506397,1.73149160790335,-0.0467608347169764
-203.366995586949,1.73149160789171,-0.0467602672061049
-203.350323499239,1.73149160786739,-0.0467596717089705
-203.33365125288,1.73149160783069,-0.0467590480339127
-203.316978860675,1.73149160778365,-0.046758396107587
-203.300306338089,1.73149160772843,-0.0467577161901103
-203.283633702519,1.73149160766613,-0.0467570090960091
-203.266960970564,1.73149160759718,-0.0467562754344642
-203.250288151143,1.73149160752191,-0.0467555152469367
-203.233615242405,1.73149160744055,-0.046754728551028
-203.216942235875,1.73149160735293,-0.0467539156490817
-203.200269122982,1.73149160725866,-0.0467530772804308
-203.183595899462,1.73149160715762,-0.046752214155916
-203.166922566409,1.73149160704931,-0.0467513266815743
-203.150249128837,1.7314916069314,-0.0467504150718049
-203.133575593493,1.73149160680181,-0.0467494795197164
-203.116901967134,1.73149160665908,-0.0467485203062466
-203.100228255782,1.73149160650243,-0.0467475379144137
-203.083554464767,1.73149160633215,-0.0467465328652534
-203.066880599122,1.73149160615012,-0.0467455055813676
-203.050206663891,1.7314916059612,-0.0467444562524553
-203.033532664326,1.73149160576918,-0.0467433850506277
-203.016858606057,1.73149160557542,-0.0467422922930705
-203.000184495257,1.73149160537887,-0.0467411785399929
-202.983510338821,1.73149160517951,-0.0467400441530418
-202.966836144362,1.73149160497705,-0.0467388893961164
-202.95016192017,1.73149160476919,-0.0467377144745917
-202.933487675074,1.73149160455402,-0.0467365196362901
-202.916813418228,1.73149160433067,-0.0467353052885074
-202.900139158857,1.73149160409918,-0.0467340721728317
-202.88346490601,1.73149160386017,-0.0467328210046279
-202.866790668235,1.73149160361359,-0.0467315523171879
-202.850116453262,1.73149160335683,-0.0467302664434573
-202.833442267824,1.73149160308797,-0.0467289636315172
-202.816768117614,1.73149160280732,-0.0467276441185021
-202.800094007403,1.73149160251648,-0.0467263082081046
-202.783419941363,1.73149160221845,-0.0467249562087528
-202.766745923185,1.73149160191972,-0.0467235882787443
-202.75007195624,1.73149160162536,-0.0467222045860564
-202.733398043781,1.7314916013371,-0.0467208054118651
-202.716724189228,1.73149160105265,-0.0467193911863069
-202.700050396256,1.73149160076854,-0.0467179623350126
-202.683376668673,1.73149160048173,-0.0467165192039359
-202.666703010227,1.73149160019024,-0.0467150620740678
-202.650029424433,1.73149159989322,-0.0467135912148382
-202.633355914422,1.73149159959137,-0.0467121069505035
-202.616682482581,1.73149159928688,-0.0467106098806443
-202.600009130479,1.73149159898304,-0.046709100407984
-202.583335858797,1.7314915986821,-0.0467075787144549
-202.566662667428,1.73149159838433,-0.0467060446934309
-202.54998955554,1.73149159809096,-0.0467044979307999
-202.533316521664,1.73149159780295,-0.046702938106428
-202.516643563958,1.73149159752038,-0.0467013651353111
-202.499970680527,1.73149159724135,-0.0466997791726766
-202.483297869709,1.73149159696428,-0.0466981805271507
-202.466625130227,1.7314915966886,-0.0466965696540767
-202.449952461367,1.73149159641289,-0.0466949465058675
-202.433279862855,1.73149159613632,-0.0466933108958347
-202.416607334781,1.73149159585844,-0.0466916627726418
-202.399934877386,1.73149159557867,-0.0466900024647129
-202.383262490973,1.73149159529833,-0.0466883303496142
-202.366590175789,1.73149159501814,-0.046686646501833
-202.349917931873,1.73149159474085,-0.0466849505249028
-202.333245758861,1.73149159446908,-0.0466832420243609
-202.316573655986,1.73149159420414,-0.0466815208176415
-202.299901622205,1.73149159394553,-0.0466797869978519
-202.283229656399,1.73149159369254,-0.0466780408716218
-202.26655775762,1.73149159344355,-0.0466762830397223
-202.249885925397,1.73149159319204,-0.0466745136844601
-202.233214159808,1.73149159293748,-0.0466727326044275
-202.216542461519,1.73149159268302,-0.0466709395883234
-202.19987083187,1.731491592434,-0.0466691346854691
-202.18319927293,1.73149159219476,-0.0466673183069235
-202.166527787424,1.73149159196747,-0.0466654907216171
-202.149856378506,1.73149159175264,-0.0466636520483594
-202.13318504955,1.73149159154973,-0.0466618023705084
-202.116513804076,1.73149159135866,-0.0466599417092247
-202.099842645546,1.73149159118097,-0.0466580697197283
-202.083171577101,1.73149159101767,-0.0466561860951409
-202.066500601513,1.73149159086824,-0.0466542908383577
-202.04982972127,1.73149159072986,-0.0466523844660317
-202.03315893886,1.73149159060008,-0.0466504673669271
-202.016488256854,1.73149159047777,-0.0466485397960029
-201.999817678016,1.73149159036284,-0.0466466019374397
-201.98314720541,1.73149159025552,-0.0466446539376789
-201.966476842529,1.73149159015581,-0.0466426958905313
-201.949806593319,1.73149159006365,-0.0466407277442371
-201.933136462071,1.73149158997908,-0.0466387494746403
-201.916466453325,1.73149158990219,-0.0466367612355075
-201.899796571705,1.73149158983378,-0.0466347635630193
-201.883126821855,1.73149158977427,-0.0466327569107335
-201.866457208274,1.73149158972269,-0.0466307412676554
-201.849787735025,1.73149158967827,-0.0466287165393484
-201.833118405574,1.73149158964062,-0.0466266827592107
-201.816449222755,1.731491589609,-0.046624640197456
-201.799780188928,1.73149158958185,-0.0466225891338661
-201.783111306058,1.73149158955804,-0.0466205298205721
-201.766442575775,1.73149158953746,-0.0466184624962607
-201.749773999493,1.73149158952116,-0.0466163874405316
-201.733105578578,1.73149158951039,-0.0466143048928344
-201.716437314491,1.7314915895061,-0.0466122149866278
-201.699769208821,1.73149158950849,-0.0466101178261131
-201.68310126323,1.7314915895172,-0.0466080135583381
-201.666433479355,1.73149158953225,-0.046605902481386
-201.649765858727,1.73149158955361,-0.0466037849042001
-201.633098402713,1.73149158958102,-0.0466016611011318
-201.616431112361,1.73149158961406,-0.0465995313220035
-201.599763988177,1.73149158965254,-0.0465973957490714
-201.583097030051,1.73149158969724,-0.0465952543986713
-201.566430237229,1.73149158974741,-0.0465931072295594
-201.549763608428,1.73149158980084,-0.0465909542234381
-201.53309714195,1.7314915898554,-0.0465887954210476
-201.516430835793,1.731491589909,-0.0465866308516507
-201.499764687824,1.73149158995865,-0.0465844603654591
-201.48309869585,1.7314915900027,-0.0465822838553513
-201.466432857751,1.73149159004155,-0.046580101384651
-201.449767171585,1.73149159007832,-0.046577913288232
-201.433101635631,1.73149159011594,-0.0465757198964086
-201.416436248346,1.73149159015608,-0.0465735214586012
-201.399771008254,1.73149159019922,-0.0465713181272084
-201.383105913875,1.73149159024483,-0.0465691100015002
-201.36644096362,1.73149159029181,-0.0465668971823337
-201.349776155648,1.73149159033799,-0.0465646796610962
-201.333111487794,1.73149159037838,-0.0465624571581475
-201.316446957504,1.7314915904115,-0.0465602293920907
-201.299782561965,1.73149159043842,-0.0465579962656419
-201.283118298226,1.7314915904615,-0.0465557578498476
-201.266454163268,1.73149159048493,-0.0465535143574734
-201.249790154141,1.73149159051194,-0.046551266017902
-201.233126268091,1.73149159054404,-0.0465490130696233
-201.21646250271,1.73149159058127,-0.0465467558087304
-201.199798856059,1.73149159062273,-0.0465444943118639
-201.183135326543,1.73149159066709,-0.0465422285493804
-201.166471912842,1.73149159071265,-0.0465399585138379
-201.149808613847,1.73149159075652,-0.0465376843261898
-201.133145428666,1.73149159079768,-0.0465354061917887
-201.11648235652,1.73149159083905,-0.0465331243538636
-201.099819396618,1.73149159088343,-0.0465308388546408
-201.083156548001,1.73149159093252,-0.0465285496952299
-201.066493809512,1.731491590987,-0.0465262569610465
-201.049831179819,1.73149159104689,-0.0465239609271323
-201.033168657559,1.73149159111181,-0.04652166184776
-201.016506241436,1.73149159118112,-0.0465193597720586
-200.999843929793,1.73149159125399,-0.0465170546999642
-200.983181718628,1.73149159132973,-0.0465147466737482
-200.966519596512,1.73149159140791,-0.0465124358549878
-200.949857536828,1.73149159148885,-0.0465101225742264
-200.93319548989,1.73149159157526,-0.046507806879448
-200.916533378303,1.73149159166982,-0.0465054886857812
-200.899871098899,1.73149159177325,-0.0465031678674042
-200.883208532075,1.73149159188262,-0.0465008442743289
-200.866545556778,1.73149159199418,-0.0464985175636915
-200.849882067369,1.73149159210544,-0.0464961870274084
-200.83321798794,1.73149159221548,-0.046493851743742
-200.816553280536,1.7314915923244,-0.0464915107181316
-200.799887945304,1.73149159243248,-0.0464891630849485
-200.783222012709,1.73149159253924,-0.046486808116208
-200.766555530334,1.731491592644,-0.0464844451448784
-200.749888548874,1.73149159274618,-0.0464820736354208
-200.733221111135,1.73149159284569,-0.0464796932985656
-200.716553246399,1.73149159294443,-0.0464773040852222
-200.699884971446,1.73149159304389,-0.0464749062094757
-200.683216298102,1.73149159314408,-0.0464725000702887
-200.666547245309,1.73149159324397,-0.0464700860887763
-200.64987785243,1.73149159334161,-0.0464676648303298
-200.633208189979,1.73149159343526,-0.0464652370782366
-200.616538364429,1.73149159352435,-0.0464628038740125
-200.599868515377,1.73149159361035,-0.0464603665668895
-200.583198805395,1.73149159369375,-0.0464579267094894
-200.566529404869,1.73149159377464,-0.0464554860746378
-200.549860475398,1.73149159385303,-0.0464530467477448
-200.533192153567,1.73149159392779,-0.0464506112797708
-200.516524535903,1.7314915939974,-0.0464481824720187
-200.499857671908,1.73149159406091,-0.0464457631615537
-200.48319156903,1.73149159411972,-0.0464433560772921
-200.466526207027,1.73149159417525,-0.0464409638126825
-200.449861556094,1.73149159422809,-0.0464385887923432
-200.433197594328,1.7314915942775,-0.0464362331783368
-200.416534321693,1.7314915943203,-0.0464338986801129
-200.399871764474,1.73149159435352,-0.0464315867408565
-200.383209968528,1.73149159437544,-0.0464292986240828
-200.366548984594,1.73149159438545,-0.0464270355387216
-200.349888852104,1.73149159438377,-0.0464247986421335
-200.333229586782,1.73149159437106,-0.0464225892092273
-200.316571175591,1.73149159434854,-0.0464204082110804
-200.299913579126,1.73149159431659,-0.046418256318917
-200.283256740503,1.73149159427342,-0.0464161338831617
-200.266600597695,1.73149159421853,-0.0464140409732565
-200.249945095717,1.73149159415211,-0.0464119774624841
-200.233290195262,1.73149159407422,-0.0464099430600759
-200.21663587563,1.73149159398411,-0.046407937327484
-200.19998213129,1.73149159388183,-0.0464059596477935
-200.183328963228,1.73149159376902,-0.04640400931663
-200.166676367824,1.73149159364646,-0.0464020855185653
-200.150024326291,1.73149159351473,-0.0464001873608922
-200.133372797681,1.73149159337457,-0.0463983139167124
-200.116721717148,1.73149159322405,-0.0463964639807119
-200.100071000224,1.73149159306159,-0.0463946362161274
-200.083420552102,1.73149159288872,-0.0463928291929055
-200.066770279389,1.73149159271101,-0.0463910413948058
-200.050120101152,1.73149159253128,-0.0463892711997142
-200.033469956491,1.73149159235024,-0.0463875169165692
-200.016819806363,1.73149159216764,-0.0463857768052189
-200.000169629773,1.73149159198265,-0.0463840492966759
-199.983519415713,1.73149159179401,-0.0463823329317546
-199.966869153212,1.73149159160021,-0.0463806260415128
-199.950218822194,1.7314915914008,-0.046378926855202
-199.933568387846,1.73149159119754,-0.0463772335509327
-199.916917800067,1.73149159099234,-0.0463755444519657
-199.900266998241,1.73149159078686,-0.0463738580699857
-199.883615919937,1.73149159058221,-0.0463721730171412
-199.866964511182,1.73149159037798,-0.0463704878421855
-199.850312735368,1.7314915901732,-0.0463688011945078
-199.833660578524,1.73149158996703,-0.0463671118711127
-199.817008049523,1.73149158975908,-0.0463654188021081
-199.800355175273,1.73149158954953,-0.0463637210554784
-199.783701992258,1.73149158933882,-0.0463620178476067
-199.767048536766,1.73149158912738,-0.0463603085367816
-199.750394836432,1.7314915889157,-0.0463585927626651
-199.733740905508,1.73149158870436,-0.0463568704543904
-199.717086744853,1.73149158849385,-0.0463551416981443
-199.700432346519,1.73149158828464,-0.0463534067220455
-199.683777701536,1.73149158807723,-0.0463516659112568
-199.667122808657,1.73149158787205,-0.0463499198889711
-199.650467681476,1.73149158766892,-0.0463481693872538
-199.633812351755,1.73149158746665,-0.0463464153614368
-199.617156868121,1.7314915872653,-0.0463446589462915
-199.600501290539,1.73149158706556,-0.0463429009993075
-199.583845681642,1.73149158686858,-0.0463411421301352
-199.56719009759,1.73149158667412,-0.0463393829892851
-199.550534580841,1.73149158648117,-0.0463376244803933
-199.533879156717,1.73149158628802,-0.0463358678442821
-199.51722383446,1.73149158609174,-0.0463341146244387
-199.500568612267,1.73149158589572,-0.046332366269632
-199.483913484636,1.73149158570806,-0.0463306239776827
-199.467258450177,1.73149158553446,-0.0463288888714618
-199.450603517587,1.73149158537421,-0.0463271621046159
-199.433948708047,1.73149158521833,-0.0463254450346158
-199.417294053368,1.7314915850587,-0.0463237390200222
-199.40063959042,1.73149158489274,-0.0463220453933048
-199.383985353677,1.73149158472215,-0.0463203650229324
-199.367331367299,1.73149158454959,-0.0463186986228906
-199.350677639494,1.73149158437707,-0.0463170470026723
-199.334024160598,1.73149158420537,-0.0463154112332101
-199.317370905477,1.73149158403617,-0.0463137924389151
-199.300717839159,1.73149158387441,-0.0463121915556232
-199.284064924319,1.73149158371858,-0.0463106091514611
-199.267412128563,1.73149158356534,-0.0463090456283606
-199.250759429673,1.73149158341223,-0.0463075013007828
-199.234106817361,1.73149158325831,-0.0463059763695715
-199.217454291049,1.73149158310392,-0.0463044709192604
-199.200801854634,1.73149158295003,-0.0463029849698282
-199.18414950975,1.73149158279744,-0.0463015185497202
-199.167497249594,1.73149158264654,-0.0463000717040111
-199.150845054752,1.73149158249694,-0.0462986444687426
-199.134192892473,1.73149158234633,-0.0462972369014573
-199.117540719672,1.73149158219287,-0.0462958489921314
-199.100888488813,1.73149158203617,-0.0462944806137726
-199.084236155052,1.7314915818777,-0.0462931314787519
-199.067583682655,1.73149158171927,-0.0462918011760341
-199.050931049069,1.73149158156294,-0.0462904892218889
-199.034278245623,1.73149158141146,-0.0462891951629633
-199.017625274885,1.73149158126667,-0.0462879185468188
-199.000972145255,1.73149158112935,-0.0462866589225263
-198.984318864613,1.73149158099902,-0.0462854158226561
-198.967665434785,1.7314915808737,-0.0462841887405238
-198.95101184837,1.73149158075152,-0.0462829772796139
-198.934358088781,1.73149158063178,-0.0462817811556366
-198.917704133444,1.73149158051627,-0.0462806001100106
-198.901049959254,1.73149158040625,-0.0462794339321286
-198.884395548736,1.73149158029917,-0.0462782824468286
-198.867740895174,1.73149158018846,-0.0462771456539009
-198.851086005297,1.73149158007025,-0.0462760235691767
-198.834430898761,1.73149157994749,-0.0462749161726629
-198.817775604618,1.73149157982455,-0.0462738234548631
-198.801120155818,1.73149157970478,-0.0462727454989271
-198.784464583136,1.7314915795901,-0.0462716825970464
-198.767808910283,1.73149157948133,-0.0462706351233545
-198.751153151412,1.73149157937934,-0.046269603518894
-198.734497311665,1.7314915792844,-0.0462685882605415
-198.717841390513,1.73149157919653,-0.0462675897675663
-198.701185386784,1.73149157911633,-0.0462666082137853
-198.684529303873,1.73149157904387,-0.0462656438043846
-198.667873153752,1.7314915789781,-0.0462646968955119
-198.651216958584,1.73149157891607,-0.0462637680251518
-198.63456074948,1.73149157885503,-0.046262857771742
-198.617904562565,1.73149157879302,-0.0462619667236422
-198.601248433625,1.7314915787291,-0.0462610955953113
-198.584592392773,1.73149157866338,-0.0462602451164154
-198.567936460546,1.73149157859666,-0.0462594160465039
-198.55128064638,1.7314915785298,-0.0462586092517336
-198.534624949794,1.73149157846338,-0.0462578255229209
-198.517969363945,1.7314915783976,-0.0462570654850825
-198.501313880511,1.73149157833246,-0.0462563295235241
-198.484658494486,1.73149157826782,-0.0462556179625488
-198.468003207547,1.73149157820312,-0.0462549311063062
-198.451348028992,1.73149157813761,-0.0462542692225663
-198.434692974116,1.7314915780709,-0.0462536325535687
-198.418038060561,1.73149157800296,-0.046253021293971
-198.401383303609,1.73149157793415,-0.0462524355078237
-198.384728711735,1.73149157786506,-0.046251875286592
-198.36807428368,1.73149157779657,-0.0462513408613089
-198.351420007864,1.73149157773024,-0.046250832683788
-198.334765864394,1.73149157766592,-0.0462503508747448
-198.318111828854,1.7314915776029,-0.0462498953975358
-198.30145787703,1.73149157754045,-0.0462494662314683
-198.284803989263,1.73149157747791,-0.0462490635099507
-198.268150153285,1.73149157741526,-0.0462486871872268
-198.251496364718,1.73149157735325,-0.0462483370222159
-198.234842625288,1.73149157729268,-0.0462480125203723
-198.218188939138,1.73149157723394,-0.0462477131245934
-198.201535308585,1.73149157717685,-0.0462474383654559
-198.184881730487,1.73149157712018,-0.0462471879760289
-198.168228194265,1.73149157706301,-0.0462469617592328
-198.151574682021,1.73149157700508,-0.0462467594834653
-198.134921170732,1.73149157694662,-0.0462465808423106
-198.118267636045,1.73149157688839,-0.0462464254291138
-198.101614056589,1.73149157683213,-0.0462462926815046
-198.084960417587,1.73149157677929,-0.046246182028896
-198.068306712896,1.73149157673081,-0.0462460929631836
-198.051652944765,1.73149157668729,-0.0462460250769438
-198.03499912167,1.7314915766489,-0.0462459778267977
-198.018345254698,1.73149157661526,-0.0462459506669126
-198.001691353642,1.73149157658565,-0.0462459431296115
-197.985037423822,1.73149157655941,-0.0462459548574508
-197.968383464459,1.7314915765364,-0.04624598571272
-197.951729469161,1.73149157651736,-0.0462460356667873
-197.935075428287,1.73149157650197,-0.0462461045714721
-197.918421332459,1.73149157648945,-0.0462461921839914
-197.901767176237,1.73149157647905,-0.0462462982022068
-197.885112960902,1.73149157647023,-0.0462464221894925
-197.86845869553,1.73149157646275,-0.0462465637494912
-197.851804396177,1.73149157645671,-0.0462467225982617
-197.835150083362,1.73149157645234,-0.0462468985618016
-197.818495778526,1.73149157644984,-0.0462470915446755
-197.801841500378,1.73149157644946,-0.0462473014951813
-197.785187262188,1.7314915764522,-0.0462475283777795
-197.768533070723,1.73149157645879,-0.0462477722087792
-197.751878927035,1.73149157646937,-0.0462480330710444
-197.73522482887,1.73149157648291,-0.0462483111145606
-197.718570773921,1.73149157649827,-0.0462486064800368
-197.701916762962,1.7314915765142,-0.0462489192718573
-197.685262801994,1.73149157652865,-0.0462492495903086
-197.668608902854,1.73149157654006,-0.0462495975119599
-197.651955082049,1.7314915765483,-0.0462499631301164
-197.635301358133,1.73149157655519,-0.0462503466624709
-197.618647748394,1.73149157656279,-0.0462507482504249
-197.601994265751,1.73149157657244,-0.0462511679021816
-197.58534091671,1.73149157658463,-0.0462516054126505
-197.568687700865,1.7314915765992,-0.0462520606014232
-197.552034612123,1.73149157661496,-0.0462525333902125
-197.535381641178,1.7314915766286,-0.0462530238175226
-197.518728778663,1.73149157663744,-0.0462535319312818
-197.502076017989,1.7314915766406,-0.0462540577874267
-197.485423357141,1.73149157663957,-0.0462546015337739
-197.468770798943,1.73149157663744,-0.0462551631593983
-197.452118349725,1.73149157663726,-0.046255742488919
-197.435466016806,1.73149157664054,-0.0462563392557699
-197.41881380558,1.73149157664625,-0.0462569531438437
-197.402161716975,1.73149157665197,-0.0462575838597664
-197.385509746053,1.73149157665593,-0.0462582310533374
-197.368857882126,1.73149157665792,-0.0462588941070164
-197.352206110241,1.73149157665817,-0.0462595724689105
-197.33555441377,1.73149157665689,-0.0462602658377411
-197.318902777337,1.73149157665426,-0.0462609742926801
-197.302251189421,1.73149157665039,-0.0462616976852321
-197.285599643623,1.73149157664521,-0.0462624356858849
-197.268948138501,1.73149157663865,-0.0462631879150406
-197.252296676116,1.73149157663056,-0.0462639540742937
-197.235645259636,1.73149157662117,-0.0462647338309443
-197.218993890765,1.73149157661101,-0.0462655267388402
-197.202342567655,1.73149157660105,-0.0462663321785849
-197.185691283956,1.73149157659107,-0.0462671495186754
-197.169040029211,1.73149157657981,-0.0462679782367896
-197.152388790518,1.73149157656476,-0.0462688179932512
-197.135737554994,1.73149157654585,-0.0462696685912497
-197.119086312484,1.73149157652317,-0.0462705298121223
-197.102435057473,1.73149157649699,-0.0462714013525364
-197.085783789798,1.73149157646806,-0.0462722828410102
-197.069132514103,1.73149157643884,-0.0462731738909544
-197.052481238161,1.73149157641352,-0.0462740739761517
-197.035829970508,1.73149157639471,-0.0462749825696276
-197.019178718111,1.73149157638166,-0.046275899193895
-197.002527484648,1.73149157637178,-0.0462768234781296
-196.985876269847,1.73149157636265,-0.0462777551142414
-196.969225070118,1.73149157635276,-0.046278693803018
-196.952573880253,1.73149157634159,-0.0462796392496117
-196.935922695684,1.73149157632929,-0.0462805910642299
-196.919271514589,1.73149157631631,-0.0462815488941947
-196.902620339308,1.73149157630311,-0.0462825125351452
-196.88596917664,1.73149157629002,-0.0462834821463729
-196.869318037072,1.73149157627733,-0.0462844579817315
-196.852666933082,1.73149157626566,-0.0462854399834448
-196.836015876706,1.73149157625542,-0.0462864279088886
-196.819364877368,1.73149157624629,-0.0462874215105446
-196.80271394054,1.73149157623656,-0.0462884206422659
-196.786063067587,1.73149157622574,-0.0462894249898316
-196.769412256552,1.73149157621386,-0.046290434300704
-196.752761503889,1.73149157620087,-0.0462914484766978
-196.736110806563,1.73149157618562,-0.0462924675550972
-196.719460163854,1.73149157616719,-0.0462934916451357
-196.702809578374,1.7314915761479,-0.0462945209076162
-196.686159056091,1.73149157612924,-0.0462955554441279
-196.669508605305,1.73149157611169,-0.0462965952600145
-196.652858234875,1.73149157609527,-0.0462976403185902
-196.636207952217,1.7314915760799,-0.0462986904039249
-196.619557761605,1.73149157606603,-0.0462997450592111
-196.602907663135,1.73149157605482,-0.0463008038459069
-196.586257652883,1.73149157604713,-0.0463018663450182
-196.569607723946,1.73149157604239,-0.0463029323008493
-196.552957868278,1.73149157603864,-0.0463040017108963
-196.536308078626,1.73149157603324,-0.0463050749577803
-196.519658350223,1.73149157602504,-0.0463061524090845
-196.503008681429,1.73149157601511,-0.0463072343219537
-196.486359073532,1.73149157600485,-0.046308320425853
-196.469709529565,1.73149157599503,-0.0463094102191253
-196.453060052686,1.73149157598574,-0.0463105030925533
-196.436410644425,1.73149157597721,-0.0463115985387064
-196.419761303361,1.73149157597008,-0.046312696210114
-196.403112024554,1.7314915759662,-0.0463137958924754
-196.386462800003,1.73149157596665,-0.0463148972961537
-196.369813619883,1.73149157597144,-0.046316000148595
-196.353164474271,1.73149157597933,-0.0463171042345442
-196.336515354879,1.73149157598688,-0.0463182094145356
-196.319866256328,1.73149157599107,-0.0463193155217948
-196.303217176599,1.73149157599019,-0.0463204223265003
-196.28656811658,1.73149157598369,-0.0463215295481376
-196.269919078841,1.73149157597151,-0.0463226369995125
-196.253270066052,1.73149157595368,-0.0463237447465976
-196.236621079609,1.73149157593031,-0.046324852262379
-196.219972118422,1.73149157590164,-0.0463259589110194
-196.203323178602,1.73149157586799,-0.0463270642427814
-196.186674254075,1.73149157582962,-0.0463281681038073
-196.170025337906,1.73149157578687,-0.0463292704779145
-196.153376423893,1.73149157574012,-0.0463303714713482
-196.136727508036,1.73149157568998,-0.0463314711250829
-196.120078589426,1.7314915756377,-0.0463325694068491
-196.103429670371,1.73149157558315,-0.0463336662237622
-196.086780755711,1.73149157552571,-0.0463347612444739
-196.070131851505,1.73149157546493,-0.046335854084475
-196.053482963526,1.73149157540113,-0.0463369444224475
-196.036834095921,1.73149157533601,-0.0463380320493128
-196.020185250433,1.73149157527195,-0.0463391167864725
-196.003536426346,1.73149157521421,-0.0463401983915846
-195.986887621168,1.73149157516751,-0.0463412767235317
-195.970238831862,1.73149157512916,-0.0463423516565179
-195.953590056195,1.7314915750889,-0.0463434232996754
-195.936941293971,1.73149157503867,-0.0463444917545741
-195.920292547685,1.731491574977,-0.0463455569339187
-195.903643822347,1.73149157490552,-0.0463466186934213
-195.886995124637,1.73149157482698,-0.0463476769273522
-195.870346461646,1.73149157474418,-0.0463487316030334
-195.853697839541,1.7314915746582,-0.046349782544807
-195.837049262427,1.73149157456928,-0.0463508295738189
-195.820400731715,1.73149157447636,-0.0463518726067358
-195.803752246291,1.73149157437569,-0.0463529117235234
-195.787103803406,1.731491574268,-0.0463539469039677
-195.770455399869,1.73149157415535,-0.0463549781070621
-195.753807033273,1.73149157403883,-0.0463560053716048
-195.737158702971,1.73149157391763,-0.0463570289116627
-195.720510410518,1.73149157379267,-0.0463580487637381
-195.703862159318,1.73149157366512,-0.0463590648775
-195.687213953814,1.73149157353512,-0.0463600771926905
-195.670565798276,1.73149157340049,-0.0463610856470226
-195.653917695608,1.73149157325867,-0.0463620901940587
-195.637269646462,1.73149157310746,-0.0463630907795816
-195.620621649004,1.73149157294986,-0.0463640870861989
-195.603973699217,1.73149157278971,-0.0463650788273583
-195.587325791805,1.73149157262908,-0.0463660658679308
-195.570677921386,1.73149157246679,-0.04636704823865
-195.554030083659,1.73149157230105,-0.0463680260030522
-195.537382276183,1.73149157213126,-0.0463689992119135
-195.520734498527,1.73149157195946,-0.046369967977685
-195.504086751898,1.73149157178762,-0.0463709323666405
-195.487439038267,1.73149157161605,-0.0463718924660615
-195.470791359404,1.73149157144459,-0.0463728483141572
-195.454143715764,1.73149157127339,-0.0463737998892288
-195.437496105869,1.73149157110327,-0.0463747468613589
-195.420848526158,1.7314915709341,-0.0463756888485632
-195.404200971545,1.73149157076237,-0.0463766254895065
-195.387553436346,1.73149157058465,-0.0463775565559029
-195.370905915391,1.73149157040183,-0.0463784818716625
-195.354258404926,1.73149157021816,-0.0463794013742558
-195.337610903185,1.73149157003748,-0.0463803151289317
-195.320963410412,1.7314915698617,-0.0463812235127863
-195.304315928489,1.73149156969066,-0.0463821267676396
-195.287668460024,1.73149156952414,-0.0463830249007978
-195.271021007278,1.73149156936178,-0.0463839177720686
-195.25437357128,1.73149156920306,-0.0463848051740107
-195.237726151389,1.73149156904818,-0.0463856867954126
-195.22107874537,1.73149156889945,-0.0463865620223975
-195.204431349877,1.73149156875884,-0.0463874303590084
-195.187783961351,1.73149156862663,-0.046388291660999
-195.171136577013,1.73149156850024,-0.0463891462950237
-195.15448919577,1.73149156837704,-0.0463899944726755
-195.137841818508,1.73149156825546,-0.0463908362408123
-195.121194447885,1.7314915681344,-0.0463916715733818
-195.104547087698,1.73149156801222,-0.046392500454278
-195.087899742059,1.73149156788993,-0.0463933227965149
-195.071252414477,1.73149156776936,-0.0463941384723978
-195.054605107142,1.73149156765191,-0.04639494725121
-195.037957820575,1.73149156753838,-0.0463957489608459
-195.02131055382,1.73149156742901,-0.0463965435641269
-195.004663305003,1.7314915673237,-0.0463973312264081
-194.988016072235,1.73149156722218,-0.0463981121306552
-194.971368854458,1.73149156712417,-0.0463988863968048
-194.954721652038,1.73149156702893,-0.0463996540556938
-194.938074466946,1.73149156693397,-0.0464004150167051
-194.921427302462,1.73149156683723,-0.0464011691792648
-194.904780162514,1.73149156673846,-0.0464019165540272
-194.888133050842,1.73149156664321,-0.0464026573548286
-194.871485970278,1.73149156655622,-0.0464033917106974
-194.85483892222,1.73149156647772,-0.0464041194036682
-194.838191906386,1.73149156640614,-0.0464048401974015
-194.821544921086,1.73149156633962,-0.0464055539706079
-194.804897963883,1.73149156627653,-0.0464062607120688
-194.788251032395,1.73149156621587,-0.0464069604829527
-194.771604125017,1.73149156615731,-0.0464076534258034
-194.754957241426,1.73149156610101,-0.0464083398267887
-194.738310382687,1.7314915660473,-0.046409019880837
-194.721663550919,1.73149156599646,-0.0464096935176964
-194.705016748532,1.73149156594861,-0.0464103605832606
-194.68836997746,1.73149156590427,-0.0464110210109134
-194.671723238528,1.73149156586553,-0.0464116750019554
-194.655076531169,1.731491565833,-0.0464123228070117
-194.638429853415,1.73149156580383,-0.0464129646501515
-194.621783202259,1.73149156577588,-0.0464136005434488
-194.605136574313,1.73149156574836,-0.0464142303714024
-194.588489966484,1.73149156572133,-0.046414853966384
-194.571843376594,1.73149156569525,-0.0464154710585033
-194.5551968037,1.73149156567059,-0.0464160814454235
-194.538550248086,1.73149156564757,-0.0464166850404455
-194.521903710928,1.7314915656262,-0.0464172818792104
-194.505257193697,1.73149156560652,-0.0464178721448442
-194.48861069743,1.73149156558846,-0.046418455937202
-194.471964222174,1.73149156557134,-0.0464190331576524
-194.455317766704,1.73149156555456,-0.0464196036997843
-194.438671328741,1.73149156553805,-0.0464201675776741
-194.422024905298,1.73149156552265,-0.0464207250535312
-194.405378493351,1.73149156550924,-0.0464212762427204
-194.388732090484,1.73149156549834,-0.0464218209246171
-194.372085695345,1.73149156549025,-0.0464223588586698
-194.355439307864,1.73149156548442,-0.0464228899377397
-194.33879292913,1.73149156547843,-0.0464234142616689
-194.322146560988,1.73149156547202,-0.0464239318642432
-194.305500205415,1.73149156546772,-0.0464244426011501
-194.288853863877,1.73149156546769,-0.0464249463415964
-194.272207536909,1.73149156547268,-0.0464254430497701
-194.255561224004,1.7314915654816,-0.0464259327907209
-194.23891492377,1.73149156549292,-0.0464264156544895
-194.222268634358,1.73149156550541,-0.0464268917190688
-194.205622354035,1.73149156551844,-0.0464273610475022
-194.18897608177,1.73149156553216,-0.046427823699182
-194.17232981757,1.73149156554706,-0.0464282798001703
-194.155683562566,1.7314915655635,-0.0464287295557899
-194.139037318837,1.73149156558157,-0.046429173111431
-194.122391088956,1.73149156560114,-0.046429610533288
-194.105744875411,1.73149156562206,-0.0464300418282276
-194.089098680061,1.73149156564367,-0.0464304668814906
-194.072452503793,1.73149156566374,-0.0464308854907893
-194.055806346408,1.73149156568147,-0.0464312974682838
-194.039160206847,1.73149156569704,-0.0464317027252163
-194.022514083652,1.73149156571098,-0.0464321012964661
-194.005867975606,1.73149156572387,-0.0464324933183288
-193.989221882236,1.73149156573653,-0.0464328789568749
-193.972575803984,1.73149156575086,-0.0464332583982154
-193.955929742182,1.73149156576849,-0.0464336318469174
-193.939283698825,1.73149156578716,-0.0464339993301818
-193.922637676083,1.73149156580468,-0.0464343607433178
-193.9059916758,1.73149156582179,-0.0464347157902641
-193.889345699023,1.73149156583988,-0.0464350642490453
-193.872699745769,1.73149156586037,-0.0464354061125817
-193.856053815059,1.7314915658856,-0.0464357416892843
-193.839407905309,1.73149156591478,-0.0464360712791325
-193.822762014729,1.73149156594444,-0.0464363951510844
-193.806116141797,1.73149156597248,-0.0464367134565479
-193.78947028564,1.73149156599813,-0.0464370262598595
-193.772824446227,1.73149156602176,-0.0464373335799407
-193.7561786243,1.73149156604509,-0.0464376354238566
-193.73953282105,1.73149156606975,-0.0464379317524386
-193.722887037717,1.7314915660966,-0.0464382224450581
-193.706241275113,1.73149156612583,-0.0464385073962375
-193.689595533276,1.73149156615716,-0.0464387865608123
-193.672949811331,1.73149156618998,-0.0464390599745339
-193.656304107674,1.73149156622359,-0.0464393277391422
-193.639658420264,1.73149156625753,-0.0464395899859632
-193.623012747097,1.73149156629167,-0.0464398468213575
-193.606367086535,1.73149156632605,-0.0464400983083912
-193.589721437606,1.73149156636099,-0.0464403445167422
-193.573075800139,1.73149156639744,-0.0464405854367126
-193.55643017468,1.73149156643516,-0.0464408209986324
-193.539784562202,1.73149156647374,-0.046441051138496
-193.523138963666,1.73149156651312,-0.0464412758727586
-193.506493379606,1.7314915665534,-0.0464414954242477
-193.489847809914,1.73149156659498,-0.0464417099177287
-193.473202253779,1.73149156663985,-0.0464419193271623
-193.456556709789,1.73149156668953,-0.0464421235908995
-193.439911176239,1.73149156674391,-0.0464423226792941
-193.423265651544,1.73149156680018,-0.0464425166543398
-193.406620134604,1.73149156685553,-0.0464427056306824
-193.389974625063,1.73149156690792,-0.0464428897832851
-193.373329123554,1.7314915669554,-0.046443068930905
-193.356683631259,1.73149156699702,-0.0464432427978302
-193.340038149515,1.73149156703333,-0.0464434112497548
-193.323392679482,1.73149156706702,-0.0464435744346819
-193.306747221961,1.73149156709956,-0.0464437324096023
-193.290101777146,1.73149156713132,-0.04644388521613
-193.273456344608,1.73149156716199,-0.0464440329344833
-193.256810923451,1.73149156718989,-0.0464441756961755
-193.240165512618,1.73149156721251,-0.0464443136505512
-193.223520111242,1.73149156722839,-0.0464444468989611
-193.206874718949,1.73149156723841,-0.0464445754800502
-193.190229336013,1.73149156724504,-0.0464446994692173
-193.173583963436,1.73149156725106,-0.0464448189861033
-193.156938602686,1.73149156726026,-0.046444934182345
-193.140293255344,1.73149156727364,-0.0464450449500664
-193.1236479227,1.73149156729036,-0.0464451511308806
-193.107002605505,1.73149156730647,-0.0464452525917096
-193.090357303873,1.73149156731748,-0.0464453493017797
-193.073712017327,1.73149156732157,-0.0464454413564729
-193.057066744988,1.73149156732292,-0.0464455290172348
-193.040421485888,1.73149156732639,-0.0464456125155938
-193.023776239274,1.73149156733453,-0.0464456920196131
-193.007131004872,1.73149156734683,-0.0464457676931475
-192.990485783052,1.73149156736266,-0.0464458395388565
-192.97384057468,1.73149156738101,-0.0464459074835881
-192.957195380862,1.73149156740006,-0.0464459715144749
-192.94055020265,1.73149156741585,-0.0464460317863893
-192.923905040882,1.73149156742517,-0.0464460881889988
-192.907259895837,1.73149156742681,-0.046446140562192
-192.890614767108,1.73149156742091,-0.0464461888573444
-192.873969653705,1.73149156740798,-0.0464462332539011
-192.857324554404,1.7314915673886,-0.0464462739694798
-192.840679468007,1.73149156736341,-0.0464463111913724
-192.824034393578,1.73149156733292,-0.046446345164232
-192.807389330662,1.73149156729721,-0.0464463760895297
-192.790744279331,1.7314915672557,-0.0464464041623733
-192.774099240155,1.73149156720781,-0.0464464293474731
-192.757454213924,1.7314915671536,-0.0464464514993979
-192.740809201296,1.73149156709366,-0.0464464703864141
-192.724164202573,1.73149156702864,-0.0464464855571438
-192.707519217501,1.73149156695878,-0.0464464966843098
-192.690874245267,1.73149156688395,-0.0464465037601359
-192.674229284629,1.73149156680419,-0.0464465072716792
-192.65758433432,1.73149156671996,-0.0464465075206255
-192.640939393292,1.73149156663187,-0.0464465042304417
-192.624294460764,1.73149156654031,-0.0464464970712105
-192.60764953636,1.73149156644521,-0.0464464859462168
-192.591004620198,1.73149156634633,-0.0464464711066635
-192.574359712881,1.73149156624661,-0.0464464526730414
-192.557714815154,1.73149156614892,-0.0464464306769716
-192.541069927621,1.73149156605469,-0.0464464051380423
-192.524425050523,1.73149156596434,-0.0464463761000616
-192.507780183662,1.73149156587598,-0.0464463435974759
-192.4911353264,1.7314915657859,-0.0464463077320346
-192.474490477806,1.73149156569156,-0.0464462686498183
-192.457845636862,1.73149156559149,-0.0464462266127667
-192.441200802836,1.73149156548323,-0.0464461817997395
-192.424555975417,1.73149156536491,-0.0464461343150929
-192.407911154755,1.7314915652377,-0.0464460841943376
-192.391266341394,1.73149156510586,-0.0464460315067265
-192.374621536177,1.73149156497391,-0.0464459762947861
-192.357976740072,1.73149156484642,-0.0464459184667622
-192.341331953828,1.73149156472437,-0.0464458578323118
-192.324687177765,1.73149156460636,-0.0464457942740331
-192.308042411723,1.73149156448911,-0.0464457278892233
-192.291397655274,1.73149156437162,-0.0464456589634256
-192.274752907817,1.73149156425418,-0.0464455878772204
-192.258108168772,1.73149156413757,-0.0464455148370978
-192.241463437776,1.73149156402303,-0.0464454397030723
-192.224818714791,1.73149156391145,-0.046445362272994
-192.208174000141,1.7314915638031,-0.0464452824643359
-192.191529294473,1.73149156369723,-0.0464452004648405
-192.174884598637,1.73149156359292,-0.0464451164771417
-192.158239913501,1.73149156348951,-0.0464450305153966
-192.141595239749,1.73149156338665,-0.0464449421398147
-192.124950577661,1.73149156328429,-0.0464448509605949
-192.108305927046,1.73149156318254,-0.0464447568801962
-192.091661287327,1.73149156308154,-0.0464446602441889
-192.07501665781,1.73149156298117,-0.0464445614264992
-192.058372037882,1.7314915628805,-0.0464444605719306
-192.04172742715,1.73149156277663,-0.0464443575786159
-192.025082825508,1.73149156266779,-0.0464442523342904
-192.008438233214,1.73149156255573,-0.0464441448579032
-191.991793650817,1.73149156244694,-0.0464440354227229
-191.975149078943,1.73149156234085,-0.0464439243337694
-191.95850451814,1.73149156223403,-0.0464438117216784
-191.941859968722,1.73149156212189,-0.0464436974031453
-191.925215430609,1.73149156200155,-0.046443581163825
-191.908570903305,1.7314915618735,-0.0464434629514011
-191.891926386036,1.73149156174351,-0.0464433430143367
-191.875281878003,1.73149156161742,-0.0464432215224862
-191.858637378536,1.73149156149966,-0.0464430985104682
-191.841992887171,1.7314915613919,-0.046442973923351
-191.825348403736,1.73149156129283,-0.0464428475985824
-191.808703928325,1.73149156120045,-0.0464427194299058
-191.792059461269,1.73149156111271,-0.0464425894730352
-191.775415002989,1.73149156102714,-0.0464424579788244
-191.758770553903,1.73149156094576,-0.046442324910165
-191.742126114141,1.73149156087135,-0.0464421901462085
-191.725481683426,1.73149156080518,-0.0464420537128431
-191.708837261129,1.7314915607461,-0.0464419160398104
-191.692192846482,1.73149156069269,-0.0464417774573641
-191.675548438769,1.73149156064504,-0.0464416378888361
-191.6589040374,1.7314915606034,-0.0464414971467692
-191.642259641998,1.73149156056661,-0.0464413551298636
-191.625615252499,1.73149156053013,-0.0464412119396693
-191.60897086922,1.73149156049201,-0.0464410676383481
-191.592326492609,1.73149156045194,-0.0464409222346185
-191.57568212252,1.73149156040978,-0.0464407757419032
-191.559037755358,1.73149156036412,-0.0464406282889445
-191.542393377756,1.73149156031524,-0.0464404800746557
-191.525748958196,1.7314915602651,-0.0464403310696684
-191.509104441315,1.73149156021545,-0.0464401811032286
-191.492459750599,1.73149156016767,-0.0464400299668963
-191.475814801274,1.73149156012318,-0.0464398774359401
-191.459169519409,1.73149156008018,-0.0464397229294732
-191.44252385839,1.73149156003654,-0.0464395657213621
-191.425877804532,1.7314915599915,-0.0464394051155881
-191.409231368469,1.73149155994626,-0.0464392406244878
-191.392584566809,1.73149155990117,-0.046439071730625
-191.375937404294,1.73149155985618,-0.0464388978811303
-191.359289866994,1.73149155981127,-0.0464387184973101
-191.34264193073,1.73149155976679,-0.0464385328765207
-191.325993579636,1.73149155972301,-0.0464383404733613
-191.309344823722,1.73149155968002,-0.0464381410436975
-191.292695704654,1.73149155963776,-0.0464379347691415
-191.276046286139,1.73149155959606,-0.046437721960715
-191.259396634397,1.73149155955474,-0.0464375028998237
-191.242746800449,1.73149155951367,-0.0464372776278004
-191.226096814574,1.73149155947273,-0.0464370463027556
-191.209446695871,1.73149155943171,-0.0464368093798723
-191.19279647026,1.73149155939015,-0.0464365677381906
-191.17614618529,1.73149155934719,-0.0464363225326581
-191.159495912167,1.7314915593027,-0.0464360747781842
-191.142845733386,1.73149155925694,-0.0464358254383283
-191.126195723418,1.73149155921015,-0.046435575532862
-191.10954593401,1.73149155916221,-0.0464353262509039
-191.092896392613,1.73149155911318,-0.0464350788512642
-191.076247114296,1.73149155906107,-0.0464348342958872
-191.059598231727,1.73149156723933,-0.0464343060826022
-191.042950132907,1.73149162322874,-0.046432088768152
-191.026302772633,1.73149176913641,-0.0464266100783767
-191.009655710557,1.73149202447372,-0.0464170044759545
-190.993008792269,1.73149238655227,-0.0464031414295532
-190.976362205295,1.7314928391227,-0.0463853627607838
-190.959716128542,1.73149336093159,-0.0463642030499288
-190.943070559087,1.73149393171552,-0.0463401836519789
-190.926425403219,1.73149453512949,-0.0463137062331871
-190.909780610992,1.7314951592426,-0.0462850299706818
-190.89313620587,1.73149579559483,-0.0462542997093772
-190.876492230472,1.7314964377571,-0.0462215925313373
-190.859848691704,1.73149708004848,-0.0461869607180982
-190.843205549314,1.7314977167067,-0.0461504603730692
-190.826562738334,1.73149834152557,-0.0461121639827116
-190.809920197405,1.73149894785281,-0.0460721607833772
-190.793277884751,1.73149952876805,-0.0460305508670038
-190.776635778494,1.73150007730945,-0.045987437756045
-190.759993865968,1.73150058665711,-0.0459429222697728
-190.743352129154,1.73150105024029,-0.0458970989097116
-190.726710533696,1.73150146177045,-0.0458500548473026
-190.71006902737,1.73150181522839,-0.0458018705487234
-190.693427549119,1.73150210482522,-0.0457526209696447
-190.676786043766,1.7315023249623,-0.0457023768516493
-190.660144474028,1.73150247020589,-0.0456512058906393
-190.643502822907,1.73150253527737,-0.0455991733267071
-190.626861085263,1.73150251505276,-0.0455463421970258
-190.610219253965,1.73150240455994,-0.0454927731694036
-190.593577309518,1.73150219898426,-0.0454385243556774
-190.576935219766,1.73150189367902,-0.0453836513012037
-190.56029294989,1.73150148416796,-0.0453282072113194
-190.543650476468,1.7315009661474,-0.0452722431604367
-190.527007796895,1.73150033548055,-0.0452158080852554
-190.510364928342,1.73149958819839,-0.0451589487346663
-190.493721897083,1.73149872050183,-0.0451017097094116
-190.477078724837,1.73149772875956,-0.0450441336603112
-190.460435420698,1.73149660950481,-0.0449862613515174
-190.443791983247,1.73149535943816,-0.044928131828288
-190.427148407751,1.73149397320698,-0.0448700493223522
-190.410504692589,1.73149243284875,-0.0448132824861829
-190.393860859133,1.73149071695533,-0.0447589760842083
-190.377216945915,1.73148881304366,-0.0447077629350697
-190.360572994954,1.73148671866131,-0.0446598376719598
-190.343929039617,1.73148443834506,-0.0446151131274726
-190.327285099486,1.731481979871,-0.0445733784505822
-190.310641184642,1.73147935131604,-0.0445344155901918
-190.293997306303,1.73147655943823,-0.044498061410253
-190.2773534864,1.73147361038318,-0.0444641758337181
-190.260709755257,1.73147051009137,-0.0444326184773443
-190.244066147083,1.73146726362928,-0.0444032803527099
-190.227422695069,1.7314638755048,-0.0443760772114699
-190.210779423592,1.7314603499715,-0.0443509395501133
-190.194136345637,1.73145669127059,-0.0443278035246552
-190.177493468121,1.73145290378435,-0.0443066050634812
-190.16085080136,1.73144899209361,-0.0442872776407143
-190.144208366014,1.73144496096467,-0.0442697524339737
-190.127566192344,1.73144081530146,-0.0442539596768171
-190.110924311355,1.73143656009125,-0.04423983013045
-190.094282742715,1.73143220035951,-0.0442272963609954
-190.077641486477,1.73142774113912,-0.0442162934431884
-190.061000523492,1.73142318745725,-0.0442067591926312
-190.044359823962,1.73141854433688,-0.0441986339078642
-190.02771935917,1.73141381679832,-0.0441918601704322
-190.011079109527,1.73140900986016,-0.0441863825761347
-189.994439064595,1.73140412853952,-0.0441821475017117
-189.977799215703,1.7313991778496,-0.0441791029309454
-189.96115954642,1.73139416279433,-0.0441771983538557
-189.944520027332,1.7313890883654,-0.044176384847042
-189.927880618594,1.73138395953694,-0.0441766151397608
-189.911241278838,1.7313787812595,-0.0441778436909096
-189.894601975053,1.73137355845295,-0.0441800265212504
-189.877962687384,1.7313682960004,-0.0441831211303802
-189.861323406032,1.73136299874346,-0.044187086518641
-189.844684122567,1.73135767148173,-0.0441918829974028
-189.828044821157,1.73135231896724,-0.0441974721525804
-189.811405475336,1.73134694589494,-0.0442038168277724
-189.794766052336,1.73134155690556,-0.0442108812695525
-189.778126522354,1.73133615658221,-0.044218631189118
-189.761486866972,1.73133074944633,-0.0442270337780617
-189.744847081835,1.7313253399493,-0.0442360576619688
-189.728207172063,1.7313199324738,-0.0442456726769826
-189.711567143425,1.73131453133287,-0.0442558498049227
-189.694926994763,1.73130914076291,-0.0442665610109673
-189.67828671645,1.7313037649221,-0.0442777792999513
-189.661646295771,1.73129840789032,-0.0442894786926985
-189.645005725678,1.7312930736645,-0.0443016342932648
-189.628365011364,1.73128776615519,-0.0443142222887726
-189.611724170573,1.73128248918484,-0.0443272199033851
-189.595083227421,1.73127724648641,-0.0443406053963738
-189.578442203596,1.73127204170169,-0.0443543581568001
-189.5618011123,1.73126687838202,-0.0443684585162233
-189.545159958505,1.73126175998711,-0.0443828875062927
-189.528518745074,1.73125668988239,-0.0443976268544387
-189.511877480728,1.73125167133694,-0.0444126590745142
-189.495236184689,1.73124670752151,-0.0444279676055804
-189.478594885048,1.73124180151008,-0.0444435364316522
-189.461953611716,1.7312369562792,-0.0444593498932954
-189.445312388269,1.73123217470757,-0.0444753927159215
-189.428671227608,1.73122745957629,-0.044491650423475
-189.412030134023,1.73122281356864,-0.0445081094173412
-189.395389109956,1.73121823926923,-0.0445247568843606
-189.37874816311,1.73121373916303,-0.0445415807120992
-189.362107309311,1.73120931563684,-0.0445585693297203
-189.345466569405,1.73120497098066,-0.0445757117072226
-189.32882596215,1.73120070738701,-0.0445929967863671
-189.31218549735,1.73119652695109,-0.0446104138279723
-189.295545173551,1.73119243167157,-0.0446279525718228
-189.278904981633,1.73118842345132,-0.0446456031958719
-189.262264911765,1.73118450409797,-0.0446633562696686
-189.245624959575,1.7311806753247,-0.0446812027453183
-189.228985127615,1.73117693875111,-0.0446991339901004
-189.212345421408,1.73117329590442,-0.0447171418388064
-189.19570584256,1.7311697482211,-0.0447352183783841
-189.179066383411,1.73116629704835,-0.0447533557954448
-189.16242702661,1.73116294364351,-0.0447715461358505
-189.14578774985,1.73115968917606,-0.0447897816973448
-189.129148532914,1.73115653472946,-0.0448080552627813
-189.112509362724,1.7311534813019,-0.0448263601983731
-189.095870233412,1.73115052981006,-0.0448446899641675
-189.079231141416,1.73114768108776,-0.0448630381195063
-189.062592078983,1.73114493588768,-0.0448813984082265
-189.045953030353,1.73114229488624,-0.0448997648965366
-189.029313973094,1.73113975868004,-0.0449181318604645
-189.012674883764,1.73113732778352,-0.0449364937284157
-188.996035744318,1.73113500263465,-0.0449548450678519
-188.979396545469,1.73113278359662,-0.0449731806181193
-188.962757285108,1.73113067096037,-0.0449914951885798
-188.946117962843,1.73112866494993,-0.0450097837138741
-188.929478574286,1.73112676572488,-0.0450280413050676
-188.912839108712,1.73112497338007,-0.045046263309949
-188.896199551625,1.73112328794662,-0.045064445278798
-188.879559890425,1.73112170939403,-0.0450825828716288
-188.862920119728,1.73112023762838,-0.0451006719333747
-188.846280243056,1.73111887249257,-0.0451187085561149
-188.829640269971,1.73111761376816,-0.0451366890860946
-188.813000210339,1.73111646117903,-0.0451546100387198
-188.796360069348,1.73111541439338,-0.0451724680902603
-188.779719846469,1.73111447302752,-0.0451902600290074
-188.763079538843,1.73111363664853,-0.0452079827244436
-188.746439146824,1.7311129047731,-0.0452256332122676
-188.729798678051,1.73111227686877,-0.0452432087963707
-188.713158147489,1.73111175235611,-0.0452607072146106
-188.696517573501,1.73111133060706,-0.0452781260917141
-188.679876972164,1.73111101094813,-0.0452954630235369
-188.663236353442,1.73111079266238,-0.0453127156399618
-188.646595721465,1.73111067499387,-0.0453298817062849
-188.629955078564,1.73111065715163,-0.0453469591442772
-188.613314430394,1.73111073830987,-0.04536394615956
-188.596673788775,1.73111091760545,-0.045380841215108
-188.580033170384,1.73111119413334,-0.0453976428739149
-188.563392592236,1.73111156695347,-0.0454143492473875
-188.546752066483,1.73111203509482,-0.0454309585007809
-188.530111598042,1.73111259755735,-0.0454474691106115
-188.513471186222,1.73111325331286,-0.0454638798877221
-188.496830829286,1.73111400130609,-0.0454801896472647
-188.480190528911,1.73111484045538,-0.0454963972281799
-188.463550291731,1.73111576965248,-0.0455125015471382
-188.446910127081,1.73111678776107,-0.0455285017045002
-188.430270042399,1.73111789362358,-0.0455443968829153
-188.413630039185,1.731119086062,-0.0455601862538583
-188.396990111978,1.73112036387216,-0.0455758689305212
-188.380350251046,1.73112172582605,-0.045591444030007
-188.363710446971,1.73112317067467,-0.0456069107424815
-188.347070694434,1.73112469715057,-0.0456222681202471
-188.330430992719,1.73112630397002,-0.0456375152216871
-188.313791342804,1.73112798983506,-0.0456526512720149
-188.29715174293,1.73112975343526,-0.0456676758226308
-188.280512185636,1.73113159344945,-0.0456825882336393
-188.263872657984,1.73113350854658,-0.0456973877583382
-188.247233145019,1.73113549738639,-0.0457120736811257
-188.2305936343,1.73113755862058,-0.0457266453468392
-188.21395411877,1.73113969089498,-0.0457411017449351
-188.197314711673,1.73114189321756,-0.0457554319743895
-188.180675755714,1.73114416822444,-0.0457695200575773
-188.164037133395,1.73114652264892,-0.0457831118538929
-188.147398378242,1.73114896315373,-0.0457959227068687
-188.130759336431,1.73115149373654,-0.0458077223312629
-188.114120202032,1.73115411572539,-0.0458183495053318
-188.097481133546,1.73115682871617,-0.0458276895381729
-188.080842095843,1.73115963129754,-0.0458356510400276
-188.064203000299,1.73116252142162,-0.0458421524142775
-188.047563833189,1.73116549648996,-0.0458471191869392
-188.030924634881,1.73116855331551,-0.0458504869753784
-188.014285427611,1.73117168809632,-0.045852204765656
-187.997646195876,1.73117489644745,-0.0458522356696517
-187.981006915846,1.7311781734772,-0.0458505555537218
-187.964367581867,1.73118151386944,-0.0458471509313632
-187.947728206079,1.73118491195228,-0.0458420171320598
-187.931088803225,1.73118836174878,-0.0458351571567138
-187.914449379486,1.73119185701702,-0.0458265809802261
-187.897809931483,1.73119539128823,-0.0458163051001167
-187.88117045133,1.73119895790188,-0.045804351964475
-187.864530932224,1.73120255003957,-0.0457907492425645
-187.847891371965,1.73120616075743,-0.0457755291935621
-187.831251773831,1.73120978301803,-0.0457587280282881
-187.814612144851,1.7312134097213,-0.0457403853244403
-187.797972492318,1.73121703373666,-0.0457205434818256
-187.78133282031,1.73122064793383,-0.0456992472688206
-187.764693128097,1.73122424520934,-0.0456765433257692
-187.748053411407,1.73122781851168,-0.0456524798424578
-187.731413665814,1.73123136086406,-0.045627106230332
-187.714773890116,1.73123486538621,-0.0456004728266309
-187.698134087612,1.73123832531681,-0.0455726304132233
-187.681494264559,1.73124173403515,-0.0455436298099558
-187.664854426776,1.73124508507666,-0.0455135218663892
-187.648214576583,1.7312483721472,-0.0454823573668906
-187.631574711909,1.73125158913584,-0.0454501868919107
-187.614934828076,1.7312547301317,-0.045417060363807
-187.598294921037,1.73125778943217,-0.0453830267861526
-187.58165498996,1.73126076155087,-0.0453481342831645
-187.565015040181,1.73126364258968,-0.0453124397954069
-187.548375085714,1.73126643010859,-0.0452761020377173
-187.531735135647,1.73126911613748,-0.045239401268756
-187.515095191932,1.73127169160966,-0.0452026294359502
-187.49845525117,1.73127414932428,-0.0451660209120927
-187.481815307457,1.73127648418747,-0.0451297455345221
-187.465175355772,1.73127869242782,-0.0450939346840482
-187.448535394447,1.73128077089257,-0.0450587089739453
-187.431895425557,1.7312827167693,-0.0450241919328343
-187.415255452809,1.73128452767559,-0.0449905071485367
-187.398615468546,1.73128620176508,-0.0449577640040344
-187.381975446159,1.73128773785594,-0.044926052234428
-187.365335351162,1.73128913553357,-0.0448954441092423
-187.348695150772,1.73129039504313,-0.0448659988032407
-187.332054820937,1.73129151719337,-0.0448377657967394
-187.315414350744,1.73129250330634,-0.0448107863875856
-187.298773743351,1.73129335519874,-0.0447850936105699
-187.282133013265,1.73129407516539,-0.0447607120039106
-187.265492181188,1.73129466594886,-0.0447376581217648
-187.24885126867,1.73129513070198,-0.0447159413385202
-187.232210294368,1.73129547294775,-0.0446955647601406
-187.215569272663,1.73129569654326,-0.0446765257731639
-187.198928213879,1.73129580564578,-0.0446588166745369
-187.182287124955,1.7312958046812,-0.0446424252205212
-187.165646009545,1.73129569831404,-0.0446273351489974
-187.149004867601,1.7312954914172,-0.0446135264568247
-187.132363695176,1.73129518904276,-0.0446009757340639
-187.115722485435,1.73129479639393,-0.0445896563152643
-187.099081231019,1.73129431879529,-0.0445795389797091
-187.082439927077,1.7312937616648,-0.0445705925328064
-187.065798573487,1.73129313048735,-0.0445627843140121
-187.04915717508,1.73129243079473,-0.0445560800151261
-187.032515739534,1.73129166814346,-0.0445504440225159
-187.015874274213,1.73129084809338,-0.0445458397351884
-186.999232783794,1.73128997618747,-0.0445422297991537
-186.982591269986,1.73128905793368,-0.0445395764263038
-186.965949733319,1.73128809878781,-0.0445378415855879
-186.94930817579,1.73128710413665,-0.0445369870804723
-186.932666602502,1.73128607928375,-0.044536974859822
-186.916025021356,1.73128502943752,-0.0445377673021549
-186.899383441005,1.73128395970052,-0.0445393275403225
-186.88274186852,1.73128287505899,-0.0445416192496731
-186.866100308119,1.73128178037374,-0.0445446066259705
-186.849458761744,1.73128068037277,-0.0445482544938894
-186.832817231085,1.73127957964675,-0.0445525283667619
-186.816175719567,1.73127848264295,-0.044557394600725
-186.799534233001,1.73127739365952,-0.0445628204531317
-186.782892778488,1.73127631684149,-0.044568774065637
-186.766251362212,1.7312752561783,-0.0445752246796004
-186.749609987642,1.73127421550263,-0.0445821427323377
-186.732968655249,1.73127319849046,-0.0445894998895248
-186.716327363873,1.73127220865844,-0.0445972689681236
-186.699686112862,1.73127124936228,-0.0446054238585481
-186.683044903515,1.73127032379991,-0.0446139395708574
-186.666403738901,1.73126943501334,-0.0446227922925763
-186.64976262223,1.73126858588987,-0.0446319595243836
-186.633121554907,1.73126777916325,-0.0446414198306502
-186.616480535523,1.73126701741535,-0.044651152684141
-186.599839560295,1.73126630307944,-0.04466113853708
-186.583198624766,1.73126563844376,-0.044671358825254
-186.566557725641,1.73126502565595,-0.0446817959494203
-186.549916861689,1.73126446672272,-0.0446924333517984
-186.533276033119,1.73126396351128,-0.0447032554732915
-186.516635239914,1.7312635177518,-0.0447142475666311
-186.499994480085,1.73126313104395,-0.0447253958680882
-186.483353749141,1.73126280486185,-0.0447366876733731
-186.466713041187,1.73126254055776,-0.0447481114082131
-186.450072350705,1.73126233936551,-0.0447596565030149
-186.433431674213,1.73126220240434,-0.0447713128663364
-186.416791010553,1.73126213068131,-0.0447830709506678
-186.4001503598,1.73126212509438,-0.0447949218078135
-186.383509721492,1.73126218643569,-0.0448068570362759
-186.366869093304,1.73126231539601,-0.0448188688812116
-186.350228471057,1.73126251256886,-0.044830950178311
-186.333587850048,1.73126277845399,-0.0448430944694512
-186.316947226852,1.73126311346039,-0.0448552960319319
-186.300306600492,1.73126351790815,-0.0448675499029067
-186.28366597221,1.73126399203383,-0.0448798515584629
-186.267025344065,1.73126453599477,-0.0448921968801598
-186.250384717248,1.7312651498757,-0.0449045822521048
-186.233744091242,1.73126583368725,-0.0449170042822799
-186.217103464219,1.73126658736548,-0.0449294595840129
-186.200462834384,1.73126741077849,-0.0449419450514846
-186.183822201575,1.73126830373203,-0.0449544579305705
-186.167181567952,1.73126926596981,-0.04496699588058
-186.150540937392,1.73127029717473,-0.0449795569453909
-186.133900313937,1.73127139697125,-0.0449921395444927
-186.117259700298,1.73127256492866,-0.045004742567147
-186.10061909735,1.73127380056465,-0.0450173651247366
-186.083978504858,1.73127510334841,-0.0450300063605395
-186.067337922955,1.73127647270323,-0.0450426654238898
-186.050697353407,1.73127790800866,-0.0450553415008697
-186.034056799861,1.73127940860293,-0.0450680338931992
-186.017416266886,1.73128097378525,-0.0450807421567268
-186.000775758494,1.73128260281744,-0.0450934657963399
-185.984135276978,1.73128429492663,-0.0451062038603884
-185.96749482263,1.73128604930548,-0.0451189555311037
-185.950854394729,1.73128786511308,-0.0451317203769713
-185.934213993014,1.73128974147299,-0.0451444984265056
-185.917573618775,1.73129167745304,-0.0451572899811865
-185.900933274789,1.7312936720591,-0.0451700952316598
-185.88429296418,1.73129572425497,-0.0451829138641453
-185.86765268885,1.73129783297454,-0.0451957454840375
-185.85101244862,1.73129999712888,-0.0452085898649513
-185.834372241549,1.73130221561069,-0.045221447023905
-185.817732065209,1.73130448729712,-0.0452343167503648
-185.801091917967,1.73130681105136,-0.0452471987888626
-185.784451799623,1.73130918572437,-0.0452600929568458
-185.767811710981,1.7313116101566,-0.0452729992291013
-185.751171652692,1.73131408317879,-0.0452859175889793
-185.734531624034,1.73131660361146,-0.0452988480227302
-185.717891622553,1.73131917026801,-0.0453117904282679
-185.70125164464,1.73132178195722,-0.0453247445791913
-185.684611686593,1.7313244374852,-0.0453377102465664
-185.667971745817,1.73132713565417,-0.0453506870724364
-185.651331821244,1.73132987526359,-0.0453636744772587
-185.634691912775,1.73133265510882,-0.0453766715419661
-185.618052019947,1.73133547398139,-0.0453896773518015
-185.601412140918,1.73133833067172,-0.0454026911722889
-185.584772272359,1.73134122397334,-0.0454157125537068
-185.568132410392,1.73134415267626,-0.0454287410312068
-185.551492551796,1.7313471155658,-0.0454417760427931
-185.534852694874,1.73135011142812,-0.0454548169649399
-185.518212839431,1.73135313905066,-0.0454678631753933
-185.501572985994,1.73135619722836,-0.045480913789071
-185.484933134611,1.73135928476371,-0.0454939678157965
-185.468293284047,1.73136240046578,-0.0455070243050849
-185.451653431966,1.73136554314994,-0.0455200825044634
-185.435013575956,1.7313687116369,-0.0455331416063888
-185.418373714733,1.73137190475264,-0.0455462004856838
-185.401733848638,1.73137512132898,-0.0455592578314013
-185.38509397925,1.73137836020434,-0.0455723124093014
-185.368454108439,1.73138162022468,-0.0455853631536532
-185.351814237362,1.73138490024453,-0.0455984091873076
-185.335174365951,1.73138819912766,-0.0456114496034127
-185.318534493321,1.7313915157472,-0.0456244834122133
-185.301894618771,1.73139484898594,-0.0456375096374851
-185.285254742822,1.73139819773747,-0.045650527459388
-185.268614867503,1.73140156090533,-0.0456635359432826
-185.251974995684,1.73140493740234,-0.0456765339325928
-185.235335129982,1.73140832615242,-0.0456895201660365
-185.218695271913,1.73141172608961,-0.0457024933507388
-185.202055421805,1.73141513615531,-0.0457154521166815
-185.18541557937,1.73141855530801,-0.0457283950166625
-185.168775744654,1.7314219825236,-0.0457413206769165
-185.152135918739,1.73142541679415,-0.0457542279347155
-185.135496103795,1.73142885712357,-0.0457671157796247
-185.118856302346,1.73143230252566,-0.0457799834131517
-185.102216516339,1.73143575202488,-0.0457928297996741
-185.085576746492,1.73143920465747,-0.045805653462043
-185.068936992291,1.731442659474,-0.0458184528743892
-185.052297252753,1.7314461155401,-0.0458312266971985
-185.03565752734,1.7314495719369,-0.045843973981967
-185.019017816547,1.73145302776172,-0.0458566938446309
-185.002378121709,1.73145648212713,-0.0458693851701336
-184.985738444167,1.73145993416108,-0.0458820463363706
-184.969098784282,1.73146338300557,-0.0458946756992946
-184.952459141062,1.73146682781608,-0.0459072718224852
-184.935819512566,1.73147026776138,-0.045919833545739
-184.919179896778,1.73147370202569,-0.045932359914414
-184.902540292412,1.73147712980981,-0.0459448502849477
-184.885900699242,1.7314805503291,-0.045957303733687
-184.869261117611,1.7314839628145,-0.0459697191003393
-184.852621547547,1.7314873665132,-0.0459820951579395
-184.835981988115,1.73149076068937,-0.045994430777239
-184.819342437352,1.73149414462223,-0.0460067247839502
-184.802702892741,1.73149751760626,-0.0460189759528463
-184.786063352046,1.73150087895264,-0.0460311829978541
-184.769423813954,1.73150422798757,-0.0460433446527961
-184.752784278165,1.73150756405236,-0.0460554596088059
-184.73614474487,1.73151088650522,-0.0460675262567543
-184.719505213822,1.73151419471933,-0.0460795430704881
-184.702865683803,1.73151748808153,-0.0460915088443258
-184.68622615276,1.73152076599104,-0.0461034228403999
-184.669586618624,1.73152402786339,-0.0461152841021797
-184.652947080042,1.73152727313092,-0.0461270915801511
-184.636307536721,1.73153050124091,-0.0461388442656208
-184.619667989202,1.73153371165175,-0.0461505413153052
-184.603028438255,1.73153690383946,-0.046162181825823
-184.586388884185,1.73154007730222,-0.0461737646802065
-184.569749326478,1.73154323155452,-0.04618528872298
-184.553109764039,1.73154636612399,-0.0461967528590892
-184.536470195889,1.73154948055104,-0.0462081560847802
-184.519830621859,1.73155257439191,-0.0462194974108632
-184.503191042851,1.73155564721823,-0.0462307759243279
-184.486551460398,1.7315586986175,-0.0462419908569948
-184.469911875958,1.73156172818692,-0.0462531414651645
-184.453272290326,1.73156473553585,-0.0462642269384187
-184.436632703572,1.73156772028789,-0.0462752463097903
-184.419993115401,1.73157068208194,-0.0462861986029672
-184.403353525749,1.7315736205723,-0.0462970829301046
-184.386713935273,1.73157653542776,-0.0463078986055041
-184.370074345444,1.73157942633061,-0.0463186449570799
-184.353434758135,1.73158229297616,-0.0463293211580044
-184.336795174873,1.73158513507283,-0.0463399263663621
-184.320155596333,1.73158795234219,-0.0463504598402718
-184.303516022371,1.73159074451895,-0.046360921082575
-184.28687645262,1.73159351135071,-0.046371309610741
-184.270236887129,1.73159625259758,-0.0463816248216111
-184.253597326705,1.73159896803125,-0.0463918660026862
-184.236957772671,1.73160165743606,-0.0464020324057612
-184.220318226308,1.73160432060946,-0.0464121232804782
-184.203678688293,1.73160695736229,-0.046422137849596
-184.187039158496,1.73160956751734,-0.0464320754177403
-184.170399636127,1.73161215090876,-0.0464419354437183
-184.153760120278,1.73161470738236,-0.0464517176105835
-184.137120610582,1.73161723679681,-0.0464614212430312
-184.120481107298,1.73161973902125,-0.0464710455848199
-184.103841611023,1.731622213934,-0.0464805900136568
-184.08720212215,1.73162466142144,-0.0464900541839368
-184.070562640421,1.73162708138069,-0.0464994377767654
-184.053923164802,1.7316294737205,-0.0465087404346266
-184.03728369381,1.73163183836123,-0.0465179617495454
-184.020644226155,1.73163417523483,-0.0465271012751971
-184.004004761157,1.73163648428421,-0.0465361585680138
-183.987365298765,1.73163876546137,-0.0465451331337148
-183.970725839194,1.73164101872592,-0.0465540243029347
-183.954086382358,1.73164324404362,-0.0465628313474587
-183.937446927487,1.73164544138998,-0.0465715536660927
-183.920807473217,1.73164761075189,-0.0465801908161122
-183.904168017994,1.7316497521284,-0.0465887425139751
-183.88752856064,1.7316518655277,-0.046597208517916
-183.870889100688,1.7316539509657,-0.0466055885731277
-183.854249638292,1.73165600846572,-0.0466138823974252
-183.837610173783,1.73165803805811,-0.046622089674373
-183.820970707143,1.73166003978081,-0.0466302100450999
-183.804331237755,1.73166201368116,-0.0466382430870263
-183.787691764551,1.73166395981373,-0.0466461884305196
-183.771052286537,1.73166587823899,-0.046654045863453
-183.754412803263,1.73166776902195,-0.0466618154143153
-183.737773315025,1.73166963223465,-0.0466694969006522
-183.721133822588,1.73167146795716,-0.0466770900389017
-183.704494326695,1.73167327627763,-0.0466845945410924
-183.687854827654,1.7316750572918,-0.0466920101442233
-183.671215325251,1.73167681110203,-0.0466993366231017
-183.654575819035,1.7316785378164,-0.0467065737712927
-183.637936308721,1.73168023754842,-0.0467137213894646
-183.621296794551,1.73168191041716,-0.0467207793370247
-183.604657277313,1.73168355654738,-0.0467277476599744
-183.588017758113,1.73168517606959,-0.0467346264781059
-183.571378238004,1.73168676912032,-0.0467414158318762
-183.554738717549,1.73168833584128,-0.0467481156657988
-183.538099196776,1.73168987637877,-0.0467547258292305
-183.521459675531,1.73169139088243,-0.0467612459816806
-183.50482015386,1.73169287950632,-0.0467676757814235
-183.488180632325,1.73169434240941,-0.0467740148714788
-183.471541111891,1.73169577975554,-0.0467802630249018
-183.454901593571,1.7316971917131,-0.0467864202114056
-183.438262078007,1.73169857845561,-0.0467924867645553
-183.42162256534,1.73169994017118,-0.0467984631789578
-183.404983055329,1.73170127706627,-0.0468043497712475
-183.38834354766,1.73170258935875,-0.046810146714483
-183.371704042348,1.7317038772734,-0.0468158540846563
-183.355064539874,1.73170514103878,-0.0468214718901146
-183.338425040943,1.73170638088615,-0.0468270001247512
-183.321785546128,1.73170759704865,-0.0468324387556732
-183.305146055557,1.73170878976081,-0.0468377876462142
-183.288506568809,1.73170995925726,-0.0468430466895178
-183.271867085119,1.73171110577353,-0.0468482158925083
-183.255227603751,1.73171222954702,-0.0468532953994828
-183.238588124369,1.731713330818,-0.0468582854994723
-183.221948647112,1.73171440982565,-0.0468631864943978
-183.205309172301,1.73171546680647,-0.0468679987381857
-183.188669700068,1.73171650199946,-0.046872722501239
-183.172030230073,1.73171751564936,-0.0468773579223559
-183.155390761485,1.73171850800172,-0.0468819051144935
-183.138751293346,1.73171947930004,-0.0468863642002416
-183.122111824967,1.73172042978617,-0.0468907353265049
-183.105472356004,1.73172135970227,-0.0468950186563808
-183.088832886421,1.73172226929129,-0.0468992144388188
-183.072193416306,1.73172315879677,-0.0469033227140388
-183.055553945572,1.73172402846265,-0.0469073434205889
-183.038914473776,1.73172487853333,-0.0469112766123454
-183.022275000194,1.73172570925352,-0.0469151225182206
-183.005635523978,1.73172652086806,-0.046918881681175
-182.988996044561,1.7317273136217,-0.0469225546750758
-182.972356561845,1.73172808775913,-0.046926142058583
-182.955717076215,1.73172884352536,-0.0469296440974771
-182.939077588074,1.73172958116491,-0.0469330609082806
-182.922438097493,1.73173030092144,-0.0469363925631427
-182.90579860414,1.73173100303733,-0.046939639083252
-182.889159107475,1.73173168775452,-0.0469428005960368
-182.872519607072,1.73173235531462,-0.0469458773631824
-182.855880102911,1.73173300595855,-0.0469488697494365
-182.839240595394,1.73173363992578,-0.0469517782073386
-182.822601085138,1.73173425745496,-0.046954603241583
-182.805961572709,1.73173485878532,-0.0469573453417881
-182.789322058384,1.73173544415722,-0.0469600050021456
-182.772682542114,1.73173601381229,-0.046962582785196
-182.756043023719,1.731736567989,-0.0469650789587624
-182.739403503135,1.73173710692398,-0.0469674937113511
-182.722763980625,1.73173763085383,-0.0469698272800053
-182.706124456833,1.73173814001651,-0.0469720799265043
-182.689484932522,1.73173863464808,-0.0469742519897148
-182.67284540826,1.73173911498155,-0.0469763438808079
-182.656205884205,1.73173958124704,-0.0469783562091813
-182.639566360194,1.73174003367234,-0.046980290076321
-182.622926836096,1.73174047248507,-0.0469821463141881
-182.60628731202,1.73174089791224,-0.0469839253283965
-182.589647788365,1.7317413101799,-0.0469856273139818
-182.573008265791,1.73174170951279,-0.0469872522160592
-182.556368744918,1.73174209613475,-0.0469888000505994
-182.539729226026,1.73174247026993,-0.0469902709518616
-182.523089708955,1.73174283214051,-0.0469916652306412
-182.506450193275,1.73174318196596,-0.0469929833596987
-182.489810678596,1.73174351996329,-0.0469942259202348
-182.473171164832,1.73174384634692,-0.0469953935561823
-182.456531652225,1.73174416132769,-0.0469964869609764
-182.439892141158,1.73174446511543,-0.0469975067727242
-182.423252631858,1.73174475792,-0.0469984535682765
-182.406613124247,1.73174503995089,-0.0469993278912905
-182.389973617938,1.73174531141646,-0.0470001302586503
-182.373334112383,1.73174557252329,-0.0470008611340279
-182.356694607148,1.73174582347602,-0.0470015208493893
-182.340055102067,1.73174606447706,-0.0470021097608698
-182.323415597182,1.73174629572658,-0.0470026283384292
-182.306776092575,1.73174651742307,-0.0470030772570645
-182.290136588173,1.73174672976353,-0.0470034572696063
-182.273497083629,1.73174693294381,-0.0470037692316409
-182.256857578406,1.73174712716168,-0.0470040138592656
-182.240218072013,1.73174731261183,-0.0470041917348485
-182.223578564129,1.73174748948425,-0.0470043033594949
-182.206939054636,1.73174765796465,-0.0470043492725963
-182.190299543575,1.73174781823715,-0.0470043300265532
-182.173660031014,1.73174797048554,-0.047004246225761
-182.157020516925,1.73174811489247,-0.0470040985138266
-182.14038100111,1.73174825163728,-0.047003887387757
-182.123741483256,1.73174838090108,-0.0470036131403744
-182.107101962977,1.73174850286331,-0.0470032760720842
-182.090462440022,1.73174861770025,-0.0470028766419605
-182.073822914411,1.73174872558244,-0.0470024154922201
-182.057183386384,1.73174882667564,-0.0470018933808355
-182.040543856168,1.7317489211389,-0.0470013111873966
-182.023904323967,1.73174900913275,-0.0470006694176613
-182.007264789739,1.73174909081972,-0.0469999684596355
-181.990625253256,1.73174916636259,-0.0469992087581505
-181.973985714319,1.73174923592232,-0.0469983908922032
-181.957346173003,1.73174929965895,-0.0469975155024105
-181.94070662968,1.73174935773259,-0.0469965831864644
-181.924067084838,1.73174941030088,-0.04699559454216
-181.907427538842,1.73174945751821,-0.0469945501793619
-181.890787991831,1.73174949953575,-0.0469934507149301
-181.874148443776,1.73174953650206,-0.0469922967393381
-181.857508894547,1.73174956856356,-0.0469910888076909
-181.840869344108,1.73174959586453,-0.0469898274754286
-181.824229792648,1.73174961854654,-0.0469885133364065
-181.807590240614,1.73174963674901,-0.0469871470115831
-181.790950688484,1.73174965061069,-0.0469857291318515
-181.774311136525,1.73174966027066,-0.0469842603828361
-181.757671584729,1.73174966586559,-0.0469827414667973
-181.741032032953,1.7317496675291,-0.0469811730575126
-181.724392481143,1.731749665388,-0.0469795555118276
-181.707752929346,1.73174965956716,-0.0469778891634555
-181.691113377734,1.73174965019201,-0.0469761745317333
-181.674473826535,1.73174963739055,-0.0469744125021875
-181.657834275967,1.73174962128804,-0.0469726040285565
-181.641194726084,1.7317496020028,-0.0469707500180528
-181.624555176768,1.73174957964989,-0.0469688509675402
-181.607915627777,1.7317495543444,-0.0469669072481987
-181.59127607889,1.73174952620188,-0.0469649193235515
-181.574636530001,1.73174949534006,-0.0469628879342274
-181.557996981176,1.73174946187073,-0.046960813907627
-181.54135743263,1.73174942590217,-0.0469586975555989
-181.52471788442,1.73174938754083,-0.0469565391454891
-181.508078336379,1.7317493468911,-0.0469543391243008
-181.491438788155,1.73174930405456,-0.0469520981904928
-181.474799239314,1.73174925913438,-0.0469498173254308
-181.458159689541,1.73174921223458,-0.0469474975298051
-181.441520138753,1.73174916345353,-0.0469451395902695
-181.424880587061,1.7317491128845,-0.0469427442156075
-181.408241034599,1.7317490606199,-0.046940312044346
-181.391601481356,1.73174900675359,-0.046937843709156
-181.374961927112,1.73174895137832,-0.0469353398000997
-181.35832237153,1.73174889458532,-0.0469328007794083
-181.341682814346,1.73174883646549,-0.0469302267615721
-181.325043255382,1.73174877710715,-0.0469276179260364
-181.308403694571,1.73174871659516,-0.0469249747726894
-181.291764131914,1.73174865501053,-0.0469222983246067
-181.275124567592,1.73174859243114,-0.0469195894500007
-181.258485001675,1.73174852893406,-0.0469168488227426
-181.241845434013,1.73174846459544,-0.0469140770325938
-181.225205864311,1.73174839948816,-0.0469112746896806
-181.208566292384,1.73174833368359,-0.0469084423131237
-181.191926718288,1.73174826725714,-0.0469055802834515
-181.175287142242,1.73174820028382,-0.0469026890157343
-181.158647564499,1.73174813283603,-0.0468997690136718
-181.142007985223,1.73174806498342,-0.046896820859239
-181.125368404428,1.73174799679304,-0.0468938452229178
-181.108728822016,1.73174792832956,-0.0468908429110447
-181.092089237885,1.73174785965542,-0.0468878146689357
-181.075449652022,1.73174779083069,-0.0468847611113004
-181.058810064582,1.73174772191294,-0.0468816826918229
-181.042170475839,1.73174765296138,-0.0468785797809182
-181.025530886079,1.73174758403593,-0.0468754528259622
-181.008891295466,1.73174751519726,-0.0468723024718572
-180.992251704019,1.73174744650228,-0.0468691294570616
-180.9756121117,1.73174737800267,-0.0468659342773023
-180.958972518468,1.7317473097482,-0.046862717364588
-180.942332924348,1.73174724178801,-0.0468594791687661
-180.925693329479,1.73174717416861,-0.0468562201921808
-180.909053734053,1.73174710693214,-0.0468529410012892
-180.892414138295,1.73174704011638,-0.0468496421538351
-180.87577454238,1.73174697375791,-0.0468463242085313
-180.859134946283,1.73174690789352,-0.0468429877284392
-180.842495349827,1.73174684256156,-0.0468396333402426
-180.825855752856,1.7317467777994,-0.0468362616663339
-180.809216155349,1.73174671364239,-0.0468328732980974
-180.79257655744,1.73174665012437,-0.0468294687994293
-180.775936959298,1.73174658727817,-0.0468260487537265
-180.759297361001,1.73174652513323,-0.0468226137895164
-180.74265776246,1.73174646371784,-0.0468191645291968
-180.72601816349,1.73174640306089,-0.0468157016039244
-180.709378563903,1.7317463431911,-0.046812225605356
-180.692738963582,1.73174628413661,-0.0468087370343109
-180.676099362548,1.7317462259247,-0.0468052361854764
-180.659459760919,1.73174616858152,-0.0468017232198838
-180.642820158757,1.73174611213207,-0.0467981983880041
-180.626180555992,1.7317460566003,-0.0467946621528748
-180.609540952375,1.73174600200966,-0.0467911153710004
-180.592901347608,1.73174594838351,-0.0467875589497491
-180.576261741481,1.73174589574329,-0.0467839934602091
-180.559622133895,1.73174584410936,-0.0467804193400137
-180.542982524895,1.73174579350143,-0.0467768369943479
-180.526342914602,1.73174574393867,-0.0467732467888014
-180.509703303086,1.73174569543967,-0.0467696491158293
-180.493063690289,1.73174564802269,-0.0467660444272178
-180.476424076033,1.7317456017063,-0.0467624332505163
-180.459784460112,1.7317455565079,-0.0467588161481943
-180.443144842365,1.7317455124428,-0.0467551937021066
-180.42650522277,1.73174546952603,-0.0467515662776332
-180.409865601405,1.73174542777195,-0.0467479341970414
-180.39322597838,1.73174538719399,-0.0467442978418201
-180.376586353767,1.73174534780404,-0.0467406576824988
-180.359946727559,1.73174530961362,-0.0467370142025724
-180.343307099673,1.73174527263544,-0.0467333678193948
-180.326667470005,1.73174523688141,-0.0467297189484252
-180.310027838506,1.73174520236197,-0.0467260680554747
-180.293388205203,1.73174516908493,-0.046722415782841
-180.276748570219,1.73174513705734,-0.0467187628739612
-180.260108933736,1.73174510628612,-0.0467151099445337
-180.243469295904,1.73174507677813,-0.0467114574714095
-180.226829656779,1.73174504854025,-0.0467078058391591
-180.210190016322,1.73174502157922,-0.0467041553807156
-180.193550374511,1.73174499590193,-0.0467005062794892
-180.176910731378,1.73174497151647,-0.0466968585233532
-180.160271086992,1.73174494842971,-0.0466932121984504
-180.143631441426,1.73174492664545,-0.0466895676303962
-180.126991794777,1.73174490616234,-0.0466859254337664
-180.110352147157,1.73174488698063,-0.0466822862146992
-180.093712498655,1.73174486910512,-0.0466786503993255
-180.077072849259,1.73174485254089,-0.0466750183344593
-180.060433198902,1.73174483729045,-0.0466713903938739
-180.043793547565,1.73174482335071,-0.0466677670892678
-180.027153895327,1.73174481071857,-0.0466641488579528
-180.010514242354,1.73174479939423,-0.0466605358730802
-179.993874588756,1.73174478937872,-0.0466569282954263
-179.977234934505,1.73174478067278,-0.0466533264775005
-179.960595279441,1.7317447732767,-0.0466497311549573
-179.943955623468,1.73174476718851,-0.0466461428112116
-179.927315966541,1.73174476240513,-0.0466425617791919
-179.910676308654,1.73174475892333,-0.0466389884064711
-179.894036649892,1.73174475673987,-0.0466354231752683
-179.87739699035,1.73174475585176,-0.0466318665515655
-179.860757330068,1.73174475625587,-0.0466283188801757
-179.844117668995,1.7317447579487,-0.0466247803041774
-179.827478006981,1.73174476092517,-0.0466212509238947
-179.810838343852,1.73174476517956,-0.0466177309113419
-179.794198679454,1.73174477070581,-0.0466142205733539
-179.777559013652,1.73174477749681,-0.046610720489622
-179.76091934652,1.73174478554534,-0.0466072312676771
-179.744279678229,1.73174479484431,-0.0466037533387287
-179.727640008864,1.73174480538896,-0.0466002869316509
-179.711000338381,1.73174481717479,-0.0465968321839226
-179.694360666596,1.73174483019743,-0.0465933892022
-179.677720993303,1.73174484445193,-0.0465899581582479
-179.661081318387,1.73174485993032,-0.0465865392456
-179.644441641844,1.73174487662258,-0.0465831327201148
-179.627801963744,1.73174489451835,-0.0465797388921775
-179.611162284135,1.73174491360757,-0.046576358159422
-179.594522603019,1.73174493388038,-0.046572990818832
-179.577882920376,1.73174495532692,-0.046569636842353
-179.56124323612,1.73174497793739,-0.0465662962039156
-179.544603550148,1.73174500170195,-0.0465629690781375
-179.527963862356,1.73174502661054,-0.0465596560584823
-179.511324172735,1.73174505265303,-0.046556357881262
-179.494684481532,1.73174507981951,-0.0465530749622583
-179.478044788931,1.73174510809953,-0.0465498074749559
-179.461405094929,1.73174513748118,-0.0465465555268067
-179.444765399395,1.7317451679501,-0.0465433192686016
-179.428125702242,1.73174519949411,-0.0465400986934587
-179.411486003436,1.73174523210191,-0.0465368938454891
-179.39484630306,1.73174526576249,-0.0465337048814368
-179.378206601249,1.73174530046468,-0.0465305320363413
-179.361566898116,1.73174533619628,-0.0465273756041694
-179.34492719371,1.73174537294543,-0.0465242358558095
-179.328287488021,1.73174541069981,-0.046521113049344
-179.311647780986,1.73174544944665,-0.0465180075068259
-179.295008072535,1.73174548917251,-0.0465149197459149
-179.278368362747,1.73174552986187,-0.04651185001085
-179.261728651773,1.73174557150019,-0.0465087983742118
-179.245088939743,1.73174561407624,-0.0465057648097818
-179.228449226705,1.73174565757969,-0.0465027493112031
-179.21180951264,1.73174570200092,-0.0464997518982894
-179.195169797472,1.73174574732834,-0.0464967726822708
-179.178530081105,1.73174579354699,-0.0464938119233158
-179.161890363503,1.73174584063814,-0.0464908702178217
-179.145250644665,1.73174588858317,-0.0464879483711653
-179.128610924733,1.73174593736501,-0.0464850465622964
-179.111971203835,1.73174598696786,-0.0464821646718304
-179.095331482039,1.73174603737668,-0.0464793024418342
-179.07869175932,1.73174608857757,-0.0464764596773166
-179.062052035572,1.73174614055884,-0.046473636264718
-179.045412310668,1.73174619330767,-0.0464708322099536
-179.02877258453,1.73174624680785,-0.046468047569889
-179.012132857149,1.73174630104238,-0.0464652824757913
-178.995493128555,1.73174635599477,-0.0464625371480963
-178.97885339877,1.73174641164926,-0.046459811952085
-178.962213667795,1.73174646799074,-0.0464571072127356
-178.94557393559,1.73174652500447,-0.0464544231518142
-178.928934202074,1.7317465826759,-0.0464517599051005
-178.912294467142,1.73174664099064,-0.0464491176368256
-178.895654730701,1.73174669993443,-0.0464464967620963
-178.879014992765,1.731746759493,-0.0464438976451767
-178.86237525347,1.73174681965159,-0.0464413204022
-178.845735512937,1.73174688039471,-0.0464387647350477
-178.829095771127,1.73174694170673,-0.0464362303325314
-178.81245602786,1.73174700357259,-0.0464337170999958
-178.795816282948,1.73174706597836,-0.0464312252765429
-178.779176536304,1.73174712891162,-0.0464287552557194
-178.762536788007,1.73174719235808,-0.0464263073747554
-178.745897038171,1.73174725630008,-0.046423881847333
-178.729257286886,1.7317473207198,-0.0464214786309174
-178.712617534156,1.73174738560092,-0.0464190976322662
-178.695977779975,1.73174745092848,-0.0464167387980191
-178.679338024274,1.73174751668855,-0.0464144021341723
-178.662698266974,1.73174758286807,-0.0464120876383821
-178.646058508039,1.73174764945754,-0.0464097952178428
-178.629418747475,1.73174771644766,-0.0464075248857598
-178.612778985316,1.73174778382385,-0.0464052766924816
-178.596139221633,1.73174785156537,-0.046403050733209
-178.579499456503,1.73174791965031,-0.0464008471465001
-178.562859689929,1.73174798805499,-0.0463986661397202
-178.546219921888,1.73174805675662,-0.0463965078149273
-178.529580152353,1.73174812573804,-0.0463943721804055
-178.512940381331,1.73174819498607,-0.0463922592381816
-178.496300608896,1.73174826448977,-0.0463901689858662
-178.479660835194,1.73174833424032,-0.0463881013377946
-178.463021060291,1.7317484042279,-0.0463860561942764
-178.446381284138,1.73174847444048,-0.0463840335029996
-178.429741506601,1.73174854486366,-0.0463820333180889
-178.413101727641,1.73174861548051,-0.0463800557995646
-178.396461947303,1.73174868627606,-0.0463781010170402
-178.379822165644,1.73174875723789,-0.0463761690382601
-178.3631823827,1.73174882835778,-0.0463742600776836
-178.346542598559,1.73174889962068,-0.0463723741745952
-178.329902813302,1.73174897100944,-0.046370511262883
-178.313263026918,1.73174904250874,-0.0463686712677283
-178.296623239325,1.73174911410749,-0.0463668541921874
-178.279983450449,1.73174918579463,-0.0463650600534926
-178.263343660264,1.73174925755653,-0.0463632887800236
-178.246703868819,1.73174932937458,-0.0463615400316382
-178.230064076176,1.73174940123035,-0.04635981352358
-178.213424282371,1.73174947310739,-0.0463581091537521
-178.196784487375,1.73174954499109,-0.0463564270605127
-178.180144691126,1.73174961686877,-0.0463547674424328
-178.163504893535,1.73174968872921,-0.0463531304961202
-178.146865094571,1.73174976055862,-0.0463515161739668
-178.130225294233,1.73174983234288,-0.0463499243578514
-178.113585492579,1.73174990406881,-0.0463483549541469
-178.096945689644,1.73174997572552,-0.0463468079074995
-178.080305885446,1.73175004730225,-0.0463452830431843
-178.063666079949,1.7317501187875,-0.0463437802046933
-178.047026273079,1.73175019016846,-0.0463422993232171
-178.030386464756,1.73175026142973,-0.0463408404420544
-178.01374665492,1.7317503325564,-0.0463394036658459
-177.997106843522,1.7317504035367,-0.0463379892618609
-177.980467030583,1.73175047435992,-0.0463365973881901
-177.963827216191,1.73175054501527,-0.0463352279311709
-177.947187400403,1.73175061549145,-0.0463338806939716
-177.930547583203,1.73175068577602,-0.0463325555524157
-177.913907764488,1.73175075585441,-0.0463312526283031
-177.897267944173,1.73175082571231,-0.0463299720586664
-177.880628122257,1.73175089533763,-0.0463287138271835
-177.863988298824,1.73175096472319,-0.0463274775759894
-177.847348473947,1.7317510338618,-0.0463262629478145
-177.830708647639,1.73175110274384,-0.0463250698154528
-177.814068819854,1.73175117135583,-0.0463238984847865
-177.797428990588,1.7317512396814,-0.0463227491318734
-177.78078915983,1.73175130770703,-0.0463216216903434
-177.764149327544,1.73175137542108,-0.0463205160007826
-177.747509493674,1.73175144281219,-0.046319431895038
-177.730869658255,1.73175150986813,-0.0463183691729544
-177.714229821416,1.73175157657903,-0.0463173275992879
-177.697589983243,1.73175164293543,-0.0463163069768875
-177.680950143735,1.73175170892688,-0.0463153071915637
-177.664310302838,1.73175177454053,-0.0463143282465739
-177.647670460488,1.7317518397642,-0.0463133701788838
-177.631030616646,1.73175190458867,-0.046312433060346
-177.614390771323,1.73175196900419,-0.0463115169139783
-177.597750924564,1.73175203299647,-0.0463106217036324
-177.581111076466,1.73175209655258,-0.0463097473118506
-177.56447122714,1.73175215966618,-0.0463088934607856
-177.547831376595,1.73175222233378,-0.0463080599333164
-177.531191524756,1.73175228454968,-0.0463072466296275
-177.514551671519,1.73175234630287,-0.0463064536353856
-177.497911816874,1.73175240757675,-0.0463056808959945
-177.481271960878,1.73175246835598,-0.0463049282640685
-177.464632103609,1.73175252863073,-0.0463041954876904
-177.447992245122,1.73175258839719,-0.0463034821937473
-177.431352385388,1.7317526476511,-0.0463027880923935
-177.414712524324,1.73175270638496,-0.0463021130968617
-177.39807266185,1.73175276458716,-0.0463014574199486
-177.381432797952,1.73175282224523,-0.0463008212676852
-177.36479293267,1.73175287934741,-0.0463002046803401
-177.348153066088,1.731752935883,-0.0462996074416071
-177.331513198258,1.73175299184228,-0.0462990292764683
-177.314873329201,1.73175304721693,-0.046298469990388
-177.298233458837,1.73175310200052,-0.0462979296452454
-177.281593587065,1.73175315618428,-0.046297408379572
-177.26495371382,1.73175320975839,-0.0462969062055034
-177.248313839139,1.73175326271365,-0.0462964228659006
-177.231673963087,1.73175331504154,-0.0462959580391177
-177.215034085693,1.73175336673365,-0.0462955114480292
-177.198394206953,1.7317534177806,-0.0462950828385048
-177.181754326858,1.73175346817254,-0.0462946717619736
-177.16511444539,1.73175351789961,-0.0462942778620681
-177.148474562527,1.7317535669527,-0.04629390096271
-177.131834678199,1.73175361532364,-0.0462935411059911
-177.115194792329,1.7317536630048,-0.0462931983789005
-177.098554904843,1.73175370998874,-0.0462928729086933
-177.081915015802,1.73175375626791,-0.0462925648145693
-177.065275125282,1.73175380183456,-0.0462922742346904
-177.048635233363,1.73175384668082,-0.0462920009598009
-177.031995340048,1.73175389079896,-0.0462917446102529
-177.015355445296,1.73175393418088,-0.0462915048437018
-176.998715549078,1.73175397681688,-0.0462912813540367
-176.982075651398,1.73175401869777,-0.0462910739170792
-176.965435752256,1.73175405981636,-0.046290882389649
-176.948795851633,1.73175410016929,-0.0462907067139275
-176.932155949493,1.7317541397532,-0.0462905468735981
-176.915516045857,1.73175417856277,-0.0462904028635447
-176.898876140759,1.73175421658998,-0.0462902746711833
-176.882236234223,1.73175425382652,-0.0462901622100562
-176.865596326272,1.73175429026656,-0.0462900652704245
-176.84895641691,1.73175432590474,-0.0462899836222144
-176.832316506119,1.73175436073484,-0.0462899171441875
-176.815676593856,1.7317543947486,-0.0462898660201426
-176.799036680144,1.73175442793738,-0.0462898303216814
-176.782396765055,1.73175446029322,-0.0462898097971181
-176.765756848615,1.73175449180907,-0.0462898041229568
-176.749116930788,1.73175452247874,-0.0462898130651171
-176.732477011541,1.73175455229659,-0.0462898365931365
-176.715837090929,1.73175458125775,-0.0462898746220123
-176.699197169027,1.73175460935918,-0.0462899267884894
-176.682557245834,1.73175463659721,-0.0462899927187149
-176.665917321248,1.73175466296629,-0.0462900722582632
-176.649277395155,1.73175468845804,-0.0462901656926754
-176.632637467599,1.73175471306429,-0.0462902732026637
-176.615997538663,1.73175473677857,-0.0462903947471157
-176.599357608404,1.7317547595942,-0.0462905301155317
-176.582717676845,1.73175478150293,-0.0462906789869286
-176.566077744015,1.73175480249741,-0.0462908410538626
-176.549437809913,1.73175482257265,-0.046291016003158
-176.532797874532,1.73175484172669,-0.0462912033837509
-176.516157937821,1.73175485995751,-0.0462914028384309
-176.499517999714,1.73175487726171,-0.04629161420068
-176.482878060158,1.73175489363432,-0.0462918375530706
-176.466238119139,1.73175490906839,-0.0462920730442563
-176.449598176676,1.73175492355817,-0.0462923206991024
-176.432958232778,1.73175493709913,-0.0462925804441267
-176.416318287519,1.73175494968793,-0.0462928521125637
-176.399678340943,1.73175496132127,-0.0462931354830932
-176.383038393031,1.73175497199533,-0.046293430316814
-176.366398443733,1.73175498170507,-0.0462937363656116
-176.349758493009,1.73175499044561,-0.0462940534166787
-176.333118540824,1.73175499821299,-0.046294381363239
-176.316478587134,1.73175500500454,-0.0462947203046479
-176.299838631927,1.73175501081736,-0.04629507013259
-176.283198675196,1.73175501564774,-0.0462954307021789
-176.266558717046,1.73175501949157,-0.0462958018777991
-176.249918757537,1.73175502234439,-0.0462961834988219
-176.233278796666,1.73175502420109,-0.0462965754053626
-176.216638834381,1.7317550250584,-0.0462969774170773
-176.199998870631,1.7317550249156,-0.0462973894241359
-176.183358905393,1.73175502377113,-0.0462978113425167
-176.166718938676,1.7317550216202,-0.046298243135804
-176.150078970497,1.73175501845773,-0.0462986847472789
-176.133439000874,1.73175501427802,-0.0462991359867747
-176.116799029808,1.73175500907588,-0.0462995964967949
-176.100159057295,1.73175500284711,-0.0463000659537899
-176.083519083332,1.73175499558823,-0.0463005441244163
-176.066879107925,1.73175498729613,-0.0463010308483785
-176.050239131056,1.73175497796787,-0.0463015260883611
-176.033599152654,1.73175496760049,-0.0463020300423412
-176.016959172764,1.73175495619095,-0.0463025426201666
-176.000319191466,1.73175494373617,-0.0463030636154071
-175.983679208831,1.73175493023279,-0.0463035928444117
-175.967039224836,1.73175491567681,-0.0463041302373913
-175.950399239448,1.73175490006569,-0.046304675575687
-175.933759252622,1.73175488340001,-0.0463052286308329
-175.91711926434,1.73175486568453,-0.0463057892111568
-175.900479274633,1.73175484692773,-0.0463063571149895
-175.883839283533,1.73175482713789,-0.0463069321826722
-175.867199291062,1.73175480632065,-0.0463075143276124
-175.850559297197,1.73175478447724,-0.0463081035867852
-175.833919301915,1.73175476161163,-0.0463086999297384
-175.817279305202,1.73175473773084,-0.0463093033152353
-175.800639307089,1.73175471284032,-0.0463099136002986
-175.783999307628,1.73175468694527,-0.0463105305925152
-175.767359306827,1.731754660052,-0.0463111540774154
-175.750719304683,1.73175463216845,-0.0463117837943597
-175.734079301164,1.73175460330086,-0.0463124195190208
-175.717439296216,1.73175457345269,-0.0463130611322727
-175.700799289813,1.73175454262548,-0.0463137086946152
-175.684159281968,1.73175451082007,-0.0463143622532938
-175.667519272726,1.73175447803547,-0.046315021769936
-175.650879262121,1.73175444426383,-0.0463156871289094
-175.634239250169,1.73175440949974,-0.0463163581623711
-175.61759923684,1.73175437374454,-0.0463170347354856
-175.60095922206,1.73175433700881,-0.0463177169525126
-175.584319205798,1.73175429930404,-0.0463184048935124
-175.567679188138,1.73175426064005,-0.0463190980528719
-175.551039169144,1.73175422102253,-0.0463197958665599
-175.534399148813,1.73175418045291,-0.046320497963528
-175.517759127068,1.73175413892853,-0.0463212042521687
-175.501119103873,1.73175409644697,-0.0463219147581724
-175.4844790792,1.73175405300833,-0.0463226296059955
-175.467839052991,1.73175400861566,-0.0463233491362758
-175.451199025238,1.73175396327221,-0.0463240735877866
-175.434558995987,1.73175391697937,-0.0463248030084955
-175.417918965329,1.73175386973655,-0.0463255370777318
-175.401278933369,1.73175382154075,-0.0463262750643703
-175.384638900182,1.73175377238921,-0.0463270163045243
-175.367998865706,1.73175372228131,-0.0463277603680438
-175.3513588298,1.73175367121982,-0.0463285071061093
-175.334718792329,1.7317536192079,-0.0463292565620947
-175.318078753235,1.73175356624777,-0.0463300089613479
-175.301438712568,1.73175351234051,-0.0463307644453567
-175.284798670476,1.73175345748604,-0.0463315228394491
-175.268158627067,1.7317534016834,-0.0463322837242428
-175.251518582337,1.73175334493145,-0.0463330467107735
-175.234878536208,1.73175328723012,-0.0463338115604412
-175.21823848862,1.73175322858175,-0.0463345782133016
-175.201598439541,1.73175316898843,-0.0463353466577542
-175.184958388967,1.73175310845124,-0.0463361168796928
-175.168318336906,1.73175304697057,-0.0463368888664903
-175.151678283377,1.73175298454428,-0.0463376625646455
-175.135038228366,1.73175292116808,-0.0463384379725533
-175.118398171887,1.73175285683877,-0.0463392151228512
-175.101758113971,1.73175279155438,-0.0463399941088566
-175.085118054645,1.73175272531219,-0.0463407748828807
-175.068477993901,1.73175265811015,-0.046341557328475
-175.051837931694,1.73175258994768,-0.0463423413220083
-175.035197868021,1.73175252082561,-0.0463431267465984
-175.018557802931,1.73175245074585,-0.0463439134800856
-175.001917736513,1.73175237971251,-0.0463447013183344
-174.985277668775,1.73175230772933,-0.0463454900462442
-174.96863759964,1.73175223479805,-0.0463462795056871
-174.951997528983,1.73175216091765,-0.0463470696592188
-174.935357456791,1.73175208608618,-0.0463478605211277
-174.918717383142,1.73175201030286,-0.0463486520497029
-174.902077308101,1.73175193356764,-0.0463494441595684
-174.88543723169,1.73175185588089,-0.0463502367657892
-174.868797153897,1.73175177724332,-0.0463510298428005
-174.852157074697,1.73175169765404,-0.0463518233654986
-174.835516994051,1.73175161710754,-0.046352617336611
-174.818876911936,1.73175153559914,-0.0463534117225047
-174.802236828354,1.73175145312769,-0.0463542064089134
-174.785596743345,1.73175136969771,-0.0463550011246609
-174.768956656929,1.73175128531429,-0.0463557956183775
-174.7523165691,1.73175119998089,-0.0463565897597827
-174.735676479823,1.73175111369853,-0.0463573836190877
-174.719036389083,1.73175102646656,-0.0463581772696266
-174.702396296908,1.73175093828492,-0.046358970675526
-174.685756203304,1.73175084915329,-0.046359763687898
-174.669116108284,1.73175075906865,-0.0463605559759922
-174.652476011826,1.73175066802815,-0.0463613472620114
-174.635835913934,1.73175057603038,-0.0463621374031591
-174.619195814602,1.73175048307668,-0.0463629263970027
-174.602555713831,1.73175038916915,-0.0463637142638229
-174.585915611635,1.73175029430956,-0.0463645009636767
-174.569275508017,1.73175019849759,-0.0463652863428925
-174.552635402944,1.73175010173258,-0.0463660702375358
-174.535995296353,1.73175000401448,-0.0463668525922546
-174.519355188203,1.73174990534531,-0.0463676336053767
-174.502715078532,1.73174980572709,-0.0463684134544275
-174.486074967426,1.7317497051611,-0.0463691921430935
-174.469434854948,1.73174960364792,-0.046369969421495
-174.452794741079,1.73174950118766,-0.0463707450067215
-174.436154625716,1.73174939778033,-0.0463715187993932
-174.419514508756,1.73174929342586,-0.0463722910837534
-174.402874390259,1.73174918812511,-0.046373061905421
-174.386234270361,1.73174908188276,-0.0463738310210239
-174.369594149119,1.73174897470333,-0.0463745981655572
-174.352954026479,1.73174886658926,-0.0463753632640006
-174.336313902349,1.73174875753495,-0.0463761265130553
-174.31967377673,1.73174864753377,-0.0463768880730211
-174.303033649642,1.73174853658151,-0.0463776479568605
-174.286393521089,1.73174842467638,-0.0463784060745699
-174.269753391062,1.73174831181862,-0.0463791622533471
-174.253113259594,1.73174819801216,-0.0463799161043586
-174.236473126713,1.73174808326093,-0.0463806672911402
-174.219832992417,1.73174796756729,-0.0463814156133554
-174.20319285668,1.73174785093158,-0.0463821609992963
-174.18655271947,1.73174773335124,-0.0463829035107831
-174.169912580778,1.73174761482373,-0.0463836432269545
-174.153272440611,1.73174749534772,-0.0463843802111494
-174.136632298987,1.73174737492298,-0.0463851144865362
-174.119992155918,1.73174725355094,-0.0463858460408833
-174.103352011433,1.73174713123457,-0.0463865746357507
-174.08671186553,1.73174700797675,-0.046387300017026
-174.070071718183,1.73174688377903,-0.0463880220288158
-174.053431569357,1.73174675864017,-0.0463887406579578
-174.03679141904,1.73174663255882,-0.0463894559086554
-174.020151267258,1.73174650553565,-0.0463901676867681
-174.003511114049,1.73174637757185,-0.0463908758716559
-173.986870959427,1.73174624866765,-0.0463915803183496
-173.970230803359,1.73174611882338,-0.0463922809186109
-173.953590645758,1.73174598803962,-0.0463929777024231
-173.936950486578,1.73174585631699,-0.0463936709799824
-173.920310325876,1.73174572365629,-0.0463943610087732
-173.903670163716,1.73174559005853,-0.0463950478628078
-173.887030000134,1.73174545552556,-0.0463957314193596
-173.870389835119,1.73174532006175,-0.0463964114256928
-173.853749668658,1.7317451836711,-0.0463970876862925
-173.837109500759,1.73174504635685,-0.046397760136936
-173.820469331402,1.73174490811844,-0.0463984287974332
-173.80382916055,1.73174476895232,-0.0463990936245437
-173.787188988137,1.73174462885548,-0.0463997545895563
-173.770548814171,1.73174448782633,-0.0464004117201667
-173.753908638694,1.73174434586455,-0.0464010651224503
-173.737268461761,1.73174420297178,-0.0464017148186955
-173.720628283465,1.73174405915027,-0.046402360360006
-173.703988103811,1.73174391440199,-0.0464030012993488
-173.687347922735,1.73174376872859,-0.0464036374207072
-173.670707740175,1.73174362213165,-0.04640426879755
-173.654067556081,1.73174347461283,-0.0464048956162748
-173.637427370401,1.73174332617366,-0.0464055182051643
-173.620787183119,1.7317431768155,-0.046406136813903
-173.60414699427,1.73174302653926,-0.0464067515608561
-173.587506803919,1.73174287534513,-0.0464073624685479
-173.57086661213,1.73174272323339,-0.0464079694002678
-173.55422641897,1.73174257020387,-0.0464085719089539
-173.537586224427,1.73174241625728,-0.046409169598222
-173.520946028443,1.73174226139586,-0.0464097622733852
-173.504305830945,1.73174210562419,-0.0464103500174101
-173.487665631884,1.73174194894703,-0.0464109331161415
-173.471025431297,1.73174179136977,-0.0464115115478797
-173.454385229201,1.73174163289669,-0.0464120852277179
-173.437745025635,1.73174147353223,-0.0464126541407149
-173.421104820592,1.73174131328049,-0.0464132184318303
-173.404464614061,1.73174115214833,-0.0464137781868541
-173.387824406066,1.73174099014789,-0.0464143332533909
-173.37118419661,1.7317408272923,-0.0464148834579676
-173.354543985679,1.73174066359389,-0.0464154287303912
-173.337903773231,1.73174049906362,-0.0464159691823242
-173.321263559258,1.73174033370973,-0.0464165048843183
-173.304623343762,1.73174016753984,-0.0464170358710702
-173.287983126745,1.73174000056188,-0.0464175622218809
-173.271342908204,1.73173983278425,-0.046418084180214
-173.254702688196,1.73173966421614,-0.046418601798612
-173.238062466784,1.73173949486863,-0.0464191148046344
-173.221422243965,1.73173932475208,-0.0464196229133437
-173.204782019681,1.7317391538745,-0.0464201260255028
-173.188141793825,1.73173898224015,-0.0464206244118543
-173.171501566339,1.73173880985376,-0.0464211183583776
-173.154861337303,1.73173863672159,-0.0464216080108394
-173.138221106797,1.73173846285052,-0.0464220933809842
-173.12158087485,1.73173828824738,-0.0464225743664209
-173.104940641458,1.73173811291761,-0.046423050689374
-173.088300406635,1.73173793686626,-0.0464235220776353
-173.071660170384,1.73173776009858,-0.0464239882287086
-173.055019932676,1.73173758261995,-0.0464244489568538
-173.038379693468,1.73173740443645,-0.0464249042662979
-173.021739452697,1.73173722555557,-0.0464253544239166
-173.005099210356,1.7317370459816,-0.0464257996086431
-172.988458966462,1.73173686571551,-0.0464262398406219
-172.971818721046,1.73173668475867,-0.0464266750948784
-172.955178474125,1.73173650311496,-0.0464271054041829
-172.938538225683,1.73173632079186,-0.046427531020654
-172.921897975711,1.73173613779653,-0.0464279521541845
-172.905257724224,1.73173595413458,-0.0464283688562653
-172.888617471267,1.73173576981033,-0.046428780948684
-172.871977216855,1.73173558482734,-0.046429188223378
-172.855336960961,1.73173539918891,-0.0464295905511535
-172.838696703529,1.73173521289919,-0.046429987935947
-172.822056444549,1.73173502596133,-0.0464303804260595
-172.805416184065,1.73173483837529,-0.0464307679971793
-172.788775922077,1.73173465014008,-0.0464311506166526
-172.772135658557,1.73173446125532,-0.0464315283211112
-172.755495393437,1.73173427172255,-0.0464319013402922
-172.738855126702,1.73173408154502,-0.046432269950597
-172.722214858416,1.73173389072585,-0.0464326342553103
-172.705574588719,1.73173369926815,-0.046432994222771
-172.688934317651,1.73173350717576,-0.0464333497219962
-172.672294045159,1.73173331445476,-0.0464337005718333
-172.655653771156,1.73173312110945,-0.0464340465957916
-172.639013495625,1.73173292714016,-0.046434387506447
-172.62237321855,1.73173273254646,-0.0464347231172176
-172.605732939885,1.73173253732894,-0.0464350534473285
-172.58909265961,1.7317323414892,-0.0464353787708654
-172.572452377749,1.73173214502924,-0.0464356994173896
-172.555812094362,1.73173194795104,-0.0464360157427161
-172.539171809544,1.73173175025668,-0.0464363279157036
-172.522531523305,1.73173155194784,-0.0464366359190617
-172.505891235602,1.73173135302586,-0.0464369396192314
-172.489250946391,1.7317311534917,-0.046437238764517
-172.472610655654,1.73173095334663,-0.0464375331238304
-172.455970363384,1.73173075259209,-0.0464378224498094
-172.439330069589,1.73173055122957,-0.0464381066240173
-172.422689774343,1.73173034926108,-0.0464383856460955
-172.40604947765,1.73173014669052,-0.0464386596089945
-172.389409179439,1.7317299435209,-0.0464389286636067
-172.372768879598,1.7317297397528,-0.0464391931366697
-172.356128578149,1.73172953538582,-0.0464394532806807
-172.339488275171,1.73172933041769,-0.0464397091406407
-172.322847970709,1.73172912484548,-0.0464399607070914
-172.306207664775,1.73172891866905,-0.046440207910165
-172.289567357378,1.73172871189366,-0.0464404505506671
-172.272927048504,1.7317285045267,-0.0464406883989055
-172.256286738121,1.73172829657351,-0.0464409213265612
-172.239646426173,1.73172808803619,-0.0464411494003794
-172.223006112613,1.73172787891279,-0.0464413730475001
-172.20636579744,1.73172766920049,-0.0464415927291943
-172.189725480698,1.73172745889738,-0.0464418087267364
-172.173085162439,1.73172724800289,-0.0464420211335805
-172.156444842695,1.73172703651769,-0.0464422299162423
-172.139804521471,1.73172682444336,-0.0464424350161972
-172.123164198742,1.73172661178143,-0.0464426364399851
-172.106523874528,1.73172639853251,-0.0464428339187827
-172.089883548872,1.73172618470101,-0.0464430269220076
-172.073243221763,1.73172597029115,-0.046443215066828
-172.056602893145,1.73172575530505,-0.046443398300596
-172.039962562904,1.73172553974156,-0.046443577117632
-172.023322230976,1.73172532359888,-0.0464437521790953
-172.006681897411,1.73172510687716,-0.0464439237599369
-171.990041562372,1.73172488957716,-0.046444091367402
-171.973401225926,1.73172467169953,-0.0464442544441462
-171.956760888033,1.7317244532447,-0.0464444127340237
-171.940120548599,1.73172423421342,-0.0464445664330004
-171.923480207602,1.73172401460722,-0.0464447157005429
-171.90683986504,1.73172379442818,-0.0464448606359359
-171.890199520908,1.73172357367831,-0.0464450013110281
-171.873559175177,1.7317233523592,-0.0464451378243769
-171.856918827835,1.73172313047216,-0.0464452704039335
-171.840278478909,1.73172290801899,-0.0464453992545712
-171.823638128446,1.73172268500276,-0.0464455244858567
-171.806997776536,1.73172246142325,-0.046445645884675
-171.790357423191,1.73172223727929,-0.0464457631900827
-171.773717068351,1.73172201257033,-0.0464458762726661
-171.75707671193,1.73172178729747,-0.0464459851941652
-171.740436353925,1.73172156146568,-0.0464460899154298
-171.723795994363,1.73172133507972,-0.0464461903988018
-171.707155633272,1.73172110814342,-0.0464462866816557
-171.690515270637,1.7317208806625,-0.0464463789557664
-171.673874906416,1.73172065263895,-0.0464464675027312
-171.657234540524,1.73172042406632,-0.0464465528231763
-171.640594173015,1.73172019493893,-0.0464466350174218
-171.623953803981,1.73171996525424,-0.0464467139901359
-171.607313433493,1.73171973501233,-0.0464467896143911
-171.590673061556,1.73171950421448,-0.0464468617807394
-171.574032688127,1.73171927286092,-0.046446930328849
-171.557392313114,1.73171904095245,-0.0464469951900377
-171.540751936522,1.7317188084928,-0.0464470564306532
-171.524111558383,1.73171857549344,-0.0464471142488292
-171.507471178722,1.73171834196314,-0.0464471687575718
-171.490830797546,1.73171810790117,-0.0464472198269812
-171.474190414812,1.73171787330356,-0.0464472673370265
-171.457550030502,1.73171763816635,-0.046447311266368
-171.440909644627,1.73171740248723,-0.046447351662063
-171.424269257205,1.73171716626591,-0.046447388602273
-171.407628868252,1.73171692950339,-0.0464474221776184
-171.390988477798,1.73171669220098,-0.0464474524752604
-171.374348085828,1.7317164543591,-0.0464474795928828
-171.357707692284,1.73171621597437,-0.0464475037420408
-171.341067297147,1.73171597704801,-0.0464475249646773
-171.32442690044,1.73171573758356,-0.0464475432124748
-171.307786502196,1.73171549758639,-0.0464475583671401
-171.291146102428,1.731715257061,-0.0464475703388463
-171.274505701117,1.73171501601009,-0.0464475791380395
-171.257865298221,1.731714774435,-0.046447584963614
-171.241224893746,1.73171453233641,-0.0464475880575808
-171.224584487705,1.73171428971456,-0.0464475886322212
-171.207944080171,1.73171404656877,-0.0464475863844007
-171.191303671158,1.73171380289852,-0.0464475809572008
-171.174663260637,1.73171355870416,-0.0464475721779239
-171.158022848553,1.73171331398784,-0.0464475602030533
-171.141382434852,1.73171306875216,-0.046447545443408
-171.124742019607,1.7317128229992,-0.0464475277889019
-171.108101602867,1.73171257673028,-0.0464475069953743
-171.091461184612,1.73171232994568,-0.0464474829203571
-171.074820764759,1.7317120826442,-0.046447455630501
-171.058180343267,1.73171183482702,-0.0464474253523165
-171.041539920154,1.73171158649615,-0.0464473923090531
-171.024899495478,1.73171133765352,-0.0464473566853892
-171.00825906928,1.73171108830101,-0.0464473186708542
-170.99161864158,1.73171083844052,-0.0464472782360796
-170.974978212354,1.73171058807379,-0.0464472352886514
-170.958337781539,1.73171033720205,-0.0464471898828921
-170.941697349099,1.73171008582808,-0.0464471423963381
-170.925056915064,1.73170983395737,-0.0464470930470645
-170.908416479475,1.73170958159746,-0.0464470418973584
-170.891776042337,1.73170932875718,-0.0464469889495299
-170.875135603651,1.73170907544635,-0.0464469342464091
-170.858495163499,1.73170882167528,-0.0464468777273743
-170.84185472196,1.73170856745564,-0.0464468188869194
-170.825214278998,1.73170831279797,-0.0464467572616098
-170.808573834483,1.7317080577103,-0.046446692730291
-170.791933388282,1.73170780219594,-0.0464466256578157
-170.775292940398,1.73170754625489,-0.046446556186913
-170.758652490901,1.73170728988918,-0.0464464843610097
-170.742012039853,1.73170703310515,-0.0464464102465107
-170.725371587258,1.73170677591506,-0.0464463340368467
-170.70873113313,1.73170651833117,-0.0464462558633264
-170.692090677536,1.73170626036318,-0.0464461756280622
-170.675450220478,1.73170600201819,-0.0464460931751722
-170.658809761898,1.73170574330173,-0.0464460084252533
-170.642169301706,1.73170548421901,-0.0464459214572232
-170.625528839868,1.73170522477307,-0.0464458323444154
-170.608888376447,1.73170496496648,-0.0464457411612029
-170.592247911488,1.73170470480153,-0.0464456480288423
-170.575607444982,1.73170444428483,-0.0464455530564367
-170.558966976902,1.73170418342356,-0.046445456293718
-170.54232650728,1.73170392222396,-0.0464453576659848
-170.525686036137,1.73170366069148,-0.0464452570773388
-170.509045563449,1.73170339883071,-0.0464451544937329
-170.492405089162,1.73170313664548,-0.0464450500085074
-170.47576461327,1.73170287413903,-0.0464449436817705
-170.459124135808,1.7317026113141,-0.0464448355486258
-170.442483656789,1.73170234817311,-0.0464447256880547
-170.42584317618,1.73170208471851,-0.046444614318053
-170.40920269397,1.7317018209529,-0.0464445014396233
-170.392562210198,1.73170155687901,-0.0464443869955249
-170.37592172492,1.73170129249946,-0.0464442709392049
-170.359281238134,1.73170102781607,-0.046444153263937
-170.342640749794,1.73170076283093,-0.0464440339588169
-170.326000259835,1.73170049754704,-0.046443912954684
-170.309359768247,1.73170023196717,-0.0464437902393339
-170.292719275055,1.73169996609375,-0.046443665892956
-170.276078780273,1.73169969992902,-0.046443540112003
-170.259438283944,1.73169943347444,-0.04644341291822
-170.24279778612,1.73169916672924,-0.0464432841972742
-170.226157286799,1.73169889969286,-0.0464431538402594
-170.209516785948,1.73169863236638,-0.0464430218420035
-170.192876283491,1.73169836475374,-0.0464428884405679
-170.176235779379,1.73169809685901,-0.0464427538729556
-170.159595273589,1.73169782868543,-0.0464426183071764
-170.142954766168,1.73169756023513,-0.0464424818685106
-170.126314257188,1.73169729150865,-0.0464423445805827
-170.109673746698,1.73169702250486,-0.0464422063331078
-170.093033234688,1.73169675322308,-0.0464420669791743
-170.076392721105,1.73169648366483,-0.0464419263437725
-170.059752205924,1.73169621383254,-0.0464417843520685
-170.04311168916,1.73169594372864,-0.0464416410223048
-170.026471170845,1.73169567335559,-0.046441496393101
-170.009830650995,1.73169540271688,-0.0464413504458949
-169.99319012959,1.73169513181506,-0.0464412031759145
-169.976549606596,1.73169486065099,-0.0464410546365727
-169.959909081988,1.73169458922288,-0.0464409049748353
-169.943268555781,1.73169431752873,-0.0464407543246988
-169.926628027994,1.73169404556728,-0.0464406027658121
-169.909987498633,1.73169377333828,-0.0464404503356472
-169.893346967666,1.7316935008423,-0.0464402970809222
-169.876706435076,1.73169322808036,-0.0464401431097597
-169.8600659009,1.73169295505353,-0.0464399884519417
-169.843425365177,1.73169268176267,-0.0464398330981995
-169.826784827912,1.73169240820866,-0.046439677071754
-169.810144289067,1.73169213439256,-0.0464395205373393
-169.793503748625,1.73169186031536,-0.0464393636496928
-169.776863206632,1.73169158597816,-0.0464392064229488
-169.760222663142,1.73169131138346,-0.0464390485933946
-169.743582118141,1.7316910365332,-0.046438889902744
-169.726941571561,1.73169076142771,-0.0464387302421849
-169.71030102334,1.73169048606466,-0.0464385697138359
-169.693660473449,1.73169021044232,-0.0464384085193729
-169.677019921939,1.73168993456192,-0.0464382467098834
-169.660379368866,1.73168965842531,-0.0464380842825141
-169.643738814256,1.73168938203325,-0.0464379212546716
-169.62709825811,1.73168910538396,-0.0464377577122789
-169.610457700421,1.73168882847556,-0.0464375936921885
-169.593817141213,1.73168855130712,-0.0464374290582838
-169.577176580473,1.73168827387864,-0.0464372636679441
-169.560536018158,1.73168799619078,-0.0464370974850588
-169.5438954542,1.73168771824471,-0.0464369307160697
-169.527254888554,1.73168744004182,-0.0464367637242203
-169.510614321215,1.73168716158319,-0.0464365968001968
-169.493973752242,1.7316868828694,-0.0464364301050271
-169.477333181705,1.73168660390069,-0.0464362636856261
-169.460692609637,1.73168632467751,-0.0464360975357444
-169.444052036055,1.73168604520041,-0.0464359315775302
-169.427411460972,1.73168576546999,-0.0464357655821773
-169.410770884377,1.73168548548639,-0.0464355993339428
-169.394130306233,1.73168520524994,-0.0464354327174994
-169.377489726482,1.73168492476166,-0.0464352657361105
-169.360849145033,1.73168464402429,-0.0464350985546996
-169.344208561886,1.73168436303964,-0.0464349313775845
-169.327567977107,1.73168408180743,-0.0464347643348513
-169.310927390759,1.73168380032633,-0.0464345975128995
-169.294286802854,1.73168351859372,-0.0464344310524856
-169.277646213357,1.73168323660873,-0.0464342651647497
-169.261005622242,1.73168295437161,-0.046434099988409
-169.244365029574,1.73168267188235,-0.0464339354835013
-169.227724435435,1.73168238914208,-0.0464337715012005
-169.211083839826,1.73168210615479,-0.0464336078165387
-169.194443242658,1.73168182292482,-0.0464334442845265
-169.177802643789,1.73168153945407,-0.0464332808457524
-169.161162043227,1.73168125574061,-0.0464331173607921
-169.144521441081,1.73168097178212,-0.0464329537509444
-169.127880837498,1.73168068757733,-0.0464327900074908
-169.111240232469,1.73168040312608,-0.0464326262461405
-169.094599625877,1.73168011842918,-0.0464324626148143
-169.077959017583,1.73167983348846,-0.0464322993570866
-169.061318407585,1.73167954830518,-0.0464321366528336
-169.044677795965,1.73167926287807,-0.046431974504276
-169.028037182799,1.73167897720587,-0.0464318128331834
-169.011396568118,1.73167869129024,-0.046431651480627
-168.994755951892,1.73167840513355,-0.0464314903263171
-168.978115334084,1.73167811873787,-0.0464313293332568
-168.96147471468,1.7316778321046,-0.0464311685377731
-168.944834093715,1.73167754523339,-0.0464310080316808
-168.9281934712,1.73167725812229,-0.0464308479214447
-168.911552847112,1.73167697076906,-0.0464306883087726
-168.894912221417,1.73167668317368,-0.0464305293090645
-168.878271594116,1.73167639534137,-0.0464303711379266
-168.861630965243,1.73167610727981,-0.0464302138630869
-168.844990334826,1.73167581899421,-0.0464300573898155
-168.828349702882,1.73167553048546,-0.0464299014012341
-168.811709069402,1.73167524175308,-0.0464297456384596
-168.79506843436,1.73167495279583,-0.046429589989465
-168.778427797737,1.73167466361217,-0.0464294344611257
-168.761787159499,1.73167437420117,-0.0464292792766052
-168.745146519547,1.73167408456286,-0.0464291252102175
-168.728505877898,1.73167379469802,-0.0464289728438186
-168.711865234686,1.73167350460746,-0.0464288221433906
-168.695224589998,1.73167321429174,-0.0464286728392242
-168.678583943825,1.73167292375082,-0.0464285246762526
-168.661943296108,1.73167263298443,-0.0464283775062078
-168.645302646852,1.73167234199606,-0.0464282310997618
-168.628661996074,1.73167205078874,-0.0464280852337075
-168.612021343783,1.73167175936295,-0.0464279396179843
-168.595380689954,1.73167146771833,-0.0464277940737876
-168.578740034522,1.73167117585469,-0.046427648690939
-168.562099377391,1.73167088377222,-0.04642750404018
-168.545458718595,1.73167059147148,-0.0464273603649245
-168.528818058255,1.73167029895318,-0.0464272173458869
-168.51217739642,1.73167000621798,-0.0464270746076014
-168.495536733038,1.73166971326571,-0.0464269319946622
-168.478896068056,1.73166942009601,-0.0464267896737258
-168.462255401495,1.73166912671235,-0.0464266476349027
-168.44561473338,1.73166883312057,-0.0464265058173771
-168.428974063703,1.73166853932744,-0.0464263642045414
-168.412333392427,1.73166824533781,-0.0464262228842605
-168.395692719503,1.73166795115659,-0.0464260820097356
-168.379052044899,1.73166765678977,-0.0464259418652784
-168.36241136863,1.73166736224515,-0.0464258027219719
-168.345770690812,1.7316670675302,-0.0464256647266772
-168.3291300115,1.73166677265027,-0.0464255279097621
-168.312489330686,1.73166647761149,-0.046425392116603
-168.29584864832,1.73166618242058,-0.0464252571787179
-168.279207964383,1.73166588708448,-0.0464251229925612
-168.262567278864,1.73166559161081,-0.0464249895349167
-168.245926591762,1.73166529600749,-0.0464248567768368
-168.229285903089,1.73166500028551,-0.0464247245912385
-168.21264521284,1.73166470445511,-0.0464245929291112
-168.196004521012,1.73166440851902,-0.0464244617327783
-168.179363827581,1.73166411247332,-0.0464243311324925
-168.162723132517,1.73166381631332,-0.0464242014024465
-168.146082435804,1.73166352003879,-0.0464240728379973
-168.129441737547,1.73166322365343,-0.0464239452710161
-168.112801037807,1.73166292716292,-0.0464238184216111
-168.096160336545,1.73166263057364,-0.0464236921444127
-168.079519633634,1.73166233389216,-0.04642356660978
-168.062878929047,1.73166203712277,-0.0464234420553251
-168.046238222834,1.73166174026408,-0.0464233186100751
-168.029597515053,1.73166144331613,-0.0464231962799431
-168.012956805747,1.73166114628563,-0.0464230748782314
-167.99631609493,1.73166084918027,-0.0464229542404725
-167.979675382638,1.73166055200628,-0.0464228342647326
-167.963034668848,1.73166025476829,-0.0464227148867969
-167.946393953462,1.73165995746951,-0.0464225961432381
-167.929753236345,1.73165966011229,-0.0464224783273562
-167.913112517542,1.7316593626981,-0.0464223616907187
-167.896471797165,1.73165906522902,-0.0464222462178297
-167.879831075266,1.73165876770697,-0.0464221317900438
-167.863190351812,1.73165847013467,-0.0464220183272671
-167.84654962677,1.73165817251592,-0.0464219058555384
-167.829908900167,1.7316578748483,-0.0464217942936749
-167.813268172018,1.7316575771287,-0.0464216835426343
-167.7966274423,1.73165727935616,-0.046421573559001
-167.77998671097,1.73165698153272,-0.0464214644052083
-167.763345978011,1.73165668366156,-0.0464213562232712
-167.746705243398,1.73165638574567,-0.0464212492952278
-167.730064507174,1.73165608778664,-0.0464211436795872
-167.7134237694,1.73165578978832,-0.046421039230989
-167.696783030117,1.73165549175458,-0.0464209357832746
-167.680142289309,1.73165519368759,-0.0464208332437663
-167.66350154691,1.73165489558733,-0.046420731682746
-167.646860802857,1.73165459745187,-0.0464206311795869
-167.630220057212,1.73165429927498,-0.0464205316314842
-167.613579310043,1.73165400105265,-0.0464204328874498
-167.59693856137,1.73165370278676,-0.0464203347924942
-167.580297811141,1.73165340448327,-0.0464202373276936
-167.563657059271,1.73165310614791,-0.0464201406577126
-167.547016305721,1.73165280778438,-0.0464200452636674
-167.530375550535,1.73165250939406,-0.0464199514093443
-167.513734793772,1.73165221097718,-0.0464198591245585
-167.497094035475,1.73165191253395,-0.0464197682485921
-167.480453275656,1.73165161406439,-0.0464196785967551
-167.463812514326,1.73165131556922,-0.0464195899708014
-167.447171751502,1.73165101705129,-0.046419502026606
-167.430530987149,1.73165071851308,-0.0464194145140022
-167.413890221203,1.73165041995533,-0.0464193273708273
-167.397249453647,1.73165012137586,-0.0464192407155925
-167.380608684494,1.73164982277221,-0.0464191547248105
-167.363967913733,1.73164952414269,-0.0464190696597031
-167.347327141353,1.73164922548618,-0.0464189857240772
-167.330686367314,1.73164892680135,-0.0464189031284186
-167.314045591613,1.7316486280898,-0.0464188221140778
-167.29740481431,1.73164832935328,-0.0464187427221775
-167.28076403546,1.73164803059226,-0.0464186648487864
-167.264123255107,1.7316477318035,-0.0464185882620253
-167.247482473262,1.73164743298405,-0.0464185127641748
-167.230841689925,1.7316471341364,-0.046418438151487
-167.214200905044,1.73164683526641,-0.04641836436102
-167.197560118578,1.73164653637904,-0.0464182913793643
-167.180919330528,1.73164623747711,-0.046418219089885
-167.164278540903,1.73164593856154,-0.046418147400288
-167.147637749709,1.73164563963196,-0.0464180763217498
-167.130996956911,1.73164534068652,-0.0464180060745463
-167.114356162485,1.73164504172438,-0.0464179368867729
-167.09771536643,1.73164474274754,-0.0464178689065827
-167.081074568811,1.73164444375669,-0.0464178019203461
-167.064433769669,1.73164414475182,-0.0464177356614748
-167.047792968995,1.73164384573282,-0.0464176699919787
-167.031152166734,1.73164354669964,-0.0464176050075175
-167.014511362846,1.73164324765227,-0.0464175408599156
-166.997870557351,1.73164294859074,-0.0464174776275648
-166.981229750297,1.73164264951511,-0.0464174151977992
-166.964588941697,1.73164235042546,-0.0464173534383522
-166.947948131507,1.73164205132191,-0.0464172923328826
-166.931307319679,1.73164175220459,-0.0464172320987197
-166.914666506228,1.73164145307369,-0.0464171729096998
-166.898025691225,1.73164115392934,-0.0464171148230182
-166.881384874703,1.73164085477101,-0.0464170577754953
-166.864744056646,1.73164055559831,-0.0464170016725303
-166.848103237011,1.73164025641137,-0.0464169464180572
-166.831462415787,1.73163995721134,-0.0464168918622042
-166.814821593001,1.73163965799963,-0.0464168378965565
-166.798180768666,1.73163935877748,-0.0464167844680308
-166.78153994277,1.73163905954516,-0.0464167315496684
-166.764899115296,1.73163876030038,-0.046416679084425
-166.74825828624,1.73163846104082,-0.0464166270479227
-166.731617455616,1.7316381617658,-0.046416575497213
-166.714976623391,1.73163786247772,-0.0464165246994224
-166.698335789525,1.73163756317925,-0.046416474918812
-166.681694953969,1.73163726387229,-0.0464164263223336
-166.665054116772,1.73163696455774,-0.046416378961093
-166.648413278008,1.73163666523565,-0.0464163328092928
-166.631772437725,1.73163636590563,-0.0464162877700879
-166.615131595949,1.73163606656727,-0.0464162436155132
-166.598490752658,1.73163576721986,-0.0464162001508449
-166.58184990783,1.73163546786116,-0.0464161572236562
-166.565209061458,1.73163516848959,-0.0464161147655714
-166.54856821352,1.7316348691055,-0.0464160728245645
-166.531927363961,1.73163456971264,-0.0464160316627822
-166.515286512761,1.73163427031462,-0.0464159915204283
-166.498645659935,1.73163397091371,-0.0464159525016785
-166.482004805541,1.73163367151028,-0.0464159145047363
-166.465363949616,1.73163337210384,-0.0464158773813017
-166.448723092151,1.7316330726937,-0.0464158410188926
-166.432082233096,1.73163277327932,-0.046415805373518
-166.415441372419,1.73163247386057,-0.0464157705230481
-166.398800510096,1.73163217443813,-0.0464157367724498
-166.382159646162,1.73163187501214,-0.0464157043706175
-166.365518780662,1.73163157558256,-0.0464156734006864
-166.348877913639,1.73163127614974,-0.046415643783337
-166.332237045119,1.73163097671448,-0.0464156152111255
-166.315596175097,1.7316306772777,-0.0464155874069855
-166.298955303568,1.73163037783945,-0.0464155602172887
-166.282314430489,1.73163007839752,-0.0464155336394846
-166.265673555812,1.73162977895014,-0.04641550772536
-166.249032679483,1.73162947949742,-0.0464154825958965
-166.232391801474,1.73162918004248,-0.0464154585404162
-166.215750921815,1.7316288805888,-0.0464154356961337
-166.199110040576,1.73162858113948,-0.0464154140569783
-166.182469157816,1.73162828169596,-0.0464153935446763
-166.165828273551,1.73162798225735,-0.0464153740457956
-166.149187387768,1.73162768282181,-0.0464153554835872
-166.13254650045,1.73162738338842,-0.0464153377311825
-166.115905611619,1.73162708395783,-0.0464153204003571
-166.099264721262,1.73162678453114,-0.0464153031830153
-166.082623829325,1.73162648510889,-0.0464152860421175
-166.065982935736,1.73162618569067,-0.0464152693310911
-166.049342040507,1.73162588627704,-0.0464152532506868
-166.032701143673,1.73162558686891,-0.0464152378767652
-166.016060245235,1.73162528746746,-0.0464152232776836
-165.999419345195,1.73162498807453,-0.0464152096383395
-165.982778443578,1.73162468869263,-0.046415197118723
-165.966137540442,1.73162438932375,-0.0464151857260788
-165.949496635823,1.73162408997021,-0.0464151752445598
-165.932855729704,1.73162379063467,-0.0464151654236083
-165.916214822028,1.73162349132015,-0.0464151561172181
-165.899573912683,1.73162319202935,-0.0464151474038396
-165.882933001575,1.73162289276791,-0.046415139585733
-165.866292088766,1.73162259354246,-0.0464151328986828
-165.849651174413,1.73162229435935,-0.0464151274447256
-165.833010258593,1.7316219952243,-0.0464151232206085
-165.81636934128,1.73162169614294,-0.0464151201836629
-165.799728422421,1.73162139712219,-0.046415118188511
-165.783087502024,1.73162109816791,-0.0464151170912441
-165.766446580103,1.73162079928315,-0.0464151167466645
-165.749805656665,1.73162050046943,-0.0464151170663876
-165.733164731689,1.73162020172841,-0.0464151179883402
-165.716523805133,1.73161990306249,-0.0464151194376005
-165.699882876939,1.73161960447479,-0.0464151213552031
-165.683241947143,1.73161930596884,-0.046415123607084
-165.666601015849,1.73161900754828,-0.0464151260674285
-165.649960083077,1.73161870921713,-0.0464151286933774
-165.633319148726,1.73161841098042,-0.0464151317412145
-165.61667821268,1.73161811284061,-0.0464151356468959
-165.600037274994,1.73161781479987,-0.0464151405673286
-165.583396335754,1.73161751686067,-0.0464151464546705
-165.566755395006,1.73161721902537,-0.0464151531440832
-165.550114452764,1.73161692129547,-0.0464151603480096
-165.533473509,1.73161662367223,-0.0464151678408816
-165.516832563662,1.73161632615716,-0.0464151755236135
-165.500191616718,1.73161602875195,-0.0464151834136693
-165.48355066816,1.73161573145791,-0.0464151916639844
-165.466909717975,1.73161543427731,-0.0464152006002066
-165.450268766198,1.73161513721248,-0.0464152104752822
-165.433627812867,1.73161484026548,-0.0464152214117853
-165.416986857985,1.73161454343817,-0.0464152334870582
-165.400345901548,1.73161424673224,-0.0464152466908279
-165.383704943584,1.73161395014937,-0.0464152608380766
-165.367063984153,1.73161365369156,-0.0464152755259279
-165.350423023254,1.73161335736133,-0.0464152903876319
-165.333782060869,1.73161306116085,-0.0464153050879552
-165.31714109693,1.73161276509098,-0.0464153194600306
-165.300500131356,1.73161246915112,-0.0464153336019468
-165.28385916409,1.73161217333909,-0.0464153480086883
-165.267218195169,1.73161187765389,-0.0464153631824848
-165.250577224625,1.73161158209699,-0.0464153795649284
-165.233936252515,1.73161128666992,-0.0464153971406162
-165.217295278872,1.73161099137426,-0.0464154156669385
-165.200654303744,1.73161069621184,-0.0464154347314307
-165.184013327121,1.7316104011835,-0.0464154540028097
-165.167372348973,1.73161010628989,-0.0464154732983599
-165.150731369302,1.73160981153397,-0.0464154924914978
-165.134090388088,1.73160951691894,-0.0464155115326725
-165.117449405294,1.73160922244635,-0.0464155304596415
-165.100808420888,1.73160892811459,-0.0464155494108004
-165.084167434856,1.73160863392174,-0.0464155685161579
-165.067526447185,1.73160833986684,-0.0464155878682777
-165.050885457906,1.73160804595013,-0.0464156075254553
-165.034244467079,1.73160775217284,-0.0464156274976684
-165.017603474708,1.73160745853688,-0.0464156478728077
-165.000962480727,1.73160716504459,-0.0464156689906027
-164.984321485176,1.73160687169698,-0.0464156905827227
-164.967680488139,1.73160657849413,-0.0464157122598926
-164.951039489626,1.73160628543577,-0.0464157337868144
-164.934398489568,1.73160599252175,-0.0464157552033571
-164.917757487879,1.73160569975208,-0.0464157766951998
-164.90111648447,1.73160540712652,-0.0464157986826464
-164.88447547935,1.73160511464594,-0.0464158216813291
-164.867834472632,1.73160482231166,-0.0464158458652678
-164.851193464437,1.73160453012474,-0.04641587104929
-164.834552454799,1.73160423808627,-0.0464158969584522
-164.817911443657,1.73160394619699,-0.0464159234389316
-164.801270430902,1.73160365445707,-0.0464159506210415
-164.784629416544,1.73160336286909,-0.0464159784300819
-164.767988400672,1.73160307143869,-0.0464160065915718
-164.751347383317,1.73160278016999,-0.0464160348846212
-164.734706364449,1.73160248906519,-0.0464160632530034
-164.718065344019,1.7316021981196,-0.0464160916762075
-164.701424321968,1.73160190732664,-0.0464161202063778
-164.684783298226,1.7316016166781,-0.0464161490300422
-164.668142272857,1.73160132616953,-0.0464161781621565
-164.651501245944,1.73160103580022,-0.0464162075438819
-164.634860217531,1.73160074557234,-0.0464162371465309
-164.618219187596,1.73160045549069,-0.0464162670380519
-164.601578156136,1.73160016555872,-0.0464162971195877
-164.584937123168,1.73159987577851,-0.0464163272546623
-164.568296088667,1.73159958615021,-0.0464163573741639
-164.551655052579,1.73159929667059,-0.0464163875500804
-164.535014014888,1.7315990073405,-0.0464164177426261
-164.518372975599,1.73159871816193,-0.0464164478928139
-164.501731934696,1.73159842913595,-0.0464164780344
-164.485090892161,1.73159814026182,-0.0464165083960013
-164.468449848015,1.73159785154045,-0.0464165390534442
-164.451808802278,1.73159756297312,-0.0464165700097614
-164.435167754979,1.73159727456138,-0.0464166012913919
-164.418526706114,1.73159698630763,-0.0464166330649082
-164.401885655686,1.73159669821172,-0.0464166655087577
-164.385244603721,1.73159641027348,-0.0464166985485471
-164.368603550289,1.73159612249097,-0.0464167316959706
-164.351962495381,1.7315958348629,-0.0464167645135982
-164.335321438947,1.73159554738927,-0.0464167967795139
-164.318680380961,1.73159526007072,-0.0464168284416137
-164.302039321375,1.73159497290833,-0.0464168596615184
-164.285398260101,1.73159468590316,-0.0464168909816175
-164.268757197145,1.73159439905379,-0.0464169225992824
-164.252116132566,1.73159411235878,-0.0464169545152581
-164.23547506641,1.73159382581833,-0.0464169867509701
-164.218833998703,1.7315935394351,-0.046417019589163
-164.202192929455,1.73159325321322,-0.0464170532299121
-164.185551858697,1.73159296715482,-0.0464170874174341
-164.168910786413,1.73159268125986,-0.0464171218052447
-164.152269712589,1.73159239552459,-0.0464171560748021
-164.135628637215,1.73159210994491,-0.0464171900771895
-164.118987560295,1.73159182451994,-0.0464172238210684
-164.102346481801,1.73159153925477,-0.0464172574997674
-164.085705401702,1.73159125415498,-0.0464172913018115
-164.069064319969,1.73159096922432,-0.0464173253536524
-164.05242323662,1.73159068446461,-0.0464173597581243
-164.035782151681,1.73159039987612,-0.0464173946865964
-164.019141065178,1.73159011545826,-0.0464174302386772
-164.002499977137,1.73158983121028,-0.046417466418286
-163.985858887598,1.73158954713235,-0.0464175030690652
-163.969217796615,1.73158926322701,-0.0464175396740403
-163.952576704171,1.7315889794966,-0.0464175757911333
-163.935935610188,1.73158869594199,-0.0464176113014916
-163.919294514561,1.73158841256165,-0.0464176465769715
-163.902653417298,1.73158812935299,-0.0464176818618931
-163.886012318444,1.73158784631395,-0.0464177172477301
-163.869371218021,1.73158756344312,-0.0464177527582862
-163.852730116002,1.73158728074011,-0.046417788434025
-163.836089012388,1.73158699821142,-0.0464178242447886
-163.819447907218,1.73158671586239,-0.0464178601058355
-163.802806800541,1.73158643369167,-0.0464178958081376
-163.786165692365,1.73158615169622,-0.0464179311824336
-163.76952458266,1.73158586987374,-0.0464179661928918
-163.752883471393,1.73158558822316,-0.046418001001415
-163.736242358551,1.73158530674429,-0.0464180357660393
-163.719601244128,1.73158502543745,-0.0464180705696882
-163.702960128107,1.73158474430388,-0.0464181054153862
-163.686319010447,1.73158446334703,-0.0464181402359609
-163.669677891201,1.73158418256962,-0.046418174962228
-163.653036770432,1.73158390197116,-0.0464182094703384
-163.636395648161,1.73158362155035,-0.0464182436622583
-163.619754524383,1.7315833413062,-0.0464182774871351
-163.603113399063,1.73158306123827,-0.0464183109311525
-163.586472272162,1.73158278134678,-0.0464183440095102
-163.569831143663,1.73158250163237,-0.046418376751904
-163.553190013557,1.73158222209594,-0.0464184091893704
-163.536548881817,1.7315819427384,-0.0464184414005315
-163.519907748437,1.73158166356056,-0.046418473604682
-163.503266613448,1.73158138456297,-0.0464185059821394
-163.486625476907,1.73158110574601,-0.0464185385770563
-163.46998433889,1.73158082711011,-0.0464185712033567
-163.453343199404,1.7315805486565,-0.0464186036440755
-163.436702058392,1.7315802703881,-0.0464186357787672
-163.420060915774,1.7315799923095,-0.0464186676618952
-163.403419771503,1.73157971442275,-0.0464186995124642
-163.386778625564,1.73157943672906,-0.0464187316423815
-163.37013747799,1.73157915923144,-0.0464187641382806
-163.353496328857,1.73157888193311,-0.0464187969471141
-163.336855178224,1.73157860483734,-0.0464188299360486
-163.320214026127,1.73157832794739,-0.0464188628075081
-163.303572872566,1.73157805126629,-0.0464188951882854
-163.286931717496,1.73157777479669,-0.046418926848687
-163.270290560862,1.73157749854103,-0.0464189578047507
-163.253649402637,1.73157722250175,-0.0464189884217444
-163.237008242817,1.73157694668136,-0.0464190189993929
-163.220367081419,1.73157667108228,-0.0464190495891366
-163.203725918438,1.73157639570679,-0.0464190801388657
-163.18708475387,1.73157612055683,-0.0464191106352897
-163.170443587694,1.73157584563362,-0.0464191412688166
-163.153802419917,1.73157557093807,-0.0464191721272633
-163.13716125062,1.73157529647022,-0.0464192029033039
-163.120520079842,1.73157502223077,-0.0464192332792727
-163.103878907565,1.73157474822137,-0.0464192631368062
-163.087237733743,1.73157447444432,-0.0464192926733723
-163.070596558358,1.73157420090391,-0.0464193220326687
-163.053955381426,1.73157392760595,-0.0464193511460323
-163.037314202932,1.73157365455462,-0.046419379916572
-163.020673022851,1.73157338175188,-0.0464194083120225
-163.00403184119,1.73157310919754,-0.0464194363810202
-162.987390657972,1.73157283689155,-0.046419464163939
-162.970749473222,1.73157256483608,-0.0464194916184191
-162.954108286939,1.73157229303335,-0.0464195187017504
-162.937467099125,1.73157202148451,-0.0464195454306908
-162.920825909747,1.7315717501883,-0.0464195719942369
-162.904184718764,1.73157147914335,-0.0464195986714084
-162.887543526162,1.73157120834909,-0.0464196256499776
-162.870902331951,1.73157093780592,-0.0464196530117792
-162.8542611362,1.73157066751484,-0.0464196807478095
-162.837619938988,1.73157039747704,-0.0464197086613398
-162.820978740343,1.73157012769368,-0.0464197363909848
-162.804337540221,1.73156985816577,-0.0464197636490871
-162.787696338544,1.73156958889414,-0.0464197903130169
-162.77105513521,1.73156931987968,-0.0464198164639187
-162.754413930186,1.73156905112369,-0.0464198422374978
-162.73777272357,1.73156878262908,-0.0464198676237206
-162.721131515445,1.73156851439815,-0.0464198925686761
-162.704490305828,1.7315682464309,-0.0464199170704031
-162.687849094692,1.73156797872263,-0.0464199412760359
-162.671207882007,1.73156771126961,-0.0464199652632183
-162.654566667787,1.73156744407226,-0.0464199888483902
-162.63792545203,1.73156717713254,-0.04642001183745
-162.621284234701,1.73156691045291,-0.0464200341832473
-162.604643015726,1.73156664403668,-0.0464200561179143
-162.588001795108,1.73156637788385,-0.0464200778566522
-162.571360572881,1.73156611199161,-0.0464200995877597
-162.554719349088,1.73156584635857,-0.0464201213925679
-162.538078123767,1.73156558098456,-0.0464201432758428
-162.52143689694,1.73156531587043,-0.0464201652122256
-162.504795668621,1.73156505101832,-0.046420187183302
-162.488154438803,1.73156478643022,-0.0464202091333854
-162.471513207485,1.73156452210741,-0.0464202309242676
-162.454871974643,1.73156425805049,-0.0464202524264052
-162.438230740231,1.73156399425963,-0.0464202735634022
-162.421589504179,1.73156373073468,-0.0464202943348696
-162.404948266476,1.73156346747536,-0.046420314804352
-162.388307027149,1.73156320448162,-0.0464203350627204
-162.371665786282,1.7315629417536,-0.0464203551825208
-162.355024543928,1.73156267929175,-0.04642037519745
-162.338383300107,1.73156241709762,-0.0464203951293489
-162.321742054788,1.73156215517238,-0.0464204149594005
-162.305100807934,1.73156189351568,-0.0464204346211916
-162.28845955953,1.73156163212711,-0.046420454050036
-162.271818309561,1.731561371007,-0.0464204732448383
-162.255177057997,1.73156111015664,-0.0464204923785368
-162.238535804836,1.73156084957658,-0.0464205115579338
-162.221894550116,1.73156058926864,-0.0464205307462667
-162.205253293866,1.7315603292343,-0.0464205498642834
-162.188612036093,1.73156006947361,-0.0464205688581358
-162.17197077678,1.73155980998404,-0.0464205877619088
-162.155329515881,1.73155955076316,-0.0464206066621378
-162.138688253341,1.73155929180943,-0.0464206257094751
-162.122046989315,1.73155903312137,-0.0464206447009239
-162.105405723886,1.73155877469835,-0.0464206633375959
-162.088764457002,1.7315585165412,-0.0464206814595772
-162.072123188535,1.73155825865285,-0.0464206991860931
-162.055481918426,1.73155800103501,-0.0464207165435096
-162.03884064663,1.73155774368831,-0.0464207335611406
-162.022199373181,1.73155748661266,-0.0464207503300256
-162.005558098178,1.73155722980653,-0.0464207669758019
-161.988916821697,1.73155697326763,-0.0464207835985489
-161.97227554374,1.73155671699476,-0.0464208002244955
-161.955634264251,1.73155646098932,-0.0464208168247066
-161.938992983145,1.73155620525467,-0.0464208334393622
-161.922351700431,1.73155594979369,-0.0464208501769128
-161.905710416154,1.73155569460813,-0.0464208672030606
-161.889069130379,1.73155543969923,-0.0464208843366294
-161.872427843111,1.73155518506784,-0.046420901298979
-161.855786554346,1.73155493071396,-0.0464209177661993
-161.83914526405,1.7315546766367,-0.0464209335317943
-161.822503972162,1.73155442283521,-0.0464209486013643
-161.805862678654,1.73155416931059,-0.0464209632731856
-161.789221383533,1.73155391606409,-0.0464209778283465
-161.772580086814,1.73155366309553,-0.0464209924488366
-161.755938788496,1.73155341040246,-0.0464210072793062
-161.739297488638,1.73155315798511,-0.0464210222829124
-161.722656187275,1.73155290584427,-0.0464210373357394
-161.706014884393,1.7315526539792,-0.0464210523508936
-161.68937357995,1.73155240238587,-0.0464210673382991
-161.672732273981,1.73155215106473,-0.0464210820591119
-161.656090966504,1.73155190001788,-0.0464210962757745
-161.639449657487,1.73155164924617,-0.0464211099102573
-161.622808346848,1.73155139874667,-0.0464211231652645
-161.606167034591,1.73155114851641,-0.0464211362795127
-161.589525720746,1.73155089855437,-0.046421149447864
-161.572884405313,1.73155064886187,-0.0464211629361686
-161.556243088278,1.73155039944104,-0.0464211769235444
-161.539601769653,1.73155015029374,-0.0464211914793626
-161.522960449499,1.73154990142125,-0.0464212065865537
-161.506319127922,1.73154965282428,-0.0464212220671927
-161.489677804976,1.73154940450293,-0.0464212374280802
-161.473036480605,1.73154915645714,-0.0464212522459573
-161.456395154708,1.73154890868692,-0.0464212663424234
-161.439753827171,1.73154866119269,-0.04642127983817
-161.423112497918,1.73154841397627,-0.0464212929411426
-161.406471167039,1.73154816703949,-0.0464213057940542
-161.389829834678,1.73154792038123,-0.0464213181798293
-161.373188500872,1.73154767399977,-0.0464213298417271
-161.356547165539,1.73154742789389,-0.046421340719206
-161.339905828618,1.73154718206319,-0.0464213510569428
-161.323264490123,1.73154693651098,-0.0464213609410342
-161.30662315008,1.73154669124059,-0.0464213703707922
-161.289981808506,1.73154644625379,-0.0464213793353606
-161.273340465394,1.73154620155128,-0.0464213878438705
-161.256699120723,1.73154595713132,-0.0464213958957274
-161.240057774451,1.7315457129904,-0.0464214035702062
-161.223416426564,1.73154546912641,-0.0464214109992237
-161.206775077063,1.73154522553892,-0.0464214184175241
-161.190133725964,1.73154498222857,-0.0464214260138324
-161.173492373272,1.73154473919606,-0.0464214339043627
-161.156851019023,1.73154449644038,-0.046421442016191
-161.140209663248,1.73154425396101,-0.0464214502333262
-161.123568305962,1.73154401175904,-0.0464214584872683
-161.106926947201,1.73154376983834,-0.0464214667866407
-161.090285586943,1.73154352820288,-0.0464214751272277
-161.073644225136,1.73154328685556,-0.0464214834629719
-161.057002861721,1.73154304579871,-0.0464214916678121
-161.040361496691,1.73154280503324,-0.0464214996604103
-161.023720130062,1.73154256455822,-0.0464215074647713
-161.007078761831,1.73154232437008,-0.0464215152695692
-160.990437392037,1.73154208446831,-0.0464215231154121
-160.973796020722,1.73154184485453,-0.0464215309642952
-160.957154647889,1.73154160553188,-0.0464215388022057
-160.94051327353,1.73154136650396,-0.0464215466903983
-160.923871897659,1.73154112777115,-0.0464215544681138
-160.907230520264,1.73154088933296,-0.046421561915872
-160.890589141325,1.73154065118945,-0.0464215687691895
-160.873947760826,1.73154041334142,-0.0464215748765525
-160.85730637875,1.73154017579056,-0.0464215802787655
-160.840664995062,1.73153993853975,-0.0464215853227258
-160.824023609771,1.73153970159159,-0.0464215903387196
-160.807382222914,1.7315394649467,-0.0464215954836888
-160.790740834563,1.73153922860317,-0.04642160057428
-160.774099444738,1.73153899255938,-0.0464216053610859
-160.757458053408,1.7315387568157,-0.0464216097035682
-160.740816660505,1.73153852137509,-0.0464216137220693
-160.724175265996,1.73153828623955,-0.0464216176209209
-160.707533869947,1.73153805141242,-0.0464216212090801
-160.690892472402,1.73153781689669,-0.046421624235345
-160.674251073351,1.73153758269369,-0.0464216265645585
-160.657609672729,1.73153734880255,-0.0464216282598139
-160.640968270497,1.73153711522423,-0.0464216295246003
-160.624326866672,1.73153688196023,-0.0464216305446746
-160.607685461307,1.73153664901186,-0.0464216314380688
-160.591044054424,1.73153641638014,-0.046421632285413
-160.574402646023,1.73153618406589,-0.0464216330424026
-160.557761236072,1.73153595206994,-0.046421633636701
-160.5411198245,1.73153572039302,-0.0464216341175277
-160.524478411287,1.73153548903601,-0.0464216347552496
-160.50783699655,1.73153525800163,-0.0464216354387452
-160.491195580362,1.73153502729229,-0.0464216359455637
-160.474554162696,1.73153479690872,-0.0464216362219009
-160.457912743466,1.73153456684889,-0.0464216366632276
-160.44127132266,1.73153433711066,-0.0464216375449455
-160.424629900339,1.73153410769292,-0.0464216386338266
-160.407988476513,1.73153387859558,-0.046421639601616
-160.391347051098,1.73153364981928,-0.0464216403326707
-160.374705624009,1.73153342136512,-0.0464216411369952
-160.358064195323,1.73153319323424,-0.0464216421403377
-160.34142276512,1.73153296542753,-0.0464216433241777
-160.324781333416,1.73153273794556,-0.0464216446277914
-160.308139900157,1.73153251078871,-0.0464216460087224
-160.291498465327,1.73153228395713,-0.0464216474647773
-160.274857028987,1.73153205745086,-0.0464216489949704
-160.258215591151,1.73153183126981,-0.0464216505981385
-160.241574151778,1.73153160541418,-0.0464216522950476
-160.224932710807,1.7315313798849,-0.0464216541546493
-160.208291268295,1.7315311546826,-0.0464216559404664
-160.191649824284,1.73153092980791,-0.0464216573881471
-160.175008378757,1.73153070526162,-0.0464216584055754
-160.158366931639,1.73153048104489,-0.0464216592476773
-160.141725482902,1.73153025715841,-0.0464216601877326
-160.125084032581,1.73153003360207,-0.0464216613591349
-160.108442580726,1.73152981037595,-0.0464216627158508
-160.091801127391,1.73152958748037,-0.0464216639250177
-160.075159672549,1.7315293649155,-0.046421664690164
-160.05851821614,1.73152914268132,-0.0464216649007461
-160.041876758134,1.7315289207778,-0.0464216646507224
-160.025235298529,1.73152869920509,-0.0464216641470337
-160.008593837325,1.73152847796342,-0.0464216636971721
-159.991952374586,1.73152825705305,-0.046421663261032
-159.975310910367,1.73152803647417,-0.046421662688394
-159.95866944468,1.73152781622694,-0.0464216618828036
-159.942027977464,1.73152759631129,-0.0464216609657253
-159.925386508652,1.73152737672722,-0.0464216601400653
-159.90874503827,1.73152715747739,-0.0464216592008221
-159.89210356637,1.73152693856424,-0.0464216578897861
-159.87546209298,1.73152671998859,-0.0464216561149743
-159.85882061805,1.73152650174852,-0.0464216540919716
-159.842179141571,1.73152628384131,-0.046421651812491
-159.825537663533,1.73152606626274,-0.046421649137418
-159.808896183946,1.73152584900951,-0.0464216459695067
-159.792254702851,1.7315256320811,-0.0464216422735594
-159.775613220246,1.73152541548071,-0.046421638101023
-159.758971736088,1.73152519921198,-0.0464216335514679
-159.7423302503,1.73152498327753,-0.0464216288562805
-159.725688762883,1.73152476767861,-0.0464216242145689
-159.709047273883,1.73152455241482,-0.0464216197136937
-159.692405783362,1.73152433748381,-0.0464216152756096
-159.675764291376,1.73152412288253,-0.0464216106141107
-159.659122797918,1.73152390860922,-0.0464216054863649
-159.642481302952,1.73152369466372,-0.0464215997787066
-159.625839806447,1.73152348104693,-0.0464215934822473
-159.609198308379,1.73152326776074,-0.0464215867019265
-159.592556808704,1.73152305480869,-0.0464215797591989
-159.575915307421,1.73152284219363,-0.0464215729292948
-159.559273804564,1.73152262991692,-0.0464215663138651
-159.542632300191,1.73152241797882,-0.0464215597685
-159.525990794331,1.73152220637948,-0.0464215530881786
-159.50934928698,1.73152199512067,-0.0464215460568524
-159.492707778102,1.73152178420376,-0.046421538547918
-159.476066267666,1.73152157362922,-0.0464215305739745
-159.459424755631,1.73152136339699,-0.0464215223445095
-159.442783242012,1.73152115350595,-0.0464215140452397
-159.426141726844,1.73152094395272,-0.0464215057081723
-159.40950021014,1.73152073473444,-0.0464214973013424
-159.392858691869,1.73152052584982,-0.0464214888349638
-159.376217172017,1.73152031729904,-0.0464214804695718
-159.359575650602,1.73152010908312,-0.0464214723053448
-159.342934127662,1.73151990120313,-0.046421464234965
-159.326292603201,1.73151969365967,-0.0464214561272646
-159.309651077202,1.73151948645222,-0.0464214479264181
-159.293009549652,1.73151927957817,-0.0464214396965288
-159.276368020567,1.73151907303598,-0.0464214315332877
-159.259726489937,1.73151886682778,-0.0464214235782217
-159.243084957737,1.73151866095618,-0.0464214159293748
-159.226443423928,1.73151845542242,-0.0464214086232633
-159.209801888549,1.73151825022408,-0.0464214015699628
-159.193160351685,1.73151804535904,-0.0464213945924866
-159.176518813396,1.73151784082811,-0.0464213873305825
-159.159877273657,1.73151763663277,-0.0464213795042952
-159.14323573239,1.73151743277406,-0.0464213710387127
-159.126594189511,1.73151722925229,-0.0464213621257622
-159.109952645006,1.73151702606675,-0.0464213529824957
-159.093311098921,1.73151682321485,-0.0464213436899775
-159.076669551293,1.73151662069477,-0.0464213342588479
-159.060028002119,1.73151641850694,-0.0464213247412393
-159.043386451344,1.73151621665513,-0.0464213154207513
-159.026744899015,1.73151601514243,-0.0464213064811752
-159.010103345214,1.7315158139688,-0.0464212977633723
-158.993461789983,1.73151561313329,-0.0464212890240921
-158.976820233285,1.73151541263594,-0.0464212800964122
-158.960178675029,1.73151521247972,-0.046421271027065
-158.943537115129,1.73151501266633,-0.0464212619909488
-158.926895553612,1.73151481319545,-0.0464212529866646
-158.910253990538,1.73151461406628,-0.0464212439565574
-158.893612425939,1.73151441527784,-0.0464212348776393
-158.876970859831,1.73151421682976,-0.046421225803585
-158.860329292214,1.73151401872353,-0.0464212167631634
-158.843687723058,1.73151382096172,-0.0464212077995806
-158.827046152335,1.73151362354511,-0.0464211989775362
-158.810404580078,1.73151342647198,-0.0464211903794013
-158.79376300632,1.73151322974256,-0.0464211819628192
-158.777121431052,1.73151303335756,-0.0464211736429338
-158.760479854221,1.73151283731691,-0.0464211653648082
-158.743838275809,1.73151264161971,-0.0464211571197219
-158.727196695822,1.7315124462643,-0.0464211489060429
-158.710555114267,1.73151225124742,-0.0464211406767846
-158.693913531157,1.73151205656665,-0.0464211324129044
-158.677271946503,1.73151186222112,-0.0464211241631243
-158.660630360289,1.73151166821139,-0.04642111610999
-158.643988772522,1.73151147453841,-0.0464211084152344
-158.627347183252,1.73151128120234,-0.0464211011655003
-158.610705592477,1.73151108820121,-0.0464210944188692
-158.594064000176,1.73151089553605,-0.0464210881016395
-158.577422406326,1.73151070321029,-0.0464210820336828
-158.560780810948,1.73151051122249,-0.0464210758859797
-158.544139214075,1.73151031957221,-0.0464210693451815
-158.527497615744,1.73151012826019,-0.0464210622403452
-158.510856015917,1.73150993728778,-0.0464210546123464
-158.494214414503,1.73150974665223,-0.0464210467000892
-158.477572811428,1.73150955635174,-0.0464210387427602
-158.460931206723,1.73150936638796,-0.0464210309607339
-158.444289600447,1.73150917676379,-0.0464210234836873
-158.427647992643,1.7315089874822,-0.0464210163609679
-158.411006383359,1.73150879854312,-0.0464210093665163
-158.394364772603,1.73150860994535,-0.0464210022485143
-158.377723160338,1.73150842168747,-0.0464209948496945
-158.361081546522,1.73150823376827,-0.0464209871156649
-158.344439931107,1.73150804618708,-0.0464209791136833
-158.327798314055,1.73150785894379,-0.0464209711338704
-158.311156695374,1.73150767203887,-0.0464209635705294
-158.29451507514,1.73150748547359,-0.0464209566452679
-158.277873453407,1.73150729924864,-0.0464209504010722
-158.26123183017,1.73150711336365,-0.0464209448448846
-158.244590205363,1.73150692781669,-0.0464209401663166
-158.227948578981,1.73150674260698,-0.0464209364169024
-158.21130695109,1.73150655773454,-0.0464209333385757
-158.194665321789,1.73150637319986,-0.0464209303773373
-158.178023691079,1.73150618900364,-0.0464209270872774
-158.161382058882,1.7315060051468,-0.0464209232843094
-158.144740425085,1.73150582163078,-0.0464209190889591
-158.128098789668,1.73150563845657,-0.0464209147170353
-158.111457152646,1.73150545562469,-0.0464209104234019
-158.094815514017,1.73150527313473,-0.0464209065613546
-158.078173873856,1.73150509098575,-0.0464209029890397
-158.061532232243,1.73150490917698,-0.0464208994255317
-158.044890589195,1.73150472770792,-0.0464208956415082
-158.028248944688,1.73150454657844,-0.0464208914902351
-158.011607298669,1.73150436578877,-0.0464208869030181
-157.994965651076,1.73150418533936,-0.0464208818764149
-157.97832400184,1.73150400523083,-0.0464208765036947
-157.961682350942,1.7315038254638,-0.0464208710450104
-157.945040698427,1.73150364603862,-0.046420865761423
-157.928399044395,1.73150346695513,-0.0464208608049613
-157.911757388959,1.73150328821284,-0.0464208557880935
-157.895115732118,1.73150310981136,-0.0464208502740542
-157.878474073778,1.73150293175054,-0.0464208440772655
-157.861832413867,1.73150275403053,-0.046420837367956
-157.845190752388,1.73150257665459,-0.0464208302025867
-157.828549089357,1.73150239962514,-0.0464208225621428
-157.811907424782,1.73150222294044,-0.0464208143858719
-157.795265758653,1.73150204659597,-0.0464208057042677
-157.77862409095,1.73150187058956,-0.0464207966216578
-157.761982421652,1.73150169492453,-0.0464207873901006
-157.745340750758,1.73150151960304,-0.0464207782828821
-157.728699078288,1.73150134462544,-0.0464207694519505
-157.712057404293,1.73150116998919,-0.0464207608837374
-157.695415728801,1.73150099569223,-0.0464207524892501
-157.678774051798,1.73150082173435,-0.0464207441620027
-157.662132373238,1.73150064811707,-0.0464207358300973
-157.645490693173,1.73150047484444,-0.0464207273959928
-157.628849011631,1.73150030191973,-0.0464207187540348
-157.612207328581,1.73150012934268,-0.0464207097846113
-157.595565643919,1.73149995711123,-0.0464207004838107
-157.578923957632,1.73149978522411,-0.0464206909659313
-157.562282269791,1.73149961368256,-0.0464206814193872
-157.54564058044,1.73149944248746,-0.0464206719968503
-157.528998889567,1.73149927164091,-0.04642066273256
-157.512357197099,1.73149910114539,-0.0464206536562689
-157.495715503051,1.73149893100243,-0.0464206448022316
-157.479073807439,1.73149876121249,-0.0464206362771254
-157.462432110228,1.73149859177553,-0.0464206284878539
-157.445790411438,1.7314984226919,-0.0464206216176553
-157.429148711132,1.73149825396129,-0.046420615516334
-157.41250700935,1.7314980855803,-0.0464206098666874
-157.395865306075,1.73149791754589,-0.0464206044134501
-157.379223601247,1.73149774985771,-0.0464205990703855
-157.362581894835,1.73149758251994,-0.0464205939766049
-157.345940186882,1.7314974155365,-0.0464205893124512
-157.329298477418,1.73149724890837,-0.0464205851733835
-157.312656766488,1.73149708263348,-0.0464205811830534
-157.296015054044,1.73149691670948,-0.046420576971064
-157.279373340034,1.73149675113516,-0.0464205723948827
-157.262731624437,1.73149658591109,-0.0464205675653802
-157.246089907275,1.73149642103827,-0.0464205626511126
-157.229448188609,1.73149625651642,-0.046420557764363
-157.212806468453,1.7314960923412,-0.0464205529386834
-157.196164746782,1.73149592850895,-0.0464205481611729
-157.179523023554,1.73149576501932,-0.0464205434088278
-157.162881298746,1.7314956018775,-0.0464205386670427
-157.146239572352,1.73149543908876,-0.046420533942674
-157.129597844432,1.73149527665628,-0.0464205292763421
-157.112956115009,1.73149511458116,-0.0464205247732162
-157.096314384091,1.73149495286309,-0.0464205203696633
-157.079672651639,1.731494791501,-0.0464205159725453
-157.063030917617,1.73149463049357,-0.0464205116264632
-157.04638918203,1.73149446983994,-0.0464205076518997
-157.02974744493,1.73149430954011,-0.0464205041171151
-157.013105706324,1.73149414959446,-0.0464205009447921
-156.996463966161,1.73149399000314,-0.0464204980928465
-156.979822224461,1.73149383076645,-0.0464204955801728
-156.963180481317,1.7314936718862,-0.0464204930645115
-156.946538736755,1.73149351336358,-0.0464204901939623
-156.929896990707,1.73149335519813,-0.0464204868750575
-156.913255243046,1.73149319738706,-0.0464204834875499
-156.89661349375,1.73149303992785,-0.0464204802594587
-156.879971742845,1.73149288281908,-0.0464204772814957
-156.86332999038,1.73149272606023,-0.0464204745796732
-156.846688236398,1.73149256965135,-0.0464204721386766
-156.830046480948,1.7314924135927,-0.0464204698810249
-156.813404724084,1.7314922578844,-0.0464204675733062
-156.796762965781,1.73149210252636,-0.0464204650024818
-156.780121205964,1.73149194751864,-0.0464204621235868
-156.763479444532,1.73149179286229,-0.0464204592367346
-156.746837681457,1.73149163855889,-0.0464204566106664
-156.730195916791,1.73149148460769,-0.0464204541097372
-156.713554150598,1.73149133100751,-0.0464204515302131
-156.696912382915,1.73149117775783,-0.0464204487636028
-156.68027061375,1.73149102485905,-0.0464204458541246
-156.663628843087,1.73149087231015,-0.0464204428384842
-156.646987070908,1.7314907201104,-0.0464204397323387
-156.630345297192,1.73149056826012,-0.046420436521143
-156.613703521929,1.73149041676073,-0.0464204331203326
-156.597061745097,1.73149026561361,-0.0464204294698741
-156.580419966697,1.7314901148196,-0.0464204255805751
-156.563778186748,1.73148996437883,-0.0464204215524935
-156.547136405258,1.73148981429086,-0.0464204175046895
-156.530494622217,1.73148966455513,-0.0464204135757781
-156.513852837627,1.73148951517114,-0.0464204096863954
-156.497211051509,1.73148936613857,-0.0464204057230673
-156.480569263889,1.73148921745689,-0.0464204016335939
-156.463927474755,1.73148906912472,-0.0464203974954442
-156.44728568408,1.7314889211409,-0.0464203933995931
-156.430643891837,1.73148877350494,-0.0464203894208861
-156.414002098017,1.73148862621758,-0.0464203856427836
-156.397360302622,1.73148847927991,-0.0464203821252004
-156.380718505668,1.73148833269301,-0.0464203789361344
-156.36407670718,1.73148818645696,-0.0464203761559846
-156.347434907247,1.73148804056918,-0.0464203734830868
-156.330793105901,1.73148789502688,-0.0464203705885238
-156.314151303133,1.7314877498292,-0.0464203672826645
-156.297509498865,1.73148760497861,-0.0464203636056422
-156.280867692994,1.73148746047792,-0.046420359852775
-156.264225885464,1.73148731632889,-0.0464203563086752
-156.247584076295,1.73148717253192,-0.046420353196041
-156.230942265567,1.73148702908612,-0.0464203507020614
-156.21430045339,1.73148688598849,-0.0464203486197117
-156.197658639803,1.73148674323371,-0.0464203465538467
-156.181016824745,1.73148660081891,-0.0464203442012304
-156.164375008173,1.73148645874597,-0.0464203413721365
-156.147733190103,1.73148631701793,-0.0464203380008555
-156.131091370533,1.73148617563825,-0.0464203341015886
-156.114449549435,1.73148603461321,-0.0464203297331765
-156.097807726755,1.73148589394739,-0.0464203249892289
-156.081165902484,1.73148575364183,-0.0464203200250835
-156.064524076655,1.73148561369277,-0.0464203151255217
-156.047882249307,1.73148547409614,-0.0464203104586024
-156.031240420472,1.73148533485022,-0.0464203059635349
-156.01459859014,1.73148519595474,-0.0464203015216269
-155.997956758295,1.73148505741026,-0.0464202970598088
-155.981314924911,1.73148491921778,-0.0464202925969086
-155.964673089988,1.73148478137807,-0.0464202881118746
-155.948031253527,1.73148464389097,-0.0464202835860911
-155.931389415539,1.73148450675572,-0.0464202790575401
-155.914747576007,1.73148436997147,-0.0464202747026855
-155.898105734923,1.73148423353727,-0.0464202706925141
-155.881463892291,1.73148409745189,-0.0464202671388805
-155.864822048154,1.7314839617131,-0.0464202639100538
-155.848180202544,1.73148382631865,-0.0464202608235592
-155.831538355443,1.731483691267,-0.0464202578086797
-155.814896506779,1.73148355655809,-0.0464202550655427
-155.798254656519,1.7314834221923,-0.0464202527179583
-155.781612804683,1.73148328817036,-0.0464202507926015
-155.764970951318,1.73148315449214,-0.046420249230242
-155.748329096479,1.7314830211561,-0.0464202477996935
-155.731687240187,1.73148288816051,-0.0464202462953689
-155.715045382428,1.73148275550411,-0.0464202445707337
-155.698403523216,1.7314826231856,-0.0464202424199457
-155.68176166254,1.73148249120351,-0.0464202396959946
-155.665119800338,1.73148235955678,-0.0464202364209504
-155.648477936503,1.73148222824488,-0.0464202329585187
-155.631836070994,1.73148209726724,-0.0464202296719528
-155.615194203857,1.73148196662266,-0.0464202267901146
-155.598552335159,1.73148183630943,-0.0464202244220418
-155.581910464967,1.73148170632755,-0.0464202225434242
-155.565268593324,1.73148157667806,-0.0464202210799444
-155.548626720232,1.73148144736155,-0.0464202199015493
-155.531984845679,1.73148131837791,-0.0464202187600326
-155.515342969634,1.73148118972656,-0.04642021746565
-155.498701092056,1.73148106140701,-0.0464202159507977
-155.482059212898,1.73148093342,-0.046420214285997
-155.465417332157,1.73148080576545,-0.0464202125718556
-155.448775449857,1.7314806784409,-0.0464202108362282
-155.432133566031,1.73148055144392,-0.0464202090931357
-155.415491680684,1.73148042477306,-0.0464202074170401
-155.39884979376,1.73148029842748,-0.0464202060937212
-155.382207905229,1.73148017240655,-0.0464202053685851
-155.365566015154,1.73148004670942,-0.0464202052878494
-155.348924123624,1.73147992133565,-0.0464202057903922
-155.332282230708,1.73147979628596,-0.0464202067415056
-155.315640336387,1.73147967156371,-0.0464202079456273
-155.298998440581,1.73147954717164,-0.0464202092528683
-155.282356543217,1.73147942311034,-0.0464202105445102
-155.265714644289,1.73147929937734,-0.046420211576219
-155.249072743775,1.7314791759698,-0.0464202122009562
-155.2324308417,1.73147905288573,-0.0464202124540045
-155.21578893813,1.7314789301241,-0.0464202126190641
-155.199147033048,1.73147880768479,-0.0464202131517713
-155.182505126448,1.73147868556864,-0.0464202142133353
-155.165863218322,1.73147856377653,-0.0464202157758704
-155.149221308677,1.73147844230886,-0.0464202177081712
-155.13257939754,1.73147832116519,-0.0464202197471399
-155.115937484923,1.73147820034488,-0.046420221632291
-155.099295570814,1.73147807984745,-0.0464202230825578
-155.082653655191,1.73147795967265,-0.0464202239463691
-155.066011738019,1.73147783982069,-0.0464202243019154
-155.04936981931,1.73147772029281,-0.0464202245786346
-155.032727899067,1.73147760108982,-0.0464202251541132
-155.016085977272,1.731477482211,-0.0464202263104401
-154.999444053914,1.7314773636556,-0.0464202281667649
-154.982802129012,1.73147724542314,-0.0464202306945142
-154.96616020261,1.73147712751306,-0.0464202337331308
-154.949518274752,1.7314770099263,-0.0464202369883012
-154.932876345474,1.73147689266203,-0.0464202400265252
-154.916234414761,1.73147677571717,-0.0464202424716126
-154.899592482539,1.73147665908982,-0.0464202441518769
-154.882950548734,1.73147654278033,-0.0464202451610597
-154.866308613297,1.73147642679147,-0.0464202459746046
-154.849666676232,1.73147631112552,-0.0464202470949545
-154.833024737589,1.73147619578357,-0.046420248825759
-154.816382797436,1.73147608076592,-0.0464202512260699
-154.799740855831,1.73147596607247,-0.0464202540820108
-154.783098912798,1.73147585170313,-0.0464202571368463
-154.766456968301,1.73147573765797,-0.0464202602760212
-154.749815022267,1.73147562393733,-0.0464202636348582
-154.733173074714,1.73147551054072,-0.046420266949425
-154.71653112565,1.73147539746786,-0.0464202699314016
-154.699889175069,1.73147528471899,-0.0464202724363645
-154.683247222959,1.73147517229441,-0.0464202744412046
-154.666605269319,1.73147506019443,-0.0464202759948086
-154.649963314147,1.7314749484196,-0.0464202771529573
-154.633321357432,1.73147483697057,-0.0464202779075138
-154.616679399118,1.73147472584794,-0.0464202782830533
-154.60003743921,1.73147461505228,-0.0464202784100604
-154.583395477742,1.73147450458408,-0.0464202785421419
-154.566753514825,1.73147439444344,-0.046420278588822
-154.550111550494,1.73147428463007,-0.04642027835445
-154.533469584691,1.73147417514373,-0.0464202777381659
-154.516827617308,1.73147406598473,-0.0464202768666614
-154.500185648294,1.73147395715394,-0.0464202759584304
-154.483543677637,1.73147384865201,-0.0464202753266495
-154.466901705398,1.73147374047922,-0.046420275199915
-154.450259731703,1.73147363263557,-0.0464202756658812
-154.433617756581,1.73147352512087,-0.0464202767674733
-154.416975779989,1.73147341793442,-0.0464202784656463
-154.400333801882,1.73147331107502,-0.046420280576986
-154.383691822283,1.73147320454584,-0.0464202826633215
-154.367049841209,1.73147309835028,-0.0464202843703025
-154.350407858647,1.73147299249074,-0.0464202855644742
-154.333765874555,1.73147288697138,-0.0464202863882319
-154.317123888923,1.73147278179366,-0.0464202870351756
-154.300481901743,1.73147267695327,-0.0464202876485713
-154.283839913013,1.73147257244434,-0.0464202883473829
-154.267197922714,1.73147246825918,-0.0464202892884655
-154.250555930901,1.73147236439393,-0.0464202903993195
-154.233913937643,1.7314722608481,-0.046420291532763
-154.217271942944,1.73147215762327,-0.0464202926099751
-154.200629946734,1.73147205472238,-0.0464202937786102
-154.183987948947,1.73147195214806,-0.0464202952162141
-154.167345949598,1.73147184990197,-0.0464202969531118
-154.150703948778,1.7314717479848,-0.0464202986225185
-154.134061946513,1.73147164639645,-0.0464202998811019
-154.117419942792,1.73147154513651,-0.0464203006024834
-154.100777937619,1.7314714442048,-0.0464203009131074
-154.084135930965,1.73147134360154,-0.0464203009659589
-154.06749392277,1.731471243327,-0.046420300870985
-154.050851912948,1.73147114338061,-0.0464203007444364
-154.034209901519,1.73147104375963,-0.0464203007525746
-154.017567888551,1.73147094446181,-0.0464203009976867
-154.000925874095,1.73147084548623,-0.0464203015005794
-153.984283858167,1.7314707468331,-0.046420302232967
-153.967641840763,1.73147064850344,-0.0464203031415674
-153.95099982189,1.73147055049934,-0.0464203041346479
-153.934357801535,1.73147045282278,-0.0464203051184626
-153.91771577966,1.73147035547615,-0.0464203060146804
-153.901073756193,1.73147025846225,-0.0464203068535624
-153.884431731128,1.73147016178236,-0.0464203077513633
-153.867789704546,1.73147006543606,-0.0464203088469658
-153.85114767652,1.73146996942576,-0.0464203100652969
-153.834505647046,1.73146987375325,-0.046420311272416
-153.817863616061,1.73146977841765,-0.0464203124161614
-153.801221583506,1.73146968341307,-0.0464203136350849
-153.784579549367,1.73146958873349,-0.046420315104277
-153.767937513657,1.73146949437428,-0.0464203170307494
-153.751295476437,1.73146940033328,-0.0464203194356634
-153.734653437798,1.73146930661052,-0.046420321900148
-153.718011397751,1.73146921320715,-0.0464203240105703
-153.701369356231,1.73146912012487,-0.0464203255671096
-153.684727313157,1.73146902736603,-0.0464203266439728
-153.668085268484,1.73146893493229,-0.0464203274515164
-153.651443222232,1.73146884282427,-0.0464203283100583
-153.634801174443,1.73146875104149,-0.0464203294531716
-153.618159125133,1.73146865958181,-0.0464203310187959
-153.601517074291,1.73146856844356,-0.046420333085385
-153.584875021898,1.73146847762697,-0.0464203357937856
-153.568232967965,1.73146838713225,-0.046420339206721
-153.551590912521,1.73146829695988,-0.0464203433018038
-153.534948855597,1.73146820711045,-0.0464203479749369
-153.518306797205,1.73146811758246,-0.0464203530515135
-153.501664737347,1.73146802837542,-0.0464203583296372
-153.485022676107,1.7314679394931,-0.0464203633971285
-153.468380613488,1.7314678509384,-0.0464203679143023
-153.451738549398,1.73146776271099,-0.0464203718219659
-153.435096483688,1.73146767480772,-0.0464203755276421
-153.418454416309,1.7314675872296,-0.0464203793216186
-153.401812347319,1.73146749997765,-0.0464203833559105
-153.385170276798,1.73146741304989,-0.0464203877292327
-153.368528204792,1.73146732643822,-0.0464203926245656
-153.35188613133,1.73146724013519,-0.0464203980817806
-153.335244056468,1.7314671541369,-0.0464204038000643
-153.318601980205,1.73146706844175,-0.0464204094536922
-153.301959902488,1.73146698304992,-0.0464204148404156
-153.285317823246,1.73146689796327,-0.0464204199060236
-153.268675742428,1.73146681318441,-0.046420424663668
-153.252033660071,1.73146672871525,-0.0464204291658312
-153.23539157621,1.73146664455628,-0.0464204334872847
-153.218749490841,1.73146656070407,-0.0464204377234594
-153.202107403937,1.73146647715437,-0.0464204419130219
-153.185465315521,1.73146639390374,-0.046420445937675
-153.168823225633,1.73146631095017,-0.0464204496680921
-153.152181134274,1.73146622829304,-0.0464204530563643
-153.135539041398,1.73146614593244,-0.0464204562378458
-153.118896946974,1.73146606386856,-0.0464204593308113
-153.102254851038,1.73146598210144,-0.0464204622671344
-153.085612753616,1.7314659006308,-0.0464204649419679
-153.068970654698,1.73146581945618,-0.0464204673042053
-153.052328554236,1.73146573857697,-0.0464204694239719
-153.035686452217,1.73146565799254,-0.0464204714062418
-153.019044348664,1.73146557770167,-0.0464204733407993
-153.002402243608,1.73146549770218,-0.0464204753051005
-152.985760137062,1.73146541799247,-0.0464204773317721
-152.969118029014,1.73146533857264,-0.0464204793733656
-152.952475919446,1.73146525944626,-0.0464204812252436
-152.935833808375,1.73146518061664,-0.046420482731646
-152.919191695805,1.73146510208477,-0.0464204838476632
-152.902549581733,1.73146502384872,-0.0464204846444392
-152.885907466183,1.73146494590782,-0.0464204851400012
-152.869265349153,1.73146486826164,-0.0464204853251169
-152.852623230616,1.73146479090903,-0.0464204852510778
-152.835981110532,1.73146471384716,-0.0464204851919834
-152.81933898888,1.73146463707435,-0.0464204854509508
-152.802696865667,1.73146456058895,-0.0464204861258228
-152.786054740883,1.73146448438996,-0.0464204871943165
-152.76941261456,1.73146440847682,-0.0464204885642404
-152.752770486745,1.73146433284844,-0.0464204901083061
-152.736128357469,1.73146425750376,-0.0464204916846524
-152.71948622676,1.73146418244143,-0.046420493037836
-152.702844094602,1.73146410766094,-0.0464204939897353
-152.686201960962,1.73146403316311,-0.0464204945072375
-152.669559825811,1.73146395895101,-0.0464204947379852
-152.652917689121,1.73146388502783,-0.046420494919244
-152.636275550917,1.73146381139734,-0.0464204950269296
-152.619633411214,1.73146373806182,-0.0464204949615555
-152.602991270018,1.73146366502124,-0.0464204946687491
-152.586349127331,1.73146359227273,-0.0464204941716877
-152.569706983161,1.73146351981493,-0.0464204934369292
-152.553064837493,1.73146344764714,-0.0464204924265245
-152.536422690272,1.73146337576829,-0.0464204911819724
-152.519780541473,1.7314633041755,-0.0464204899181477
-152.503138391135,1.73146323286633,-0.046420488805869
-152.486496239318,1.73146316183942,-0.0464204878499896
-152.469854086045,1.73146309109439,-0.0464204869899197
-152.453211931317,1.73146302063172,-0.0464204861589688
-152.436569775121,1.73146295045244,-0.0464204853047896
-152.419927617473,1.73146288055722,-0.0464204843800653
-152.403285458358,1.73146281094615,-0.0464204833359518
-152.386643297742,1.73146274161899,-0.0464204821367005
-152.370001135581,1.73146267257542,-0.0464204807761951
-152.353358971853,1.73146260381521,-0.0464204792959647
-152.336716806531,1.73146253533823,-0.0464204778324286
-152.320074639668,1.73146246714442,-0.0464204765130542
-152.303432471318,1.73146239923409,-0.0464204754248888
-152.286790301499,1.7314623316082,-0.0464204746505638
-152.270148130252,1.73146226426646,-0.046420474048815
-152.253505957585,1.7314621972081,-0.046420473398163
-152.236863783505,1.73146213043254,-0.0464204723924983
-152.22022160798,1.73146206393941,-0.0464204708084433
-152.203579430934,1.73146199772863,-0.046420468594979
-152.186937252249,1.73146193180035,-0.0464204659991649
-152.170295071885,1.73146186615489,-0.0464204634572285
-152.153652889887,1.73146180079244,-0.046420461316481
-152.137010706348,1.73146173571292,-0.0464204597568829
-152.120368521344,1.7314616709161,-0.0464204588128137
-152.103726334903,1.73146160640182,-0.0464204584366664
-152.087084147028,1.7314615421704,-0.0464204585527718
-152.070441957732,1.73146147822122,-0.046420458995855
-152.053799767009,1.73146141455519,-0.0464204595357807
-152.037157574815,1.73146135117339,-0.0464204600111444
-152.020515381079,1.73146128807666,-0.0464204604066044
-152.003873185717,1.73146122526361,-0.0464204608620908
-151.987230988718,1.73146116273248,-0.046420461563751
-151.970588790141,1.73146110048124,-0.0464204626870413
-151.953946590062,1.73146103850874,-0.0464204643266767
-151.937304388554,1.73146097681588,-0.0464204664503308
-151.920662185637,1.73146091540666,-0.0464204688794458
-151.904019981262,1.73146085428432,-0.046420471440664
-151.887377775352,1.73146079344923,-0.046420474035878
-151.870735567947,1.73146073289957,-0.0464204766644964
-151.854093359068,1.73146067263333,-0.0464204793693437
-151.837451148692,1.73146061264913,-0.0464204822599777
-151.820808936838,1.73146055294642,-0.0464204851807522
-151.804166723531,1.73146049352525,-0.0464204878060582
-151.787524508772,1.73146043438601,-0.0464204898917157
-151.770882292537,1.73146037552972,-0.0464204913778192
-151.754240074768,1.73146031695917,-0.0464204924974769
-151.737597855434,1.73146025867598,-0.0464204935544998
-151.720955634534,1.73146020067867,-0.046420494902775
-151.704313412125,1.73146014296567,-0.046420496598398
-151.687671188242,1.73146008553592,-0.0464204985380981
-151.671028962885,1.7314600283887,-0.0464205005620766
-151.654386736067,1.73145997152326,-0.0464205024259544
-151.637744507784,1.73145991493917,-0.0464205039501162
-151.621102278003,1.73145985863645,-0.0464205050706001
-151.604460046704,1.73145980261501,-0.0464205058259283
-151.587817813875,1.73145974687421,-0.0464205063613474
-151.57117557949,1.7314596914145,-0.0464205069484874
-151.554533343555,1.73145963623643,-0.0464205078759316
-151.537891106111,1.73145958134016,-0.0464205093338726
-151.52124886723,1.73145952672708,-0.046420511394064
-151.504606626951,1.73145947240265,-0.0464205138738307
-151.487964385237,1.73145941837204,-0.0464205165708923
-151.471322142011,1.73145936463877,-0.0464205193864894
-151.454679897276,1.73145931119828,-0.046420522059053
-151.438037651061,1.7314592580461,-0.0464205243145968
-151.421395403369,1.73145920517892,-0.0464205260092048
-151.404753154142,1.73145915259368,-0.0464205272902757
-151.388110903297,1.73145910028643,-0.0464205289040014
-151.37146865085,1.73145904825458,-0.0464205313699168
-151.354826396867,1.73145899649682,-0.0464205347661644
-151.33818414139,1.73145894501319,-0.0464205389020794
-151.321541884486,1.73145889380485,-0.0464205432691117
-151.30489962619,1.73145884287292,-0.0464205474330857
-151.288257366519,1.73145879221834,-0.0464205511843196
-151.271615105406,1.73145874184271,-0.0464205545537943
-151.254972842799,1.731458691748,-0.0464205574207836
-151.238330578639,1.73145864193515,-0.0464205596939125
-151.221688312904,1.73145859240345,-0.0464205613943101
-151.205046045605,1.73145854314963,-0.0464205626571741
-151.188403776771,1.73145849417063,-0.0464205636121785
-151.171761506418,1.73145844546442,-0.0464205643431422
-151.155119234561,1.73145839702996,-0.0464205648935541
-151.138476961185,1.73145834886701,-0.0464205653897635
-151.12183468625,1.73145830097587,-0.046420566187594
-151.105192409843,1.73145825335704,-0.0464205670268572
-151.088550132025,1.73145820601106,-0.0464205675184188
-151.071907852779,1.73145815893842,-0.0464205674421178
-151.055265572042,1.73145811213955,-0.0464205668588541
-151.038623289753,1.73145806561501,-0.0464205659579289
-151.021981005875,1.73145801936534,-0.0464205650510513
-151.005338720417,1.73145797339091,-0.0464205643849599
-150.988696433444,1.73145792769207,-0.0464205641014627
-150.972054144993,1.73145788226878,-0.0464205642894795
-150.955411855086,1.73145783712075,-0.046420564860043
-150.938769563689,1.73145779224674,-0.046420565689027
-150.922127270755,1.73145774764569,-0.0464205667461356
-150.905484976288,1.73145770331908,-0.0464205681586023
-150.888842680397,1.73145765926583,-0.046420569883154
-150.872200383141,1.73145761548712,-0.0464205716554465
-150.855558084484,1.73145757198301,-0.0464205732266186
-150.838915784338,1.73145752874976,-0.0464205744730946
-150.822273482624,1.73145748577835,-0.0464205755384634
-150.805631179305,1.73145744305927,-0.0464205767331618
-150.788988874383,1.73145740058766,-0.0464205783877672
-150.772346567964,1.73145735836226,-0.0464205803444901
-150.75570426012,1.73145731638335,-0.0464205823326596
-150.739061950843,1.73145727465201,-0.0464205842069403
-150.722419640053,1.7314572331703,-0.046420586078047
-150.705777327721,1.73145719193862,-0.0464205880906062
-150.689135013866,1.73145715095566,-0.0464205903335283
-150.67249269853,1.73145711021829,-0.0464205927646952
-150.655850381755,1.73145706972536,-0.0464205952446236
-150.63920806355,1.73145702947641,-0.0464205976546791
-150.622565743933,1.73145698947146,-0.0464205999123453
-150.605923422871,1.73145694971044,-0.0464206019776495
-150.589281100285,1.73145691019181,-0.0464206038927162
-150.572638776096,1.73145687091571,-0.0464206056805456
-150.555996450337,1.7314568318829,-0.0464206073745191
-150.539354123055,1.73145679309429,-0.0464206090711964
-150.522711794249,1.73145675455046,-0.0464206110386283
-150.506069463945,1.73145671625085,-0.0464206132318358
-150.489427132189,1.73145667819372,-0.0464206154758588
-150.472784799044,1.73145664037729,-0.0464206174786584
-150.456142464498,1.73145660280057,-0.0464206190067301
-150.439500128479,1.73145656546418,-0.0464206200281667
-150.422857790882,1.73145652837272,-0.046420620883629
-150.406215451677,1.73145649152934,-0.0464206219535826
-150.389573110886,1.73145645493187,-0.0464206235668848
-150.372930768579,1.73145641857501,-0.0464206257706033
-150.356288424825,1.73145638245689,-0.0464206283672073
-150.339646079657,1.73145634657728,-0.0464206311477596
-150.323003733065,1.73145631093669,-0.0464206340110923
-150.306361385017,1.73145627553089,-0.0464206368793389
-150.289719035482,1.73145624035534,-0.0464206396627295
-150.273076684445,1.73145620540652,-0.0464206421537696
-150.256434331917,1.73145617068274,-0.0464206442111684
-150.239791977925,1.73145613618453,-0.0464206458020623
-150.223149622463,1.73145610191519,-0.0464206470099801
-150.206507265508,1.73145606787789,-0.0464206479344092
-150.189864907019,1.73145603407423,-0.0464206487352581
-150.173222546944,1.73145600050394,-0.0464206498324089
-150.156580185296,1.73145596716566,-0.0464206515316029
-150.13993782214,1.73145593405669,-0.0464206538565555
-150.123295457537,1.73145590117489,-0.0464206567004487
-150.106653091549,1.73145586852076,-0.0464206598368695
-150.090010724213,1.73145583609984,-0.0464206627775405
-150.07336835548,1.73145580391727,-0.0464206651333111
-150.056725985229,1.73145577197504,-0.0464206668458575
-150.040083613372,1.73145574027079,-0.0464206683592939
-150.023441239938,1.73145570879889,-0.0464206700255272
-150.006798864993,1.73145567755559,-0.0464206719868086
-149.99015648858,1.73145564654144,-0.0464206741830963
-149.973514110676,1.73145561575814,-0.0464206765077625
-149.956871731246,1.73145558520712,-0.0464206789349345
-149.940229350285,1.73145555488923,-0.0464206816125598
-149.923586967834,1.7314555248047,-0.0464206846014438
-149.906944583964,1.73145549495334,-0.0464206876243845
-149.890302198692,1.73145546533461,-0.0464206904001791
-149.873659811984,1.73145543594783,-0.0464206928108615
-149.857017423794,1.73145540679227,-0.0464206949732368
-149.840375034088,1.73145537786726,-0.0464206970355632
-149.82373264285,1.73145534917236,-0.0464206990982586
-149.807090250082,1.73145532070708,-0.0464207011931823
-149.790447855822,1.73145529246931,-0.0464207032539357
-149.773805460089,1.73145526445646,-0.046420705236093
-149.757163062867,1.73145523666846,-0.0464207071646069
-149.740520664118,1.7314552091102,-0.0464207091811549
-149.723878263888,1.73145518178536,-0.0464207111066519
-149.707235862219,1.73145515469589,-0.0464207127112833
-149.690593459111,1.73145512784268,-0.0464207138470486
-149.673951054529,1.73145510122573,-0.0464207144562043
-149.657308648409,1.73145507484434,-0.0464207145644996
-149.640666240708,1.7314550486976,-0.0464207143047517
-149.624023831466,1.73145502278473,-0.046420713946161
-149.607381420729,1.73145499710507,-0.0464207137190969
-149.590739008511,1.7314549716582,-0.0464207137925647
-149.574096594855,1.73145494644392,-0.0464207139646451
-149.55745417977,1.73145492146216,-0.0464207139724549
-149.540811763228,1.73145489671259,-0.0464207136712241
-149.524169345181,1.73145487219394,-0.0464207131154075
-149.507526925609,1.73145484790511,-0.0464207124142805
-149.490884504513,1.73145482384587,-0.0464207116681463
-149.474242081892,1.73145480001739,-0.0464207109806558
-149.45759965776,1.73145477642086,-0.0464207104216258
-149.44095723215,1.73145475305696,-0.0464207099792643
-149.424314805115,1.73145472992532,-0.0464207094531555
-149.407672376672,1.73145470702333,-0.046420708582544
-149.391029946799,1.73145468434875,-0.0464207071986768
-149.374387515466,1.73145466190105,-0.0464207052908844
-149.357745082603,1.73145463968288,-0.046420703140776
-149.341102648166,1.73145461769766,-0.0464207010734801
-149.324460212169,1.73145459594668,-0.0464206991132534
-149.307817774638,1.73145457442982,-0.0464206971899677
-149.291175335614,1.73145455314639,-0.0464206952312889
-149.274532895136,1.73145453209555,-0.04642069314237
-149.257890453214,1.73145451127656,-0.0464206908610549
-149.241248009825,1.73145449068902,-0.0464206883758312
-149.224605564939,1.73145447033282,-0.0464206857771902
-149.207963118529,1.73145445020804,-0.0464206833591843
-149.191320670614,1.73145443031506,-0.0464206812231852
-149.174678221236,1.73145441065515,-0.0464206791824469
-149.158035770393,1.73145439122911,-0.0464206770369618
-149.141393318067,1.73145437203665,-0.046420674685863
-149.124750864239,1.73145435307605,-0.0464206721436894
-149.108108408899,1.7314543343455,-0.0464206694742977
-149.091465952045,1.73145431584316,-0.0464206667669066
-149.074823493678,1.73145429756563,-0.0464206641742182
-149.058181033806,1.73145427951054,-0.0464206618782421
-149.041538572423,1.73145426168088,-0.0464206600796159
-149.024896109538,1.73145424408009,-0.0464206588673156
-149.008253645162,1.73145422671006,-0.046420658210091
-148.991611179305,1.7314542095713,-0.0464206580291924
-148.974968711988,1.73145419266337,-0.0464206582225736
-148.958326243224,1.7314541759855,-0.0464206586507875
-148.941683773033,1.73145415953658,-0.0464206591639043
-148.925041301412,1.73145414331469,-0.0464206595486932
-148.908398828322,1.73145412731836,-0.0464206596540947
-148.891756353679,1.73145411154708,-0.0464206594964485
-148.875113877423,1.73145409600123,-0.046420659366123
-148.858471399592,1.73145408068241,-0.0464206594845606
-148.84182892026,1.73145406559261,-0.0464206599297512
-148.825186439472,1.73145405073308,-0.0464206606972219
-148.808543957237,1.73145403610328,-0.0464206617329137
-148.791901473594,1.73145402169908,-0.046420662866534
-148.775258988544,1.73145400751734,-0.0464206638774194
-148.758616502083,1.73145399355857,-0.046420664415166
-148.741974014173,1.73145397982427,-0.0464206642387121
-148.72533152474,1.73145396631552,-0.04642066338896
-148.70868903368,1.73145395303278,-0.0464206623556414
-148.692046541022,1.73145393997609,-0.0464206613514743
-148.675404046842,1.7314539271452,-0.0464206604156913
-148.65876155119,1.73145391453952,-0.0464206595637487
-148.642119054086,1.73145390215863,-0.046420658906157
-148.625476555525,1.73145389000393,-0.046420658565056
-148.608834055518,1.73145387807628,-0.0464206585457135
-148.592191554084,1.73145386637471,-0.0464206586289483
-148.575549051219,1.73145385489801,-0.0464206585896945
-148.558906546885,1.73145384364581,-0.0464206583319477
-148.542264040999,1.73145383261872,-0.0464206580033333
-148.525621533467,1.73145382181585,-0.046420657780253
-148.508979024322,1.73145381123448,-0.046420657802452
-148.49233651367,1.73145380087171,-0.0464206581664746
-148.475694001615,1.73145379072714,-0.0464206588297117
-148.459051488225,1.73145378080088,-0.0464206596689022
-148.442408973469,1.73145377109368,-0.0464206605283709
-148.425766457251,1.73145376160595,-0.0464206613202641
-148.409123939494,1.73145375233537,-0.0464206619970429
-148.392481420216,1.73145374327812,-0.0464206625682096
-148.375838899447,1.73145373443058,-0.046420663068176
-148.359196377185,1.73145372578981,-0.0464206636059486
-148.34255385343,1.73145371735331,-0.0464206641953234
-148.325911328231,1.73145370911885,-0.046420664538098
-148.309268801607,1.73145370108457,-0.046420664349822
-148.292626273526,1.73145369324889,-0.046420663553934
-148.275983743884,1.73145368561038,-0.0464206624961548
-148.259341212595,1.73145367816778,-0.0464206616670089
-148.242698679803,1.73145367092021,-0.0464206612444722
-148.22605614562,1.73145366386666,-0.0464206611691421
-148.209413610048,1.73145365700516,-0.0464206613161455
-148.192771073016,1.73145365033179,-0.0464206615998712
-148.1761285345,1.73145364384504,-0.0464206617796255
-148.159485994482,1.7314536375445,-0.0464206616691154
-148.142843452962,1.7314536314296,-0.0464206612135332
-148.126200909944,1.73145362549839,-0.0464206604837184
-148.109558365417,1.73145361974876,-0.0464206596531667
-148.092915819374,1.73145361418325,-0.0464206590189585
-148.07627327181,1.73145360880791,-0.0464206589184439
-148.059630722748,1.73145360362332,-0.0464206594708065
-148.042988172213,1.7314535986244,-0.0464206606523864
-148.02634562026,1.73145359380454,-0.0464206621643061
-148.009703066933,1.73145358916133,-0.0464206636361663
-147.993060512204,1.73145358469531,-0.0464206648181656
-147.97641795603,1.73145358040825,-0.0464206655890928
-147.959775398356,1.73145357630275,-0.0464206658775741
-147.943132839135,1.73145357237965,-0.0464206657059531
-147.926490278346,1.73145356863763,-0.04642066523084
-147.909847716026,1.7314535650729,-0.0464206649148257
-147.89320515217,1.73145356168176,-0.046420665408094
-147.876562586841,1.7314535584611,-0.046420666745538
-147.859920020068,1.73145355540929,-0.0464206686650951
-147.84327745188,1.73145355252654,-0.0464206707492214
-147.826634882283,1.73145354981394,-0.0464206726500652
-147.809992311279,1.73145354727407,-0.0464206741105469
-147.793349738848,1.73145354490871,-0.046420675007826
-147.77670716495,1.73145354271837,-0.0464206753338619
-147.760064589551,1.73145354070253,-0.046420675148729
-147.743422012631,1.73145353885946,-0.0464206745545887
-147.726779434177,1.73145353718511,-0.0464206737151644
-147.710136854218,1.73145353567603,-0.0464206727546212
-147.693494272787,1.73145353433055,-0.0464206717221363
