-39.0051939321,1.7314915446,-0.0232
-38.994083432099,1.7314915446,-0.0232007395181984
-38.982975893053,1.7314915446,-0.0232016009743873
-38.9718729034758,1.7314915446,-0.0232015261963321
-38.9607752174127,1.7314915446,-0.023200529846204
-38.949683163703,1.7314915446,-0.0231992466236218
-38.9385968690134,1.73149154460052,-0.0231984721082778
-38.9275163728821,1.73149154460391,-0.0231988553013804
-38.9164416824645,1.7314915446115,-0.0232007804858175
-38.9053727970884,1.73149154462168,-0.0232043907804985
-38.8943097192737,1.73149154463183,-0.0232096776362351
-38.8832524602623,1.73149154463819,-0.0232165736856392
-38.8722010432304,1.73149154463821,-0.02322501638509
-38.861155504767,1.73149154463221,-0.0232349768405001
-38.8501158950998,1.73149154462536,-0.0232464627315456
-38.8390822767925,1.73149154462255,-0.0232595082306937
-38.8280547224991,1.73149154462588,-0.0232741605394089
-38.8170333118281,1.7314915446336,-0.0232904686347239
-38.8060181275799,1.73149154464305,-0.0233084763722959
-38.7950092519471,1.73149154465216,-0.0233282195521809
-38.7840067631266,1.7314915446598,-0.023349725849105
-38.7730107331933,1.73149154466529,-0.0233730163757008
-38.7620212275773,1.73149154466763,-0.0233981077699156
-38.751038306358,1.73149154466758,-0.0234250136607788
-38.7400620267088,1.73149154466673,-0.023453745757279
-38.729092446132,1.73149154466775,-0.0234843143821154
-38.7181296259854,1.73149154467266,-0.0235167284785042
-38.7071736348196,1.73149154468124,-0.0235509953587541
-38.6962245513251,1.7314915446955,-0.0235871202633473
-38.6852824664893,1.73149154471715,-0.0236251063597511
-38.674347485335,1.73149154474653,-0.0236649547774365
-38.6634197280634,1.73149154478194,-0.0237066647288812
-38.6524993297262,1.73149154481717,-0.0237502337602458
-38.6415864343813,1.73149154484668,-0.0237956576042555
-38.6306811609749,1.73149154486669,-0.0238429300821829
-38.6197834157713,1.7314915448759,-0.0238920435245245
-38.6088921844843,1.73149154487496,-0.023942989011387
-38.598005208315,1.73149154486555,-0.0239957563698025
-38.587120452028,1.73149154485003,-0.0240503334052462
-38.5762370819352,1.73149154483231,-0.0241067042397426
-38.5653553935695,1.7314915448153,-0.0241648482035485
-38.5544761514699,1.73149154480027,-0.0242247402065644
-38.5435999211636,1.73149154478724,-0.0242863526196871
-38.5327268310315,1.73149154477557,-0.0243496576886815
-38.5218566967255,1.73149154476447,-0.0244146290414865
-38.5109892777481,1.73149154475329,-0.0244812421457455
-38.5001244557386,1.73149154474164,-0.0245494738391955
-38.4892622600678,1.73149154472942,-0.0246193014194091
-38.4784027945102,1.73149154471668,-0.0246907021418339
-38.4675461555817,1.73149154470356,-0.0247636530020184
-38.4566923963123,1.7314915446902,-0.0248381307558418
-38.4458415366367,1.73149154467673,-0.0249141120943788
-38.4349935926532,1.73149154466322,-0.024991573861676
-38.424148598184,1.73149154464969,-0.0250704929818633
-38.4133066090602,1.73149154463618,-0.0251508464794459
-38.4024676961148,1.73149154462267,-0.0252326113704405
-38.3916319376443,1.73149154460916,-0.0253157646303976
-38.3807994183616,1.73149154459568,-0.0254002832855119
-38.3699702352966,1.73149154458223,-0.025486144451603
-38.3591445079483,1.73149154456884,-0.0255733253468095
-38.3483223903223,1.73149154455554,-0.0256618032445104
-38.3375040836315,1.73149154454235,-0.0257515553506658
-38.3266898406475,1.73149154452931,-0.0258425590396574
-38.3158798169208,1.73149154451644,-0.0259347920262623
-38.3050726686837,1.73149154450376,-0.0260282328506655
-38.294265039998,1.73149154449133,-0.0261228605667258
-38.2834544008848,1.73149154447916,-0.0262186518238827
-38.2726394286635,1.73149154446729,-0.026315578156989
-38.2618194907072,1.73149154445574,-0.026413605130738
-38.2509943397395,1.73149154444451,-0.0265126931683885
-38.2401640223208,1.73149154443365,-0.0266127997248645
-38.2293289423113,1.73149154442316,-0.0267138819955882
-38.2184899155225,1.73149154441306,-0.0268158992305423
-38.2076479203228,1.73149154440339,-0.0269188145228213
-38.1968036399128,1.73149154439415,-0.027022596018963
-38.1859572578127,1.73149154438536,-0.0271272172534903
-38.1751086001828,1.73149154437706,-0.0272326563997341
-38.164257374763,1.73149154436926,-0.0273388947914677
-38.1534033169131,1.73149154436199,-0.027445915394922
-38.1425462269354,1.73149154435525,-0.0275537015370716
-38.1316859543437,1.73149154434908,-0.0276622361813267
-38.1208223777291,1.73149154434289,-0.0277715018012538
-38.1099554013828,1.73149154433417,-0.027881480681929
-38.0990849687387,1.73149154432121,-0.0279921550981463
-38.0882110837596,1.73149154430429,-0.0281035076164411
-38.0773338330716,1.73149154428682,-0.028215521406249
-38.0664534045064,1.73149154427207,-0.0283281804220758
-38.0555700966168,1.73149154426177,-0.0284414695741883
-38.0446843103936,1.73149154425616,-0.0285553748528363
-38.0337965165193,1.73149154425466,-0.0286698833654144
-38.0229072037225,1.73149154425641,-0.0287849836859674
-38.0120168275598,1.7314915442606,-0.0289006660016681
-38.0011257780799,1.73149154426663,-0.0290169220570255
-37.9902343706534,1.73149154427409,-0.029133744943438
-37.9793428516208,1.73149154428275,-0.0292511287705632
-37.9684514084736,1.73149154429248,-0.0293690682792588
-37.957560179849,1.73149154430324,-0.0294875585152332
-37.9466692662115,1.73149154431499,-0.0296065946438872
-37.9357787434803,1.73149154432768,-0.0297261714100403
-37.9248886768883,1.73149154434124,-0.0298462829072926
-37.9139991311495,1.73149154435559,-0.0299669225294619
-37.9031101808123,1.73149154437063,-0.0300880829903435
-37.8922219219621,1.73149154438628,-0.0302097563913055
-37.8813344809701,1.73149154440245,-0.0303319343115863
-37.8704480151807,1.73149154441908,-0.030454607844391
-37.8595627032142,1.73149154443615,-0.0305777676736086
-37.8486787268838,1.73149154445385,-0.0307014042173685
-37.8377962496633,1.73149154447264,-0.0308255076289952
-37.8269153964178,1.73149154449291,-0.0309500679783563
-37.8160362379723,1.73149154451491,-0.0310750752611679
-37.8051587817674,1.73149154453869,-0.0312005192821122
-37.7942829688548,1.73149154456402,-0.0313263894990208
-37.7834086772634,1.73149154459038,-0.0314526748510212
-37.7725357315011,1.73149154461732,-0.0315793636046083
-37.761663917434,1.73149154464454,-0.0317064431034175
-37.7507930006692,1.73149154467187,-0.0318338996345241
-37.7399227461305,1.73149154469918,-0.0319617184124806
-37.7290529364443,1.73149154472636,-0.032089883671981
-37.71818338717,1.73149154475327,-0.0322183788562327
-37.7073139574743,1.73149154477977,-0.0323471865814134
-37.6964445547099,1.73149154480573,-0.0324762888355651
-37.6855751326317,1.73149154483106,-0.0326056671938086
-37.6747056829984,1.73149154485566,-0.0327353030062667
-37.6638362214239,1.73149154487944,-0.0328651776557922
-37.6529667696004,1.7314915449021,-0.032995272836005
-37.6420973366988,1.73149154492312,-0.0331255706692999
-37.6312279026076,1.73149154494205,-0.0332560537481653
-37.6203584051298,1.73149154495886,-0.033386705176236
-37.6094887325952,1.73149154497392,-0.0335175083097678
-37.5986187223324,1.73149154498764,-0.0336484465728496
-37.587748165076,1.73149154500043,-0.033779503323167
-37.5768768146479,1.73149154501264,-0.0339106617040664
-37.566004401639,1.73149154502444,-0.0340419046370023
-37.5551306511043,1.73149154503581,-0.0341732147932718
-37.5442553061613,1.73149154504682,-0.0343045745698314
-37.5333781505532,1.7314915450577,-0.0344359661205303
-37.5224990219268,1.73149154506863,-0.0345673714407819
-37.5116178152784,1.73149154508038,-0.0346987725223366
-37.5007344797435,1.73149154509564,-0.0348301515480644
-37.4898490116383,1.73149154511336,-0.0349614909817028
-37.4789614444759,1.73149154513124,-0.0350927738583119
-37.4680718357351,1.73149154514745,-0.0352239839814144
-37.4571802508577,1.73149154516096,-0.0353551060931717
-37.446286746517,1.73149154517149,-0.0354861260151707
-37.4353913569814,1.73149154517944,-0.035617030126806
-37.4244940872659,1.73149154518564,-0.0357478055050917
-37.4135949121865,1.73149154519086,-0.035878439955408
-37.4026937786476,1.73149154519567,-0.036008921898247
-37.3917906110883,1.73149154520037,-0.0361392402043653
-37.3808853205557,1.73149154520517,-0.0362693839669503
-37.3699778168636,1.7314915452102,-0.0363993424150648
-37.3590680228435,1.73149154521558,-0.03652910489086
-37.3481558889675,1.7314915452215,-0.0366586608591181
-37.3372414064293,1.73149154522834,-0.0367879999190922
-37.3263246172196,1.73149154523673,-0.0369171118221202
-37.315405619744,1.73149154524734,-0.0370459866627871
-37.3044845690758,1.7314915452604,-0.0371746150284937
-37.2935616714328,1.73149154527562,-0.037302988120134
-37.282637172983,1.73149154529261,-0.0374310979392388
-37.2717113444277,1.73149154531111,-0.0375589375360329
-37.2607844638997,1.73149154533102,-0.0376865006607201
-37.2498568002454,1.73149154535233,-0.0378137816773817
-37.2389285988859,1.73149154537504,-0.0379407756385434
-37.2280000716258,1.7314915453991,-0.0380674782577542
-37.2170713908554,1.73149154542453,-0.0381938857810368
-37.206142688328,1.73149154545157,-0.0383199948107545
-37.1952140582014,1.73149154548091,-0.0384458021445539
-37.1842855635513,1.73149154551239,-0.038571304588926
-37.1733572424382,1.73149154554559,-0.0386964987766737
-37.1624291100316,1.73149154558004,-0.0388213810239186
-37.1515011635734,1.73149154561535,-0.0389459470459345
-37.1405733937053,1.73149154565126,-0.039070192097746
-37.1296457979102,1.73149154568766,-0.039194111078025
-37.1187183898978,1.73149154572452,-0.0393176985638944
-37.1077912017051,1.73149154576181,-0.0394409488699332
-37.0968642789751,1.7314915457995,-0.039563856165475
-37.0859376720372,1.73149154583754,-0.0396864143509135
-37.0750114251297,1.73149154587586,-0.0398086170503182
-37.0640855658166,1.73149154591383,-0.0399304576659809
-37.0531600958973,1.73149154594901,-0.0400519293958011
-37.0422349847221,1.73149154597946,-0.0401730253046443
-37.0313101658409,1.73149154600448,-0.0402937382905688
-37.0203855373324,1.73149154602487,-0.0404140610075659
-37.0094609658458,1.73149154604381,-0.0405339858252505
-36.9985362938866,1.73149154606417,-0.0406535046990329
-36.9876113493715,1.73149154608772,-0.0407726091010918
-36.9766859564167,1.73149154611514,-0.0408912900024652
-36.9657599461194,1.73149154614595,-0.041009537889318
-36.9548331660887,1.73149154617961,-0.0411273428484713
-36.9439054876296,1.73149154621547,-0.0412446946495297
-36.9329768098138,1.73149154625321,-0.0413615828660169
-36.9220470597896,1.73149154629445,-0.0414779969938205
-36.9111161894217,1.73149154633887,-0.0415939263346326
-36.9001841683109,1.73149154638553,-0.041709360329999
-36.8892509745486,1.73149154643308,-0.0418242887289298
-36.8783165844488,1.73149154647858,-0.0419387015953792
-36.8673809628925,1.73149154652026,-0.0420525893996614
-36.8564440588856,1.73149154655815,-0.0421659430192902
-36.8455058087692,1.73149154659284,-0.0422787536901566
-36.8345661397233,1.73149154662526,-0.0423910130014925
-36.8236249693812,1.73149154665794,-0.0425027129242586
-36.8126822045679,1.73149154669279,-0.0426138454934151
-36.8017377431672,1.7314915467306,-0.0427244027302509
-36.7907914815641,1.73149154677127,-0.0428343766840488
-36.7798433268684,1.73149154681446,-0.0429437594987051
-36.768893209934,1.7314915468598,-0.0430525434741833
-36.7579410953226,1.73149154690676,-0.043160721096843
-36.746986987117,1.73149154695481,-0.0432682850934568
-36.7360309307716,1.73149154700358,-0.0433752285322476
-36.7250730116806,1.73149154705288,-0.0434815449306435
-36.7141133507844,1.73149154710224,-0.0435872283609064
-36.7031520973716,1.73149154715107,-0.0436922734826184
-36.692189419719,1.73149154719905,-0.0437966754833772
-36.6812254944809,1.73149154724617,-0.0439004302596686
-36.6702604963075,1.73149154729248,-0.0440035344659591
-36.6592945889155,1.73149154733806,-0.0441059854653138
-36.648327918476,1.73149154738319,-0.044207781290128
-36.6373606098083,1.73149154742837,-0.0443089206175375
-36.6263927656689,1.73149154747408,-0.0444094024620326
-36.6154244688023,1.73149154752068,-0.0445092259964891
-36.6044557862948,1.73149154756843,-0.0446083903111887
-36.5934867752953,1.73149154761754,-0.044706894505435
-36.5825174894206,1.73149154766824,-0.0448047377141993
-36.5715479847835,1.73149154772124,-0.0449019190834279
-36.5605783243813,1.7314915477777,-0.0449984377944274
-36.5496085769526,1.73149154783864,-0.0450942931707825
-36.5386388075411,1.73149154790467,-0.0451894844135396
-36.5276690683762,1.73149154797536,-0.0452840104970441
-36.5166993960894,1.7314915480494,-0.0453778701187637
-36.5057298125127,1.73149154812556,-0.0454710615714984
-36.4947603239529,1.7314915482031,-0.0455635830894584
-36.4837909176402,1.7314915482818,-0.0456554329418496
-36.4728215567088,1.73149154836243,-0.0457466093822795
-36.4618521760971,1.73149154844662,-0.0458371106013548
-36.4508826810281,1.73149154853569,-0.0459269347937898
-36.4399129486226,1.73149154862973,-0.0460160799417123
-36.4289428319966,1.73149154872763,-0.0461045433492957
-36.4179721659945,1.73149154882764,-0.0461923215981476
-36.407000774369,1.73149154892696,-0.0462794104025223
-36.396028477379,1.73149154902421,-0.0463658050942272
-36.3850550994136,1.73149154911939,-0.046451500849847
-36.374080475628,1.73149154921336,-0.0465364927329192
-36.3631044567474,1.73149154930806,-0.0466207757548246
-36.3521269116623,1.73149154940726,-0.0467043449820863
-36.3411477277733,1.7314915495121,-0.0467871951677773
-36.3301668088442,1.73149154962193,-0.0468693209251713
-36.3191840745805,1.73149154973523,-0.0469507169059715
-36.3081994675834,1.7314915498507,-0.0470313779510189
-36.2972129592191,1.73149154996889,-0.0471112992527625
-36.2862245468822,1.73149155008954,-0.0471904763303137
-36.2752342451175,1.73149155020982,-0.0472689049980971
-36.2642420770526,1.73149155032713,-0.047346581495736
-36.2532480703588,1.73149155044018,-0.0474235025548789
-36.2422522579577,1.73149155054835,-0.0474996654508987
-36.2312546814096,1.73149155065057,-0.0475750681082236
-36.2202553952181,1.73149155074574,-0.0476497088659612
-36.2092544710909,1.73149155083112,-0.0477235863394342
-36.1982520021263,1.73149155090426,-0.0477966995114681
-36.1872481066995,1.73149155096423,-0.0478690478011266
-36.1762429314258,1.73149155101237,-0.0479406311167362
-36.16523665241,1.73149155105422,-0.0480114499196579
-36.1542294741456,1.73149155109523,-0.0480815052169558
-36.1432216258873,1.73149155113815,-0.0481507985301037
-36.132213355667,1.73149155118174,-0.0482193318258068
-36.121204922438,1.73149155122337,-0.0482871075742861
-36.1101965870647,1.73149155125925,-0.0483541287464714
-36.0991886029097,1.73149155128715,-0.0484203988699024
-36.0881812069704,1.73149155130697,-0.0484859220067169
-36.0771746122072,1.73149155132064,-0.0485507026578419
-36.0661690004887,1.73149155133285,-0.0486147456234271
-36.0551645132663,1.73149155134859,-0.0486780557300743
-36.0441612424645,1.73149155137395,-0.0487406376490627
-36.0331592316253,1.73149155141642,-0.048802495958682
-36.0221584861275,1.73149155147914,-0.0488636348974788
-36.0111589860416,1.73149155155821,-0.0489240581389858
-36.0001606967159,1.73149155164832,-0.0489837688368654
-35.9891635762556,1.73149155174584,-0.0490427696100348
-35.9781675806097,1.73149155184973,-0.0491010625361538
-35.9671726669081,1.7314915519621,-0.0491586492235092
-35.9561787951126,1.7314915520859,-0.0492155308002618
-35.9451859277607,1.73149155221894,-0.0492717077687571
-35.9341940277013,1.73149155235808,-0.0493271801998858
-35.9232030547594,1.7314915525007,-0.0493819478388904
-35.9122129619045,1.73149155264337,-0.0494360101258239
-35.9012236913461,1.73149155278387,-0.049489366301476
-35.8902351711525,1.73149155292178,-0.0495420154159684
-35.8792473128352,1.731491553058,-0.0495939563055838
-35.8682600103,1.73149155319468,-0.0496451876003512
-35.8572731404182,1.73149155333591,-0.0496957077586392
-35.8462865652765,1.7314915534847,-0.0497455149743789
-35.8353001356969,1.73149155364249,-0.0497946071660502
-35.8243136956616,1.73149155380971,-0.0498429820552936
-35.8133270872518,1.73149155398616,-0.0498906369894416
-35.8023401552251,1.7314915541712,-0.0499375689795717
-35.7913527508506,1.73149155436362,-0.0499837748942456
-35.7803647346586,1.7314915545618,-0.0500292515593449
-35.7693759777777,1.73149155476533,-0.0500739958123602
-35.7583863617185,1.73149155497683,-0.0501180046675657
-35.7473957766689,1.73149155519465,-0.0501612753229421
-35.7364041185267,1.73149155541597,-0.0502038050125535
-35.725411286292,1.73149155563877,-0.0502455910105016
-35.7144171847397,1.7314915558621,-0.0502866306362891
-35.7034217293459,1.7314915560857,-0.0503269211576798
-35.6924248457676,1.73149155630964,-0.0503664601739532
-35.6814264639976,1.7314915565341,-0.0504052457583564
-35.6704265119794,1.73149155675905,-0.0504432765244771
-35.659424912677,1.7314915569838,-0.0504805517516566
-35.6484215865483,1.73149155720771,-0.0505170710277264
-35.6374164596006,1.73149155743046,-0.0505528341165114
-35.6264094724113,1.73149155765219,-0.0505878409502873
-35.6154005866388,1.73149155787378,-0.0506220916912967
-35.6043897888433,1.73149155809602,-0.0506555867400336
-35.5933770929348,1.73149155831928,-0.0506883265432268
-35.5823625418552,1.73149155854354,-0.0507203120215523
-35.5713462085437,1.73149155876859,-0.0507515447664883
-35.5603281953594,1.7314915589941,-0.0507820270601185
-35.5493086315832,1.73149155921977,-0.050811761923462
-35.5382876691436,1.73149155944535,-0.0508407532657933
-35.5272654774135,1.73149155967066,-0.0508690054590358
-35.516242237383,1.73149155989558,-0.0508965230310844
-35.5052181357225,1.73149156012003,-0.0509233110023889
-35.4941933596335,1.73149156034393,-0.0509493750182835
-35.4831680926629,1.73149156056722,-0.0509747213963686
-35.4721425116443,1.7314915607898,-0.0509993572640859
-35.4611167850575,1.73149156101175,-0.051023290096302
-35.4500910722807,1.73149156123361,-0.0510465273989016
-35.43906552369,1.7314915614551,-0.0510690764691598
-35.4280402811407,1.7314915616757,-0.0510909447212214
-35.4170154789861,1.73149156189502,-0.0511121397814381
-35.4059912449974,1.73149156211277,-0.0511326694416254
-35.394967700215,1.73149156232881,-0.0511525416421268
-35.3839449530442,1.73149156254417,-0.0511717644959048
-35.3729230899315,1.73149156276305,-0.0511903457550421
-35.3619021710591,1.73149156298628,-0.0512082927404086
-35.3508822327937,1.73149156321086,-0.0512256124175062
-35.3398632922926,1.73149156343305,-0.051242311518435
-35.3288453502213,1.73149156364836,-0.0512583965873885
-35.3178283908159,1.7314915638536,-0.0512738738598579
-35.3068123806323,1.73149156404682,-0.0512887492258509
-35.2957972677792,1.73149156423013,-0.0513030281821076
-35.2847829823912,1.73149156440811,-0.0513167157491113
-35.273769438262,1.73149156458448,-0.0513298163967963
-35.2627565353374,1.73149156476102,-0.0513423340708979
-35.2517441629325,1.73149156493708,-0.0513542722858044
-35.2407322035447,1.73149156511143,-0.0513656340321385
-35.2297205367767,1.73149156528448,-0.051376421600503
-35.2187090426892,1.73149156545704,-0.0513866369260139
-35.2076976047657,1.73149156562978,-0.0513962817409068
-35.1966861120607,1.73149156580295,-0.0514053575993915
-35.1856744602361,1.73149156597595,-0.051413865940849
-35.1746625514704,1.73149156614639,-0.0514218082315157
-35.163650293575,1.73149156631244,-0.0514291857274812
-35.1526375980402,1.73149156647403,-0.0514359994333258
-35.1416243774414,1.73149156663185,-0.0514422502097006
-35.1306105427086,1.73149156678671,-0.0514479388687056
-35.1195960006368,1.73149156693928,-0.0514530661797124
-35.1085806519018,1.73149156708997,-0.0514576327551019
-35.0975643896406,1.73149156723891,-0.0514616393360158
-35.0865470990788,1.73149156738613,-0.0514650869007605
-35.0755286581003,1.73149156753153,-0.0514679766301566
-35.0645089399318,1.73149156767503,-0.0514703098265367
-35.0534878218945,1.73149156781657,-0.051472087860223
-35.0424651966913,1.73149156795613,-0.0514733121550197
-35.0314409785231,1.73149156809371,-0.0514739842033436
-35.0204151045252,1.73149156822934,-0.0514741056083571
-35.009387535387,1.73149156836305,-0.0514736781431962
-34.998358256708,1.73149156849485,-0.0514727038154596
-34.9873272805687,1.73149156862475,-0.0514711849405103
-34.9762946460507,1.73149156875274,-0.0514691242428353
-34.9652604181009,1.73149156887883,-0.0514665250090811
-34.9542246848855,1.731491569003,-0.0514633910124253
-34.9431875541776,1.73149156912522,-0.0514597265349928
-34.9321491495171,1.73149156924548,-0.0514555361934262
-34.9211096064033,1.73149156936377,-0.0514508249429741
-34.9100690687644,1.73149156948005,-0.0514455982994795
-34.8990276859659,1.73149156959431,-0.0514398623922026
-34.8879856104,1.73149156970654,-0.0514336239743021
-34.8769429956963,1.7314915698167,-0.0514268905120931
-34.8658999957218,1.73149156992478,-0.051419669831451
-34.8548567639708,1.73149157003075,-0.051411969781732
-34.8438134530446,1.73149157013459,-0.0514037982404615
-34.8327702141939,1.73149157023629,-0.0513951633040821
-34.8217271968186,1.73149157033582,-0.0513860733256069
-34.8106845475469,1.73149157043315,-0.0513765368577102
-34.7996424086655,1.73149157052828,-0.0513665625808326
-34.7886009156304,1.73149157062117,-0.0513561592411732
-34.7775601908706,1.73149157071182,-0.0513453356206256
-34.7665203321084,1.73149157080021,-0.0513341005578302
-34.7554814041725,1.73149157088632,-0.051322462732391
-34.7444434390894,1.73149157097015,-0.051310430551701
-34.7334064413348,1.73149157105149,-0.0512980120935251
-34.7223703931328,1.73149157112936,-0.0512852150725192
-34.7113352573875,1.73149157120235,-0.0512720467880416
-34.7003009788839,1.73149157126996,-0.0512585140136209
-34.6892674853784,1.73149157133366,-0.0512446228452452
-34.6782346894246,1.73149157139509,-0.0512303789045403
-34.6672024913158,1.7314915714553,-0.0512157874091945
-34.6561707825118,1.73149157151472,-0.0512008531612733
-34.6451394489737,1.73149157157333,-0.0511855805286057
-34.6341083741039,1.73149157163088,-0.0511699734316814
-34.6230774411451,1.73149157168704,-0.0511540353545153
-34.61204653492,1.73149157174158,-0.0511377693828526
-34.6010155428296,1.73149157179434,-0.0511211782535989
-34.5899843550924,1.73149157184526,-0.0511042644081445
-34.5789528642937,1.73149157189438,-0.0510870300457912
-34.5679209643819,1.73149157194173,-0.0510694771746273
-34.5568885493022,1.73149157198736,-0.0510516076575163
-34.5458555114829,1.73149157203133,-0.0510334232513289
-34.5348217404038,1.73149157207364,-0.0510149256390976
-34.5237871214606,1.73149157211431,-0.0509961164600192
-34.5127515353346,1.73149157215335,-0.050976997327777
-34.5017148594474,1.73149157219075,-0.0509575698375093
-34.490676975343,1.73149157222652,-0.0509378356299675
-34.4796377782771,1.73149157226067,-0.0509177965383154
-34.4685971814468,1.7314915722932,-0.0508974544209356
-34.457555114631,1.73149157232412,-0.0508768111122012
-34.4465115230712,1.73149157235346,-0.0508558682040708
-34.4354663695856,1.73149157238123,-0.0508346274255918
-34.4244196386002,1.73149157240745,-0.0508130908508945
-34.4133713393709,1.73149157243212,-0.0507912609812802
-34.4023215068962,1.73149157245528,-0.0507691407960713
-34.3912702009421,1.73149157247693,-0.0507467338117628
-34.3802175040749,1.73149157249709,-0.0507240439172928
-34.3691635191973,1.73149157251579,-0.0507010753082686
-34.3581083668562,1.73149157253304,-0.0506778324373963
-34.3470521822629,1.73149157254887,-0.0506543202193761
-34.3359951121953,1.73149157256336,-0.0506305441145477
-34.3249373118594,1.73149157257663,-0.0506065101777925
-34.3138789419194,1.73149157258867,-0.0505822251737614
-34.3028201660406,1.73149157259945,-0.0505576962994249
-34.2917611488172,1.73149157260893,-0.0505329308334133
-34.2807020539829,1.73149157261711,-0.0505079360503047
-34.2696430428601,1.73149157262399,-0.0504827194812024
-34.258584273175,1.73149157262961,-0.0504572889833646
-34.2475258979477,1.73149157263397,-0.050431652688357
-34.2364680642013,1.73149157263709,-0.0504058189614024
-34.2254109113958,1.73149157263898,-0.0503797964005365
-34.2143545692856,1.73149157263963,-0.0503535935767925
-34.203299150516,1.7314915726388,-0.0503272188547816
-34.1922447400648,1.73149157263605,-0.0503006802468965
-34.181191390698,1.73149157263096,-0.0502739855527048
-34.1701391262633,1.73149157262329,-0.050247142387783
-34.1590879480086,1.73149157261301,-0.0502201581625049
-34.148037839337,1.73149157260037,-0.050193040095952
-34.1369887678408,1.73149157258589,-0.0501657949735654
-34.1259406855883,1.73149157257007,-0.0501384289867046
-34.1148935294556,1.73149157255316,-0.0501109476137645
-34.1038472222575,1.73149157253526,-0.0500833557947824
-34.092801674853,1.73149157251641,-0.0500556580181613
-34.0817567886573,1.73149157249671,-0.0500278583395384
-34.0707124580884,1.73149157247634,-0.0499999604341032
-34.0596685727884,1.73149157245577,-0.0499719677266511
-34.0486250197215,1.7314915724357,-0.0499438831645526
-34.0375816847744,1.73149157241697,-0.0499157090979593
-34.0265384538783,1.73149157239942,-0.0498874472681032
-34.0154952135687,1.73149157238238,-0.0498590990862233
-34.0044518512234,1.73149157236511,-0.0498306657730724
-33.9934082548931,1.73149157234708,-0.0498021484082938
-33.982364312701,1.73149157232813,-0.0497735480245365
-33.9713199119553,1.73149157230852,-0.0497448657998014
-33.9602749383041,1.73149157228885,-0.0497161027024101
-33.9492292751291,1.73149157226969,-0.049687259419914
-33.9381828069226,1.73149157225141,-0.0496583363343562
-33.9271354278039,1.73149157223422,-0.0496293337602684
-33.9160870475658,1.73149157221823,-0.0496002520734768
-33.9050375910905,1.73149157220357,-0.0495710917560349
-33.893986993816,1.73149157219035,-0.0495418534173669
-33.8829351977269,1.7314915721787,-0.0495125378103173
-33.8718821501301,1.73149157216874,-0.0494831458681936
-33.8608278056076,1.73149157216059,-0.0494536787724627
-33.8497721312837,1.73149157215431,-0.0494241378958865
-33.8387151118977,1.73149157214997,-0.0493945247968027
-33.8276567520595,1.73149157214763,-0.049364841236384
-33.8165970760331,1.73149157214732,-0.0493350892147916
-33.8055361264225,1.73149157214908,-0.0493052710270906
-33.7944739628143,1.73149157215292,-0.0492753893113037
-33.7834106605679,1.73149157215886,-0.0492454470909487
-33.7723463094144,1.73149157216688,-0.049215447792313
-33.7612810116566,1.73149157217699,-0.0491853952343569
-33.7502148800031,1.73149157218916,-0.0491552935834259
-33.7391480352669,1.73149157220337,-0.0491251472368539
-33.7280806041379,1.73149157221959,-0.049094960957954
-33.7170127172965,1.73149157223778,-0.0490647399172823
-33.7059445078282,1.7314915722579,-0.0490344896575165
-33.6948761098201,1.7314915722799,-0.0490042161249628
-33.6838076570866,1.73149157230373,-0.048973925754932
-33.6727392821709,1.73149157232934,-0.0489436249767976
-33.6616711150344,1.73149157235668,-0.0489133202041187
-33.650603281698,1.73149157238568,-0.0488830178730068
-33.6395359027663,1.73149157241628,-0.0488527244607084
-33.6284690915409,1.73149157244842,-0.0488224465475891
-33.617402948932,1.73149157248231,-0.0487921906001554
-33.6063375526314,1.73149157251905,-0.0487619629396416
-33.5952729493328,1.7314915725598,-0.0487317697153177
-33.5842091554149,1.731491572606,-0.0487016167185035
-33.5731461629123,1.73149157265836,-0.0486715095590613
-33.5620839458548,1.7314915727167,-0.0486414536401397
-33.551022463923,1.73149157277951,-0.0486114540507648
-33.5399616635531,1.73149157284298,-0.0485815155227468
-33.528901478321,1.73149157290389,-0.0485516423263863
-33.5178418297788,1.73149157296054,-0.048521838268422
-33.5067826291008,1.73149157301257,-0.048492106787256
-33.495723779325,1.73149157306053,-0.0484624508354618
-33.4846651774866,1.73149157310488,-0.0484328728596157
-33.473606716471,1.73149157314615,-0.0484033747914968
-33.4625482865555,1.73149157318551,-0.0483739580932616
-33.4514897766564,1.73149157322394,-0.0483446238221835
-33.4404310752913,1.73149157326201,-0.0483153726092498
-33.4293720711112,1.73149157330021,-0.048286204866746
-33.4183126531716,1.73149157333878,-0.0482571208651114
-33.4072527109124,1.73149157337764,-0.0482281207338098
-33.3961921339025,1.73149157341652,-0.0481992044633715
-33.3851308130545,1.73149157345521,-0.0481703719160043
-33.3740686474981,1.7314915734935,-0.0481416228635407
-33.363005552373,1.73149157353114,-0.0481129570591036
-33.3519414605757,1.73149157356773,-0.0480843743442149
-33.340876318713,1.7314915736027,-0.0480558745613947
-33.3298100815233,1.73149157363555,-0.0480274576360484
-33.3187427090899,1.73149157366601,-0.0479991234473175
-33.3076741690864,1.73149157369414,-0.0479708719296076
-33.2966044418943,1.73149157372047,-0.0479427031791381
-33.2855335245973,1.73149157374573,-0.0479146175579808
-33.2744614323591,1.73149157377033,-0.0478866158630863
-33.2633881980612,1.73149157379418,-0.0478586992380707
-33.2523138714748,1.73149157381684,-0.0478308689405759
-33.2412385186108,1.73149157383779,-0.0478031263336284
-33.2301622212211,1.7314915738567,-0.047775472776401
-33.2190850758876,1.73149157387355,-0.0477479097158552
-33.2080071924189,1.73149157388851,-0.0477204391161614
-33.1969286917816,1.73149157390208,-0.0476930635630377
-33.1858497036594,1.73149157391526,-0.0476657861872639
-33.1747703638114,1.73149157392973,-0.0476386105991536
-33.1636908114018,1.73149157394735,-0.0476115409037752
-33.1526111865062,1.73149157396927,-0.0475845814900621
-33.1415316277346,1.73149157399568,-0.0475577368364284
-33.1304522699799,1.73149157402646,-0.0475310115109264
-33.1193732423972,1.73149157406162,-0.0475044102767726
-33.1082946667752,1.73149157410138,-0.0474779378859864
-33.0972166560644,1.73149157414641,-0.0474515988834122
-33.086139312513,1.73149157419724,-0.0474253978167506
-33.075062721014,1.7314915742538,-0.0473993392737892
-33.0639869393105,1.73149157431567,-0.0473734278240749
-33.0529119942919,1.73149157438227,-0.0473476679297786
-33.0418378861945,1.7314915744529,-0.0473220638136827
-33.0307645960719,1.73149157452702,-0.0472966192802785
-33.0196920915383,1.73149157460429,-0.047271337798703
-33.0086203292978,1.73149157468451,-0.0472462224987494
-32.9975492554286,1.73149157476777,-0.0472212761296311
-32.9864788051544,1.73149157485436,-0.0471965010639432
-32.9754089031268,1.7314915749451,-0.0471718993885243
-32.9643394644312,1.73149157504247,-0.0471474728015073
-32.9532703957997,1.73149157514833,-0.0471232224888678
-32.9422015966848,1.73149157526222,-0.0470991490388961
-32.9311329602298,1.73149157537902,-0.047075252311957
-32.9200643740689,1.73149157549411,-0.0470515318321408
-32.9089957213957,1.73149157560517,-0.0470279869546182
-32.8979268821029,1.7314915757131,-0.0470046169550964
-32.8868577338708,1.73149157582257,-0.0469814211356618
-32.8757881542249,1.73149157593651,-0.0469583983913076
-32.8647180266112,1.73149157605599,-0.0469355472899007
-32.8536472497035,1.73149157618095,-0.0469128661778509
-32.8425757419796,1.73149157631075,-0.0468903532301987
-32.831503439608,1.73149157644564,-0.0468680065591599
-32.8204302909834,1.73149157658963,-0.0468458244081031
-32.8093562520803,1.73149157674588,-0.0468238050755506
-32.7982812841962,1.73149157691576,-0.0468019469557241
-32.7872053536269,1.73149157709984,-0.0467802486059051
-32.7761284327668,1.73149157729447,-0.046758708612665
-32.7650505023734,1.7314915774945,-0.0467373257327171
-32.753971553974,1.73149157769291,-0.0467160990097581
-32.7428915911261,1.73149157788391,-0.0466950276112602
-32.7318106295078,1.73149157806479,-0.0466741108876172
-32.7207286966844,1.73149157823543,-0.0466533484143717
-32.7096458320285,1.73149157839717,-0.0466327400337739
-32.6985620868538,1.73149157855207,-0.0466122858900352
-32.6874775245228,1.73149157870286,-0.0465919864800197
-32.6763922202513,1.73149157885152,-0.0465718426081463
-32.6653062604786,1.73149157899888,-0.0465518553125755
-32.6542197418414,1.73149157914386,-0.046532025807672
-32.6431327698015,1.7314915792812,-0.0465123554247631
-32.632045456915,1.73149157940654,-0.0464928457972664
-32.6209579209429,1.73149157951824,-0.0464734989108225
-32.6098702827943,1.73149157961738,-0.0464543170800472
-32.598782664321,1.73149157970668,-0.0464353029393762
-32.5876951860443,1.73149157979116,-0.0464164593864876
-32.5766079649622,1.73149157987614,-0.0463977893698554
-32.5655211123736,1.73149157996474,-0.0463792958642396
-32.5544347319514,1.73149158005775,-0.0463609818938266
-32.543348916942,1.73149158015455,-0.0463428505259738
-32.5322637427521,1.73149158025399,-0.046324904879482
-32.5211792565774,1.73149158035498,-0.0463071481203653
-32.5100954744115,1.73149158045707,-0.0462895832407293
-32.499012385698,1.73149158056171,-0.0462722129923491
-32.4879299611465,1.73149158067426,-0.0462550399747971
-32.4768481591142,1.73149158079704,-0.0462380663278037
-32.4657669285195,1.73149158092885,-0.0462212936867066
-32.4546862095323,1.73149158106383,-0.0462047231425081
-32.4436059337136,1.73149158119249,-0.0461883553115422
-32.4325260246253,1.73149158130809,-0.0461721904778306
-32.4214463989476,1.73149158140859,-0.0461562286290266
-32.4103669675845,1.73149158149617,-0.0461404694259411
-32.3992876363878,1.73149158157532,-0.046124912263906
-32.3882083065705,1.73149158165373,-0.0461095563784671
-32.3771288750774,1.73149158173708,-0.0460944006888067
-32.3660492348642,1.73149158182736,-0.0460794437835616
-32.3549692756029,1.73149158192235,-0.046064684088949
-32.3438888882828,1.73149158201893,-0.0460501195848794
-32.3328079746144,1.73149158211464,-0.0460357474832264
-32.3217264535482,1.73149158220791,-0.0460215648866277
-32.3106442612069,1.73149158229797,-0.0460075690603724
-32.2995613464663,1.73149158238425,-0.0459937574730634
-32.2884776664607,1.73149158246536,-0.0459801278372172
-32.2773931844528,1.73149158254247,-0.0459666778788889
-32.2663078696579,1.73149158261733,-0.0459534053601777
-32.2552216981764,1.73149158269119,-0.0459403081271962
-32.2441346553772,1.73149158276467,-0.0459273841251288
-32.2330467385894,1.73149158283785,-0.0459146314273753
-32.221957958317,1.73149158291056,-0.0459020482873656
-32.2108683377925,1.7314915829825,-0.0458896331759093
-32.1997779117428,1.73149158305346,-0.0458773848018583
-32.1886867252329,1.73149158312328,-0.0458653021232876
-32.1775948328861,1.7314915831919,-0.0458533843549376
-32.166502298316,1.73149158325935,-0.0458416309736083
-32.1554091934686,1.73149158332565,-0.0458300417950161
-32.1443155977564,1.73149158339087,-0.0458186171590093
-32.1332215971729,1.73149158345504,-0.0458073575314887
-32.1221272832002,1.7314915835182,-0.0457962632024804
-32.1110327515006,1.73149158358035,-0.0457853346220027
-32.0999381007367,1.73149158364149,-0.0457745725526956
-32.0888434313907,1.73149158370163,-0.0457639780690982
-32.0777488444001,1.73149158376075,-0.0457535525840506
-32.066654439625,1.73149158381886,-0.0457432979602348
-32.0555603143769,1.73149158387594,-0.0457332160153154
-32.0444665616342,1.73149158393201,-0.0457233084731591
-32.0333732680342,1.73149158398706,-0.0457135770057779
-32.0222805087886,1.7314915840411,-0.0457040232507751
-32.0111883371482,1.73149158409412,-0.0456946488374559
-32.0000967768445,1.73149158414612,-0.0456854553949612
-31.9890058229341,1.73149158419712,-0.0456764443317993
-31.9779154482081,1.7314915842471,-0.0456676165484687
-31.9668256097856,1.73149158429607,-0.0456589727181416
-31.9557362531363,1.73149158434404,-0.0456505133589127
-31.9446473134764,1.73149158439099,-0.0456422387695798
-31.9335587161204,1.73149158443568,-0.0456341489950344
-31.9224703771864,1.73149158447331,-0.0456262438520825
-31.9113822050886,1.73149158450318,-0.0456185226387554
-31.9002941021463,1.73149158452865,-0.0456109841479213
-31.8892059659845,1.73149158455318,-0.0456036268241896
-31.8781176906192,1.73149158457899,-0.0455964488275571
-31.8670291688817,1.73149158460646,-0.0455894480828913
-31.8559403004189,1.73149158463301,-0.0455826223617852
-31.8448510004091,1.73149158465538,-0.0455759692560132
-31.8337612018681,1.73149158467084,-0.0455694861930686
-31.8226708518562,1.73149158468215,-0.0455631702913975
-31.8115799058946,1.73149158469319,-0.0455570185508242
-31.8004883243707,1.7314915847066,-0.0455510280053717
-31.7893960715769,1.73149158472242,-0.0455451958398454
-31.7783031160871,1.73149158473525,-0.0455395195290961
-31.7672094315319,1.73149158474151,-0.0455339966157668
-31.7561149983238,1.73149158474454,-0.0455286245623324
-31.7450198059086,1.73149158474915,-0.0455234009364178
-31.7339238543009,1.7314915847597,-0.04551832348976
-31.722827154537,1.73149158477861,-0.0455133901574435
-31.7117297284348,1.73149158480614,-0.0455085990811605
-31.7006316082284,1.73149158484035,-0.0455039486462272
-31.6895328363328,1.73149158487904,-0.0454994374544325
-31.6784334651008,1.73149158492064,-0.0454950643308737
-31.6673335563736,1.73149158496436,-0.0454908283068133
-31.6562331806887,1.73149158501002,-0.0454867286237113
-31.645132416181,1.73149158505783,-0.0454827647214952
-31.6340313472701,1.73149158510812,-0.0454789361847725
-31.6229300631752,1.73149158516117,-0.0454752428505082
-31.611828656406,1.73149158521715,-0.0454716848509794
-31.6007272212529,1.73149158527608,-0.0454682626131323
-31.5896258522365,1.73149158533791,-0.0454649768219065
-31.5785246425422,1.73149158540252,-0.0454618282727644
-31.5674236825011,1.7314915854698,-0.0454588178854265
-31.5563230581668,1.73149158553962,-0.0454559468262428
-31.5452228499103,1.73149158561189,-0.045453216229334
-31.5341231277032,1.73149158568653,-0.0454506271007244
-31.523023940725,1.73149158576347,-0.0454481801591655
-31.5119253096722,1.73149158584265,-0.0454458760643364
-31.5008272278178,1.73149158592399,-0.0454437154653222
-31.4897296678512,1.73149158600743,-0.045441698956434
-31.4786325888786,1.73149158609289,-0.0454398270457284
-31.4675359403442,1.7314915861803,-0.0454380999910424
-31.4564396629467,1.73149158626956,-0.0454365177388836
-31.4453436884894,1.73149158636061,-0.0454350799446796
-31.4342479401389,1.73149158645334,-0.0454337858654795
-31.4231523333375,1.73149158654768,-0.0454326343221979
-31.4120567770221,1.73149158664355,-0.0454316237444241
-31.4009611748923,1.73149158674084,-0.0454307522098448
-31.3898654289177,1.73149158683949,-0.0454300174107127
-31.378769447597,1.7314915869394,-0.045429416853805
-31.3676731539251,1.73149158704048,-0.0454289479529348
-31.3565764869044,1.73149158714266,-0.0454286080424664
-31.3454793978467,1.73149158724584,-0.0454283943721695
-31.3343818456495,1.73149158734993,-0.0454283041118803
-31.3232837940683,1.73149158745485,-0.045428334388075
-31.3121852113147,1.73149158756052,-0.0454284823447334
-31.3010860706061,1.73149158766685,-0.0454287452429098
-31.289986350397,1.73149158777375,-0.0454291206261612
-31.278886034378,1.73149158788113,-0.0454296061253885
-31.2677851125216,1.73149158798892,-0.0454301993845005
-31.2566835829691,1.73149158809704,-0.0454308980511497
-31.2455814532399,1.73149158820539,-0.0454316997339047
-31.2344787401688,1.7314915883139,-0.0454326021821468
-31.2233754691526,1.73149158842249,-0.0454336033646319
-31.2122716733207,1.73149158853107,-0.045434701443946
-31.2011673929048,1.73149158863958,-0.0454358948609315
-31.190062674822,1.73149158874794,-0.0454371823405829
-31.1789575722042,1.73149158885615,-0.0454385628402138
-31.1678521437522,1.73149158896421,-0.0454400354967094
-31.1567464529087,1.73149158907204,-0.0454415996443474
-31.1456405669895,1.7314915891795,-0.045443254882307
-31.1345345563551,1.73149158928647,-0.0454450008280214
-31.1234284934038,1.73149158939286,-0.0454468372188071
-31.1123224515584,1.73149158949858,-0.045448763987122
-31.1012165042692,1.73149158960357,-0.0454507812682027
-31.0901107238804,1.73149158970776,-0.0454528893926097
-31.0790051804821,1.73149158981107,-0.0454550887563397
-31.0678999404658,1.73149158991343,-0.0454573797472658
-31.0567950617477,1.73149159001477,-0.0454597626941319
-31.0456905829401,1.73149159011502,-0.0454622379310904
-31.034586515298,1.73149159021413,-0.045464805794179
-31.0234828433134,1.73149159031203,-0.045467466572286
-31.0123795311767,1.73149159040865,-0.0454702204614974
-31.001276529456,1.73149159050395,-0.0454730676041758
-30.9901737788346,1.73149159059788,-0.0454760080148124
-30.9790712111032,1.73149159069037,-0.0454790410781699
-30.9679687489236,1.73149159078139,-0.0454821657711687
-30.9568663063044,1.73149159087088,-0.0454853808030352
-30.9457637916367,1.7314915909588,-0.0454886846890052
-30.9346611168373,1.73149159104511,-0.0454920758643218
-30.9235582071124,1.73149159112977,-0.045495552538508
-30.9124550038553,1.73149159121274,-0.0454991126574102
-30.9013514611465,1.73149159129399,-0.0455027539085263
-30.8902475405691,1.73149159137347,-0.0455064736964524
-30.8791432079584,1.73149159145117,-0.0455102693679334
-30.8680384327836,1.73149159152705,-0.045514138330831
-30.8569331887559,1.73149159160108,-0.0455180781018133
-30.8458274541514,1.73149159167324,-0.0455220863530207
-30.8347212117549,1.7314915917435,-0.0455261609964466
-30.8236144499561,1.73149159181185,-0.045530300034779
-30.8125071646015,1.73149159187825,-0.045534501508479
-30.8013993600358,1.7314915919427,-0.0455387635168182
-30.7902910490415,1.73149159200518,-0.0455430842037672
-30.7791822521843,1.73149159206566,-0.0455474617442705
-30.7680729972039,1.73149159212415,-0.0455518942798446
-30.7569633186457,1.73149159218062,-0.0455563801612587
-30.7458532576837,1.73149159223521,-0.0455609180181552
-30.7347428618785,1.73149159228815,-0.0455655067398508
-30.7236321847082,1.73149159233977,-0.045570145423966
-30.7125212848311,1.73149159239043,-0.0455748333401308
-30.7014102252519,1.73149159244039,-0.0455795699281693
-30.6902990724181,1.73149159248976,-0.0455843547941346
-30.6791878952231,1.73149159253832,-0.0455891877787818
-30.6680767639518,1.7314915925856,-0.045594069105884
-30.6569657492827,1.73149159263112,-0.0455989989821849
-30.645854921052,1.73149159267458,-0.0456039775936643
-30.6347443470522,1.73149159271581,-0.0456090051597224
-30.6236340916401,1.73149159275459,-0.0456140819536645
-30.6125242110993,1.73149159279065,-0.0456192083111645
-30.6014147431322,1.7314915928238,-0.0456243845634781
-30.5903056990703,1.73149159285397,-0.0456296110180237
-30.5791970646353,1.73149159288114,-0.045634887915164
-30.568088806443,1.73149159290583,-0.045640215343669
-30.5569808787193,1.73149159293034,-0.0456455931169033
-30.5458732269188,1.73149159295649,-0.0456510208563513
-30.5347657885979,1.7314915929849,-0.0456564979937786
-30.5236584933812,1.73149159301521,-0.0456620237344033
-30.5125512644858,1.73149159304603,-0.0456675970504899
-30.5014440261012,1.73149159307398,-0.0456732167271961
-30.4903367136276,1.73149159309624,-0.0456788813132702
-30.4792292783639,1.7314915931112,-0.0456845890997855
-30.4681216851423,1.73149159311747,-0.0456903380945574
-30.4570139070846,1.73149159311459,-0.0456961261924081
-30.4459059217341,1.73149159310299,-0.0457019512662767
-30.4347977099036,1.73149159308376,-0.0457078112639973
-30.4236892561213,1.73149159305897,-0.0457137043569227
-30.4125805491503,1.73149159303031,-0.0457196287683563
-30.4014715817526,1.73149159299865,-0.0457255827224641
-30.3903623499035,1.73149159296401,-0.0457315644171355
-30.379252851961,1.73149159292541,-0.0457375719680457
-30.3681430881444,1.7314915928819,-0.0457436035269783
-30.3570330603145,1.73149159283299,-0.0457496573237389
-30.3459227718732,1.73149159277883,-0.0457557317008848
-30.334812228083,1.73149159272046,-0.0457618251612933
-30.3237014376069,1.73149159265896,-0.0457679363426951
-30.3125904143035,1.73149159259498,-0.045774064000153
-30.3014791778107,1.73149159252882,-0.0457802069520629
-30.2903677527913,1.73149159246051,-0.0457863639719058
-30.2792561676702,1.73149159238998,-0.0457925339462302
-30.2681444536542,1.73149159231712,-0.0457987159327818
-30.2570326441729,1.73149159224188,-0.0458049091663191
-30.2459207745407,1.73149159216426,-0.0458111130385045
-30.2348088814768,1.73149159208434,-0.0458173270397372
-30.2236970023599,1.73149159200222,-0.0458235507989457
-30.2125851742577,1.73149159191802,-0.0458297842374949
-30.2014734296355,1.73149159183187,-0.0458360271577431
-30.1903617855253,1.73149159174387,-0.0458422792789693
-30.1792502353587,1.73149159165412,-0.0458485402914947
-30.1681387522447,1.73149159156271,-0.0458548098895529
-30.1570273034382,1.73149159146974,-0.0458610877811719
-30.1459158639622,1.73149159137527,-0.0458673733323108
-30.1348044201655,1.73149159127939,-0.0458736658111143
-30.1236929654524,1.73149159118272,-0.0458799644835002
-30.1125814946964,1.73149159108774,-0.045886268564611
-30.1014700015289,1.73149159099665,-0.0458925772792238
-30.090358478809,1.73149159091067,-0.0458988898733073
-30.0792469201772,1.73149159082969,-0.0459052056580733
-30.068135320932,1.73149159075149,-0.0459115241352563
-30.057023677829,1.73149159067336,-0.0459178447087194
-30.0459119883647,1.73149159059301,-0.0459241667254525
-30.0348002501869,1.73149159050826,-0.0459304897287774
-30.0236884610093,1.73149159041829,-0.0459368129360213
-30.0125766186462,1.7314915903235,-0.0459431353168102
-30.0014647209671,1.73149159022463,-0.0459494557930419
-29.9903527659277,1.73149159012238,-0.0459557733324709
-29.9792407516182,1.73149159001725,-0.0459620869825955
-29.9681286762994,1.73149158990963,-0.0459683958328144
-29.9570165384299,1.73149158980025,-0.0459746989107646
-29.9459043366985,1.73149158969019,-0.0459809952792123
-29.934792070059,1.73149158958045,-0.0459872839601241
-29.9236797377303,1.73149158947181,-0.045993564064167
-29.9125673392644,1.73149158936459,-0.0459998348074987
-29.9014548745533,1.73149158925823,-0.0460060954790841
-29.8903423438612,1.73149158915194,-0.0460123454788155
-29.8792297477974,1.73149158904563,-0.0460185844507227
-29.8681170873072,1.73149158893833,-0.0460248120086555
-29.8570043636352,1.73149158882899,-0.0460310276123847
-29.845891578279,1.73149158871688,-0.046037230594482
-29.8347787329635,1.73149158860163,-0.0460434202232439
-29.8236658296493,1.73149158848318,-0.0460495957580974
-29.8125528705462,1.73149158836158,-0.0460557564828822
-29.8014398581353,1.73149158823685,-0.0460619017211206
-29.7903267952032,1.73149158810896,-0.0460680308866562
-29.7792136848846,1.7314915879774,-0.0460741435908892
-29.7681005307361,1.73149158784123,-0.0460802393711238
-29.756987336816,1.73149158770012,-0.0460863174101027
-29.7458741076899,1.73149158755606,-0.0460923765369861
-29.734760848363,1.73149158741115,-0.0460984157334459
-29.7236475643763,1.73149158726669,-0.0461044342748813
-29.7125342618667,1.7314915871226,-0.0461104317197527
-29.7014209475261,1.73149158697638,-0.0461164080408315
-29.6903076286095,1.73149158682571,-0.0461223634774013
-29.679194312963,1.73149158666942,-0.0461282979125084
-29.6680810088682,1.73149158650747,-0.0461342108984571
-29.6569677249801,1.73149158634054,-0.0461401016164836
-29.6458544701906,1.73149158616972,-0.046145969275364
-29.6347412535639,1.73149158599662,-0.046151813289033
-29.6236280836827,1.73149158582322,-0.0461576332732755
-29.6125149648077,1.73149158565095,-0.0461634290191431
-29.6014018874969,1.73149158548038,-0.0461692004919236
-29.5902888146689,1.73149158531127,-0.0461749473815462
-29.5791756669118,1.73149158514259,-0.0461806692009195
-29.5680623120546,1.73149158497294,-0.0461863653357689
-29.5569485622242,1.73149158480128,-0.0461920349981539
-29.5458341791952,1.73149158462724,-0.0461976771339183
-29.5347188870352,1.73149158445095,-0.0462032903124332
-29.5236023905495,1.73149158427311,-0.0462088726781209
-29.5124843987203,1.73149158409475,-0.0462144219866165
-29.5013646504222,1.73149158391659,-0.0462199354370834
-29.4902429382612,1.73149158373874,-0.0462254096826288
-29.4791191280034,1.73149158356098,-0.046230840928853
-29.4679931726255,1.73149158338314,-0.046236225163945
-29.4568651195248,1.73149158320521,-0.0462415585436783
-29.4457351099206,1.7314915830273,-0.0462468375864704
-29.4346033696291,1.73149158284958,-0.0462520594103083
-29.4234701916526,1.73149158267258,-0.0462572220753402
-29.4123359130907,1.73149158249674,-0.0462623248120342
-29.4012008908697,1.73149158232208,-0.0462673673710525
-29.3900654795652,1.73149158214834,-0.0462723505905069
-29.3789300149395,1.73149158197535,-0.0462772766154401
-29.3677948042559,1.73149158180303,-0.0462821487882493
-29.3566601232777,1.73149158163194,-0.046286971444248
-29.345526219453,1.73149158146452,-0.0462917496903571
-29.3343933204442,1.73149158130269,-0.0462964890677324
-29.3232616463477,1.73149158114711,-0.0463011953122611
-29.3121314234054,1.73149158099804,-0.0463058742276451
-29.3010028965113,1.73149158085592,-0.0463105316909214
-29.2898763365678,1.73149158071719,-0.0463151736891038
-29.2787520375626,1.73149158057821,-0.0463198061785658
-29.267630308322,1.73149158043409,-0.0463244346120534
-29.256511464957,1.73149158028162,-0.0463290643184717
-29.2453958245814,1.73149158012001,-0.0463337007070098
-29.2342836971033,1.73149157995043,-0.0463383493254665
-29.2231753733814,1.73149157977598,-0.0463430159360709
-29.2120711114023,1.73149157960052,-0.0463477066005559
-29.2009711240518,1.73149157942671,-0.0463524271397237
-29.1898755695156,1.73149157925571,-0.0463571828793295
-29.1787845465273,1.73149157908806,-0.0463619784209433
-29.1676980954448,1.73149157892559,-0.0463668172647456
-29.1566162046024,1.73149157876947,-0.0463717022357988
-29.1455388223165,1.73149157861981,-0.0463766355692724
-29.1344658728008,1.73149157847601,-0.0463816187799875
-29.1233972734289,1.73149157833664,-0.0463866525335016
-29.1123329506804,1.73149157819842,-0.0463917365671344
-29.101272851983,1.7314915780582,-0.0463968696031481
-29.0902169525726,1.73149157791243,-0.0464020494668688
-29.0791652566923,1.73149157775917,-0.0464072731655891
-29.0681177932373,1.73149157759883,-0.0464125371209422
-29.057074607318,1.73149157743431,-0.0464178374763999
-29.0460357483009,1.73149157726849,-0.0464231699653862
-29.0350012558351,1.73149157710388,-0.0464285299191822
-29.0239711459382,1.73149157694293,-0.0464339123187078
-29.0129453981889,1.73149157678692,-0.0464393119909367
-29.0019239452358,1.73149157663581,-0.0464447236577867
-28.9909066657357,1.73149157648867,-0.0464501418794031
-28.9798933821809,1.73149157634227,-0.0464555609521079
-28.9688838648009,1.7314915761889,-0.0464609747414288
-28.9578778417054,1.73149157602642,-0.0464663764632504
-28.94687501445,1.73149157585641,-0.0464717587316996
-28.935875076053,1.7314915756821,-0.0464771135548772
-28.9248777275072,1.731491575507,-0.0464824323788096
-28.9138826917203,1.731491575335,-0.0464877061931225
-28.9028897278888,1.7314915751681,-0.0464929255383407
-28.8918986408009,1.73149157500703,-0.04649808065469
-28.8809092788716,1.73149157485195,-0.0465031617987261
-28.8699215227024,1.73149157470121,-0.0465081590163246
-28.8589352691572,1.73149157455041,-0.0465130622515481
-28.8479504156599,1.73149157439737,-0.0465178617355769
-28.8369668469552,1.73149157424189,-0.0465225482402765
-28.8259844245133,1.73149157408604,-0.0465271131776378
-28.8150029787285,1.73149157393616,-0.0465315486507054
-28.804022304777,1.73149157379717,-0.0465358472299585
-28.7930421631579,1.73149157366973,-0.0465400018680244
-28.7820622854541,1.73149157355256,-0.0465440056469241
-28.7710823844373,1.73149157344389,-0.0465478515703957
-28.76010216684,1.73149157334188,-0.0465515323208389
-28.749121346546,1.73149157324535,-0.0465550406633497
-28.7381396566558,1.73149157315384,-0.046558369613917
-28.7271568590398,1.73149157306716,-0.0465615124780521
-28.7161727504811,1.73149157298446,-0.0465644628925199
-28.7051871649533,1.73149157290516,-0.0465672148199971
-28.6941999718577,1.73149157282922,-0.0465697626202091
-28.6832110703763,1.7314915727572,-0.0465721012277758
-28.672220380819,1.73149157269072,-0.0465742264090582
-28.6612278343182,1.73149157263115,-0.0465761344248402
-28.6502333619939,1.73149157257915,-0.0465778220489294
-28.639236885437,1.7314915725348,-0.0465792867233702
-28.6282383100705,1.73149157249778,-0.0465805266115411
-28.6172375223071,1.73149157246768,-0.0465815406031335
-28.6062343915931,1.73149157244405,-0.0465823283046815
-28.5952287796379,1.73149157242677,-0.0465828898381855
-28.5842205550053,1.7314915724163,-0.0465832257284886
-28.5732096086403,1.73149157241266,-0.0465833367945033
-28.562195867798,1.73149157241524,-0.0465832240941229
-28.5511793077642,1.73149157242344,-0.0465828890246365
-28.5401599615429,1.73149157243681,-0.0465823334160992
-28.5291379272187,1.73149157245508,-0.0465815596160855
-28.5181133720779,1.73149157247812,-0.0465805705229613
-28.5070865318498,1.73149157250584,-0.0465793695286174
-28.4960577040396,1.73149157253819,-0.0465779609593252
-28.4850272359977,1.73149157257508,-0.0465763502789251
-28.4739955093544,1.73149157261639,-0.0465745441234543
-28.4629629234007,1.73149157266199,-0.046572550361193
-28.4519298800841,1.73149157271189,-0.0465703782358749
-28.4408967726318,1.73149157276779,-0.0465680378394933
-28.4298639776902,1.73149157283489,-0.0465655398066868
-28.4188318507815,1.73149157291703,-0.0465628953676239
-28.4078007250717,1.73149157301532,-0.0465601162741767
-28.396770912743,1.73149157312776,-0.0465572147052187
-28.3857427081721,1.73149157324651,-0.0465542031995706
-28.3747163911638,1.73149157336446,-0.0465510942167444
-28.3636922256055,1.73149157347795,-0.0465478997394339
-28.3526704556281,1.73149157358705,-0.046544631464386
-28.3416513064878,1.73149157369333,-0.0465413008799356
-28.3306349901755,1.73149157379851,-0.0465379192046166
-28.3196217101132,1.73149157390406,-0.0465344973357857
-28.3086116611348,1.73149157401166,-0.0465310458692898
-28.2976050248908,1.73149157412268,-0.0465275748033391
-28.2866019624807,1.73149157423935,-0.0465240933718695
-28.2756026069159,1.73149157436262,-0.0465206101003052
-28.2646070573406,1.73149157449132,-0.0465171328165468
-28.2536153756888,1.73149157462352,-0.0465136686612583
-28.2426275861148,1.73149157475644,-0.0465102240602209
-28.231643677299,1.73149157488456,-0.0465068046772157
-28.2206636075787,1.73149157500363,-0.0465034152863363
-28.209687312368,1.73149157511179,-0.0465000596097858
-28.1987147126404,1.73149157520899,-0.0464967404290718
-28.1877457236327,1.73149157529616,-0.0464934596299751
-28.1767802625461,1.73149157537451,-0.0464902182620596
-28.1658182541462,1.73149157544501,-0.0464870166720173
-28.1548596337608,1.73149157550827,-0.0464838544057114
-28.143904347102,1.73149157556453,-0.0464807302432599
-28.1329523472895,1.73149157561375,-0.0464776422736175
-28.1220035895328,1.7314915756558,-0.0464745879136586
-28.1110580240632,1.73149157569052,-0.0464715641785605
-28.1001155887039,1.7314915757178,-0.0464685678311855
-28.0891762018983,1.7314915757376,-0.0464655954292951
-28.0782397570165,1.73149157574994,-0.0464626433969489
-28.0673061188973,1.73149157575579,-0.0464597081202264
-28.0563751232264,1.7314915757592,-0.046456785545872
-28.0454465784667,1.73149157576338,-0.0464538711758174
-28.0345202705514,1.7314915757695,-0.0464509600932015
-28.0235959696026,1.73149157577713,-0.0464480469783482
-28.0126734377595,1.731491575784,-0.0464451261773907
-28.001752436899,1.73149157578489,-0.0464421918051924
-27.9908327352635,1.73149157577675,-0.046439237622347
-27.9799141120373,1.73149157575827,-0.0464362570587702
-27.9689963596203,1.73149157572801,-0.0464332431896555
-27.9580792832397,1.7314915756854,-0.0464301890341331
-27.9471626983641,1.7314915756307,-0.0464270877224329
-27.9362464262318,1.73149157556463,-0.0464239326610685
-27.9253302881316,1.73149157548795,-0.0464207177481592
-27.9144140999026,1.73149157540128,-0.0464174368014349
-27.9034976704148,1.73149157530507,-0.0464140835835128
-27.8925808064947,1.73149157519954,-0.0464106521086151
-27.8816633170391,1.73149157508483,-0.0464071367529256
-27.8707450122174,1.73149157496102,-0.0464035322611437
-27.8598257006508,1.73149157482818,-0.0463998337599672
-27.8489051890524,1.73149157468644,-0.0463960368258264
-27.8379832861395,1.73149157453596,-0.0463921373192203
-27.8270598092899,1.73149157437692,-0.0463881313542003
-27.8161345914649,1.73149157420952,-0.0463840152880036
-27.8052074865306,1.73149157403397,-0.0463797857669709
-27.7942783722482,1.7314915738505,-0.0463754397726292
-27.7833471511975,1.73149157365932,-0.0463709747142099
-27.7724137498542,1.73149157346062,-0.0463663884992102
-27.7614781158979,1.73149157325462,-0.0463616796138074
-27.7505402139188,1.73149157304153,-0.0463568471692031
-27.7396000199664,1.73149157282154,-0.0463518906647292
-27.7286575162234,1.73149157259488,-0.0463468102255509
-27.7177126890005,1.73149157236175,-0.0463416066941364
-27.7067655302475,1.73149157212238,-0.0463362815997928
-27.6958160401728,1.73149157187724,-0.0463308370877532
-27.6848642296779,1.73149157162703,-0.0463252759432008
-27.6739101227758,1.73149157137237,-0.0463196016872339
-27.6629537600397,1.73149157111375,-0.0463138179107741
-27.6519952030382,1.73149157085144,-0.046307928523049
-27.6410345396943,1.73149157058544,-0.0463019379218975
-27.6300718894466,1.73149157031546,-0.0462958510289405
-27.6191074071163,1.73149157004124,-0.046289673294007
-27.6081412846068,1.73149156976258,-0.0462834106872768
-27.5971737500054,1.73149156947928,-0.0462770697053775
-27.5862050638487,1.73149156919121,-0.0462706573963529
-27.575235512822,1.73149156889834,-0.0462641813818635
-27.5642654014568,1.73149156860081,-0.0462576498783075
-27.5532950425826,1.73149156829892,-0.0462510716852496
-27.542324747536,1.73149156799297,-0.0462444561794531
-27.5313548169616,1.73149156768318,-0.0462378133656341
-27.5203855330784,1.73149156736963,-0.0462311535174433
-27.50941715345,1.73149156705235,-0.0462244868740494
-27.4984499049019,1.73149156673137,-0.0462178237564258
-27.487483974593,1.73149156640678,-0.046211174533549
-27.4765195040676,1.73149156607878,-0.0462045495322875
-27.4655565931607,1.73149156574765,-0.0461979589509624
-27.4545953117148,1.73149156541377,-0.0461914123607561
-27.4436357119961,1.73149156507748,-0.0461849187039656
-27.4326778376465,1.73149156473909,-0.0461784862675457
-27.421721728052,1.73149156439885,-0.0461721226368526
-27.4107674193768,1.73149156405702,-0.0461658346925592
-27.3998149437757,1.73149156371383,-0.0461596286261027
-27.3888643275864,1.73149156336952,-0.0461535099641397
-27.3779155887167,1.73149156302436,-0.0461474835967508
-27.3669687333542,1.73149156267858,-0.0461415538570536
-27.3560237524668,1.73149156233242,-0.0461357246911465
-27.3450806190166,1.73149156198611,-0.0461299994511899
-27.3341392858289,1.73149156163987,-0.0461243807975746
-27.323199684845,1.7314915612939,-0.0461188707131045
-27.3122617280462,1.73149156094841,-0.0461134704882468
-27.3013253099227,1.73149156060361,-0.0461081806267194
-27.290390310968,1.73149156025967,-0.0461030010662192
-27.2794566020226,1.73149155991679,-0.0460979312603869
-27.2685240488813,1.73149155957517,-0.0460929701879166
-27.2575925164559,1.73149155923521,-0.0460881163445219
-27.2466618719361,1.73149155889757,-0.0460833677476104
-27.2357319866441,1.73149155856283,-0.0460787219697331
-27.2248027364162,1.73149155823138,-0.0460741761914495
-27.2138740005252,1.73149155790345,-0.0460697272684962
-27.2029456593391,1.73149155757907,-0.046065371871617
-27.1920175911472,1.7314915572581,-0.0460611066795626
-27.1810896686615,1.73149155694041,-0.0460569281990763
-27.1701617565602,1.73149155662581,-0.0460528327529633
-27.1592337144721,1.73149155631404,-0.0460488165185696
-27.1483054042166,1.73149155600487,-0.0460448755441093
-27.1373766934304,1.73149155569813,-0.0460410058019984
-27.1264474539265,1.73149155539369,-0.046037203249446
-27.1155175584401,1.73149155509147,-0.0460334638756702
-27.1045868796614,1.73149155479137,-0.0460297837339279
-27.093655292571,1.7314915544941,-0.0460261589320615
-27.0827226785788,1.73149155420315,-0.0460225855956624
-27.0717889293383,1.73149155392098,-0.0460190599761065
-27.0608539491117,1.73149155364735,-0.0460155784902237
-27.0499176554468,1.73149155338081,-0.0460121377968135
-27.0389799785368,1.73149155311917,-0.0460087348524169
-27.0280408596269,1.73149155285871,-0.0460053669746149
-27.0171002486824,1.73149155259667,-0.0460020317955644
-27.0061581013647,1.73149155233193,-0.0459987272544456
-26.9952143757287,1.73149155206446,-0.0459954516094445
-26.9842690290702,1.73149155179481,-0.0459922034845262
-26.973322015388,1.73149155152375,-0.045988981789564
-26.9623732837879,1.73149155125195,-0.0459857856785652
-26.9514227782871,1.73149155097984,-0.0459826145707902
-26.9404704403882,1.73149155070762,-0.0459794681357707
-26.9295162150591,1.73149155043533,-0.0459763462451252
-26.9185600575969,1.7314915501629,-0.045973249002051
-26.9076019392765,1.73149154989026,-0.0459701766983516
-26.8966418514422,1.73149154961741,-0.0459671298491863
-26.8856798086124,1.7314915493446,-0.0459641091830317
-26.8747158509156,1.73149154907237,-0.0459611156727921
-26.8637500454706,1.73149154880124,-0.0459581505938324
-26.8527824864636,1.73149154853153,-0.0459552155355067
-26.841813293679,1.7314915482632,-0.0459523125326168
-26.8308426094511,1.73149154799587,-0.0459494441380833
-26.8198705943896,1.73149154772919,-0.0459466133931831
-26.808897422624,1.73149154746294,-0.0459438237693281
-26.7979232768587,1.73149154719706,-0.0459410791289088
-26.7869483437807,1.73149154693156,-0.0459383837126669
-26.7759728100473,1.7314915466664,-0.0459357421821144
-26.7649968591646,1.73149154640156,-0.0459331597024929
-26.7540206694877,1.73149154613699,-0.0459306417886233
-26.7430444131163,1.73149154587266,-0.0459281941205453
-26.7320682554366,1.73149154560853,-0.0459258222662093
-26.7210923549279,1.73149154534462,-0.0459235317523428
-26.7101168629316,1.73149154508092,-0.0459213281092153
-26.6991419203024,1.73149154481746,-0.0459192168496588
-26.6881676487449,1.73149154455425,-0.0459172033760581
-26.6771941447267,1.73149154429132,-0.0459152928134552
-26.6662214804976,1.73149154402871,-0.045913490091687
-26.6552497095531,1.73149154376644,-0.0459117999251431
-26.6442788714623,1.73149154350457,-0.0459102267416218
-26.6333089934457,1.73149154324288,-0.0459087746101266
-26.622340089227,1.73149154298022,-0.0459074471831659
-26.6113721571337,1.73149154271573,-0.0459062476064519
-26.600405178894,1.73149154244939,-0.0459051785137838
-26.5894391196713,1.73149154218287,-0.0459042421162368
-26.5784739292929,1.73149154191851,-0.0459034401270142
-26.5675095441552,1.73149154165696,-0.0459027737071764
-26.556545889628,1.73149154139798,-0.0459022434665694
-26.5455828828101,1.73149154114109,-0.045901849485053
-26.5346204353878,1.7314915408853,-0.0459015912184401
-26.5236584563436,1.73149154062797,-0.0459014675143981
-26.5126968541342,1.73149154036713,-0.0459014767794986
-26.5017355381851,1.73149154010218,-0.0459016170712987
-26.4907744195343,1.73149153983434,-0.0459018861243878
-26.4798134105753,1.73149153956745,-0.0459022813301965
-26.4688524239343,1.73149153930496,-0.0459027997981174
-26.4578913707621,1.7314915390488,-0.0459034383151339
-26.4469301585988,1.73149153879957,-0.0459041935300783
-26.4359686902726,1.73149153855722,-0.0459050620332113
-26.4250068677122,1.73149153832156,-0.0459060404669811
-26.4140445994894,1.73149153809258,-0.0459071257744511
-26.4030818044008,1.7314915378678,-0.0459083147969036
-26.3921184091419,1.73149153764496,-0.04590960389288
-26.3811543436641,1.73149153742291,-0.0459109891920282
-26.3701895384757,1.73149153720122,-0.0459124668003279
-26.3592239250809,1.73149153698012,-0.0459140329367174
-26.3482574382759,1.73149153676014,-0.045915683955776
-26.3372900184818,1.73149153654185,-0.0459174162309852
-26.3263216130219,1.73149153632562,-0.0459192262903615
-26.3153521763575,1.7314915361117,-0.0459211108650431
-26.3043816695701,1.73149153590044,-0.0459230668485304
-26.2934100593823,1.73149153569238,-0.0459250913010907
-26.282437316765,1.73149153548801,-0.0459271814764428
-26.2714634152022,1.73149153528764,-0.0459293346245667
-26.2604883286244,1.7314915350912,-0.0459315482098938
-26.2495120294209,1.73149153489825,-0.0459338199885929
-26.2385344867687,1.73149153470816,-0.045936148022134
-26.227555665488,1.73149153452023,-0.0459385307284407
-26.2165755261009,1.73149153433394,-0.0459409666754907
-26.2055940273514,1.73149153414902,-0.0459434544955689
-26.1946111303964,1.73149153396557,-0.0459459928725258
-26.1836268025964,1.73149153378397,-0.0459485804975371
-26.1726410202123,1.73149153360459,-0.0459512161741782
-26.1616537704319,1.73149153342773,-0.0459538988555234
-26.1506650532353,1.73149153325368,-0.0459566276564145
-26.1396748831022,1.73149153308268,-0.0459594019880894
-26.1286832903203,1.73149153291486,-0.0459622217350739
-26.1176903216706,1.73149153275017,-0.0459650864970459
-26.1066960396966,1.7314915325882,-0.045967995950161
-26.095700521318,1.7314915324283,-0.0459709500578101
-26.084703855778,1.73149153226994,-0.045973949133707
-26.0737061421313,1.73149153211292,-0.0459769938550943
-26.0627074865626,1.73149153195728,-0.0459800852399504
-26.0517079997616,1.73149153180339,-0.0459832246692441
-26.04070779457,1.73149153165176,-0.045986413984331
-26.0297069842026,1.73149153150283,-0.0459896552726224
-26.0187056808667,1.73149153135683,-0.0459929509441949
-26.0077039950233,1.73149153121374,-0.0459963033645789
-25.9967020350065,1.73149153107307,-0.0459997145842101
-25.9856999067403,1.73149153093409,-0.046003186611371
-25.9746977137144,1.73149153079638,-0.0460067215552283
-25.9636955569164,1.73149153065944,-0.0460103216314711
-25.9526935333373,1.73149153052178,-0.0460139891029836
-25.9416917291384,1.73149153038165,-0.0460177263065419
-25.9306902091207,1.73149153023705,-0.0460215355859534
-25.9196890127665,1.73149153009019,-0.0460254190577769
-25.9086881571785,1.73149152994597,-0.0460293786217328
-25.8976876428909,1.73149152981111,-0.0460334158119986
-25.8866874579994,1.73149152969004,-0.0460375318542188
-25.8756875794435,1.73149152958489,-0.0460417277278386
-25.8646879726023,1.73149152949777,-0.0460460041970774
-25.8536885909811,1.73149152942698,-0.0460503616123242
-25.8426893766571,1.73149152936918,-0.0460547999182749
-25.8316902616622,1.73149152932115,-0.0460593186710842
-25.8206911698871,1.7314915292794,-0.0460639170885214
-25.8096920191644,1.73149152923734,-0.04606859412707
-25.7986927233934,1.73149152918877,-0.0460733481868285
-25.7876931942423,1.73149152913061,-0.0460781773033984
-25.7766933427061,1.73149152906267,-0.0460830792650128
-25.7656930803139,1.73149152898642,-0.0460880516474095
-25.7546923197953,1.73149152890431,-0.0460930918768808
-25.7436909751702,1.73149152881999,-0.0460981973392061
-25.7326889625128,1.73149152873624,-0.0461033651735248
-25.7216862038049,1.73149152865439,-0.0461085923124642
-25.710682634022,1.73149152857467,-0.0461138755584171
-25.6996782050845,1.73149152849655,-0.0461192116416883
-25.6886728829728,1.73149152841922,-0.0461245972802041
-25.6776666414534,1.73149152834195,-0.0461300292029983
-25.6666594568264,1.73149152826427,-0.0461355041066793
-25.6556513056126,1.731491528186,-0.0461410188456075
-25.6446421646764,1.73149152810708,-0.0461465704775572
-25.6336320121905,1.73149152802705,-0.0461521562669828
-25.6226208283665,1.73149152794358,-0.0461577737304388
-25.6116085962454,1.73149152785483,-0.0461634205431227
-25.6005953039623,1.73149152776065,-0.0461690944778479
-25.5895809478939,1.73149152766384,-0.0461747933874084
-25.5785655347473,1.73149152756794,-0.0461805153121835
-25.5675490820091,1.7314915274758,-0.0461862584553317
-25.5565316171798,1.73149152738855,-0.0461920212235584
-25.5455131765055,1.73149152730366,-0.0461978023823003
-25.5344938036884,1.73149152721832,-0.0462036008755569
-25.5234735484623,1.73149152713035,-0.0462094157853469
-25.5124524649936,1.73149152703878,-0.0462152463688877
-25.5014306102094,1.73149152694495,-0.0462210919942032
-25.4904080422407,1.7314915268488,-0.0462269518290885
-25.4793848189378,1.73149152675005,-0.0462328252463746
-25.4683609969189,1.73149152664859,-0.0462387119789346
-25.4573366310543,1.73149152654504,-0.0462446121781897
-25.4463117742869,1.73149152644246,-0.0462505265848426
-25.4352864779065,1.73149152634332,-0.0462564559797211
-25.4242607917717,1.73149152624841,-0.0462624008457279
-25.4132347644131,1.73149152615757,-0.0462683615321186
-25.4022084431723,1.73149152607011,-0.0462743383679128
-25.3911818741964,1.73149152598505,-0.0462803317100103
-25.3801551020665,1.73149152590146,-0.0462863419876827
-25.3691281673018,1.73149152581824,-0.0462923697596894
-25.3581010972608,1.73149152573392,-0.0462984155841142
-25.3470738957597,1.73149152564728,-0.0463044800081215
-25.336046540105,1.73149152555766,-0.0463105633841762
-25.325018985324,1.73149152546477,-0.046316665694422
-25.3139911704548,1.73149152536836,-0.0463227863795182
-25.3029630226603,1.73149152526811,-0.0463289247270989
-25.2919344588349,1.7314915251636,-0.0463350799759618
-25.280905386037,1.73149152505439,-0.0463412512443713
-25.26987570224,1.73149152494012,-0.0463474374456835
-25.2588452979567,1.73149152482046,-0.0463536372169858
-25.2478140584936,1.73149152469465,-0.0463598489096242
-25.2367818679038,1.73149152456012,-0.0463660706556404
-25.2257486184395,1.73149152441485,-0.0463723003307708
-25.2147142207268,1.73149152425805,-0.0463785355813262
-25.203678608873,1.73149152409052,-0.0463847739809995
-25.1926417403523,1.73149152391598,-0.0463910132756418
-25.1816035935542,1.73149152373887,-0.046397251095254
-25.170564165443,1.73149152356188,-0.0464034849816214
-25.1595234704752,1.73149152338527,-0.0464097125079259
-25.1484815402742,1.73149152320775,-0.0464159314321973
-25.1374384231362,1.73149152302763,-0.0464221397915442
-25.126394182955,1.73149152284375,-0.0464283359539602
-25.1153488977099,1.73149152265567,-0.0464345185705579
-25.1043026579258,1.73149152246287,-0.0464406862881234
-25.0932555651042,1.73149152226495,-0.0464468381285658
-25.0822077305349,1.73149152206171,-0.0464529736254971
-25.0711592742723,1.73149152185306,-0.0464590928753442
-25.0601103240743,1.73149152163895,-0.0464651967045007
-25.0490610143986,1.73149152141935,-0.0464712861663095
-25.038011485019,1.73149152119422,-0.0464773621938426
-25.0269618792154,1.73149152096351,-0.0464834258055432
-25.0159123418329,1.73149152072718,-0.0464894782349639
-25.0048630170904,1.73149152048521,-0.0464955210009054
-24.9938140460842,1.73149152023758,-0.0465015559947507
-24.9827655639369,1.73149151998434,-0.0465075852738154
-24.9717176935515,1.73149151972676,-0.046513610905008
-24.9606705340334,1.73149151947045,-0.0465196348080734
-24.9496241524505,1.73149151921985,-0.046525658822662
-24.9385785845367,1.73149151897533,-0.0465316846674206
-24.9275338411379,1.73149151873074,-0.0465377137736751
-24.9164899147289,1.73149151847987,-0.0465437473919036
-24.9054467833256,1.73149151821896,-0.0465497865675686
-24.8944044120242,1.73149151794673,-0.0465558320875907
-24.8833627537981,1.7314915176636,-0.0465618844861686
-24.8723217508056,1.73149151737087,-0.0465679438396787
-24.8612813361866,1.73149151706995,-0.04657400971579
-24.8502414359458,1.73149151676198,-0.04658008120723
-24.8392019705265,1.73149151644768,-0.0465861569817888
-24.8281628559159,1.73149151612739,-0.0465922353326849
-24.8171240043178,1.73149151580176,-0.0465983142042916
-24.8060853244654,1.73149151547317,-0.0466043911823469
-24.7950467215968,1.73149151514403,-0.0466104636222224
-24.7840080975604,1.73149151481744,-0.0466165287478509
-24.7729693541044,1.73149151449403,-0.0466225836322377
-24.761930401204,1.73149151416907,-0.0466286253077958
-24.7508911634718,1.73149151383772,-0.046634650544614
-24.7398515796499,1.73149151349714,-0.0466406556206103
-24.7288115975507,1.73149151314647,-0.0466466367197107
-24.7177711693093,1.73149151278616,-0.0466525901381303
-24.7067302493483,1.73149151241736,-0.0466585123405476
-24.695688794647,1.73149151204128,-0.0466643999654485
-24.6846467657145,1.73149151165891,-0.0466702498081638
-24.6736041271114,1.73149151127087,-0.0466760588157732
-24.6625608473299,1.7314915108775,-0.0466818240757259
-24.6515168983252,1.73149151047895,-0.0466875428167606
-24.6404722550346,1.73149151007529,-0.046693212497489
-24.6294268950496,1.73149150966658,-0.0466988306806955
-24.6183807981976,1.73149150925292,-0.0467043950475694
-24.6073339459845,1.73149150883449,-0.0467099034465227
-24.596286320965,1.73149150841148,-0.0467153535756755
-24.5852379059288,1.73149150798413,-0.0467207432677623
-24.5741886834677,1.73149150755267,-0.0467260706201792
-24.5631386369593,1.73149150711733,-0.0467313339922199
-24.5520877530022,1.73149150667831,-0.0467365319912996
-24.5410360234489,1.73149150623583,-0.0467416634794036
-24.5299834462163,1.73149150579008,-0.04674672746094
-24.518930025276,1.73149150534125,-0.0467517230390695
-24.5078757706474,1.73149150488952,-0.0467566494426514
-24.4968206988003,1.73149150443508,-0.0467615061183857
-24.4857648333524,1.73149150397811,-0.0467662926722824
-24.4747082056327,1.73149150351879,-0.046771008833003
-24.4636508549008,1.7314915030573,-0.0467756544284334
-24.4525928281674,1.73149150259382,-0.0467802293156005
-24.4415341796083,1.73149150212852,-0.0467847335444774
-24.4304749697664,1.73149150166158,-0.0467891674182398
-24.419415264558,1.73149150119316,-0.0467935314970311
-24.4083551340849,1.73149150072343,-0.0467978265745098
-24.3972946513014,1.73149150025255,-0.0468020536407642
-24.3862338906099,1.73149149978068,-0.046806213883042
-24.3751729264796,1.73149149930799,-0.0468103087877361
-24.3641118322798,1.73149149883461,-0.0468143399921595
-24.3530506792838,1.7314914983607,-0.0468183089006133
-24.3419895355973,1.73149149788642,-0.0468222168966049
-24.3309284653352,1.7314914974119,-0.0468260654683328
-24.3198675262794,1.73149149693728,-0.0468298562107558
-24.3088067613568,1.73149149646271,-0.0468335907534455
-24.2977461894022,1.73149149598831,-0.0468372706591223
-24.2866858035577,1.73149149551423,-0.046840897416225
-24.2756255768985,1.73149149504057,-0.0468444724032412
-24.2645654697716,1.73149149456747,-0.0468479968319767
-24.2535054345353,1.73149149409504,-0.046851471691197
-24.2424454169793,1.7314914936234,-0.0468548977031195
-24.2313853560272,1.73149149315269,-0.0468582753622302
-24.2203251834806,1.73149149268339,-0.0468616050574678
-24.2092648246077,1.73149149221619,-0.0468648867172753
-24.1982041989916,1.73149149175161,-0.0468681197631244
-24.1871432214359,1.73149149128986,-0.0468713033597863
-24.176081805355,1.73149149083083,-0.0468744365326521
-24.1650198711351,1.73149149037409,-0.0468775182019811
-24.1539573541946,1.73149148991926,-0.0468805471873461
-24.1428942064655,1.73149148946614,-0.0468835222108443
-24.1318303927247,1.73149148901465,-0.0468864419169885
-24.1207658860104,1.73149148856477,-0.0468893049170771
-24.1097006651076,1.73149148811646,-0.0468921098388735
-24.0986347142881,1.73149148766965,-0.0468948553644391
-24.0875680243615,1.7314914872243,-0.0468975402628541
-24.0765005949986,1.73149148678034,-0.0469001634162262
-24.0654324369184,1.73149148633774,-0.0469027238602442
-24.0543635723157,1.73149148589649,-0.0469052208882018
-24.0432940336906,1.73149148545658,-0.0469076540683743
-24.0322238621254,1.73149148501801,-0.0469100230552306
-24.0211531057563,1.7314914845808,-0.0469123275902843
-24.0100818186884,1.73149148414495,-0.0469145675533397
-23.999010060134,1.73149148371049,-0.0469167430034151
-23.9879378935028,1.73149148327744,-0.0469188542048698
-23.9768653853641,1.73149148284584,-0.0469209016313402
-23.9657926043857,1.7314914824157,-0.0469228858927117
-23.9547196203,1.73149148198709,-0.0469248077553049
-23.9436465029896,1.73149148156003,-0.046926668053907
-23.9325733215722,1.73149148113458,-0.0469284678197825
-23.9215001435415,1.73149148071077,-0.046930208297622
-23.9104270338033,1.73149148028867,-0.0469318909253582
-23.8993540518316,1.73149147986832,-0.0469335173427188
-23.8882812423011,1.73149147944978,-0.046935089293508
-23.8772086249042,1.73149147903309,-0.0469366084562031
-23.8661361919485,1.73149147861831,-0.0469380763649592
-23.8550639133514,1.7314914782055,-0.0469394944115876
-23.8439917435279,1.7314914777947,-0.0469408637949902
-23.8329196257166,1.73149147738597,-0.0469421854873736
-23.8218474931707,1.73149147697936,-0.0469434601497388
-23.8107752706056,1.73149147657491,-0.0469446881652932
-23.7997028818035,1.73149147617268,-0.0469458696515387
-23.7886302590431,1.73149147577272,-0.046947004456718
-23.7775573466389,1.73149147537506,-0.0469480920978695
-23.766484098272,1.73149147497962,-0.0469491319494722
-23.7554104725749,1.73149147458621,-0.046950123327117
-23.7443364305263,1.73149147419466,-0.0469510655628298
-23.733261935312,1.73149147380503,-0.0469519581843927
-23.7221869534128,1.73149147341754,-0.0469528006617259
-23.7111114552771,1.73149147303257,-0.0469535920653413
-23.7000354150045,1.73149147265039,-0.0469543313906847
-23.688958809626,1.73149147227107,-0.0469550177211712
-23.6778816184072,1.7314914718946,-0.0469556503136567
-23.6668038227818,1.73149147152093,-0.0469562287210097
-23.6557254080059,1.73149147114983,-0.0469567525521582
-23.6446463653772,1.73149147078088,-0.0469572213827859
-23.6335666933224,1.73149147041376,-0.0469576347752572
-23.6224863971597,1.7314914700493,-0.0469579922943929
-23.6114054883566,1.73149146969069,-0.0469582934680588
-23.6003239840414,1.73149146933762,-0.046958537841428
-23.5892419069695,1.73149146898855,-0.0469587251531625
-23.5781592857909,1.73149146864219,-0.0469588553929575
-23.5670761552254,1.7314914682978,-0.0469589288591039
-23.5559925559779,1.73149146795522,-0.0469589462938935
-23.5449085345465,1.73149146761468,-0.0469589085220709
-23.5338241427806,1.73149146727657,-0.046958816392304
-23.5227394372287,1.7314914669413,-0.0469586707727139
-23.5116544784096,1.73149146660917,-0.0469584725870344
-23.5005693299869,1.73149146628038,-0.0469582228266092
-23.4894840578032,1.73149146595504,-0.0469579224876742
-23.4783987286968,1.73149146563313,-0.0469575727260054
-23.4673134092819,1.73149146531462,-0.0469571748950795
-23.4562281647479,1.73149146499946,-0.0469567305387565
-23.4451430574714,1.73149146468766,-0.0469562413654492
-23.4340581422948,1.73149146437922,-0.0469557090498997
-23.422973455644,1.73149146407416,-0.0469551352582412
-23.4118890075719,1.73149146377246,-0.0469545216236454
-23.4008047826048,1.73149146347412,-0.046953869697439
-23.3897207465342,1.73149146317913,-0.0469531809628493
-23.3786368533266,1.73149146288746,-0.0469524569033495
-23.3675530489546,1.73149146259908,-0.0469516987794126
-23.356469272302,1.73149146231395,-0.0469509074713048
-23.3453854550583,1.73149146203202,-0.0469500833193078
-23.3343015224187,1.73149146175324,-0.04694922638212
-23.3232173986367,1.73149146147757,-0.0469483365537972
-23.3121330174617,1.73149146120494,-0.0469474136432456
-23.3010483287437,1.73149146093529,-0.0469464575155289
-23.2899632974765,1.73149146066857,-0.0469454678915818
-23.2788778984592,1.73149146040471,-0.0469444443550246
-23.2677921115567,1.73149146014364,-0.0469433864301648
-23.256705919706,1.7314914598853,-0.0469422933738893
-23.2456193088773,1.73149145962962,-0.0469411643413936
-23.2345322686493,1.73149145937653,-0.0469399985521965
-23.2234447922425,1.73149145912595,-0.0469387953993593
-23.2123568759311,1.73149145887782,-0.0469375544795673
-23.2012685183647,1.73149145863205,-0.0469362752240162
-23.1901797204,1.73149145838858,-0.0469349571372736
-23.1790904867847,1.73149145814733,-0.0469335999213549
-23.1680008284694,1.73149145790822,-0.0469322034929494
-23.1569107635554,1.73149145767091,-0.0469307679502697
-23.1458203166206,1.73149145743414,-0.0469292935306456
-23.1347295173952,1.73149145719744,-0.0469277805589166
-23.1236383995925,1.73149145696277,-0.0469262295268981
-23.1125470002567,1.73149145673209,-0.0469246409774206
-23.1014553592147,1.73149145650629,-0.046923015594565
-23.0903635183914,1.73149145628462,-0.046921354437937
-23.0792715210848,1.73149145606469,-0.0469196583287103
-23.0681794109231,1.73149145584448,-0.0469179279400471
-23.0570872309105,1.73149145562298,-0.0469161640073831
-23.0459950226342,1.73149145540032,-0.0469143673929938
-23.0349028244392,1.73149145517761,-0.0469125390123765
-23.0238106642174,1.73149145495628,-0.046910679612743
-23.0127185480217,1.73149145473749,-0.0469087900459646
-23.001626455986,1.73149145452222,-0.0469068713294403
-22.9905343464865,1.73149145431113,-0.0469049245537485
-22.9794421661422,1.73149145410446,-0.0469029507621677
-22.9683498632481,1.73149145390211,-0.0469009508602057
-22.957257397008,1.73149145370344,-0.0468989255733875
-22.946164737981,1.73149145350737,-0.0468968754771237
-22.9350718632205,1.73149145331271,-0.0468948010634136
-22.9239787514723,1.73149145311842,-0.04689270269717
-22.9128853813542,1.73149145292373,-0.0468905807985085
-22.90179173206,1.73149145272812,-0.0468884352591589
-22.8906977842802,1.73149145253129,-0.0468862657969779
-22.8796035205163,1.73149145233317,-0.0468840721832752
-22.8685089247095,1.73149145213371,-0.0468818542776697
-22.8574139816184,1.73149145193282,-0.0468796120094786
-22.8463186764641,1.73149145173032,-0.0468773453179994
-22.8352229950725,1.73149145152602,-0.0468750540393054
-22.8241269251409,1.73149145131976,-0.046872738050881
-22.8130304587073,1.7314914511114,-0.0468703973069006
-22.8019335938745,1.73149145090085,-0.0468680318228378
-22.7908363350372,1.73149145068803,-0.046865641672386
-22.7797386921689,1.73149145047286,-0.0468632269855924
-22.768640680052,1.73149145025526,-0.0468607879503497
-22.7575423178795,1.73149145003494,-0.0468583248611195
-22.7464436291424,1.73149144981139,-0.0468558382219156
-22.7353446415215,1.73149144958442,-0.0468533285843073
-22.7242453865004,1.7314914493543,-0.046850796475659
-22.7131458987945,1.73149144912152,-0.0468482423653495
-22.7020462156726,1.73149144888646,-0.0468456668023188
-22.6909463763344,1.73149144864929,-0.046843070474171
-22.6798464213477,1.73149144840977,-0.0468404542225328
-22.6687463921389,1.7314914481673,-0.0468378190880409
-22.6576463304384,1.73149144792138,-0.0468351664204748
-22.6465462778413,1.73149144767176,-0.0468324975757013
-22.635446275061,1.73149144741838,-0.0468298137845251
-22.624346357673,1.73149144716132,-0.0468271160872045
-22.613246545638,1.73149144690064,-0.0468244052016903
-22.6021468351817,1.73149144663643,-0.0468216818761824
-22.591047199322,1.73149144636879,-0.0468189469959154
-22.579947594221,1.73149144609816,-0.0468162015497612
-22.5688479658129,1.73149144582529,-0.0468134465834045
-22.5577482558943,1.73149144555084,-0.0468106832056613
-22.5466484100538,1.73149144527523,-0.0468079123092073
-22.5355483842812,1.73149144499874,-0.0468051344083093
-22.5244481467447,1.73149144472263,-0.0468023496341941
-22.5133476745919,1.7314914444519,-0.0467995577472495
-22.502246949762,1.73149144419054,-0.0467967584007668
-22.4911459566576,1.73149144394011,-0.0467939512706478
-22.4800446819372,1.73149144369916,-0.0467911361419099
-22.4689431152088,1.73149144346143,-0.046788313052708
-22.4578412494466,1.73149144322105,-0.0467854821294793
-22.4467390807168,1.73149144297383,-0.046782643106032
-22.4356366074973,1.73149144271893,-0.0467797955996172
-22.4245338305729,1.73149144246037,-0.0467769392178981
-22.4134307544522,1.73149144220248,-0.0467740737126095
-22.4023273892594,1.73149144194909,-0.0467711990500378
-22.3912237513725,1.73149144170538,-0.0467683154540269
-22.3801198626965,1.73149144147166,-0.04676542318741
-22.3690157493346,1.73149144124299,-0.0467625226010408
-22.3579114405122,1.73149144101225,-0.0467596140779401
-22.3468069679183,1.73149144077425,-0.0467566980242434
-22.3357023652684,1.7314914405269,-0.0467537749166299
-22.3245976678975,1.73149144027048,-0.0467508453327533
-22.31349291211,1.73149144000616,-0.0467479099531679
-22.3023881343953,1.73149143973531,-0.046744969517779
-22.2912833688517,1.73149143945919,-0.0467420247826812
-22.2801786380577,1.7314914391791,-0.0467390764449777
-22.2690739428016,1.73149143889594,-0.0467361251983405
-22.2579692606008,1.73149143861019,-0.046733171648124
-22.246864556782,1.73149143832194,-0.0467302164050093
-22.2357598002683,1.7314914380306,-0.0467272600620473
-22.2246549717322,1.73149143773368,-0.0467243031105475
-22.2135500618171,1.73149143742816,-0.0467213460156362
-22.2024450651418,1.73149143710863,-0.0467183893138096
-22.1913399760338,1.73149143677171,-0.0467154334743626
-22.1802347878344,1.73149143641866,-0.0467124789001215
-22.1691294940819,1.73149143605835,-0.0467095260880444
-22.1580240897449,1.73149143569914,-0.0467065754967455
-22.1469185714061,1.73149143534558,-0.0467036274321503
-22.135812936634,1.73149143499827,-0.0467006820290754
-22.1247071833056,1.7314914346568,-0.0466977389943365
-22.1136013091898,1.7314914343202,-0.0466947980438029
-22.1024953119708,1.73149143398783,-0.0466918590578616
-22.091389189414,1.73149143365986,-0.0466889220623826
-22.0802829395341,1.73149143333667,-0.0466859872358978
-22.0691765606765,1.73149143301807,-0.046683054970424
-22.0580700515467,1.73149143270323,-0.0466801256144002
-22.0469634112151,1.73149143239132,-0.0466771993934545
-22.0358566391442,1.73149143208133,-0.046674276338996
-22.0247497352073,1.7314914317707,-0.0466713560954272
-22.0136426995698,1.73149143145745,-0.0466684383684956
-22.0025355327074,1.73149143114076,-0.0466655230864745
-21.9914282353789,1.73149143082069,-0.0466626103613102
-21.9803208085241,1.73149143049833,-0.046659700510157
-21.9692132531425,1.73149143017676,-0.0466567942238412
-21.9581055703131,1.73149142985882,-0.0466538920972062
-21.9469977611243,1.73149142954711,-0.0466509944011184
-21.935889826553,1.73149142924312,-0.0466481012369893
-21.9247817674826,1.73149142894696,-0.0466452126162367
-21.9136735848136,1.73149142865712,-0.0466423284096292
-21.9025652795104,1.7314914283715,-0.0466394485802929
-21.8914568527528,1.73149142808805,-0.0466365732471532
-21.8803483060362,1.73149142780536,-0.0466337026891315
-21.869239641157,1.73149142752286,-0.046630837473351
-21.8581308603813,1.73149142724051,-0.0466279781257536
-21.8470219665192,1.73149142695847,-0.0466251250207546
-21.835912962913,1.73149142667683,-0.0466222784051632
-21.8248038534024,1.73149142639552,-0.0466194383714188
-21.8136946422794,1.73149142611435,-0.0466166047193722
-21.8025853341485,1.73149142583303,-0.0466137773113981
-21.7914759338703,1.73149142555131,-0.0466109561990649
-21.7803664465075,1.73149142526878,-0.0466081416774656
-21.7692568772912,1.73149142498446,-0.0466053343997899
-21.7581472316032,1.73149142469758,-0.0466025350128849
-21.7470375148943,1.73149142440782,-0.0465997440197728
-21.7359277326917,1.73149142411538,-0.0465969616963966
-21.7248178905382,1.73149142382126,-0.0465941879504335
-21.7137079939892,1.73149142352639,-0.0465914226889532
-21.7025980487464,1.73149142323125,-0.0465886659727942
-21.6914880607674,1.73149142293595,-0.0465859180930493
-21.6803780363281,1.73149142264036,-0.0465831797099095
-21.669267982102,1.73149142234426,-0.0465804514708665
-21.6581579051153,1.73149142204745,-0.0465777338599614
-21.6470478126892,1.73149142174979,-0.0465750271342612
-21.6359377123998,1.73149142145123,-0.0465723311940461
-21.6248276119721,1.73149142115176,-0.046569645957908
-21.6137175192255,1.73149142085144,-0.0465669715012488
-21.6026074420237,1.73149142055034,-0.0465643080400431
-21.5914973881839,1.73149142024851,-0.0465616559557755
-21.580387365331,1.73149141994656,-0.0465590159270964
-21.5692773809332,1.7314914196469,-0.0465563884552526
-21.5581674422273,1.73149141935147,-0.0465537738604256
-21.5470575561716,1.73149141906094,-0.046551172355238
-21.5359477294531,1.73149141877506,-0.0465485840935018
-21.5248379685199,1.73149141849249,-0.0465460092295202
-21.5137282796239,1.73149141820989,-0.046543448002045
-21.5026186689613,1.73149141792399,-0.0465409006193978
-21.491509142768,1.73149141763109,-0.0465383670572371
-21.4803997071554,1.73149141732915,-0.0465358472702149
-21.4692903681154,1.73149141701804,-0.0465333412913535
-21.4581811315813,1.73149141669805,-0.0465308492601646
-21.4470720034317,1.73149141636848,-0.0465283715108349
-21.4359629894585,1.73149141603396,-0.0465259085299839
-21.4248540953099,1.73149141569935,-0.0465234606339749
-21.4137453263877,1.73149141536757,-0.046521027765625
-21.4026366876977,1.73149141503962,-0.0465186097732739
-21.391528183814,1.73149141471524,-0.0465162065463734
-21.3804198188901,1.73149141439356,-0.0465138180653699
-21.3693115966522,1.73149141407349,-0.0465114444745493
-21.3582035204273,1.73149141375356,-0.0465090860164773
-21.3470955932863,1.73149141343245,-0.0465067428229572
-21.3359878180299,1.73149141310829,-0.0465044146860905
-21.324880197079,1.73149141278007,-0.0465021013331287
-21.3137727325776,1.73149141244782,-0.0464998025623419
-21.302665426538,1.7314914121126,-0.0464975183077548
-21.2915582809196,1.731491411777,-0.0464952487402197
-21.2804512976942,1.73149141144325,-0.0464929940185643
-21.2693444788056,1.73149141111279,-0.0464907541949657
-21.2582378261083,1.7314914107868,-0.0464885292344966
-21.2471313413377,1.73149141046579,-0.0464863190206308
-21.2360250261025,1.73149141014962,-0.0464841233094578
-21.2249188818735,1.73149140983789,-0.0464819415741875
-21.2138129098683,1.73149140953014,-0.0464797733439951
-21.202707111033,1.73149140922598,-0.0464776183229468
-21.191601486081,1.73149140892523,-0.0464754763601235
-21.1804960354887,1.73149140862779,-0.0464733474326371
-21.1693907595399,1.73149140833368,-0.0464712316793508
-21.1582856583618,1.73149140804293,-0.0464691291892629
-21.1471807319328,1.73149140775611,-0.0464670399469697
-21.1360759801267,1.73149140747507,-0.046464963841976
-21.1249714028131,1.7314914071993,-0.0464629004897992
-21.113866999873,1.73149140692755,-0.0464608494766193
-21.1027627712215,1.73149140665879,-0.0464588104680312
-21.0916587168672,1.73149140639244,-0.046456783215723
-21.0805548369406,1.73149140612827,-0.0464547675610278
-21.0694511316219,1.73149140586631,-0.0464527634950751
-21.0583476011479,1.73149140560673,-0.046450771012528
-21.0472442457638,1.73149140534965,-0.0464487901155373
-21.036141065677,1.73149140509518,-0.0464468207308705
-21.0250380610402,1.73149140484335,-0.0464448627025421
-21.0139352318765,1.73149140459411,-0.0464429158149931
-21.0028325780208,1.7314914043474,-0.0464409798273861
-20.9917300991278,1.73149140410312,-0.0464390545023888
-20.9806277946862,1.7314914038612,-0.0464371396318572
-20.9695256640549,1.73149140362155,-0.0464352349978145
-20.9584237065325,1.73149140338411,-0.0464333401229605
-20.94732192128,1.73149140314881,-0.0464314545613996
-20.936220307376,1.73149140291561,-0.0464295780076747
-20.9251188639138,1.73149140268445,-0.0464277102673415
-20.9140175900308,1.73149140245527,-0.0464258512031938
-20.9029164848976,1.73149140222801,-0.0464240006963021
-20.8918155477138,1.73149140200261,-0.0464221586455459
-20.8807147776789,1.731491401779,-0.0464203250070518
-20.8696141739784,1.73149140155711,-0.0464184997287124
-20.8585137358216,1.73149140133689,-0.0464166827115969
-20.8474134622849,1.73149140111826,-0.0464148737985244
-20.8363133522446,1.73149140090116,-0.0464130728033424
-20.8252134043747,1.73149140068552,-0.0464112795407361
-20.8141136171418,1.73149140047128,-0.0464094938255307
-20.8030139887875,1.73149140025837,-0.04640771544485
-20.7919145173618,1.73149140004672,-0.0464059442353156
-20.7808152007089,1.73149139983628,-0.0464041800827286
-20.7697160364647,1.73149139962697,-0.0464024228978661
-20.7586170221013,1.73149139941874,-0.0464006725987198
-20.7475181549934,1.73149139921154,-0.0463989290862467
-20.7364194323929,1.73149139900549,-0.0463971922820245
-20.7253208514715,1.73149139880134,-0.046395462256357
-20.7142224094189,1.73149139859967,-0.0463937390545691
-20.7031241034317,1.73149139840046,-0.0463920226457747
-20.6920259306584,1.73149139820277,-0.0463903129723149
-20.6809278882523,1.73149139800564,-0.0463886099054632
-20.6698299733366,1.73149139780848,-0.0463869131183165
-20.6587321828943,1.73149139761101,-0.0463852223080123
-20.6476345137607,1.73149139741325,-0.0463835372781273
-20.6365369626556,1.7314913972153,-0.0463818579159679
-20.6254395261487,1.7314913970173,-0.0463801841582559
-20.6143422006695,1.73149139681934,-0.0463785159702569
-20.6032449825182,1.73149139662146,-0.0463768533891791
-20.5921478678678,1.73149139642365,-0.0463751966666154
-20.5810508528523,1.73149139622584,-0.0463735460145794
-20.5699539336271,1.73149139602797,-0.0463719014689383
-20.5588571063672,1.73149139582998,-0.0463702626726278
-20.5477603672105,1.73149139563181,-0.0463686292335808
-20.5366637123136,1.73149139543343,-0.04636700088855
-20.5255671379268,1.73149139523492,-0.046365377529053
-20.5144706404894,1.73149139503635,-0.0463637592039935
-20.5033742165902,1.73149139483767,-0.0463621461432248
-20.492277862951,1.73149139463878,-0.0463605385333455
-20.4811815763175,1.73149139443902,-0.0463589364234949
-20.4700853534584,1.7314913942365,-0.0463573396963751
-20.4589891911778,1.73149139403165,-0.0463557481474653
-20.4478930862923,1.73149139382567,-0.0463541616254324
-20.4367970356174,1.73149139361949,-0.0463525800834128
-20.4257010360122,1.73149139341361,-0.0463510036039341
-20.4146050843631,1.73149139320814,-0.0463494324533769
-20.4035091776418,1.73149139300295,-0.0463478668896547
-20.3924133128589,1.73149139279782,-0.0463463071137939
-20.3813174870987,1.7314913925925,-0.0463447532276126
-20.3702216975769,1.73149139238682,-0.0463432052242849
-20.3591259416614,1.73149139218067,-0.046341663079888
-20.3480302169039,1.73149139197402,-0.0463401268077232
-20.3369345211116,1.73149139176685,-0.0463385964458947
-20.3258388522463,1.73149139155917,-0.046337072035464
-20.3147432084241,1.73149139135099,-0.0463355535960082
-20.303647587948,1.73149139114228,-0.0463340410405415
-20.2925519892628,1.73149139093292,-0.0463325343347199
-20.2814564109404,1.73149139072264,-0.0463310335410927
-20.2703608516389,1.73149139051124,-0.0463295388305928
-20.2592653100607,1.7314913902988,-0.0463280505560373
-20.2481697850195,1.73149139008575,-0.0463265690706791
-20.2370742754041,1.73149138987248,-0.0463250946492232
-20.2259787801323,1.73149138965905,-0.0463236274870628
-20.2148832982087,1.73149138944525,-0.0463221676826933
-20.2037878287245,1.73149138923084,-0.0463207153055184
-20.192692370852,1.73149138901578,-0.0463192703867857
-20.1815969238644,1.73149138880008,-0.0463178330097585
-20.1705014871994,1.73149138858382,-0.0463164033303581
-20.1594060605026,1.73149138836703,-0.0463149815329541
-20.1483106435406,1.73149138814972,-0.0463135677993267
-20.1372152362076,1.73149138793188,-0.0463121623159491
-20.1261198385516,1.73149138771349,-0.0463107652783503
-20.1150244507659,1.73149138749455,-0.0463093768876978
-20.1039290731499,1.73149138727506,-0.0463079973453025
-20.0928337060442,1.73149138705503,-0.0463066269258909
-20.0817383497922,1.73149138683446,-0.0463052661038205
-20.0706430048612,1.73149138661334,-0.046303915052884
-20.0595476717037,1.73149138639169,-0.0463025738508255
-20.0484523507056,1.7314913861695,-0.0463012426366748
-20.0373570423376,1.73149138594651,-0.0462999216137076
-20.0262617470434,1.73149138572153,-0.046298611025948
-20.0151664652487,1.7314913854939,-0.0462973111298693
-20.004071197423,1.73149138526447,-0.0462960222093868
-19.9929759441364,1.73149138503435,-0.046294744534674
-19.9818807060676,1.73149138480428,-0.0462934783529023
-19.9707854839401,1.73149138457463,-0.0462922239353152
-19.9596902785443,1.73149138434544,-0.0462909815206671
-19.9485950907558,1.73149138411656,-0.0462897513076145
-19.9374999215296,1.7314913838878,-0.0462885334708841
-19.9264047718691,1.73149138365926,-0.0462873282032014
-19.9153096427916,1.73149138343175,-0.0462861357857912
-19.9042145353304,1.73149138320499,-0.0462849564335539
-19.893119450497,1.73149138297835,-0.0462837902624027
-19.8820243892787,1.73149138275139,-0.0462826373943762
-19.8709293526213,1.73149138252387,-0.046281497982399
-19.8598343414276,1.73149138229574,-0.0462803721646095
-19.8487393565763,1.73149138206705,-0.0462792599528296
-19.8376443988715,1.73149138183791,-0.0462781613815356
-19.8265494690815,1.73149138160841,-0.0462770765630341
-19.8154545679805,1.73149138137864,-0.0462760056743533
-19.8043596963482,1.73149138114862,-0.0462749490222266
-19.7932648550431,1.73149138091836,-0.0462739071307161
-19.7821700450687,1.73149138068785,-0.0462728801931271
-19.7710752674309,1.73149138045709,-0.046271868264547
-19.7599805231178,1.73149138022606,-0.046270871396932
-19.7488858131356,1.73149137999476,-0.046269889723208
-19.7377911384387,1.7314913797632,-0.0462689236294047
-19.7266965000387,1.73149137953138,-0.0462679733908716
-19.7156018989792,1.73149137929932,-0.0462670391027499
-19.7045073362397,1.73149137906674,-0.0462661207948036
-19.6934128127652,1.73149137883248,-0.0462652184361855
-19.6823183294887,1.73149137859588,-0.0462643320316183
-19.6712238872644,1.73149137835785,-0.0462634616036665
-19.6601294868671,1.73149137811998,-0.0462626072072591
-19.6490351290009,1.73149137788399,-0.0462617689279412
-19.6379408143586,1.7314913776511,-0.0462609468776805
-19.6268465436557,1.73149137742185,-0.0462601412189356
-19.6157523176181,1.73149137719624,-0.0462593522425267
-19.6046581369903,1.73149137697343,-0.0462585802164271
-19.593564002572,1.73149137675146,-0.0462578253607979
-19.582469915272,1.73149137652873,-0.0462570877967963
-19.5713758759707,1.73149137630548,-0.0462563675409052
-19.5602818855096,1.7314913760841,-0.046255664566212
-19.5491879447364,1.73149137586496,-0.0462549786358869
-19.5380940544688,1.73149137564748,-0.0462543095464637
-19.5270002154966,1.73149137543129,-0.0462536572278112
-19.5159064286231,1.7314913752163,-0.0462530217153134
-19.5048126946067,1.73149137500195,-0.0462524030937131
-19.4937190141355,1.73149137478721,-0.0462518014603092
-19.4826253878391,1.73149137457104,-0.046251216901209
-19.4715318162912,1.73149137435275,-0.0462506495164708
-19.4604383000107,1.73149137413197,-0.0462500995132673
-19.4493448395117,1.73149137390841,-0.0462495670548254
-19.438251435316,1.73149137368174,-0.0462490522154385
-19.4271580879447,1.73149137345158,-0.0462485550166858
-19.4160647979155,1.73149137321758,-0.0462480754944333
-19.40497156575,1.7314913729795,-0.046247613624574
-19.3938783919997,1.73149137273717,-0.0462471692660172
-19.38278527719,1.73149137249042,-0.0462467422598841
-19.3716922218341,1.73149137223911,-0.0462463324835229
-19.3605992264453,1.73149137198284,-0.0462459398520997
-19.3495062914969,1.73149137172057,-0.046245564317268
-19.3384134174564,1.73149137145087,-0.0462452058216044
-19.3273206047569,1.7314913711727,-0.0462448641824705
-19.3162278537072,1.73149137088622,-0.0462445392543417
-19.3051351645528,1.73149137059268,-0.0462442309881934
-19.2940425375044,1.73149137029342,-0.0462439394356487
-19.2829499727021,1.73149136998919,-0.0462436648045223
-19.2718574702843,1.73149136968028,-0.0462434072700939
-19.2607650303971,1.73149136936689,-0.0462431668919396
-19.2496726530678,1.73149136904948,-0.0462429436303874
-19.2385803382761,1.73149136872863,-0.0462427372432854
-19.227488085984,1.73149136840491,-0.0462425474740265
-19.2163958961541,1.73149136807887,-0.0462423741497683
-19.2053037687959,1.73149136775095,-0.0462422172376205
-19.1942117039137,1.73149136742155,-0.0462420769430881
-19.1831197015197,1.73149136709106,-0.0462419533996897
-19.1720277616306,1.73149136675982,-0.046241846477291
-19.160935884222,1.73149136642794,-0.0462417559311403
-19.1498440691231,1.73149136609527,-0.0462416814546635
-19.1387523160797,1.73149136576171,-0.0462416226473744
-19.1276606247618,1.73149136542733,-0.0462415791992001
-19.116568994767,1.73149136509263,-0.0462415509695215
-19.1054774257259,1.73149136475839,-0.0462415379796386
-19.0943859165561,1.73149136442529,-0.0462415404057747
-19.0832944621992,1.7314913640939,-0.0462415583570446
-19.0722030458225,1.73149136376473,-0.0462415918388393
-19.0611116274859,1.7314913634381,-0.0462416408514517
-19.0500201329639,1.73149136311361,-0.046241705153351
-19.0389284469968,1.731491362789,-0.0462417839825897
-19.0278364135281,1.7314913624625,-0.0462418764365103
-19.016743843545,1.73149136213364,-0.0462419815641373
-19.0056505289668,1.7314913618037,-0.0462420983621071
-18.9945562601253,1.73149136147697,-0.0462422257808554
-18.9834608442243,1.73149136115622,-0.0462423622170905
-18.9723641225532,1.73149136084249,-0.0462425055826546
-18.9612659860473,1.7314913605358,-0.0462426534294253
-18.9501663873681,1.73149136023561,-0.0462428031044327
-18.9390653461583,1.7314913599418,-0.0462429519866103
-18.9279629457681,1.73149135965566,-0.0462430977277317
-18.9168593221189,1.7314913593764,-0.0462432383140951
-18.905754647193,1.7314913591026,-0.0462433722933757
-18.8946491107485,1.73149135883318,-0.0462434989220878
-18.8835429037465,1.73149135856755,-0.0462436182573184
-18.8724362061323,1.73149135830564,-0.0462437312618872
-18.8613291805787,1.73149135804744,-0.0462438394980584
-18.8502219724646,1.73149135779198,-0.0462439449658107
-18.8391147155793,1.73149135753798,-0.0462440500773987
-18.8280075422156,1.73149135728477,-0.0462441575722404
-18.8169005954813,1.73149135703278,-0.0462442704412825
-18.8057940412486,1.73149135678424,-0.0462443918356404
-18.7946880769735,1.73149135654121,-0.0462445250683862
-18.7835829353567,1.73149135630484,-0.0462446736198089
-18.7724788814141,1.73149135607541,-0.0462448411378511
-18.7613761999376,1.73149135585162,-0.0462450314338093
-18.7502751728109,1.73149135562823,-0.046245248443157
-18.7391760570235,1.73149135540099,-0.0462454964016583
-18.7280790709666,1.73149135516821,-0.046245779864273
-18.7169843877396,1.73149135493138,-0.0462461036623688
-18.7058921319149,1.73149135469708,-0.0462464728280574
-18.6948023777471,1.73149135447152,-0.046246892173283
-18.6837151501022,1.73149135425826,-0.0462473659501238
-18.6726304299416,1.73149135405832,-0.0462478978675861
-18.661548165083,1.73149135387084,-0.0462484910528838
-18.6504682846401,1.73149135369382,-0.0462491479910933
-18.6393907140824,1.73149135352466,-0.0462498705019229
-18.6283153879435,1.7314913533612,-0.0462506596132569
-18.6172422577703,1.73149135320274,-0.046251515553006
-18.6061712947226,1.73149135305233,-0.0462524378645971
-18.5951024867744,1.73149135291367,-0.0462534255418116
-18.5840358312568,1.73149135278461,-0.0462544769893534
-18.5729713240621,1.73149135266176,-0.046255590275901
-18.5619089485288,1.73149135254301,-0.0462567632466866
-18.5508486679369,1.73149135242748,-0.0462579935425486
-18.5397904237404,1.73149135231423,-0.0462592786428572
-18.5287341347048,1.7314913522008,-0.0462606158921824
-18.5176796941594,1.73149135208834,-0.0462620022683312
-18.5066269688541,1.73149135197904,-0.0462634344225606
-18.4955758035045,1.73149135187452,-0.0462649086849974
-18.4845260312298,1.73149135177569,-0.0462664210121355
-18.4734774869661,1.73149135168293,-0.0462679670079627
-18.4624300200808,1.73149135159688,-0.0462695420719632
-18.4513835032132,1.73149135151746,-0.0462711412184974
-18.4403378358328,1.73149135144319,-0.0462727589770899
-18.4292929426938,1.73149135137275,-0.0462743897214052
-18.4182487683314,1.73149135130552,-0.0462760278742518
-18.4072052683655,1.73149135124251,-0.0462776680405178
-18.3961623989397,1.73149135118825,-0.0462793051455059
-18.385120105902,1.73149135114451,-0.0462809342641193
-18.3740783153774,1.73149135111109,-0.0462825506530931
-18.3630369274947,1.73149135108695,-0.0462841497475496
-18.3519958143915,1.73149135107033,-0.0462857271111722
-18.3409548232432,1.73149135105776,-0.0462872783678694
-18.329913783664,1.73149135104653,-0.0462887992358331
-18.3188725181157,1.73149135103543,-0.0462902854967774
-18.3078308534927,1.73149135102423,-0.046291733021382
-18.2967886320544,1.73149135101267,-0.0462931379126715
-18.2857457201301,1.73149135100089,-0.0462944962092043
-18.2747020132874,1.73149135098947,-0.0462958038343358
-18.2636574374388,1.73149135097927,-0.0462970566201313
-18.2526119458581,1.73149135097139,-0.0462982502755385
-18.2415655125887,1.73149135096653,-0.046299380843002
-18.2305181235328,1.73149135096487,-0.0463004449223663
-18.2194697667227,1.73149135096625,-0.046301439716218
-18.2084204235107,1.73149135097035,-0.046302363014897
-18.1973700622653,1.73149135097677,-0.0463032132346436
-18.1863186357101,1.73149135098516,-0.0463039895597433
-18.1752660824471,1.73149135099524,-0.0463046914158672
-18.1642123321118,1.73149135100677,-0.0463053181832281
-18.1531573141049,1.73149135101959,-0.0463058693140191
-18.1421009705358,1.73149135103357,-0.0463063444114653
-18.1310432699964,1.73149135104858,-0.0463067432696529
-18.1199842180382,1.73149135106449,-0.0463070659212512
-18.1089238627156,1.73149135108113,-0.0463073127241854
-18.0978622953127,1.73149135109836,-0.0463074843729359
-18.0867996469539,1.73149135111601,-0.046307581890771
-18.075736081666,1.73149135113391,-0.0463076067210973
-18.0646717867639,1.73149135115189,-0.0463075608266004
-18.0536069618286,1.7314913511698,-0.0463074467533228
-18.042541807875,1.73149135118749,-0.0463072676509061
-18.0314765183069,1.73149135120533,-0.0463070272197914
-18.0204112728308,1.73149135122557,-0.0463067295798107
-18.0093462348208,1.7314913512494,-0.046306379296812
-17.9982815521078,1.73149135127444,-0.046305981246613
-17.9872173604098,1.73149135129597,-0.0463055405174191
-17.9761537880758,1.7314913513105,-0.0463050623863039
-17.9650909577919,1.73149135131654,-0.0463045522249897
-17.9540289816147,1.7314913513138,-0.0463040154018826
-17.942967957299,1.73149135130234,-0.0463034572515248
-17.9319079706474,1.73149135128562,-0.046302883024875
-17.9208491002858,1.73149135126712,-0.0463022977176351
-17.9097914191701,1.7314913512489,-0.0463017060109517
-17.8987349906737,1.73149135123181,-0.0463011122452141
-17.8876798610319,1.73149135121619,-0.0463005203670031
-17.8766260514692,1.73149135120241,-0.0462999340110923
-17.865573552821,1.73149135119238,-0.0462993564846312
-17.8545223237606,1.73149135118756,-0.0462987908034615
-17.8434722924209,1.73149135118824,-0.0462982396316506
-17.832423360841,1.73149135119335,-0.0462977052314522
-17.8213754115657,1.73149135119945,-0.0462971894680442
-17.8103283165953,1.73149135120342,-0.0462966934938135
-17.7992819507126,1.73149135120388,-0.0462962177613657
-17.788236207254,1.7314913512019,-0.0462957620881017
-17.7771910069205,1.73149135119898,-0.0462953257975291
-17.7661462970748,1.7314913511961,-0.0462949078331236
-17.7551020449959,1.73149135119324,-0.0462945068331108
-17.744058229678,1.73149135118855,-0.0462941211672508
-17.7330148344227,1.73149135118022,-0.0462937491354567
-17.7219718403883,1.73149135116712,-0.0462933890932124
-17.7109292207394,1.73149135114884,-0.0462930394871177
-17.699886935439,1.73149135112542,-0.0462926988006109
-17.6888449276348,1.73149135109713,-0.0462923655022248
-17.677803123012,1.73149135106428,-0.0462920380327983
-17.666761432354,1.73149135102711,-0.0462917147875651
-17.6557197566953,1.73149135098572,-0.0462913941076699
-17.6446779939823,1.73149135094014,-0.0462910743149119
-17.6336360460747,1.73149135089032,-0.0462907536121456
-17.6225938247445,1.73149135083617,-0.0462904300379449
-17.6115512558846,1.73149135077742,-0.0462901015089283
-17.6005082813579,1.7314913507138,-0.0462897659239123
-17.5894648582971,1.73149135064535,-0.0462894211672174
-17.5784209560014,1.73149135057226,-0.0462890651667391
-17.5673765510176,1.73149135049471,-0.0462886959284325
-17.5563316213125,1.73149135041281,-0.0462883114976759
-17.5452861405673,1.73149135032663,-0.0462879101622596
-17.5342400737478,1.73149135023622,-0.0462874905163344
-17.5231933746515,1.73149135014163,-0.0462870514842341
-17.5121459858707,1.73149135004291,-0.0462865924227325
-17.5010978412618,1.73149134994016,-0.046286112782401
-17.4900488703784,1.73149134983343,-0.0462856117877368
-17.4789990040996,1.73149134972281,-0.0462850884793191
-17.4679481806134,1.73149134960837,-0.0462845419599302
-17.4568963508584,1.73149134949016,-0.0462839714825712
-17.4458434829478,1.73149134936827,-0.0462833764519457
-17.4347895662798,1.73149134924276,-0.0462827564260638
-17.4237346143269,1.73149134911372,-0.0462821111421177
-17.412678664203,1.73149134898121,-0.0462814405882806
-17.4016217728126,1.73149134884532,-0.0462807451461421
-17.3905640109777,1.73149134870611,-0.0462800254707556
-17.379505457226,1.73149134856366,-0.0462792824556814
-17.3684461926271,1.73149134841805,-0.0462785172843237
-17.3573862973921,1.73149134826935,-0.0462777315147038
-17.3463258494641,1.73149134811763,-0.0462769269830444
-17.3352649249728,1.73149134796298,-0.046276105699061
-17.324203600288,1.73149134780546,-0.0462752696633914
-17.3131419550771,1.73149134764515,-0.0462744211044016
-17.3020800758805,1.73149134748212,-0.0462735625437438
-17.291018059252,1.73149134731649,-0.0462726967510064
-17.2799560135816,1.73149134714879,-0.0462718266936894
-17.2688940590005,1.73149134697954,-0.0462709554764418
-17.2578323250405,1.73149134680872,-0.0462700862942981
-17.2467709450796,1.73149134663606,-0.0462692224259088
-17.2357100441483,1.73149134646132,-0.0462683672339816
-17.2246497225757,1.73149134628438,-0.0462675241706079
-17.2135900473637,1.73149134610527,-0.0462666967417371
-17.2025310522331,1.73149134592404,-0.0462658884632273
-17.1914727423313,1.73149134574071,-0.0462651027134029
-17.1804150988869,1.73149134555529,-0.046264342610896
-17.1693580823997,1.73149134536765,-0.046263610893829
-17.1583016354823,1.73149134517757,-0.0462629099362565
-17.1472456868027,1.73149134498496,-0.0462622417297262
-17.1361901562942,1.73149134478997,-0.0462616078522367
-17.1251349617733,1.73149134459262,-0.0462610095082385
-17.1140800282913,1.73149134439271,-0.0462604477121311
-17.1030252989916,1.73149134419144,-0.0462599231221846
-17.0919707403203,1.73149134398902,-0.0462594357536938
-17.0809163380419,1.73149134378522,-0.04625898504609
-17.0698620884385,1.73149134357984,-0.0462585702507989
-17.0588079899096,1.73149134337286,-0.0462581906296442
-17.0477540373393,1.73149134316437,-0.0462578455707417
-17.0367002189048,1.73149134295442,-0.0462575347209729
-17.0256465144136,1.73149134274304,-0.0462572577093202
-17.0145928945096,1.73149134253029,-0.0462570139709818
-17.0035393210505,1.73149134231626,-0.0462568025999592
-16.9924857489094,1.73149134210106,-0.046256622600834
-16.9814321292201,1.73149134188477,-0.0462564729733735
-16.9703784133311,1.73149134166748,-0.0462563527025653
-16.9593245566455,1.73149134144923,-0.0462562607964982
-16.9482705215242,1.7314913412301,-0.0462561963999942
-16.9372162788241,1.73149134101014,-0.0462561585990934
-16.9261618078277,1.73149134078941,-0.0462561462906902
-16.9151070944829,1.73149134056798,-0.0462561580691702
-16.9040521284781,1.73149134034592,-0.046256192518748
-16.8929968997576,1.73149134012331,-0.0462562483660416
-16.8819413949866,1.7314913399002,-0.0462563245277084
-16.8708855945855,1.73149133967668,-0.0462564200966416
-16.8598294707798,1.73149133945281,-0.0462565342746672
-16.8487729870598,1.73149133922865,-0.0462566663107467
-16.8377160992298,1.73149133900415,-0.0462568154583987
-16.8266587578355,1.73149133877912,-0.0462569809549033
-16.8156009115843,1.73149133855345,-0.0462571620197011
-16.8045425111608,1.73149133832718,-0.0462573578509267
-16.793483512803,1.73149133810058,-0.0462575676630483
-16.7824238811027,1.73149133787393,-0.0462577907917864
-16.7713635906517,1.73149133764742,-0.0462580265562924
-16.760302626221,1.73149133742118,-0.046258274208267
-16.7492409815293,1.7314913371953,-0.0462585328861685
-16.7381786569729,1.73149133696979,-0.046258801817184
-16.727115657565,1.73149133674461,-0.0462590804107645
-16.7160519919017,1.73149133651982,-0.0462593683231513
-16.7049876714659,1.73149133629584,-0.04625966557801
-16.6939227094998,1.73149133607311,-0.0462599723190512
-16.6828571198459,1.73149133585175,-0.0462602887075428
-16.6717909168018,1.73149133563225,-0.0462606149095068
-16.6607241164656,1.7314913354169,-0.046260951050395
-16.6496567392512,1.73149133520759,-0.0462612973723966
-16.6385888129367,1.73149133500503,-0.0462616542913292
-16.6275203754417,1.73149133480845,-0.0462620224081014
-16.6164514767306,1.73149133461469,-0.0462624025387812
-16.6053821795292,1.73149133442093,-0.0462627956331957
-16.5943125586679,1.73149133422561,-0.0462632027278432
-16.5832426990494,1.73149133402837,-0.0462636248970557
-16.5721726924305,1.73149133382954,-0.0462640633465963
-16.5611026334572,1.73149133362981,-0.0462645194602791
-16.5500326154194,1.73149133342982,-0.0462649948103188
-16.5389627260319,1.73149133323004,-0.0462654911584124
-16.5278930405209,1.73149133303074,-0.0462660104496931
-16.5168236097392,1.73149133283198,-0.0462665546693149
-16.5057544523625,1.73149133263375,-0.0462671257575955
-16.4946855570001,1.73149133243598,-0.0462677255562057
-16.48361689099,1.73149133223862,-0.0462683557513272
-16.4725484096501,1.73149133204166,-0.0462690178022715
-16.4614800622321,1.73149133184512,-0.0462697128860152
-16.4504117949771,1.73149133164904,-0.0462704418765722
-16.439343556486,1.73149133145346,-0.04627120534666
-16.4282753072112,1.73149133125845,-0.0462720035909362
-16.4172070250573,1.73149133106406,-0.0462728366350213
-16.4061387032167,1.73149133087033,-0.0462737041877973
-16.3950703431352,1.73149133067729,-0.0462746058417645
-16.3840019476212,1.731491330485,-0.046275541159942
-16.3729335166536,1.73149133029347,-0.0462765096974617
-16.3618650458643,1.73149133010274,-0.0462775110192182
-16.3507965263969,1.73149132991284,-0.0462785446972483
-16.3397279452092,1.7314913297238,-0.0462796103308936
-16.3286592857399,1.73149132953566,-0.0462807076330967
-16.317590529282,1.73149132934845,-0.0462818362428844
-16.3065216568047,1.73149132916221,-0.0462829956390898
-16.2954526510616,1.73149132897696,-0.0462841851571908
-16.2843834984603,1.73149132879273,-0.0462854040207041
-16.273314190148,1.73149132860957,-0.0462866514209471
-16.2622447221625,1.7314913284275,-0.0462879265859152
-16.2511750946425,1.73149132824655,-0.0462892284671551
-16.2401053100571,1.73149132806676,-0.0462905560220245
-16.2290353710061,1.73149132788815,-0.0462919083516407
-16.2179652779542,1.73149132771075,-0.0462932846999464
-16.2068950271594,1.73149132753459,-0.0462946844193993
-16.1958246092259,1.73149132735969,-0.0462961069215946
-16.1847540084531,1.73149132718581,-0.0462975515957172
-16.1736832030404,1.73149132701252,-0.0462990177711623
-16.1626121663159,1.73149132683941,-0.0463005047951242
-16.1515408686944,1.73149132666607,-0.0463020121759998
-16.1404692800329,1.73149132649169,-0.0463035393151184
-16.1293973718727,1.73149132631603,-0.0463050854928911
-16.1183251193684,1.73149132613949,-0.0463066498945502
-16.1072525024917,1.73149132596266,-0.0463082316232696
-16.0961795064543,1.73149132578623,-0.0463098297785875
-16.0851061212872,1.73149132561202,-0.0463114436005623
-16.0740323407004,1.73149132544312,-0.046313072366019
-16.0629581603949,1.73149132527987,-0.0463147151361743
-16.0518835760395,1.73149132512071,-0.0463163709218044
-16.0408085814986,1.73149132496213,-0.0463180386524656
-16.029733167517,1.73149132480147,-0.0463197174235068
-16.0186573211749,1.73149132463775,-0.0463214065559559
-16.0075810261359,1.7314913244721,-0.0463231056415593
-15.9965042636892,1.73149132430884,-0.0463248146916579
-15.9854270148447,1.73149132415075,-0.0463265337165479
-15.974349264057,1.7314913239987,-0.0463282625206339
-15.9632710033499,1.73149132385243,-0.0463300007185119
-15.95219223493,1.73149132371136,-0.0463317478111515
-15.941112971923,1.73149132357504,-0.0463335032757094
-15.9300332379023,1.73149132344316,-0.0463352666465119
-15.9189530658612,1.73149132331555,-0.0463370375700971
-15.9078724968357,1.73149132319215,-0.0463388158968263
-15.896791578143,1.73149132307296,-0.0463406018340874
-15.8857103613371,1.73149132295758,-0.0463423955885588
-15.874628899872,1.73149132284519,-0.0463441971989433
-15.8635472469394,1.73149132273506,-0.0463460067210596
-15.8524654539435,1.73149132262679,-0.0463478241453979
-15.8413835696013,1.73149132252071,-0.0463496497188908
-15.8303016398787,1.73149132241776,-0.046351483997604
-15.8192197071969,1.7314913223188,-0.0463533278188113
-15.8081378045927,1.73149132222437,-0.046355182384827
-15.7970559460302,1.73149132213471,-0.0463570488532258
-15.7859741234847,1.73149132204997,-0.0463589281657828
-15.7748923114881,1.73149132197076,-0.0463608209456172
-15.7638104754258,1.73149132189949,-0.0463627272824807
-15.7527285809575,1.73149132183813,-0.0463646471475203
-15.7416466031777,1.73149132178781,-0.0463665805441031
-15.7305645303293,1.73149132174918,-0.0463685274928962
-15.7194823601988,1.73149132172152,-0.0463704880677745
-15.7084000936992,1.73149132170134,-0.0463724625475752
-15.6973177302875,1.73149132168543,-0.0463744509252151
-15.6862352663657,1.73149132167205,-0.0463764529536073
-15.6751526958926,1.73149132165991,-0.046378468208383
-15.6640700116953,1.73149132164638,-0.0463804960109339
-15.6529872064642,1.73149132163001,-0.0463825356863699
-15.6419042735409,1.73149132161105,-0.0463845866519615
-15.6308212077497,1.73149132159116,-0.0463866484634543
-15.6197380062618,1.73149132157397,-0.0463887209224093
-15.6086546693384,1.73149132156255,-0.0463908038151089
-15.5975712005923,1.73149132155855,-0.0463928968083496
-15.5864876065628,1.7314913215621,-0.046394999399001
-15.5754038956731,1.73149132157184,-0.0463971108692587
-15.5643200768449,1.73149132158626,-0.0463992304890284
-15.5532361580283,1.73149132160435,-0.0464013576146612
-15.5421521448037,1.7314913216257,-0.046403491701756
-15.5310680392471,1.73149132165073,-0.0464056323382645
-15.519983839292,1.73149132168092,-0.0464077792788707
-15.5088995387125,1.73149132171758,-0.0464099320524693
-15.4978151275596,1.73149132176136,-0.046412090101473
-15.4867305931522,1.7314913218121,-0.04641425286031
-15.475645921385,1.73149132187016,-0.046416419798643
-15.4645610981412,1.73149132193944,-0.0464185905153832
-15.4534761105917,1.73149132202303,-0.046420764572345
-15.4423909480657,1.73149132212248,-0.0464229414600719
-15.4313056024296,1.73149132223866,-0.0464251206505362
-15.4202200680588,1.73149132236641,-0.0464273014155035
-15.4091343411734,1.73149132249925,-0.0464294829995266
-15.3980484188487,1.73149132263077,-0.0464316647281227
-15.386962297845,1.73149132275685,-0.0464338459329264
-15.3758759735389,1.73149132287484,-0.0464360259388649
-15.3647894390755,1.73149132298315,-0.0464382041386485
-15.3537026849022,1.73149132308177,-0.0464403799617428
-15.3426156987616,1.73149132317228,-0.0464425528450385
-15.3315284661678,1.73149132325847,-0.0464447222218091
-15.320440971325,1.73149132334352,-0.0464468875449948
-15.3093531984163,1.73149132342903,-0.0464490482819601
-15.2982651328232,1.73149132351564,-0.0464512039286078
-15.2871767622378,1.73149132360243,-0.0464533540616985
-15.2760880775691,1.73149132368111,-0.0464554979686772
-15.2649990732864,1.73149132374553,-0.0464576348495282
-15.2539097473461,1.73149132379726,-0.0464597638584406
-15.2428201006495,1.73149132384088,-0.0464618842991028
-15.2317301361767,1.73149132388242,-0.0464639957135653
-15.2206398579602,1.73149132392573,-0.0464660977851272
-15.2095492700371,1.73149132397035,-0.0464681903102302
-15.1984583762517,1.73149132401446,-0.0464702730897859
-15.187367181913,1.73149132405655,-0.0464723458910776
-15.1762756953574,1.73149132409683,-0.0464744084576338
-15.1651839281343,1.73149132413751,-0.0464764605797316
-15.1540918944876,1.73149132418084,-0.0464785020705685
-15.1429996111507,1.73149132422847,-0.0464805328708839
-15.1319070978171,1.73149132428176,-0.0464825533021321
-15.1208143780611,1.73149132434051,-0.0464845636373264
-15.1097214799088,1.73149132440249,-0.0464865639217904
-15.0986284358001,1.73149132446542,-0.0464885540769739
-15.0875352817632,1.73149132452683,-0.0464905338755355
-15.0764420525792,1.73149132458241,-0.0464925031145994
-15.0653487701798,1.73149132462958,-0.0464944617988852
-15.0542554352642,1.73149132466844,-0.0464964101128477
-15.0431620319581,1.73149132470259,-0.0464983483061083
-15.0320685419096,1.73149132473673,-0.0465002767055643
-15.0209749541062,1.73149132477423,-0.0465021956226927
-15.0098812654447,1.7314913248169,-0.0465041052801769
-14.9987874759035,1.73149132486559,-0.046506005871654
-14.9876935844039,1.73149132492048,-0.0465078976771895
-14.9765995882376,1.73149132497968,-0.0465097804329752
-14.9655054847779,1.73149132504122,-0.0465116537288614
-14.9544112736544,1.73149132510381,-0.0465135172335932
-14.9433169579283,1.73149132516681,-0.0465153707215425
-14.9322225440134,1.73149132523114,-0.0465172141077748
-14.9211280409033,1.73149132530069,-0.0465190476101931
-14.9100334593728,1.7314913253773,-0.0465208714474123
-14.898938811182,1.73149132546047,-0.0465226853413717
-14.8878441080857,1.7314913255488,-0.0465244888781815
-14.8767493609177,1.73149132564075,-0.0465262817020101
-14.8656545788401,1.73149132573426,-0.0465280635902959
-14.8545597688129,1.7314913258247,-0.0465298345261976
-14.8434649354083,1.73149132590929,-0.0465315945112299
-14.8323700809335,1.73149132598964,-0.0465333434275137
-14.8212752058452,1.73149132606844,-0.0465350811113075
-14.8101803094445,1.73149132614781,-0.0465368073862023
-14.7990853906949,1.73149132622896,-0.0465385220674027
-14.7879904489792,1.73149132631251,-0.0465402250502184
-14.7768954846921,1.73149132639949,-0.0465419165121982
-14.7658004996419,1.73149132649043,-0.0465435964438797
-14.7547054970007,1.73149132658523,-0.0465452643363912
-14.7436104808261,1.73149132668348,-0.0465469196053951
-14.732515455507,1.73149132678461,-0.0465485617789558
-14.7214204250827,1.73149132688796,-0.0465501906109764
-14.7103253925582,1.73149132699219,-0.0465518062704023
-14.699230359356,1.73149132709596,-0.0465534088385282
-14.6881353248297,1.73149132719967,-0.04655499811042
-14.6770402861,1.73149132730424,-0.046556573737097
-14.6659452382741,1.73149132741035,-0.0465581353228154
-14.6548501749568,1.73149132751844,-0.0465596825003352
-14.6437550890363,1.73149132762877,-0.0465612149808131
-14.6326599734811,1.73149132774135,-0.0465627324816505
-14.6215648220112,1.73149132785602,-0.0465642346147872
-14.6104696296631,1.73149132797252,-0.0465657206227725
-14.5993743930875,1.73149132809062,-0.0465671897657598
-14.5882791106683,1.73149132821009,-0.0465686414717265
-14.5771837823274,1.73149132833081,-0.0465700754033583
-14.56608840904,1.73149132845266,-0.0465714916284191
-14.5549929922939,1.73149132857666,-0.0465728901576979
-14.543897533421,1.73149132870749,-0.0465742706347058
-14.5328020329702,1.73149132884884,-0.0465756325903519
-14.5217064903181,1.73149132900196,-0.0465769755716143
-14.5106109035656,1.73149132916616,-0.0465782991777612
-14.4995152697069,1.7314913293386,-0.046579603110173
-14.4884195850481,1.73149132951244,-0.0465808872604996
-14.4773238458578,1.731491329682,-0.0465821514524997
-14.4662280490174,1.73149132984446,-0.0465833951564608
-14.455132192461,1.73149132999932,-0.0465846178043506
-14.4440362756964,1.73149133014746,-0.0465858189427194
-14.4329403001767,1.73149133029023,-0.0465869982447639
-14.4218442693455,1.73149133042886,-0.0465881555680871
-14.4107481883657,1.73149133056414,-0.0465892911325642
-14.3996520637345,1.73149133069729,-0.0465904050624714
-14.3885559026618,1.73149133083225,-0.0465914971092599
-14.377459712335,1.73149133097198,-0.046592566925414
-14.3663634993614,1.73149133111733,-0.0465936142109852
-14.3552672694071,1.73149133126671,-0.0465946387606491
-14.3441710270393,1.73149133141465,-0.0465956404865255
-14.3330747758194,1.7314913315563,-0.0465966193467022
-14.321978518565,1.73149133168904,-0.046597575238873
-14.3108822577424,1.73149133181223,-0.0465985080798755
-14.2997859959924,1.73149133192644,-0.0465994178232042
-14.288689736642,1.73149133203279,-0.0466003044467016
-14.2775934841254,1.73149133213232,-0.0466011679713412
-14.2664972442057,1.73149133222579,-0.0466020085191625
-14.2554010239822,1.73149133231351,-0.0466028262024435
-14.244304831718,1.73149133239563,-0.0466036210504071
-14.2332086764108,1.73149133247221,-0.0466043930664143
-14.2221125671733,1.73149133254316,-0.0466051422333025
-14.2110165125998,1.73149133260836,-0.046605868530186
-14.1999205203025,1.73149133266772,-0.0466065720213416
-14.1888245965763,1.73149133272125,-0.0466072529975453
-14.1777287462775,1.73149133276989,-0.0466079116837322
-14.1666329728752,1.73149133281769,-0.0466085481196608
-14.1555372785916,1.73149133286789,-0.0466091622928279
-14.1444416647684,1.73149133292104,-0.0466097541551161
-14.1333461323086,1.73149133297396,-0.0466103235776705
-14.1222506821937,1.73149133302284,-0.0466108704760443
-14.1111553159396,1.73149133306414,-0.046611394868843
-14.100060035849,1.73149133309581,-0.0466118968188677
-14.0889648450131,1.73149133311741,-0.0466123764235171
-14.0778697471847,1.73149133312948,-0.0466128338434963
-14.0667747464583,1.73149133313301,-0.0466132691972293
-14.0556798468176,1.73149133312893,-0.0466136825134471
-14.044585051605,1.73149133311795,-0.0466140737092912
-14.0334903631384,1.73149133310049,-0.046614442543546
-14.0223957824168,1.73149133307673,-0.0466147888080493
-14.0113013090044,1.73149133304671,-0.0466151123897285
-14.0002069410917,1.73149133301045,-0.0466154132494193
-13.989112675723,1.73149133296796,-0.0466156913846631
-13.9780185091636,1.73149133291933,-0.0466159468334194
-13.9669244373513,1.73149133286466,-0.0466161797462104
-13.9558304563951,1.73149133280414,-0.0466163902555623
-13.9447365629589,1.73149133273792,-0.0466165784898672
-13.933642754535,1.73149133266621,-0.0466167443672408
-13.9225490294776,1.73149133258917,-0.0466168877095696
-13.9114553869483,1.73149133250698,-0.0466170083322492
-13.9003618266804,1.73149133241982,-0.0466171060661056
-13.8892683486199,1.73149133232785,-0.0466171807688992
-13.8781749524818,1.73149133223123,-0.0466172323634449
-13.8670816374378,1.73149133213013,-0.0466172607207845
-13.8559884018794,1.73149133202471,-0.0466172654863398
-13.8448952432175,1.73149133191516,-0.046617246360228
-13.8338021579862,1.73149133180163,-0.0466172031874426
-13.8227091420518,1.73149133168432,-0.0466171359135846
-13.8116161909291,1.7314913315634,-0.0466170445305891
-13.8005233001832,1.73149133143931,-0.0466169290281412
-13.7894304658041,1.7314913313127,-0.046616789372007
-13.7783376845707,1.73149133118416,-0.0466166255103667
-13.7672449542971,1.73149133105411,-0.0466164373839481
-13.7561522739081,1.73149133092255,-0.0466162249388386
-13.7450596433532,1.7314913307892,-0.0466159882070364
-13.7339670633697,1.73149133065379,-0.0466157274162017
-13.7228745352404,1.73149133051618,-0.0466154424794834
-13.7117820603054,1.73149133037642,-0.0466151332123656
-13.7006896396041,1.73149133023458,-0.046614799480645
-13.6895972736487,1.73149133009072,-0.0466144412284978
-13.6785049623024,1.73149132994491,-0.0466140584735804
-13.667412704776,1.73149132979717,-0.046613651291013
-13.656320499766,1.73149132964738,-0.046613219846753
-13.6452283456821,1.7314913294948,-0.0466127645180866
-13.6341362410528,1.73149132933906,-0.0466122855803931
-13.6230441848268,1.73149132918081,-0.0466117829774772
-13.6119521765687,1.7314913290209,-0.0466112565909596
-13.6008602166619,1.73149132885992,-0.0466107063690662
-13.5897683064086,1.73149132869821,-0.0466101323470886
-13.5786764479594,1.73149132853591,-0.0466095346723385
-13.5675846440878,1.73149132837305,-0.0466089136726488
-13.5564928979186,1.73149132820961,-0.0466082696724432
-13.5454012125774,1.73149132804561,-0.0466076028754557
-13.5343095907995,1.73149132788112,-0.046606913278131
-13.5232180346388,1.73149132771623,-0.0466062008695315
-13.5121265453591,1.73149132755109,-0.0466054657186938
-13.5010351234494,1.73149132738585,-0.0466047079769717
-13.4899437687356,1.73149132722067,-0.0466039278548106
-13.4788524805607,1.73149132705519,-0.0466031256497606
-13.4677612580344,1.73149132688753,-0.0466023018633897
-13.4566701004398,1.73149132671773,-0.0466014568766342
-13.4455790074622,1.73149132654732,-0.0466005907956948
-13.4344879792673,1.73149132637782,-0.0465997036714796
-13.4233970165642,1.73149132621022,-0.0465987955998131
-13.4123061205962,1.73149132604502,-0.0465978667386792
-13.4012152930069,1.73149132588232,-0.0465969172887455
-13.3901245355436,1.73149132572202,-0.0465959474721008
-13.3790338497654,1.73149132556402,-0.0465949575270382
-13.3679432367755,1.73149132540823,-0.0465939477020124
-13.356852697,1.73149132525466,-0.0465929182481662
-13.3457622300559,1.7314913251034,-0.0465918694134344
-13.3346718347336,1.7314913249546,-0.046590801439925
-13.3235815091006,1.73149132480841,-0.046589714564066
-13.3124912506967,1.731491324665,-0.0465886090675585
-13.3014010567774,1.73149132452451,-0.0465874854051327
-13.2903109246393,1.73149132438706,-0.0465863440105976
-13.2792208519296,1.7314913242525,-0.0465851852195025
-13.2681308367623,1.73149132411998,-0.0465840092516262
-13.2570408777478,1.73149132398884,-0.0465828162662119
-13.2459509739728,1.73149132385885,-0.0465816064081273
-13.2348611248964,1.73149132373038,-0.0465803798424215
-13.2237713301569,1.73149132360468,-0.0465791367919792
-13.2126815893834,1.73149132348321,-0.0465778775155371
-13.2015919019752,1.73149132336749,-0.0465766022307489
-13.1905022668211,1.73149132326013,-0.0465753110112165
-13.1794126821686,1.73149132316263,-0.0465740039172582
-13.1683231456032,1.73149132307489,-0.0465726810535637
-13.1572336542055,1.73149132299549,-0.0465713426034752
-13.1461442047514,1.73149132292089,-0.0465699888671416
-13.1350547939372,1.73149132284852,-0.04656862018431
-13.123965418695,1.73149132277744,-0.0465672368924319
-13.1128760763705,1.73149132270774,-0.0465658392892023
-13.1017867648279,1.73149132264001,-0.046564427621714
-13.090697482524,1.73149132257504,-0.0465630021019491
-13.0796082285228,1.73149132251353,-0.0465615629309486
-13.0685190024122,1.73149132245606,-0.0465601103359558
-13.0574298041256,1.73149132240299,-0.0465586446251716
-13.0463406337224,1.7314913223545,-0.0465571661096886
-13.0352514911481,1.73149132231069,-0.0465556750711056
-13.0241623761136,1.73149132227155,-0.0465541717195597
-13.0130732879707,1.7314913222371,-0.0465526562454039
-13.0019842256204,1.73149132220737,-0.0465511288181482
-12.990895187516,1.73149132218241,-0.0465495896021484
-12.9798061718839,1.73149132216229,-0.0465480387927644
-12.9687171769864,1.73149132214709,-0.04654647662545
-12.9576282013156,1.73149132213687,-0.0465449033646071
-12.9465392437378,1.73149132213169,-0.0465433192715346
-12.9354503036993,1.73149132213158,-0.0465417245025162
-12.9243613812227,1.73149132213657,-0.0465401192357858
-12.9132724768789,1.73149132214669,-0.0465385037076695
-12.9021835917243,1.73149132216219,-0.0465368781720007
-12.891094727052,1.73149132218355,-0.0465352428805506
-12.8800058842331,1.73149132221118,-0.0465335981045112
-12.8689170645478,1.73149132224529,-0.0465319441455172
-12.8578282689888,1.73149132228572,-0.0465302813944775
-12.846739498228,1.73149132233196,-0.0465286104151517
-12.8356507525683,1.73149132238354,-0.046526931727169
-12.8245620318793,1.73149132244011,-0.0465252457273579
-12.8134733357103,1.73149132250125,-0.0465235527054404
-12.8023846634352,1.73149132256634,-0.0465218528902003
-12.7912960144983,1.73149132263481,-0.0465201464702251
-12.7802073886282,1.73149132270624,-0.0465184335289919
-12.7691187859029,1.73149132278038,-0.0465167142075053
-12.7580302067809,1.73149132285729,-0.0465149887643961
-12.7469416521544,1.73149132293678,-0.0465132575709984
-12.73585312325,1.73149132301679,-0.0465115211030128
-12.7247646214796,1.73149132309562,-0.0465097798206907
-12.7136761482506,1.73149132317311,-0.0465080341351313
-12.7025877047432,1.7314913232518,-0.0465062844608134
-12.6914992917942,1.73149132333429,-0.0465045311673239
-12.6804109098078,1.73149132342223,-0.0465027745798189
-12.6693225587077,1.73149132351634,-0.0465010150146871
-12.6582342380248,1.73149132361669,-0.0464992528325094
-12.6471459469759,1.73149132372299,-0.0464974885032153
-12.6360576845595,1.73149132383481,-0.04649572240043
-12.6249694497383,1.73149132395179,-0.0464939546789323
-12.6138812415827,1.73149132407377,-0.0464921854672461
-12.6027930594092,1.73149132420121,-0.0464904149609999
-12.5917049029039,1.73149132433512,-0.0464886434271657
-12.5806167721101,1.73149132447595,-0.0464868711162504
-12.5695286673472,1.73149132462221,-0.0464850980985927
-12.558440589063,1.73149132477231,-0.0464833244738319
-12.5473525376472,1.73149132492508,-0.0464815504330722
-12.5362645133044,1.73149132508091,-0.0464797763282499
-12.5251765159701,1.73149132524506,-0.0464780028565557
-12.5140885452877,1.73149132542327,-0.0464762308054097
-12.5030006005323,1.73149132561385,-0.0464744609363709
-12.4919126806506,1.73149132581325,-0.0464726937426501
-12.4808247843434,1.7314913260206,-0.0464709292000902
-12.4697369100868,1.7314913262354,-0.0464691671564685
-12.4586490563192,1.73149132645705,-0.0464674075554668
-12.4475612216497,1.7314913266844,-0.0464656504970488
-12.436473404977,1.73149132691437,-0.0464638963252905
-12.4253856055756,1.73149132714443,-0.0464621455914494
-12.414297823232,1.73149132737266,-0.0464603984953764
-12.4032100579775,1.73149132759736,-0.0464586550954989
-12.3921223099772,1.73149132781796,-0.0464569153958671
-12.3810345794428,1.73149132803507,-0.0464551792419711
-12.3699468665059,1.73149132824989,-0.046453446582708
-12.3588591711649,1.73149132846357,-0.0464517175413296
-12.3477714931924,1.73149132867657,-0.0464499924427877
-12.3366838320797,1.73149132888868,-0.0464482719365618
-12.3255961871094,1.73149132909953,-0.046446556621688
-12.3145085573944,1.73149132930895,-0.0464448469103695
-12.3034209419584,1.73149132951725,-0.0464431429819188
-12.2923333398931,1.73149132972505,-0.0464414446584979
-12.2812457503992,1.73149132993295,-0.0464397517823534
-12.2701581728943,1.73149133014148,-0.0464380643903321
-12.2590706072213,1.73149133035117,-0.046436382761417
-12.2479830536413,1.73149133056233,-0.0464347074055754
-12.2368955127688,1.73149133077507,-0.046433038605243
-12.2258079853976,1.73149133098941,-0.0464313765273889
-12.2147204723467,1.73149133120508,-0.0464297213073313
-12.2036329743648,1.73149133142149,-0.0464280730850484
-12.1925454920873,1.73149133163816,-0.0464264320288167
-12.1814580259799,1.73149133185511,-0.0464247983292147
-12.1703705762583,1.73149133207287,-0.0464231721877714
-12.1592831428809,1.7314913322919,-0.0464215538576969
-12.1481957255772,1.73149133251156,-0.0464199437566981
-12.1371083239761,1.73149133273131,-0.04641834229286
-12.1260209378329,1.73149133295111,-0.0464167497992761
-12.1149335671049,1.73149133317118,-0.0464151664827947
-12.1038462118299,1.7314913333919,-0.0464135924569437
-12.0927588722045,1.73149133361421,-0.046412027879168
-12.0816715487251,1.73149133383858,-0.0464104728951217
-12.0705842421816,1.73149133406382,-0.0464089275917349
-12.0594969535106,1.73149133428913,-0.0464073920815426
-12.0484096837326,1.73149133451409,-0.0464058665542598
-12.0373224338688,1.73149133473751,-0.0464043512385718
-12.0262352047104,1.73149133496187,-0.046402846222068
-12.0151479967294,1.73149133519189,-0.0464013515630357
-12.0040608101276,1.73149133543395,-0.0463998672517379
-11.9929736448559,1.73149133569149,-0.0463983933245961
-11.9818865007021,1.73149133596362,-0.046396929869732
-11.9707993773365,1.73149133624788,-0.0463954770215599
-11.9597122743549,1.73149133654194,-0.0463940349368856
-11.9486251913821,1.73149133684453,-0.0463926037976658
-11.9375381281738,1.73149133715572,-0.046391183886408
-11.9264510846718,1.73149133747192,-0.0463897756350296
-11.9153640610598,1.73149133778942,-0.0463883794552292
-11.904277057878,1.73149133810509,-0.0463869952592349
-11.8931900756731,1.73149133841753,-0.0463856228245526
-11.8821031148874,1.73149133872698,-0.0463842620100529
-11.871016175871,1.7314913390349,-0.0463829128107094
-11.8599292588331,1.73149133934421,-0.0463815754629978
-11.8488423637668,1.73149133965729,-0.0463802505836356
-11.8377554905995,1.73149133997541,-0.0463789386402475
-11.826668639079,1.73149134029892,-0.0463776396607634
-11.8155818086334,1.73149134062748,-0.0463763535362543
-11.8044949984622,1.7314913409605,-0.0463750801815363
-11.7934082077241,1.73149134129737,-0.0463738195439713
-11.7823214356928,1.73149134163768,-0.0463725715148891
-11.7712346818219,1.73149134198121,-0.0463713360627186
-11.7601479457844,1.73149134232791,-0.0463701132268885
-11.7490612273859,1.73149134267722,-0.0463689030914569
-11.7379745265693,1.73149134302676,-0.0463677058232432
-11.7268878434419,1.73149134337463,-0.0463665215839176
-11.7158011781965,1.7314913437201,-0.0463653504952879
-11.7047145309819,1.73149134406379,-0.0463641927072093
-11.6936279019009,1.73149134440846,-0.0463630485071351
-11.6825412909272,1.73149134475712,-0.0463619181144995
-11.6714546978122,1.73149134511205,-0.0463608016044752
-11.6603681220966,1.73149134547487,-0.0463596988908146
-11.6492815631562,1.7314913458461,-0.046358609871837
-11.6381950202826,1.73149134622545,-0.046357534495745
-11.6271084927654,1.73149134661175,-0.046356472776118
-11.6160219800276,1.73149134700286,-0.046355424756608
-11.6049354816903,1.73149134739493,-0.0463543904047759
-11.593848997482,1.73149134778511,-0.0463533696636674
-11.5827625272811,1.73149134817213,-0.0463523624993989
-11.5716760711528,1.73149134855586,-0.0463513689149959
-11.5605896293115,1.73149134893729,-0.0463503889889111
-11.5495032021456,1.73149134931939,-0.0463494229081706
-11.5384167901084,1.73149134970404,-0.0463484708539304
-11.5273303934999,1.73149135008896,-0.046347533025313
-11.5162440124493,1.73149135047207,-0.0463466095198292
-11.5051576469463,1.73149135085418,-0.0463457002824859
-11.4940712968383,1.73149135123707,-0.0463448052353798
-11.4829849618483,1.73149135162301,-0.0463439243668388
-11.4718986416406,1.73149135201305,-0.0463430576883323
-11.4608123358792,1.73149135240705,-0.0463422052144
-11.4497260442602,1.7314913528035,-0.0463413669742338
-11.4386397665975,1.73149135319815,-0.0463405429369025
-11.4275535028679,1.73149135358736,-0.0463397330546141
-11.4164672532217,1.73149135396929,-0.0463389372885042
-11.4053810179717,1.73149135434427,-0.0463381555571117
-11.3942947975944,1.73149135471602,-0.0463373875784787
-11.3832085925979,1.73149135508798,-0.0463366331152301
-11.3721224034333,1.73149135546198,-0.0463358920518796
-11.3610362304688,1.73149135583832,-0.0463351643737397
-11.3499500739713,1.73149135621636,-0.0463344501275864
-11.3388639340702,1.73149135659503,-0.0463337493832026
-11.3277778107283,1.73149135697326,-0.0463330622183964
-11.3166917037884,1.7314913573503,-0.0463323887987139
-11.305605612989,1.73149135772606,-0.046331729553939
-11.2945195380673,1.7314913581011,-0.0463310847047101
-11.2834334787881,1.73149135847601,-0.0463304542429607
-11.2723474349945,1.7314913588509,-0.0463298379525599
-11.2612614065985,1.73149135922526,-0.0463292355944618
-11.2501753936296,1.73149135959833,-0.0463286469971931
-11.2390893962553,1.73149135996951,-0.0463280720654552
-11.2280034147552,1.73149136033845,-0.046327510723883
-11.2169174494647,1.73149136070492,-0.0463269628023166
-11.2058315006886,1.73149136106872,-0.0463264281729608
-11.1947455686427,1.73149136142966,-0.0463259067813063
-11.183659653426,1.73149136178752,-0.0463253986190821
-11.1725737550092,1.73149136214209,-0.0463249036850972
-11.1614878731909,1.73149136249321,-0.0463244219631655
-11.1504020076283,1.73149136284074,-0.0463239534256636
-11.1393161578835,1.73149136318457,-0.0463234981127773
-11.1282303234641,1.73149136352461,-0.0463230563209858
-11.117144503942,1.73149136386081,-0.0463226282864475
-11.1060586989698,1.7314913641931,-0.0463222140935086
-11.0949729083104,1.73149136452143,-0.0463218137117936
-11.0838871318311,1.73149136484702,-0.046321427017883
-11.0728013695388,1.73149136517539,-0.0463210537531253
-11.0617156214853,1.7314913655109,-0.0463206936733345
-11.0506298877363,1.73149136585508,-0.0463203466131542
-11.0395441683612,1.73149136620723,-0.0463200124826721
-11.02845846339,1.73149136656413,-0.0463196912929686
-11.017372772754,1.73149136691792,-0.0463193832562831
-11.0062870963422,1.73149136726263,-0.0463190884749501
-10.9952014339965,1.73149136759746,-0.0463188066456549
-10.9841157853377,1.73149136792384,-0.0463185373891049
-10.973030149833,1.73149136824357,-0.0463182804187477
-10.9619445269419,1.73149136855752,-0.0463180355448896
-10.9508589162126,1.73149136886404,-0.0463178026021401
-10.9397733172908,1.73149136916128,-0.0463175814855004
-10.9286877299227,1.73149136944821,-0.0463173721386738
-10.9176021539598,1.73149136972454,-0.046317174524031
-10.9065165893564,1.73149136999141,-0.0463169886333886
-10.8954310361501,1.7314913702533,-0.0463168145565897
-10.8843454944441,1.73149137051353,-0.0463166523751475
-10.8732599643491,1.73149137077205,-0.0463165022059115
-10.8621744460557,1.73149137102691,-0.0463163640363811
-10.8510889396798,1.73149137127408,-0.0463162375422715
-10.8400034451454,1.73149137151035,-0.0463161223725503
-10.8289179622328,1.73149137173421,-0.0463160182776673
-10.8178324906468,1.73149137194571,-0.0463159251845032
-10.8067470300582,1.73149137214621,-0.0463158433061692
-10.7956615801909,1.73149137233653,-0.0463157727339176
-10.7845761407784,1.73149137251712,-0.0463157134594498
-10.7734907116373,1.7314913726882,-0.046315665430597
-10.7624052926986,1.73149137284991,-0.0463156285048314
-10.7513198839493,1.73149137300249,-0.0463156023664804
-10.7402344854183,1.73149137314615,-0.0463155867238913
-10.7291490972192,1.73149137328111,-0.0463155813859902
-10.718063719538,1.73149137340757,-0.0463155863137183
-10.7069783525661,1.73149137352572,-0.0463156017528064
-10.6958929965478,1.73149137363576,-0.0463156279104139
-10.6848076517122,1.73149137373795,-0.0463156647659274
-10.673722318171,1.73149137383251,-0.0463157121730603
-10.6626369958623,1.73149137391969,-0.0463157699381314
-10.6515516846039,1.73149137399971,-0.046315837899811
-10.640466384167,1.73149137407282,-0.0463159160189229
-10.6293810943477,1.73149137413922,-0.0463160042737488
-10.6182958149825,1.73149137419914,-0.0463161025521151
-10.6072105459506,1.73149137425271,-0.0463162105057081
-10.5961252871805,1.7314913743,-0.0463163278234834
-10.5850400386786,1.73149137434116,-0.0463164542991542
-10.573954800497,1.73149137437649,-0.0463165898030164
-10.5628695727472,1.73149137440633,-0.046316734260634
-10.5517843556053,1.73149137443097,-0.046316887627885
-10.5406991492783,1.73149137445066,-0.0463170498667107
-10.5296139539488,1.73149137446563,-0.0463172209279414
-10.5185287697272,1.73149137447612,-0.0463174007442199
-10.5074435966283,1.73149137448234,-0.0463175892316429
-10.4963584345647,1.73149137448454,-0.0463177863333089
-10.4852732833475,1.73149137448294,-0.0463179921569588
-10.4741881427476,1.73149137447778,-0.0463182068864853
-10.463103012558,1.73149137446929,-0.0463184305027015
-10.4520178925553,1.73149137445768,-0.0463186628679274
-10.4409327824989,1.73149137444316,-0.0463189038139345
-10.4298476822289,1.73149137442595,-0.0463191531596533
-10.4187625916723,1.73149137440617,-0.0463194107492803
-10.407677510816,1.73149137438387,-0.0463196764584055
-10.396592439701,1.73149137435907,-0.0463199501512646
-10.3855073784226,1.73149137433185,-0.0463202315777258
-10.3744223270633,1.73149137430239,-0.0463205205215529
-10.3633372856675,1.731491374271,-0.0463208168468493
-10.3522522542374,1.73149137423806,-0.0463211204777717
-10.3411672327252,1.73149137420394,-0.0463214313664309
-10.3300822210249,1.7314913741692,-0.0463217494573164
-10.3189972189303,1.73149137413382,-0.0463220746961758
-10.3079122261574,1.73149137409532,-0.0463224071004816
-10.2968272424147,1.73149137405162,-0.0463227466632018
-10.2857422674309,1.73149137400194,-0.0463230933285831
-10.2746573009849,1.73149137394645,-0.0463234470049095
-10.2635723429127,1.73149137388676,-0.0463238075505079
-10.252487393113,1.7314913738273,-0.0463241747243247
-10.2414024515276,1.73149137377185,-0.0463245483037431
-10.2303175181485,1.73149137372234,-0.0463249281268098
-10.2192325930185,1.73149137367914,-0.0463253140836277
-10.2081476762062,1.73149137364167,-0.0463257060969688
-10.1970627677675,1.73149137360901,-0.0463261041080489
-10.1859778677257,1.73149137358035,-0.0463265081128003
-10.1748929760374,1.73149137355515,-0.0463269182717635
-10.1638080926283,1.73149137353348,-0.0463273347027384
-10.152723217363,1.73149137351618,-0.0463277574396412
-10.1416383500631,1.73149137350278,-0.0463281863696358
-10.1305534905193,1.7314913734925,-0.0463286213097028
-10.1194686385186,1.73149137348485,-0.0463290620697883
-10.1083837938874,1.73149137347947,-0.0463295084314175
-10.0972989565295,1.73149137347696,-0.0463299600028753
-10.0862141263872,1.73149137347809,-0.0463304164493208
-10.0751293034604,1.73149137348338,-0.0463308775526222
-10.0640444877836,1.73149137349312,-0.0463313431797065
-10.0529596794341,1.73149137350736,-0.046331813252891
-10.0418748785282,1.73149137352606,-0.0463322877189671
-10.030790085191,1.73149137354913,-0.0463327665239609
-10.0197052995101,1.73149137357648,-0.0463332496360667
-10.0086205214952,1.73149137360809,-0.0463337371734895
-9.99753575110032,1.73149137364396,-0.0463342293203989
-9.98645098826134,1.73149137368413,-0.0463347260733105
-9.97536623290029,1.73149137372865,-0.0463352273193
-9.96428148490727,1.73149137377757,-0.0463357329026119
-9.95319674414344,1.73149137383093,-0.0463362426646545
-9.94211201047253,1.73149137388877,-0.0463367564760919
-9.93102728381365,1.73149137395113,-0.0463372742032664
-9.91994256416277,1.73149137401801,-0.0463377957127409
-9.90885785154794,1.73149137408944,-0.0463383208734716
-9.89777314603899,1.73149137416544,-0.046338849515341
-9.88668844775933,1.73149137424599,-0.0463393813066747
-9.87560375681514,1.73149137433086,-0.0463399159674543
-9.86451907330007,1.73149137441957,-0.0463404533337399
-9.85343439728427,1.73149137451175,-0.0463409933257743
-9.84234972879264,1.73149137460738,-0.0463415359129998
-9.83126506781389,1.73149137470686,-0.0463420810828445
-9.82018041429251,1.73149137481059,-0.0463426288145683
-9.80909576812533,1.73149137491887,-0.0463431790678246
-9.79801112916715,1.73149137503179,-0.0463437317842816
-9.78692649723902,1.73149137514943,-0.0463442869555056
-9.77584187219529,1.73149137527183,-0.046344844755192
-9.7647572539889,1.73149137539906,-0.0463454053052997
-9.75367264260129,1.73149137553121,-0.0463459685988347
-9.74258803802365,1.73149137566853,-0.0463465345308702
-9.73150344027718,1.73149137581251,-0.0463471029160109
-9.72041884943113,1.73149137596628,-0.0463476735010806
-9.70933426558756,1.73149137613086,-0.0463482460174333
-9.69824968878856,1.73149137630551,-0.0463488202424129
-9.687165119025,1.73149137648884,-0.0463493960215969
-9.67608055624916,1.73149137667893,-0.0463499732785055
-9.66499600035218,1.7314913768728,-0.046350552080204
-9.65391145123735,1.73149137706896,-0.0463511325936099
-9.64282690881572,1.73149137726709,-0.0463517149505584
-9.63174237300407,1.73149137746715,-0.0463522992012625
-9.62065784371896,1.73149137766956,-0.0463528852905446
-9.60957332079528,1.73149137787519,-0.0463534730703966
-9.59848880404516,1.73149137808493,-0.0463540623472501
-9.58740429333861,1.73149137829936,-0.0463546529409552
-9.57631978861951,1.73149137851849,-0.0463552446824943
-9.56523528989388,1.73149137874182,-0.0463558374738523
-9.55415079727675,1.73149137896876,-0.046356431231216
-9.5430663108483,1.73149137919884,-0.0463570257698467
-9.53198183061642,1.73149137943174,-0.0463576209106867
-9.52089735657654,1.73149137966723,-0.0463582165082745
-9.50981288867422,1.73149137990487,-0.046358812494684
-9.49872842682115,1.73149138014356,-0.0463594089490516
-9.48764397096082,1.73149138038336,-0.0463600057033429
-9.47655952096784,1.7314913806247,-0.0463606025576935
-9.46547507671696,1.7314913808679,-0.0463611993879041
-9.45439063808999,1.73149138111308,-0.0463617961222957
-9.44330620498116,1.73149138136016,-0.0463623927118393
-9.43222177732468,1.73149138160896,-0.0463629890896065
-9.42113735502554,1.73149138185924,-0.0463635851971144
-9.41005293861699,1.73149138201681,-0.046364177822812
-9.39896854336843,1.73149137999725,-0.0463646940305976
-9.38788422819914,1.73149136592537,-0.0463647838953434
-9.37680004098485,1.73149132286485,-0.0463638326047437
-9.36571594256705,1.73149123319074,-0.0463611696803383
-9.35463186043739,1.73149108241406,-0.0463561967826272
-9.34354774426319,1.73149086445317,-0.0463485761688094
-9.33246359918635,1.73149058190378,-0.0463382543634366
-9.32137944666542,1.73149024357112,-0.0463253905351697
-9.31029529270754,1.73148986110516,-0.0463102482487829
-9.29921113430555,1.73148944613249,-0.0462930991186758
-9.28812697208656,1.73148900876795,-0.0462741705703667
-9.2770428105234,1.73148855743138,-0.0462536378871753
-9.2659586543059,1.73148809905506,-0.0462316293690084
-9.25487450060288,1.7314876402901,-0.0462082683220863
-9.24379035222941,1.73148718716314,-0.0461836591442107
-9.23270621036431,1.73148674583888,-0.0461579144155325
-9.22162208305548,1.73148632169269,-0.0461311200742992
-9.2105379772718,1.73148591930292,-0.0461033337174254
-9.19945389666091,1.73148554243337,-0.0460745827570628
-9.18836984176528,1.73148519421509,-0.0460448698472396
-9.17728580671775,1.73148487815676,-0.0460142103161121
-9.16620178701965,1.73148459837736,-0.0459826416987589
-9.15511778299893,1.73148435948591,-0.0459502202886487
-9.1440337966894,1.73148416648181,-0.0459170184235183
-9.13294982970709,1.73148402445957,-0.0458831141850065
-9.12186588020063,1.73148393874671,-0.0458485980059924
-9.11078194541912,1.73148391476306,-0.0458135681669953
-9.09969801399697,1.73148395947453,-0.0457781883081475
-9.08861408713545,1.73148407951857,-0.0457426178927916
-9.0775301779357,1.73148427993314,-0.045706962714159
-9.06644629816452,1.73148456415828,-0.0456712729881607
-9.05536244922536,1.73148493483243,-0.0456355724011406
-9.04427862859933,1.73148539389868,-0.0455998610742724
-9.03319483517828,1.7314859426743,-0.0455641166962095
-9.0221110674579,1.73148658247527,-0.0455283178678197
-9.01102732544373,1.73148731461439,-0.0454924435761948
-8.999943607745,1.73148814075409,-0.0454564869030638
-8.98885991477459,1.7314890625479,-0.0454204418303741
-8.97777625142317,1.73149008099255,-0.0453842778344705
-8.96669262172523,1.73149119645002,-0.0453479395499365
-8.95560901974508,1.73149240982252,-0.0453113922913126
-8.94452543925757,1.73149372233,-0.0452746139514361
-8.93344187463407,1.73149513587565,-0.0452376103006749
-8.92235832355519,1.73149665289663,-0.0452004105216713
-8.91127478707077,1.73149827600538,-0.045163054160408
-8.90019126996091,1.73150000739157,-0.0451255680313537
-8.88910778120643,1.73150184790194,-0.0450879287080137
-8.87802431820882,1.7315037984113,-0.0450501153849391
-8.8669408719667,1.73150586028529,-0.0450121286236323
-8.85585743468627,1.73150803549648,-0.0449739958124262
-8.8447739980748,1.73151032733812,-0.0449358014548303
-8.83369055616708,1.73151274032923,-0.0448976866726929
-8.82260711191438,1.73151527878055,-0.0448597939478821
-8.81152367364331,1.7315179459551,-0.044822233890279
-8.80044025302271,1.73152074318282,-0.0447850482690649
-8.78935685722149,1.73152367028282,-0.0447482243572923
-8.77827348898018,1.73152672584316,-0.0447117036419052
-8.76719014547234,1.73152990803813,-0.044675412444789
-8.7561068205226,1.73153321532093,-0.0446392876082345
-8.74502350715176,1.73153664692376,-0.0446032971167482
-8.733940202284,1.73154020262012,-0.0445674317113123
-8.72285690628084,1.73154388249984,-0.0445316968059468
-8.71177362087391,1.73154768671989,-0.0444961032301666
-8.70069034647946,1.73155161545526,-0.0444606657988112
-8.68960708217557,1.73155566882007,-0.044425400605974
-8.67852382679584,1.73155984678881,-0.0443903222399861
-8.66744057966864,1.73156414916792,-0.0443554424933202
-8.65635734030022,1.73156857566379,-0.0443207725986414
-8.64527409875919,1.73157312755991,-0.0442863918697586
-8.63419082597329,1.73157781116929,-0.0442525948622604
-8.62310751245391,1.73158263284354,-0.0442196971300641
-8.61202414751992,1.73158760243295,-0.0441882095092401
-8.60094072793814,1.73159273002641,-0.0441587514566434
-8.58985725516652,1.73159801922396,-0.0441316923694402
-8.5787737341698,1.73160346737873,-0.044107173073038
-8.56769017151788,1.73160906737059,-0.0440851264035441
-8.55660657907552,1.73161480944492,-0.0440653621446926
-8.54552297351051,1.7316206833264,-0.04404765995491
-8.53443937293861,1.73162667964681,-0.0440318273312603
-8.5233557932348,1.73163279049981,-0.0440177225726951
-8.51227224546622,1.73163900934155,-0.0440052525653138
-8.50118873482373,1.73164533055742,-0.0439943579476619
-8.49010526079439,1.73165174897248,-0.0439849962038581
-8.47902181839174,1.73165825946521,-0.0439771284997405
-8.46793839998696,1.73166485675593,-0.043970712077748
-8.45685499714915,1.73167153534379,-0.0439656980450985
-8.44577160221093,1.73167828953525,-0.0439620323499989
-8.43468820937844,1.73168511352475,-0.0439596580343063
-8.42360481488717,1.73169200147042,-0.0439585181322997
-8.41252141670094,1.73169894755113,-0.0439585576379985
-8.40143801392949,1.73170594599769,-0.0439597244213643
-8.39035460623006,1.73171299110107,-0.043961969406905
-8.37927119335578,1.73172007721004,-0.043965246180556
-8.36818777491737,1.73172719872427,-0.0439695102525103
-8.3571043502688,1.73173435008473,-0.0439747187648399
-8.34602091854251,1.7317415257686,-0.0439808302741939
-8.33493747881764,1.73174872028813,-0.0439878046671077
-8.32385403027578,1.73175592819198,-0.0439956032016754
-8.312770572311,1.73176314407754,-0.0440041882931332
-8.30168710448362,1.73177036259736,-0.0440135235122299
-8.29060362642537,1.73177757846108,-0.0440235737137953
-8.27952013778037,1.73178478643873,-0.044034305074211
-8.26843663818579,1.73179198136511,-0.0440456851105011
-8.25735312735804,1.73179915814408,-0.0440576827372321
-8.2462696050967,1.73180631174851,-0.0440702681814246
-8.23518607130805,1.73181343722573,-0.0440834124992087
-8.22410252592357,1.73182052970103,-0.0440970877034848
-8.21301896889449,1.73182758438099,-0.0441112668382383
-8.20193540018008,1.7318345965562,-0.044125923976077
-8.1908518197634,1.73184156160314,-0.0441410342637226
-8.17976822766235,1.73184847498718,-0.0441565739981335
-8.16868462397511,1.73185533226823,-0.0441725202389342
-8.15760100880061,1.73186212909813,-0.0441888508539834
-8.14651738228594,1.73186886121993,-0.0442055444995157
-8.13543374463927,1.73187552446742,-0.0442225804288056
-8.12435009597789,1.73188211477501,-0.0442399386956941
-8.1132664363696,1.73188862818197,-0.0442576002366174
-8.10218276592727,1.73189506083348,-0.0442755468381269
-8.09109908484481,1.73190140898134,-0.0442937610816237
-8.08001539335359,1.73190766898557,-0.0443122263144332
-8.06893169171175,1.73191383731288,-0.044330926517319
-8.05784798018308,1.731919910537,-0.0443498462881583
-8.04676425901343,1.73192588534046,-0.0443689709429926
-8.03568052846933,1.73193175851506,-0.0443882863242203
-8.02459678885532,1.73193752696266,-0.0444077787353051
-8.01351304046517,1.73194318769527,-0.0444274349721238
-8.00242928358031,1.73194873783476,-0.0444472423935757
-7.99134551848556,1.73195417461529,-0.0444671888359817
-7.98026174539393,1.73195949538482,-0.0444872626453908
-7.96917796450643,1.73196469760482,-0.0445074525079539
-7.95809417604244,1.73196977884915,-0.0445277472893028
-7.94701038017155,1.73197473680397,-0.0445481363179729
-7.93592657710661,1.73197956926671,-0.0445686094067356
-7.92484276707975,1.73198427414433,-0.0445891566530164
-7.91375895026704,1.73198884945531,-0.0446097686210801
-7.90267512682152,1.73199329332999,-0.0446304363732638
-7.89159129691987,1.73199760401007,-0.0446511514273348
-7.88050746072818,1.73200177984818,-0.0446719057593702
-7.8694236184285,1.73200581930551,-0.044692691644965
-7.85833977020027,1.73200972095032,-0.0447135015946854
-7.84725591616993,1.73201348345733,-0.0447343284516336
-7.83617205645524,1.73201710560761,-0.0447551656079369
-7.82508819123916,1.73202058628644,-0.0447760066122122
-7.81400432068551,1.73202392448194,-0.0447968450603392
-7.80292044490261,1.73202711928412,-0.0448176746207282
-7.79183656394497,1.73203016988387,-0.044838489153012
-7.78075267784459,1.73203307557191,-0.0448592827802476
-7.76966878666531,1.73203583573741,-0.0448800499044974
-7.75858489052584,1.73203844986659,-0.044900785108865
-7.74750098960413,1.73204091754104,-0.0449214829213799
-7.73641708397679,1.73204323843636,-0.0449421381065094
-7.72533317366361,1.73204541232062,-0.0449627457780428
-7.71424925871827,1.73204743905273,-0.0449833013703167
-7.70316533924071,1.73204931858088,-0.0450038006634228
-7.69208141533969,1.73205105094148,-0.0450242399085547
-7.68099748719425,1.73205263625853,-0.0450446153347179
-7.66991355497902,1.73205407473958,-0.0450649231383141
-7.65882961882505,1.73205536667332,-0.0450851595599928
-7.64774567883114,1.73205651242809,-0.0451053209387979
-7.63666173507985,1.73205751245003,-0.0451254037731971
-7.62557778763849,1.73205836726045,-0.0451454048018078
-7.61449383663194,1.73205907745653,-0.045165320901722
-7.60340988228018,1.73205964370963,-0.0451851489182926
-7.59232592477872,1.73206006676195,-0.0452048857465666
-7.58124196426846,1.7320603474272,-0.0452245284470403
-7.57015800089314,1.73206048659025,-0.0452440742182937
-7.55907403481757,1.73206048520245,-0.0452635204496978
-7.5479900662433,1.73206034427848,-0.0452828647140311
-7.5369060954111,1.73206006489429,-0.0453021047271135
-7.5258221225794,1.73205964818516,-0.0453212383503168
-7.51473814795921,1.73205909534372,-0.0453402636785713
-7.50365417177883,1.73205840762074,-0.0453591788019168
-7.49257019428404,1.73205758632238,-0.0453779817966333
-7.48148621571872,1.73205663280519,-0.0453966705123266
-7.47040223631873,1.73205554844898,-0.0454152429297264
-7.45931825630919,1.73205433464377,-0.0454336974362617
-7.44823427590441,1.73205299280343,-0.0454520324900708
-7.43715029533601,1.73205152437936,-0.0454702466087828
-7.42606631485171,1.73204993086634,-0.0454883383573965
-7.41498233469488,1.73204821380451,-0.0455063063896552
-7.40389835509566,1.73204637478068,-0.0455241495648022
-7.39281437633974,1.73204441542276,-0.0455418666886822
-7.38173039874582,1.73204233739645,-0.0455594562704195
-7.37064642256445,1.73204014240366,-0.0455769168717238
-7.35956244799928,1.73203783218136,-0.0455942472470364
-7.34847847525589,1.73203540850057,-0.0456114463369735
-7.33739450455937,1.73203287316523,-0.0456285132267499
-7.32631053613233,1.73203022801074,-0.0456454471004577
-7.31522657016475,1.73202747490236,-0.0456622472206633
-7.30414260685652,1.73202461573333,-0.0456789129107666
-7.29305864639369,1.73202165242319,-0.0456954435701175
-7.281974688937,1.73201858691584,-0.0457118387547822
-7.27089073464208,1.73201542117764,-0.0457280980163769
-7.25980678365093,1.73201215719587,-0.0457442208989985
-7.24872283610659,1.73200879697725,-0.0457602069843908
-7.23763889222298,1.73200534254627,-0.0457760555585278
-7.22655495212803,1.73200179594385,-0.0457917658980523
-7.21547101587902,1.73199815922591,-0.0458073374256482
-7.20438708353407,1.73199443446178,-0.0458227697216434
-7.19330315517851,1.73199062373227,-0.0458380625115068
-7.18221923090258,1.7319867291275,-0.0458532156872875
-7.1711353107832,1.73198275274913,-0.0458682292634097
-7.16005139487066,1.73197869670741,-0.0458831033136794
-7.14896748318898,1.73197456311878,-0.0458978378411973
-7.13788357576945,1.73197035410437,-0.0459124327366288
-7.12679967266573,1.73196607178871,-0.0459268878210186
-7.11571577388213,1.73196171829865,-0.0459412029354906
-7.10463187937287,1.73195729576228,-0.0459553779863808
-7.09354798908629,1.73195280630786,-0.0459694129190975
-7.08246410299975,1.73194825206261,-0.0459833076187637
-7.07138022108913,1.73194363515165,-0.0459970620508987
-7.06029634331608,1.73193895769688,-0.0460106762933242
-7.04921246963582,1.73193422181584,-0.0460241505087574
-7.03812860001528,1.73192942962062,-0.046037484911704
-7.02704473443671,1.73192458321676,-0.046050679764899
-7.01596087282823,1.73191968470229,-0.046063735456419
-7.00487701512111,1.73191473616669,-0.0460766523305699
-6.9937931612742,1.73190973968988,-0.0460894305858402
-6.9827093112257,1.73190469734137,-0.0461020704025788
-6.97162546488318,1.73189961117977,-0.046114572014771
-6.96054162218343,1.73189448325143,-0.0461269357121091
-6.94945778304168,1.73188931558874,-0.0461391618581797
-6.93837394734143,1.73188411020875,-0.0461512509814102
-6.92729011498378,1.7318788691145,-0.0461632036279019
-6.91620628589058,1.73187359429575,-0.0461750202895125
-6.90512246006389,1.7318682877263,-0.0461867012065663
-6.89403863748055,1.73186295136257,-0.0461982466181195
-6.88295481806861,1.73185758714271,-0.0462096568655587
-6.87187100173821,1.7318521969856,-0.0462209324295169
-6.86078718840866,1.7318467827894,-0.0462320739903582
-6.84970337804987,1.73184134643449,-0.0462430821932693
-6.83861957064897,1.73183588978217,-0.0462539575975697
-6.82753576619143,1.73183041467395,-0.0462647006312124
-6.81645196462358,1.73182492292964,-0.0462753117291413
-6.80536816585965,1.73181941634617,-0.0462857913954574
-6.7942843698246,1.73181389669719,-0.0462961402097297
-6.78320057648116,1.73180836573309,-0.0463063588060935
-6.77211678580946,1.73180282518083,-0.0463164478441455
-6.76103299778416,1.73179727674372,-0.0463264079904611
-6.74994921237234,1.73179172210097,-0.0463362399115843
-6.73886542954378,1.73178616290734,-0.0463459442721638
-6.7277816492751,1.7317806007927,-0.0463555217367496
-6.71669787155611,1.73177503736163,-0.0463649729706793
-6.70561409637165,1.73176947419316,-0.0463742986612313
-6.69453032369594,1.73176391284037,-0.0463834996070358
-6.68344655351493,1.73175835483015,-0.0463925767207536
-6.67236278583366,1.73175280166288,-0.0464015308265317
-6.66127902065398,1.73174725481221,-0.0464103626506572
-6.65019525796322,1.73174171572479,-0.0464190728641231
-6.63911149773759,1.73173618582014,-0.0464276621184182
-6.62802773994881,1.73173066649044,-0.0464361310736278
-6.61694398455791,1.73172515910039,-0.0464444804084121
-6.60586023153394,1.73171966498703,-0.0464527107551643
-6.59477648084845,1.73171418545963,-0.0464608227336657
-6.58369273248564,1.73170872179957,-0.0464688168804968
-6.57260898640726,1.73170327526028,-0.0464766937976082
-6.56152524255543,1.73169784706712,-0.0464844541908048
-6.55044150152906,1.73169243841327,-0.0464920987586174
-6.53935777942678,1.73168705035018,-0.0464996251533904
-6.52827413649371,1.73168168305049,-0.0465070062095959
-6.51719061677647,1.73167633498016,-0.0465141620852708
-6.50610718003372,1.73167100316603,-0.0465209620707324
-6.49502377157361,1.7316656840553,-0.0465272459492744
-6.48394036118452,1.73166037451735,-0.0465328525072415
-6.47285695785683,1.7316550726184,-0.0465376452161344
-6.46177357309782,1.73164977775081,-0.0465415197585826
-6.45069020516567,1.73164449037594,-0.0465443984905964
-6.43960685186818,1.73163921167772,-0.0465462204375535
-6.42852351568297,1.73163394333094,-0.0465469338678592
-6.41744019771397,1.73162868744844,-0.0465464946784246
-6.40635689913196,1.73162344658049,-0.0465448674563537
-6.39527361592721,1.73161822372252,-0.0465420268982569
-6.38419034128614,1.73161302235194,-0.0465379602639833
-6.37310707398581,1.73160784643658,-0.0465326690304011
-6.36202382568064,1.73160270027022,-0.0465261642951571
-6.35094060239243,1.73159758826208,-0.0465184598321984
-6.33985740202604,1.73159251483536,-0.0465095686487293
-6.32877421993706,1.73158748438321,-0.0464995015244612
-6.31769104762742,1.73158250133497,-0.0464882695179168
-6.30660787972715,1.73157757025492,-0.0464758880518215
-6.2955247149055,1.73157269585619,-0.0464623782331428
-6.28444155145093,1.73156788297184,-0.046447766498246
-6.27335838637487,1.73156313650192,-0.046432083251661
-6.2622752136854,1.73155846140058,-0.0464153627115971
-6.25119202746498,1.73155386266107,-0.04639764286491
-6.24010881314163,1.7315493454456,-0.0463789703935311
-6.22902556798559,1.73154491512258,-0.0463594033936744
-6.21794229826236,1.73154057707188,-0.0463390057996123
-6.20685901440578,1.73153633642971,-0.0463178391359029
-6.19577571769796,1.73153219793949,-0.0462959571181488
-6.18469240047148,1.73152816600795,-0.0462734065249584
-6.17360905453575,1.73152424479732,-0.0462502306588033
-6.16252567796423,1.73152043823674,-0.0462264703228355
-6.15144227143492,1.73151674998618,-0.0462021628103523
-6.14035883254436,1.73151318346487,-0.046177342694691
-6.12927535944954,1.73150974187714,-0.0461520424957838
-6.11819185455053,1.73150642814616,-0.0461262903655038
-6.10710831996894,1.73150324482879,-0.0461001068098036
-6.09602474914806,1.73150019420357,-0.0460735069324536
-6.08494113648027,1.7314972783876,-0.0460465041992046
-6.07385747757681,1.7314944993924,-0.0460191122768981
-6.0627737710206,1.73149185916986,-0.0459913469375527
-6.05169001800746,1.73148935959753,-0.0459632258069964
-6.04060622283373,1.73148700242936,-0.0459347666752251
-6.0295223936829,1.73148478915159,-0.0459059824195189
-6.01843852754573,1.73148272097931,-0.045876880243664
-6.00735461663197,1.73148079902617,-0.0458474666756845
-5.99627065609192,1.73147902439742,-0.0458177509324508
-5.98518664093004,1.73147739827862,-0.0457877486338155
-5.97410256778065,1.73147592203597,-0.0457574860773713
-5.96301844117426,1.73147459714395,-0.045726998706783
-5.95193426967819,1.7314734250015,-0.0456963252716949
-5.94085006393829,1.73147240674326,-0.0456655009604012
-5.92976582967336,1.73147154314256,-0.045634553360869
-5.91868156917303,1.73147083462317,-0.0456035021524612
-5.90759728058748,1.73147028131412,-0.0455723606417457
-5.89651296014972,1.73146988317345,-0.0455411394764299
-5.88542860831052,1.73146964004391,-0.045509848929189
-5.87434422786325,1.73146955163744,-0.0454784986066074
-5.86325982136876,1.73146961753778,-0.0454470974424851
-5.85217539070828,1.73146983720444,-0.0454156537355037
-5.84109093665046,1.73147020998622,-0.0453841749216212
-5.83000645995108,1.73147073513947,-0.0453526681061455
-5.81892196220983,1.73147141183883,-0.0453211405210248
-5.80783744569555,1.73147223921611,-0.0452895992337228
-5.79675291219337,1.73147321637874,-0.0452580509912242
-5.78566835279577,1.73147434245067,-0.0452265052577353
-5.77458373910886,1.73147561710434,-0.045194994574823
-5.76349906636176,1.7314770406036,-0.0451635790959204
-5.75241432694025,1.73147861347445,-0.0451323473372949
-5.74132951819027,1.73148033657304,-0.0451014301766499
-5.73024464733552,1.73148221086812,-0.0450709760663186
-5.71915972468287,1.7314842363682,-0.0450411169688903
-5.70807476230883,1.73148641219872,-0.045011957285057
-5.69698977253975,1.73148873671299,-0.0449835746876325
-5.6859047657808,1.73149120772449,-0.0449560294476131
-5.67481974916612,1.73149382270955,-0.0449293731021911
-5.66373472606907,1.7314965788788,-0.0449036522037041
-5.6526496963566,1.73149947315451,-0.0448789083287363
-5.64156465731011,1.73150250212801,-0.044855176588753
-5.63047960493836,1.73150566204241,-0.0448324846467015
-5.61939453539168,1.73150894880758,-0.0448108528582596
-5.6083094461317,1.73151235803329,-0.0447902951151734
-5.59722433643512,1.73151588506495,-0.0447708197926274
-5.586139207206,1.7315195250131,-0.0447524305278261
-5.5750540603716,1.73152327277684,-0.0447351267623455
-5.56396889808184,1.73152712306398,-0.0447189038937779
-5.55288372219584,1.7315310704106,-0.0447037535625602
-5.54179853420794,1.73153510920183,-0.0446896640373007
-5.53071333550167,1.73153923369371,-0.0446766206218202
-5.51962812770063,1.73154343803482,-0.0446646060516012
-5.50854291291833,1.73154771628758,-0.0446536008255809
-5.49745769366231,1.73155206244863,-0.0446435834920825
-5.4863724726082,1.73155647046787,-0.0446345309294936
-5.47528725238243,1.73156093426664,-0.0446264186056014
-5.46420203544054,1.73156544775498,-0.0446192208524192
-5.45311682408985,1.73157000484795,-0.0446129111081512
-5.44203162065176,1.73157459948193,-0.0446074617668292
-5.43094642741576,1.7315792256292,-0.0446028446223347
-5.41986124664072,1.73158387731148,-0.0445990311646588
-5.40877608055382,1.73158854861247,-0.0445959927387355
-5.3976909313084,1.73159323368964,-0.0445937007260492
-5.38660580097991,1.73159792678475,-0.0445921267998176
-5.37552069170067,1.73160262223362,-0.0445912427541792
-5.36443560557001,1.73160731447524,-0.0445910204873001
-5.35335054460478,1.73161199805981,-0.0445914321450002
-5.34226551073314,1.73161666765589,-0.0445924503102587
-5.33118050579418,1.73162131805677,-0.0445940480505857
-5.32009553149396,1.73162594418595,-0.0445961990293304
-5.30901058942976,1.73163054110248,-0.044598877608691
-5.29792568102295,1.73163510400508,-0.0446020587157743
-5.28684080745964,1.73163962823509,-0.0446057179589678
-5.2757559697107,1.73164410927844,-0.0446098316973365
-5.26467116851529,1.73164854276798,-0.0446143770009057
-5.25358640444065,1.73165292448626,-0.0446193315026849
-5.24250167785343,1.73165725036734,-0.0446246737329705
-5.23141698895392,1.73166151649772,-0.0446303832227795
-5.22033233782074,1.73166571911681,-0.0446364404694655
-5.20924772445375,1.73166985461703,-0.0446428269221176
-5.19816314875689,1.73167391954425,-0.0446495250464522
-5.18707861055918,1.73167791059655,-0.0446565181226711
-5.17599410965241,1.7316818246219,-0.0446637901214725
-5.1649096457449,1.7316856586157,-0.0446713256086888
-5.15382521841076,1.73168940971709,-0.0446791095804905
-5.14274082699194,1.73169307521244,-0.0446871278185003
-5.13165647065691,1.73169665253554,-0.0446953670154942
-5.12057214844202,1.73170013926637,-0.044703814809112
-5.10948785931336,1.73170353313022,-0.0447124598207186
-5.09840360223669,1.73170683199017,-0.0447212911510096
-5.0873193760207,1.73171003384423,-0.0447302984152231
-5.07623517933769,1.7317131368235,-0.0447394718140961
-5.06515101082368,1.73171613918995,-0.0447488021304889
-5.05406686908148,1.73171903933448,-0.0447582807190268
-5.04298275273274,1.73172183577491,-0.0447678995044607
-5.03189866045625,1.7317245271537,-0.0447776509645581
-5.02081459099008,1.73172711223539,-0.0447875281082164
-5.00973054314875,1.73172958990375,-0.044797524442202
-4.99864651579017,1.7317319591588,-0.0448076339279419
-4.98756250775403,1.73173421911369,-0.044817850997051
-4.97647851782688,1.7317363689918,-0.0448281706620142
-4.96539454489789,1.7317384081257,-0.0448385882774081
-4.95431058791118,1.7317403359535,-0.0448490994605053
-4.9432266457971,1.73174215201561,-0.0448597000822338
-4.93214271745083,1.73174385595194,-0.0448703862755922
-4.92105880177755,1.73174544749929,-0.0448811544520672
-4.90997489774617,1.73174692648877,-0.0448920013054502
-4.89889100443273,1.73174829284322,-0.0449029237971667
-4.88780712103934,1.73174954657462,-0.0449139191095764
-4.87672324681037,1.73175068778094,-0.0449249845982807
-4.86563938107008,1.73175171664234,-0.0449361177519338
-4.85455552326187,1.73175263342095,-0.0449473162691681
-4.84347167294331,1.73175343845858,-0.0449585780897555
-4.83238782975138,1.73175413217276,-0.0449699014381282
-4.82130399348324,1.73175471505733,-0.0449812847416607
-4.81022016398788,1.73175518768441,-0.0449927266090054
-4.79913634113723,1.73175555069951,-0.0450042255771856
-4.78805252479,1.73175580481008,-0.0450157801404598
-4.77696871479043,1.73175595078205,-0.0450273888350214
-4.76588491099892,1.7317559894371,-0.0450390502055282
-4.75480111330955,1.73175592165606,-0.0450507629345844
-4.74371732166938,1.73175574837944,-0.0450625258469314
-4.73263353604449,1.73175547060543,-0.0450743378602412
-4.72154975641459,1.73175508938815,-0.0450861979862448
-4.71046598280694,1.73175460583745,-0.0450981053849192
-4.69938221532712,1.73175402111218,-0.0451100592138242
-4.68829845414635,1.73175333641627,-0.045122058576986
-4.67721469946429,1.73175255299566,-0.0451341025699396
-4.66613095148,1.73175167213444,-0.0451461903191899
-4.65504721042123,1.73175069515803,-0.0451583206716955
-4.64396347650631,1.73174962343355,-0.0451704924712691
-4.6328797498943,1.73174845836801,-0.0451827046626446
-4.6217960306619,1.73174720140615,-0.0451949563336313
-4.61071231880155,1.73174585402902,-0.0452072468227218
-4.59962861429781,1.73174441774852,-0.0452195754265974
-4.58854491712694,1.73174289410285,-0.0452319412441632
-4.5774612272007,1.73174128465734,-0.0452443432613607
-4.5663775443725,1.73173959100446,-0.0452567803754141
-4.5552938684645,1.73173781476266,-0.0452692513338432
-4.5442101992472,1.73173595757506,-0.0452817549227282
-4.53312653652611,1.73173402110755,-0.0452942900210539
-4.52204288015579,1.73173200704646,-0.0453068555380644
-4.51095922991743,1.73172991709712,-0.0453194503837107
-4.49987558552573,1.7317277529831,-0.0453320734952938
-4.48879194669675,1.7317255164412,-0.0453447237122601
-4.47770831313187,1.73172320922166,-0.0453573998248111
-4.46662468448537,1.73172083308783,-0.0453701006015807
-4.45554106034007,1.73171838981492,-0.0453828247923111
-4.44445744019737,1.73171588118773,-0.0453955711598737
-4.43337382347627,1.73171330899704,-0.045408338560204
-4.4222902095625,1.7317106750429,-0.0454211257919691
-4.41120659786228,1.73170798113743,-0.0454339315080403
-4.40012298773937,1.73170522910149,-0.0454467544242172
-4.38903937854337,1.73170242075762,-0.0454595932529204
-4.37795576968378,1.73169955792642,-0.0454724466508963
-4.3668721605471,1.73169664242348,-0.0454853132068006
-4.3557885505233,1.73169367606251,-0.0454981913839986
-4.34470493903407,1.73169066066011,-0.0455110795724535
-4.33362132552477,1.7316875980334,-0.0455239762076004
-4.32253770945238,1.73168448999747,-0.0455368797979428
-4.31145409028744,1.73168133836369,-0.0455497889104882
-4.30037046750064,1.73167814493851,-0.045562702220191
-4.28928684055569,1.7316749115221,-0.0455756186660499
-4.27820320898186,1.73167163990713,-0.0455885370300245
-4.26711957234744,1.73166833187767,-0.0456014556347123
-4.25603593014333,1.73166498920869,-0.0456143727029321
-4.2449522818192,1.73166161366535,-0.0456272865333388
-4.23386862685294,1.73165820700232,-0.0456401956144636
-4.22278496478432,1.73165477096303,-0.0456530988128385
-4.21170129526774,1.7316513072788,-0.045665994965046
-4.20061761806832,1.73164781766791,-0.045678882651112
-4.1895339330438,1.73164430383479,-0.0456917600009904
-4.17845024003287,1.7316407674694,-0.0457046251196626
-4.16736653886389,1.73163721024658,-0.0457174762651351
-4.15628282939969,1.73163363382272,-0.0457303118571734
-4.14519911160448,1.73163003980785,-0.0457431304643188
-4.13411538551782,1.73162642975282,-0.045755930782181
-4.12303165119175,1.73162280517011,-0.0457687114928504
-4.11194790866793,1.73161916754616,-0.0457814712225896
-4.10086415798744,1.73161551834692,-0.0457942085507191
-4.0897803991995,1.7316118590202,-0.045806922031135
-4.0786966323646,1.73160819099627,-0.0458196102243858
-4.06761285759745,1.73160451568751,-0.0458322717287019
-4.0565290750601,1.73160083448833,-0.0458449052386964
-4.04544528497749,1.73159714877857,-0.045857509531567
-4.03436148758615,1.73159345992002,-0.0458700833204389
-4.02327768314311,1.73158976925451,-0.0458826252456117
-4.01219387194604,1.73158607810249,-0.0458951338966989
-4.00111005433143,1.73158238776001,-0.0459076078131328
-3.99002623069086,1.73157869950501,-0.045920045529913
-3.97894240143631,1.73157501460207,-0.0459324454832463
-3.96785856693367,1.73157133429631,-0.0459448061776289
-3.95677472748329,1.73156765981042,-0.0459571262351664
-3.94569088336374,1.73156399234385,-0.0459694043787582
-3.9346070348501,1.73156033307272,-0.0459816394671542
-3.92352318219619,1.73155668314968,-0.0459938306315082
-3.91243932568861,1.73155304370519,-0.0460059769529785
-3.90135546562169,1.73154941584836,-0.0460180773404567
-3.89027160225939,1.73154580066603,-0.0460301305868961
-3.87918773583496,1.73154219922222,-0.0460421354345445
-3.868103866583,1.73153861255781,-0.0460540905640671
-3.85701999476856,1.73153504169036,-0.0460659944704253
-3.84593612062088,1.73153148761398,-0.0460778457402456
-3.83485224432789,1.73152795129931,-0.0460896431441763
-3.82376836606974,1.73152443369341,-0.0461013856330908
-3.81268448605459,1.73152093571976,-0.0461130723224794
-3.80160060449063,1.73151745827819,-0.0461247023442439
-3.79051672153852,1.73151400224481,-0.0461362747829122
-3.77943283728314,1.73151056847206,-0.0461477887291365
-3.76834895174613,1.73150715778861,-0.046159243365406
-3.75726506498165,1.73150377099939,-0.0461706375656038
-3.74618117700757,1.73150040888557,-0.0461819701465097
-3.73509728778092,1.73149707220464,-0.0461932400010473
-3.7240133972337,1.73149376169038,-0.0462044461411887
-3.71292950526191,1.73149047805301,-0.0462155877765085
-3.70184561179474,1.73148722197919,-0.0462266641435456
-3.69076171680075,1.73148399413214,-0.0462376744368156
-3.67967782025192,1.73148079515172,-0.046248617813921
-3.66859392211794,1.73147762565452,-0.0462594934173932
-3.65751002237511,1.73147448623399,-0.0462703003834356
-3.64642612096546,1.73147137746055,-0.0462810378731566
-3.63534221779062,1.73146829988175,-0.0462917051506314
-3.62425831275837,1.73146525402236,-0.0463023014275116
-3.61317440579043,1.73146224038462,-0.0463128256874776
-3.60209049678406,1.73145925944833,-0.0463232769601769
-3.59100658560232,1.73145631167105,-0.0463336544055148
-3.57992267208817,1.73145339748831,-0.0463439572903196
-3.5688387560875,1.73145051731375,-0.0463541849517505
-3.55775483746817,1.73144767153936,-0.0463643367640103
-3.54667091612714,1.73144486053565,-0.0463744121151209
-3.53558699198763,1.7314420846519,-0.0463844103947474
-3.52450306499458,1.73143934421635,-0.0463943309911285
-3.51341913511246,1.73143663953647,-0.0464041732939492
-3.5023352023259,1.73143397089916,-0.0464139366998569
-3.49125126663901,1.73143133857101,-0.0464236206179724
-3.48016732807142,1.73142874279857,-0.0464332244738279
-3.4690833866519,1.73142618380853,-0.0464427477112711
-3.45799944241199,1.73142366180806,-0.0464521897926782
-3.44691549538203,1.73142117698501,-0.0464615501981825
-3.43583154559096,1.73141872950822,-0.0464708284246046
-3.42474759306893,1.7314163195278,-0.0464800239845434
-3.41366363785173,1.73141394717537,-0.0464891364058163
-3.40257967998613,1.7314116125644,-0.0464981652312391
-3.3914957195349,1.73140931579043,-0.0465071100186347
-3.38041175658148,1.73140705693142,-0.0465159703409482
-3.36932779123293,1.73140483604798,-0.046524745786373
-3.35824382362097,1.73140265318372,-0.0465334359584399
-3.34715985390019,1.73140050836553,-0.0465420404760501
-3.33607588224439,1.73139840160387,-0.0465505589734597
-3.3249919088405,1.7313963328931,-0.0465589911002244
-3.31390793388186,1.73139430221179,-0.046567336521117
-3.3028239575616,1.73139230952299,-0.0465755949160252
-3.29173998006672,1.73139035477457,-0.046583765979832
-3.2806560015743,1.73138843789952,-0.0465918494222819
-3.26957202224949,1.73138655881627,-0.046599844967835
-3.25848804224506,1.73138471742899,-0.0466077523560133
-3.24740406170812,1.73138291362795,-0.0466155713406471
-3.23632008077777,1.73138114728975,-0.0466233016889384
-3.2252360995912,1.7313794182777,-0.0466309431822701
-3.21415211828841,1.73137772644215,-0.0466384956162131
-3.20306813701487,1.73137607162076,-0.0466459588003349
-3.19198415592169,1.73137445363884,-0.0466533325579567
-3.18090017516403,1.73137287230967,-0.0466606167259657
-3.16981619489749,1.7313713274348,-0.0466678111546967
-3.15873221527383,1.73136981880438,-0.0466749157078508
-3.14764823643509,1.73136834619748,-0.0466819302624107
-3.13656425850846,1.73136690938237,-0.0466888547085286
-3.12548028160154,1.73136550811688,-0.0466956889493861
-3.11439630579929,1.73136414214867,-0.046702432901034
-3.10331233116318,1.73136281121558,-0.0467090864922219
-3.09222835773238,1.73136151504589,-0.0467156496642266
-3.08114438552684,1.73136025335865,-0.0467221223706833
-3.07006041455145,1.731359025864,-0.0467285045774248
-3.05897644480095,1.73135783226347,-0.046734796262333
-3.04789247626445,1.73135667225027,-0.0467409974152047
-3.036808508929,1.73135554550958,-0.0467471080376351
-3.02572454278163,1.73135445171889,-0.0467531281429157
-3.01464057780959,1.73135339054823,-0.0467590577559455
-3.00355661399885,1.73135236166051,-0.0467648969131486
-2.99247265133147,1.7313513647118,-0.0467706456623938
-2.98138868978177,1.7313503993516,-0.0467763040629086
-2.9703047293128,1.73134946522317,-0.0467818721851853
-2.9592207698735,1.73134856196374,-0.0467873501108759
-2.94813681139703,1.73134768920487,-0.0467927379326752
-2.93705285380091,1.73134684657265,-0.0467980357541953
-2.92596889698899,1.73134603368803,-0.0468032436898345
-2.91488494085485,1.73134525016704,-0.0468083618646466
-2.90380098528649,1.7313444956211,-0.046813390414215
-2.89271703017147,1.73134376965726,-0.0468183294845362
-2.8816330754016,1.73134307187846,-0.0468231792318469
-2.87054912087663,1.73134240188381,-0.0468279398223849
-2.85946516650583,1.73134175926881,-0.0468326114325129
-2.84838121220997,1.73134114362561,-0.0468371942490123
-2.83729725792037,1.73134055454325,-0.0468416884688227
-2.82621330357617,1.73133999160789,-0.0468460942988013
-2.81512934912104,1.7313394544031,-0.0468504119555808
-2.80404539449992,1.73133894251002,-0.0468546416655034
-2.7929614396563,1.73133845550766,-0.0468587836645711
-2.78187748453055,1.7313379929731,-0.0468628381983686
-2.77079352905957,1.73133755448168,-0.0468668055219493
-2.75970957317784,1.73133713960729,-0.0468706858996978
-2.74862561681982,1.7313367479225,-0.046874479605185
-2.73754165992338,1.73133637899883,-0.0468781869210296
-2.72645770243349,1.73133603240694,-0.0468818081387697
-2.71537374430602,1.73133570771682,-0.0468853435587463
-2.70428978551004,1.73133540449802,-0.0468887934899941
-2.69320582602964,1.7313351223198,-0.0468921582501406
-2.68212186586345,1.73133486075137,-0.046895438165309
-2.6710379050233,1.73133461936206,-0.0468986335700231
-2.65995394353109,1.73133439772147,-0.0469017448071092
-2.6488699814156,1.73133419539968,-0.0469047722275916
-2.63778601870843,1.73133401196742,-0.0469077161905778
-2.6267020554406,1.73133384699624,-0.046910577063131
-2.61561809164016,1.73133370005868,-0.0469133552201309
-2.60453412733077,1.73133357072841,-0.0469160510441226
-2.59345016253189,1.73133345858042,-0.0469186649251588
-2.58236619726003,1.73133336319115,-0.0469211972606376
-2.57128223153109,1.73133328413867,-0.0469236484551419
-2.56019826536289,1.73133322100277,-0.046926018920284
-2.54911429877788,1.73133317336517,-0.0469283090745573
-2.53803033180492,1.73133314080959,-0.0469305193431981
-2.52694636448027,1.73133312292195,-0.0469326501580558
-2.51586239684707,1.73133311929045,-0.0469347019574702
-2.50477842895384,1.73133312950574,-0.046936675186153
-2.49369446085197,1.73133315316133,-0.0469385703283933
-2.48261049259199,1.73133318985707,-0.0469403878651597
-2.4715265242196,1.7313332392006,-0.0469421282401984
-2.46044255577317,1.73133330080511,-0.046943791904351
-2.44935858728164,1.73133337428791,-0.0469453793208435
-2.4382746187633,1.73133345926973,-0.0469468909660064
-2.42719065022592,1.73133355537447,-0.0469483273273376
-2.41610668166797,1.73133366222901,-0.0469496889006904
-2.4050227130808,1.7313337794633,-0.0469509761877788
-2.39393874445133,1.73133390671032,-0.0469521896945384
-2.38285477576468,1.73133404360621,-0.04695332993038
-2.3717708070063,1.73133418979035,-0.0469543974080968
-2.36068683816339,1.73133434490542,-0.0469553926441105
-2.34960286922515,1.73133450859751,-0.0469563161587961
-2.33851890018178,1.73133468051622,-0.0469571684767221
-2.32743493102302,1.73133486031469,-0.0469579501267486
-2.31635096173557,1.73133504764971,-0.0469586616419903
-2.30526699230063,1.73133524218182,-0.0469593035596875
-2.29418302269173,1.73133544357532,-0.046959876421034
-2.2830990528733,1.73133565149835,-0.0469603807709964
-2.27201508280004,1.73133586562299,-0.0469608171581475
-2.26093111241761,1.73133608562528,-0.0469611861345202
-2.24984714166425,1.73133631118527,-0.0469614882554804
-2.23876317047316,1.73133654198711,-0.0469617240796149
-2.22767919877555,1.73133677771905,-0.0469618941686291
-2.21659522650324,1.73133701807351,-0.0469619990872517
-2.2055112535914,1.7313372627471,-0.0469620394031461
-2.19442727997986,1.7313375114407,-0.0469620156868256
-2.1833433056141,1.73133776385944,-0.0469619285115747
-2.17225933044472,1.73133801971275,-0.046961778453373
-2.16117535442632,1.73133827871442,-0.0469615660908202
-2.15009137751568,1.73133854058259,-0.0469612920050606
-2.13900739966965,1.73133880503977,-0.0469609567797027
-2.12792342084347,1.73133907181289,-0.0469605610007345
-2.11683944098934,1.73133934063329,-0.0469601052564315
-2.10575546005606,1.73133961123674,-0.0469595901372586
-2.09467147798932,1.73133988336347,-0.0469590162357686
-2.08358749473331,1.73134015675817,-0.046958384146498
-2.07250351023242,1.73134043116998,-0.0469576944658641
-2.06141952443397,1.73134070635252,-0.0469569477920657
-2.0503355372901,1.73134098206389,-0.0469561447249896
-2.03925154876038,1.73134125806668,-0.0469552858661242
-2.02816755881247,1.73134153412793,-0.0469543718184788
-2.01708356742296,1.73134181001916,-0.0469534031865091
-2.00599957457655,1.73134208551637,-0.0469523805760459
-1.99491558026489,1.73134236040001,-0.0469513045942236
-1.98383158448445,1.73134263445498,-0.0469501758494066
-1.97274758723455,1.73134290747065,-0.0469489949511115
-1.96166358851525,1.73134317924078,-0.0469477625099219
-1.95057958832575,1.73134344956358,-0.0469464791373973
-1.9394955866635,1.73134371824164,-0.0469451454459751
-1.92841158352411,1.73134398508193,-0.0469437620488686
-1.91732757890213,1.73134424989579,-0.0469423295599619
-1.90624357279228,1.73134451249891,-0.046940848593706
-1.89515956519125,1.73134477271127,-0.0469393197650175
-1.88407555609939,1.73134503035719,-0.0469377436891817
-1.87299154552221,1.73134528526523,-0.0469361209817626
-1.86190753347103,1.7313455372682,-0.0469344522585185
-1.85082351996323,1.73134578620314,-0.0469327381353225
-1.83973950502144,1.73134603191125,-0.0469309792280871
-1.82865548867238,1.73134627423792,-0.046929176152689
-1.81757147094453,1.73134651303265,-0.0469273295248934
-1.80648745186625,1.73134674814903,-0.0469254399602747
-1.7954034314638,1.73134697944471,-0.0469235080741321
-1.78431940975952,1.73134720678137,-0.0469215344814011
-1.7732353867712,1.73134743002467,-0.0469195197965592
-1.76215136251159,1.73134764904423,-0.0469174646335294
-1.75106733698902,1.73134786371358,-0.0469153696055819
-1.73998331020857,1.73134807391012,-0.0469132353252381
-1.72889928217342,1.73134827951509,-0.046911062404177
-1.71781525288668,1.73134848041352,-0.046908851453148
-1.70673122235269,1.7313486764942,-0.0469066030818902
-1.69564719057746,1.73134886764962,-0.0469043178990575
-1.68456315756976,1.73134905377596,-0.0469019965121509
-1.67347912333992,1.731349234773,-0.0468996395274542
-1.66239508789926,1.73134941054411,-0.0468972475499724
-1.65131105125857,1.73134958099622,-0.0468948211833705
-1.64022701342628,1.73134974603971,-0.0468923610299103
-1.62914297440699,1.73134990558845,-0.0468898676903847
-1.61805893420023,1.73135005955966,-0.0468873417640479
-1.60697489279994,1.73135020787396,-0.0468847838485428
-1.59589085019434,1.73135035045526,-0.0468821945398265
-1.58480680636671,1.73135048723072,-0.0468795744320949
-1.57372276129661,1.73135061813071,-0.0468769241177099
-1.56263871496139,1.73135074308878,-0.0468742441871295
-1.55155466733788,1.73135086204159,-0.0468715352288436
-1.54047061840402,1.73135097492885,-0.0468687978293157
-1.5293865681399,1.73135108169331,-0.0468660325729313
-1.51830251652808,1.73135118228068,-0.0468632400419515
-1.50721846355378,1.73135127663959,-0.0468604208164707
-1.49613440920405,1.73135136472153,-0.0468575754743773
-1.48505035346682,1.73135144648083,-0.0468547045913136
-1.47396629632959,1.73135152187457,-0.0468518087406354
-1.46288223777805,1.73135159086258,-0.0468488884933679
-1.45179817779541,1.73135165340734,-0.0468459444181592
-1.44071411636168,1.73135170947396,-0.0468429770812295
-1.42963005345405,1.73135175903011,-0.0468399870463191
-1.418545989047,1.73135180204601,-0.0468369748746346
-1.40746192311406,1.73135183849434,-0.0468339411247964
-1.39637785562877,1.7313518683502,-0.0468308863527891
-1.38529378656642,1.73135189159107,-0.0468278111119151
-1.37420971590535,1.73135190819676,-0.0468247159527534
-1.36312564362777,1.73135191814935,-0.0468216014231235
-1.35204156972054,1.73135192143317,-0.0468184680680532
-1.34095749417469,1.73135191803469,-0.0468153164297499
-1.32987341698527,1.73135190794257,-0.046812147047573
-1.31878933814977,1.73135189114749,-0.0468089604580063
-1.30770525766746,1.73135186764222,-0.0468057571946289
-1.29662117553772,1.73135183742149,-0.046802537788082
-1.28553709175924,1.73135180048197,-0.0467993027660334
-1.27445300632951,1.73135175682224,-0.0467960526531377
-1.26336891924421,1.73135170644272,-0.046792787970994
-1.25228483049835,1.73135164934563,-0.0467895092381023
-1.24120074008636,1.73135158553495,-0.04678621696982
-1.23011664800333,1.73135151501635,-0.0467829116783198
-1.21903255424655,1.7313514377972,-0.0467795938725515
-1.20794845881591,1.73135135388646,-0.0467762640582064
-1.1968643617152,1.73135126329468,-0.046772922737687
-1.18578026295182,1.73135116603393,-0.0467695704100795
-1.17469616253715,1.73135106211778,-0.0467662075711295
-1.16361206048532,1.73135095156124,-0.0467628347132189
-1.15252795681255,1.73135083438073,-0.0467594523253425
-1.14144385153577,1.731350710594,-0.0467560608930836
-1.13035974467135,1.73135058022016,-0.0467526608985861
-1.11927563623419,1.73135044327956,-0.0467492528205251
-1.10819152623674,1.73135029979382,-0.0467458371340727
-1.09710741468905,1.73135014978572,-0.0467424143108636
-1.08602330159891,1.73134999327922,-0.0467389848189576
-1.0749391869723,1.73134983029938,-0.0467355491228043
-1.06385507081421,1.73134966087236,-0.0467321076832084
-1.05277095312994,1.73134948502534,-0.0467286609572983
-1.04168683392567,1.73134930278651,-0.0467252093984988
-1.03060271320902,1.73134911418502,-0.0467217534565075
-1.01951859098972,1.73134891925096,-0.0467182935772753
-1.00843446727919,1.73134871801529,-0.0467148302029897
-0.997350342089874,1.73134851050985,-0.0467113637720598
-0.986266215434739,1.73134829676729,-0.0467078947191024
-0.975182087325891,1.73134807682104,-0.0467044234749264
-0.964097957773674,1.7313478507053,-0.0467009504665166
-0.953013826785934,1.73134761845499,-0.0466974761170146
-0.941929694367218,1.7313473801057,-0.046694000845698
-0.930845560518719,1.73134713569368,-0.0466905250679577
-0.919761425238562,1.73134688525581,-0.0466870491952753
-0.908677288522256,1.73134662882957,-0.0466835736352003
-0.897593150363889,1.73134636645298,-0.0466800987913298
-0.886509010756527,1.73134609816461,-0.0466766250632907
-0.875424869693802,1.73134582400353,-0.0466731528467264
-0.864340727170088,1.73134554400928,-0.0466696825332862
-0.853256583181178,1.73134525822185,-0.0466662145106194
-0.84217243772423,1.73134496668165,-0.0466627491623721
-0.831088290797879,1.73134466943105,-0.0466592869196835
-0.820004142401046,1.73134436652984,-0.0466558281950827
-0.808919992531287,1.73134405806156,-0.046652373330295
-0.797835841185019,1.73134374412239,-0.0466489226649395
-0.786751688357015,1.73134342481406,-0.0466454765449221
-0.775667534039997,1.73134310024013,-0.0466420353237798
-0.764583378224415,1.73134277050406,-0.0466385993599228
-0.753499220898789,1.73134243570825,-0.046635169012525
-0.742415062050043,1.73134209595359,-0.0466317446378996
-0.731330901664478,1.73134175133924,-0.0466283265871896
-0.720246739728509,1.73134140196256,-0.0466249152054233
-0.70916257622963,1.73134104791911,-0.0466215108315665
-0.698078411156985,1.73134068930269,-0.0466181137990872
-0.686994244501875,1.73134032620533,-0.0466147244366287
-0.675910076257992,1.7313399587174,-0.0466113430685482
-0.664825906420845,1.7313395869276,-0.0466079700152307
-0.65374173498742,1.73133921092301,-0.0466046055931983
-0.642657561955446,1.73133883078915,-0.0466012501150824
-0.63157338732276,1.73133844661,-0.0465979038895354
-0.620489211086351,1.73133805846802,-0.0465945672211379
-0.609405033242354,1.7313376664442,-0.0465912404103341
-0.598320853785538,1.73133727061806,-0.0465879237534002
-0.587236672709707,1.73133687106771,-0.0465846175424436
-0.576152490007928,1.73133646786981,-0.0465813220654176
-0.565068305673435,1.73133606109969,-0.0465780376061449
-0.553984119700203,1.73133565083125,-0.0465747644443393
-0.542899932083685,1.73133523713708,-0.0465715028556249
-0.531815742821266,1.73133482008843,-0.046568253111552
-0.520731551912661,1.73133439975523,-0.0465650154796104
-0.509647359360031,1.73133397620612,-0.0465617902232424
-0.498563165167411,1.73133354950844,-0.046558577601857
-0.487478969340373,1.73133311972829,-0.0465553778708435
-0.476394771885282,1.73133268693052,-0.046552191281586
-0.465310572808562,1.73133225117872,-0.0465490180814769
-0.454226372116011,1.73133181253531,-0.0465458585139291
-0.443142169812347,1.73133137106147,-0.0465427128183864
-0.432057965900924,1.73133092681722,-0.0465395812303321
-0.420973760383845,1.73133047986141,-0.0465364639812967
-0.40988955326236,1.73133003025174,-0.0465333612988642
-0.398805344537152,1.73132957804477,-0.0465302734066804
-0.38772113420913,1.73132912329594,-0.0465272005244607
-0.376636922279772,1.73132866605961,-0.0465241428680013
-0.36555270875192,1.73132820638904,-0.046521100649192
-0.354468493629724,1.73132774433643,-0.0465180740760308
-0.343384276918869,1.73132727995292,-0.0465150633526411
-0.332300058625947,1.73132681328863,-0.0465120686792896
-0.321215838758462,1.73132634439267,-0.046509090252404
-0.310131617323862,1.73132587331312,-0.0465061282645916
-0.299047394328966,1.73132540009713,-0.0465031829046548
-0.287963169779516,1.73132492479084,-0.0465002543576071
-0.276878943679549,1.73132444743947,-0.0464973428046861
-0.265794716031394,1.73132396808731,-0.0464944484233659
-0.254710486835393,1.73132348677773,-0.046491571387368
-0.243626256090693,1.73132300355321,-0.046488711866673
-0.23254202379519,1.73132251845536,-0.046485870027532
-0.221457789946498,1.73132203152494,-0.0464830460324804
-0.210373554542286,1.73132154280184,-0.0464802400403523
-0.199289317580678,1.73132105232517,-0.0464774522062985
-0.188205079060765,1.73132056013319,-0.0464746826818057
-0.177120838982489,1.73132006626341,-0.0464719316147175
-0.166036597346647,1.73131957075256,-0.0464691991492568
-0.154952354154261,1.73131907363659,-0.0464664854260486
-0.143868109406299,1.73131857495076,-0.0464637905821426
-0.132783863103384,1.73131807472958,-0.046461114751035
-0.121699615244609,1.73131757300687,-0.0464584580626886
-0.110615365828039,1.73131706981576,-0.0464558206435522
-0.0995311148500377,1.73131656518872,-0.0464532026165786
-0.0884468623054318,1.73131605915756,-0.0464506041012416
-0.0773626081879684,1.73131555175346,-0.046448025213553
-0.066278352490599,1.73131504300699,-0.0464454660660806
-0.0551940952060477,1.7313145329481,-0.0464429267679664
-0.0441098363274932,1.73131402160618,-0.0464404074249474
-0.0330255758487965,1.73131350901003,-0.0464379081393772
-0.0219413137648985,1.73131299518789,-0.0464354290102507
-0.0108570500720475,1.73131248016748,-0.0464329701332289
0.000227215232484923,1.73131196397599,-0.0464305316006655
0.0113114821506883,1.73131144664009,-0.0464281135016336
0.022395750683927,1.73131092818598,-0.0464257159219523
0.0334800208338493,1.73131040863936,-0.0464233389442119
0.0445642926023311,1.73130988802548,-0.0464209826477986
0.0556485659921009,1.73130936636911,-0.0464186471089171
0.0667328410068535,1.73130884369463,-0.0464163324006123
0.077817117650909,1.73130832002595,-0.0464140385927906
0.0889013959294402,1.73130779538661,-0.0464117657522396
0.0999856758477335,1.73130726979972,-0.0464095139426496
0.111069957410848,1.73130674328803,-0.0464072832246345
0.122154240623217,1.7313062158739,-0.0464050736557546
0.133238525488252,1.73130568757935,-0.0464028852905409
0.144322812007943,1.73130515842604,-0.0464007181805203
0.155407100183027,1.73130462843531,-0.0463985723742425
0.166491390012936,1.73130409762816,-0.0463964479173073
0.17757568149591,1.73130356602529,-0.046394344852392
0.188659974629786,1.73130303364708,-0.046392263219279
0.199744269412122,1.73130250051366,-0.0463902030548815
0.2108285658407,1.73130196664484,-0.046388164393269
0.221912863913872,1.73130143206018,-0.0463861472656909
0.232997163630728,1.73130089677899,-0.0463841517005991
0.24408146499087,1.7313003608203,-0.0463821777236694
0.255165767994868,1.73129982420293,-0.0463802253578229
0.266250072643231,1.73129928694546,-0.0463782946232471
0.27733437893653,1.73129874906624,-0.0463763855374178
0.28841868687482,1.73129821058342,-0.0463744981151217
0.299502996457477,1.73129767151495,-0.0463726323684809
0.310587307682795,1.73129713187855,-0.0463707883069776
0.321671620548159,1.7312965916918,-0.0463689659374808
0.332755935049988,1.73129605097206,-0.0463671652642731
0.343840251183963,1.73129550973654,-0.0463653862890776
0.354924568945592,1.73129496800227,-0.0463636290110855
0.366008888330271,1.73129442578612,-0.0463618934269813
0.377093209334191,1.73129388310482,-0.0463601795309686
0.388177531953943,1.73129333997495,-0.046358487314794
0.399261856187195,1.73129279641294,-0.0463568167677697
0.410346182032697,1.7312922524351,-0.0463551678767959
0.421430509489824,1.73129170805759,-0.0463535406263827
0.432514838558745,1.73129116329646,-0.0463519349986716
0.443599169239747,1.73129061816766,-0.0463503509734583
0.454683501533111,1.73129007268698,-0.0463487885282159
0.465767835438783,1.73128952687015,-0.0463472476381193
0.476852170956022,1.73128898073277,-0.0463457282760707
0.487936508083578,1.73128843429034,-0.0463442304127265
0.499020846819519,1.73128788755828,-0.0463427540165246
0.510105187161628,1.73128734055189,-0.0463412990537115
0.52118952910746,1.73128679328642,-0.0463398654883701
0.532273872654912,1.731286245777,-0.0463384532824465
0.543358217802449,1.7312856980387,-0.0463370623957757
0.55444256454922,1.7312851500865,-0.0463356927861069
0.565526912895336,1.73128460193532,-0.0463343444091274
0.57661126284188,1.73128405359998,-0.0463330172184861
0.587695614390782,1.73128350509525,-0.0463317111658163
0.598779967544488,1.73128295643583,-0.0463304262007591
0.609864322305782,1.73128240763635,-0.0463291622709869
0.620948678677166,1.73128185871138,-0.0463279193222273
0.632033036661142,1.73128130967541,-0.0463266972982891
0.643117396259413,1.73128076054289,-0.0463254961410878
0.654201757473118,1.7312802113282,-0.0463243157906732
0.665286120302596,1.73127966204567,-0.046323156185257
0.67637048474802,1.73127911270957,-0.0463220172612408
0.68745485080899,1.7312785633341,-0.0463208989532434
0.698539218485394,1.73127801393343,-0.0463198011941286
0.709623587777287,1.73127746452166,-0.0463187239150311
0.720707958685125,1.73127691511283,-0.0463176670453822
0.731792331210045,1.73127636572095,-0.0463166305129343
0.742876705354035,1.73127581635994,-0.0463156142437843
0.753961081119314,1.73127526704371,-0.0463146181623977
0.765045458508496,1.73127471778608,-0.0463136421916311
0.776129837524252,1.73127416860084,-0.0463126862527562
0.78721421816914,1.73127361950173,-0.0463117502654837
0.798298600445037,1.73127307050241,-0.0463108341479883
0.809382984353192,1.73127252161652,-0.046309937816934
0.820467369894175,1.73127197285762,-0.0463090611875005
0.831551757068041,1.73127142423964,-0.0463082041327754
0.842636145874167,1.73127087578092,-0.0463073665359394
0.853720536310846,1.73127032750588,-0.0463065483314745
0.864804928376145,1.73126977944211,-0.0463057494509828
0.875889322068474,1.73126923161852,-0.0463049698165852
0.886973717386638,1.73126868406436,-0.0463042093398807
0.898058114330183,1.73126813680874,-0.0463034679241385
0.909142512898939,1.73126758988039,-0.0463027454675573
0.920226913093359,1.73126704330751,-0.0463020418661398
0.931311314913955,1.73126649711774,-0.0463013570155319
0.942395718361354,1.73126595133814,-0.0463006908117868
0.953480123435838,1.73126540599523,-0.0463000431513445
0.964564530137295,1.73126486111493,-0.0462994139306107
0.975648938464929,1.73126431672264,-0.0462988030454535
0.986733348417317,1.73126377284321,-0.0462982103908076
0.997817759992415,1.73126322950098,-0.0462976358604581
1.00890217318778,1.73126268671978,-0.0462970793469855
1.01998658800039,1.73126214452296,-0.0462965407418189
1.03107100442742,1.73126160293339,-0.0462960199353341
1.04215542246607,1.73126106197346,-0.0462955168169538
1.05323984211395,1.73126052166512,-0.0462950312752232
1.06432426336914,1.73125998202985,-0.0462945631978564
1.07540868623028,1.7312594430887,-0.0462941124717584
1.08649311069638,1.7312589048623,-0.0462936789830325
1.09757753676701,1.73125836737083,-0.0462932626169835
1.10866196444181,1.73125783063408,-0.0462928632581215
1.11974639372022,1.73125729467142,-0.0462924807901711
1.1308308246019,1.73125675950179,-0.0462921150960859
1.14191525708566,1.73125622514378,-0.0462917660580663
1.15299969117018,1.73125569161555,-0.0462914335575805
1.16408412685354,1.73125515893488,-0.0462911174753859
1.17516856413368,1.7312546271192,-0.0462908176915504
1.18625300300823,1.73125409618552,-0.0462905340854729
1.19733744347496,1.73125356615051,-0.0462902665359025
1.20842188553183,1.73125303703047,-0.0462900149209576
1.21950632917736,1.73125250884134,-0.046289779118143
1.23059077441036,1.73125198159869,-0.0462895590043673
1.24167522123031,1.73125145531777,-0.0462893544559594
1.25275966963738,1.73125093001346,-0.046289165348685
1.26384411963198,1.73125040570031,-0.0462889915577626
1.27492857121484,1.73124988239255,-0.046288832957881
1.28601302438653,1.73124936010404,-0.0462886894232153
1.29709747914774,1.73124883884836,-0.0462885608274454
1.30818193549868,1.73124831863874,-0.0462884470437732
1.31926639343931,1.73124779948811,-0.0462883479449421
1.33035085296916,1.73124728140907,-0.0462882634032551
1.34143531408756,1.73124676441394,-0.0462881932905946
1.35251977679343,1.73124624851471,-0.0462881374784409
1.36360424108591,1.73124573372309,-0.0462880958378912
1.37468870696432,1.73124522005048,-0.0462880682396779
1.38577317442815,1.73124470750802,-0.0462880545541859
1.39685764347735,1.73124419610654,-0.0462880546514698
1.40794211411236,1.73124368585659,-0.0462880684012703
1.41902658633393,1.73124317676847,-0.0462880956730304
1.43011106014319,1.73124266885217,-0.0462881363359114
1.44119553554134,1.73124216211745,-0.0462881902588085
1.45228001252957,1.73124165657377,-0.0462882573103672
1.46336449110885,1.73124115223038,-0.0462883373590002
1.47444897127986,1.73124064909622,-0.046288430272904
1.48553345304276,1.73124014718002,-0.0462885359200764
1.49661793639734,1.73123964649026,-0.0462886541683341
1.50770242134297,1.73123914703515,-0.0462887848853307
1.5187869078789,1.7312386488227,-0.0462889279385741
1.52987139600413,1.73123815186065,-0.0462890831954436
1.54095588571784,1.73123765615654,-0.0462892505232069
1.55204037701924,1.73123716171766,-0.0462894297890362
1.56312486990788,1.7312366685511,-0.0462896208600238
1.57420936438371,1.73123617666371,-0.0462898236031966
1.58529386044682,1.73123568606215,-0.0462900378855313
1.59637835809758,1.73123519675285,-0.0462902635739682
1.60746285733649,1.73123470874203,-0.0462905005354257
1.61854735816377,1.73123422203572,-0.0462907486368147
1.62963186057965,1.73123373663974,-0.046291007745053
1.64071636458397,1.73123325255973,-0.0462912777270806
1.65180087017603,1.73123276980112,-0.0462915584498748
1.66288537735488,1.73123228836916,-0.0462918497804655
1.67396988611932,1.73123180826891,-0.046292151585951
1.68505439646765,1.73123132950525,-0.046292463733513
1.69613890839827,1.73123085208288,-0.0462927860904316
1.70722342190953,1.73123037600633,-0.0462931185241003
1.71830793700002,1.73122990127994,-0.046293460902039
1.72939245366854,1.7312294279079,-0.0462938130919085
1.74047697191418,1.73122895589422,-0.0462941749615221
1.75156149173631,1.73122848524277,-0.0462945463788591
1.76264601313471,1.73122801595724,-0.0462949272120761
1.77373053610904,1.73122754804116,-0.0462953173295197
1.78481506065907,1.73122708149791,-0.0462957165997382
1.79589958678457,1.73122661633073,-0.0462961248914943
1.80698411448475,1.73122615254271,-0.0462965420737775
1.81806864375886,1.73122569013678,-0.0462969680158172
1.82915317460578,1.73122522911574,-0.0462974025870955
1.84023770702413,1.73122476948225,-0.0462978456573605
1.85132224101227,1.73122431123882,-0.0462982970966391
1.86240677656866,1.73122385438784,-0.0462987567752498
1.87349131369189,1.73122339893156,-0.0462992245638147
1.88457585238058,1.73122294487211,-0.0462997003332715
1.89566039263377,1.73122249221149,-0.0463001839548846
1.90674493445096,1.73122204095156,-0.0463006753002558
1.91782947783162,1.73122159109408,-0.0463011742413349
1.92891402277576,1.73122114264067,-0.0463016806504295
1.93999856928355,1.73122069559286,-0.0463021944002153
1.95108311735515,1.73122024995202,-0.0463027153637459
1.96216766699052,1.73121980571946,-0.0463032434144637
1.97325221818977,1.73121936289634,-0.0463037784262098
1.98433677095255,1.73121892148373,-0.0463043202732351
1.99542132527841,1.73121848148259,-0.0463048688302112
2.00650588116673,1.73121804289377,-0.0463054239722411
2.01759043861654,1.73121760571801,-0.0463059855748702
2.02867499762709,1.73121716995598,-0.0463065535140968
2.03975955819766,1.73121673560822,-0.0463071276663824
2.05084412032761,1.73121630267519,-0.0463077079086614
2.06192868401661,1.73121587115724,-0.0463082941183505
2.07301324926465,1.73121544105465,-0.0463088861733571
2.08409781607185,1.73121501236758,-0.0463094839520884
2.09518238443877,1.73121458509613,-0.0463100873334593
2.10626695436599,1.73121415924028,-0.0463106961969007
2.11735152585408,1.73121373479995,-0.0463113104223674
2.12843609890348,1.73121331177497,-0.046311929890347
2.13952067351477,1.73121289016507,-0.0463125544818677
2.15060524968794,1.73121246996992,-0.0463131840785077
2.16168982742295,1.7312120511891,-0.0463138185624033
2.17277440671944,1.73121163382211,-0.0463144578162584
2.18385898757697,1.73121121786837,-0.0463151017233525
2.19494356999508,1.73121080332723,-0.0463157501675498
2.20602815397308,1.73121039019797,-0.0463164030333068
2.21711273951064,1.73120997847979,-0.0463170602056806
2.22819732660747,1.73120956817182,-0.0463177215703355
2.23928191526363,1.73120915927311,-0.0463183870135503
2.25036650547912,1.73120875178265,-0.0463190564222246
2.26145109725434,1.73120834569938,-0.0463197296838852
2.27253569058973,1.73120794102213,-0.0463204066866922
2.2836202854856,1.73120753774971,-0.0463210873194449
2.29470488194232,1.73120713588083,-0.0463217714715883
2.30578947996003,1.73120673541416,-0.0463224590332195
2.31687407953859,1.7312063363483,-0.0463231498950938
2.32795868067768,1.73120593868179,-0.0463238439486318
2.33904328337678,1.7312055424131,-0.0463245410859255
2.35012788763515,1.73120514754065,-0.046325241199745
2.361212493452,1.73120475406281,-0.0463259441835448
2.37229710082647,1.73120436197789,-0.0463266499314697
2.38338170975794,1.73120397128412,-0.0463273583383603
2.39446632024567,1.73120358197971,-0.0463280692997581
2.40555093228943,1.7312031940628,-0.0463287827119104
2.41663554588888,1.73120280753147,-0.0463294984717747
2.42772016104396,1.73120242238375,-0.0463302164770229
2.43880477775474,1.73120203861764,-0.0463309366260453
2.44988939602115,1.73120165623107,-0.046331658817955
2.46097401584325,1.73120127522192,-0.0463323829525915
2.47205863722087,1.73120089558802,-0.0463331089305254
2.48314326015367,1.73120051732717,-0.0463338366530626
2.49422788464125,1.73120014043724,-0.0463345660084914
2.50531251068304,1.73119976491758,-0.0463352968897459
2.51639713827802,1.73119939076957,-0.0463360292083529
2.52748176742517,1.73119901799564,-0.0463367628760836
2.53856639812358,1.73119864659862,-0.0463374978027138
2.5496510303725,1.73119827658148,-0.0463382338956676
2.56073566417126,1.73119790794706,-0.0463389710607542
2.57182029951952,1.7311975406981,-0.0463397092032669
2.58290493641709,1.73119717483712,-0.0463404482289517
2.59398957486394,1.73119681036642,-0.0463411880446247
2.60507421486022,1.73119644728812,-0.0463419285584258
2.616158856406,1.7311960856041,-0.0463426696798062
2.62724349950139,1.73119572531606,-0.0463434113193808
2.63832814414639,1.73119536642548,-0.0463441533887517
2.64941279034088,1.73119500893365,-0.0463448958003691
2.66049743808446,1.73119465284168,-0.0463456384674522
2.67158208737692,1.7311942981505,-0.046346381303965
2.68266673821762,1.73119394486086,-0.0463471242246283
2.69375139060611,1.73119359297334,-0.046347867144948
2.70483604454176,1.73119324248834,-0.0463486099812428
2.71592070002436,1.73119289340613,-0.0463493526506646
2.72700535705343,1.7311925457268,-0.0463500950712082
2.73809001562893,1.73119219945029,-0.0463508371617136
2.74917467575102,1.7311918545764,-0.0463515788418622
2.76025933741977,1.73119151110477,-0.0463523200321721
2.77134400063562,1.73119116903492,-0.0463530606539936
2.78242866539887,1.7311908283662,-0.0463538006295057
2.79351333170985,1.73119048909787,-0.0463545398817153
2.8045979995689,1.73119015122901,-0.0463552783344562
2.81568266897619,1.73118981475861,-0.0463560159123901
2.82676733993168,1.73118947968551,-0.0463567525410075
2.83785201243523,1.73118914600845,-0.0463574881466279
2.8489366864867,1.73118881372603,-0.0463582226564006
2.86002136208577,1.73118848283674,-0.0463589559983046
2.87110603923219,1.73118815333896,-0.0463596881011486
2.88219071792571,1.73118782523096,-0.0463604188945701
2.89327539816628,1.73118749851091,-0.0463611483090352
2.9043600799539,1.73118717317686,-0.0463618762758373
2.91544476328869,1.73118684922676,-0.0463626027270958
2.92652944817104,1.73118652665846,-0.0463633275957552
2.93761413460112,1.73118620546974,-0.0463640508155838
2.9486988225795,1.73118588565824,-0.0463647723211722
2.95978351210641,1.73118556722155,-0.0463654920479323
2.97086820318214,1.73118525015714,-0.0463662099320961
2.98195289580684,1.73118493446243,-0.0463669259107146
2.99303758998042,1.73118462013471,-0.0463676399216573
3.00412228570292,1.73118430717123,-0.0463683519036104
3.01520698297395,1.73118399556913,-0.046369061796077
3.02629168179328,1.73118368532551,-0.0463697695393753
3.03737638216052,1.73118337643737,-0.0463704750746378
3.04846108407543,1.73118306890164,-0.0463711783438098
3.05954578753779,1.7311827627152,-0.046371879289648
3.07063049254754,1.73118245787483,-0.0463725778557186
3.08171519910456,1.73118215437729,-0.0463732739863952
3.0927999072091,1.73118185221924,-0.0463739676268568
3.10388461686131,1.73118155139731,-0.0463746587230858
3.11496932806131,1.73118125190806,-0.0463753472218654
3.12605404080932,1.73118095374799,-0.0463760330707775
3.13713875510547,1.73118065691356,-0.0463767162182009
3.14822347094974,1.73118036140119,-0.046377396613309
3.15930818834204,1.73118006720721,-0.046378074206068
3.17039290728212,1.73117977432796,-0.0463787489472348
3.18147762776965,1.7311794827597,-0.0463794207883556
3.19256234980429,1.73117919249866,-0.0463800896817634
3.20364707338558,1.73117890354103,-0.0463807555805762
3.21473179851324,1.73117861588297,-0.0463814184386944
3.22581652518704,1.7311783295206,-0.0463820782107987
3.2369012534067,1.73117804445,-0.0463827348523472
3.24798598317227,1.73117776066723,-0.0463833883195726
3.25907071448376,1.73117747816832,-0.0463840385694791
3.27015544734132,1.73117719694927,-0.0463846855598396
3.28124018174515,1.73117691700606,-0.0463853292491922
3.29232491769534,1.73117663833464,-0.0463859695968378
3.30340965519201,1.73117636093094,-0.0463866065628365
3.31449439423528,1.73117608479088,-0.0463872401080054
3.32557913482509,1.73117580991036,-0.0463878701939149
3.33666387696127,1.73117553628526,-0.046388496782887
3.34774862064359,1.73117526391143,-0.0463891198379919
3.35883336587182,1.73117499278474,-0.0463897393230451
3.36991811264573,1.73117472290103,-0.0463903552026049
3.38100286096511,1.73117445425613,-0.0463909674419692
3.39208761082989,1.73117418684587,-0.046391576007172
3.4031723622399,1.73117392066607,-0.0463921808649803
3.41425711519526,1.73117365571254,-0.0463927819828904
3.42534186969624,1.73117339198111,-0.0463933793291243
3.43642662574308,1.73117312946757,-0.0463939728726259
3.44751138333601,1.73117286816775,-0.0463945625830574
3.45859614247536,1.73117260807745,-0.0463951484307953
3.46968090316142,1.7311723491925,-0.0463957303869273
3.4807656653943,1.7311720915087,-0.046396308423248
3.49185042917424,1.73117183502188,-0.0463968825122562
3.50293519450111,1.73117157972788,-0.046397452627151
3.51401996137508,1.73117132562253,-0.0463980187418284
3.52510472979594,1.73117107270167,-0.0463985808308781
3.53618949976362,1.73117082096117,-0.0463991388695795
3.54727427127813,1.7311705703969,-0.0463996928338984
3.55835904433945,1.73117032100473,-0.0464002427004831
3.56944381894766,1.73117007278055,-0.0464007884466602
3.58052859510303,1.73116982572028,-0.0464013300504308
3.59161337280568,1.73116957981983,-0.046401867490466
3.60269815205606,1.73116933507515,-0.0464024007461028
3.61378293285441,1.73116909148219,-0.04640292979734
3.62486771520116,1.73116884903692,-0.0464034546248336
3.63595249909656,1.73116860773534,-0.0464039752098929
3.64703728454089,1.73116836757346,-0.0464044915344763
3.65812207153431,1.73116812854732,-0.0464050035811872
3.66920686007694,1.73116789065296,-0.0464055113332701
3.68029165016878,1.73116765388647,-0.0464060147746069
3.69137644180972,1.73116741824393,-0.0464065138897122
3.70246123499982,1.73116718372149,-0.0464070086637298
3.71354602973895,1.73116695031527,-0.0464074990824285
3.72463082602724,1.73116671802147,-0.0464079851321973
3.73571562386468,1.73116648683626,-0.0464084668000417
3.74680042325139,1.73116625675588,-0.0464089440735783
3.7578852241877,1.73116602777658,-0.0464094169410309
3.76897002667374,1.73116579989462,-0.0464098853912255
3.78005483070979,1.73116557310633,-0.0464103494135855
3.79113963629624,1.73116534740803,-0.0464108089981274
3.80222444343326,1.73116512279608,-0.0464112641354558
3.81330925212103,1.73116489926687,-0.0464117148167591
3.82439406235966,1.73116467681683,-0.046412161033805
3.83547887414932,1.7311644554424,-0.0464126027789361
3.84656368748983,1.73116423514007,-0.0464130400450654
3.85764850238121,1.73116401590635,-0.0464134728256719
3.86873331882333,1.73116379773777,-0.0464139011147962
3.87981813681614,1.73116358063092,-0.0464143249070361
3.89090295635958,1.7311633645824,-0.0464147441975416
3.90198777745377,1.73116314958885,-0.0464151589820102
3.9130726000987,1.73116293564694,-0.0464155692566822
3.92415742429461,1.73116272275336,-0.0464159750183359
3.93524225004165,1.73116251090486,-0.0464163762642822
3.94632707734013,1.7311623000982,-0.0464167729923598
3.95741190619032,1.73116209033019,-0.0464171652009307
3.96849673659227,1.73116188159765,-0.0464175528888747
3.97958156854622,1.73116167389746,-0.0464179360555848
3.9906664020524,1.73116146722652,-0.0464183147009628
4.0017512371108,1.73116126158175,-0.0464186888254142
4.01283607372136,1.73116105696014,-0.0464190584298437
4.02392091188409,1.73116085335867,-0.0464194235156505
4.03500575159899,1.73116065077439,-0.0464197840847237
4.04609059286599,1.73116044920437,-0.0464201401394374
4.05717543568511,1.73116024864572,-0.0464204916826462
4.06826028005645,1.73116004909556,-0.0464208387176796
4.07934512598018,1.73115985055107,-0.0464211812483378
4.09042997345642,1.73115965300945,-0.0464215192788861
4.10151482248551,1.73115945646796,-0.0464218528140501
4.11259967306756,1.73115926092385,-0.0464221818590104
4.12368452520303,1.73115906637445,-0.0464225064193978
4.13476937889214,1.73115887281708,-0.0464228265012883
4.14585423413513,1.73115868024913,-0.046423142111198
4.15693909093221,1.73115848866808,-0.0464234532490517
4.16802394928357,1.73115829807221,-0.0464237599171978
4.1791088091893,1.7311581084609,-0.0464240621275246
4.19019367064936,1.73115791983413,-0.0464243598920816
4.2012785336637,1.73115773219214,-0.0464246532219295
4.21236339823241,1.73115754553528,-0.0464249421269507
4.22344826435557,1.73115735986391,-0.04642522661622
4.23453313203339,1.73115717517837,-0.0464255066985587
4.24561800126611,1.73115699147895,-0.0464257823830236
4.25670287205389,1.73115680876591,-0.0464260536792159
4.26778774439714,1.73115662703943,-0.0464263205974044
4.27887261829613,1.73115644629964,-0.0464265831485132
4.28995749375122,1.73115626654661,-0.0464268413440398
4.30104237076267,1.73115608778038,-0.0464270951959593
4.31212724933079,1.73115591000093,-0.0464273447166466
4.32321212945578,1.73115573320818,-0.0464275899188299
4.33429701113789,1.73115555740204,-0.0464278308155729
4.34538189437717,1.73115538258234,-0.0464280674202741
4.35646677917379,1.7311552087489,-0.0464282997466757
4.3675516655278,1.7311550359015,-0.0464285278088721
4.37863655343938,1.73115486403988,-0.046428751621314
4.38972144290852,1.73115469316374,-0.0464289711988085
4.40080633393541,1.73115452327275,-0.046429186556514
4.41189122652031,1.73115435436656,-0.0464293977099337
4.42297612066341,1.73115418644479,-0.0464296046749069
4.43406101636492,1.73115401950702,-0.0464298074676021
4.4451459136252,1.73115385355282,-0.0464300061045097
4.45623081244446,1.73115368858171,-0.046430200602436
4.46731571282311,1.73115352459322,-0.0464303909784979
4.47840061476137,1.73115336158683,-0.0464305772501179
4.4894855182593,1.731153199562,-0.0464307594350192
4.50057042331724,1.73115303851819,-0.0464309375512209
4.51165532993519,1.73115287845482,-0.046431111617033
4.52274023811322,1.73115271937129,-0.0464312816510516
4.53382514785147,1.73115256126699,-0.046431447672154
4.54491005915003,1.7311524041413,-0.0464316096994929
4.55599497200888,1.73115224799357,-0.0464317677524923
4.56707988642819,1.73115209282313,-0.0464319218508416
4.5781648024082,1.73115193862931,-0.0464320720144908
4.58924971994895,1.73115178541142,-0.0464322182636455
4.60033463905074,1.73115163316877,-0.0464323606187615
4.61141955971385,1.73115148190063,-0.0464324991005403
4.62250448193845,1.73115133160627,-0.0464326337299234
4.63358940572488,1.73115118228497,-0.046432764528088
4.64467433107325,1.73115103393597,-0.0464328915164419
4.65575925798379,1.73115088655852,-0.0464330147166187
4.66684418645661,1.73115074015185,-0.0464331341504731
4.6779291164919,1.7311505947152,-0.0464332498400764
4.68901404808969,1.73115045024778,-0.0464333618077118
4.70009898125005,1.73115030674881,-0.0464334700758697
4.71118391597298,1.73115016421751,-0.0464335746672434
4.72226885225871,1.73115002265307,-0.0464336756047245
4.73335379010723,1.7311498820547,-0.0464337729113978
4.74443872951878,1.73114974242159,-0.0464338666105373
4.75552367049346,1.73114960375295,-0.0464339567256013
4.76660861303156,1.73114946604797,-0.0464340432802278
4.77769355713326,1.73114932930584,-0.0464341262982298
4.78877850279883,1.73114919352575,-0.046434205803591
4.79986345002857,1.7311490587069,-0.0464342818204612
4.81094839882257,1.73114892484848,-0.046434354373152
4.82203334918114,1.73114879194968,-0.0464344234861322
4.83311830110443,1.7311486600097,-0.0464344891840238
4.84420325459251,1.73114852902774,-0.0464345514915978
4.85528820964555,1.73114839900299,-0.0464346104337699
4.8663731662636,1.73114826993468,-0.0464346660355966
4.87745812444672,1.731148141822,-0.0464347183222706
4.88854308419513,1.73114801466417,-0.0464347673191174
4.89962804550896,1.7311478884604,-0.0464348130515902
4.91071300838826,1.73114776320994,-0.0464348555452667
4.92179797283336,1.73114763891199,-0.0464348948258442
4.93288293884444,1.73114751556581,-0.0464349309191358
4.94396790642168,1.73114739317064,-0.0464349638510664
4.9550528755654,1.73114727172573,-0.0464349936476682
4.9661378462759,1.73114715123035,-0.0464350203350771
4.97722281855334,1.73114703168375,-0.0464350439395284
4.98830779239796,1.73114691308522,-0.0464350644873531
4.99939276780987,1.73114679543406,-0.0464350820049743
5.01047774478928,1.73114667872954,-0.0464350965189029
5.02156272333633,1.73114656297099,-0.0464351080557344
5.03264770345106,1.73114644815771,-0.0464351166421448
5.0437326851337,1.73114633428905,-0.0464351223048871
5.05481766838426,1.73114622136432,-0.0464351250707879
5.06590265320284,1.7311461093829,-0.0464351249667428
5.07698763958973,1.73114599834414,-0.0464351220197139
5.08807262754499,1.73114588824741,-0.0464351162567249
5.09915761706895,1.7311457790921,-0.0464351077048584
5.1102426081618,1.73114567087761,-0.0464350963912516
5.12132760082375,1.73114556360335,-0.0464350823430929
5.13241259505503,1.73114545726875,-0.0464350655876183
5.14349759085587,1.73114535187325,-0.0464350461521079
5.1545825882265,1.73114524741629,-0.0464350240638825
5.16566758716698,1.73114514389735,-0.0464349993503001
5.17675258767753,1.73114504131589,-0.0464349720387525
5.18783758975815,1.73114493967142,-0.0464349421566624
5.19892259340907,1.73114483896344,-0.0464349097314797
5.21000759863023,1.73114473919148,-0.0464348747906784
5.2210926054218,1.73114464035507,-0.0464348373617532
5.23217761378396,1.73114454245375,-0.0464347974722168
5.24326262371682,1.7311444454871,-0.0464347551495958
5.25434763522043,1.7311443494547,-0.046434710421428
5.26543264829502,1.73114425435614,-0.0464346633152592
5.27651766294088,1.73114416019103,-0.0464346138586396
5.28760267915806,1.731144066959,-0.0464345620791209
5.29868769694679,1.73114397465968,-0.0464345080042531
5.30977271630735,1.73114388329273,-0.0464344516615814
5.32085773723975,1.73114379285783,-0.0464343930786432
5.33194275974421,1.73114370335465,-0.0464343322829653
5.34302778382084,1.7311436147829,-0.0464342693020607
5.35411280946971,1.7311435271423,-0.0464342041634261
5.36519783669087,1.73114344043257,-0.0464341368945387
5.37628286548443,1.73114335465346,-0.0464340675228537
5.38736789585039,1.73114326980474,-0.0464339960758012
5.39845292778898,1.73114318588618,-0.0464339225807836
5.40953796130015,1.73114310289757,-0.0464338470651728
5.42062299638417,1.73114302083872,-0.0464337695563073
5.4317080330411,1.73114293970945,-0.0464336900814893
5.44279307127118,1.7311428595096,-0.0464336086679822
5.45387811107457,1.73114278023901,-0.0464335253430079
5.46496315245139,1.73114270189757,-0.0464334401337436
5.4760481954018,1.73114262448514,-0.04643335306732
5.48713323992604,1.73114254800162,-0.0464332641708179
5.49821828602416,1.73114247244692,-0.0464331734712663
5.50930333369621,1.73114239782098,-0.0464330809956399
5.52038838294237,1.73114232412371,-0.0464329867708561
5.53147343376264,1.73114225135509,-0.0464328908237733
5.54255848615708,1.73114217951507,-0.0464327931811884
5.55364354012585,1.73114210860364,-0.0464326938698339
5.56472859566901,1.73114203862078,-0.0464325929163763
5.57581365278662,1.73114196956652,-0.0464324903474131
5.58689871147885,1.73114190144086,-0.0464323861894711
5.59798377174587,1.73114183424385,-0.0464322804690033
5.60906883358774,1.73114176797553,-0.0464321732123874
5.62015389700468,1.73114170263596,-0.0464320644459229
5.63123896199687,1.73114163822522,-0.0464319541958293
5.64232402856442,1.73114157474338,-0.0464318424882437
5.65340909670743,1.73114151219056,-0.0464317293492187
5.66449416642615,1.73114145056686,-0.0464316148047205
5.67557923772057,1.73114138987239,-0.0464314988806268
5.68666431059069,1.7311413301073,-0.0464313816027246
5.69774938503673,1.73114127127174,-0.0464312629967088
5.70883446105876,1.73114121336585,-0.0464311430881796
5.71991953865682,1.73114115638981,-0.0464310219026411
5.73100461783093,1.73114110034379,-0.0464308994654992
5.7420896985812,1.731141045228,-0.0464307758020597
5.75317478090784,1.73114099104261,-0.0464306509375263
5.76425986481081,1.73114093778786,-0.046430524896999
5.77534495029039,1.73114088546396,-0.046430397705472
5.78643003734669,1.73114083407113,-0.046430269387832
5.79751512597977,1.73114078360963,-0.0464301399688564
5.80860021618986,1.7311407340797,-0.0464300094732115
5.81968530797695,1.73114068548155,-0.0464298779309834
5.83077040134111,1.73114063781478,-0.0464297453705746
5.84185549628256,1.73114059107816,-0.0464296118130961
5.85294059280136,1.73114054527006,-0.0464294772797458
5.86402569089756,1.73114050038862,-0.0464293417927092
5.87511079057123,1.73114045643199,-0.046429205375303
5.88619589182252,1.73114041339829,-0.046429068051678
5.8972809946514,1.73114037128573,-0.0464289298463773
5.90836609905784,1.73114033009256,-0.0464287907839464
5.91945120504209,1.73114028981713,-0.0464286508886842
5.93053631260403,1.73114025045784,-0.0464285101845404
5.94162142174389,1.73114021201319,-0.0464283686951202
5.95270653246172,1.73114017448175,-0.0464282264437432
5.96379164475769,1.73114013786215,-0.0464280834535138
5.97487675863181,1.73114010215309,-0.0464279397473771
5.98596187408424,1.73114006735335,-0.0464277953481503
5.99704699111504,1.73114003346176,-0.0464276502785326
6.00813210972416,1.73114000047723,-0.0464275045610996
6.01921722991176,1.73113996839871,-0.0464273582182925
6.03030235167785,1.73113993722521,-0.0464272112724062
6.04138747502242,1.73113990695582,-0.0464270637455812
6.05247259994553,1.73113987758966,-0.0464269156597986
6.06355772644719,1.73113984912591,-0.0464267670368794
6.0746428545275,1.73113982156381,-0.0464266178984851
6.08572798418646,1.73113979490264,-0.0464264682661186
6.09681311542414,1.73113976914173,-0.0464263181611256
6.10789824824064,1.73113974428047,-0.0464261676046952
6.11898338263603,1.73113972031827,-0.0464260166178598
6.13006851861036,1.73113969725462,-0.0464258652214942
6.14115365616379,1.73113967508902,-0.0464257134363156
6.15223879529634,1.73113965382103,-0.0464255612828822
6.16332393600806,1.73113963345026,-0.0464254087815928
6.17440907829894,1.73113961397634,-0.0464252559526862
6.18549422216904,1.73113959539894,-0.0464251028162409
6.19657936761843,1.73113957771779,-0.0464249493921745
6.20766451464704,1.73113956093264,-0.0464247957002436
6.21874966325493,1.73113954504327,-0.0464246417600432
6.22983481344215,1.73113953004951,-0.0464244875910068
6.24091996520866,1.73113951595122,-0.0464243332124054
6.25200511855451,1.73113950274828,-0.0464241786433479
6.2630902734798,1.73113949044061,-0.0464240239027799
6.27417542998461,1.73113947902817,-0.0464238690094841
6.28526058806887,1.73113946851093,-0.0464237139820792
6.2963457477328,1.73113945888891,-0.0464235588390201
6.3074309089763,1.73113945016214,-0.0464234035985974
6.31851607179959,1.73113944233069,-0.046423248278937
6.32960123620256,1.73113943539464,-0.046423092898
6.34068640218538,1.73113942935411,-0.0464229374735824
6.35177156974794,1.73113942420924,-0.046422782023315
6.36285673889034,1.73113941996018,-0.0464226265646629
6.37394190961248,1.73113941660712,-0.0464224711149256
6.38502708191442,1.73113941415026,-0.0464223156912369
6.3961122557962,1.73113941258983,-0.0464221603105642
6.40719743125777,1.73113941192606,-0.0464220049897088
6.41828260829925,1.73113941215922,-0.0464218497453058
6.42936778692058,1.73113941328959,-0.0464216945938234
6.44045296712181,1.73113941531746,-0.0464215395515631
6.45153814890301,1.73113941824315,-0.0464213846346595
6.46262333226423,1.73113942206697,-0.0464212298590802
6.47370851720547,1.73113942678928,-0.0464210752406256
6.48479370372678,1.73113943241042,-0.0464209207949287
6.49587889182823,1.73113943893077,-0.0464207665374555
6.50696408150981,1.73113944635069,-0.0464206124835044
6.51804927277146,1.73113945467059,-0.0464204586482067
6.52913446561325,1.73113946389086,-0.0464203050465263
6.54021966003512,1.73113947401192,-0.0464201516932597
6.55130485603701,1.73113948503417,-0.0464199986030363
6.56239005361903,1.73113949695807,-0.0464198457903182
6.57347525278107,1.73113950978402,-0.0464196932694004
6.58456045352318,1.7311395235125,-0.0464195410544106
6.59564565584537,1.73113953814393,-0.0464193891593096
6.6067308597477,1.73113955367878,-0.0464192375978908
6.61781606523016,1.73113957011751,-0.0464190863837811
6.62890127229275,1.73113958746059,-0.0464189355304402
6.63998648093548,1.73113960570848,-0.0464187850511611
6.65107169115839,1.73113962486166,-0.0464186349590701
6.66215690296144,1.73113964492061,-0.0464184852671274
6.67324211634468,1.7311396658858,-0.0464183359881264
6.68432733130805,1.73113968775772,-0.0464181871346949
6.69541254785156,1.73113971053685,-0.0464180387192946
6.70649776597514,1.73113973422367,-0.0464178907542217
6.71758298567875,1.73113975881867,-0.0464177432516072
6.72866820696242,1.73113978432233,-0.0464175962234169
6.73975342982607,1.73113981073514,-0.0464174496814516
6.75083865426973,1.73113983805758,-0.046417303637348
6.76192388029341,1.73113986629014,-0.0464171581025779
6.773009107897,1.73113989543328,-0.0464170130884497
6.7840943370806,1.7311399254875,-0.0464168686061076
6.79517956784412,1.73113995645327,-0.0464167246665326
6.80626480018765,1.73113998833107,-0.0464165812805425
6.81735003411114,1.73114002112135,-0.0464164384587924
6.82843526961454,1.7311400548246,-0.0464162962117752
6.83952050669791,1.73114008944128,-0.0464161545498216
6.85060574536118,1.73114012497184,-0.0464160134831008
6.86169098560418,1.73114016141674,-0.0464158730216209
6.87277622742704,1.73114019877644,-0.0464157331752295
6.88386147082969,1.73114023705138,-0.0464155939536137
6.89494671581201,1.73114027624201,-0.046415455366301
6.90603196237402,1.73114031634875,-0.0464153174226597
6.91711721051564,1.73114035737204,-0.0464151801318989
6.92820246023683,1.73114039931231,-0.0464150435030696
6.9392877115377,1.73114044216998,-0.046414907545065
6.95037296441808,1.73114048594545,-0.0464147722666205
6.96145821887802,1.73114053063915,-0.046414637676315
6.97254347491747,1.73114057625146,-0.0464145037825708
6.98362873253649,1.73114062278279,-0.0464143705936542
6.99471399173495,1.73114067023352,-0.0464142381176766
7.00579925251287,1.73114071860404,-0.0464141063625943
7.01688451487018,1.73114076789472,-0.0464139753362098
7.02796977880683,1.73114081810592,-0.046413845046172
7.03905504432277,1.73114086923801,-0.0464137154999767
7.05014031141792,1.73114092129134,-0.0464135867049679
7.06122558009224,1.73114097426627,-0.0464134586683375
7.07231085034567,1.73114102816312,-0.0464133313971268
7.08339612217821,1.73114108298223,-0.0464132048982265
7.09448139558975,1.73114113872392,-0.0464130791783777
7.10556667058034,1.73114119538852,-0.0464129542441724
7.11665194714988,1.73114125297633,-0.0464128301020542
7.12773722529835,1.73114131148765,-0.0464127067583188
7.1388225050257,1.73114137092278,-0.0464125842191152
7.14990778633199,1.73114143128201,-0.0464124624904456
7.160993069217,1.73114149256561,-0.0464123415781669
7.17207835368083,1.73114155477386,-0.0464122214879908
7.18316363972332,1.73114161790702,-0.0464121022254849
7.19424892734452,1.73114168196536,-0.0464119837960736
7.20533421654432,1.73114174694912,-0.0464118662050383
7.21641950732254,1.73114181285854,-0.0464117494575188
7.22750479967925,1.73114187969386,-0.0464116335585137
7.23859009361439,1.73114194745531,-0.0464115185128811
7.24967538912779,1.73114201614311,-0.0464114043253398
7.2607606862195,1.73114208575747,-0.0464112910004696
7.27184598488935,1.7311421562986,-0.0464111785427124
7.28293128513747,1.7311422277667,-0.0464110669563728
7.29401658696366,1.73114230016196,-0.046410956245619
7.30510189036795,1.73114237348457,-0.0464108464144836
7.31618719535021,1.73114244773471,-0.0464107374668644
7.3272725019105,1.73114252291255,-0.0464106294065251
7.33835781004871,1.73114259901826,-0.0464105222370965
7.34944311976466,1.73114267605199,-0.046410415962077
7.36052843105836,1.73114275401391,-0.0464103105848336
7.3716137439298,1.73114283290414,-0.0464102061086028
7.38269905837882,1.73114291272285,-0.0464101025364916
7.39378437440536,1.73114299347015,-0.046409999871478
7.4048696920093,1.73114307514619,-0.0464098981164123
7.41595501119065,1.73114315775107,-0.0464097972740177
7.42704033194929,1.73114324128493,-0.0464096973468912
7.43812565428516,1.73114332574786,-0.0464095983375048
7.44921097819827,1.73114341113998,-0.0464095002482059
7.46029630368844,1.73114349746139,-0.0464094030812185
7.47138163075562,1.73114358471217,-0.046409306838644
7.48246695939969,1.73114367289228,-0.0464092115379803
7.49355228962037,1.73114376199991,-0.0464091171922038
7.50463762141777,1.73114385203096,-0.0464090237940427
7.51572295479207,1.73114394298006,-0.0464089313366797
7.52680828974314,1.73114403484131,-0.0464088398162837
7.537893626271,1.73114412760866,-0.0464087492324176
7.54897896437552,1.7311442212761,-0.0464086595872105
7.56006430405654,1.73114431583771,-0.0464085708841228
7.57114964531405,1.73114441128776,-0.0464084831268579
7.58223498814772,1.73114450762072,-0.0464083963186688
7.5933203325576,1.73114460483122,-0.0464083104620761
7.60440567854346,1.73114470291409,-0.0464082255588846
7.61549102610536,1.73114480186435,-0.0464081416103546
7.62657637524319,1.73114490167722,-0.0464080586174037
7.63766172595672,1.73114500234804,-0.0464079765807681
7.64874707824606,1.73114510387238,-0.0464078955010957
7.65983243211105,1.73114520624592,-0.0464078153789773
7.67091778755156,1.73114530946452,-0.0464077362149365
7.68200314456755,1.7311454135242,-0.0464076580094026
7.69308850315889,1.73114551842111,-0.0464075807626819
7.70417386332554,1.73114562415154,-0.0464075044749381
7.71525922506731,1.73114573071195,-0.0464074291461845
7.72634458838417,1.73114583809888,-0.0464073547762837
7.73742995327603,1.73114594630906,-0.0464072813649538
7.74851531974275,1.7311460553393,-0.0464072089117762
7.75960068778426,1.73114616518656,-0.0464071374162024
7.7706860574005,1.73114627584792,-0.0464070668775591
7.7817714285913,1.73114638732057,-0.0464069972950525
7.79285680135672,1.73114649960182,-0.0464069286677699
7.80394217569653,1.7311466126891,-0.0464068609946816
7.81502755161074,1.73114672657993,-0.0464067942746419
7.82611292909928,1.73114684127194,-0.0464067285063911
7.83719830816199,1.7311469567629,-0.0464066636885568
7.8482836887988,1.73114707305064,-0.0464065998196557
7.85936907100961,1.7311471901331,-0.0464065368980965
7.87045445479436,1.73114730800834,-0.0464064749221809
7.88153984015287,1.73114742667448,-0.0464064138901066
7.89262522708509,1.73114754612976,-0.046406353799969
7.90371061559097,1.73114766637249,-0.046406294649763
7.91479600567027,1.73114778740109,-0.0464062364373849
7.92588139732305,1.73114790921404,-0.0464061791606345
7.93696679054915,1.73114803180993,-0.0464061228172165
7.94805218534844,1.7311481551874,-0.0464060674047423
7.95913758172088,1.73114827934519,-0.0464060129207319
7.97022297966635,1.73114840428212,-0.0464059593626151
7.98130837918484,1.73114852999707,-0.0464059067277338
7.99239378027619,1.731148656489,-0.0464058550133431
8.00347918294023,1.73114878375693,-0.0464058042166133
8.01456458717701,1.73114891179995,-0.0464057543346311
8.0256499929863,1.73114904061724,-0.0464057053644016
8.03673540036812,1.73114917020801,-0.0464056573028494
8.04782080932227,1.73114930057154,-0.0464056101468205
8.05890621984861,1.73114943170719,-0.0464055638930836
8.06999163194718,1.73114956361435,-0.0464055185383315
8.08107704561775,1.73114969629248,-0.0464054740791826
8.09216246086021,1.73114982974109,-0.0464054305121824
8.10324787767456,1.73114996395975,-0.0464053878338047
8.11433329606064,1.73115009894805,-0.0464053460404533
8.12541871601832,1.73115023470568,-0.0464053051284627
8.1365041375476,1.73115037123231,-0.0464052650941002
8.14758956064833,1.73115050852772,-0.0464052259335668
8.15867498532037,1.73115064659168,-0.0464051876429984
8.16976041156363,1.73115078542403,-0.0464051502184674
8.18084583937809,1.73115092502464,-0.0464051136559837
8.19193126876354,1.73115106539341,-0.0464050779514962
8.20301669971991,1.73115120653028,-0.0464050431008939
8.21410213224709,1.73115134843524,-0.0464050091000069
8.22518756634497,1.73115149110828,-0.0464049759446083
8.23627300201343,1.73115163454944,-0.0464049436304144
8.24735843925242,1.7311517787588,-0.046404912153087
8.25844387806177,1.73115192373644,-0.0464048815082335
8.26952931844136,1.73115206948248,-0.0464048516914088
8.28061476039113,1.73115221599707,-0.046404822698116
8.29170020391098,1.73115236328037,-0.0464047945238077
8.30278564900084,1.73115251133256,-0.0464047671638872
8.31387109566055,1.73115266015386,-0.0464047406137093
8.32495654389004,1.73115280974449,-0.0464047148685816
8.33604199368915,1.73115296010469,-0.0464046899237655
8.34712744505788,1.73115311123473,-0.0464046657744775
8.358212897996,1.73115326313487,-0.0464046424158898
8.36929835250351,1.7311534158054,-0.0464046198431319
8.38038380858023,1.73115356924663,-0.046404598051291
8.39146926622607,1.73115372345887,-0.0464045770354139
8.40255472544089,1.73115387844243,-0.0464045567905071
8.41364018622465,1.73115403419765,-0.0464045373115384
8.42472564857724,1.73115419072486,-0.0464045185934377
8.43581111249847,1.73115434802442,-0.0464045006310979
8.4468965779883,1.73115450609667,-0.0464044834193763
8.45798204504655,1.73115466494197,-0.0464044669530947
8.46906751367322,1.73115482456069,-0.0464044512270414
8.48015298386815,1.73115498495318,-0.0464044362359714
8.49123845563133,1.73115514611981,-0.0464044219746075
8.50232392896254,1.73115530806096,-0.0464044084376415
8.51340940386171,1.73115547077699,-0.0464043956197348
8.52449488032875,1.73115563426827,-0.0464043835155197
8.53558035836352,1.73115579853517,-0.0464043721195999
8.54666583796592,1.73115596357806,-0.0464043614265516
8.55775131913589,1.73115612939731,-0.0464043514309246
8.5688368018732,1.73115629599328,-0.0464043421272428
8.5799222861778,1.73115646336633,-0.0464043335100053
8.59100777204964,1.73115663151681,-0.0464043255736876
8.60209325948858,1.73115680044509,-0.0464043183127415
8.61317874849442,1.73115697015149,-0.0464043117215971
8.62426423906726,1.73115714063638,-0.0464043057946628
8.63534973120676,1.73115731190008,-0.0464043005263266
8.64643522491298,1.73115748394292,-0.0464042959109566
8.65752072018574,1.73115765676524,-0.0464042919429023
8.668606217025,1.73115783036733,-0.0464042886164949
8.67969171543058,1.73115800474952,-0.0464042859260484
8.69077721540236,1.7311581799121,-0.0464042838658603
8.7018627169403,1.73115835585536,-0.0464042824302126
8.71294822004421,1.7311585325796,-0.0464042816133725
8.72403372471405,1.73115871008508,-0.046404281409593
8.73511923094969,1.73115888837208,-0.046404281813114
8.74620473875092,1.73115906744085,-0.0464042828181626
8.75729024811773,1.73115924729163,-0.0464042844189547
8.76837575905,1.73115942792468,-0.0464042866096948
8.77946127154763,1.73115960934021,-0.0464042893845772
8.79054678561045,1.73115979153845,-0.0464042927377871
8.80163230123844,1.73115997451961,-0.0464042966635004
8.81271781843145,1.73116015828388,-0.0464043011558855
8.82380333718936,1.73116034283146,-0.0464043062091031
8.83488885751206,1.73116052816252,-0.0464043118173076
8.84597437939948,1.73116071427723,-0.0464043179746473
8.85705990285152,1.73116090117575,-0.0464043246752655
8.86814542786794,1.73116108885823,-0.0464043319133011
8.87923095444876,1.73116127732481,-0.0464043396828891
8.89031648259379,1.73116146657561,-0.0464043479781615
8.90140201230298,1.73116165661075,-0.0464043567932479
8.91248754357611,1.73116184743033,-0.0464043661222762
8.92357307641316,1.73116203903446,-0.0464043759593733
8.93465861081398,1.73116223142322,-0.0464043862986655
8.94574414677851,1.73116242459668,-0.0464043971342797
8.95682968430663,1.73116261855492,-0.0464044084603433
8.96791522339817,1.73116281329798,-0.0464044202709854
8.97900076405313,1.73116300882591,-0.0464044325603374
8.99008630627128,1.73116320513876,-0.0464044453225331
9.00117185005263,1.73116340223655,-0.0464044585517101
9.01225739539694,1.73116360011929,-0.0464044722420097
9.02334294230423,1.731163798787,-0.046404486387578
9.03442849077425,1.73116399823967,-0.0464045009825662
9.04551404080701,1.7311641984773,-0.0464045160211314
9.05659959240234,1.73116439949987,-0.0464045314974371
9.06768514556012,1.73116460130735,-0.0464045474056538
9.07877070028024,1.73116480389971,-0.0464045637399596
9.08985625656265,1.73116500727691,-0.0464045804945405
9.10094181440718,1.73116521143889,-0.0464045976635914
9.1120273738137,1.73116541638559,-0.0464046152413165
9.12311293478211,1.73116562211696,-0.0464046332219295
9.13419849731241,1.73116582863292,-0.0464046515996547
9.1452840614042,1.73116603593317,-0.0464046703895846
9.15636962705719,1.73116624401513,-0.0464046896009079
9.16745519427161,1.73116645287306,-0.0464047092157716
9.17854076304747,1.73116666249953,-0.0464047292171059
9.18962633338481,1.73116687288644,-0.046404749592026
9.20071190528358,1.73116708402544,-0.0464047703323791
9.21179747874362,1.73116729590825,-0.046404791433632
9.2228830537648,1.73116750852673,-0.0464048128932098
9.23396863034691,1.73116772187297,-0.0464048347090324
9.24505420848976,1.73116793593932,-0.046404856878582
9.2561397881932,1.73116815071839,-0.0464048793985227
9.26722536945715,1.73116836620303,-0.0464049022647231
9.2783109522814,1.73116858238635,-0.0464049254724845
9.28939653666595,1.73116879926171,-0.0464049490168122
9.30048212261062,1.73116901682269,-0.0464049728926308
9.3115677101153,1.73116923506309,-0.0464049970949091
9.32265329917982,1.73116945397696,-0.0464050216187005
9.33373888980418,1.73116967355853,-0.0464050464591292
9.34482448198827,1.73116989380225,-0.0464050716113521
9.35591007573186,1.73117011470277,-0.04640509707052
9.36699567103494,1.73117033625491,-0.0464051228317503
9.3780812678973,1.7311705584537,-0.0464051488901147
9.38916686631887,1.73117078129436,-0.0464051752406393
9.40025246629955,1.73117100477227,-0.0464052018783107
9.41133806783927,1.73117122888298,-0.0464052287980861
9.4224236709378,1.73117145362222,-0.0464052559949015
9.43350927559521,1.73117167898589,-0.0464052834636779
9.44459488181121,1.73117190497004,-0.0464053111993251
9.45568048958586,1.73117213157087,-0.0464053391967441
9.46676609891892,1.73117235878476,-0.0464053674508278
9.47785170981035,1.73117258660822,-0.0464053959564621
9.48893732226009,1.7311728150379,-0.0464054247085267
9.5000229362679,1.73117304407061,-0.0464054537018965
9.51110855183379,1.7311732737033,-0.0464054829314431
9.52219416895758,1.73117350393304,-0.0464055123920366
9.53327978763923,1.73117373475704,-0.0464055420785477
9.54436540787862,1.73117396617265,-0.0464055719858489
9.55545102967557,1.73117419817735,-0.0464056021088166
9.56653665303008,1.73117443076871,-0.0464056324423326
9.577622277942,1.73117466394445,-0.0464056629812854
9.58870790441119,1.73117489770242,-0.0464056937205718
9.5997935324375,1.73117513204054,-0.0464057246550979
9.61087916202098,1.73117536695688,-0.0464057557797805
9.62196479316145,1.73117560244961,-0.0464057870895484
9.63305042585876,1.731175838517,-0.0464058185793435
9.64413606011288,1.73117607515742,-0.046405850244122
9.65522169592367,1.73117631236934,-0.0464058820788555
9.66630733329106,1.73117655015135,-0.0464059140785319
9.67739297221493,1.73117678850209,-0.0464059462381567
9.68847861269512,1.73117702742034,-0.0464059785527538
9.69956425473163,1.73117726690493,-0.0464060110173668
9.71064989832428,1.7311775069548,-0.0464060436270592
9.7217355434729,1.73117774756897,-0.0464060763769161
9.73282119017756,1.73117798874652,-0.0464061092620446
9.74390683843802,1.73117823048664,-0.0464061422775747
9.75499248825417,1.73117847278856,-0.0464061754186599
9.76607813962602,1.73117871565162,-0.0464062086804785
9.77716379255338,1.7311789590752,-0.0464062420582336
9.78824944703615,1.73117920305877,-0.0464062755471543
9.79933510307427,1.73117944760184,-0.0464063091424962
9.81042076066763,1.73117969270401,-0.0464063428395422
9.82150641981605,1.73117993836492,-0.0464063766336026
9.83259208051953,1.73118018458427,-0.0464064105200163
9.84367774277797,1.73118043136183,-0.0464064444941511
9.85476340659125,1.73118067869742,-0.0464064785514043
9.86584907195919,1.73118092659089,-0.0464065126872029
9.8769347388818,1.73118117504216,-0.0464065468970047
9.88802040735891,1.73118142405119,-0.0464065811762982
9.8991060773904,1.73118167361799,-0.0464066155206035
9.91019174897622,1.7311819237426,-0.0464066499254725
9.92127742211625,1.73118217442511,-0.0464066843864893
9.93236309681043,1.73118242566565,-0.0464067188992705
9.94344877305861,1.73118267746438,-0.0464067534594662
9.95453445086065,1.7311829298215,-0.0464067880627593
9.96562013021656,1.73118318273723,-0.0464068227048669
9.97670581112624,1.73118343621184,-0.0464068573815399
9.98779149358955,1.73118369024561,-0.0464068920885636
9.99887717760635,1.73118394483886,-0.0464069268217582
10.0099628631767,1.73118419999193,-0.0464069615769786
10.0210485503002,1.73118445570519,-0.046406996350115
10.0321342389772,1.73118471197902,-0.0464070311370932
10.0432199292072,1.73118496881383,-0.0464070659338745
10.0543056209902,1.73118522621004,-0.0464071007364565
10.0653913143262,1.73118548416811,-0.0464071355408726
10.0764770092151,1.73118574268848,-0.046407170343193
10.0875627056568,1.73118600177163,-0.0464072051395243
10.0986484036512,1.73118626141805,-0.0464072399260098
10.1097341031981,1.73118652162824,-0.0464072746988298
10.1208198042975,1.7311867824027,-0.0464073094542018
10.1319055069493,1.73118704374196,-0.0464073441883805
10.1429912111533,1.73118730564654,-0.046407378897658
10.1540769169097,1.73118756811698,-0.0464074135783638
10.1651626242181,1.7311878311538,-0.0464074482268653
10.1762483330786,1.73118809475756,-0.0464074828395674
10.187334043491,1.7311883589288,-0.0464075174129132
10.1984197554553,1.73118862366807,-0.0464075519433834
10.2095054689713,1.73118888897592,-0.0464075864274971
10.2205911840389,1.73118915485291,-0.0464076208618113
10.2316769006582,1.73118942129958,-0.0464076552429213
10.2427626188288,1.73118968831648,-0.0464076895674608
10.2538483385509,1.73118995590416,-0.0464077238321016
10.2649340598242,1.73119022406317,-0.046407758033554
10.2760197826486,1.73119049279405,-0.0464077921685669
10.2871055070243,1.73119076209733,-0.0464078262339274
10.2981912329508,1.73119103197354,-0.0464078602264611
10.3092769604283,1.73119130242322,-0.0464078941430324
10.3203626894567,1.73119157344688,-0.0464079279805438
10.3314484200358,1.73119184504504,-0.0464079617359366
10.3425341521655,1.73119211721821,-0.0464079954061906
10.3536198858458,1.73119238996687,-0.0464080289883241
10.3647056210764,1.73119266329153,-0.0464080624793938
10.3757913578575,1.73119293719266,-0.0464080958764951
10.3868770961889,1.73119321167073,-0.0464081291767618
10.3979628360703,1.73119348672622,-0.0464081623773661
10.4090485775019,1.73119376235956,-0.0464081954755188
10.4201343204835,1.73119403857121,-0.0464082284684688
10.431220065015,1.7311943153616,-0.0464082613535035
10.4423058110963,1.73119459273114,-0.0464082941279488
10.4533915587273,1.73119487068025,-0.0464083267891685
10.4644773079078,1.73119514920933,-0.0464083593345648
10.475563058638,1.73119542831875,-0.0464083917615779
10.4866488109175,1.73119570800891,-0.0464084240676861
10.4977345647465,1.73119598828016,-0.0464084562504056
10.5088203201246,1.73119626913285,-0.0464084883072906
10.519906077052,1.73119655056733,-0.0464085202359331
10.5309918355285,1.73119683258392,-0.0464085520339628
10.5420775955539,1.73119711518293,-0.0464085836990471
10.5531633571283,1.73119739836468,-0.0464086152288909
10.5642491202514,1.73119768212944,-0.0464086466212365
10.5753348849232,1.73119796647751,-0.0464086778738638
10.5864206511437,1.73119825140914,-0.0464087089845896
10.5975064189126,1.73119853692459,-0.0464087399512681
10.6085921882301,1.7311988230241,-0.0464087707717905
10.6196779590958,1.7311991097079,-0.0464088014440849
10.6307637315099,1.73119939697621,-0.046408831966116
10.6418495054721,1.73119968482924,-0.0464088623358854
10.6529352809824,1.73119997326717,-0.0464088925514312
10.6640210580406,1.7312002622902,-0.0464089226108279
10.6751068366468,1.73120055189849,-0.0464089525121861
10.6861926168008,1.7312008420922,-0.0464089822536527
10.6972783985025,1.73120113287148,-0.0464090118334106
10.7083641817518,1.73120142423647,-0.0464090412496786
10.7194499665487,1.73120171618729,-0.046409070500711
10.730535752893,1.73120200872407,-0.0464090995847978
10.7416215407848,1.73120230184689,-0.0464091285002646
10.7527073302238,1.73120259555587,-0.0464091572454719
10.76379312121,1.73120288985109,-0.0464091858188155
10.7748789137434,1.73120318473261,-0.0464092142187263
10.7859647078237,1.73120348020051,-0.0464092424436695
10.797050503451,1.73120377625485,-0.0464092704921454
10.8081363006248,1.73120407289543,-0.0464092983859661
10.819222099345,1.73120437011949,-0.0464093261403764
10.8303078996118,1.73120466792078,-0.0464093537404629
10.8413937014253,1.73120496629113,-0.0464093811722058
10.8524795047855,1.73120526522164,-0.0464094084262756
10.8635653096924,1.73120556470312,-0.0464094354986424
10.8746511161459,1.73120586472644,-0.0464094623893336
10.8857369241458,1.73120616528267,-0.0464094891005793
10.896822733692,1.7312064663631,-0.0464095156351782
10.9079085447844,1.73120676795932,-0.0464095419954559
10.9189943574227,1.7312070700632,-0.0464095681828404
10.9300801716068,1.73120737266689,-0.0464095941978859
10.9411659873367,1.73120767576283,-0.0464096200405268
10.9522518046122,1.73120797934372,-0.0464096457103802
10.9633376234333,1.73120828340252,-0.0464096712069855
10.9744234437999,1.73120858793245,-0.0464096965299423
10.9855092657119,1.73120889292696,-0.0464097216789558
10.9965950891692,1.73120919837974,-0.0464097466538203
11.0076809141717,1.73120950428472,-0.0464097714543759
11.0187667407192,1.73120981063602,-0.0464097960804646
11.0298525688119,1.73121011742801,-0.0464098205318992
11.0409383984494,1.73121042465525,-0.0464098448084492
11.0520242296317,1.7312107323125,-0.0464098689098392
11.0631100623589,1.73121104039472,-0.0464098928357568
11.0741958966306,1.73121134889707,-0.0464099165858615
11.085281732447,1.7312116578149,-0.0464099401597943
11.0963675698077,1.73121196714372,-0.0464099635571835
11.107453408713,1.73121227687925,-0.0464099867776488
11.1185392491624,1.73121258701736,-0.0464100098208025
11.1296250911562,1.73121289755411,-0.0464100326862506
11.1407109346941,1.73121320848571,-0.0464100553735929
11.151796779776,1.73121351980854,-0.0464100778824234
11.1628826264019,1.73121383151914,-0.0464101002123313
11.1739684745717,1.73121414361421,-0.046410122362902
11.1850543242853,1.73121445609059,-0.0464101443337187
11.1961401755427,1.73121476894527,-0.0464101661243637
11.2072260283435,1.7312150821754,-0.0464101877344198
11.2183118826881,1.73121539577825,-0.0464102091634717
11.229397738576,1.73121570975124,-0.0464102304111072
11.2404835960074,1.73121602409192,-0.0464102514769178
11.251569454982,1.73121633879798,-0.0464102723605004
11.2626553154998,1.73121665386722,-0.0464102930614576
11.2737411775607,1.73121696929758,-0.0464103135793989
11.2848270411648,1.7312172850871,-0.0464103339139414
11.2959129063117,1.73121760123397,-0.0464103540647106
11.3069987730016,1.73121791773647,-0.0464103740313411
11.3180846412342,1.731218234593,-0.0464103938134775
11.3291705110095,1.73121855180206,-0.0464104134107749
11.3402563823275,1.73121886936226,-0.0464104328228997
11.3513422551879,1.73121918727232,-0.04641045204953
11.3624281295909,1.73121950553104,-0.0464104710903564
11.3735140055363,1.73121982413733,-0.0464104899450824
11.3845998830239,1.73122014309019,-0.0464105086134249
11.3956857620537,1.73122046238872,-0.0464105270951146
11.4067716426257,1.73122078203207,-0.0464105453898968
11.4178575247396,1.73122110201952,-0.0464105634975311
11.4289434083956,1.73122142235041,-0.0464105814177926
11.4400292935934,1.73122174302414,-0.0464105991504717
11.451115180333,1.73122206404023,-0.0464106166953744
11.4622010686142,1.73122238539822,-0.0464106340523232
11.4732869584371,1.73122270709776,-0.0464106512211564
11.4843728498015,1.73122302913855,-0.0464106682017293
11.4954587427074,1.73122335152037,-0.0464106849939138
11.5065446371546,1.73122367424303,-0.046410701597599
11.5176305331432,1.73122399730642,-0.0464107180126911
11.5287164306729,1.7312243207105,-0.0464107342391136
11.5398023297438,1.73122464445526,-0.0464107502768077
11.5508882303557,1.73122496854076,-0.0464107661257321
11.5619741325086,1.73122529296709,-0.0464107817858634
11.5730600362024,1.73122561773441,-0.046410797257196
11.5841459414369,1.73122594284291,-0.0464108125397422
11.5952318482122,1.73122626829282,-0.0464108276335323
11.6063177565281,1.73122659408443,-0.0464108425386148
11.6174036663846,1.73122692021804,-0.0464108572550562
11.6284895777815,1.73122724669402,-0.046410871782941
11.6395754907189,1.73122757351274,-0.0464108861223722
11.6506614051965,1.73122790067462,-0.0464109002734704
11.6617473212144,1.73122822818011,-0.0464109142363748
11.6728332387724,1.73122855602969,-0.0464109280112425
11.6839191578705,1.73122888422386,-0.0464109415982485
11.6950050785086,1.73122921276315,-0.0464109549975862
11.7060910006866,1.7312295416481,-0.0464109682094666
11.7171769244045,1.73122987087929,-0.0464109812341189
11.7282628496621,1.7312302004573,-0.04641099407179
11.7393487764594,1.73123053038275,-0.0464110067227446
11.7504347047963,1.73123086065626,-0.0464110191872652
11.7615206346728,1.73123119127847,-0.0464110314656516
11.7726065660887,1.73123152225002,-0.0464110435582215
11.7836924990439,1.73123185357159,-0.0464110554653097
11.7947784335385,1.73123218524383,-0.0464110671872684
11.8058643695722,1.73123251726745,-0.046411078724467
11.8169503071451,1.73123284964312,-0.0464110900772918
11.828036246257,1.73123318237154,-0.0464111012461463
11.8391221869079,1.73123351545342,-0.0464111122314506
11.8502081290978,1.73123384888945,-0.0464111230336414
11.8612940728264,1.73123418268035,-0.0464111336531721
11.8723800180938,1.73123451682681,-0.0464111440905122
11.8834659648999,1.73123485132956,-0.0464111543461478
11.8945519132446,1.7312351861893,-0.0464111644205807
11.9056378631278,1.73123552140674,-0.046411174314329
11.9167238145494,1.73123585698258,-0.0464111840279261
11.9278097675093,1.73123619291752,-0.0464111935619214
11.9388957220075,1.73123652921227,-0.0464112029168796
11.9499816780439,1.73123686586751,-0.0464112120933804
11.9610676356185,1.73123720288393,-0.0464112210920191
11.972153594731,1.73123754026222,-0.0464112299134054
11.9832395553815,1.73123787800303,-0.0464112385581641
11.9943255175699,1.73123821610705,-0.0464112470269344
12.0054114812961,1.73123855457493,-0.0464112553203699
12.01649744656,1.73123889340731,-0.0464112634391384
12.0275834133616,1.73123923260484,-0.0464112713839217
12.0386693817007,1.73123957216814,-0.0464112791554155
12.0497553515773,1.73123991209784,-0.046411286754329
12.0608413229913,1.73124025239453,-0.0464112941813851
12.0719272959427,1.73124059305882,-0.0464113014373197
12.0830132704311,1.73124093409128,-0.0464113085228818
12.0940992464568,1.7312412754925,-0.0464113154388336
12.1051852240196,1.73124161726303,-0.0464113221859496
12.1162712031194,1.73124195940341,-0.046411328765017
12.1273571837561,1.73124230191419,-0.0464113351768352
12.1384431659296,1.73124264479587,-0.0464113414222158
12.1495291496399,1.73124298804898,-0.0464113475019823
12.1606151348868,1.731243331674,-0.0464113534169697
12.1717011216703,1.73124367567141,-0.0464113591680249
12.1827871099903,1.73124402004168,-0.0464113647560057
12.1938730998468,1.73124436478526,-0.0464113701817813
12.2049590912396,1.7312447099026,-0.0464113754462318
12.2160450841687,1.7312450553941,-0.0464113805502478
12.2271310786339,1.73124540126019,-0.0464113854947306
12.2382170746353,1.73124574750125,-0.0464113902805918
12.2493030721726,1.73124609411768,-0.0464113949087532
12.2603890712459,1.73124644110983,-0.0464113993801463
12.2714750718551,1.73124678847807,-0.0464114036957125
12.2825610740001,1.73124713622272,-0.0464114078564027
12.2936470776806,1.73124748434412,-0.0464114118631771
12.3047330828969,1.73124783284257,-0.0464114157170051
12.3158190896486,1.73124818171838,-0.0464114194188648
12.3269050979359,1.73124853097183,-0.0464114229697434
12.3379911077585,1.73124888060318,-0.0464114263706363
12.3490771191164,1.7312492306127,-0.0464114296225475
12.3601631320095,1.73124958100064,-0.0464114327264888
12.3712491464377,1.73124993176721,-0.0464114356834804
12.3823351624009,1.73125028291265,-0.0464114384945498
12.3934211798991,1.73125063443715,-0.0464114411607324
12.4045071989322,1.73125098634091,-0.0464114436830708
12.4155932195001,1.73125133862412,-0.0464114460626148
12.4266792416027,1.73125169128694,-0.0464114483004212
12.4377652652399,1.73125204432953,-0.0464114503975535
12.4488512904117,1.73125239775203,-0.0464114523550818
12.459937317118,1.7312527515546,-0.0464114541740828
12.4710233453584,1.7312531057371,-0.0464114558790895
12.4821093751328,1.73125346029685,-0.0464114574879905
12.4931954064413,1.73125381522759,-0.0464114589882636
12.5042814392839,1.7312541705212,-0.0464114603682587
12.5153674736609,1.73125452616875,-0.0464114616210221
12.5264535095723,1.73125488216108,-0.0464114627449105
12.5375395470177,1.73125523848905,-0.0464114637423394
12.5486255859971,1.73125559514371,-0.0464114646179148
12.5597116265105,1.73125595211638,-0.0464114653767869
12.5707976685575,1.73125630939864,-0.0464114660236011
12.5818837121381,1.73125666698236,-0.0464114665620698
12.5929697572521,1.7312570248597,-0.0464114669949964
12.6040558038996,1.73125738302309,-0.0464114673245318
12.6151418520803,1.73125774146524,-0.0464114675524786
12.6262279017942,1.73125810017912,-0.0464114676805326
12.6373139530411,1.73125845915794,-0.0464114677104219
12.6484000058212,1.73125881839516,-0.0464114676439528
12.6594860601341,1.73125917788449,-0.0464114674829928
12.6705721159799,1.73125953761984,-0.046411467229427
12.6816581733584,1.73125989759537,-0.0464114668851147
12.6927442322695,1.73126025780544,-0.0464114664518571
12.7038302927132,1.73126061824461,-0.0464114659313836
12.7149163546894,1.73126097890765,-0.0464114653253505
12.7260024181979,1.73126133978955,-0.0464114646353485
12.7370884832388,1.73126170088546,-0.0464114638629119
12.7481745498119,1.73126206219073,-0.0464114630095284
12.7592606179171,1.7312624237009,-0.0464114620766452
12.7703466875544,1.73126278541169,-0.0464114610656724
12.7814327587236,1.73126314731899,-0.0464114599779855
12.7925188314247,1.73126350941885,-0.0464114588149254
12.8036049056577,1.73126387170751,-0.0464114575777993
12.8146909814223,1.73126423418135,-0.0464114562678808
12.8257770587186,1.73126459683694,-0.0464114548864111
12.8368631375464,1.73126495967096,-0.0464114534346002
12.8479492179057,1.73126532268029,-0.0464114519136285
12.8590352997963,1.73126568586193,-0.0464114503246481
12.8701213832183,1.73126604921303,-0.0464114486687844
12.8812074681715,1.73126641273089,-0.0464114469471374
12.8922935546558,1.73126677641293,-0.0464114451607833
12.9033796426712,1.73126714025672,-0.0464114433107751
12.9144657322175,1.73126750425996,-0.0464114413981442
12.9255518232947,1.73126786842047,-0.0464114394239009
12.9366379159027,1.73126823273621,-0.0464114373890358
12.9477240100414,1.73126859720523,-0.0464114352945206
12.9588101057108,1.73126896182573,-0.0464114331413089
12.9698962029107,1.73126932659602,-0.046411430930337
12.980982301641,1.7312696915145,-0.0464114286625249
12.9920684019017,1.7312700565797,-0.0464114263387773
13.0031545036927,1.73127042179024,-0.0464114239599837
13.014240607014,1.73127078714487,-0.0464114215270197
13.0253267118653,1.73127115264239,-0.0464114190407475
13.0364128182467,1.73127151828175,-0.0464114165020165
13.0474989261581,1.73127188406196,-0.046411413911664
13.0585850355993,1.73127224998212,-0.0464114112705157
13.0696711465703,1.73127261604143,-0.0464114085793862
13.080757259071,1.73127298223918,-0.0464114058390799
13.0918433731014,1.73127334857471,-0.0464114030503908
13.1029294886612,1.73127371504747,-0.0464114002141037
13.1140156057505,1.73127408165698,-0.0464113973309944
13.1251017243691,1.73127444840282,-0.0464113944018296
13.1361878445171,1.73127481528464,-0.0464113914273684
13.1472739661941,1.73127518230218,-0.0464113884083615
13.1583600894003,1.73127554945523,-0.0464113853455525
13.1694462141356,1.73127591674362,-0.0464113822396775
13.1805323403997,1.73127628416729,-0.046411379091466
13.1916184681928,1.73127665172619,-0.0464113759016409
13.2027045975146,1.73127701942035,-0.0464113726709188
13.2137907283651,1.73127738724984,-0.0464113694000104
13.2248768607441,1.7312777552148,-0.0464113660896206
13.2359629946517,1.73127812331539,-0.0464113627404489
13.2470491300877,1.73127849155183,-0.0464113593531893
13.2581352670521,1.73127885992438,-0.0464113559285309
13.2692214055448,1.73127922843335,-0.0464113524671581
13.2803075455656,1.73127959707907,-0.0464113489697502
13.2913936871145,1.73127996586193,-0.0464113454369823
13.3024798301914,1.73128033478233,-0.046411341869525
13.3135659747962,1.73128070384071,-0.0464113382680448
13.3246521209289,1.73128107303756,-0.046411334633204
13.3357382685894,1.73128144237337,-0.046411330965661
13.3468244177776,1.73128181184867,-0.0464113272660704
13.3579105684933,1.73128218146401,-0.0464113235350831
13.3689967207366,1.73128255121998,-0.0464113197733463
13.3800828745073,1.73128292111717,-0.0464113159815039
13.3911690298053,1.7312832911562,-0.046411312160196
13.4022551866306,1.73128366133769,-0.0464113083100597
13.4133413449832,1.73128403166231,-0.0464113044317287
13.4244275048628,1.73128440213072,-0.0464113005258334
13.4355136662694,1.7312847727436,-0.0464112965930012
13.446599829203,1.73128514350164,-0.0464112926338563
13.4576859936634,1.73128551440554,-0.0464112886490199
13.4687721596506,1.73128588545601,-0.0464112846391103
13.4798583271645,1.73128625665377,-0.0464112806047427
13.490944496205,1.73128662799954,-0.0464112765465294
13.502030666772,1.73128699949405,-0.0464112724650799
13.5131168388654,1.73128737113804,-0.0464112683610007
13.5242030124853,1.73128774293223,-0.0464112642348955
13.5352891876313,1.73128811487737,-0.0464112600873654
13.5463753643037,1.7312884869742,-0.0464112559190084
13.5574615425021,1.73128885922345,-0.0464112517304198
13.5685477222266,1.73128923162586,-0.0464112475221921
13.579633903477,1.73128960418216,-0.0464112432949152
13.5907200862532,1.73128997689308,-0.0464112390491761
13.6018062705553,1.73129034975935,-0.046411234785559
13.612892456383,1.73129072278169,-0.0464112305046453
13.6239786437364,1.73129109596081,-0.0464112262070138
13.6350648326152,1.73129146929743,-0.0464112218932404
13.6461510230195,1.73129184279225,-0.0464112175638983
13.6572372149492,1.73129221644596,-0.0464112132195578
13.6683234084041,1.73129259025924,-0.0464112088607865
13.6794096033842,1.73129296423278,-0.0464112044881492
13.6904957998894,1.73129333836724,-0.0464112001022077
13.7015819979197,1.73129371266328,-0.0464111957035212
13.7126681974748,1.73129408712154,-0.0464111912926459
13.7237543985548,1.73129446174266,-0.0464111868701352
13.7348406011595,1.73129483652727,-0.0464111824365395
13.7459268052889,1.73129521147597,-0.0464111779924064
13.757013010943,1.73129558658937,-0.0464111735382805
13.7680992181214,1.73129596186806,-0.0464111690747036
13.7791854268243,1.7312963373126,-0.0464111646022143
13.7902716370515,1.73129671292356,-0.0464111601213483
13.801357848803,1.73129708870149,-0.0464111556326383
13.8124440620786,1.73129746464692,-0.046411151136614
13.8235302768783,1.73129784076038,-0.046411146633802
13.8346164932019,1.73129821704237,-0.0464111421247257
13.8457027110494,1.73129859349338,-0.0464111376099054
13.8567889304207,1.7312989701139,-0.0464111330898585
13.8678751513158,1.73129934690439,-0.0464111285650989
13.8789613737344,1.73129972386529,-0.0464111240361375
13.8900475976765,1.73130010099705,-0.0464111195034819
13.9011338231422,1.73130047830008,-0.0464111149676365
13.9122200501311,1.7313008557748,-0.0464111104291023
13.9233062786433,1.73130123342159,-0.0464111058883771
13.9343925086787,1.73130161124084,-0.0464111013459554
13.9454787402373,1.73130198923291,-0.0464110968023283
13.9565649733188,1.73130236739815,-0.0464110922579834
13.9676512079232,1.73130274573689,-0.0464110877134051
13.9787374440505,1.73130312424946,-0.0464110831690741
13.9898236817004,1.73130350293617,-0.0464110786254679
14.0009099208731,1.73130388179732,-0.0464110740830602
14.0119961615683,1.73130426083317,-0.0464110695423215
14.023082403786,1.73130464004401,-0.0464110650037186
14.0341686475261,1.73130501943008,-0.0464110604677146
14.0452548927885,1.73130539899163,-0.0464110559347692
14.0563411395731,1.73130577872889,-0.0464110514053383
14.0674273878798,1.73130615864207,-0.0464110468798743
14.0785136377086,1.73130653873138,-0.0464110423588259
14.0895998890593,1.73130691899701,-0.0464110378426379
14.1006861419319,1.73130729943914,-0.0464110333317517
14.1117723963262,1.73130768005794,-0.0464110288266047
14.1228586522423,1.73130806085357,-0.0464110243276305
14.1339449096797,1.73130844182595,-0.0464110198569957
14.1450311686382,1.7313088229726,-0.0464110154306983
14.1561174291181,1.73130920428777,-0.0464110110365389
14.1672036911194,1.73130958576395,-0.0464110066631174
14.1782899546421,1.7313099673929,-0.0464110023033776
14.1893762196863,1.73131034916614,-0.0464109979551772
14.2004624862518,1.73131073107522,-0.0464109936201271
14.2115487543384,1.73131111311188,-0.0464109893018605
14.2226350239461,1.73131149526809,-0.0464109850045065
14.2337212950745,1.73131187753607,-0.0464109807317178
14.2448075677237,1.73131225990829,-0.0464109764862745
14.2558938418935,1.73131264237752,-0.0464109722701064
14.2669801175837,1.73131302493676,-0.0464109680845304
14.2780663947943,1.73131340757927,-0.0464109639305329
14.2891526735253,1.73131379029854,-0.0464109598089942
14.3002389537764,1.7313141730883,-0.0464109557208171
14.3113252355477,1.73131455594252,-0.0464109516669693
14.3224115188389,1.73131493885536,-0.0464109476484687
14.3334978036501,1.7313153218212,-0.0464109436663425
14.344584089981,1.73131570483464,-0.0464109397215869
14.3556703778317,1.73131608789045,-0.0464109358151382
14.366756667202,1.73131647098363,-0.0464109319478592
14.3778429580919,1.73131685410933,-0.046410928120539
14.3889292505012,1.73131723726291,-0.0464109243338992
14.4000155444298,1.7313176204399,-0.0464109205886038
14.4111018398777,1.73131800363599,-0.0464109168852672
14.4221881368447,1.73131838684706,-0.0464109132244603
14.4332744353308,1.73131877006915,-0.0464109096067147
14.4443607353359,1.73131915329846,-0.0464109060325238
14.4554470368599,1.73131953653133,-0.046410902502344
14.4665333399026,1.7313199197643,-0.0464108990165948
14.4776196444641,1.73132030299401,-0.04641089557566
14.4887059505442,1.73132068621729,-0.046410892179888
14.4997922581427,1.73132106943108,-0.0464108888295937
14.5108785672599,1.73132145263247,-0.0464108855250598
14.5219648778952,1.73132183581871,-0.0464108822665383
14.5330511900489,1.73132221898716,-0.0464108790542518
14.5441375037207,1.73132260213531,-0.0464108758883956
14.5552238189106,1.73132298526079,-0.0464108727691381
14.5663101356185,1.73132336836134,-0.0464108696966228
14.5773964538442,1.73132375143485,-0.0464108666709687
14.5884827735878,1.73132413447929,-0.0464108636922722
14.5995690948491,1.73132451749278,-0.0464108607606071
14.610655417628,1.73132490047352,-0.0464108578760265
14.6217417419244,1.73132528341985,-0.0464108550385633
14.6328280677383,1.73132566633019,-0.0464108522482312
14.6439143950694,1.73132604920308,-0.0464108495050256
14.6550007239179,1.73132643203716,-0.0464108468089245
14.6660870542835,1.73132681483115,-0.0464108441598891
14.6771733861662,1.73132719758389,-0.0464108415578651
14.6882597195659,1.7313275802943,-0.0464108390027828
14.6993460544825,1.73132796296137,-0.0464108364945584
14.7104323909159,1.73132834558422,-0.0464108340330944
14.721518728866,1.73132872816201,-0.04641083161828
14.7326050683327,1.731329110694,-0.0464108292499924
14.7436914093159,1.73132949317953,-0.0464108269280969
14.7547777518155,1.73132987561802,-0.0464108246524474
14.7658640958315,1.73133025800894,-0.0464108224228875
14.7769504413638,1.73133064035186,-0.0464108202392505
14.7880367884122,1.73133102264639,-0.0464108181013601
14.7991231369766,1.73133140489223,-0.0464108160090309
14.8102094870571,1.73133178708911,-0.0464108139620689
14.8212958386534,1.73133216923687,-0.0464108119602718
14.8323821917655,1.73133255133536,-0.0464108100034296
14.8434685463934,1.7313329333845,-0.0464108080913248
14.8545549025368,1.73133331538428,-0.0464108062237331
14.8656412601957,1.73133369733472,-0.0464108044004233
14.8767276193701,1.73133407923591,-0.0464108026211583
14.8878139800598,1.73133446108796,-0.0464108008856947
14.8989003422648,1.73133484289103,-0.0464107991937837
14.9099867059849,1.73133522464535,-0.0464107975451711
14.9210730712201,1.73133560635116,-0.0464107959395978
14.9321594379703,1.73133598800875,-0.0464107943768
14.9432458062353,1.73133636961844,-0.0464107928565093
14.9543321760152,1.73133675118058,-0.0464107913784533
14.9654185473098,1.73133713269558,-0.0464107899423553
14.9765049201189,1.73133751416384,-0.0464107885479354
14.9875912944426,1.73133789558582,-0.0464107871949098
14.9986776702807,1.73133827696199,-0.0464107858829916
15.0097640476332,1.73133865829286,-0.0464107846118909
15.0208504264999,1.73133903957894,-0.0464107833813147
15.0319368068808,1.73133942082077,-0.0464107821909676
15.0430231887757,1.73133980201893,-0.0464107810405515
15.0541095721847,1.731340183174,-0.0464107799297661
15.0651959571076,1.73134056428657,-0.0464107788583089
15.0762823435443,1.73134094535726,-0.0464107778258753
15.0873687314947,1.7313413263867,-0.046410776832159
15.0984551209588,1.73134170737553,-0.0464107758768519
15.1095415119364,1.7313420883244,-0.0464107749596443
15.1206279044275,1.73134246923398,-0.0464107740802253
15.131714298432,1.73134285010493,-0.0464107732382823
15.1428006939498,1.73134323093794,-0.0464107724335019
15.1538870909807,1.73134361173368,-0.0464107716655693
15.1649734895248,1.73134399249285,-0.046410770934169
15.1760598895818,1.73134437321614,-0.0464107702389844
15.1871462911518,1.73134475390425,-0.0464107695796983
15.1982326942347,1.73134513455787,-0.0464107689559929
15.2093190988303,1.7313455151777,-0.0464107683675497
15.2204055049386,1.73134589576444,-0.0464107678140498
15.2314919125595,1.73134627631879,-0.0464107672951738
15.2425783216928,1.73134665684143,-0.0464107668106022
15.2536647323385,1.73134703733308,-0.046410766360015
15.2647511444965,1.7313474177944,-0.0464107659430923
15.2758375581668,1.7313477982261,-0.046410765559514
15.2869239733492,1.73134817862884,-0.0464107652089601
15.2980103900437,1.7313485590033,-0.0464107648911104
15.30909680825,1.73134893935015,-0.0464107646056451
15.3201832279683,1.73134931967005,-0.0464107643522444
15.3312696491983,1.73134969996365,-0.0464107641305888
15.34235607194,1.7313500802316,-0.0464107639403592
15.3534424961933,1.73135046047452,-0.0464107637812365
15.3645289219581,1.73135084069306,-0.0464107636529025
15.3756153492342,1.73135122088782,-0.046410763555039
15.3867017780217,1.73135160105942,-0.0464107634873286
15.3977882083205,1.73135198120844,-0.0464107634494543
15.4088746401304,1.73135236133548,-0.0464107634410996
15.4199610734512,1.73135274144111,-0.0464107634619489
15.4310475082831,1.7313531215259,-0.0464107635116869
15.4421339446258,1.73135350159039,-0.0464107635899993
15.4532203824792,1.73135388163512,-0.0464107636965725
15.4643068218434,1.73135426166062,-0.0464107638310934
15.4753932627181,1.73135464166742,-0.0464107639932501
15.4864797051033,1.731355021656,-0.0464107641827312
15.4975661489989,1.73135540162686,-0.0464107643992265
15.5086525944049,1.73135578158047,-0.0464107646424264
15.519739041321,1.73135616151731,-0.0464107649120223
15.5308254897473,1.73135654143781,-0.0464107652077067
15.5419119396836,1.73135692134242,-0.0464107655291729
15.5529983911298,1.73135730123156,-0.0464107658761153
15.5640848440859,1.73135768110565,-0.0464107662482293
15.5751712985517,1.73135806096507,-0.0464107666452114
15.5862577545272,1.73135844081022,-0.046410767066759
15.5973442120122,1.73135882064146,-0.0464107675125709
15.6084306710068,1.73135920045916,-0.0464107679823466
15.6195171315107,1.73135958026366,-0.0464107684757872
15.6306035935239,1.73135996005529,-0.0464107689925945
15.6416900570463,1.73136033983437,-0.0464107695324718
15.6527765220778,1.7313607196012,-0.0464107700951233
15.6638629886184,1.73136109935609,-0.0464107706802547
15.6749494566679,1.73136147909931,-0.0464107712875727
15.6860359262262,1.73136185883113,-0.0464107719167853
15.6971223972932,1.7313622385518,-0.0464107725676016
15.7082088698689,1.73136261826158,-0.0464107732397323
15.7192953439531,1.7313629979607,-0.0464107739328889
15.7303818195459,1.73136337764936,-0.0464107746467846
15.7414682966469,1.7313637573278,-0.0464107753811335
15.7525547752563,1.7313641369962,-0.0464107761356515
15.7636412553739,1.73136451665475,-0.0464107769100552
15.7747277369996,1.73136489630363,-0.046410777704063
15.7858142201333,1.731365275943,-0.0464107785173945
15.796900704775,1.73136565557283,-0.0464107793368895
15.8079871909248,1.73136603519103,-0.0464107801530424
15.8190736785824,1.73136641479268,-0.0464107809730564
15.8301601677476,1.73136679437137,-0.0464107818036599
15.8412466584202,1.73136717392005,-0.0464107826490063
15.8523331506001,1.73136755343146,-0.0464107835103362
15.8634196442872,1.7313679328984,-0.0464107843866648
15.8745061394815,1.7313683123138,-0.0464107852758085
15.8855926361829,1.73136869167078,-0.0464107861752884
15.8966791343914,1.73136907096269,-0.0464107870829069
15.907765634107,1.7313694501831,-0.046410787996983
15.9188521353294,1.73136982932582,-0.0464107889163382
15.9299386380587,1.73137020838487,-0.0464107898401564
15.9410251422948,1.73137058735448,-0.0464107907678161
15.9521116480376,1.73137096622909,-0.0464107916987581
15.963198155287,1.73137134500334,-0.0464107926324086
15.9742846640428,1.73137172367207,-0.0464107935681543
15.9853711743052,1.73137210223028,-0.0464107945053513
15.9964576860738,1.73137248067319,-0.0464107954433489
16.0075441993486,1.73137285899616,-0.0464107963815141
16.0186307141295,1.73137323719473,-0.0464107973192482
16.0297172304166,1.73137361526462,-0.0464107982559949
16.0408037482096,1.73137399320169,-0.0464107991912407
16.0518902675086,1.73137437100197,-0.0464108001245109
16.0629767883133,1.73137474866163,-0.0464108010553641
16.0740633106237,1.73137512617701,-0.0464108019833871
16.0851498344397,1.73137550354457,-0.0464108029081912
16.0962363597612,1.73137588076093,-0.0464108038294104
16.1073228865882,1.73137625782284,-0.0464108047466999
16.1184094149204,1.73137663472719,-0.0464108056597359
16.129495944758,1.73137701147099,-0.0464108065682152
16.1405824761007,1.73137738805141,-0.046410807471855
16.1516690089484,1.7313777644657,-0.0464108083703921
16.1627555433012,1.73137814071128,-0.0464108092635822
16.1738420791587,1.73137851678566,-0.0464108101511989
16.1849286165211,1.73137889268648,-0.046410811033033
16.1960151553882,1.73137926841149,-0.0464108119088915
16.2071016957598,1.73137964395855,-0.0464108127785966
16.218188237636,1.73138001932563,-0.0464108136419852
16.2292747810165,1.73138039451082,-0.046410814498908
16.2403613259014,1.7313807695123,-0.0464108153492289
16.2514478722905,1.73138114432835,-0.0464108161928245
16.2625344201837,1.73138151895736,-0.046410817029583
16.273620969581,1.73138189339781,-0.0464108178594044
16.2847075204822,1.73138226764827,-0.0464108186821993
16.2957940728872,1.7313826417074,-0.0464108194978884
16.306880626796,1.73138301557396,-0.0464108203064025
16.3179671822085,1.73138338924678,-0.0464108211076812
16.3290537391246,1.7313837627248,-0.0464108219016732
