4.49e-13,-2.31e-07,0
1.0783305320643e-11,-4.6209540032469e-07,9.47756467914373e-11
7.22894715265552e-11,-1.80559430518071e-06,7.10387291345775e-10
2.0258772557982e-10,-4.38758692760467e-06,2.10339536500282e-09
3.73400214684243e-10,-7.59246715711272e-06,3.99363474225256e-09
5.60774247252901e-10,-1.05525696174638e-05,6.01171688264878e-09
7.51557052806833e-10,-1.24751426707369e-05,7.90074459818992e-09
9.33760361677403e-10,-1.27953915646665e-05,9.53696136106851e-09
1.08885140408654e-09,-1.12049586388641e-05,1.08845146596676e-08
1.22771046738815e-09,-7.6093451484412e-06,1.19712037365537e-08
1.3790792695679e-09,-2.05497548552192e-06,1.2916047869673e-08
1.55664677242125e-09,5.34608171214569e-06,1.39129468391636e-08
1.74855325645469e-09,1.44754660610545e-05,1.500738113017e-08
1.94413981145792e-09,2.52438226573852e-05,1.61574582120121e-08
2.14326327830349e-09,3.76021916888063e-05,1.7307253123159e-08
2.35391244771025e-09,5.15361522447776e-05,1.84337383783628e-08
2.54562325542289e-09,6.70519507816542e-05,1.9515924036398e-08
2.69420239171057e-09,8.4162183905799e-05,2.05012826341e-08
2.79616612274716e-09,0.000102875686304554,2.13388439617284e-08
2.87732457489971e-09,0.000123192801102231,2.20288793887646e-08
2.9479563298199e-09,0.000145105089406684,2.26150396531539e-08
3.00560539665421e-09,0.000168597398565578,2.30884426343313e-08
3.03519143353308e-09,0.000193650617209935,2.33020129587592e-08
3.05614826113601e-09,0.000220243600563246,2.32993290347415e-08
3.12336185407902e-09,0.00024835485821068,2.32296888395768e-08
3.27075874113028e-09,0.000277963462569081,2.32699637945979e-08
3.49598173787174e-09,0.000309049345218027,2.35465445453939e-08
3.76323491119681e-09,0.000341593264330515,2.40787829653253e-08
4.04335171608739e-09,0.000375576713511784,2.47982020091887e-08
4.31444296380094e-09,0.000410981730009582,2.55711439021111e-08
4.5457307953824e-09,0.000447790698810186,2.61241253714284e-08
4.72036820358719e-09,0.0004859863107338,2.62555203957079e-08
4.84312823269974e-09,0.000525551627271231,2.59835871582773e-08
4.96596560638054e-09,0.000566470175581099,2.57919329699158e-08
5.14087301148961e-09,0.00060872557576302,2.62512107298817e-08
5.38294580442794e-09,0.00065230149182358,2.75353892477832e-08
5.70663653948796e-09,0.000697181956892811,2.95549530209093e-08
6.09336673352307e-09,0.000743351813907095,3.19872079990256e-08
6.50739438130728e-09,0.000790797101873014,3.45125622594032e-08
6.91905941060807e-09,0.000839505534940823,3.68863439875734e-08
7.29897126862956e-09,0.000889467090579985,3.89368558763911e-08
7.65644393810201e-09,0.000940674492559645,4.07875747584413e-08
8.01877175422357e-09,0.000993123847072181,4.27162517410783e-08
8.41941228141188e-09,0.00104681531466154,4.49526015927328e-08
8.88124665113008e-09,0.00110175382789858,4.75462104061371e-08
9.36099955035062e-09,0.00115794972671414,5.01761908957309e-08
9.81350082597708e-09,0.00121541896549089,5.26465540899837e-08
1.02132531881657e-08,0.00127418294249563,5.48408762670865e-08
1.05531684819088e-08,0.00133426686238265,5.67015328526051e-08
1.0847963070718e-08,0.00139569345677574,5.82497304344937e-08
1.11124096932252e-08,0.00145846117520317,5.95651737707244e-08
1.13685138326024e-08,0.00152246883506824,6.0807916247792e-08
1.15998573026084e-08,0.00158734743218879,6.22404776013054e-08
1.17606360757352e-08,0.00165243308512524,6.38494820847944e-08
1.18553648338034e-08,0.00171708994097662,6.550342710453e-08
1.19148431654982e-08,0.00178096234339752,6.70829606847532e-08
1.19679824271773e-08,0.00184399352647905,6.85188622525942e-08
1.20296534674408e-08,0.00190631709126331,6.979194151384e-08
1.21005737687755e-08,0.00196811232065885,7.09145000830901e-08
1.2184381077548e-08,0.00202950469390085,7.18906892453223e-08
1.23169505490346e-08,0.00209053760425703,7.27082390588803e-08
1.25292276971304e-08,0.00215119412706244,7.34986725038024e-08
1.28326726704838e-08,0.00221143728683911,7.44083139457977e-08
1.32211201092601e-08,0.00227124305011018,7.55255837687571e-08
1.36416020701602e-08,0.00233061476236411,7.68647030330558e-08
1.40203838117224e-08,0.00238958078010938,7.8385924631111e-08
1.43304766760488e-08,0.00244818493539349,8.00049484127683e-08
1.45674887276158e-08,0.00250647756146886,8.16403707311397e-08
1.47538483084939e-08,0.00256451111398165,8.3249426080448e-08
1.4913151116397e-08,0.0026223398158008,8.50037760792717e-08
1.50555325801638e-08,0.00268002036027558,8.70674713816344e-08
1.51786589174632e-08,0.00273760567745193,8.94609214067565e-08
1.52490681753927e-08,0.00279510963499402,9.19846495090329e-08
1.51915830861287e-08,0.00285237130714597,9.45029480752296e-08
1.50371758571193e-08,0.00290885131090438,9.68739481533439e-08
1.48729036613044e-08,0.00296382350439955,9.89157987790978e-08
1.47468086925407e-08,0.00301678498135154,1.00559006357821e-07
1.4670334599549e-08,0.00306758725311817,1.01798562196746e-07
1.46255608775443e-08,0.00311636395490725,1.02555767177694e-07
1.45927745619158e-08,0.00316336283178147,1.02769698891983e-07
1.45622713819721e-08,0.00320879432922104,1.0247350689986e-07
1.45256806171319e-08,0.00325276794718893,1.01874429964239e-07
1.44566109171121e-08,0.00329530143859035,1.01288204778619e-07
1.43547949518105e-08,0.00333636633399085,1.00874448269735e-07
1.42411306552289e-08,0.00337593763742475,1.00609207611736e-07
1.41244698403096e-08,0.00341402585655378,1.00286835119387e-07
1.40120389306715e-08,0.00345068437063601,9.98771815727245e-08
1.39122864717362e-08,0.00348599845533816,9.94074724502737e-08
1.38529053975756e-08,0.00352006700950239,9.89469653394984e-08
1.38449034631105e-08,0.00355298572776549,9.86452785205832e-08
1.38609032622997e-08,0.00358483472430442,9.85320987346221e-08
1.3831556794821e-08,0.00361567153205919,9.85341916188112e-08
1.37293344329799e-08,0.00364552647436899,9.85723591064182e-08
1.35802242323961e-08,0.00367439876704001,9.86653346922307e-08
1.34252125739741e-08,0.00370225268733858,9.8528118419493e-08
1.33103360889774e-08,0.00372901581682609,9.79277414578409e-08
1.32503151874335e-08,0.00375458099096139,9.67980483355965e-08
1.32345354961198e-08,0.00377881371087411,9.52606864542501e-08
1.32457652935305e-08,0.00380156464362924,9.36893295621161e-08
1.32504492950193e-08,0.00382268381745023,9.2125293378229e-08
1.32271211599856e-08,0.00384203307833167,9.05101971980516e-08
1.31717214830197e-08,0.0038594940111333,8.88050410496438e-08
1.30928726635567e-08,0.00387497113074749,8.69834782123209e-08
1.30037832603369e-08,0.00388839152845074,8.50422142421689e-08
1.29161916066186e-08,0.00389970221062503,8.30020774720882e-08
1.28373275091948e-08,0.00390886584258859,8.08991903493499e-08
1.27691426902499e-08,0.0039158551966481,7.87729991780562e-08
1.27089872609906e-08,0.00392064658348357,7.66571287281927e-08
1.26513217542881e-08,0.00392321284794902,7.45754810380261e-08
1.25901093351467e-08,0.00392351688420463,7.2542778742313e-08
1.2521159876442e-08,0.00392150681016649,7.05673305480033e-08
1.24434385821471e-08,0.00391711378005932,6.86540011811001e-08
1.23587279323694e-08,0.00391025290671287,6.68063049913932e-08
1.22699553676499e-08,0.00390082707209091,6.50274233495559e-08
1.21792763112521e-08,0.00388873277992249,6.3320427901123e-08
1.20869995957421e-08,0.00387386686528185,6.16881010703215e-08
1.19917268960334e-08,0.00385613288655708,6.01326552021596e-08
1.18912926571545e-08,0.00383544629826141,5.86555147799327e-08
1.17837852712835e-08,0.0038117379667649,5.72572181778075e-08
1.16681433914531e-08,0.0037849563630136,5.59374326336427e-08
1.15442333700328e-08,0.00375506913879281,5.46950487331214e-08
1.14126080668789e-08,0.00372206408160299,5.35283149738284e-08
1.12742075075278e-08,0.00368594925725899,5.24349790023524e-08
1.11301628253392e-08,0.00364675235240541,5.14124133363967e-08
1.09817390575666e-08,0.00360451950597253,5.04577152413111e-08
1.08303819229817e-08,0.00355931405134254,4.95677799401941e-08
1.06778259029658e-08,0.00351121553731694,4.87393521540529e-08
1.05262354921434e-08,0.00346031921515263,4.79690632749659e-08
1.03783410208746e-08,0.00340673595864794,4.72534614082524e-08
1.0237477691629e-08,0.00335059239342286,4.65890403015392e-08
1.01073814246965e-08,0.00329203089862237,4.59722713425087e-08
9.99162852180421e-09,0.00323120915893858,4.53996400539149e-08
9.89279263964298e-09,0.00316829898846499,4.48676846376268e-08
9.81164908535606e-09,0.0031034827916924,4.43730304928411e-08
9.74689025378335e-09,0.00303694598349895,4.39124136310593e-08
9.69564729216838e-09,0.0029688693248793,4.34826892952513e-08
9.65459401660431e-09,0.00289942559458975,4.30808296464683e-08
9.62096430280464e-09,0.0028287814524819,4.27039202317598e-08
9.59286799327138e-09,0.00275710307163603,4.23491638204032e-08
9.56879458653244e-09,0.00268456295527001,4.20138931541847e-08
9.54681567179305e-09,0.00261134485835367,4.16955859507456e-08
9.52434907788487e-09,0.00253764393788166,4.13918713123412e-08
9.49902301280367e-09,0.00246366078224781,4.11005212279268e-08
9.4701612779814e-09,0.00238959085107083,4.08194334148322e-08
9.43958896777828e-09,0.00231561336041443,4.05466211916711e-08
9.41082607970717e-09,0.00224188332949745,4.02802211821652e-08
9.38702716117688e-09,0.00216852779992133,4.00185144348543e-08
9.36902951983537e-09,0.00209564627639711,3.97599452851758e-08
9.35481472412584e-09,0.00202331440055994,3.95031234748811e-08
9.34073046757253e-09,0.00195158927801349,3.92468062129451e-08
9.32369490535738e-09,0.00188051531473867,3.89898693613094e-08
9.30302891372585e-09,0.00181013003372175,3.87312828134798e-08
9.2808314398375e-09,0.00174046964136138,3.84701033742116e-08
9.26070405063714e-09,0.0016715740552178,3.82054839955594e-08
9.24559677450583e-09,0.00160349090273279,3.79366804334878e-08
9.2360705595393e-09,0.00153627789280321,3.7663064960784e-08
9.22999828752856e-09,0.00147000308180478,3.73841260110359e-08
9.2238640562484e-09,0.00140474289984371,3.70994506851275e-08
9.21484638330062e-09,0.00134057825052079,3.68086994756125e-08
9.20241308839662e-09,0.00127758936621959,3.65115860362997e-08
9.18851293693959e-09,0.00121585025113246,3.62078704730398e-08
9.17634199492421e-09,0.00115542346489905,3.58973657831868e-08
9.16847804396184e-09,0.00109635579816837,3.55799496937723e-08
9.16545256622002e-09,0.00103867519749102,3.52555721964008e-08
9.16550927294972e-09,0.000982389175146249,3.49242525285397e-08
9.16563065348074e-09,0.000927484869288504,3.45860655132761e-08
9.16324410131094e-09,0.000873930831444468,3.42411228061909e-08
9.1576553364392e-09,0.000821680448475802,3.38895571523246e-08
9.15039470216681e-09,0.000770676649274292,3.35315159823219e-08
9.14427267756099e-09,0.00072085727700357,3.31671653563021e-08
9.14170185806199e-09,0.00067216034296154,3.27966993625198e-08
9.14328320556148e-09,0.000624528397907264,3.24203472160755e-08
9.14748396150535e-09,0.000577911447502305,3.20383722167727e-08
9.15156488964218e-09,0.000532268114078515,3.16510619941316e-08
9.15317423602684e-09,0.000487565016437717,3.12587146520414e-08
9.15166263450594e-09,0.000443774555150625,3.08616274715203e-08
9.14837794922146e-09,0.000400871448370593,3.0460092877571e-08
9.14581598947851e-09,0.000358828474232775,3.00544019767943e-08
9.1461531214595e-09,0.000317611946269919,2.96448518681638e-08
9.15000741653699e-09,0.000277177476906659,2.92317513284702e-08
9.15611627232543e-09,0.00023746656840713,2.88154209333837e-08
9.16209065252826e-09,0.000198404504196423,2.83961871078451e-08
9.16579742268635e-09,0.000159899881515058,2.79743730556674e-08
9.16656251179254e-09,0.000121845915682903,2.75502911514241e-08
9.16549646864538e-09,8.41233725484495e-05,2.7124240318e-08
9.1647769816504e-09,4.66047127471632e-05,2.6696508839257e-08
9.16635228796345e-09,9.15884834080619e-06,2.62673799371523e-08
9.17084741511887e-09,-2.8344124305513e-05,2.5837136228473e-08
9.17727855656968e-09,-6.60287577059132e-05,2.54060603927637e-08
9.18367027918913e-09,-0.000104011038929313,2.49744319151281e-08
9.18816830662899e-09,-0.000142396362421503,2.45425219234537e-08
9.19001780816793e-09,-0.000181278803045893,2.41105888449597e-08
9.18990181023597e-09,-0.000220741699471462,2.36788768153063e-08
9.18949910674683e-09,-0.000260859449401333,2.32476171585938e-08
9.19053191268357e-09,-0.000301700223135303,2.28170317101772e-08
9.19383203778986e-09,-0.000343328534185748,2.23873360034127e-08
9.19892888125923e-09,-0.000385806602135055,2.19587406740236e-08
9.20436117305163e-09,-0.000429195431255162,2.15314505762809e-08
9.2085071387216e-09,-0.000473556443896481,2.11056623893643e-08
9.21044816741224e-09,-0.000518953340489354,2.06815621970388e-08
9.21039019018266e-09,-0.00056545331376652,2.0259324319747e-08
9.20945145234917e-09,-0.000613126937751511,1.98391118093587e-08
9.20899643947328e-09,-0.000662046599136708,1.94210780954512e-08
9.20992076624648e-09,-0.000712283832623451,1.90053688297891e-08
9.21225898451787e-09,-0.000763906151765984,1.85921231306407e-08
9.21526238214494e-09,-0.000816973936360034,1.81814739203283e-08
9.21783972503418e-09,-0.000871537762558537,1.77735475261997e-08
9.21910518842432e-09,-0.000927636253028152,1.7368462973803e-08
9.21877417145705e-09,-0.000985293856369699,1.69663314273904e-08
9.21725052044131e-09,-0.00104451804830028,1.6567256088285e-08
9.21539068973637e-09,-0.00110529661222047,1.61713326255874e-08
9.21405768616839e-09,-0.00116759586844951,1.57786499851592e-08
9.21366624334112e-09,-0.00123136046240172,1.53892912757366e-08
9.21394859180616e-09,-0.00129651494335965,1.50033344415673e-08
9.21409622524361e-09,-0.0013629669835809,1.46208526049717e-08
9.21323939299605e-09,-0.00143061170065699,1.42419141710969e-08
9.21099697127697e-09,-0.00149933621795423,1.38665828536732e-08
9.20774078499731e-09,-0.00156902348974519,1.34949176765688e-08
9.20438082950451e-09,-0.00163955464519936,1.31269729006644e-08
9.20179533455658e-09,-0.00171080958934098,1.27627978772605e-08
9.20026814737473e-09,-0.00178266610295642,1.24024369886009e-08
9.19929052326464e-09,-0.00185499800000901,1.20459299177919e-08
9.19785584953947e-09,-0.0019276729827478,1.16933123750052e-08
9.19507714683066e-09,-0.00200055076706189,1.13446171310502e-08
9.19075765070571e-09,-0.00207348194267901,1.09998749201081e-08
9.18555314193531e-09,-0.00214630793370842,1.06591146680471e-08
9.18059332129111e-09,-0.00221886261513044,1.0322362753908e-08
9.17677115204293e-09,-0.00229097637125921,9.98964161627775e-09
9.1741546688481e-09,-0.00236248204268056,9.66096864405284e-09
9.17192570093369e-09,-0.00243322059449988,9.33635635580281e-09
9.16889966056386e-09,-0.00250304527867533,9.01581408979064e-09
9.16428084611588e-09,-0.00257182540295301,8.6993503015066e-09
9.15815605932676e-09,-0.0026394487434731,8.38697402411817e-09
9.15142015132742e-09,-0.00270582228764323,8.0786945065997e-09
9.14520558482956e-09,-0.00277087180141505,7.77451921721044e-09
9.14019066596752e-09,-0.00283454066878179,7.47445147513133e-09
9.13620875039622e-09,-0.0028967881651101,7.17848924296717e-09
9.13237296296812e-09,-0.00295758715438493,6.88662592481213e-09
9.12761552087195e-09,-0.00301692123553646,6.59885280827543e-09
9.12130823513663e-09,-0.00307478152150249,6.31516179242686e-09
9.11360449561074e-09,-0.00313116338362736,6.03554684204621e-09
9.10532081579191e-09,-0.00318606354930359,5.76000331857468e-09
9.09744502213564e-09,-0.00323947789335028,5.48852555709092e-09
9.090564899727e-09,-0.0032914001509121,5.22110409467851e-09
9.08454460687268e-09,-0.00334182164496531,4.95772420572602e-09
9.07862423005566e-09,-0.00339073199193383,4.69836668776235e-09
9.07187134212495e-09,-0.00343812063599781,4.44301054425556e-09
9.06371531244088e-09,-0.00348397897267085,4.19163607789636e-09
9.05425779834201e-09,-0.00352830276230274,3.94422662655845e-09
9.04419188773642e-09,-0.00357109451080339,3.70076793514386e-09
9.0343903615493e-09,-0.00361236550952818,3.46124551975017e-09
9.02540717393172e-09,-0.0036521372744022,3.22564154813161e-09
9.01717542851957e-09,-0.00369044219875896,2.99393305784045e-09
9.00906505855379e-09,-0.00372732332835693,2.76609258781678e-09
9.00025639878779e-09,-0.00376283327402284,2.54209092347115e-09
8.99020923491824e-09,-0.00379703238732856,2.32190042550901e-09
8.9789593194181e-09,-0.00382998642213541,2.10549704668755e-09
8.9670802756862e-09,-0.00386176397193784,1.89285987670965e-09
8.95534382286412e-09,-0.00389243399681309,1.68396848014302e-09
8.94428058630978e-09,-0.00392206373218474,1.47879956993885e-09
8.93389190144257e-09,-0.00395071721264488,1.27732494119495e-09
8.92366847875514e-09,-0.00397845456071206,1.07951186291915e-09
8.91289430885003e-09,-0.00400533209468333,8.85325719618275e-10
8.90105588390355e-09,-0.00403140321093012,6.9473341372639e-10
8.88812431304196e-09,-0.00405671990239612,5.07705607097294e-10
8.87455659535636e-09,-0.00408133469630151,3.24216539578084e-10
8.8610245471701e-09,-0.00410530274085965,1.4424154508528e-10
8.84803256989984e-09,-0.00412868375217683,-3.22462968374462e-11
8.83564272725596e-09,-0.00415154355254099,-2.05278443330398e-10
8.82345750155905e-09,-0.00417395498777545,-3.74890795555821e-10
8.81085954459674e-09,-0.00419599809620743,-5.41121298355363e-10
8.79736295857528e-09,-0.00421775950268375,-7.04006622095315e-10
8.78287506163243e-09,-0.00423933111281826,-8.6357981079818e-10
8.7677287700003e-09,-0.00426080826968172,-1.01987017512438e-09
8.75248150911556e-09,-0.00428228759472882,-1.17290539644485e-09
8.7376045721938e-09,-0.00430386476041679,-1.32271458152595e-09
8.72323678581227e-09,-0.00432563243476126,-1.46933055333555e-09
8.70912906390279e-09,-0.00434767860481818,-1.61279016975162e-09
8.69479708655588e-09,-0.00437008542958611,-1.75313257494087e-09
8.6797901939755e-09,-0.00439292847728216,-1.89039637733485e-09
8.66393013443347e-09,-0.00441627539735782,-2.02461726050348e-09
8.64739627933468e-09,-0.00444018430334027,-2.15582726493998e-09
8.63061834473181e-09,-0.00446470347577043,-2.28405608614714e-09
8.61403916800627e-09,-0.00448987291165874,-2.40933366350661e-09
8.59787805299727e-09,-0.00451572710346851,-2.53169263654662e-09
8.58202326068489e-09,-0.0045422980183179,-2.65116930809463e-09
8.56610861745192e-09,-0.00456961744500744,-2.76780258809728e-09
8.54972489927258e-09,-0.00459771832353129,-2.88163154079819e-09
8.53264337362232e-09,-0.00462663506627425,-2.99269293646226e-09
8.51492883883539e-09,-0.00465640308887017,-3.10102015447626e-09
8.49688840781615e-09,-0.00468705780869852,-3.20664396430548e-09
8.4788953649908e-09,-0.00471863326051119,-3.30959464737008e-09
8.46119073880344e-09,-0.004751160083139,-3.40990423333687e-09
8.44376772365659e-09,-0.00478466258642951,-3.50760765554509e-09
8.42639194318828e-09,-0.00481915543342413,-3.60274229046781e-09
8.40873836622769e-09,-0.00485464064045757,-3.6953461980291e-09
8.39057012712237e-09,-0.00489110538115163,-3.78545599637165e-09
8.37186724759713e-09,-0.00492852079030826,-3.87310545308349e-09
8.35283856014511e-09,-0.00496684177263311,-3.95832552986285e-09
8.33380790007943e-09,-0.0050060077406704,-4.04114591105874e-09
8.31503269031442e-09,-0.0050459441742074,-4.1215972521038e-09
8.29655600476711e-09,-0.00508656484609228,-4.19971289510073e-09
8.27818193626759e-09,-0.00512777448010516,-4.27552897822341e-09
8.25959520004713e-09,-0.00516947153028389,-4.34908271995109e-09
8.24055621495814e-09,-0.00521155075126908,-4.42040984828511e-09
8.22105165120946e-09,-0.0052539052929742,-4.48954279294428e-09
8.20130578229455e-09,-0.00529642818057215,-4.55651074852046e-09
8.18164523019801e-09,-0.00533901318234588,-4.62134161503523e-09
8.16230158349771e-09,-0.00538155517755123,-4.68406463739033e-09
8.14327379129211e-09,-0.00542395019588027,-4.74471211858913e-09
8.12433354740067e-09,-0.00546609531783151,-4.8033191528707e-09
8.10516848414097e-09,-0.00550788861977744,-4.85992153894923e-09
8.0855747236603e-09,-0.00554922933143919,-4.91455314182808e-09
8.06558169844595e-09,-0.00559001838908224,-4.96724431115986e-09
8.04543417391038e-09,-0.00563016005805834,-5.01802233765859e-09
8.02544362049245e-09,-0.00566956507284692,-5.06691369680207e-09
8.00580119787771e-09,-0.00570815353748258,-5.11394671288123e-09
7.98646665693198e-09,-0.0057458563274529,-5.15915301973429e-09
7.96719805484091e-09,-0.0057826151883261,-5.20256695556884e-09
7.94770005694343e-09,-0.00581838233195981,-5.24422329774062e-09
7.92779874504306e-09,-0.00585312014438828,-5.28415472512754e-09
7.90753899461198e-09,-0.00588680113943598,-5.32239051512453e-09
7.88715060725893e-09,-0.00591940793252593,-5.35895720268197e-09
7.86690863047825e-09,-0.00595093292678361,-5.39388074869384e-09
7.84697344203835e-09,-0.00598137753128769,-5.42718890029324e-09
7.82730339792539e-09,-0.00601075091731213,-5.45891236692545e-09
7.80768651899289e-09,-0.00603906844976141,-5.48908417307934e-09
7.78786777543183e-09,-0.00606634997796594,-5.51773761487502e-09
7.76769583253633e-09,-0.00609261816059323,-5.54490402280537e-09
7.7472058305436e-09,-0.00611789697243565,-5.57061159921555e-09
7.72659422862476e-09,-0.00614221051610255,-5.59488595333495e-09
7.70610379052633e-09,-0.00616558223747978,-5.61775198574875e-09
7.68588632809104e-09,-0.00618803461003464,-5.63923602501618e-09
7.66592105028917e-09,-0.00620958930414624,-5.6593670004284e-09
7.64603280341713e-09,-0.00623026779800141,-5.67817600151089e-09
7.62599692136804e-09,-0.00625009232784773,-5.69569449996971e-09
7.60566877033468e-09,-0.00626908703043928,-5.71195226596279e-09
7.58506383804507e-09,-0.0062872791082965,-5.72697616648589e-09
7.56434457818784e-09,-0.0063046998516482,-5.74079050581702e-09
7.54372464686467e-09,-0.00632138537680514,-5.75341867173702e-09
7.52334767526546e-09,-0.00633737698317103,-5.76488511168316e-09
7.50320994603887e-09,-0.00635272108308488,-5.77521650321033e-09
7.48316869580309e-09,-0.00636746871341445,-5.78444147686881e-09
7.46302778492996e-09,-0.00638167468901445,-5.79258909090198e-09
7.4426495450852e-09,-0.0063953965001665,-5.79968695286978e-09
7.42202947991468e-09,-0.00640869308431364,-5.80576004662651e-09
7.40129415045766e-09,-0.0064216236139534,-5.81083088820979e-09
7.38062682402114e-09,-0.00643424643689398,-5.81492087368674e-09
7.36016486955128e-09,-0.00644661828377983,-5.81805203086619e-09
7.33992635933306e-09,-0.00645879382390048,-5.82024819456008e-09
7.31980499176776e-09,-0.00647082560764027,-5.8215349746674e-09
7.29963360294564e-09,-0.00648276438682571,-5.82193856840567e-09
7.27927891158302e-09,-0.00649465975758107,-5.82148410303899e-09
7.25871415741698e-09,-0.00650656102793537,-5.8201944378626e-09
7.23803024852627e-09,-0.0065185179106333,-5.81809007354208e-09
7.21738155438698e-09,-0.00653058024347007,-5.81519017656132e-09
7.19689894794159e-09,-0.0065427965493101,-5.81151410368236e-09
7.17661933157635e-09,-0.00655521272912141,-5.80708256418461e-09
7.15646966949887e-09,-0.0065678719403041,-5.80191778977159e-09
7.13631201677292e-09,-0.00658081531180282,-5.79604264803202e-09
7.11602209326742e-09,-0.00659408274044965,-5.789479225918e-09
7.09555671633886e-09,-0.00660771319019759,-5.78224768604917e-09
7.0749738455367e-09,-0.00662174433688304,-5.77436601426647e-09
7.05439685289076e-09,-0.00663621174555909,-5.76585075906286e-09
7.03394521550766e-09,-0.00665114790502911,-5.75671832087725e-09
7.01367052432592e-09,-0.00666658140650755,-5.74698607642638e-09
6.99353181499808e-09,-0.00668253643192425,-5.7366727450973e-09
6.97342176280373e-09,-0.00669903244896729,-5.72579783109333e-09
6.95322777775149e-09,-0.0067160835857434,-5.71438046977139e-09
6.93289390359164e-09,-0.00673369766198214,-5.70243831823719e-09
6.91244999687234e-09,-0.00675187536839468,-5.68998709232904e-09
6.89199312276857e-09,-0.00677060994729909,-5.67704098972014e-09
6.87163238316717e-09,-0.00678988743429584,-5.6636137515703e-09
6.8514284115187e-09,-0.00680968728758184,-5.64971976379756e-09
6.83136142037824e-09,-0.0068299831398802,-5.63537457983852e-09
6.81134521358819e-09,-0.00685074344232521,-5.62059457748524e-09
6.79127828371531e-09,-0.00687193186844636,-5.60539595778179e-09
6.77110224446788e-09,-0.00689350744951881,-5.58979366682543e-09
6.75083436927398e-09,-0.0069154244861182,-5.57380085620473e-09
6.73055648731239e-09,-0.00693763231889695,-5.55742918111978e-09
6.71036756346558e-09,-0.00696007505491714,-5.54068975592085e-09
6.69032757853278e-09,-0.00698269134756389,-5.5235942192413e-09
6.67042469901472e-09,-0.00700541432566853,-5.50615530681543e-09
6.65058412807862e-09,-0.00702817176125527,-5.48838661379522e-09
6.63071319314295e-09,-0.00705088655117561,-5.47030169057527e-09
6.61075642740314e-09,-0.00707347756162595,-5.45191300015796e-09
6.59072848033944e-09,-0.00709586084541346,-5.43323135154155e-09
6.57070548118247e-09,-0.00711795119421789,-5.41426615197235e-09
6.55078002442814e-09,-0.00713966394086654,-5.39502633801082e-09
6.53100677843224e-09,-0.00716091689036615,-5.37552143559262e-09
6.51137133814443e-09,-0.0071816322414223,-5.35576211829038e-09
6.49180059976021e-09,-0.00720173858893013,-5.33575994121936e-09
6.47220752150326e-09,-0.00722117368071495,-5.31552643853983e-09
6.45254267549225e-09,-0.00723988736478161,-5.29507214945188e-09
6.43282183760885e-09,-0.00725784304853124,-5.27440616046384e-09
6.41311436140098e-09,-0.00727501703268215,-5.25353642517354e-09
6.39350085477222e-09,-0.00729139646092732,-5.23247065496582e-09
6.37402597665144e-09,-0.00730697684759499,-5.211217249555e-09
6.35467357014905e-09,-0.00732175984704116,-5.18978573660419e-09
6.33537734241046e-09,-0.0073357515066875,-5.16818649008927e-09
6.31605965958574e-09,-0.00734896097165636,-5.1464299125453e-09
6.29667550581947e-09,-0.00736139953399524,-5.1245255611795e-09
6.27723661570724e-09,-0.0073730799625236,-5.10248171317305e-09
6.2578028064202e-09,-0.00738401610805348,-5.08030560307409e-09
6.23844641160584e-09,-0.00739422279562153,-5.05800417986639e-09
6.21921071834131e-09,-0.00740371598719069,-5.03558494136261e-09
6.20008612523655e-09,-0.00741251315198534,-5.01305636980553e-09
6.1810170409324e-09,-0.00742063374582474,-4.99042772978884e-09
6.16193468303574e-09,-0.00742809968983205,-4.96770835854565e-09
6.1427963088592e-09,-0.00743493575152449,-4.94490686525076e-09
6.12360835790249e-09,-0.00744116975805892,-4.92203069621963e-09
6.10442092925736e-09,-0.00744683260260235,-4.89908629990307e-09
6.08529777873853e-09,-0.00745195803468202,-4.87607977596004e-09
6.06627972285536e-09,-0.00745658225207311,-4.85301762224193e-09
6.04736231315534e-09,-0.00746074333497692,-4.82990715313802e-09
6.02849973229083e-09,-0.00746448058211939,-4.80675636509454e-09
6.00963167219805e-09,-0.00746783382115356,-4.78357334452735e-09
5.99071727840695e-09,-0.00747084277032195,-4.76036556552588e-09
5.97175697499603e-09,-0.00747354652348182,-4.73713947296832e-09
5.95279046927672e-09,-0.00747598321650176,-4.71390057354187e-09
5.93387288871411e-09,-0.00747818991132588,-4.69065396727769e-09
5.91504308673078e-09,-0.00748020270737255,-4.6674050091847e-09
5.89630206543966e-09,-0.00748205706174755,-4.64415972696452e-09
5.87761326624128e-09,-0.00748378827365314,-4.62092476742805e-09
5.85892387583503e-09,-0.00748543206789648,-4.59770691468867e-09
5.84019450976043e-09,-0.00748702520045812,-4.57451246292571e-09
5.82142031430694e-09,-0.00748860600741531,-4.55134680035712e-09
5.80263194145666e-09,-0.00749021475749768,-4.52821442993018e-09
5.7838766641174e-09,-0.00749189306129994,-4.50511939138239e-09
5.76519106377441e-09,-0.00749368178596879,-4.48206582203223e-09
5.74658080448713e-09,-0.00749561884922114,-4.45905833928242e-09
5.72801835574628e-09,-0.00749773811339255,-4.43610204078714e-09
5.70945920009406e-09,-0.00750006944991519,-4.41320213438515e-09
5.69086684688481e-09,-0.0075026393924915,-4.39036341497583e-09
5.67223246235573e-09,-0.00750547176479032,-4.36758988556327e-09
5.65357844559668e-09,-0.00750858797430759,-4.34488473175407e-09
5.63494457442278e-09,-0.00751200694464528,-4.32225065617899e-09
5.61636503728142e-09,-0.00751574457453138,-4.29969037735734e-09
5.59784938787098e-09,-0.0075198126628488,-4.27720701132503e-09
5.57937781251488e-09,-0.00752421781601021,-4.25480413058281e-09
5.56091289329985e-09,-0.00752896078538745,-4.23248547718198e-09
5.54242088714214e-09,-0.00753403637878516,-4.21025449709923e-09
5.52389040934242e-09,-0.00753943382921768,-4.18811395867703e-09
5.50533810025491e-09,-0.00754513739458665,-4.16606586703299e-09
5.48679838575927e-09,-0.00755112698143881,-4.14411171696421e-09
5.46830350130047e-09,-0.00755737866762212,-4.12225293527452e-09
5.44986533365213e-09,-0.00756386508098109,-4.10049125953041e-09
5.43146931649333e-09,-0.00757055564361972,-4.07882884248451e-09
5.41308349984314e-09,-0.00757741671253956,-4.05726803274891e-09
5.39467722048936e-09,-0.00758441165133779,-4.03581096763786e-09
5.37623852557267e-09,-0.0075915008680902,-4.01445921713065e-09
5.35778052298304e-09,-0.00759864185815954,-3.99321368276925e-09
5.33933336228066e-09,-0.00760578929652272,-3.97207481516598e-09
5.32092690157367e-09,-0.00761289522761858,-3.95104283206719e-09
5.30257411106744e-09,-0.0076199093972838,-3.93011783947211e-09
5.28426439071015e-09,-0.00762677975932717,-3.90930012882391e-09
5.26597063541753e-09,-0.00763345316984658,-3.88859014020315e-09
5.24766568099574e-09,-0.00763987625872317,-3.8679881723131e-09
5.22933843979575e-09,-0.00764599644397631,-3.84749408607763e-09
5.21100041039522e-09,-0.00765176303482423,-3.82710721431046e-09
5.19267900243622e-09,-0.00765712835649725,-3.80682654886488e-09
5.17440183691207e-09,-0.00766204886849191,-3.7866511053374e-09
5.15618127971498e-09,-0.00766648682929722,-3.76658026533642e-09
5.13800807153636e-09,-0.00767041305069557,-3.74661391616291e-09
5.11985747736823e-09,-0.00767380915212193,-3.72675231771526e-09
5.10170397740482e-09,-0.00767666804935178,-3.70699578791928e-09
5.08353573111653e-09,-0.00767899278755048,-3.68734440166227e-09
5.06536062770101e-09,-0.00768079451985119,-3.66779787853028e-09
5.04720093575259e-09,-0.00768209041400277,-3.64835571497872e-09
5.02908010150897e-09,-0.00768290192334669,-3.62901747399647e-09
5.01100943374876e-09,-0.00768325351708772,-3.60978306044658e-09
4.99298211065214e-09,-0.0076831717814946,-3.59065282572394e-09
4.97497754849855e-09,-0.00768268477337313,-3.57162744741221e-09
4.95697329147237e-09,-0.00768182155327826,-3.55270765727104e-09
4.93895751769284e-09,-0.00768061187599693,-3.53389397274942e-09
4.92093516941186e-09,-0.00767908603555984,-3.51518657993446e-09
4.90292450349572e-09,-0.00767727485248383,-3.49658542669647e-09
4.88494630293229e-09,-0.00767520976939648,-3.47809046558161e-09
4.86701202118338e-09,-0.0076729230039863,-3.45970190405069e-09
4.84911753311981e-09,-0.00767044770304095,-3.44142031973642e-09
4.83124580659427e-09,-0.00766781804778521,-3.42324657852423e-09
4.81337668789485e-09,-0.00766506927450156,-3.40518160606774e-09
4.7954980632559e-09,-0.00766223759107515,-3.38722614402005e-09
4.77761209911314e-09,-0.0076593599867997,-3.36938062606608e-09
4.75973326208228e-09,-0.00765647394809583,-3.35164523680445e-09
4.74187954206794e-09,-0.00765361710588287,-3.33402011199044e-09
4.72406203128685e-09,-0.00765082685028788,-3.31650556176467e-09
4.70627871884953e-09,-0.00764813995412089,-3.29910219065811e-09
4.68851579135147e-09,-0.00764559224724017,-3.28181085063192e-09
4.67075544530009e-09,-0.00764321837929548,-3.26463245842203e-09
4.65298564484705e-09,-0.00764105165181125,-3.24756778230602e-09
4.63520635982685e-09,-0.00763912320269167,-3.23061731046655e-09
4.61742897942979e-09,-0.00763745952660173,-3.21378125770027e-09
4.59966942561274e-09,-0.00763607957815154,-3.19705969995422e-09
4.58193893921737e-09,-0.00763499300113031,-3.18045275638656e-09
4.56423774027989e-09,-0.00763419989787228,-3.16396070976097e-09
4.54655510316585e-09,-0.00763369169551152,-3.14758399159708e-09
4.52887571695395e-09,-0.00763345239554871,-3.13132303863881e-09
4.51118858923904e-09,-0.00763345965966076,-3.11517810428798e-09
4.4934929072097e-09,-0.00763368551389183,-3.09914863305667e-09
4.47579910075493e-09,-0.0076340967267501,-3.08323283743873e-09
4.4581224031894e-09,-0.00763465503071031,-3.0674299177628e-09
4.44047371459675e-09,-0.00763531735538491,-3.05174001581183e-09
4.42285361783413e-09,-0.00763603616435062,-3.03616358419546e-09
4.40525248199479e-09,-0.0076367599175874,-3.02070096916798e-09
4.38765644940258e-09,-0.0076374336480801,-3.00535225218714e-09
4.37005572709373e-09,-0.00763799963962628,-2.99011722813172e-09
4.35245033988098e-09,-0.00763839820553892,-2.97499543635759e-09
4.33485006344242e-09,-0.0076385685766533,-2.95998623679922e-09
4.31726870128211e-09,-0.00763844990331367,-2.94508893761447e-09
4.29971615919343e-09,-0.00763798236134729,-2.93030294036686e-09
4.28219297688816e-09,-0.00763710833339635,-2.91562783337647e-09
4.26469042690425e-09,-0.00763577362149795,-2.90106337837999e-09
4.24719595728473e-09,-0.00763392868181439,-2.88660939603672e-09
4.22970062553983e-09,-0.00763153045286214,-2.87226562413679e-09
4.21220410968134e-09,-0.00762854530890541,-2.85803164513723e-09
4.19471450418755e-09,-0.00762495148077937,-2.84390692735933e-09
4.17724323822053e-09,-0.00762073964808105,-2.82989095718208e-09
4.15979823187192e-09,-0.00761591184258137,-2.81598338962243e-09
4.14237926822956e-09,-0.00761047951075518,-2.802184134565e-09
4.12497812126946e-09,-0.00760446154043424,-2.78849333248191e-09
4.10758318531796e-09,-0.00759788267305333,-2.774911235e-09
4.09018583239693e-09,-0.00759077235782361,-2.76143805709038e-09
4.07278486858145e-09,-0.00758316392051956,-2.74807388062934e-09
4.05538667225359e-09,-0.00757509390591655,-2.73481865732784e-09
4.03800110732658e-09,-0.00756660151932418,-2.72167230230496e-09
4.02063565406026e-09,-0.00755772815706465,-2.70863482001385e-09
4.00329108914232e-09,-0.00754851704198028,-2.69570638923524e-09
3.9859610489199e-09,-0.00753901297229628,-2.68288735992205e-09
3.96863556007424e-09,-0.0075292621710651,-2.67017816561491e-09
3.95130641816653e-09,-0.0075193122062277,-2.65757920171827e-09
3.93397135665758e-09,-0.00750921194460085,-2.64509073663035e-09
3.91663474709776e-09,-0.007499011505192,-2.63271290152888e-09
3.89930459055516e-09,-0.00748876218388862,-2.62044575902613e-09
3.88198762535695e-09,-0.00747851632973891,-2.6082894072102e-09
3.86468533597742e-09,-0.00746832716175799,-2.59624405820573e-09
3.84739302089633e-09,-0.00745824852447334,-2.58431004752914e-09
3.83010228922706e-09,-0.00744833459000962,-2.57248777100467e-09
3.81280545432668e-09,-0.00743863952340364,-2.56077758610394e-09
3.79549933008185e-09,-0.00742921713461738,-2.5491797323717e-09
3.77818638845227e-09,-0.00742012050916165,-2.53769431209284e-09
3.76087279672451e-09,-0.00741140108823727,-2.52632133274173e-09
3.74356459320018e-09,-0.00740310632216591,-2.51506077315368e-09
3.72626416900387e-09,-0.00739527628024064,-2.50391262889093e-09
3.7089689070872e-09,-0.00738794094123085,-2.49287691307938e-09
3.69167262783776e-09,-0.00738111892043682,-2.48195360882789e-09
3.67436898884147e-09,-0.00737481742717579,-2.47114259357565e-09
3.65705494344446e-09,-0.00736903285917787,-2.46044357255866e-09
3.63973234375532e-09,-0.00736375150611117,-2.4498560563916e-09
3.62240681302807e-09,-0.00735895009681457,-2.43937939570684e-09
3.60508454652714e-09,-0.00735459617391004,-2.42901285499737e-09
3.5877688694352e-09,-0.00735064841161865,-2.41875568589443e-09
3.5704585171555e-09,-0.00734705700520575,-2.4086071602792e-09
3.55314861704692e-09,-0.00734376420546409,-2.39856654634717e-09
3.53583379278983e-09,-0.00734070500707842,-2.38863304365588e-09
3.51851157804874e-09,-0.00733780796109425,-2.37880571723149e-09
3.50118414235288e-09,-0.00733499607615868,-2.3690834719131e-09
3.48385732222024e-09,-0.00733218778876619,-2.35946508489018e-09
3.46653754066127e-09,-0.00732929800215277,-2.34994928049258e-09
3.44922844649749e-09,-0.00732623920436161,-2.34053480658367e-09
3.43192926204009e-09,-0.00732292267454254,-2.33122047145937e-09
3.41463579521417e-09,-0.00731925977577612,-2.32200512419596e-09
3.39734347195807e-09,-0.00731516331849391,-2.31288759552037e-09
3.38005054599147e-09,-0.00731054896608801,-2.3038666399675e-09
3.36275956702005e-09,-0.00730533664643051,-2.29494091896283e-09
3.34547626203853e-09,-0.00729945196720522,-2.28610903995505e-09
3.32820651698382e-09,-0.00729282811596155,-2.2773696379747e-09
3.31095323787251e-09,-0.00728540860776609,-2.26872146463488e-09
3.29371494215468e-09,-0.00727714936323635,-2.26016343741093e-09
3.27648684477426e-09,-0.00726801907871063,-2.25169462855368e-09
3.25926370397346e-09,-0.00725799814514914,-2.24331421111489e-09
3.24204271971783e-09,-0.0072470769253199,-2.23502140128865e-09
3.22482484308802e-09,-0.00723525407704351,-2.2268154329489e-09
3.20761384324815e-09,-0.00722253522708365,-2.21869557736881e-09
3.19041378018285e-09,-0.00720893198145193,-2.21066119314974e-09
3.17322640303273e-09,-0.00719446112972792,-2.20271177423322e-09
3.15604996701368e-09,-0.00717914392761925,-2.19484696609285e-09
3.13888009313743e-09,-0.00716300542482761,-2.18706653966944e-09
3.12171211122905e-09,-0.00714607386579672,-2.17937033698703e-09
3.10454350764616e-09,-0.00712838020257942,-2.17175821790875e-09
3.08737508907807e-09,-0.00710995773616699,-2.16423003571221e-09
3.07021024635823e-09,-0.00709084187250446,-2.15678565180896e-09
3.05305279365484e-09,-0.0070710699610316,-2.14942497740684e-09
3.03590464394843e-09,-0.0070506811810185,-2.14214801511278e-09
3.01876463018859e-09,-0.00702971644819963,-2.13495487445342e-09
3.00162909112986e-09,-0.00700821832325333,-2.12784575090178e-09
2.98449382704978e-09,-0.00698623090993078,-2.12082087892062e-09
2.96735627545176e-09,-0.00696379973388977,-2.1138804837448e-09
2.95021667638442e-09,-0.00694097159569582,-2.10702475639129e-09
2.93307761045962e-09,-0.00691779439506601,-2.10025386250673e-09
2.91594222857203e-09,-0.00689431692877501,-2.09356797635859e-09
2.89881221288554e-09,-0.00687058867074399,-2.08696731779159e-09
2.88168661880926e-09,-0.00684665954805291,-2.08045216932746e-09
2.86456221125358e-09,-0.0068225797295678,-2.07402286281708e-09
2.84743505140006e-09,-0.00679839944391181,-2.06767974261709e-09
2.83030240334567e-09,-0.00677416884076387,-2.06142312504873e-09
2.81316388821682e-09,-0.00674993790460538,-2.05525327523552e-09
2.79602127340373e-09,-0.00672575642394439,-2.04917041192369e-09
2.77887706714643e-09,-0.00670167401264294,-2.04317473490013e-09
2.76173274637144e-09,-0.00667774017407946,-2.03726645742611e-09
2.74458761784633e-09,-0.00665400439418634,-2.03144582406215e-09
2.72743892210839e-09,-0.0066305162464455,-2.0257131033026e-09
2.7102830618504e-09,-0.00660732549102921,-2.02006857689384e-09
2.69311753708137e-09,-0.00658448215154827,-2.01451209729716e-09
2.67594244364587e-09,-0.00656203655609429,-2.00904254761445e-09
2.65876020100155e-09,-0.00654003927007287,-2.00365823943102e-09
2.64157428708381e-09,-0.00651854039673041,-1.99835723026373e-09
2.6243876666092e-09,-0.00649758857622057,-1.99313748714141e-09
2.60720165383171e-09,-0.00647723205775443,-1.9879969619951e-09
2.59001574872261e-09,-0.00645752305946596,-1.98293361335992e-09
2.57282847467211e-09,-0.00643852420648476,-1.97794539402264e-09
2.55563867792114e-09,-0.00642031412351744,-1.97303021975704e-09
2.53844648917943e-09,-0.00640298931773461,-1.96818593369653e-09
2.52125340285028e-09,-0.00638666139445756,-1.96341027993436e-09
2.50406154923136e-09,-0.00637145033299789,-1.95870089035442e-09
2.48687272942121e-09,-0.00635747549613869,-1.9540552797103e-09
2.46968780929443e-09,-0.00634484620233731,-1.94947084289971e-09
2.4525067170979e-09,-0.00633365329282613,-1.94494485366893e-09
2.43532890718415e-09,-0.0063239624790494,-1.94047446972657e-09
2.41815399342501e-09,-0.00631580957098841,-1.93605675052293e-09
2.40098232421714e-09,-0.00630919706380171,-1.93168869106961e-09
2.38381541919922e-09,-0.0063040910459783,-1.92736727074656e-09
2.36665626649692e-09,-0.00630041707163482,-1.92308951258704e-09
2.34950940562738e-09,-0.00629805383494567,-1.91885254619876e-09
2.33238051068324e-09,-0.00629682508795297,-1.91465366585634e-09
2.31527511908458e-09,-0.00629649441903406,-1.91049037153668e-09
2.29819679364256e-09,-0.00629677340463316,-1.90636037971992e-09
2.28114609892863e-09,-0.00629735420019071,-1.90226161194033e-09
2.26412163757159e-09,-0.00629795748623365,-1.89819216077304e-09
2.24712228937058e-09,-0.00629836789105207,-1.89415023652521e-09
2.23014860463925e-09,-0.00629844055279286,-1.89013412756806e-09
2.21320255356847e-09,-0.00629808412075191,-1.88614219165609e-09
2.19628636541159e-09,-0.00629723545448465,-1.88217286831978e-09
2.17940157415117e-09,-0.00629583790894841,-1.87822469253913e-09
2.16254889905555e-09,-0.00629382735848404,-1.87429629661603e-09
2.14572890313607e-09,-0.00629112473133508,-1.870386399987e-09
2.12894287049506e-09,-0.00628763226736805,-1.86649379603352e-09
2.11219320649534e-09,-0.00628323186960109,-1.86261734765727e-09
2.09548295618261e-09,-0.0062777860430345,-1.85875599985476e-09
2.07881468143282e-09,-0.00627114187301584,-1.85490880233633e-09
2.06218944155756e-09,-0.00626313765855105,-1.851074925792e-09
2.04560655114031e-09,-0.00625361138461054,-1.84725366102774e-09
2.02906421759652e-09,-0.00624240978541677,-1.84344440301705e-09
2.01256057035064e-09,-0.00622939666574525,-1.83964663219891e-09
1.99609442826627e-09,-0.00621445949890531,-1.83585990601457e-09
1.97966542781877e-09,-0.00619751381115026,-1.83208386629118e-09
1.96327355523931e-09,-0.0061785051956205,-1.82831825907607e-09
1.94691842640908e-09,-0.00615740890780186,-1.82456295774352e-09
1.93059874934007e-09,-0.00613422700551144,-1.82081797935588e-09
1.91431230012607e-09,-0.00610898309783374,-1.81708348722898e-09
1.8980564847525e-09,-0.00608171508581412,-1.81335977850013e-09
1.88182923372718e-09,-0.00605246677370868,-1.80964726215983e-09
1.86562975428502e-09,-0.00602127967458222,-1.80594643694555e-09
1.84945871355628e-09,-0.00598818644606209,-1.80225787711426e-09
1.83331774913838e-09,-0.00595320705646173,-1.79858222792132e-09
1.81720859509518e-09,-0.00591634813995893,-1.79492020616181e-09
1.80113230810342e-09,-0.00587760532453633,-1.79127259847777e-09
1.78508896469836e-09,-0.00583696783367306,-1.78764025322635e-09
1.76907788656942e-09,-0.00579442446287901,-1.78402406744841e-09
1.75309816367568e-09,-0.00574997008127585,-1.78042497485604e-09
1.73714914477536e-09,-0.00570361200203138,-1.77684394110768e-09
1.72123065331274e-09,-0.00565537577873824,-1.77328196939298e-09
1.70534285960886e-09,-0.00560531009933161,-1.76974011469851e-09
1.68948590026228e-09,-0.00555349036782677,-1.76621950119508e-09
1.67365944764639e-09,-0.00550002027752922,-1.76272133521397e-09
1.6578624861186e-09,-0.00544503039326313,-1.75924690649233e-09
1.64209349533395e-09,-0.00538867293441904,-1.75579757422336e-09
1.62635101702446e-09,-0.00533111296468291,-1.75237474153978e-09
1.61063428253065e-09,-0.00527251771910142,-1.74897982857811e-09
1.5949434674088e-09,-0.0052130467493596,-1.74561425490144e-09
1.57927936771064e-09,-0.00515284514299255,-1.74227943544811e-09
1.56364268671994e-09,-0.00509204065965426,-1.73897678553249e-09
1.54803336919717e-09,-0.00503074430879261,-1.73570772611584e-09
1.53245036769951e-09,-0.00496905334005678,-1.73247368237394e-09
1.51689194630005e-09,-0.00490705572984123,-1.72927607396561e-09
1.50135631435929e-09,-0.00484483555592806,-1.72611630059876e-09
1.48584221548609e-09,-0.00478247879954395,-1.72299572874875e-09
1.47034914856102e-09,-0.00472007903028501,-1.71991568372689e-09
1.45487712078273e-09,-0.00465774225262111,-1.71687744743039e-09
1.43942609833413e-09,-0.00459559010817288,-1.71388225812453e-09
1.42399548632272e-09,-0.00453376076265035,-1.71093130707886e-09
1.40858394195927e-09,-0.00447240718864767,-1.70802572855641e-09
1.39318961389427e-09,-0.00441169309171401,-1.70516658397926e-09
1.37781063826458e-09,-0.00435178721811863,-1.70235484522077e-09
1.36244558542637e-09,-0.00429285703029731,-1.69959138331695e-09
1.34709362008371e-09,-0.00423506267914437,-1.69687696659974e-09
1.33175433440598e-09,-0.00417855193385213,-1.69421226840155e-09
1.31642740189256e-09,-0.00412345609518027,-1.69159787850429e-09
1.30111228111891e-09,-0.00406988608937806,-1.68903430655532e-09
1.28580808967419e-09,-0.00401792955528015,-1.68652198055126e-09
1.27051365283657e-09,-0.00396765038516505,-1.68406125030066e-09
1.25522768594341e-09,-0.00391909108830423,-1.68165239754296e-09
1.23994902828417e-09,-0.00387227745189418,-1.67929564814939e-09
1.22467681034042e-09,-0.00382722456274199,-1.6769911811141e-09
1.20941044910269e-09,-0.00378394313897149,-1.67473913168063e-09
1.19414945424409e-09,-0.0037424451564755,-1.67253958866653e-09
1.1788931498352e-09,-0.00370274792017639,-1.67039258751509e-09
1.16364048257449e-09,-0.00366487602372011,-1.66829810080909e-09
1.14839004938201e-09,-0.00362886074249601,-1.66625602569394e-09
1.13314035626374e-09,-0.00359473645865431,-1.66426616555434e-09
1.11789016325489e-09,-0.00356253510848484,-1.66232821301749e-09
1.10263873889087e-09,-0.00353228002421733,-1.66044174308009e-09
1.08738593154841e-09,-0.00350398003557846,-1.65860621969288e-09
1.07213206787149e-09,-0.00347762418227046,-1.6568210142513e-09
1.05687775097288e-09,-0.00345317708083528,-1.65508543134868e-09
1.04162364219969e-09,-0.00343057501188669,-1.65339873596546e-09
1.02637029513693e-09,-0.00340972314623013,-1.65176017636053e-09
1.0111180920742e-09,-0.00339049486120635,-1.65016899778092e-09
9.95867304221998e-10,-0.00337273441107427,-1.64862444418374e-09
9.80618235768634e-10,-0.00335626372481673,-1.64712574903079e-09
9.65371341267716e-10,-0.00334089261591012,-1.64567212040507e-09
9.50127207987349e-10,-0.00332643002755181,-1.64426272751874e-09
9.34886405378996e-10,-0.00331269345232487,-1.64289669334707e-09
9.19649329696663e-10,-0.00329951476609874,-1.64157309430158e-09
9.04416189232274e-10,-0.00328674243309691,-1.64029096534496e-09
8.89187168007136e-10,-0.00327424116800456,-1.63904930888335e-09
8.73962664701145e-10,-0.00326189029716751,-1.63784710701642e-09
8.5874342818358e-10,-0.0032495818349247,-1.63668333901178e-09
8.43530447318265e-10,-0.00323721921614742,-1.63555700858567e-09
8.28324626883321e-10,-0.00322471633071194,-1.63446717676737e-09
8.13126462291643e-10,-0.00321199514303641,-1.63341298428094e-09
7.97935891774493e-10,-0.00319898224884682,-1.63239365946524e-09
7.82752402638731e-10,-0.00318560563823392,-1.63140851389224e-09
7.67575331099482e-10,-0.00317179297439505,-1.63045693093102e-09
7.5240419405845e-10,-0.00315747201932976,-1.62953835277953e-09
7.37238877734685e-10,-0.00314257303303204,-1.62865227014606e-09
7.22079591832982e-10,-0.00312703242599485,-1.62779821646563e-09
7.06926630171205e-10,-0.00311079678160637,-1.62697576633445e-09
6.91780080630205e-10,-0.00309382649122428,-1.62618453633118e-09
6.76639645516755e-10,-0.00307609847833859,-1.62542418599079e-09
6.61504667167144e-10,-0.00305760769196922,-1.62469441733641e-09
6.46374344132108e-10,-0.00303836718699048,-1.62399497251921e-09
6.31248024551778e-10,-0.00301840672176183,-1.62332563015857e-09
6.16125422023551e-10,-0.00299776995080565,-1.62268620157811e-09
6.0100663903659e-10,-0.00297651049424586,-1.62207652803733e-09
5.85891988232259e-10,-0.00295468738465417,-1.62149647937899e-09
5.70781716032137e-10,-0.00293236054131366,-1.62094595346701e-09
5.55675786741737e-10,-0.00290958693166405,-1.62042487540047e-09
5.4057384409896e-10,-0.00288641794280755,-1.61993319562658e-09
5.25475357836079e-10,-0.00286289825698189,-1.61947088680866e-09
5.10379854314843e-10,-0.00283906627710949,-1.61903794017119e-09
4.95287086971464e-10,-0.00281495593350923,-1.61863436227217e-09
4.80197045500345e-10,-0.00279059954079334,-1.61826017282018e-09
4.6510980220495e-10,-0.00276603126645935,-1.61791540338953e-09
4.50025289130449e-10,-0.00274129071664099,-1.61760009623601e-09
4.3494313762126e-10,-0.00271642613763941,-1.61731430212307e-09
4.19862674445673e-10,-0.00269149677410015,-1.61705807646979e-09
4.04783078901082e-10,-0.00266657401969496,-1.61683147378271e-09
3.89703613723141e-10,-0.00264174114933585,-1.61663454121888e-09
3.74623800578828e-10,-0.00261709162874314,-1.61646731255445e-09
3.59543444379276e-10,-0.00259272622733445,-1.61632980367394e-09
3.44462500677166e-10,-0.00256874935710276,-1.61622201007508e-09
3.29380841210612e-10,-0.00254526516591835,-1.61614394765985e-09
3.14298413890073e-10,-0.00252237390593221,-1.61609520991493e-09
2.99215727188152e-10,-0.00250016900110432,-1.61607427179483e-09
2.8413363855392e-10,-0.00247873510206828,-1.61607895583119e-09
2.69053261197707e-10,-0.00245814728162712,-1.61610680418344e-09
2.53975960276148e-10,-0.00243847139070148,-1.61615526733809e-09
2.38903315443511e-10,-0.00241976512570153,-1.61622179616656e-09
2.23837032267754e-10,-0.0024020785941866,-1.61630387831694e-09
2.08778803884177e-10,-0.00238545485370517,-1.61639904728072e-09
1.937301527475e-10,-0.00236993161767187,-1.61650488465358e-09
1.78692330550486e-10,-0.00235554412974692,-1.61661902345675e-09
1.63666336798851e-10,-0.00234232828177526,-1.61673915238602e-09
1.48653044404578e-10,-0.00233032289958257,-1.61686301870934e-09
1.33653353813368e-10,-0.00231957053021633,-1.61698842869969e-09
1.18668285329281e-10,-0.00231011664372131,-1.61711324626964e-09
1.03698966129654e-10,-0.00230200760535359,-1.61723539164633e-09
8.87465364259315e-11,-0.00229528796286024,-1.61735284168291e-09
7.38120433707857e-11,-0.00228999757029118,-1.61746363272366e-09
5.88963891921229e-11,-0.00228616894496296,-1.61756586590577e-09
4.40003611280237e-11,-0.00228382512521208,-1.61765771420042e-09
2.91247216607432e-11,-0.00228297820788399,-1.61773743018008e-09
1.42703082608267e-11,-0.00228362857206015,-1.61780335264831e-09
-5.61902081305022e-13,-0.0022857644119171,-1.61785390833002e-09
-1.53707996190832e-11,-0.00228936153441134,-1.61788760752053e-09
-3.01552308914457e-11,-0.00229438386814856,-1.61790303620512e-09
-4.49141296348448e-11,-0.00230078499119387,-1.61789884726115e-09
-5.96466149740092e-11,-0.00230851057798697,-1.61787375220424e-09
-7.43519953691188e-11,-0.00231750127745011,-1.61782651391434e-09
-8.90296730173067e-11,-0.00232769535826821,-1.61775594054843e-09
-1.03679004891893e-10,-0.00233903054406701,-1.61766088099012e-09
-1.18299201105886e-10,-0.00235144473047467,-1.61754022242432e-09
-1.32889313916764e-10,-0.00236487558742846,-1.61739289042164e-09
-1.47448313190859e-10,-0.00237925928868414,-1.61721785156105e-09
-1.61975194572825e-10,-0.00239452873346746,-1.6170141180642e-09
-1.76469053895767e-10,-0.00241061165342888,-1.61678075365063e-09
-1.90929088437901e-10,-0.002427428976674,-1.61651687976357e-09
-2.05354533477995e-10,-0.00244489378212631,-1.61622168141125e-09
-2.19744583288265e-10,-0.00246291112569996,-1.61589441221204e-09
-2.3409835659403e-10,-0.00248137893648728,-1.6155343984275e-09
-2.4841494060596e-10,-0.00250019004781407,-1.61514104196936e-09
-2.62693499140689e-10,-0.00251923525033104,-1.61471382252549e-09
-2.76933389780809e-10,-0.00253840711355864,-1.61425229928552e-09
-2.91134245166467e-10,-0.00255760473015963,-1.61375611579541e-09
-3.05295997753245e-10,-0.00257673937430661,-1.61322501117448e-09
-3.19418804143627e-10,-0.00259573898770433,-1.61265882943772e-09
-3.33502891026701e-10,-0.00261454999690446,-1.61205752052385e-09
-3.4754841033835e-10,-0.00263313657747011,-1.61142113356332e-09
-3.61555380782489e-10,-0.00265147829678996,-1.61074980619421e-09
-3.75523730008816e-10,-0.00266956708104851,-1.61004375373746e-09
-3.89453389302097e-10,-0.00268740409842682,-1.60930326051796e-09
-4.03344370100888e-10,-0.00270499680835932,-1.60852867390313e-09
-4.17196775881633e-10,-0.00272235626598736,-1.60772040059595e-09
-4.31010751556966e-10,-0.00273949477420431,-1.60687890429881e-09
-4.44786412964886e-10,-0.00275642403905009,-1.60600470400289e-09
-4.5852380843764e-10,-0.00277315401321165,-1.60509837233817e-09
-4.72222940897696e-10,-0.00278969256681249,-1.60416053359942e-09
-4.85883839486828e-10,-0.00280604601559371,-1.60319186114737e-09
-4.99506638903601e-10,-0.00282222040159069,-1.60219307403648e-09
-5.13091619791951e-10,-0.00283822330068796,-1.6011649328198e-09
-5.26639186775809e-10,-0.00285406585345463,-1.60010823467046e-09
-5.40149797013471e-10,-0.00286976469222812,-1.59902380807897e-09
-5.53623879845915e-10,-0.00288534346575624,-1.59791250761782e-09
-5.67061791397033e-10,-0.00290083373159174,-1.59677520903939e-09
-5.80463825983546e-10,-0.00291627508229409,-1.59561280492578e-09
-5.93830272718054e-10,-0.00293171448124049,-1.59442620091677e-09
-6.07161480347297e-10,-0.00294720489414544,-1.59321631239862e-09
-6.20457890759468e-10,-0.00296280339848803,-1.59198406162172e-09
-6.33720021649942e-10,-0.00297856900866284,-1.59073037512967e-09
-6.46948399481813e-10,-0.00299456013557017,-1.58945617973925e-09
-6.60143452183169e-10,-0.00301083095115175,-1.58816239172301e-09
-6.73305433041524e-10,-0.0030274276633184,-1.58684990349991e-09
-6.86434444730304e-10,-0.00304438644058451,-1.58551957619761e-09
-6.99530551141681e-10,-0.00306173350863748,-1.5841722403215e-09
-7.12593907072286e-10,-0.00307948691142701,-1.58280870156164e-09
-7.25624833766922e-10,-0.00309765907916354,-1.58142974744481e-09
-7.38623808558635e-10,-0.00311625948566526,-1.58003615162723e-09
-7.51591386948597e-10,-0.00313529698830524,-1.57862867484537e-09
-7.64528107222397e-10,-0.00315478169304082,-1.57720806323441e-09
-7.77434428225794e-10,-0.00317472629812618,-1.57577504545107e-09
-7.90310725603129e-10,-0.00319514688252577,-1.57433032995133e-09
-8.03157337288701e-10,-0.00321606309590113,-1.57287460313599e-09
-8.15974624537352e-10,-0.00323749773025376,-1.57140852844874e-09
-8.28763011268464e-10,-0.0032594757182732,-1.5699327462903e-09
-8.41522981105414e-10,-0.00328202268670063,-1.56844787455807e-09
-8.54255036960955e-10,-0.00330516326271786,-1.56695450975511e-09
-8.66959648171473e-10,-0.00332891936642998,-1.56545322875498e-09
-8.79637215059377e-10,-0.00335330871861298,-1.56394459118577e-09
-8.92288068594946e-10,-0.00337834371455298,-1.56242914210294e-09
-9.04912498519017e-10,-0.00340403058104359,-1.56090741338804e-09
-9.17510785958516e-10,-0.00343036862262253,-1.55937992195766e-09
-9.30083223379849e-10,-0.00345734971000598,-1.55784716523029e-09
-9.42630116715457e-10,-0.00348495836764289,-1.556309615944e-09
-9.55151769158205e-10,-0.00351317255438641,-1.55476771760195e-09
-9.67648454533392e-10,-0.00354196497728793,-1.55322188103904e-09
-9.80120394835028e-10,-0.00357130461198325,-1.55167248214777e-09
-9.92567755751086e-10,-0.00360115807467138,-1.55011986056162e-09
-1.00499066399343e-09,-0.0036314905727128,-1.54856431913187e-09
-1.01738923630263e-09,-0.00366226629554281,-1.54700612413664e-09
-1.02976360178656e-09,-0.00369344824113215,-1.5454455062536e-09
-1.04211390241138e-09,-0.0037249975747431,-1.54388266226123e-09
-1.05444026952443e-09,-0.0037568726793887,-1.54231775751045e-09
-1.06674278928127e-09,-0.00378902808858169,-1.54075092921854e-09
-1.07902147762071e-09,-0.0038214135016642,-1.53918229049329e-09
-1.09127628146611e-09,-0.00385397307567729,-1.53761193490185e-09
-1.10350710930913e-09,-0.0038866451647626,-1.53603994126102e-09
-1.11571387858149e-09,-0.00391936263456885,-1.53446637826298e-09
-1.12789655791861e-09,-0.00395205381265236,-1.53289130856441e-09
-1.14005518530664e-09,-0.00398464405044054,-1.5313147921964e-09
-1.15218985684077e-09,-0.0040170577809743,-1.52973688932763e-09
-1.16430069786854e-09,-0.0040492208790182,-1.52815766282093e-09
-1.17638783952989e-09,-0.00408106312797717,-1.52657718121379e-09
-1.18845143735079e-09,-0.00411252116933594,-1.52499552597798e-09
-1.20049174864303e-09,-0.00414354229188648,-1.52341280662121e-09
-1.21250919850911e-09,-0.00417408728445343,-1.52182917541153e-09
-1.22450437555808e-09,-0.0042041310037058,-1.52024483439194e-09
-1.23647796010032e-09,-0.00423366082504695,-1.51866003396712e-09
-1.24843062600783e-09,-0.00426267392869313,-1.51707506613663e-09
-1.26036296214467e-09,-0.00429117437687179,-1.51549025618074e-09
-1.27227544142193e-09,-0.00431917056498558,-1.51390595560772e-09
-1.28416844063859e-09,-0.00434667324774871,-1.51232253756067e-09
-1.29604229401661e-09,-0.0043736941276009,-1.51074039458822e-09
-1.30789735356135e-09,-0.00440024494480013,-1.50915993783726e-09
-1.31973403126948e-09,-0.00442633703860731,-1.5075815965891e-09
-1.33155280934193e-09,-0.00445198137286294,-1.50600581727918e-09
-1.34335421990267e-09,-0.00447718899984643,-1.50443306159688e-09
-1.35513880892649e-09,-0.00450197188158634,-1.50286380372664e-09
-1.36690710459462e-09,-0.00452634392730366,-1.50129852709584e-09
-1.37865960549171e-09,-0.00455032206701319,-1.4997377210255e-09
-1.39039679207848e-09,-0.00457392717770724,-1.49818187755651e-09
-1.40211915192127e-09,-0.00459718470828356,-1.496631488557e-09
-1.41382720221876e-09,-0.00462012490201021,-1.49508704308578e-09
-1.42552149581685e-09,-0.0046427825785566,-1.49354902492904e-09
-1.43720260709968e-09,-0.004665196501196,-1.49201791034717e-09
-1.44887110584652e-09,-0.00468740841104334,-1.49049416613545e-09
-1.46052753268007e-09,-0.00470946181427895,-1.4889782479618e-09
-1.47217237470268e-09,-0.00473140011547658,-1.48747059608348e-09
-1.48380603192759e-09,-0.00475326354892912,-1.48597162453578e-09
-1.49542880626869e-09,-0.00477508609610188,-1.48448170915125e-09
-1.50704093860435e-09,-0.00479689391822205,-1.48300118179744e-09
-1.51864267115731e-09,-0.00481870556078963,-1.4815303319351e-09
-1.53023429542492e-09,-0.00484053338486416,-1.48006941271833e-09
-1.54181616157158e-09,-0.00486238547173277,-1.47861864787884e-09
-1.5533886540359e-09,-0.00488426745800255,-1.47717823690925e-09
-1.56495215696955e-09,-0.00490618407031136,-1.47574835775214e-09
-1.57650703259038e-09,-0.00492814033930815,-1.47432916750435e-09
-1.58805362102852e-09,-0.00495014253332493,-1.47292080214193e-09
-1.59959225416801e-09,-0.0049721988190978,-1.47152337603131e-09
-1.61112326859668e-09,-0.0049943196107015,-1.47013698174237e-09
-1.6226470065801e-09,-0.00501651755961006,-1.46876169023583e-09
-1.63416380433861e-09,-0.00503880717581724,-1.46739755139658e-09
-1.64567394226233e-09,-0.0050612041306019,-1.46604454760066e-09
-1.65717727036445e-09,-0.00508372434800399,-1.4647020857567e-09
-1.66867304037384e-09,-0.00510638298645867,-1.46336877516743e-09
-1.68016017761281e-09,-0.00512919320510637,-1.46204281149668e-09
-1.69163745567788e-09,-0.00515216465722634,-1.46072222057676e-09
-1.70310358466386e-09,-0.00517530216000659,-1.45940498055433e-09
-1.71455725592513e-09,-0.00519860492106153,-1.45808908212804e-09
-1.72599716517529e-09,-0.00522206643848094,-1.45677255822326e-09
-1.73742202499246e-09,-0.00524567497290131,-1.45545349894768e-09
-1.74883057369088e-09,-0.00526941438873447,-1.45413005927777e-09
-1.76022158485465e-09,-0.00529326515517066,-1.45280046278947e-09
-1.77159387822913e-09,-0.00531720533764872,-1.4514630030675e-09
-1.78294632881745e-09,-0.00534121145821117,-1.45011604357123e-09
-1.79427786945424e-09,-0.00536525914221628,-1.44875801652986e-09
-1.80558748423827e-09,-0.00538932350066332,-1.44738742139513e-09
-1.8168741949534e-09,-0.00541337922925893,-1.44600282328169e-09
-1.82813704682287e-09,-0.0054374004413815,-1.4446028517279e-09
-1.83937510087538e-09,-0.00546136029008362,-1.44318620006383e-09
-1.85058743703994e-09,-0.0054852304677979,-1.44175162536631e-09
-1.86177316648683e-09,-0.00550898069465051,-1.44029794894818e-09
-1.87293144696739e-09,-0.00553257831278132,-1.43882405715656e-09
-1.88406149374534e-09,-0.00555598809357356,-1.43732890223316e-09
-1.89516258170482e-09,-0.00557917233867309,-1.43581150304915e-09
-1.90623403950937e-09,-0.00560209131750578,-1.43427094559736e-09
-1.9172752413258e-09,-0.00562470403856139,-1.43270638334506e-09
-1.92828560293409e-09,-0.00564696930520333,-1.43111703746298e-09
-1.93926458634698e-09,-0.00566884696621667,-1.42950219706883e-09
-1.95021171821238e-09,-0.00569029948849862,-1.42786122056349e-09
-1.96112663782204e-09,-0.0057112945971319,-1.42619354178395e-09
-1.97200915683907e-09,-0.00573180874352505,-1.42449868072377e-09
-1.98285926133308e-09,-0.00575182914289345,-1.4227762500862e-09
-1.99367705088951e-09,-0.00577135379914682,-1.42102595516186e-09
-2.00446265103655e-09,-0.00579038996204109,-1.41924758811612e-09
-2.01521614519861e-09,-0.00580895193144914,-1.41744101978811e-09
-2.02593755201343e-09,-0.00582705893700209,-1.41560619181001e-09
-2.03662684539257e-09,-0.00584473342521208,-1.41374311053272e-09
-2.04728399586919e-09,-0.00586199977716323,-1.41185184295084e-09
-2.0579090087091e-09,-0.00587888335749992,-1.40993251412309e-09
-2.06850194335882e-09,-0.00589540981350487,-1.40798530524909e-09
-2.07906291206048e-09,-0.00591160460710915,-1.40601045171136e-09
-2.08959206561902e-09,-0.00592749280266247,-1.40400824078612e-09
-2.100089577851e-09,-0.00594309912716918,-1.40197900891013e-09
-2.1105556374321e-09,-0.00595844828103539,-1.39992313868504e-09
-2.12099044947701e-09,-0.00597356543179092,-1.39784105571871e-09
-2.13139424316131e-09,-0.00598847679099997,-1.39573322538064e-09
-2.14176727886194e-09,-0.00600321016432934,-1.39360014955457e-09
-2.15210984929426e-09,-0.00601779536952353,-1.3914423633369e-09
-2.16242226784437e-09,-0.00603226421621227,-1.38926043077807e-09
-2.17270482689879e-09,-0.00604664906043089,-1.38705493577767e-09
-2.18295774749813e-09,-0.00606098022433701,-1.3848264695043e-09
-2.19318117003674e-09,-0.00607528393726213,-1.38257562126028e-09
-2.203375194273e-09,-0.00608958155817139,-1.3803029758083e-09
-2.21353993871294e-09,-0.00610388982520057,-1.37800911589306e-09
-2.22367558320923e-09,-0.006118221492432,-1.37569462683949e-09
-2.23378237435955e-09,-0.00613258575922165,-1.37336010022607e-09
-2.24386059241875e-09,-0.00614698801689919,-1.37100613397615e-09
-2.25391050293557e-09,-0.00616142908702882,-1.3686333291032e-09
-2.26393232369603e-09,-0.00617590455422744,-1.36624228545531e-09
-2.27392622094572e-09,-0.00619040460193281,-1.36383359828936e-09
-2.28389232945693e-09,-0.00620491442766249,-1.36140785630162e-09
-2.29383078048909e-09,-0.00621941507509533,-1.35896564088164e-09
-2.30374172255367e-09,-0.00623388443809297,-1.35650752600784e-09
-2.31362532760089e-09,-0.00624829822954138,-1.35403407827964e-09
-2.32348178411578e-09,-0.00626263079302533,-1.35154585686649e-09
-2.33331128412566e-09,-0.00627685571138981,-1.34904341346522e-09
-2.34311401206724e-09,-0.00629094621183892,-1.34652729239164e-09
-2.35289014069368e-09,-0.00630487538820001,-1.34399803102211e-09
-2.36263983480336e-09,-0.00631861627230333,-1.34145616065565e-09
-2.37236325986855e-09,-0.0063321417982942,-1.33890220774961e-09
-2.38206059105433e-09,-0.0063454247172318,-1.336336695377e-09
-2.39173201879772e-09,-0.00635843752961423,-1.33376014477846e-09
-2.40137774965853e-09,-0.00637115250481465,-1.33117307689808e-09
-2.41099800390493e-09,-0.00638354184601487,-1.32857601387973e-09
-2.42059301300716e-09,-0.00639557803805727,-1.32596948048739e-09
-2.43016301996869e-09,-0.0064072343874369,-1.32335400550602e-09
-2.43970828927235e-09,-0.00641848599380244,-1.32073012424874e-09
-2.44922914435136e-09,-0.00642931204302294,-1.3180983861791e-09
-2.45872601988409e-09,-0.00643969925686228,-1.31545936752488e-09
-2.46819946787354e-09,-0.00644964413181624,-1.31281367929324e-09
-2.47765011176825e-09,-0.00645915331232143,-1.31016196783489e-09
-2.48707857848823e-09,-0.00646824250577849,-1.30750490925126e-09
-2.49648544652703e-09,-0.00647693482954094,-1.30484320119394e-09
-2.50587123043042e-09,-0.00648525926737341,-1.30217755514814e-09
-2.515236398331e-09,-0.00649324948397068,-1.29950869079252e-09
-2.52458140480671e-09,-0.00650094292576573,-1.29683733260852e-09
-2.53390671991606e-09,-0.00650838003304123,-1.29416420796717e-09
-2.54321284323847e-09,-0.00651560344673816,-1.29149004587195e-09
-2.55250030199798e-09,-0.00652265720258756,-1.28881557573645e-09
-2.56176963942389e-09,-0.00652958598270801,-1.28614152588981e-09
-2.57102140063613e-09,-0.00653643446510022,-1.28346862167076e-09
-2.5802561105647e-09,-0.00654324624527252,-1.28079758075187e-09
-2.58947423651685e-09,-0.006550061669328,-1.27812910299038e-09
-2.59867616727389e-09,-0.00655691572527078,-1.27546385983041e-09
-2.60786223254397e-09,-0.00656383725411333,-1.27280248878587e-09
-2.61703274479063e-09,-0.00657084937200734,-1.27014559290583e-09
-2.62618802916084e-09,-0.00657797021603726,-1.26749374180226e-09
-2.63532842563136e-09,-0.00658521340271429,-1.26484747192224e-09
-2.64445427129714e-09,-0.00659258811753467,-1.26220728585865e-09
-2.6535658781192e-09,-0.00660009892344544,-1.25957365114643e-09
-2.66266351869705e-09,-0.00660774543655914,-1.25694699917459e-09
-2.67174742417966e-09,-0.00661552197808826,-1.25432772471859e-09
-2.68081779103253e-09,-0.00662341725392377,-1.25171618621088e-09
-2.68987479026217e-09,-0.00663141408134799,-1.24911270663215e-09
-2.69891857387186e-09,-0.00663948918300301,-1.24651757486878e-09
-2.70794927684737e-09,-0.00664761308560311,-1.24393104734413e-09
-2.71696701614032e-09,-0.00665575017517179,-1.24135334978108e-09
-2.72597188957829e-09,-0.00666385895989941,-1.23878467912813e-09
-2.73496397708205e-09,-0.00667189257464776,-1.23622520558386e-09
-2.74394334488001e-09,-0.00667979953338906,-1.2336750747556e-09
-2.75291005156209e-09,-0.0066875247054881,-1.23113440996502e-09
-2.76186415401677e-09,-0.00669501046559536,-1.22860331465299e-09
-2.77080571172241e-09,-0.00670219794930279,-1.22608187489475e-09
-2.77973478912264e-09,-0.00670902833933089,-1.22357016211563e-09
-2.78865145710668e-09,-0.00671544410962149,-1.22106823603267e-09
-2.79755579522309e-09,-0.00672139016579642,-1.2185761478951e-09
-2.80644789597686e-09,-0.00672681483775355,-1.21609394405507e-09
-2.81532787239203e-09,-0.00673167074646776,-1.21362167007295e-09
-2.82419588175391e-09,-0.00673591619919987,-1.21115937817142e-09
-2.83305217395572e-09,-0.00673951773934633,-1.20870714094999e-09
-2.84189711938629e-09,-0.00674245217450661,-1.2062650643893e-09
-2.85073118662904e-09,-0.00674470678295269,-1.2038332940928e-09
-2.8595548843921e-09,-0.00674627791258207,-1.20141201436517e-09
-2.86836870176231e-09,-0.00674716891967197,-1.19900144282e-09
-2.87717307343599e-09,-0.00674738831651463,-1.19660182364436e-09
-2.88596837730311e-09,-0.00674694854955962,-1.19421342175875e-09
-2.89475495503597e-09,-0.00674586540710276,-1.1918365187064e-09
-2.90353313971305e-09,-0.00674415784078002,-1.1894714100879e-09
-2.91230327718106e-09,-0.00674184796788673,-1.1871184039161e-09
-2.92106573513679e-09,-0.00673896110184523,-1.18477781926818e-09
-2.9298209010658e-09,-0.00673552574271054,-1.18244998477241e-09
-2.93856917400056e-09,-0.00673157350607673,-1.18013523679236e-09
-2.94731095574741e-09,-0.00672713898050091,-1.17783391741127e-09
-2.95604664525321e-09,-0.00672225950259778,-1.17554637237627e-09
-2.9647766371838e-09,-0.00671697484272198,-1.17327294916589e-09
-2.97350132362646e-09,-0.00671132680709226,-1.171013995246e-09
-2.98222109685492e-09,-0.00670535877926337,-1.16876985659489e-09
-2.99093635131756e-09,-0.00669911523781559,-1.16654087642153e-09
-2.99964748408995e-09,-0.00669264129367329,-1.16432739406471e-09
-3.00835492524184e-09,-0.0066859822890364,-1.16212934462559e-09
-3.01705905811043e-09,-0.00667918349236977,-1.15994593172975e-09
-3.02576024566245e-09,-0.00667228986802826,-1.15777723896513e-09
-3.03445886441702e-09,-0.00666534535089461,-1.15562403239715e-09
-3.04315526700581e-09,-0.00665839091069803,-1.15348716200031e-09
-3.05184974429567e-09,-0.00665146252161555,-1.15136723491165e-09
-3.06054252544364e-09,-0.006644590423221,-1.14926459248844e-09
-3.06923381177982e-09,-0.0066377998023072,-1.14717943162611e-09
-3.07792381662282e-09,-0.00663111224606252,-1.14511192002588e-09
-3.08661278643494e-09,-0.00662454719583858,-1.14306224463566e-09
-3.09530099671982e-09,-0.00661812293349879,-1.14103060514095e-09
-3.10314248963209e-09,-0.00661185701318468,-1.14132423122675e-09
-3.10966208804304e-09,-0.00660576628631141,-1.16289400701937e-09
-3.12294130637207e-09,-0.00659986664791773,-1.18130589637024e-09
-3.14415435844769e-09,-0.00659417229669696,-1.11913927489476e-09
-3.16920825927321e-09,-0.00658869459028308,-9.17138515688231e-10
-3.19244499514481e-09,-0.00658344093430255,-5.6813311010391e-10
-3.21425775010135e-09,-0.00657841398475116,-8.8918536198737e-11
-3.23367374558171e-09,-0.00657361153577086,5.00046892102958e-10
-3.24987120705661e-09,-0.006569026333256,1.15714924859312e-09
-3.26591138024108e-09,-0.00656464613767362,1.83535861741443e-09
-3.28937940918067e-09,-0.00656045396178086,2.53286222817311e-09
-3.32334552063607e-09,-0.00655642842328857,3.29951184435922e-09
-3.36155042281397e-09,-0.00655254415858123,4.23500558098582e-09
-3.38730275646304e-09,-0.00654877228409206,5.51844317115349e-09
-3.40288581590296e-09,-0.00654508135802162,7.15861542172229e-09
-3.4179151947523e-09,-0.0065414378584468,9.0962739581094e-09
-3.44179260034951e-09,-0.00653780668341201,1.12447923279605e-08
-3.48386769013511e-09,-0.0065341516758947,1.34427886117795e-08
-3.54882994257809e-09,-0.0065304360632725,1.55110033686378e-08
-3.64567991626183e-09,-0.00652662292016312,1.71668550251044e-08
-3.77234315059507e-09,-0.00652267548704246,1.8236366402218e-08
-3.91211862627583e-09,-0.00651855744987872,1.87086560142559e-08
-4.03705656664474e-09,-0.00651423320901552,1.87860958099575e-08
-4.13674323941759e-09,-0.00650966835626402,1.8669995522735e-08
-4.21820686363955e-09,-0.00650483017339194,1.8502662685183e-08
-4.29513728247007e-09,-0.00649968837085201,1.83710577566222e-08
-4.38467412954954e-09,-0.00649421700885646,1.82514115279052e-08
-4.50096005765214e-09,-0.0064883972805724,1.80002189643e-08
-4.61224850935149e-09,-0.00648221977624461,1.78389460237313e-08
-4.69899805991128e-09,-0.00647568446526456,1.80219946718773e-08
-4.769259743424e-09,-0.0064687993273407,1.86323805784044e-08
-4.85524207771573e-09,-0.00646157865092877,1.94768352557579e-08
-4.97537586594834e-09,-0.00645404180531319,2.03333366716701e-08
-5.1290731827716e-09,-0.00644621220475247,2.10577047770022e-08
-5.31030694951211e-09,-0.00643811667334568,2.15415728793952e-08
-5.51883462567615e-09,-0.00642978502068862,2.16187156032406e-08
-5.73365763584954e-09,-0.00642124976648202,2.13655802782007e-08
-5.94158653138065e-09,-0.00641254560270432,2.09575255008252e-08
-6.12748783444351e-09,-0.00640370873705038,2.07269185822591e-08
-6.25736735892851e-09,-0.00639477622639804,2.14020961347924e-08
-6.36301594443629e-09,-0.00638578588205544,2.31066686237907e-08
-6.49031445775174e-09,-0.00637677583035394,2.56072594349336e-08
-6.66933879527551e-09,-0.00636778412733535,2.85198819457336e-08
-6.89007516864744e-09,-0.00635884863040291,3.16428641767271e-08
-7.14358808811609e-09,-0.00635000709828688,3.4691970887346e-08
-7.42078756169832e-09,-0.00634129712686426,3.74016245887039e-08
-7.70503917515919e-09,-0.00633275541704549,3.97348414299602e-08
-7.98573668117469e-09,-0.00632441575176892,4.17718607013276e-08
-8.26238734799835e-09,-0.00631630691692741,4.36193333318499e-08
-8.54302174021224e-09,-0.00630845201438608,4.53876111179496e-08
-8.83197738758741e-09,-0.00630086897844976,4.71704139875735e-08
-9.12352338372645e-09,-0.00629357160964457,4.89778028007915e-08
-9.41504632719957e-09,-0.00628656988401526,5.07318295152744e-08
-9.71004833332288e-09,-0.00627986961984907,5.23372856199094e-08
-1.00163427063422e-08,-0.00627347191312973,5.37468711201998e-08
-1.03378335091677e-08,-0.00626737237551239,5.49717369551403e-08
-1.06723926490953e-08,-0.00626156073813469,5.61034786357886e-08
-1.1013305936583e-08,-0.0062560210074257,5.73468483181211e-08
-1.13693874478357e-08,-0.0062507329406503,5.86133558261811e-08
-1.17448302163847e-08,-0.00624567524517001,5.97478637474042e-08
-1.2133204266175e-08,-0.00624083062218226,6.06544184464851e-08
-1.25233229382593e-08,-0.00623619143501147,6.13660965342839e-08
-1.29104426393007e-08,-0.00623176453343351,6.19536261538679e-08
-1.32960569839648e-08,-0.00622757282673229,6.24797423375618e-08
-1.36845588514974e-08,-0.00622365314530083,6.30368099925848e-08
-1.4082441945908e-08,-0.00622005065864757,6.38980919834943e-08
-1.44950442356989e-08,-0.00621681134291587,6.53181845783303e-08
-1.4928514231589e-08,-0.00621397332397956,6.73829282125862e-08
-1.5390499040783e-08,-0.00621155840925661,6.9894223653988e-08
-1.58555126272423e-08,-0.00620956471318341,7.25842994091326e-08
-1.62958521923777e-08,-0.00620796127605149,7.52060888776084e-08
-1.67108143200293e-08,-0.00620668510893251,7.75855681734478e-08
-1.71219819140564e-08,-0.00620564191758744,7.96496413824964e-08
-1.7553362762002e-08,-0.0062047111171406,8.14805958903411e-08
-1.79893453842332e-08,-0.00620375506183962,8.3384784538986e-08
-1.84126830353269e-08,-0.00620263041233831,8.56099529311665e-08
-1.88253395589084e-08,-0.00620119939545113,8.82086388354793e-08
-1.9257781124284e-08,-0.00619933848530678,9.09451962783182e-08
-1.97289255024849e-08,-0.00619694289334865,9.35177038589155e-08
-2.02465488911725e-08,-0.006193926887507,9.56445256628407e-08
-2.08270153597994e-08,-0.006190220784713,9.70257595993464e-08
-2.14641725650734e-08,-0.00618576642740418,9.75436590023463e-08
-2.21275950230792e-08,-0.00618051251493659,9.72673801517476e-08
-2.27873577300685e-08,-0.00617440921987901,9.63196017018102e-08
-2.34254619529421e-08,-0.00616740247639609,9.4877261772977e-08
-2.40207270797872e-08,-0.00615942926346706,9.32269347971637e-08
-2.45514695744574e-08,-0.00615041575905629,9.17319094190123e-08
-2.50236798571822e-08,-0.00614027874238569,9.0590565581209e-08
-2.54744578914697e-08,-0.00612893021688947,8.9761596293868e-08
-2.59565869097668e-08,-0.00611628417813443,8.89402964495941e-08
-2.64800463601616e-08,-0.00610226413729664,8.79124747358896e-08
-2.70224712007897e-08,-0.00608680963164209,8.65879702851324e-08
-2.75494620550062e-08,-0.00606988085472071,8.50187012810162e-08
-2.80494220294456e-08,-0.00605146105793664,8.33530258380501e-08
-2.85779050290588e-08,-0.00603155692363907,8.14331933720753e-08
-2.91837738268386e-08,-0.00601019553782395,7.90470803694386e-08
-2.98473831854397e-08,-0.00598741901625493,7.61742703992048e-08
-3.04783262278192e-08,-0.005963277528753,7.32633586525214e-08
-3.10525981766911e-08,-0.0059378223029447,7.05261631714153e-08
-3.15900208962367e-08,-0.00591109959964706,6.78450328790672e-08
-3.21226937700946e-08,-0.00588314635021994,6.5072469223838e-08
-3.26679522690736e-08,-0.00585398863874024,6.21791562425309e-08
-3.32131034614647e-08,-0.00582364313579166,5.93532772850035e-08
-3.37685859613243e-08,-0.0057921211860643,5.65564956198249e-08
-3.43287776406541e-08,-0.00575943433893077,5.37148711130806e-08
-3.4904356262217e-08,-0.00572560049176138,5.07990988680148e-08
-3.55001801080282e-08,-0.00569064977078675,4.78005188073977e-08
-3.61118269887237e-08,-0.00565462996199452,4.47308303499814e-08
-3.67320466751057e-08,-0.00561760948609091,4.16183389543283e-08
-3.73535598872045e-08,-0.00557967791536611,3.85148250503727e-08
-3.79729847171657e-08,-0.00554094357402002,3.54775055842032e-08
-3.85981103306017e-08,-0.00550152896076338,3.24536269527925e-08
-3.92086140458422e-08,-0.00546156387384966,2.96656643995936e-08
-3.98005613649257e-08,-0.00542117772670874,2.72936214045314e-08
-4.04061423600614e-08,-0.00538049292845168,2.51391585332114e-08
-4.1062586666386e-08,-0.00533962029931541,2.2702430872804e-08
-4.17480425262398e-08,-0.00529865749487002,1.99420719571728e-08
-4.24335065574534e-08,-0.00525768970325857,1.70097529468023e-08
-4.31125429814003e-08,-0.00521679248221959,1.3950136953966e-08
-4.38036247417547e-08,-0.00517603586904046,1.04835464699988e-08
-4.44901638789695e-08,-0.00513548868706146,6.7589580324257e-09
-4.51598844865851e-08,-0.00509522133047135,3.0351043055881e-09
-4.58153143772132e-08,-0.00505530796280991,-5.08959062949848e-10
-4.64667943941282e-08,-0.00501582851425798,-3.78971793486326e-09
-4.71245924254106e-08,-0.00497686997544643,-6.8000618231942e-09
-4.77940015735779e-08,-0.0049385257660646,-9.57705203808551e-09
-4.84745006957277e-08,-0.00490089259598484,-1.21720319087525e-08
-4.91666047813639e-08,-0.00486406567035817,-1.47194986125992e-08
-4.9876654771222e-08,-0.00482813323561984,-1.75609885083846e-08
-5.05878279867493e-08,-0.00479317199598525,-2.06417523777132e-08
-5.12879058275398e-08,-0.00475924323637973,-2.37724174229971e-08
-5.19793261419466e-08,-0.00472639066985122,-2.68460962491812e-08
-5.26772051243653e-08,-0.00469464034591199,-2.99904651652748e-08
-5.33883331203859e-08,-0.00466400272651029,-3.33251998492173e-08
-5.41059678912044e-08,-0.00463447649961135,-3.67944804203972e-08
-5.48228283481227e-08,-0.00460605346831,-4.03043418669803e-08
-5.55348107238561e-08,-0.00457872378015598,-4.37694948290309e-08
-5.62397978769379e-08,-0.00455248030194911,-4.70816216974788e-08
-5.69402350218427e-08,-0.00452732117014232,-5.01735816541251e-08
-5.76410217079227e-08,-0.00450324946812685,-5.30309435409887e-08
-5.83464376360695e-08,-0.004480270816543,-5.56738760328325e-08
-5.90583629654216e-08,-0.00445838951001706,-5.8137363391585e-08
-5.97760592016158e-08,-0.00443760388761436,-6.04562580697436e-08
-6.04971110745583e-08,-0.0044179020657991,-6.2657234794224e-08
-6.12162493055542e-08,-0.00439925741041713,-6.47590241742685e-08
-6.19224344717635e-08,-0.00438162493391253,-6.67960315662849e-08
-6.26134885570694e-08,-0.00436493931056707,-6.88292577835769e-08
-6.33010852130277e-08,-0.00434911502867833,-7.09135803041912e-08
-6.40006791045537e-08,-0.00433404896089096,-7.30557457281361e-08
-6.47169200048481e-08,-0.00431962518776147,-7.52198238556635e-08
-6.54446969647391e-08,-0.00430572132699026,-7.73662848177566e-08
-6.61757189636721e-08,-0.0042922153064343,-7.94726616513518e-08
-6.69047422202706e-08,-0.00427899142006699,-8.15344431179154e-08
-6.76327341344391e-08,-0.00426594482148551,-8.3557296968537e-08
-6.83666801032386e-08,-0.00425298408716974,-8.55502428128511e-08
-6.91189296939403e-08,-0.00424003188714793,-8.75430421646914e-08
-6.98973154864734e-08,-0.00422702465292327,-8.95877487757067e-08
-7.07028889727753e-08,-0.0042139121558135,-9.17312788323282e-08
-7.15308413353986e-08,-0.00420065580289604,-9.3982044001091e-08
-7.23824270798512e-08,-0.00418722503325296,-9.63104966299887e-08
-7.32648884345022e-08,-0.00417359279629758,-9.86827333588642e-08
-7.41870172339765e-08,-0.00415973203737647,-1.0107906205195e-07
-7.51552228984385e-08,-0.00414561408220888,-1.03493490714377e-07
-7.61715506982624e-08,-0.00413120934617316,-1.05918906195439e-07
-7.72402378298122e-08,-0.00411648968776727,-1.08340760008071e-07
-7.83699906624781e-08,-0.00410143186593356,-1.10750632275599e-07
-7.95669312071228e-08,-0.00408602126711433,-1.13151789046936e-07
-8.08336181184982e-08,-0.0040702558208995,-1.15551455611539e-07
-8.21709713458165e-08,-0.0040541479226082,-1.17955114242932e-07
-8.35801810772089e-08,-0.00403772481241638,-1.20365308446496e-07
-8.50637087910031e-08,-0.00402102745663037,-1.22783036411757e-07
-8.66252577812423e-08,-0.00400410810218139,-1.25209420177904e-07
-8.82690824855917e-08,-0.00398702669632898,-1.27646500726922e-07
-8.99991515906448e-08,-0.00396984660973695,-1.30097169944238e-07
-9.1818577078008e-08,-0.00395263053878786,-1.32564743174034e-07
-9.37295017140149e-08,-0.00393543725775033,-1.35052599921512e-07
-9.5733407121622e-08,-0.00391831980991707,-1.37564041851019e-07
-9.7831637165941e-08,-0.00390132510292176,-1.40102311425853e-07
-1.00025866516172e-07,-0.00388449503602725,-1.42670655690535e-07
-1.02318295822751e-07,-0.00386786859391492,-1.45272358452808e-07
-1.04711492754986e-07,-0.00385148341863116,-1.47910719815024e-07
-1.07207985415241e-07,-0.00383537692317333,-1.50589003670995e-07
-1.09809844674962e-07,-0.00381958773594274,-1.53310387502721e-07
-1.12518476835271e-07,-0.00380415733882562,-1.56077931800009e-07
-1.15334721887689e-07,-0.00378913157827349,-1.58894568656914e-07
-1.18258998359432e-07,-0.00377456108299859,-1.61761942620465e-07
-1.21291796170012e-07,-0.00376050039313265,-1.64669828346715e-07
-1.24435050344135e-07,-0.00374700558699524,-1.67595551397553e-07
-1.27691231605398e-07,-0.0037341307366319,-1.70517448266223e-07
-1.31061865943893e-07,-0.00372192442772522,-1.73422754508399e-07
-1.34546310817647e-07,-0.00371042699302891,-1.76317514842183e-07
-1.38142844817534e-07,-0.00369966887620835,-1.79225975105275e-07
-1.41847793593089e-07,-0.00368967036209,-1.82195470943746e-07
-1.45660602576753e-07,-0.00368044262569093,-1.85289963591922e-07
-1.49584692937684e-07,-0.00367198984138902,-1.88561761860744e-07
-1.53626823069045e-07,-0.00366431194867931,-1.92020975894159e-07
-1.57790092840667e-07,-0.00365740807983704,-1.95638694049158e-07
-1.6207357809668e-07,-0.00365127961121851,-1.99381867443108e-07
-1.6647478903781e-07,-0.00364593195769275,-2.03231855166285e-07
-1.70989462035729e-07,-0.00364137534087744,-2.07170310326025e-07
-1.75611963619573e-07,-0.00363762432910874,-2.11147303384913e-07
-1.80350367899247e-07,-0.0036346964485784,-2.15070326403961e-07
-1.85207284089423e-07,-0.00363260935200545,-2.18714372871244e-07
-1.90180219974457e-07,-0.00363137686732435,-2.21896606020905e-07
-1.95263116687448e-07,-0.00363100504017282,-2.24608856108218e-07
-2.00460871728323e-07,-0.00363148890571972,-2.27119695978065e-07
-2.05777657189653e-07,-0.00363281062117038,-2.29700334385233e-07
-2.11213170602149e-07,-0.0036349386696634,-2.32508703405287e-07
-2.16763978101148e-07,-0.00363782851167639,-2.35592607663905e-07
-2.22425697459402e-07,-0.00364142449630601,-2.38927756927983e-07
-2.28195776057425e-07,-0.00364566281969578,-2.42458006727481e-07
-2.34075420032704e-07,-0.00365047498984305,-2.46104683281359e-07
-2.40064587862055e-07,-0.00365579119765445,-2.49780068615498e-07
-2.46161904404394e-07,-0.0036615433951616,-2.53416897830605e-07
-2.52365808984278e-07,-0.00366766709036211,-2.56977833608153e-07
-2.58674944665215e-07,-0.00367410207420615,-2.60448114537141e-07
-2.6508804183884e-07,-0.00368079212590467,-2.63825497626402e-07
-2.71603852045727e-07,-0.00368768391423526,-2.67133475790445e-07
-2.78220920774165e-07,-0.00369472551677292,-2.70428333332791e-07
-2.84937377215322e-07,-0.00370186465624115,-2.73762595852914e-07
-2.91752075509269e-07,-0.00370904765294337,-2.77159300437453e-07
-2.98664633605839e-07,-0.00371622029718155,-2.8062160280852e-07
-3.05672445967329e-07,-0.00372333090066496,-2.84123803434007e-07
-3.12766617207127e-07,-0.00373033287865484,-2.87559577681085e-07
-3.19944082909044e-07,-0.00373718632409152,-2.90846461689662e-07
-3.27209753567406e-07,-0.00374385879669345,-2.93980737606694e-07
-3.3457577678574e-07,-0.0037503259559331,-2.97084083436849e-07
-3.42046619107279e-07,-0.00375657259190511,-3.00280767197536e-07
-3.49618602592478e-07,-0.00376259338770205,-3.03647608021687e-07
-3.57283026084753e-07,-0.0037683933424269,-3.07212027045745e-07
-3.65030497769311e-07,-0.00377398746395936,-3.10947981283348e-07
-3.72864770654736e-07,-0.00377939949723677,-3.14823344061651e-07
-3.80789914793309e-07,-0.00378465978941024,-3.18866105182295e-07
-3.88807493188291e-07,-0.00378980264229129,-3.23180278639566e-07
-3.96906011049585e-07,-0.00379486401370281,-3.27752758422478e-07
-4.05077790689211e-07,-0.0037998791306561,-3.32516934836589e-07
-4.13322511458983e-07,-0.00380488087767069,-3.37413101029809e-07
-4.21642455819585e-07,-0.00380989913052657,-3.42403992845214e-07
-4.30037308020147e-07,-0.00381496027219214,-3.47453070052179e-07
-4.38509069513043e-07,-0.00382008620853494,-3.52515872193342e-07
-4.47062473294934e-07,-0.00382529409761113,-3.57577802615957e-07
-4.556974013228e-07,-0.00383059769570199,-3.62662283077139e-07
-4.64409647928799e-07,-0.00383600991410127,-3.67800334021834e-07
-4.73194472450769e-07,-0.00384154544213784,-3.7301064818243e-07
-4.82048863321524e-07,-0.00384722251449893,-3.78296905264155e-07
-4.90971783339455e-07,-0.00385306401665559,-3.83654364917052e-07
-4.99962618809179e-07,-0.0038590965633115,-3.89074700770686e-07
-5.09017466877388e-07,-0.00386534863296183,-3.94480097528584e-07
-5.18128322954733e-07,-0.00387184832115389,-3.99601789375087e-07
-5.27294508158665e-07,-0.00387862160810961,-4.04214870230607e-07
-5.365215236386e-07,-0.00388569059771382,-4.08262942605788e-07
-5.45819362376534e-07,-0.00389307237151192,-4.11944354719624e-07
-5.55197562311077e-07,-0.00390077854791305,-4.15661507687867e-07
-5.64652387232906e-07,-0.00390881577838951,-4.1972539609523e-07
-5.74171999230966e-07,-0.00391718686879261,-4.24264873049228e-07
-5.8375073468715e-07,-0.0039258924578983,-4.29402181080825e-07
-5.93378066574159e-07,-0.00393493313332912,-4.35004166885462e-07
-6.03049054492638e-07,-0.00394431100330939,-4.40876578177637e-07
-6.12766948882297e-07,-0.0039540309432527,-4.46892184256537e-07
-6.2254016722484e-07,-0.00396410124329346,-4.53021276160576e-07
-6.32370284914768e-07,-0.00397453389429913,-4.59164928797037e-07
-6.42255144723015e-07,-0.00398534367472182,-4.65234655924128e-07
-6.52190071380201e-07,-0.00399654654980166,-4.71206363133964e-07
-6.62172990272216e-07,-0.00400815735514205,-4.77098866635691e-07
-6.72203103205733e-07,-0.00402018740804206,-4.82929291537628e-07
-6.82280236259398e-07,-0.00403264201000965,-4.88699666709331e-07
-6.92403909907915e-07,-0.00404551866985316,-4.94390230413027e-07
-7.02567289266691e-07,-0.00405880622872377,-5.00000762759177e-07
-7.12766679496268e-07,-0.00407248519613993,-5.05574906135471e-07
-7.23004700543415e-07,-0.00408652859300595,-5.11159409402823e-07
-7.33286103802384e-07,-0.00410090338740511,-5.16683448726341e-07
-7.43602280128476e-07,-0.00411557224788609,-5.21922658943204e-07
-7.53955057605428e-07,-0.0041304957922263,-5.26904065535006e-07
-7.64346997765851e-07,-0.00414563408909897,-5.3175445931279e-07
-7.7477813239594e-07,-0.00416094772395537,-5.36582113960544e-07
-7.85247380236662e-07,-0.00417639829476136,-5.41421831181161e-07
-7.95751339090105e-07,-0.00419194854005082,-5.46262634713728e-07
-8.0628650089971e-07,-0.00420756179285411,-5.51101519916846e-07
-8.16846818663532e-07,-0.00422320096210634,-5.55894659488808e-07
-8.27421932095562e-07,-0.00423882774412508,-5.6047710636939e-07
-8.3802153099381e-07,-0.00425440213406085,-5.64887058612385e-07
-8.48654668088755e-07,-0.00426988159205507,-5.6922834749484e-07
-8.59320800071416e-07,-0.00428522101476256,-5.73560130549473e-07
-8.70003858460929e-07,-0.00430037389271083,-5.77766680110491e-07
-8.80682573493952e-07,-0.00431529586004656,-5.81551820948779e-07
-8.9136093568327e-07,-0.00432994893612988,-5.84756759284431e-07
-9.02060198480016e-07,-0.00434430452072268,-5.87401488528464e-07
-9.12816743897256e-07,-0.00435834455995526,-5.89813163383225e-07
-9.23636558292248e-07,-0.00437206113101015,-5.92378413206903e-07
-9.34492055602281e-07,-0.00438545533697678,-5.95273740369381e-07
-9.45346463601496e-07,-0.00439853605087848,-5.98308757090024e-07
-9.56192921461789e-07,-0.0044113188050518,-6.01278798127654e-07
-9.67057490904027e-07,-0.00442382458427562,-6.04283544910541e-07
-9.77950316617523e-07,-0.00443607825852203,-6.07495796069427e-07
-9.88870197606559e-07,-0.00444810695433605,-6.11000261684494e-07
-9.99812020772488e-07,-0.00445993855981258,-6.14803918666166e-07
-1.01077049306899e-06,-0.00447160056289905,-6.18873160416923e-07
-1.02174049217652e-06,-0.00448311935874772,-6.23139128097135e-07
-1.03271824144817e-06,-0.00449451972135404,-6.27500596052427e-07
-1.04371014104917e-06,-0.00450582353899104,-6.32003734897373e-07
-1.05471173586992e-06,-0.00451704858627679,-6.36528749890454e-07
-1.06571871872125e-06,-0.00452820842635797,-6.4089255040155e-07
-1.0767318878641e-06,-0.00453931362595583,-6.44945564334555e-07
-1.08776793271258e-06,-0.00455037370739192,-6.48507747784885e-07
-1.0988708842574e-06,-0.00456139955688725,-6.51748664433631e-07
-1.11008236285987e-06,-0.00457240419208122,-6.54947923840862e-07
-1.12142785117115e-06,-0.00458340258580396,-6.58288876292055e-07
-1.13292611014368e-06,-0.0045944107218293,-6.6174749145031e-07
-1.14459475179786e-06,-0.00460544477922497,-6.65184107657668e-07
-1.15645792395485e-06,-0.00461651990782682,-6.68495862108648e-07
-1.16854459159544e-06,-0.00462764914883075,-6.71638100145502e-07
-1.18088446643547e-06,-0.00463884269269345,-6.74589598725901e-07
-1.19351000878143e-06,-0.00465010762980292,-6.77452989003917e-07
-1.20645923638424e-06,-0.00466144823873954,-6.80646059029904e-07
-1.21975615454572e-06,-0.00467286649757643,-6.84517808246215e-07
-1.23341459097441e-06,-0.00468436302462771,-6.89239161155303e-07
-1.24744448238346e-06,-0.0046959382173648,-6.94856910950757e-07
-1.26185731870805e-06,-0.00470759340418328,-7.01337783207341e-07
-1.27667054311009e-06,-0.0047193318143161,-7.08659843536583e-07
-1.29190762710133e-06,-0.00473115912688121,-7.16920282715452e-07
-1.30757793581062e-06,-0.00474308363815429,-7.25934129143584e-07
-1.32368258359531e-06,-0.0047551159342867,-7.35188431139349e-07
-1.34024152082327e-06,-0.00476726771137694,-7.44459678755648e-07
-1.35728403694089e-06,-0.00477954987039228,-7.5384224513752e-07
-1.3748455082519e-06,-0.00479197060016457,-7.63866436922711e-07
-1.39294132574854e-06,-0.00480453418100044,-7.74969179233314e-07
-1.41156606563549e-06,-0.00481724029979886,-7.87194276681591e-07
-1.43071539623519e-06,-0.00483008339262219,-8.00421620400113e-07
-1.45039779488503e-06,-0.00484305254214109,-8.14601302475804e-07
-1.4706350154537e-06,-0.00485613186226986,-8.29952014708428e-07
-1.49142676001354e-06,-0.0048693015773329,-8.46328018130503e-07
-1.51277311808463e-06,-0.00488253898419986,-8.63495007893111e-07
-1.53468765594426e-06,-0.00489581949601665,-8.81412500300352e-07
-1.55720007238799e-06,-0.00490911762708594,-9.00474087402674e-07
-1.58031115758867e-06,-0.00492240811093818,-9.20792175222308e-07
-1.60401349593683e-06,-0.00493566633137668,-9.42311117592124e-07
-1.62830530246228e-06,-0.0049488683364698,-9.64966979710648e-07
-1.65319461964969e-06,-0.00496199051889068,-9.88799773584523e-07
-1.67868075197874e-06,-0.0049750091822561,-1.0137449291007e-06
-1.70474710344822e-06,-0.0049879001514975,-1.03944812832452e-06
-1.73138996134928e-06,-0.00500063805343281,-1.06559594530384e-06
-1.75862260627632e-06,-0.00501319587842171,-1.09207604555539e-06
-1.78646781412415e-06,-0.0050255449471603,-1.11902465777051e-06
-1.81492536520128e-06,-0.00503765548610998,-1.1464492274747e-06
-1.84399007683955e-06,-0.00504949815136237,-1.17431842816116e-06
-1.87366330865591e-06,-0.00506104734931696,-1.20266405355175e-06
-1.9039549651042e-06,-0.00507228455733434,-1.23165065337086e-06
-1.93485471262866e-06,-0.00508320016964652,-1.26124234723404e-06
-1.9663528490436e-06,-0.00509379371140681,-1.29132790621241e-06
-1.9984488424396e-06,-0.00510407257422107,-1.3218156774669e-06
-2.03114623438311e-06,-0.00511405051178155,-1.352660310725e-06
-2.06444864864481e-06,-0.0051237463042481,-1.38385300467653e-06
-2.0983578622782e-06,-0.0051331825681149,-1.41540364472844e-06
-2.13287391731809e-06,-0.00514238509569611,-1.44732890998441e-06
-2.16799561832609e-06,-0.00515138187042939,-1.47966338380713e-06
-2.2037183822877e-06,-0.00516020210572349,-1.51243673071945e-06
-2.24003819855342e-06,-0.00516887510541331,-1.54564565359756e-06
-2.27695251477846e-06,-0.00517742864798671,-1.57926870542993e-06
-2.31445936560715e-06,-0.00518588652074352,-1.61328269896444e-06
-2.35255642547264e-06,-0.00519426663573785,-1.64766982847889e-06
-2.39124056933353e-06,-0.00520258083947085,-1.68241725130088e-06
-2.43050795608397e-06,-0.00521083626772689,-1.7175140087975e-06
-2.47035434917772e-06,-0.00521903738064132,-1.75294871150344e-06
-2.51077538959151e-06,-0.0052271878298255,-1.78870888482985e-06
-2.55176435175663e-06,-0.00523529166117571,-1.82473315065355e-06
-2.59330657301394e-06,-0.00524335374302725,-1.86074331394261e-06
-2.63539310445649e-06,-0.00525137976952961,-1.89642728481584e-06
-2.67803820978757e-06,-0.00525937606597783,-1.93195303018599e-06
-2.72124980550343e-06,-0.00526734889717723,-1.96760075399345e-06
-2.76502316537952e-06,-0.00527530373068961,-2.00357144517111e-06
-2.8093462436115e-06,-0.00528324456506004,-2.03996081329718e-06
-2.8542054842634e-06,-0.00529117371178331,-2.07677517539519e-06
-2.89958943886361e-06,-0.00529909174118121,-2.11395893195808e-06
-2.94549073902792e-06,-0.00530699756755485,-2.15142826581757e-06
-2.99190448844074e-06,-0.00531488817341654,-2.18910256575107e-06
-3.03882567303619e-06,-0.00532275848112264,-2.2269064245541e-06
-3.08624997910829e-06,-0.00533060163573874,-2.26477019917786e-06
-3.13417361551497e-06,-0.00533840966244893,-2.30264401133117e-06
-3.18259327335996e-06,-0.00534617427762289,-2.3405202524036e-06
-3.23150197060414e-06,-0.00535388761199362,-2.3784279704931e-06
-3.28089103714623e-06,-0.00536154265734088,-2.41640032731433e-06
-3.3307526785234e-06,-0.00536913331860528,-2.45447530027953e-06
-3.3810762476355e-06,-0.00537665406087419,-2.49267589898174e-06
-3.43185318912723e-06,-0.00538409956764675,-2.53099028487504e-06
-3.4830774498634e-06,-0.00539146422418277,-2.56939252157438e-06
-3.53474370213115e-06,-0.00539874182717317,-2.60786037354157e-06
-3.58684597837649e-06,-0.00540592489887652,-2.64638066131746e-06
-3.63937729664658e-06,-0.00541300433641937,-2.68494631574184e-06
-3.69233002959244e-06,-0.00541996943618019,-2.72355159568788e-06
-3.74569645804535e-06,-0.00542680821524108,-2.76218924846781e-06
-3.79946910144936e-06,-0.00543350796507986,-2.80085010783888e-06
-3.85364361126972e-06,-0.00544005600984469,-2.8395721681337e-06
-3.90822285655205e-06,-0.00544644129132038,-2.87856181402956e-06
-3.96319902307145e-06,-0.00545265761846668,-2.91793947923096e-06
-4.01854906231113e-06,-0.00545870659008973,-2.95754897995951e-06
-4.0742553570332e-06,-0.00546459894657243,-2.99715603170197e-06
-4.13031596755019e-06,-0.00547035379192436,-3.03657063680352e-06
-4.18673415799602e-06,-0.00547599638250722,-3.07570036428728e-06
-4.24351051009439e-06,-0.00548155511873164,-3.1145148200711e-06
-4.30063947149171e-06,-0.00548705762751634,-3.15297719975001e-06
-4.35811625773595e-06,-0.00549252777720331,-3.19114698481859e-06
-4.41594101082528e-06,-0.00549798437127051,-3.22928503142651e-06
-4.47409990210504e-06,-0.00550344123770371,-3.26744009035383e-06
-4.53257860771803e-06,-0.00550890803702847,-3.30555736286105e-06
-4.59136761775092e-06,-0.00551439105209546,-3.34357090450326e-06
-4.65046127461414e-06,-0.00551989344538354,-3.38142914787327e-06
-4.70985558684062e-06,-0.00552541524970331,-3.41910338639885e-06
-4.76954745802569e-06,-0.00553095345429836,-3.45660907406502e-06
-4.82953389449823e-06,-0.00553650228520242,-3.49402053389885e-06
-4.88980335324788e-06,-0.0055420536596341,-3.53127863300216e-06
-4.95034436403061e-06,-0.0055475977634303,-3.56832000446448e-06
-5.01114965183314e-06,-0.00555312334087661,-3.60510458438313e-06
-5.07220723058851e-06,-0.00555861785631165,-3.64143938833202e-06
-5.13351052192667e-06,-0.00556406715629463,-3.67716506685968e-06
-5.19506018195254e-06,-0.00556945510174237,-3.71226861478555e-06
-5.256863791266e-06,-0.00557476332351811,-3.74698027430337e-06
-5.31891971636198e-06,-0.00557997101443676,-3.78153109017167e-06
-5.38121715894455e-06,-0.0055850549791348,-3.81605525855298e-06
-5.44374205878291e-06,-0.0055899899474148,-3.85059321948955e-06
-5.50647916102918e-06,-0.00559474911418119,-3.88509454638302e-06
-5.56941082449343e-06,-0.00559930484761937,-3.9193928227959e-06
-5.63253257335958e-06,-0.00560362954960484,-3.95337623251524e-06
-5.69585112665659e-06,-0.0056076968347795,-3.98698133754624e-06
-5.75937258934912e-06,-0.00561148311561114,-4.02020802460256e-06
-5.8230974815972e-06,-0.00561497065446191,-4.05311694817024e-06
-5.88701571997261e-06,-0.00561815030739793,-4.08579010428565e-06
-5.95111665692681e-06,-0.00562102240260481,-4.11832588229721e-06
-6.01540413985327e-06,-0.00562359578130623,-4.15096686952673e-06
-6.07987137601025e-06,-0.00562588571235734,-4.18389838818442e-06
-6.14450431271261e-06,-0.005627911842256,-4.21712772981346e-06
-6.20928323065589e-06,-0.0056296966747308,-4.25040723654958e-06
-6.27419857464122e-06,-0.00563126467975381,-4.28346545001456e-06
-6.33924770335902e-06,-0.00563264088118394,-4.31604731909806e-06
-6.40443492993829e-06,-0.00563384842646772,-4.34801273228393e-06
-6.4697645513236e-06,-0.00563490648158973,-4.37931487445376e-06
-6.53523681905041e-06,-0.00563582958853941,-4.4099427383878e-06
-6.60085662385018e-06,-0.00563662879559264,-4.44010031885366e-06
-6.66662150573938e-06,-0.00563731293048737,-4.47000198336713e-06
-6.73252215262808e-06,-0.00563788988429839,-4.49977897477041e-06
-6.79854759054571e-06,-0.00563836751268233,-4.52947997349032e-06
-6.86468893181461e-06,-0.00563875399059658,-4.55909512512762e-06
-6.93094068355076e-06,-0.00563905776693797,-4.58858568861845e-06
-6.99729892038604e-06,-0.00563928732300919,-4.61790583738469e-06
-7.06375951363663e-06,-0.00563945119529728,-4.64699799117998e-06
-7.13032415050358e-06,-0.0056395575571648,-4.67581789785404e-06
-7.19699453897589e-06,-0.00563961380160397,-4.70440947576949e-06
-7.26377144803389e-06,-0.00563962621971869,-4.73295891784367e-06
-7.33064260976823e-06,-0.00563960027370968,-4.76144794231555e-06
-7.39759682860901e-06,-0.00563954041062159,-4.7897842752868e-06
-7.46462875919374e-06,-0.00563945005934529,-4.81788983597075e-06
-7.53173621716507e-06,-0.00563933187249183,-4.84571611110529e-06
-7.59891941278796e-06,-0.00563918824252824,-4.87322867923713e-06
-7.66621205327774e-06,-0.00563902133412122,-4.90052994340022e-06
-7.73368348682347e-06,-0.0056388331261799,-4.92798370283746e-06
-7.80139629619984e-06,-0.0056386267062494,-4.95556178068194e-06
-7.86942109698891e-06,-0.00563840620562539,-4.98313236195228e-06
-7.93784216965112e-06,-0.00563817631831818,-5.01062997845259e-06
-8.00675612999002e-06,-0.00563794145470782,-5.03810254653837e-06
-8.07625300095337e-06,-0.00563770510539917,-5.06550548701856e-06
-8.14642116015833e-06,-0.00563746922214503,-5.09286396879827e-06
-8.21734413519754e-06,-0.00563723388956347,-5.12035823273418e-06
-8.28910264453276e-06,-0.00563699723453057,-5.14838108763781e-06
-8.36176511802899e-06,-0.00563675530276027,-5.17726447031866e-06
-8.43539639712859e-06,-0.00563650200585632,-5.20719358824578e-06
-8.51006272503121e-06,-0.0056362291590097,-5.23827339106982e-06
-8.58582627420665e-06,-0.0056359269841747,-5.2705823242301e-06
-8.6627450056811e-06,-0.00563558437452696,-5.30418124127437e-06
-8.74088014767284e-06,-0.00563518919150425,-5.3392309526512e-06
-8.82029958440851e-06,-0.00563472859253921,-5.37616897555979e-06
-8.9010383218276e-06,-0.0056341900342647,-5.41495278549577e-06
-8.98313056651975e-06,-0.00563356139994396,-5.45538112571048e-06
-9.06662121841006e-06,-0.00563283102745723,-5.49729301832573e-06
-9.15155219681186e-06,-0.00563198768291575,-5.54055259462078e-06
-9.23797179878069e-06,-0.0056310214363667,-5.58516958055383e-06
-9.32592757681285e-06,-0.00562992676391742,-5.63121104518936e-06
-9.41545587602825e-06,-0.00562870414719078,-5.67863858174761e-06
-9.50658666659105e-06,-0.00562735954058655,-5.72717627090265e-06
-9.59937084434399e-06,-0.00562590410976416,-5.77698158731701e-06
-9.69384960510365e-06,-0.00562435311339551,-5.82833402081895e-06
-9.7900460882799e-06,-0.00562272429007412,-5.88138056623942e-06
-9.88797348163272e-06,-0.00562103520633513,-5.93602667226377e-06
-9.98765923784106e-06,-0.00561930110007098,-5.99229476225148e-06
-1.0089131909327e-05,-0.00561753362317267,-6.05023778989706e-06
-1.01924125286177e-05,-0.00561574106281769,-6.10983449492098e-06
-1.02975142418564e-05,-0.00561392934759143,-6.1708722702947e-06
-1.04044579003564e-05,-0.00561210345146788,-6.23319766770888e-06
-1.05132648806056e-05,-0.00561026816819286,-6.29684311888037e-06
-1.06239543820361e-05,-0.00560842819480438,-6.36203815067089e-06
-1.07365325902906e-05,-0.00560658801693686,-6.42886590542716e-06
-1.08510165636827e-05,-0.00560475181817725,-6.49753430596144e-06
-1.09674180523807e-05,-0.00560292281032886,-6.56824024120097e-06
-1.10857394620199e-05,-0.0056011027221623,-6.6410574775055e-06
-1.12059750304351e-05,-0.00559929117649498,-6.71588385567402e-06
-1.13281216942524e-05,-0.00559748546887711,-6.79262639321911e-06
-1.14521883433002e-05,-0.00559568033387078,-6.8711928023564e-06
-1.15781871195609e-05,-0.00559386819809479,-6.95152738884512e-06
-1.17061306265377e-05,-0.0055920397508899,-7.03365267635538e-06
-1.18360164131324e-05,-0.00559018453917698,-7.11765080024013e-06
-1.19678313972707e-05,-0.00558829144272594,-7.20362130486755e-06
-1.21015710934595e-05,-0.00558634904780504,-7.2917678726445e-06
-1.22372328034533e-05,-0.00558434609161881,-7.3821950969013e-06
-1.23748113423856e-05,-0.0055822717969597,-7.47483031210899e-06
-1.25142878676489e-05,-0.00558011591544838,-7.56955522892447e-06
-1.26556456424962e-05,-0.00557786955731944,-7.66616386402631e-06
-1.27988727271589e-05,-0.00557552765794417,-7.76424689880741e-06
-1.29439768047281e-05,-0.00557309155952705,-7.86354045901564e-06
-1.30909602789377e-05,-0.00557056949366191,-7.96408094150099e-06
-1.32398320991559e-05,-0.00556797401470224,-8.06633176405804e-06
-1.33905869765008e-05,-0.00556531782690875,-8.17071239941147e-06
-1.35432032634852e-05,-0.00556261088040384,-8.27734988496774e-06
-1.36976387796851e-05,-0.00555985957707951,-8.38585772241066e-06
-1.38538588237193e-05,-0.00555706773302673,-8.49573978143818e-06
-1.40118520956225e-05,-0.00555423798838118,-8.60657241219776e-06
-1.41716300412827e-05,-0.00555137349870193,-8.71828057354078e-06
-1.43332013933888e-05,-0.00554847816576095,-8.83096363142258e-06
-1.44965544530876e-05,-0.00554555647311722,-8.94476396649772e-06
-1.46616701838954e-05,-0.00554261322309025,-9.059843980468e-06
-1.48285239817274e-05,-0.00553965335383497,-9.17627451705202e-06
-1.49970852444838e-05,-0.00553668181319527,-9.29390825032604e-06
-1.51673221992747e-05,-0.00553370340271155,-9.4121632777478e-06
-1.53392132672714e-05,-0.00553072258939254,-9.53042142254976e-06
-1.55127507873006e-05,-0.00552774340937644,-9.6483455963423e-06
-1.5687933623513e-05,-0.00552476930855034,-9.76594526368682e-06
-1.5864753299072e-05,-0.00552180314038537,-9.88335093710891e-06
-1.60432016976701e-05,-0.00551884723651655,-1.00009442969378e-05
-1.622327104936e-05,-0.00551590368815809,-1.01193955444594e-05
-1.64049358178892e-05,-0.00551297406851422,-1.02391731292402e-05
-1.65881626355025e-05,-0.00551005891444308,-1.0360499163659e-05
-1.67729220169814e-05,-0.00550715726952108,-1.04835166790935e-05
-1.69591725468177e-05,-0.00550426678713011,-1.06078512539357e-05
-1.71468841067219e-05,-0.0055013843950067,-1.07330206970657e-05
-1.73360399860711e-05,-0.00549850632481012,-1.08586613872994e-05
-1.75266311247546e-05,-0.00549562811299878,-1.09846104341985e-05
-1.77186500162656e-05,-0.00549274453716927,-1.1110952374518e-05
-1.7912072687976e-05,-0.00548984994494474,-1.12376419885215e-05
-1.81068711046362e-05,-0.00548693798359471,-1.13645958826168e-05
-1.83030176395305e-05,-0.00548400132357742,-1.14917452248878e-05
-1.85004886142849e-05,-0.0054810314463524,-1.16191312469521e-05
-1.86992748978572e-05,-0.00547801915235197,-1.17470632041967e-05
-1.8899351157354e-05,-0.00547495485959062,-1.18753630707524e-05
-1.91006881427561e-05,-0.00547182942459037,-1.20037541106074e-05
-1.93032602435583e-05,-0.0054686368662857,-1.21320388246175e-05
-1.95070474070154e-05,-0.00546537719818559,-1.2260099427481e-05
-1.97120365541381e-05,-0.00546205737930565,-1.23879298261037e-05
-1.99182214096471e-05,-0.0054586894261795,-1.25157355991982e-05
-2.01255863962431e-05,-0.00545528670226215,-1.2643706480714e-05
-2.03341060730163e-05,-0.00545186082151896,-1.27719315379988e-05
-2.05437488179194e-05,-0.00544842042064535,-1.29003602368625e-05
-2.07544791610267e-05,-0.00544497156781121,-1.30287126195055e-05
-2.09662720100456e-05,-0.00544151869705556,-1.31567201772905e-05
-2.11791160407722e-05,-0.00543806538777142,-1.32843158387334e-05
-2.13930089911229e-05,-0.00543461464392377,-1.34117715572772e-05
-2.160792415354e-05,-0.00543116907911469,-1.35390116030375e-05
-2.18238324362914e-05,-0.00542773057740039,-1.36658562797993e-05
-2.20407103438389e-05,-0.00542430008328588,-1.3792171288799e-05
-2.22585387636979e-05,-0.00542087761732062,-1.39178810704674e-05
-2.2477300499555e-05,-0.00541746244732746,-1.40429588690277e-05
-2.26969781889903e-05,-0.00541405333228734,-1.41674073333483e-05
-2.29175533013106e-05,-0.0054106488198638,-1.4291239713992e-05
-2.31390020149624e-05,-0.00540724746863638,-1.44143702498401e-05
-2.33612941720453e-05,-0.00540384795216807,-1.45364635730751e-05
-2.35844212424127e-05,-0.0054004493958525,-1.46575888291719e-05
-2.38083752174038e-05,-0.00539705126471374,-1.47779446147712e-05
-2.40331456718838e-05,-0.00539365321615486,-1.48977545541418e-05
-2.42587169486101e-05,-0.00539025493030711,-1.50173628517738e-05
-2.44850588777945e-05,-0.00538685608882446,-1.51369570476608e-05
-2.47121293598932e-05,-0.00538345635673875,-1.52563686889627e-05
-2.49399008788309e-05,-0.00538005519006418,-1.53753268518838e-05
-2.51683607226271e-05,-0.0053766517263473,-1.5493613760031e-05
-2.53975013344788e-05,-0.00537324480195568,-1.56111053339571e-05
-2.56273123285018e-05,-0.00536983304597678,-1.57277594392966e-05
-2.5857777237137e-05,-0.00536641500748941,-1.58435753796735e-05
-2.60888782655957e-05,-0.005362989219059,-1.59585616941249e-05
-2.63205990769745e-05,-0.00535955434358868,-1.60727313044411e-05
-2.65529222403798e-05,-0.00535610946499214,-1.61860979478615e-05
-2.67858311647107e-05,-0.00535265433328403,-1.62986692015499e-05
-2.70193115775629e-05,-0.00534918924901795,-1.64104625986086e-05
-2.72533408715844e-05,-0.00534571488112128,-1.65214886634737e-05
-2.74878986629178e-05,-0.00534223206885708,-1.66317282592304e-05
-2.77229703396553e-05,-0.00533874189727361,-1.67411515642735e-05
-2.79585444132352e-05,-0.00533524565496116,-1.68497435017712e-05
-2.819460371488e-05,-0.00533174469072877,-1.69574921927701e-05
-2.84311303232312e-05,-0.005328240199844,-1.70643693662732e-05
-2.86681050388188e-05,-0.00532473321114846,-1.71703177023085e-05
-2.89055173213157e-05,-0.00532122464147143,-1.72752688945175e-05
-2.91433598466567e-05,-0.0053177154828398,-1.73791795250345e-05
-2.93816262126877e-05,-0.00531420658975596,-1.74820520139319e-05
-2.96203019152707e-05,-0.00531069864828326,-1.75839244602621e-05
-2.98593673732322e-05,-0.00530719230197943,-1.76848346664832e-05
-3.00988037443072e-05,-0.00530368830772474,-1.77848036896573e-05
-3.03385948920122e-05,-0.00530018762120948,-1.78838372108263e-05
-3.0578725933088e-05,-0.00529669134365564,-1.79819241235656e-05
-3.08191866177164e-05,-0.00529320082485538,-1.80790439530204e-05
-3.10599671016196e-05,-0.00528971775985361,-1.81751203691124e-05
-3.13010498798274e-05,-0.00528624421554219,-1.8269918773162e-05
-3.1542430006019e-05,-0.00528278238948485,-1.83635213644027e-05
-3.17841008204824e-05,-0.00527933426282545,-1.84561059314363e-05
-3.20260506975983e-05,-0.00527590138301299,-1.85478106299328e-05
-3.22682671437838e-05,-0.00527248469730433,-1.86387176328189e-05
-3.25107409603685e-05,-0.00526908473727736,-1.87288820263906e-05
-3.27534587704697e-05,-0.00526570179292221,-1.88183512563547e-05
-3.2996408156205e-05,-0.00526233627564263,-1.89071614836009e-05
-3.32396289689027e-05,-0.00525898822137688,-1.89953850396932e-05
-3.34832426047667e-05,-0.00525565663703756,-1.90831621110756e-05
-3.37274141517737e-05,-0.0052523399615201,-1.91706755025305e-05
-3.39723285906494e-05,-0.00524903585276521,-1.92581360708941e-05
-3.42181741766135e-05,-0.00524574092713976,-1.93457767399903e-05
-3.44651347022649e-05,-0.00524245080270365,-1.94338325166349e-05
-3.47133935394688e-05,-0.00523916017845099,-1.95225478924243e-05
-3.49631255314422e-05,-0.00523586349148313,-1.96122067012111e-05
-3.52144993578487e-05,-0.00523255654353462,-1.97031694785192e-05
-3.54676771920147e-05,-0.00522923860565899,-1.97957813547431e-05
-3.5722815517114e-05,-0.00522591212979418,-1.98903501788655e-05
-3.59800580011418e-05,-0.00522258075596319,-1.99869396321773e-05
-3.62395474450665e-05,-0.00521924745065348,-2.0085598866049e-05
-3.65014223765202e-05,-0.00521591357952924,-2.0186508993477e-05
-3.67658130121428e-05,-0.00521257883971297,-2.02898487109455e-05
-3.703283885173e-05,-0.0052092418730489,-2.03956678276226e-05
-3.73026133462073e-05,-0.00520590089587337,-2.05039263198474e-05
-3.75752505764e-05,-0.00520255418353286,-2.06146569312474e-05
-3.78508645329895e-05,-0.00519920026650158,-2.07280518698922e-05
-3.81295603341503e-05,-0.00519583786111623,-2.08443349018104e-05
-3.84114328522453e-05,-0.00519246572157454,-2.09636972885131e-05
-3.86965688515754e-05,-0.00518908254569453,-2.10862840083359e-05
-3.89850494154016e-05,-0.00518568694095785,-2.12121975584619e-05
-3.92769526503796e-05,-0.00518227740434603,-2.1341557078958e-05
-3.9572353811259e-05,-0.00517885221000793,-2.14745727986016e-05
-3.98713166250217e-05,-0.00517540949338956,-2.16112276728238e-05
-4.01739026227179e-05,-0.00517194718817115,-2.17514348387495e-05
-4.04801707296757e-05,-0.00516846300439457,-2.18951238572315e-05
-4.07901796086936e-05,-0.0051649544571088,-2.20422530996921e-05
-4.11039870976783e-05,-0.00516141893417819,-2.21928175151169e-05
-4.14216509128721e-05,-0.00515785377025177,-2.23468851685489e-05
-4.1743217549031e-05,-0.00515425629374466,-2.25046192981918e-05
-4.2068717688484e-05,-0.00515062414231088,-2.26660745221186e-05
-4.23981780545739e-05,-0.00514695528793858,-2.28312461425893e-05
-4.27316267535722e-05,-0.0051432480531607,-2.3000114292047e-05
-4.3069091858019e-05,-0.00513950107332033,-2.31726359127506e-05
-4.34105974912836e-05,-0.00513571323889829,-2.33486915729925e-05
-4.3756171687924e-05,-0.00513188366454242,-2.35281931674353e-05
-4.41058464274838e-05,-0.00512801160706388,-2.37111561678669e-05
-4.44596234217371e-05,-0.00512409659326672,-2.38976361195882e-05
-4.4817503422979e-05,-0.00512013823059464,-2.40876419843877e-05
-4.51794961947732e-05,-0.00511613611891784,-2.4281174325181e-05
-4.55456169761768e-05,-0.00511208986950554,-2.44783097142115e-05
-4.59158751165813e-05,-0.00510799903264178,-2.46791068603014e-05
-4.62902713322464e-05,-0.00510386308629608,-2.48835705725295e-05
-4.66687988977726e-05,-0.00509968147259225,-2.5091655706395e-05
-4.7051446819975e-05,-0.00509545398110114,-2.53032714953256e-05
-4.74382107571354e-05,-0.00509118068955243,-2.55183118532383e-05
-4.78290854925655e-05,-0.00508686194766,-2.5736686358052e-05
-4.82240616218448e-05,-0.00508249840443235,-2.59583194906789e-05
-4.86231257299244e-05,-0.00507809100751031,-2.61831428605919e-05
-4.90262614436809e-05,-0.00507364096992505,-2.64110891365899e-05
-4.94334504942928e-05,-0.00506914971203381,-2.66420891750946e-05
-4.98446712105778e-05,-0.00506461879958221,-2.6876068816539e-05
-5.0259895961921e-05,-0.00506004985302891,-2.71129274544819e-05
-5.06791047462104e-05,-0.00505544444918266,-2.73525393188655e-05
-5.11022861551882e-05,-0.00505080405837436,-2.75948017892662e-05
-5.15294206621152e-05,-0.00504612999947708,-2.78396505468946e-05
-5.19604796259069e-05,-0.00504142340794344,-2.80870352622907e-05
-5.23954287447298e-05,-0.00503668526336209,-2.83368997992242e-05
-5.28342314947891e-05,-0.00503191643499059,-2.85891723849221e-05
-5.32768510091925e-05,-0.00502711788860299,-2.88437558234589e-05
-5.37232589486488e-05,-0.00502229065398735,-2.91005440452291e-05
-5.41734251550533e-05,-0.005017435810914,-2.93593966303962e-05
-5.46273106961959e-05,-0.00501255447246001,-2.9620014701704e-05
-5.5084878705924e-05,-0.00500764788486217,-2.98821393119455e-05
-5.55460973254856e-05,-0.00500271738221428,-3.01456616606485e-05
-5.6010939800855e-05,-0.0049977642749756,-3.0410721357135e-05
-5.64793737947948e-05,-0.00499278986509133,-3.06774674197009e-05
-5.6951362455848e-05,-0.00498779540172779,-3.09459794189176e-05
-5.7426855549417e-05,-0.0049827819836056,-3.12162546526314e-05
-5.79058022844306e-05,-0.00497775053131239,-3.1488206761995e-05
-5.83881544628439e-05,-0.00497270186036204,-3.17616997587523e-05
-5.88738621562888e-05,-0.0049676365268564,-3.20365567725376e-05
-5.93628881993149e-05,-0.00496255473163506,-3.23126291535676e-05
-5.98552086239156e-05,-0.00495745624181356,-3.25899159405679e-05
-6.0350794478172e-05,-0.00495234074675254,-3.28682451477345e-05
-6.08495944775233e-05,-0.00494720793369311,-3.3147310808535e-05
-6.13515509847535e-05,-0.00494205769494803,-3.34269790227427e-05
-6.18566017464778e-05,-0.0049368902764177,-3.37072456986839e-05
-6.23646993117497e-05,-0.00493170602657872,-3.39880706944098e-05
-6.28758103921674e-05,-0.00492650522582459,-3.42693249740918e-05
-6.33899131306224e-05,-0.00492128790384843,-3.45508005605991e-05
-6.39069617117348e-05,-0.00491605420321894,-3.48325179592772e-05
-6.44268960987011e-05,-0.0049108042444586,-3.51145033010483e-05
-6.49496519840317e-05,-0.00490553798514279,-3.53966281789089e-05
-6.54751942801098e-05,-0.00490025507197413,-3.56786070922817e-05
-6.60034960389547e-05,-0.00489495522356373,-3.59604071050153e-05
-6.65345122094639e-05,-0.00488963809157321,-3.62420803174697e-05
-6.70681743072268e-05,-0.00488430316096884,-3.65236028142096e-05
-6.7604417352141e-05,-0.00487894969642799,-3.68047389925152e-05
-6.81431865580582e-05,-0.00487357697587711,-3.70848638384702e-05
-6.86844506361299e-05,-0.004868184444525,-3.73634738570633e-05
-6.92281937583305e-05,-0.00486277175713501,-3.76404823074976e-05
-6.97744098822351e-05,-0.00485733872207251,-3.79162876491633e-05
-7.03230653694417e-05,-0.00485188546485258,-3.81913821464368e-05
-7.08740928054749e-05,-0.00484641229511335,-3.84660797686308e-05
-7.14274107790157e-05,-0.00484091965107571,-3.8740365861149e-05
-7.19829469384727e-05,-0.00483540803936811,-3.90140046079872e-05
-7.25406589173536e-05,-0.00482987805760914,-3.92869127887524e-05
-7.3100515736004e-05,-0.00482433024252171,-3.9559070092673e-05
-7.36624823301157e-05,-0.00481876502550314,-3.98304162536834e-05
-7.42265146706216e-05,-0.00481318268406727,-4.01007223805124e-05
-7.47925723274872e-05,-0.00480758337500741,-4.0369808609792e-05
-7.53606076577195e-05,-0.00480196733270466,-4.06376373136926e-05
-7.59305811977735e-05,-0.00479633500335661,-4.09043875525321e-05
-7.65024578262675e-05,-0.0047906870373109,-4.11702356684211e-05
-7.70762049742025e-05,-0.00478502438597414,-4.14353119067924e-05
-7.76517624858547e-05,-0.00477934811474041,-4.16996671507735e-05
-7.82290731068534e-05,-0.00477365931526958,-4.19632417912036e-05
-7.8808090808916e-05,-0.00476795905594023,-4.22258727403979e-05
-7.9388773794264e-05,-0.00476224862617401,-4.24872258343323e-05
-7.99710908635753e-05,-0.00475652955979486,-4.274703134002e-05
-8.05550189056454e-05,-0.00475080368137893,-4.30051751991901e-05
-8.11405246790179e-05,-0.00474507287231387,-4.32616702080208e-05
-8.17275667399497e-05,-0.00473933892258802,-4.35166318387986e-05
-8.23161029413565e-05,-0.0047336034396271,-4.37703434442442e-05
-8.29060823313443e-05,-0.00472786786168881,-4.40230043228921e-05
-8.34974583818589e-05,-0.00472213344153433,-4.42746098522487e-05
-8.40901926736319e-05,-0.00471640173433025,-4.45248895929671e-05
-8.46842621668535e-05,-0.00471067439092904,-4.47736088657862e-05
-8.52796237781779e-05,-0.00470495297172576,-4.50206333990744e-05
-8.58762385877148e-05,-0.00469923887224786,-4.52659196150706e-05
-8.6474080484406e-05,-0.00469353358728429,-4.55096333111914e-05
-8.70731208265999e-05,-0.00468783873359853,-4.57519389605437e-05
-8.7673324709025e-05,-0.00468215603513736,-4.59929180720273e-05
-8.8274649956516e-05,-0.00467648726975748,-4.62324881062149e-05
-8.88770461456096e-05,-0.00467083414635428,-4.64702185303843e-05
-8.94804740528804e-05,-0.00466519841061469,-4.6705729988811e-05
-9.00849048885724e-05,-0.00465958186056058,-4.69388329525315e-05
-9.06903307982014e-05,-0.00465398628630856,-4.71696490594904e-05
-9.12967406679202e-05,-0.00464841334384985,-4.73985660635772e-05
-9.19041058462768e-05,-0.00464286468348516,-4.76259177896442e-05
-9.2512390124675e-05,-0.0046373418088223,-4.78518963888704e-05
-9.31215493620036e-05,-0.00463184593990916,-4.80765721412575e-05
-9.37315380258521e-05,-0.00462637791341025,-4.82999197217759e-05
-9.43423131673215e-05,-0.00462093876441142,-4.85218414066265e-05
-9.4953846915243e-05,-0.00461552958285104,-4.87422086175549e-05
-9.55661254012881e-05,-0.00461015139143462,-4.89610122978646e-05
-9.61791447123655e-05,-0.00460480505273697,-4.91786256436821e-05
-9.6792880074591e-05,-0.00459949148518945,-4.93952866918052e-05
-9.74072817410699e-05,-0.00459421183028673,-4.96107052725375e-05
-9.80223079687012e-05,-0.00458896727835948,-4.98245050967983e-05
-9.86379319682282e-05,-0.00458375895712039,-5.00364682247364e-05
-9.92541364321118e-05,-0.0045785879837431,-5.02466103492105e-05
-9.98709076796585e-05,-0.00457345622691173,-5.04548472997065e-05
-0.000100488229366503,-0.00456836797457279,-5.06611183774181e-05
-0.000101106086418796,-0.00456333249741685,-5.08655404380941e-05
-0.000101724474460092,-0.0045583666075396,-5.10686805846958e-05
-0.000102343382074966,-0.0045534969665164,-5.12709808111334e-05
-0.000102962873567799,-0.00454875875716636,-5.14725748598782e-05
-0.000103583141860066,-0.00454419189288023,-5.16735892842834e-05
-0.000104204453647561,-0.00453983678420678,-5.18742167693022e-05
-0.000104827104675317,-0.00453572881207088,-5.20746541318603e-05
-0.000105451391475061,-0.00453189375085041,-5.22749159144463e-05
-0.000106077615616073,-0.0045283447754267,-5.24751247494079e-05
-0.000106706082546098,-0.00452508221309621,-5.26756823109645e-05
-0.000107337100768841,-0.00452209596575651,-5.28774539144874e-05
-0.000107970956259672,-0.00451937002457738,-5.30812668480991e-05
-0.000108607911615155,-0.00451688716602969,-5.32876765603644e-05
-0.00010924821396908,-0.00451463259229363,-5.34969621658896e-05
-0.000109892094742023,-0.00451259586335473,-5.37090065994189e-05
-0.000110539787203898,-0.00451077043150017,-5.39237039686844e-05
-0.000111191522424594,-0.00450915112354701,-5.41411145281507e-05
-0.00011184751936545,-0.00450773016066688,-5.43614493382224e-05
-0.000112507979118903,-0.00450649277632918,-5.45850130748317e-05
-0.000113173084540895,-0.00450541369580883,-5.48121413004681e-05
-0.00011384300371225,-0.00450445588549955,-5.504315305533e-05
-0.000114517894681718,-0.00450357139325048,-5.52783255550994e-05
-0.000115197909325059,-0.00450270461607367,-5.55178880741921e-05
-0.000115883195277955,-0.00450179728850303,-5.57620279912887e-05
-0.000116573896082306,-0.00450079396359544,-5.6010901805963e-05
-0.000117270151303867,-0.00449964741092578,-5.62646462944486e-05
-0.000117972098193978,-0.00449832361334378,-5.65233875721975e-05
-0.000118679874060539,-0.0044968040979042,-5.67872786988365e-05
-0.000119393614491644,-0.0044950842843508,-5.70565493408827e-05
-0.000120113436978528,-0.00449316909022355,-5.7331286122203e-05
-0.000120839448095891,-0.00449106688963246,-5.76115236782094e-05
-0.000121571745205698,-0.004488783710067,-5.78973012093364e-05
-0.000122310416397021,-0.00448631868040185,-5.81886707502496e-05
-0.000123055542982161,-0.00448366257320072,-5.84857043670347e-05
-0.000123807193604499,-0.00448080002651462,-5.87884398875191e-05
-0.000124565424488052,-0.00447771425687184,-5.90967477460578e-05
-0.000125330285143415,-0.0044743924470787,-5.94105066523751e-05
-0.000126101843996644,-0.0044708298292555,-5.97297136163535e-05
-0.000126880175095999,-0.00446703147112987,-6.00546058229304e-05
-0.000127665330149832,-0.0044630113416546,-6.03854102603046e-05
-0.000128457341883143,-0.00445878932383408,-6.07222301681362e-05
-0.000129256238677169,-0.00445438712713922,-6.10650562395757e-05
-0.000130062047845321,-0.00444982428973188,-6.14138231342878e-05
-0.000130874785853383,-0.00444511529691789,-6.17684499842387e-05
-0.000131694459793816,-0.00444026865697472,-6.21288511735687e-05
-0.000132521072981484,-0.00443528804463845,-6.24949404157287e-05
-0.000133354628878125,-0.00443017509192077,-6.28666337664366e-05
-0.000134195131950169,-0.00442493301481886,-6.32438510564666e-05
-0.000135042586120574,-0.00441957006867995,-6.36265147239308e-05
-0.000135896992302682,-0.00441410184165507,-6.40145465572382e-05
-0.000136758346225701,-0.00440855168117457,-6.44078639820365e-05
-0.000137626637075653,-0.0044029493999192,-6.48063773917396e-05
-0.000138501847013983,-0.0043973284162787,-6.52099892140477e-05
-0.000139383951406954,-0.00439172181621228,-6.56185944841996e-05
-0.0001402729196449,-0.00438615874345581,-6.60320821556471e-05
-0.00014116871646303,-0.00438066175468875,-6.64503365063298e-05
-0.000142071303614142,-0.00437524603308639,-6.68732381879716e-05
-0.000142980641642978,-0.0043699204844556,-6.730066482609e-05
-0.000143896694266051,-0.00436469057452171,-6.77325177345073e-05
-0.000144819431621158,-0.00435956172779431,-6.81688172494694e-05
-0.000145748811715516,-0.00435454225817708,-6.86096180247652e-05
-0.000146684784776196,-0.0043496451937347,-6.90548275318064e-05
-0.000147627299508868,-0.00434488840309996,-6.95041070492067e-05
-0.000148576309995976,-0.00434029320407641,-6.99570979136294e-05
-0.000149531770362924,-0.00433588153966341,-7.04135188328981e-05
-0.000150493628054297,-0.00433167240110721,-7.08731671358548e-05
-0.0001514618225095,-0.0043276787830915,-7.13358859100129e-05
-0.000152436291787794,-0.00432390582730538,-7.18015554601522e-05
-0.0001534169714867,-0.00432035095016575,-7.22701342593145e-05
-0.000154403800198815,-0.0043170055724524,-7.27417476012288e-05
-0.000155396712336394,-0.00431385783269345,-7.3216462943828e-05
-0.000156395638231088,-0.00431089573958095,-7.36941737838738e-05
-0.000157400504747831,-0.00430810988416894,-7.41745084600553e-05
-0.000158411247738864,-0.00430549515673242,-7.46571057466932e-05
-0.000159427811118151,-0.00430305085031463,-7.51417805787206e-05
-0.000160450133805077,-0.00430077902782048,-7.56283985462596e-05
-0.000161478145378813,-0.00429868194545838,-7.61167578451454e-05
-0.000162511772476294,-0.00429675918378138,-7.66066888373847e-05
-0.000163550931570689,-0.00429500530439166,-7.70980580310684e-05
-0.000164595538945988,-0.00429340876142508,-7.75907296853257e-05
-0.000165645514615886,-0.00429195237303692,-7.80845668465811e-05
-0.000166700784233414,-0.004290615151887,-7.85794844892246e-05
-0.000167761279074311,-0.00428937501998726,-7.90755216552911e-05
-0.000168826925248641,-0.00428821220757079,-7.95725142765283e-05
-0.000169897655470375,-0.00428711151782742,-8.00702637720679e-05
-0.000170973387347797,-0.00428606332168406,-8.05685916661853e-05
-0.00017205404205046,-0.00428506324301826,-8.10673089417623e-05
-0.000173139546985396,-0.00428411056953081,-8.15662380126411e-05
-0.000174229827345522,-0.00428320579228131,-8.20652256421906e-05
-0.000175324798438507,-0.0042823479620326,-8.25641196035278e-05
-0.000176424376390947,-0.0042815330064145,-8.30627556933753e-05
-0.000177528482029194,-0.00428075286320916,-8.35609754370454e-05
-0.000178637043057623,-0.00427999603982291,-8.40586548789732e-05
-0.000179749981866245,-0.00427924941463167,-8.45557041452048e-05
-0.000180867217401815,-0.0042785007399835,-8.50520363684813e-05
-0.000181988670761098,-0.00427774111493844,-8.55475519066666e-05
-0.000183114267471835,-0.00427696674638139,-8.60421398978722e-05
-0.000184243936079482,-0.00427617989472148,-8.65356866375932e-05
-0.000185377609648187,-0.00427538809585347,-8.70280869777355e-05
-0.000186515226527134,-0.00427460226309098,-8.75192865502559e-05
-0.000187656697092136,-0.00427383417670601,-8.80092567627144e-05
-0.000188801914818548,-0.00427309402058798,-8.84978954304738e-05
-0.000189950792401879,-0.00427238860986546,-8.89850247491312e-05
-0.000191103263393661,-0.00427172075675446,-8.94704730105538e-05
-0.000192259265609966,-0.00427109022058984,-8.99541257478556e-05
-0.000193418726100961,-0.00427049535544453,-9.04358663252375e-05
-0.000194581558427987,-0.00426993532903933,-9.09154171552077e-05
-0.000195747679916397,-0.00426941212253902,-9.13925075104117e-05
-0.000196917031741778,-0.00426893177187925,-9.18670077158281e-05
-0.000198089566089406,-0.00426850451818444,-9.23391118860616e-05
-0.000199265226288842,-0.00426814393815437,-9.28092064611166e-05
-0.00020044393420044,-0.00426786528059638,-9.32775317648666e-05
-0.000201625608788791,-0.00426768295364182,-9.37441282126266e-05
-0.000202810163727361,-0.00426760828955294,-9.42088636732177e-05
-0.000203997507004453,-0.00426764814324171,-9.46713686085013e-05
-0.000205187552613636,-0.00426780476289477,-9.51312672421556e-05
-0.000206380229030889,-0.00426807665755756,-9.5588256901816e-05
-0.000207575482983185,-0.00426846025141409,-9.60421395779891e-05
-0.000208773267368273,-0.0042689522240199,-9.64928322039873e-05
-0.000209973535830414,-0.00426955123369808,-9.69403566449488e-05
-0.000211176227877412,-0.0042702588361823,-9.73847965217971e-05
-0.000212381268827048,-0.00427107942167343,-9.78261759863087e-05
-0.000213588574569056,-0.00427201948948736,-9.82642919915468e-05
-0.000214798072565676,-0.00427308568378175,-9.86989130940474e-05
-0.000216009706065824,-0.00427428261217502,-9.91298527655277e-05
-0.000217223416165172,-0.00427561102797275,-9.95569195387088e-05
-0.000218439146741251,-0.00427706727473552,-9.99801961522426e-05
-0.000219656834523629,-0.00427864347126454,-0.000100399876449629
-0.000220876421285727,-0.00428032859412923,-0.000100816265340498
-0.000222097849522606,-0.00428211033773429,-0.00010122957662206
-0.000223321066474003,-0.00428397707334711,-0.000101639930296086
-0.000224546018754221,-0.00428591942126489,-0.000102047452440643
-0.000225772645774876,-0.00428793112705075,-0.000102452120172673
-0.000227000879157798,-0.00429000899476687,-0.000102853575283418
-0.000228230661417727,-0.00429215170093522,-0.000103251474603923
-0.000229461946906959,-0.00429435807164475,-0.000103645722718171
-0.00023069469522985,-0.00429662525016196,-0.000104036633968974
-0.000231928851561592,-0.00429894760127557,-0.000104424349234985
-0.000233164356975316,-0.00430131618029569,-0.000104808881312765
-0.000234401154494843,-0.00430371915664215,-0.000105190196886586
-0.000235639193577326,-0.00430614312708473,-0.000105568245634203
-0.000236878433855386,-0.0043085749706268,-0.000105942999630321
-0.000238118833034153,-0.00431100343907209,-0.00010631446524502
-0.000239360342002462,-0.00431342035457662,-0.000106682610476809
-0.000240602904043657,-0.00431582099443764,-0.000107047258356148
-0.000241846481417451,-0.00431820413600914,-0.000107408411781182
-0.00024309104395313,-0.00432057078674846,-0.000107766145851626
-0.000244336561559813,-0.00432292251609206,-0.000108120555566493
-0.000245582990468868,-0.00432525986485411,-0.000108471740294525
-0.000246830277388539,-0.00432758123266751,-0.0001088197707203
-0.000248078365270484,-0.00432988253557905,-0.00010916467562267
-0.000249327194407782,-0.00433215772100377,-0.000109506416479262
-0.000250576737569453,-0.00433440097905782,-0.000109844921272135
-0.000251827116586626,-0.00433660710816769,-0.000110180314354541
-0.000253078640617425,-0.00433877200609874,-0.000110513010556638
-0.000254331720631344,-0.004340894685277,-0.000110843623841337
-0.000255586793299552,-0.0043429779624257,-0.000111172893592559
-0.000256844282570688,-0.00434502774752096,-0.000111501567528768
-0.000258104611011722,-0.00434705162521172,-0.000111830327410161
-0.000259368200456173,-0.00434905716384373,-0.000112159748181769
-0.000260635462532238,-0.0043510505994927,-0.000112490201933495
-0.000261906801324977,-0.00435303577692994,-0.000112822079207885
-0.000263182608146344,-0.00435501392082785,-0.000113155856886054
-0.000264463262193971,-0.00435698425331846,-0.000113492091689426
-0.000265749132437182,-0.00435894520379353,-0.000113831456991717
-0.000267040548697474,-0.0043608957642759,-0.000114174630699096
-0.000268337830547249,-0.00436283672729541,-0.000114522276123772
-0.000269641286734142,-0.00436477134175597,-0.000114874928197932
-0.00027095121213093,-0.00436670529588203,-0.000115232975207431
-0.000272267898159023,-0.00436864594617728,-0.000115596740618679
-0.000273591606361337,-0.00437060101313247,-0.000115966526189217
-0.000274922576400145,-0.00437257710182974,-0.000116342545885331
-0.000276261036179658,-0.00437457874510107,-0.000116724823533323
-0.00027760721908604,-0.00437660774832735,-0.000117113465442185
-0.000278961337487358,-0.00437866315027722,-0.000117508764402358
-0.00028032359067795,-0.00438074186970827,-0.000117911180520189
-0.000281694157240273,-0.00438283999802841,-0.000118320965175122
-0.000283073207219154,-0.00438495404513865,-0.000118738278581817
-0.000284460897967245,-0.00438708190953347,-0.000119163169140737
-0.000285857366737131,-0.00438922326883485,-0.000119595408177854
-0.000287262771000941,-0.00439137969536035,-0.000120035140393497
-0.000288677265786293,-0.0043935541879684,-0.000120482641285288
-0.000290100992858523,-0.0043957497063852,-0.000120938194904353
-0.000291534060806274,-0.00439796778822133,-0.000121402102776875
-0.000292976558525587,-0.00440020756099475,-0.000121874744601116
-0.000294428556302216,-0.00440246547613175,-0.000122356364626183
-0.000295890110617171,-0.00440473564105435,-0.000122847000144519
-0.000297361283843411,-0.00440701066777767,-0.000123346456158653
-0.000298842141162611,-0.00440928282026666,-0.000123854288486799
-0.000300332762484737,-0.00441154542787695,-0.000124370411915247
-0.000301833215964838,-0.0044137936774748,-0.000124894883756523
-0.000303343549584277,-0.00441602483177841,-0.000125427747829411
-0.00030486379635233,-0.00441823778358368,-0.000125969044785193
-0.000306393980325409,-0.00442043277821386,-0.000126518878626545
-0.000307934107365102,-0.00442261028939242,-0.000127077102754357
-0.00030948417867459,-0.00442476979948479,-0.000127643478490626
-0.000311044195045526,-0.00442690895109557,-0.000128217778887298
-0.000312614152252939,-0.00442902319772422,-0.000128799731308368
-0.000314194035775243,-0.00443110666943951,-0.000129388848746977
-0.000315783841042464,-0.00443315302761265,-0.000129984891499483
-0.000317383571252668,-0.004435156431999,-0.000130588043529008
-0.000318993223511529,-0.00443711235277945,-0.000131198805844372
-0.000320612761676395,-0.00443901840703649,-0.000131817294253077
-0.00032224213067046,-0.00444087445465956,-0.000132443179622065
-0.000323881280162167,-0.00444268222354045,-0.000133076043359167
-0.000325530167723056,-0.00444444446551789,-0.000133715599074774
-0.000327188747083807,-0.00444616432006179,-0.00013436167390866
-0.000328856964507331,-0.00444784420721654,-0.000135013921879359
-0.000330534766270343,-0.00444948503099339,-0.000135671993278212
-0.000332222102142554,-0.0044510860173672,-0.000136335709591131
-0.000333918929688472,-0.00445264502933037,-0.000137005289780434
-0.000335625179854013,-0.00445415960707227,-0.000137680850305285
-0.000337340767312096,-0.00445562799485769,-0.000138362322949452
-0.000339065606502243,-0.00445704994869593,-0.000139049519364153
-0.00034079961462623,-0.0044584271721782,-0.000139742115910663
-0.000342542701615321,-0.00445976351055256,-0.000140439384035265
-0.000344294791657925,-0.0044610642940068,-0.000141140747727377
-0.000346055814877452,-0.00446233533383433,-0.000141845906120213
-0.000347825699533204,-0.00446358188654027,-0.00014255488007666
-0.000349604357494941,-0.00446480794853606,-0.000143267717618411
-0.000351391685997379,-0.00446601588399582,-0.000143984324575401
-0.000353187579588271,-0.0044672064476599,-0.000144704516313705
-0.000354991934912795,-0.00446837928664327,-0.000145428028700199
-0.00035680464981367,-0.00446953374222879,-0.000146154465527987
-0.000358625628573879,-0.00447066961191909,-0.000146883456831097
-0.000360454778719542,-0.00447178779877183,-0.00014761471413597
-0.000362292006068199,-0.00447289062405786,-0.000148348018449489
-0.000364137211949581,-0.0044739816546661,-0.000149083193703417
-0.000365990292724076,-0.00447506501598556,-0.000149820080245149
-0.000367851140698808,-0.00447614491108747,-0.000150558515958208
-0.000369719646535918,-0.0044772249680591,-0.000151298328288732
-0.000371595702471996,-0.00447830754019013,-0.000152039344432778
-0.00037347919880982,-0.0044793931817188,-0.000152781402373499
-0.000375370019976617,-0.00448048072824136,-0.000153524340691799
-0.000377268045665026,-0.00448156786495342,-0.000154267969470089
-0.000379173163050146,-0.00448265190108966,-0.000155012068480106
-0.000381085266717966,-0.00448373056914186,-0.000155756414950624
-0.000383004253642962,-0.00448480265206381,-0.000156500800055242
-0.000384930019025752,-0.00448586823771596,-0.000157245030101599
-0.000386862454464919,-0.00448692854379389,-0.000157988920322477
-0.0003888014500328,-0.00448798534759091,-0.00015873229127528
-0.000390746897826916,-0.00448904021724001,-0.000159474987603958
-0.000392698682420941,-0.00449009380012694,-0.000160216879521431
-0.000394656681331047,-0.0044911453566078,-0.00016095783500671
-0.00039662076824387,-0.00449219266276929,-0.00016169768631546
-0.000398590828358437,-0.00449323228604248,-0.000162436231966905
-0.000400566758923457,-0.00449426016138842,-0.000163173281401586
-0.000402548456362192,-0.00449527234303583,-0.000163908673182099
-0.000404535811053152,-0.00449626570514442,-0.000164642251258529
-0.000406528714089231,-0.0044972384021745,-0.000165373849970505
-0.000408527058530114,-0.00449818996764652,-0.000166103301436504
-0.000410530737905794,-0.00449912099663888,-0.000166830443361058
-0.000412539644713378,-0.00450003252167884,-0.000167555121955166
-0.000414553671909773,-0.00450092560688749,-0.000168277193365136
-0.000416572714099662,-0.00450180066017632,-0.000168996540699509
-0.000418596654693562,-0.00450265694655578,-0.000169713052589171
-0.000420625379980063,-0.00450349251369716,-0.00017042659489362
-0.000422658783635408,-0.00450430465049458,-0.000171137024461594
-0.000424696764616196,-0.00450509056961362,-0.00017184420427377
-0.000426739224166713,-0.00450584799619351,-0.000172548009305814
-0.000428786063804664,-0.00450657567382759,-0.000173248324975182
-0.000430837183682113,-0.00450727362487937,-0.000173945019109509
-0.000432892482339967,-0.00450794324084576,-0.000174637903086889
-0.000434951863691089,-0.00450858695157511,-0.000175326894894149
-0.000437015233344676,-0.00450920758576462,-0.000176011998040957
-0.000439082497444713,-0.00450980761597542,-0.000176693330202277
-0.000441153553055545,-0.0045103886796007,-0.000177370861279611
-0.000443228304925243,-0.00451095147601242,-0.00017804472728399
-0.000445306654158141,-0.00451149583220486,-0.000178714993829631
-0.000447388498112982,-0.00451202100728204,-0.000179381546052064
-0.000449473730245829,-0.00451252618420635,-0.000180043972159349
-0.000451562255677603,-0.00451301113984282,-0.00018070187173594
-0.000453653996574854,-0.00451347676085902,-0.000181354987495836
-0.000455748878073862,-0.0045139250478274,-0.000182003208284999
-0.000457846820607152,-0.00451435893200713,-0.000182646519074342
-0.000459947738765876,-0.00451478188507527,-0.000183284945662372
-0.000462051541387764,-0.00451519737561628,-0.000183918512959075
-0.000464158132027224,-0.00451560831362495,-0.000184547204553262
-0.000466267422367519,-0.00451601665434659,-0.000185170958164687
-0.00046837933401827,-0.00451642326012384,-0.000185789700168718
-0.000470493796367742,-0.00451682801424339,-0.000186403388326002
-0.000472610734653399,-0.00451723010238426,-0.000187012021014523
-0.000474730073430962,-0.00451762873150033,-0.00018761562910549
-0.000476851731384027,-0.00451802376497579,-0.000188214260149048
-0.000478975626415067,-0.00451841589005814,-0.000188807951188445
-0.000481101678048189,-0.00451880658945112,-0.000189396703685021
-0.000483229804576567,-0.00451919783316446,-0.000189980428969416
-0.000485359935941728,-0.00451959186738428,-0.000190559040580128
-0.000487492010594606,-0.00451999079382721,-0.000191132547795515
-0.000489625964620405,-0.00452039607709272,-0.000191700992728728
-0.000491761728913095,-0.00452080822553519,-0.000192264412795627
-0.000493899231692586,-0.00452122682055261,-0.000192822828430278
-0.000496038402276356,-0.00452165056768457,-0.000193376242060547
-0.000498179172512828,-0.00452207765479725,-0.000193924666473995
-0.000500321474979085,-0.00452250621335665,-0.000194468148336252
-0.000502465246338711,-0.00452293486035105,-0.000195006609924502
-0.000504610428355922,-0.00452336299377389,-0.000195539946736089
-0.00050675696311904,-0.00452379085008518,-0.000196068066429815
-0.000508904802573701,-0.00452421926269875,-0.000196590913438808
-0.000511053897019629,-0.00452464924594191,-0.000197108489163626
-0.000513204194904223,-0.00452508150271149,-0.000197620847265346
-0.000515355635562605,-0.00452551597356767,-0.000198128071151426
-0.000517508173317155,-0.0045259530253127,-0.000198630308543143
-0.000519661942567085,-0.00452639199685316,-0.000199128103608505
-0.0005218173026617,-0.00452683018934507,-0.000199622271581908
-0.00052397472398555,-0.00452726469474221,-0.000200113591392532
-0.000526134736651743,-0.00452769299846733,-0.000200602607126333
-0.000528297909011594,-0.00452811345891834,-0.000201089868846356
-0.000530464823468066,-0.00452852542089696,-0.000201576070875267
-0.000532636031370829,-0.00452892928351529,-0.000202062020006806
-0.000534812057528486,-0.00452932612088626,-0.00020254853779431
-0.000536993406723116,-0.00452971720120029,-0.000203036416037372
-0.000539180565616998,-0.00453010355717837,-0.000203526401564299
-0.000541374002451175,-0.00453048557928862,-0.000204019193572757
-0.000543574163909312,-0.00453086287742913,-0.000204515442046171
-0.000545781470023749,-0.00453123441484395,-0.000205015725715613
-0.000547996329479113,-0.0045315987644427,-0.000205520585451296
-0.000550219158585356,-0.00453195443967487,-0.00020603071714495
-0.00055245034201539,-0.00453230042233807,-0.000206546765508261
-0.00055469022609511,-0.00453263656168557,-0.000207069117033976
-0.000556939126690804,-0.00453296357537055,-0.000207598075268565
-0.00055919735488808,-0.00453328284411426,-0.000208134023502383
-0.000561465227973568,-0.00453359598834692,-0.000208677746108283
-0.000563743040781566,-0.00453390464178468,-0.000209230049171793
-0.000566031044715403,-0.0045342103132109,-0.000209791166248153
-0.000568329473813159,-0.00453451396613531,-0.000210361078079509
-0.000570638554413576,-0.00453481582971119,-0.000210939673010796
-0.000572958518589014,-0.00453511563189174,-0.000211527184102563
-0.000575289584678803,-0.00453541281972135,-0.000212123974665521
-0.00057763195125608,-0.00453570685903273,-0.00021273043202821
-0.00057998578828815,-0.00453599763548074,-0.000213346675712241
-0.000582351238761507,-0.00453628584097761,-0.000213972380739457
-0.000584728439326711,-0.00453657280741957,-0.000214607155141711
-0.000587117530710872,-0.00453686015998335,-0.000215250613967361
-0.00058951867052741,-0.00453714956251996,-0.000215902977013875
-0.000591932002321884,-0.00453744263685758,-0.000216564822578404
-0.000594357633842496,-0.00453774064882451,-0.000217236603082358
-0.000596795636490805,-0.00453804430231333,-0.000217918344443857
-0.000599246070744425,-0.00453835357708152,-0.000218609800231195
-0.000601709005120056,-0.00453866795530769,-0.00021931095446989
-0.000604184506828467,-0.00453898662396612,-0.000220021986715879
-0.000606672624089108,-0.00453930895436295,-0.000220742868098045
-0.000609173396319045,-0.00453963484272824,-0.000221473486010944
-0.000611686854914863,-0.00453996468833149,-0.00022221372410335
-0.000614213020033295,-0.00454029925382306,-0.000222963478295088
-0.00061675191022753,-0.0045406393826621,-0.000223722690348731
-0.000619303533448463,-0.00454098600427907,-0.000224491156559667
-0.000621867887947764,-0.00454133996450993,-0.000225268548781981
-0.00062444496268026,-0.00454170171835429,-0.000226054758521227
-0.000627034740711474,-0.00454207105399997,-0.000226849774818203
-0.000629637199420785,-0.00454244706726461,-0.000227653672073115
-0.000632252294875558,-0.00454282848688665,-0.000228466209806236
-0.000634879985771397,-0.00454321383684469,-0.000229286925692028
-0.000637520238118872,-0.00454360186385804,-0.000230115587829649
-0.000640173011059291,-0.00454399176166249,-0.000230952066333469
-0.000642838256430499,-0.00454438322913477,-0.000231796255434761
-0.000645515910577425,-0.00454477634649936,-0.000232648048449833
-0.000648205898643361,-0.0045451716386479,-0.000233507305441478
-0.00065090814120769,-0.00454556969275104,-0.000234373845939295
-0.000653622551900669,-0.00454597076059314,-0.000235247407136137
-0.000656349033425069,-0.00454637441272037,-0.000236127506274187
-0.00065908750908561,-0.00454677970298774,-0.00023701369125655
-0.000661837900622627,-0.00454718538657252,-0.00023790565840443
-0.00066460011826799,-0.00454759023626114,-0.000238803208287077
-0.000667374063948002,-0.00454799316087542,-0.000239706215844451
-0.000670159640372046,-0.00454839332164922,-0.00024061473931913
-0.000672956751240346,-0.00454879016065294,-0.00024152904293854
-0.00067576528260256,-0.00454918354376277,-0.000242449149577473
-0.00067858509799237,-0.00454957369916114,-0.000243374473378421
-0.000681416059886457,-0.00454996138309941,-0.000244304145486119
-0.00068425804915072,-0.0045503475104116,-0.000245237630172361
-0.000687110972011714,-0.00455073277753414,-0.000246174772320664
-0.000689974735391004,-0.00455111738448268,-0.000247115543057513
-0.000692849231699604,-0.00455150099147988,-0.000248059995823031
-0.000695734318784608,-0.00455188280959033,-0.000249008249428035
-0.000698629830478468,-0.00455226197513234,-0.000249960070181532
-0.000701535621214386,-0.00455263777127411,-0.000250915041596873
-0.000704451569965602,-0.00455300980570582,-0.00025187272977078
-0.000707377533758347,-0.00455337807049755,-0.00025283258661594
-0.000710313381451201,-0.00455374303201556,-0.000253794227451166
-0.000713259007232808,-0.00455410553307432,-0.000254757818164666
-0.000716214298844813,-0.00455446664340502,-0.00025572356353886
-0.000719179107855871,-0.00455482741432003,-0.000256691414122888
-0.000722153264462876,-0.00455518856346908,-0.000257661052852758
-0.000725136605936836,-0.00455555039815559,-0.000258632037864024
-0.000728128983179037,-0.00455591291633617,-0.000259603851221772
-0.000731130258078331,-0.00455627581722533,-0.000260576053786376
-0.000734140284016808,-0.00455663854216777,-0.000261548216836793
-0.000737158918162555,-0.00455700039414053,-0.00026251977525961
-0.000740186040048978,-0.00455736140749764,-0.000263490522995442
-0.000743221529913107,-0.00455772214315389,-0.000264460413045067
-0.000746265248831786,-0.0045580833717618,-0.000265429402946235
-0.000749317040286365,-0.00455844570892329,-0.000266397332509838
-0.000752376740063466,-0.00455880998678425,-0.000267363784636498
-0.000755444192148479,-0.00455917696354044,-0.000268328308391758
-0.000758519255063359,-0.00455954706505891,-0.000269290507239267
-0.000761601793493851,-0.00455992027524447,-0.000270250021833197
-0.000764691676236064,-0.00456029621516788,-0.000271206647688326
-0.000767788775191828,-0.00456067435355003,-0.000272160483342672
-0.000770892950258615,-0.00456105410176068,-0.0002731116065261
-0.000774004056141167,-0.00456143490561928,-0.000274059938570612
-0.000777121942482838,-0.00456181623607677,-0.000275005222023857
-0.000780246472032687,-0.00456219823439338,-0.000275947234484718
-0.000783377509159005,-0.00456258142363022,-0.000276885777370806
-0.000786514917861938,-0.0045629663625902,-0.000277820695065962
-0.000789658563795235,-0.00456335326332296,-0.000278751936990513
-0.000792808306071996,-0.00456374216166779,-0.000279679324117107
-0.000795964009817616,-0.00456413292499871,-0.00028060275913143
-0.000799125543652647,-0.00456452515036103,-0.00028152220665115
-0.000802292781971164,-0.00456491821303622,-0.000282437804431983
-0.000805465588591582,-0.0045653113622042,-0.000283349519553844
-0.000808643812959896,-0.00456570397199226,-0.000284256838995497
-0.000811827317447736,-0.00456609555085725,-0.000285159224028453
-0.000815015979488022,-0.00456648580926549,-0.000286056297844107
-0.000818209683696648,-0.00456687471156364,-0.000286947847255314
-0.000821408314789344,-0.00456726244386785,-0.000287833777846165
-0.00082461175889375,-0.00456764925483487,-0.000288714178036522
-0.000827819907150859,-0.00456803516647394,-0.00028958950129556
-0.000831032624501894,-0.00456842002969346,-0.000290459791560345
-0.000834249767214868,-0.00456880363676606,-0.000291324695547541
-0.000837471205267875,-0.004569185728555,-0.000292183827002495
-0.000840696823485234,-0.00456956584060876,-0.000293036900128877
-0.000843926516124047,-0.00456994332528671,-0.000293883770431777
-0.00084716018425308,-0.00457031744153848,-0.000294724527547189
-0.000850397729818636,-0.0045706876525483,-0.000295559493773935
-0.000853639042576654,-0.00457105376773864,-0.000296388913878435
-0.000856884004803495,-0.00457141594892415,-0.000297212880472792
-0.000860132495849679,-0.00457177463498742,-0.000298031302539163
-0.000863384388560085,-0.00457213048735865,-0.000298843657784748
-0.000866639575444944,-0.00457248413461299,-0.00029964953402323
-0.000869897965456882,-0.00457283591256813,-0.000300448795972991
-0.000873159474672117,-0.00457318570243926,-0.000301241638157734
-0.000876424002521656,-0.00457353313510515,-0.000302027995562341
-0.000879691456639193,-0.00457387781041433,-0.000302807940337075
-0.000882961728999812,-0.00457421932893684,-0.000303581576546169
-0.000886234709909229,-0.00457455736480689,-0.000304348832726672
-0.000889510291689354,-0.00457489168345586,-0.000305109291575448
-0.000892788390211819,-0.0045752223601534,-0.000305862759276225
-0.00089606893161161,-0.00457554982302541,-0.00030660921940884
-0.000899351845238558,-0.00457587479274613,-0.000307348763353664
-0.000902637044146658,-0.00457619827546294,-0.000308081537794961
-0.00090592442821605,-0.00457652111863838,-0.000308807662346114
-0.000909213895470882,-0.00457684380225218,-0.000309527179176704
-0.000912505357899656,-0.00457716640612956,-0.000310240066154015
-0.000915798738985902,-0.00457748866627806,-0.000310946286349052
-0.000919093965959186,-0.00457781013276082,-0.000311645816892515
-0.000922390965009146,-0.00457813035797093,-0.000312338653711502
-0.000925689660652412,-0.00457844905354952,-0.000313024804906192
-0.000928989979405383,-0.00457876618534171,-0.000313704286185314
-0.000932291849892523,-0.00457908197456104,-0.000314377088479029
-0.000935595184923679,-0.00457939675328177,-0.000315042989020667
-0.000938899906117952,-0.00457971090975162,-0.000315701731317294
-0.000942205982062732,-0.00458002622547586,-0.000316353639504403
-0.00094551357176358,-0.00458034401008218,-0.000316999407659194
-0.000948823086743182,-0.00458066361851799,-0.000317639947068341
-0.000952135070825134,-0.00458098405531923,-0.00031827612812586
-0.000955450131544211,-0.00458130437501568,-0.000318908800949712
-0.000958768901346389,-0.00458162393666645,-0.000319538813254686
-0.000962092018062165,-0.0045819425499761,-0.000320167015312265
-0.000965420110896466,-0.00458226028708719,-0.000320794267256669
-0.0009687537911466,-0.00458257737640455,-0.000321421439604813
-0.000972093643555207,-0.00458289415466524,-0.000322049398231364
-0.000975440225722898,-0.00458321100811196,-0.000322678979264936
-0.000978794070794639,-0.00458352828133662,-0.000323310973259726
-0.00098215568978533,-0.00458384620356472,-0.000323946120541023
-0.000985525573295356,-0.00458416483088123,-0.00032458511460845
-0.000988904191316936,-0.00458448397588903,-0.000325228616076708
-0.000992291986915238,-0.00458480310075224,-0.000325877270753543
-0.000995689382723016,-0.00458512150256946,-0.000326531734354979
-0.000999096776839277,-0.00458543854027453,-0.000327192517174941
-0.00100251454871479,-0.00458575398642101,-0.000327860062543071
-0.00100594306088089,-0.00458606783532104,-0.000328534795198589
-0.00100938265796575,-0.00458638020921555,-0.000329217128594885
-0.00101283366544917,-0.00458669132880085,-0.000329907462294908
-0.00101629639087747,-0.00458700146387127,-0.000330606178069462
-0.00101977112636457,-0.00458731085779498,-0.00033131365531484
-0.00102325813845048,-0.00458761965909296,-0.000332030268373729
-0.00102675766878604,-0.00458792787113432,-0.000332756355788189
-0.00103026993799184,-0.00458823533782588,-0.00033349218591092
-0.00103379515943427,-0.00458854172256382,-0.000334237957440912
-0.00103733353824041,-0.00458884651566243,-0.000334993825732364
-0.0010408852716618,-0.00458914938049564,-0.000335759933446896
-0.00104445053978287,-0.00458945013702507,-0.000336536427757978
-0.00104802950325013,-0.00458974876500334,-0.00033732345638973
-0.00105162229926415,-0.00459004540379273,-0.000338121144053653
-0.00105522905344507,-0.00459034031170023,-0.000338929621940996
-0.00105884988474565,-0.0045906337796609,-0.000339749108710925
-0.00106248489146273,-0.0045909261790558,-0.000340579594436095
-0.00106613416302505,-0.00459121782153278,-0.000341420988767615
-0.00106979778557959,-0.00459150882218982,-0.000342273247443981
-0.00107347582781153,-0.00459179899515173,-0.000343136407743611
-0.00107716833400536,-0.00459208818213995,-0.000344010426796929
-0.00108087534350032,-0.00459237620864106,-0.000344895202726856
-0.0010845968948544,-0.00459266286552608,-0.000345790607479457
-0.00108833302261152,-0.00459294788844388,-0.000346696484995391
-0.00109208374926564,-0.00459323118938817,-0.000347612808741417
-0.0010958490893273,-0.00459351298196264,-0.000348539864208434
-0.00109962903411918,-0.00459379370196899,-0.00034947778092517
-0.00110342356130477,-0.00459407383370543,-0.000350426460956132
-0.00110723263598026,-0.00459435377271766,-0.000351385529967774
-0.00111105622142143,-0.00459463392581863,-0.000352354592864787
-0.00111489426842342,-0.00459491453602018,-0.000353333295464696
-0.00111874673166429,-0.00459519558047933,-0.000354321302453536
-0.00112261357107559,-0.00459547682929211,-0.000355318319706234
-0.00112649474215909,-0.00459575797372692,-0.000356324103637756
-0.0011303901889848,-0.00459603872417238,-0.000357338427169089
-0.00113429983959666,-0.00459631879750917,-0.000358361017321347
-0.00113822361929488,-0.00459659825708917,-0.00035939170672086
-0.00114216143861729,-0.00459687736842627,-0.000360430350892875
-0.00114611319192791,-0.00459715646502167,-0.000361476739833312
-0.00115007877351041,-0.00459743587444706,-0.000362530569972654
-0.00115405809564815,-0.00459771585181037,-0.000363591554708909
-0.0011580510742937,-0.00459799657672133,-0.00036465962235556
-0.00116205759757455,-0.00459827803345035,-0.000365734686133771
-0.00116607753823162,-0.00459855996469933,-0.000366816484018877
-0.00117011076265883,-0.00459884190175657,-0.000367904482558189
-0.00117415714607153,-0.00459912334211837,-0.000368998134233824
-0.00117821657085575,-0.00459940384375092,-0.000370096996197864
-0.00118228891255937,-0.0045996831423323,-0.000371200722472636
-0.00118637404321725,-0.00459996111801536,-0.000372309069606537
-0.0011904718329047,-0.00460023772548212,-0.000373421939831515
-0.0011945821366487,-0.00460051325483127,-0.000374539032510463
-0.00119870480693714,-0.00460078805822146,-0.00037565997142132
-0.0012028396980515,-0.00460106234567738,-0.000376784434256473
-0.00120698666712565,-0.00460133607313034,-0.000377912269476942
-0.0012111455746584,-0.0046016090059409,-0.000379043311040284
-0.00121531627056848,-0.00460188076368653,-0.000380177309408642
-0.00121949859229169,-0.00460215085586041,-0.000381313847296752
-0.00122369237447684,-0.00460241897252866,-0.000382452397196405
-0.0012278974585366,-0.00460268493804181,-0.000383592481921345
-0.00123211369180289,-0.00460294864950053,-0.000384733719474388
-0.00123634092088745,-0.00460321000474434,-0.000385875805759452
-0.00124057898502388,-0.00460346912024707,-0.000387018462727355
-0.00124482772303695,-0.00460372629636338,-0.000388161358734529
-0.0012490869696271,-0.00460398202587002,-0.000389303993620826
-0.00125335656316102,-0.00460423667447238,-0.000390445909276873
-0.0012576363505578,-0.00460449030633882,-0.000391586807936135
-0.00126192619455014,-0.00460474254054298,-0.000392726742789064
-0.00126622594205592,-0.00460499288384966,-0.000393866021884697
-0.00127053541531909,-0.00460524117130547,-0.00039500490118991
-0.00127485441583544,-0.00460548739434791,-0.000396143346206192
-0.00127918275331256,-0.00460573153340155,-0.000397280951520407
-0.00128352026365277,-0.00460597346311066,-0.000398416927379248
-0.00128786680398497,-0.00460621327687354,-0.000399550582409437
-0.00129222222661397,-0.0046064512019124,-0.000400681471497593
-0.00129658637530066,-0.00460668747193617,-0.000401809358766035
-0.00130095909199501,-0.00460692218787071,-0.00040293421139919
-0.00130534020304704,-0.00460715536184771,-0.000404055988236204
-0.00130972953143442,-0.00460738688800111,-0.000405174434210767
-0.00131412690474432,-0.00460761659857294,-0.000406289118427813
-0.0013185321635221,-0.00460784454257223,-0.000407399803475563
-0.00132294516097875,-0.00460807079416827,-0.000408506325581212
-0.00132736576301881,-0.00460829534082946,-0.000409608608610782
-0.00133179381709083,-0.00460851803717223,-0.000410706692696997
-0.00133622914703871,-0.00460873897535285,-0.000411800485212342
-0.00134067157751955,-0.00460895838212784,-0.000412889786107453
-0.00134512094756658,-0.00460917652032665,-0.000413974352874332
-0.00134957710549356,-0.00460939362194398,-0.000415053942555781
-0.00135403990552702,-0.00460960984705605,-0.000416128336051018
-0.00135850919859598,-0.00460982526959863,-0.000417197346132642
-0.00136298482781821,-0.00461003984687693,-0.000418260757669454
-0.00136746665023591,-0.00461025325186817,-0.00041931832421996
-0.00137195452926885,-0.00461046516662646,-0.000420370003302301
-0.00137644831861849,-0.00461067555445615,-0.000421415788555778
-0.00138094786283923,-0.0046108855974558,-0.000422455565367978
-0.00138545303037354,-0.00461109976582053,-0.000423489083792537
-0.0013899637106628,-0.00461132860177632,-0.000424516100044737
-0.00139447980299259,-0.0046115905529003,-0.000425536420836529
-0.00139900119918009,-0.00461191108431142,-0.000426549841646279
-0.00140352777057126,-0.00461231847688641,-0.000427556060836733
-0.00140805937234801,-0.00461283748257581,-0.000428555031208884
-0.00141259582840702,-0.00461348370132222,-0.000429546867602006
-0.00141713695027227,-0.00461426165135183,-0.00043053174813039
-0.00142168255638334,-0.00461516775634198,-0.000431509516919947
-0.00142623250480125,-0.00461619650682135,-0.000432480113635453
-0.00143078670326845,-0.0046173462357668,-0.00043344351780629
-0.00143534508676367,-0.00461862123787243,-0.00043439977130573
-0.0014399075728695,-0.00462002897835828,-0.000435348848726521
-0.00144447403497401,-0.004621574120606,-0.000436290767523407
-0.00144904429421572,-0.00462325275579738,-0.000437225188314089
-0.00145361816532161,-0.00462505032224095,-0.000438151781075708
-0.00145819549812508,-0.00462694477832575,-0.000439070443665244
-0.00146277618604961,-0.00462891306171885,-0.000439981399801939
-0.00146736014539691,-0.00463093701404937,-0.000440884870190549
-0.00147194731039613,-0.00463300512556839,-0.000441780938814971
-0.0014765376045935,-0.00463510956540061,-0.000442669610002583
-0.00148113091692977,-0.00463724036225297,-0.000443550900586297
-0.00148572709963197,-0.00463938039739683,-0.000444424803620694
-0.00149032600138518,-0.00464150471971773,-0.000445291319164846
-0.00149492750770417,-0.00464358464575592,-0.000446150597769632
-0.00149953151781433,-0.00464559420537877,-0.000447002788228092
-0.00150413795612408,-0.00464751498314115,-0.00044784790941507
-0.00150874675421145,-0.00464933661190787,-0.000448685795921091
-0.00151335784043141,-0.00465105291309568,-0.000449516248032756
-0.00151797112107187,-0.0046526561965273,-0.000450339119664079
-0.00152258648509624,-0.004654133404443,-0.000451154376571113
-0.00152720382526674,-0.00465546652947702,-0.000451962216814095
-0.00153182303448489,-0.0046566372342783,-0.000452762724560988
-0.00153644403143227,-0.00465763290284876,-0.000453555875592731
-0.0015410667603116,-0.00465844994758473,-0.000454341580787769
-0.00154569115869716,-0.00465909281609134,-0.00045511969888297
-0.00155031715860346,-0.0046595693546171,-0.000455890033909659
-0.00155494470724514,-0.00465988679943223,-0.000456652839643598
-0.00155957392748465,-0.00466004718889116,-0.000457408676805288
-0.0015642052124511,-0.00466004732313371,-0.000458158212929789
-0.00156884311781867,-0.00465991998748892,-0.000458988517462657
-0.00157351457152086,-0.00465991454850976,-0.000460503792222052
-0.00157826458503099,-0.0046606026656576,-0.000464057351483471
-0.00158309135244488,-0.00466256319893352,-0.000470936083941823
-0.00158795537415594,-0.00466622101983037,-0.000482012044657279
-0.00159281657986433,-0.00467177484426376,-0.000497637845399904
-0.00159766990775739,-0.00467930116552975,-0.000517940324937537
-0.00160253546268615,-0.00468883441122429,-0.000542987789669443
-0.00160743451392437,-0.00470044591393981,-0.000572931113306012
-0.00161236349299307,-0.00471420098029494,-0.000607862386677976
-0.00161731463660926,-0.00473020456520618,-0.000647949777573976
-0.00162228190797919,-0.00474856812061119,-0.000693376519067966
-0.00162726786884831,-0.00476941106554512,-0.000744364750981761
-0.00163227964739999,-0.00479286211450191,-0.000801181264922481
-0.00163732403263079,-0.00481908233589568,-0.000864184072043717
-0.00164239076498835,-0.00484819041652094,-0.000933619664276948
-0.00164746867977551,-0.00488025024520701,-0.00100960590369871
-0.00165255928951296,-0.00491530252006412,-0.00109221544399588
-0.00165767046835143,-0.00495338727921414,-0.0011815188285759
-0.0016628095419206,-0.00499457601374968,-0.00127765760261253
-0.00166797483577774,-0.00503896074567019,-0.00138081913162526
-0.00167315429134429,-0.0050865999520149,-0.00149111731051535
-0.00167833325836972,-0.00513746196872155,-0.00160847130948738
-0.00168350322186437,-0.0051914006765506,-0.00173255242095765
-0.0016886705675627,-0.00524822366522524,-0.00186294279903478
-0.00169384379813319,-0.00530774099264193,-0.0019992250232906
-0.0016990235247721,-0.00536977651690121,-0.00214099759771207
-0.00170421013143814,-0.00543419743762261,-0.00228796297611107
-0.00170940248523088,-0.00550089665936752,-0.00243989468960618
-0.00171459675371639,-0.00556975718979951,-0.00259655745183508
-0.00171979402245205,-0.00564067172736234,-0.00275775805872348
-0.0017249945967128,-0.00571352852982605,-0.00292329432949361
-0.00173019568860779,-0.00578819583588786,-0.00309290505010031
-0.00173539517859591,-0.00586452575057497,-0.00326627982909409
-0.0017405908335713,-0.00594234500902698,-0.00344304044291758
-0.00174577435617842,-0.00602139634960216,-0.00362260638439414
-0.00175093920088214,-0.00610134937465781,-0.0038042392886775
-0.00175608039778831,-0.00618179420244776,-0.00398703083521958
-0.00176120216065519,-0.00626234171978554,-0.00417014036862781
-0.00176631001487244,-0.00634263379661748,-0.00435279880663539
-0.0017714070080916,-0.00642233743760271,-0.00453428225939414
-0.00177649451136044,-0.00650114625294371,-0.00471391475910628
-0.00178157312331026,-0.00657877829749938,-0.00489106951993267
-0.00178664283519871,-0.00665497000032561,-0.0050651633830611
-0.00179170309201775,-0.00672947101019157,-0.00523565079986348
-0.001796753399516,-0.00680204716818197,-0.00540203068362868
-0.00180179655601776,-0.00687240355027131,-0.00556366487329719
-0.00180684144796391,-0.00693993499219352,-0.00571919399379204
-0.00181189531719931,-0.00700417562151833,-0.00586756399286822
-0.0018169627633155,-0.00706492557463896,-0.00600832165760754
-0.00182204581704121,-0.00712218282014357,-0.00614146538216621
-0.00182714424099174,-0.00717605241092585,-0.00626724331323436
-0.00183225641715283,-0.00722666910789504,-0.00638597751210382
-0.00183738061844054,-0.0072741492635244,-0.00649794909040573
-0.00184251610886408,-0.0073185721183588,-0.00660334672653796
-0.00184766352908055,-0.00735998169022685,-0.00670226294194075
-0.0018528243898419,-0.0073983981089689,-0.00679471692308514
-0.00185800001176285,-0.0074338294315721,-0.00688068563121873
-0.00186319059341796,-0.00746627958873027,-0.00696013115786193
-0.00186839497216486,-0.00749575221919,-0.00703301902385014
-0.0018736111828573,-0.00752225231005616,-0.00709932678766605
-0.00187883743170552,-0.0075457875039209,-0.0071590452794525
-0.00188407285420684,-0.00756636958812625,-0.0072121756759708
-0.00188931757749961,-0.00758401542845142,-0.00725872529479203
-0.00189457199903172,-0.00759876129661691,-0.00729873857311746
-0.00189983579912431,-0.00761072727989458,-0.00733244911827447
-0.00190510739527098,-0.00762006542281088,-0.00736016680594969
-0.00191038586484611,-0.00762692646477025,-0.00738220932705453
-0.0019156729547684,-0.00763144283628333,-0.00739886584150473
-0.00192097353617403,-0.00763372495163894,-0.00741038368132691
-0.00192629499336256,-0.0076338660754266,-0.00741697136149375
-0.0019316458167035,-0.00763194995701099,-0.00741880950535677
-0.00193703381631107,-0.00762805675463353,-0.007416062969816
-0.00194246456614141,-0.00762226538888091,-0.00740889021596399
-0.00194794062010948,-0.00761465305268141,-0.00739744849845369
-0.00195346165445361,-0.00760529378756139,-0.00738189572401062
-0.00195902529528577,-0.00759425809165768,-0.0073623899195419
-0.00196462810659703,-0.00758161411273712,-0.00733908765466557
-0.00197026629700747,-0.00756742957554355,-0.0073121424569287
-0.0019759359670756,-0.00755177292501056,-0.00728170377595424
-0.0019816330617956,-0.00753471266115349,-0.00724791655682371
-0.0019873533789238,-0.00751631504481968,-0.00721092128630917
-0.00199309285670952,-0.00749664147917289,-0.00717085437688198
-0.00199884809532141,-0.00747574717981044,-0.00712784873170694
-0.00200461678370099,-0.00745368214770146,-0.00708203381598826
-0.0020103978660036,-0.00743049372374559,-0.00703353604589413
-0.00201619123568836,-0.00740622943716705,-0.0069824790408702
-0.00202199712159601,-0.00738093851275795,-0.00692898365070981
-0.0020278155192851,-0.00735467131370971,-0.0068731680954433
-0.00203364591123995,-0.00732747719452389,-0.00681514803973352
-0.00203948739374173,-0.00729940226490278,-0.00675503664402955
-0.00204533903006094,-0.00727048847464963,-0.00669294444842327
-0.00205120018353365,-0.00724077469914568,-0.00662897927695338
-0.00205707060563217,-0.00721029916581495,-0.00656324619306562
-0.00206295025901518,-0.0071791018872184,-0.00649584786447408
-0.00206883901382748,-0.00714722531419176,-0.00642688452275571
-0.00207473645383422,-0.00711471307031694,-0.00635645401170203
-0.00208064189199788,-0.00708160775339856,-0.00628465150462987
-0.00208655460024656,-0.00704794891912406,-0.00621156967411083
-0.00209247406054648,-0.00701377264879804,-0.0061372988190841
-0.00209840005022378,-0.00697911295087185,-0.00606192689657549
-0.00210433254136563,-0.00694400412449148,-0.00598553953176029
-0.00211027147392318,-0.00690848252438509,-0.00590822005010574
-0.00211621657008903,-0.00687258660697771,-0.00583004958333483
-0.00212216729057049,-0.00683635553505897,-0.00575110713281147
-0.0021281229982417,-0.00679982684889552,-0.00567146922585914
-0.00213408318380628,-0.00676303467402463,-0.00559121004062908
-0.00214004758991416,-0.00672600970243545,-0.00551040143774778
-0.0021460161713376,-0.00668878090976847,-0.0054291133053874
-0.00215198889891782,-0.00665137787656995,-0.00534741338825563
-0.00215796560058024,-0.00661383215276652,-0.00526536723656186
-0.00216394588719894,-0.00657617663162651,-0.00518303828399868
-0.00216992924338062,-0.00653844359505882,-0.00510048793345272
-0.00217591520428247,-0.00650066254233175,-0.00501777561742377
-0.00218190350323546,-0.00646285930122766,-0.00493495852880365
-0.00218789409610232,-0.00642505662267606,-0.00485209166264227
-0.00219388705418881,-0.00638727595091639,-0.00476922822784546
-0.00219988238366741,-0.00634953916113803,-0.00468641966608861
-0.00220587989269023,-0.00631186922201612,-0.00460371574052398
-0.00221187919476057,-0.0062742894441871,-0.0045211640426148
-0.00221787987597308,-0.00623682179140279,-0.00443881021993116
-0.00222388166592418,-0.00619948532384004,-0.00435669813030451
-0.00222988451967765,-0.00616229550583359,-0.00427486989513285
-0.00223588855572869,-0.00612526514177086,-0.00419336594910661
-0.00224189389819599,-0.00608840627672634,-0.0041122250734134
-0.0022479005315258,-0.00605173183638881,-0.00403148446590274
-0.00225390825923792,-0.00601525602096616,-0.00395117988239561
-0.00225991677357875,-0.00597899312449642,-0.00387134545515532
-0.00226592580199857,-0.00594295570394676,-0.00379201360268438
-0.00227193523155752,-0.0059071531946761,-0.00371321498667863
-0.00227794512918796,-0.00587159199253068,-0.00363497885992453
-0.00228395564867682,-0.00583627682347466,-0.00355733332732577
-0.00228996686753816,-0.00580121269230712,-0.00348030508780335
-0.00229597870937965,-0.00576640611533688,-0.00340391922490437
-0.00230199097184338,-0.00573186513100468,-0.00332819946463686
-0.00230800342129413,-0.00569759807651542,-0.00325316831221492
-0.00231401590263468,-0.00566361173619709,-0.00317884714018605
-0.00232002839593261,-0.00562991041139737,-0.00310525632150402
-0.00232604097479072,-0.0055964962990804,-0.0030324150270892
-0.00233205371406113,-0.0055633710184913,-0.00296034112112645
-0.0023380666019602,-0.00553053725301125,-0.0028890510837569
-0.00234407951674989,-0.00549799964009263,-0.002818560188954
-0.00235009227068458,-0.00546576427786433,-0.0027488825469932
-0.00235610472113667,-0.00543383758714489,-0.00268003194245559
-0.00236211678965818,-0.00540222462812879,-0.00261202138052454
-0.00236812845961677,-0.0053709284149224,-0.00254486279782941
-0.00237413972615676,-0.00533995064720952,-0.00247856671780268
-0.00238015059685555,-0.00530929456127078,-0.00241314265054786
-0.00238616122329466,-0.00527896483803521,-0.00234859970229198
-0.00239217195253554,-0.005248966670473,-0.00228494657328795
-0.00239818323526579,-0.00521930643404753,-0.00222219129314534
-0.0024041956022262,-0.00518999028998281,-0.00216034097945087
-0.0024102096667018,-0.00516102301238612,-0.00209940201016647
-0.00241622608290495,-0.00513240774363287,-0.0020393800996675
-0.00242224549065101,-0.00510414716408412,-0.00198028030231144
-0.0024282684755584,-0.00507624477486659,-0.00192210702690951
-0.00243429555251651,-0.00504870571327309,-0.0018648640203493
-0.0024403272030305,-0.00502153649305246,-0.00180855433409779
-0.00244636391791495,-0.00499474398890541,-0.00175318028938652
-0.00245240622340888,-0.00496833395577419,-0.00169874343006055
-0.00245845465932705,-0.00494231030683034,-0.00164524467531814
-0.00246450973993035,-0.00491667537818611,-0.00159268460794434
-0.00247057191098128,-0.00489143095486247,-0.00154106332947695
-0.00247664155327787,-0.00486657951900108,-0.00149038045565894
-0.00248271900422126,-0.00484212491191194,-0.00144063495031467
-0.00248880463374772,-0.00481807190264783,-0.00139182505917991
-0.00249489886118608,-0.00479442490038861,-0.00134394851788724
-0.00250100212608497,-0.00477118664766789,-0.00129700261814371
-0.00250711484054135,-0.00474835769522001,-0.00125098426886691
-0.00251323735678354,-0.00472593720356546,-0.00120589029722002
-0.00251936992189168,-0.00470392414369713,-0.00116171688636388
-0.00252551272860563,-0.00468231822668372,-0.00111845964965945
-0.00253166972362768,-0.0046611164800665,-0.00107611785128699
-0.00253786548802372,-0.00464028687095791,-0.00103474334495325
-0.0025441394001956,-0.00461973829723739,-0.000994540535844972
-0.00255048422867196,-0.00459935842681239,-0.000955853451640889
-0.00255686209695141,-0.00457903814853102,-0.000919052563782195
-0.00256324272160969,-0.00455867621555023,-0.000884454618151612
-0.00256963189612265,-0.00453816683808785,-0.00085231825761158
-0.00257605095818467,-0.00451740071017017,-0.00082288551763093
-0.00258251151815946,-0.00449626815883873,-0.000796417017779333
-0.00258899877474516,-0.00447466950292902,-0.000773184687929174
-0.00259550443267321,-0.00445249894620664,-0.000753454993291392
-0.00260203016453181,-0.00442964382629072,-0.000737484722945979
-0.00260858508175131,-0.00440598788399243,-0.000725517504956975
-0.00261517561735245,-0.00438141664971256,-0.000717788903576386
-0.00262180324590457,-0.00435581513829998,-0.000714539343798101
-0.00262845244195308,-0.00432907777085243,-0.000716006973116528
-0.00263511285170209,-0.00430110296198407,-0.000722404742897074
-0.00264179076317919,-0.00427178760716951,-0.00073391770564028
-0.00264849619739923,-0.00424103166790938,-0.000750711786412063
-0.0026552353161155,-0.00420873802588573,-0.000772945408473346
-0.00266200497842233,-0.00417481304159547,-0.000800776096230428
-0.00266879333803837,-0.00413917080751534,-0.000834349923870429
-0.00267558689717574,-0.00410173733826976,-0.000873784291964875
-0.00268237763475705,-0.00406245638213436,-0.000919148238453643
-0.00268917166465231,-0.0040212859969736,-0.000970460604660608
-0.00269597517594388,-0.00397820030086733,-0.00102770544274063
-0.00270278606125944,-0.00393318983858966,-0.0010908416045598
-0.00270960493518375,-0.00388625135681353,-0.00115981072422996
-0.00271643236115794,-0.00383738726261084,-0.00123454321194207
-0.00272326537265053,-0.00378661116746369,-0.00131495185391372
-0.00273010526660814,-0.00373394422487504,-0.00140093038638431
-0.00273695125309917,-0.00367941703941102,-0.00149235651118702
-0.00274379886911217,-0.00362307101391437,-0.00158908877009099
-0.00275064503960744,-0.00356495600997202,-0.00169096274837003
-0.00275748739435458,-0.00350513075379385,-0.00179779066435889
-0.00276431658483304,-0.00344367347149725,-0.00190934679644525
-0.00277112437566458,-0.00338068589710761,-0.00202534551086225
-0.00277790941797912,-0.00331629137259842,-0.00214543469635926
-0.00278467551664736,-0.00325063044117196,-0.00226920624667921
-0.00279142718432542,-0.00318385601665204,-0.0023962118165584
-0.00279816793661954,-0.00311612734273087,-0.00252597916947792
-0.00280489757083274,-0.00304760991855402,-0.00265801567294236
-0.00281161460782699,-0.00297847706160952,-0.00279180102315039
-0.0028183186803664,-0.0029089098444312,-0.00292678598263095
-0.0028250113622523,-0.00283909570762048,-0.00306239910604867
-0.00283169602842197,-0.00276922612095612,-0.00319805764522205
-0.00283838350571382,-0.00269949286584776,-0.00333317166890061
-0.00284510105019096,-0.00263010779575459,-0.00346706601360862
-0.00285186478203139,-0.00256131346857151,-0.00359899977213131
-0.00285868088709851,-0.00249334264165893,-0.00372829484013282
-0.00286555045060839,-0.00242639541012761,-0.00385439288107104
-0.0028724720631765,-0.0023606407589694,-0.00397684123793615
-0.00287944330403095,-0.00229622863406213,-0.00409525377161579
-0.00288646141217476,-0.00223330021697246,-0.00420928061968582
-0.00289352334658334,-0.0021719918079918,-0.00431859695810044
-0.00290062548465079,-0.00211243383322086,-0.00442290395031503
-0.00290776336500628,-0.00205474837176332,-0.00452193332397317
-0.00291493173227973,-0.00199904770582973,-0.00461544919500397
-0.00292212495364239,-0.0019454344070819,-0.00470324600433712
-0.00292933763016488,-0.00189400268298264,-0.00478514428756046
-0.00293656509378443,-0.00184483979582399,-0.00486098648850039
-0.00294380354982929,-0.00179802696094099,-0.00493063455267507
-0.00295104977344903,-0.00175363959424639,-0.00499396824542235
-0.0029583005978099,-0.00171174721621294,-0.00505088396036697
-0.00296555037176563,-0.00167241038684294,-0.00510130413994693
-0.00297277940701525,-0.00163567405403817,-0.0051452104046668
-0.00297995832157942,-0.00160156576370937,-0.00518264027785926
-0.0029870586549413,-0.00157009860497139,-0.00521366471310512
-0.00299405926478771,-0.00154127452303683,-0.00523837313144432
-0.00300095011869974,-0.00151508443300431,-0.00525686852729874
-0.00300773375505731,-0.00149150653949016,-0.00526926859332517
-0.00301442439155097,-0.00147050555194661,-0.00527570791805963
-0.00302104498861467,-0.00145203398413035,-0.0052763386180905
-0.00302762301019657,-0.00143603547375312,-0.00527132875012018
-0.00303418586668896,-0.00142244888615704,-0.00526085972631313
-0.00304075690600633,-0.00141121204052963,-0.00524512353602091
-0.00304735257324265,-0.00140226400854452,-0.00522432069716687
-0.0030539811367754,-0.00139554573821004,-0.0051986587469611
-0.00306064318931898,-0.001390999137595,-0.00516835129022151
-0.00306733375007104,-0.00138856544715225,-0.00513361686461786
-0.00307404537743807,-0.00138818365181479,-0.00509467761836808
-0.00308077132990914,-0.00138978961714209,-0.00505175813452217
-0.003087507739575,-0.0013933162155414,-0.00500508405686355
-0.00309425419406469,-0.00139869419074369,-0.00495488082308915
-0.00310101278947855,-0.00140585311803042,-0.00490137258535383
-0.00310778632260895,-0.00141472219073855,-0.00484478125553508
-0.00311457662684432,-0.00142523056938665,-0.00478532561512465
-0.00312138381987046,-0.00143730734959657,-0.00472322050890349
-0.00312820665903393,-0.00145088143661327,-0.00465867609788987
-0.00313504358851439,-0.00146588162812839,-0.00459189714858676
-0.00314189378099134,-0.00148223715597636,-0.00452308273808766
-0.00314875755693487,-0.00149987832851853,-0.0044524259063322
-0.00315563604043776,-0.0015187369750203,-0.00438011331221742
-0.00316253035301462,-0.00153874642643766,-0.00430632477548604
-0.00316944089850349,-0.00155984117481289,-0.00423123303270938
-0.00317636712566798,-0.00158195653544906,-0.00415500366630688
-0.00318330787292949,-0.00160502854704523,-0.00407779492575196
-0.00319026203321288,-0.00162899430493045,-0.00399975763855776
-0.00319722914423681,-0.00165379259449716,-0.003921035210515
-0.00320420954387975,-0.00167936446294988,-0.00384176371613289
-0.00321120403473474,-0.00170565338723487,-0.00376207197348621
-0.00321821328825661,-0.00173260497560588,-0.00368208160707964
-0.00322523735664237,-0.00176016660141443,-0.00360190752071732
-0.00323227553354003,-0.00178828699053954,-0.00352165792059327
-0.00323932664683435,-0.00181691619267115,-0.00344143442494225
-0.00324638957847458,-0.00184600599338569,-0.0033613322276215
-0.00325346374075123,-0.00187551051543121,-0.00328144035533465
-0.00326054922187169,-0.0019053866351705,-0.00320184207681891
-0.00326764653134075,-0.001935593880438,-0.00312261486944728
-0.00327475609798588,-0.00196609389909018,-0.00304383052432653
-0.00328187782491101,-0.00199684978863418,-0.00296555517797688
-0.00328901096209625,-0.00202782610301267,-0.00288784982715865
-0.00329615434539261,-0.00205898905323574,-0.00281077103818406
-0.00330330683880007,-0.00209030682442334,-0.00273437110440952
-0.00331046774510183,-0.00212174987947847,-0.00265869821025721
-0.00331763696087909,-0.00215329114801526,-0.00258379623273812
-0.00332481481667694,-0.00218490597071353,-0.0025097050953731
-0.00333200164449258,-0.00221657144126525,-0.00243646109953946
-0.0033391973583672,-0.00224826583133644,-0.00236409719338037
-0.00334640126446473,-0.00227996836102705,-0.00229264317328193
-0.00335361224533668,-0.00231165959132876,-0.00222212566913745
-0.00336082917732224,-0.00234332173013271,-0.00215256842149864
-0.00336805133495167,-0.00237493890497911,-0.00208399252877472
-0.00337527856484531,-0.0024064971053314,-0.00201641663439417
-0.0033825111359354,-0.00243798369262562,-0.00194985708467297
-0.0033897493741284,-0.00246938808389579,-0.00188432809253729
-0.0033969934137152,-0.00250070015014874,-0.00181984209872215
-0.00340424306035817,-0.00253190894421626,-0.00175640998361859
-0.00341149782179531,-0.00256300428191744,-0.00169404102177387
-0.00341875721009006,-0.00259397724128966,-0.00163274288387352
-0.00342602110714008,-0.00262482028875838,-0.00157252168961652
-0.00343328992964234,-0.00265552728006093,-0.00151338211556318
-0.0034405644882438,-0.00268609299376397,-0.00145532762670229
-0.00344784564099593,-0.00271651252369284,-0.00139836043377436
-0.00345513392938865,-0.00274678089764349,-0.00134248170535714
-0.00346242939063281,-0.00277689302872311,-0.00128769163028784
-0.00346973166170612,-0.00280684401620575,-0.00123398953183796
-0.00347704029470983,-0.00283662965104386,-0.00118137363622697
-0.00348435511264256,-0.00286624650233205,-0.00112984128965188
-0.00349167639429264,-0.00289569168205309,-0.00107938909151952
-0.00349900478434968,-0.0029249624222438,-0.00103001294199723
-0.00350634099847181,-0.00295405568562607,-0.000981708097141242
-0.00351368548235558,-0.00298296803929033,-0.000934469203627984
-0.00352103824173197,-0.00301169581579381,-0.000888290333693998
-0.00352839890247295,-0.00304023553562936,-0.000843165177384114
-0.0035357669946625,-0.00306858420904091,-0.000799087153943081
-0.00354314226896455,-0.00309673940863548,-0.00075604930353327
-0.00355052488956403,-0.00312469911276583,-0.000714044088686658
-0.0035579153758443,-0.00315246117591534,-0.000673063554682424
-0.00356531431792792,-0.00318002298726467,-0.000633099394353767
-0.00357272206402125,-0.0032073814726557,-0.000594142898541921
-0.00358013856591701,-0.0032345335522611,-0.000556185275053966
-0.00358756344291615,-0.0032614764660602,-0.000519217570023139
-0.00359499622713271,-0.00328820795208715,-0.000483230680338288
-0.00360243664905219,-0.00331472630688677,-0.000448215068102785
-0.00360988479631749,-0.00334103003506522,-0.000414160947055547
-0.0036173410600618,-0.00336711746643417,-0.000381058326344227
-0.00362480590715203,-0.00339298658174783,-0.000348896955123978
-0.00363227962486321,-0.00341863526801295,-0.000317666658644803
-0.00363976215419957,-0.00344406158449096,-0.000287357243518271
-0.00364725313919522,-0.00346926400010382,-0.000257958536430026
-0.00365475213009441,-0.00349424160191132,-0.000229460193594684
-0.00366225883319238,-0.00351899399160811,-0.000201851650558325
-0.00366977326404138,-0.00354352096681415,-0.000175122060494857
-0.00367729570757828,-0.00356782223070982,-0.000149260145537202
-0.00368482654837887,-0.00359189734426585,-0.0001242547536877
-0.00369236602948168,-0.00361574580480503,-0.000100094863453702
-0.00369991409838105,-0.00363936731105156,-7.67695561029065e-05
-0.00370747041993688,-0.00366276214951974,-5.42675918169248e-05
-0.00371503457997522,-0.0036859311918684,-3.25776642199725e-05
-0.00372260628583453,-0.00370887561639035,-1.1688515359798e-05
-0.0037301855197649,-0.00373159655177132,8.41105347287619e-06
-0.00373777251517437,-0.00375409508325741,2.7732303953828e-05
-0.00374536760231589,-0.0037763721349068,4.62865806971246e-05
-0.00375297099249052,-0.00379842857187931,6.40852650692503e-05
-0.00376058263765405,-0.00382026540008784,8.11397137293724e-05
-0.00376820225453069,-0.0038418841459834,9.74611416437575e-05
-0.00377582947230963,-0.00386328675208397,0.000113060803776219
-0.00378346401338443,-0.00388447528801471,0.000127950123544568
-0.00379110581850354,-0.00390545165450604,0.000142140881975851
-0.00379875506355326,-0.00392621736843522,0.000155644888944573
-0.0038064120298535,-0.00394677356745432,0.000168473804738127
-0.00381407691209819,-0.00396712121709262,0.000180639109069078
-0.00382174967877526,-0.00398726157151599,0.00019215235843338
-0.00382943008467828,-0.00400719629239126,0.000203024990332713
-0.00383711781330974,-0.00402692737923015,0.000213268065642415
-0.00384481263617546,-0.00404645668938026,0.000222892656920266
-0.00385251451071905,-0.00406578554352024,0.000231910034722139
-0.00386022356569437,-0.00408491453858105,0.000240331826219728
-0.00386794000949092,-0.00410384382565773,0.000248169493484353
-0.00387566399142791,-0.00412257359325322,0.000255434439346143
-0.00388339549367829,-0.00414110440565693,0.000262138156397774
-0.00389113433010831,-0.00415943715017661,0.000268291983706746
-0.00389888021412037,-0.00417757273485512,0.000273907136155853
-0.00390663291754529,-0.00419551173971927,0.000278994853647912
-0.0039143923924281,-0.00421325434728281,0.00028356606657556
-0.00392215875718279,-0.00423080031846439,0.000287631446057565
-0.00392993221056538,-0.00424814918870951,0.000291201289501509
-0.00393771288676577,-0.00426530055285091,0.000294285970192112
-0.00394550076112619,-0.00428225423539725,0.000296896117772249
-0.00395329564428328,-0.00429901024210022,0.000299042681915119
-0.00396109728165635,-0.00431556863813975,0.000300736624018614
-0.00396890547256051,-0.0043319294293835,0.0003019887373626
-0.00397672015308813,-0.00434809229761238,0.00030280960101827
-0.00398454140791841,-0.0043640566062383,0.000303209569177508
-0.00399236937644926,-0.00437982156766144,0.000303198855366113
-0.00400020417008134,-0.00439538674445259,0.000302787623815252
-0.00400804579250316,-0.00441075210154099,0.000301985935084639
-0.00401589411537891,-0.00442591793561876,0.000300803606176705
-0.00402374891952589,-0.00444088459030737,0.00029925042972505
-0.00403161000954935,-0.00445565220631217,0.000297336266033941
-0.00403947728809816,-0.0044702206125013,0.000295071111041934
-0.0040473507921181,-0.00448458952738231,0.000292464815717477
-0.00405523064620062,-0.00449875880488514,0.000289526940091823
-0.00406311697221257,-0.00451272876457577,0.000286267038385593
-0.00407100978897673,-0.00452650018827453,0.000282694505705229
-0.00407890898343312,-0.00454007412570795,0.000278818510374734
-0.00408681435951486,-0.00455345160314828,0.000274647934129562
-0.0040947257305347,-0.00456663349346532,0.000270191649457115
-0.00410264300004201,-0.00457962050822314,0.000265458667242323
-0.00411056619019605,-0.00459241354368268,0.000260457892463021
-0.00411849540632488,-0.00460501377692596,0.000255198027861145
-0.00412643074419899,-0.00461742272292045,0.000249687629604207
-0.004134372216495,-0.00462964213961212,0.000243935221091298
-0.00414231974079135,-0.00464167395593491,0.000237948975961947
-0.00415027314760307,-0.00465352000538646,0.000231736888926333
-0.00415823225884838,-0.00466518189713996,0.000225306898233571
-0.00416619696032445,-0.00467666107576477,0.000218666927686996
-0.00417416725510009,-0.00468795898022503,0.000211824915863664
-0.00418214323654898,-0.00469907719336209,0.000204788792826471
-0.00419012501383529,-0.00471001766253995,0.000197566091326744
-0.00419811261280194,-0.00472078257663488,0.000190164064129392
-0.00420610594336389,-0.00473137417301149,0.000182589745422775
-0.00421410484436689,-0.00474179445422329,0.00017485020182108
-0.00422210915707438,-0.0047520450673417,0.000166952581162945
-0.0042301187890055,-0.00476212735327532,0.000158904111793954
-0.00423813372928782,-0.0047720426118664,0.000150711883583662
-0.00424615402913829,-0.00478179227376451,0.000142382874082594
-0.00425417976213873,-0.00479137806647149,0.000133923658845763
-0.00426221095139468,-0.00480080183485582,0.000125340593812017
-0.00427024753929391,-0.00481006529263465,0.000116639924100002
-0.00427828940260572,-0.00481916984557956,0.000107827779111062
-0.00428633639044614,-0.00482811657882906,9.8910175585269e-05
-0.00429438838441798,-0.00483690638943466,8.98930622714926e-05
-0.00430244535070556,-0.00484554018674879,8.07823276241102e-05
-0.00431050733387539,-0.00485401903093166,7.15837605819674e-05
-0.00431857440559868,-0.00486234413178417,6.23030009496645e-05
-0.00432664659038654,-0.0048705167043368,5.29455290874622e-05
-0.00433472382826202,-0.00487853778708956,4.3516698883254e-05
-0.00434280598603406,-0.00488640813906532,3.40217798422657e-05
-0.00435089291799612,-0.0048941282943519,2.44659622914514e-05
-0.00435898452050356,-0.00490169873169688,1.48543270379981e-05
-0.00436708075987784,-0.004909120056068,5.19183670653257e-06
-0.00437518166968335,-0.00491639306149904,-4.5167212681987e-06
-0.00438328730211518,-0.00492351863401145,-1.42668024641375e-05
-0.00439139766810733,-0.0049304977304506,-2.40537729810995e-05
-0.00439951271408631,-0.00493733118979894,-3.38730545424678e-05
-0.00440763233081776,-0.00494401966584644,-4.37202224566001e-05
-0.0044157563785733,-0.00495056369425056,-5.35909944979951e-05
-0.00442388474838583,-0.0049569638555971,-6.34811998423097e-05
-0.00443201739463466,-0.00496322092954632,-7.33867806312976e-05
-0.00444015432649653,-0.00496933594718178,-8.33037736865296e-05
-0.00444829558088481,-0.00497531010135741,-9.3228304590937e-05
-0.00445644117415878,-0.0049811445873387,-0.000103156607085135
-0.0044645910674143,-0.00498684047949383,-0.000113085039947426
-0.00447274516052982,-0.00499239872814849,-0.000123010083108785
-0.00448090332684901,-0.00499782027117709,-0.000132928318798695
-0.00448906546244085,-0.0050031061846509,-0.000142836431796708
-0.00449723151338307,-0.00500825778717259,-0.000152731210019038
-0.00450540147690585,-0.00501327662949835,-0.00016260953491447
-0.00451357537380803,-0.00501816437573374,-0.000172468377102813
-0.00452175320783068,-0.00502292265222143,-0.000182304796348209
-0.00452993493394574,-0.00502755295980621,-0.000192115940119686
-0.00453812045582209,-0.00503205670452734,-0.000201899024645668
-0.00454630966522027,-0.00503643530142789,-0.000211651354179954
-0.0045545024749141,-0.00504069083344628,-0.000221370357732798
-0.00456269891633995,-0.0050448254332919,-0.000231053676051189
-0.00457089917363024,-0.00504884070353339,-0.000240699183353531
-0.00457910351423909,-0.00505273828860509,-0.000250304908855886
-0.00458731222571562,-0.00505651981969564,-0.00025986902208061
-0.0045955255551591,-0.00506018687462785,-0.000269389812945912
-0.00460374369540372,-0.00506374101130156,-0.000278865637100759
-0.00461196680453689,-0.00506718386585214,-0.000288294857387012
-0.00462019505616413,-0.00507051719267063,-0.000297675839951958
-0.00462842866155837,-0.00507374285591024,-0.000307007002151199
-0.00463666786374274,-0.00507686275378457,-0.000316286838784089
-0.00464491291270208,-0.00507987870807891,-0.000325513921060909
-0.00465316403444408,-0.00508279234929851,-0.000334686883595812
-0.00466142140950006,-0.00508560507515163,-0.000343804413052061
-0.00466968517122577,-0.00508831814425279,-0.000352865243485845
-0.00467795542464871,-0.00509093282369906,-0.000361868158104303
-0.00468623227418983,-0.00509345049379653,-0.00037081200087944
-0.00469451583907998,-0.00509587261988478,-0.000379695667635486
-0.00470280626501878,-0.00509820065120466,-0.000388518091554412
-0.00471110371201809,-0.0051004359041958,-0.000397278248415846
-0.00471940832839707,-0.00510257949808566,-0.00040597516225948
-0.00472772022798351,-0.00510463239552992,-0.00041460790675274
-0.00473603948310305,-0.00510659548933923,-0.000423175603472688
-0.00474436613690689,-0.00510846968883231,-0.000431677419436809
-0.00475270022734319,-0.00511025598967001,-0.00044011256528721
-0.00476104180851843,-0.00511195546156732,-0.000448480294388437
-0.00476939095793644,-0.0051135691604633,-0.000456779902298129
-0.00477774776538582,-0.00511509804101938,-0.000465010724862561
-0.00478611231150489,-0.00511654289805244,-0.000473172127763285
-0.00479448465397681,-0.00511790439937039,-0.000481263514319154
-0.00480286481391196,-0.00511918319538012,-0.000489284328979769
-0.00481125278961658,-0.00512038002968127,-0.000497234059865363
-0.00481964857094751,-0.00512149578380101,-0.000505112244733115
-0.00482805215784149,-0.00512253142867512,-0.000512918460735048
-0.00483646357029091,-0.00512348792082306,-0.000520652316987495
-0.00484488284489599,-0.00512436611812692,-0.000528313454978514
-0.00485331001832075,-0.0051251667750697,-0.000535901568418189
-0.00486174509546096,-0.00512589059988537,-0.000543416384072793
-0.00487018805338554,-0.00512653836188602,-0.000550857633756584
-0.00487863885145017,-0.00512711099647518,-0.000558225114170466
-0.00488709744757813,-0.00512760966501893,-0.000565518811712809
-0.00489556380902163,-0.0051280355990976,-0.000572738710506698
-0.00490403791324932,-0.00512838994375727,-0.000579884690006582
-0.0049125197417097,-0.0051286736265829,-0.000586956376027668
-0.00492100927314486,-0.00512888742146149,-0.000593953290555583
-0.00492950648936535,-0.00512903221245355,-0.000600875261153153
-0.00493801135114696,-0.00512910905169159,-0.000607722286717359
-0.00494652379235691,-0.00512911917254507,-0.000614494413084964
-0.00495504374447062,-0.0051290639249063,-0.000621191710008692
-0.00496357114497314,-0.005128944653213,-0.000627814324837351
-0.0049721059468497,-0.00512876257951188,-0.000634362552424814
-0.00498064809379813,-0.00512851888657747,-0.000640836476434657
-0.00498919753627538,-0.00512821470143873,-0.000647236085420203
-0.00499775422315223,-0.005127851153897,-0.000653561383883545
-0.00500631808722714,-0.00512742945885315,-0.000659812412799185
-0.00501488905359359,-0.00512695092474444,-0.000665989278039531
-0.00502346703644415,-0.00512641690656052,-0.000672092168436714
-0.00503205195182408,-0.0051258287318498,-0.000678121344928205
-0.0050406437199843,-0.00512518762397097,-0.000684077111653831
-0.00504924226894085,-0.00512449466037255,-0.000689959726690715
-0.005057847527245,-0.00512375079018097,-0.000695769310710912
-0.00506645942342092,-0.0051229570489395,-0.000701506140125657
-0.00507507789026045,-0.00512211453899734,-0.000707170586477989
-0.00508370284770871,-0.00512122436980573,-0.000712763165419303
-0.00509233418908157,-0.00512028773643405,-0.000718284214347551
-0.0051009717925071,-0.00511930577197625,-0.000723733987211152
-0.00510961555679406,-0.00511827945384263,-0.000729112711237436
-0.00511826540654518,-0.00511720961112777,-0.000734420634187569
-0.00512692127890801,-0.00511609699790588,-0.00073965804547337
-0.00513558311040064,-0.00511494238997695,-0.000744825250497411
-0.00514425080973958,-0.00511374668858324,-0.000749922450097386
-0.00515292426683633,-0.00511251083367967,-0.000754949910443502
-0.00516160337168241,-0.00511123568597526,-0.000759908103436341
-0.00517028803264586,-0.00510992185869274,-0.000764797892546591
-0.00517897814941878,-0.0051085699051182,-0.000769619966920625
-0.00518767362368792,-0.00510718033995638,-0.000774374857152339
-0.00519637435996867,-0.00510575367975594,-0.000779062982184209
-0.00520508027433549,-0.00510429050388564,-0.000783684690734609
-0.00521379128339673,-0.00510279147450794,-0.000788240339402242
-0.0052225072917023,-0.00510125730625771,-0.000792730341474667
-0.00523122818389435,-0.00509968867668829,-0.000797155148984396
-0.00523995385041644,-0.00509808615868484,-0.000801515227375761
-0.00524868420687288,-0.0050964501819779,-0.000805811150074938
-0.00525741917397375,-0.00509478106725667,-0.000810043676717152
-0.00526615865526525,-0.00509307925668507,-0.000814213364851299
-0.0052749025445929,-0.00509134533972549,-0.00081832063844403
-0.00528365074871897,-0.00508958001331163,-0.000822365892472202
-0.00529240316804809,-0.00508778399397198,-0.000826349553822182
-0.00530115970056698,-0.00508595794301311,-0.00083027208899704
-0.0053099202481688,-0.00508410239764764,-0.000834134103046817
-0.00531868472001544,-0.00508221773791805,-0.000837936450594663
-0.00532745302063439,-0.00508030450733857,-0.000841679563832506
-0.00533622507160219,-0.00507836335794599,-0.000845363768782869
-0.00534500079772932,-0.00507639499851304,-0.000848989429285624
-0.00535378011979665,-0.00507440014288246,-0.000852556918921495
-0.00536256294446516,-0.00507237959001024,-0.000856066927423884
-0.00537134915941526,-0.00507033411651795,-0.000859520240542659
-0.00538013864642316,-0.0050682644261737,-0.000862917584784573
-0.005388931306398,-0.00506617115983928,-0.00086625960200024
-0.00539772706167751,-0.00506405493229983,-0.000869546885407426
-0.00540652584720935,-0.00506191638420233,-0.000872780059928762
-0.00541532759807253,-0.00505975617380439,-0.000875959914977556
-0.00542413223151615,-0.00505757502452306,-0.000879087229738393
-0.0054329396630374,-0.00505537362717413,-0.000882162846997365
-0.00544174979371157,-0.00505315263351,-0.00088518747032107
-0.00545056251890152,-0.00505091263930413,-0.000888161521409927
-0.00545937774033878,-0.00504865440682976,-0.000891085340072747
-0.00546819536870005,-0.00504637882141813,-0.000893959153366962
-0.00547701533129878,-0.00504408677917016,-0.000896783271818199
-0.00548583757508538,-0.00504177912766161,-0.000899558212582616
-0.00549466203844399,-0.0050394565483932,-0.000902284737136087
-0.00550348863795893,-0.0050371195595966,-0.000904963450614944
-0.00551231728502201,-0.00503476868718439,-0.00090759495032137
-0.0055211479005453,-0.00503240467111016,-0.000910180012064378
-0.00552998041331181,-0.00503002825779046,-0.000912719406883033
-0.00553881474657411,-0.00502764006307333,-0.000915213802568744
-0.00554765081456945,-0.00502524041804609,-0.00091766362929425
-0.00555648854894314,-0.00502282970421673,-0.000920069112608177
-0.00556532788487206,-0.00502040845796786,-0.000922430378250279
-0.00557416875654805,-0.00501797723643912,-0.000924747708840025
-0.00558301109656263,-0.00501553654456729,-0.000927021659276943
-0.00559185485615067,-0.00501308679884571,-0.00092925327570941
-0.00560069997773289,-0.00501062833134644,-0.000931443696443191
-0.005609546386149,-0.00500816153123061,-0.000933593724759743
-0.00561839399446923,-0.00500568703359862,-0.000935703540507286
-0.00562724273820099,-0.00500320554903833,-0.000937773404796581
-0.00563609256581655,-0.00500071762647757,-0.000939803789224037
-0.00564494344214274,-0.00499822346023261,-0.000941795542782419
-0.00565379530935625,-0.00499572302944986,-0.000943749362191444
-0.00566264809671883,-0.00499321635146113,-0.000945665742276417
-0.00567150171843148,-0.00499070367541146,-0.000947544755059946
-0.00568035610235984,-0.00498818532326906,-0.0009493863908908
-0.00568921120619202,-0.00498566172615293,-0.000951191059958704
-0.00569806700738961,-0.00498313324153624,-0.000952959592633048
-0.00570692347470736,-0.00498060008107968,-0.000954692963898078
-0.00571578055633528,-0.00497806238981222,-0.000956391805097943
-0.00572463818155836,-0.00497552052338724,-0.000958056424906185
-0.0057334962832228,-0.00497297487003969,-0.000959687105778117
-0.00574235480673416,-0.00497042574327992,-0.000961284180846357
-0.00575121371166524,-0.00496787330413023,-0.000962848053021954
-0.00576007297516159,-0.00496531785083227,-0.000964379460979701
-0.0057689325710187,-0.00496275972435393,-0.000965879247344194
-0.00577779246411609,-0.00496019912106454,-0.000967348329271998
-0.00578665259356167,-0.00495763611060117,-0.000968787201940754
-0.00579551289855448,-0.00495507084973423,-0.000970196224099777
-0.00580437333350729,-0.00495250375207194,-0.000971575909046613
-0.00581323385775793,-0.00494993534960079,-0.000972926723532556
-0.00582209442961536,-0.00494736625012135,-0.000974248892021948
-0.00583095501426076,-0.00494479699129112,-0.000975542556421305
-0.00583981558718012,-0.00494222800026734,-0.000976808011381815
-0.00584867612709395,-0.00493965931145008,-0.000978045824307838
-0.00585753656876474,-0.0049370909658276,-0.000979256551953368
-0.00586639678340423,-0.00493452340983882,-0.000980440763493167
-0.00587525660778103,-0.00493195721277293,-0.000981598732928646
-0.00588411587709344,-0.00492939291911455,-0.000982730566455705
-0.00589297443472801,-0.00492683097185576,-0.000983836251237563
-0.00590183214334774,-0.0049242718305559,-0.000984916015943875
-0.00591068887017336,-0.00492171588750105,-0.000985970243596322
-0.00591954448223113,-0.00491916338329563,-0.000986999493208531
-0.00592839883425322,-0.00491661452567327,-0.000988004216318165
-0.00593725177114353,-0.00491406960963212,-0.000988984561614432
-0.00594610314851862,-0.00491152897179945,-0.000989940609198972
-0.00595495284061383,-0.00490899295236819,-0.000990872532625604
-0.0059638007404498,-0.00490646183032004,-0.00099178074104488
-0.00597264674166112,-0.00490393589634939,-0.000992665616247123
-0.0059814907332881,-0.00490141552185526,-0.000993527352573311
-0.00599033261447353,-0.00489890110672676,-0.000994366284590388
-0.00599917228535188,-0.00489639296738884,-0.000995182767474601
-0.00600800964187644,-0.00489389129554208,-0.000995977016723565
-0.00601684457577541,-0.00489139612245566,-0.000996748921158406
-0.00602567699682594,-0.00488890756291636,-0.00099749847085004
-0.0060345068186035,-0.00488642580426392,-0.000998225470378052
-0.00604333398104281,-0.004883951163759,-0.00099893013760205
-0.0060521584301238,-0.00488148392468813,-0.000999612940188606
-0.00606098010934328,-0.00487902417216186,-0.00100027449599709
-0.00606979895648069,-0.00487657167962283,-0.00100091548342691
-0.00607861490364049,-0.00487412628292209,-0.00100153653443224
-0.00608742787885353,-0.00487168803216816,-0.00100213808493782
-0.00609623781281519,-0.00486925729367467,-0.00100272032671131
-0.00610504464987946,-0.0048668344812877,-0.00100328337740573
-0.00611384834769466,-0.0048644199094317,-0.00100382737646787
-0.00612264887141612,-0.00486201375688048,-0.00100435251647327
-0.00613144618794523,-0.00485961608665659,-0.00100485904430716
-0.0061402402607236,-0.00485722692172179,-0.00100534719760375
-0.00614903104697071,-0.00485484635829575,-0.00100581706460556
-0.00615781851074986,-0.00485247452477444,-0.00100626877515532
-0.0061666026290522,-0.00485011151981125,-0.00100670265471954
-0.00617538339383317,-0.004847757304434,-0.0010071194161656
-0.00618416078629049,-0.00484541187306934,-0.00100751964964548
-0.00619293478170116,-0.00484307526238264,-0.00100790376137463
-0.00620170535743728,-0.00484074752516875,-0.00100827205546742
-0.00621047249647934,-0.00483842869891771,-0.00100862482391452
-0.0062192361792137,-0.00483611884945118,-0.00100896218380294
-0.00622799638673778,-0.00483381818676282,-0.00100928408346749
-0.00623675311424453,-0.00483152700233747,-0.00100959062868277
-0.0062455063649599,-0.00482924555138851,-0.0010098820782571
-0.00625425614518184,-0.00482697399277909,-0.0010101588164981
-0.00626300245533387,-0.00482471245588034,-0.00101042114930963
-0.00627174529517226,-0.0048224610432137,-0.0010106693451251
-0.00628048466597694,-0.00482021985453262,-0.00101090366436938
-0.00628922057077354,-0.00481798901705677,-0.00101112436361181
-0.0062979530145398,-0.00481576869531044,-0.00101133169827285
-0.00630668200466381,-0.00481355907706059,-0.00101152592376574
-0.00631540755143512,-0.00481136034611808,-0.00101170729546091
-0.00632412966913472,-0.00480917264997556,-0.00101187609218958
-0.00633284837880223,-0.00480699607239154,-0.00101203267804842
-0.00634156370223988,-0.00480483069700931,-0.00101217741697707
-0.00635027564801618,-0.004802676612787,-0.0010123106186317
-0.00635898422539101,-0.00480053387502962,-0.00101243252104618
-0.00636768944953446,-0.00479840258495256,-0.00101254332200639
-0.00637639133869587,-0.00479628291509105,-0.00101264316226028
-0.00638508991151409,-0.00479417512120136,-0.00101273202422962
-0.00639378519878817,-0.00479207941843336,-0.00101280996402595
-0.00640247723218092,-0.00478999595629966,-0.00101287720024682
-0.00641116604013958,-0.00478792487107008,-0.00101293411829323
-0.00641985163976354,-0.00478586628993691,-0.00101298109006346
-0.00642853404895972,-0.00478382034126859,-0.00101301838645678
-0.00643721330127738,-0.00478178713929714,-0.00101304621940604
-0.00644588943207964,-0.00477976676261563,-0.00101306482102452
-0.00645456247279559,-0.0047777592241672,-0.0010130744588767
-0.00646323244502927,-0.00477576451473007,-0.00101307520541409
-0.006471899374925,-0.00477378262987711,-0.00101306711025287
-0.00648056329707178,-0.00477181357541943,-0.00101305030679651
-0.00648922425219166,-0.00476985735052757,-0.00101302507434718
-0.00649788227945666,-0.00476791400627785,-0.00101299171983689
-0.00650653741516116,-0.00476598369918597,-0.0010129505398087
-0.00651518968216795,-0.00476406656724947,-0.00101290179112139
-0.00652383910555604,-0.0047621626753589,-0.00101284566867091
-0.00653248571845716,-0.00476027202090966,-0.00101278233126916
-0.00654112956011028,-0.00475839456261094,-0.00101271192896626
-0.00654977067176108,-0.00475653025582821,-0.00101263461768894
-0.00655840909120289,-0.00475467907947963,-0.00101255055979111
-0.00656704485079066,-0.00475284104727347,-0.00101245990203215
-0.00657567799216173,-0.00475101617038146,-0.00101236281589567
-0.00658430855673488,-0.00474920440307741,-0.00101225956693654
-0.00659293657775911,-0.00474740565941028,-0.00101215035611791
-0.00660156208740167,-0.00474561986081164,-0.00101203533987566
-0.00661018512073878,-0.00474384695553744,-0.00101191464942619
-0.00661880571551803,-0.00474208693881908,-0.00101178838301548
-0.00662742391189919,-0.00474033991473336,-0.00101165664881693
-0.00663603975013061,-0.00473860600305159,-0.00101151957902466
-0.00664465326673718,-0.0047368852844509,-0.00101137732227168
-0.00665326449200734,-0.00473517777766677,-0.00101123001289122
-0.00666187346210708,-0.00473348345077545,-0.00101107776111043
-0.00667048022110756,-0.00473180225276589,-0.00101092067677728
-0.0066790848201447,-0.00473013414253839,-0.00101075892598421
-0.00668768730375591,-0.00472847906892759,-0.00101059276709058
-0.00669628770324881,-0.0047268369836243,-0.00101042235423423
-0.0067048860496526,-0.00472520788332713,-0.00101024783797471
-0.00671348238112944,-0.00472359181174594,-0.0010100695066771
-0.00672207673153491,-0.00472198885965263,-0.00100988753496874
-0.00673066913213325,-0.00472039909870983,-0.00100970199950458
-0.00673925961179384,-0.00471882256587977,-0.00100951285186513
-0.00674784821486629,-0.00471725935409328,-0.00100932006028162
-0.00675643498974913,-0.00471570956041152,-0.00100912368229041
-0.00676501998151554,-0.00471417326272548,-0.00100892383682894
-0.0067736032180272,-0.00471265048812458,-0.00100872061287143
-0.00678218473073626,-0.00471114127306815,-0.00100851417897367
-0.00679076455489208,-0.0047096456411844,-0.00100830471378449
-0.00679934272717337,-0.00470816359651371,-0.00100809237286098
-0.00680791928436466,-0.00470669513650084,-0.00100787728822434
-0.00681649426768474,-0.00470524026108996,-0.00100765959985381
-0.00682506772318815,-0.00470379896790855,-0.0010074395101691
-0.00683363967010615,-0.00470237129081874,-0.00100721709814462
-0.0068422101402321,-0.00470095737266997,-0.0010069926232715
-0.00685077916739821,-0.00469955733673217,-0.00100676632094432
-0.00685934677840978,-0.00469817122564531,-0.0010065382530782
-0.00686791300875922,-0.00469679894049502,-0.00100630824207511
-0.00687647789593833,-0.00469544034930989,-0.00100607614705591
-0.00688504147531885,-0.00469409535474334,-0.0010058419342821
-0.00689360378057889,-0.0046927639100358,-0.00100560565084453
-0.00690216484584684,-0.00469144599683285,-0.00100536741463654
-0.00691072470529866,-0.00469014157667414,-0.00100512739881676
-0.00691928338928608,-0.00468885063393971,-0.00100488561815986
-0.00692784094106087,-0.00468757319361965,-0.0010046421946694
-0.00693639739290035,-0.00468630925714284,-0.00100439735394831
-0.00694495276589376,-0.00468505875907184,-0.00100415136823996
-0.00695350707103483,-0.00468382160067947,-0.0010039043390757
-0.00696206032918588,-0.00468259771102634,-0.00100365626660988
-0.00697061256893845,-0.00468138710285003,-0.00100340711690793
-0.00697916382845506,-0.00468018978960037,-0.00100315685670928
-0.00698771414895417,-0.00467900575036426,-0.00100290548676373
-0.00699626356630529,-0.00467783491880207,-0.00100265301357181
-0.00700481209436773,-0.00467667718780506,-0.00100239929345664
-0.0070133597527866,-0.00467553259479764,-0.00100214419833232
-0.00702190657610878,-0.00467440116732304,-0.00100188771010501
-0.00703045259846992,-0.00467328283933077,-0.00100162991417429
-0.00703899784776508,-0.00467217737551299,-0.00100137094344203
-0.00704754234406773,-0.00467108457568313,-0.00100111092044058
-0.00705608610571126,-0.00467000433388944,-0.00100084996904807
-0.00706462915848009,-0.00466893665197058,-0.00100058832418601
-0.00707317153676654,-0.00466788152144485,-0.0010003262159656
-0.00708171326909778,-0.00466683885794552,-0.00100006385108702
-0.00709025437719551,-0.00466580858767611,-0.000999801017289972
-0.00709879488318956,-0.00466479069297764,-0.00099953753710442
-0.00710733480668313,-0.00466378523961322,-0.000999273524423866
-0.00711587415319543,-0.00466279225028327,-0.000999009102204847
-0.00712441294611345,-0.00466181167281624,-0.000998744318735061
-0.0071329512216297,-0.00466084340037628,-0.000998479258883908
-0.00714148902299414,-0.00465988728949131,-0.000998214188951303
-0.00715002634540507,-0.00465894215355054,-0.000997949225850908
-0.0071585629972219,-0.00465800719211869,-0.000997684121415723
-0.00716709854288548,-0.00465708306138689,-0.000997418136579671
-0.00717563243634253,-0.0046561703294857,-0.000997150113436927
-0.00718416411787593,-0.00465526939385567,-0.000996879076368094
-0.00719269301714944,-0.00465438040497734,-0.000996604251454828
-0.00720121854140348,-0.00465350330775289,-0.00099632498831046
-0.00720974007322241,-0.00465263791751822,-0.000996040618712481
-0.00721825702384055,-0.00465178397874956,-0.00099575035802841
-0.00722676883662914,-0.00465094116865559,-0.000995453212232805
-0.00723527499264898,-0.0046501092213586,-0.000995148243316973
-0.00724377498887851,-0.0046492881204439,-0.000994835037511981
-0.00725226835006274,-0.00464847788626081,-0.000994513344705046
-0.00726075461572745,-0.00464767842727076,-0.000994182933918681
-0.00726923332370154,-0.00464688960853306,-0.000993843087480212
-0.00727770402096684,-0.00464611134947598,-0.000993492957422642
-0.0072861662904532,-0.00464534368689363,-0.000993131659556018
-0.00729461977381501,-0.00464458679332917,-0.000992758879765791
-0.00730306412764716,-0.00464384076491191,-0.000992374596532977
-0.0073114990076252,-0.00464310549056301,-0.000991978896111574
-0.00731992406909197,-0.00464238071520459,-0.000991571562200751
-0.00732833899385093,-0.00464166621455971,-0.000991152281499386
-0.00733674349824868,-0.00464096191222767,-0.000990720923756447
-0.00734513731234916,-0.00464026775770315,-0.000990277478333906
-0.00735352018106441,-0.00463958355802128,-0.00098982204414106
-0.0073618918261806,-0.00463890913524246,-0.000989353979029318
-0.00737025200536356,-0.00463824443916315,-0.000988872715554444
-0.00737860051036379,-0.00463758947568337,-0.000988377912362424
-0.0073869371683547,-0.00463694427130379,-0.000987869486120901
-0.00739526181715244,-0.00463630882670389,-0.000987347510530172
-0.00740357428451091,-0.00463568309416063,-0.000986812085545736
-0.00741187439131141,-0.00463506695381784,-0.00098626317878821
-0.00742016198398046,-0.00463446031395144,-0.000985700798257888
-0.00742843694743021,-0.00463386324466537,-0.000985125309545212
-0.00743669917971716,-0.0046332758211176,-0.000984537073622529
-0.00744494856959394,-0.00463269800189381,-0.000983936196409521
-0.00745318499238014,-0.00463212950075962,-0.000983322228891793
-0.00746140834836799,-0.00463157003888231,-0.000982694780935356
-0.00746961858460379,-0.00463101952338624,-0.000982053947566125
-0.00747781565772418,-0.00463047794177379,-0.000981400020559184
-0.00748599952018949,-0.0046299452836722,-0.0009807333535333
-0.00749417012502469,-0.00462942145921864,-0.000980054429331176
-0.00750232744231811,-0.00462890630783494,-0.000979363770855007
-0.00751047143000995,-0.00462839966047823,-0.000978661525236864
-0.00751860205836341,-0.00462790137590708,-0.000977947191503801
-0.00752671934083274,-0.00462741154263089,-0.000977220746611501
-0.00753482330500035,-0.00462693028480496,-0.000976482501530153
-0.00754291397134902,-0.00462645757083877,-0.000975732937017651
-0.0075509913371347,-0.00462599320845005,-0.000974972105952656
-0.00755905540951167,-0.00462553721115968,-0.000974200124054297
-0.00756710622437856,-0.00462508963243156,-0.000973417173490963
-0.00757514383043201,-0.00462465049135916,-0.000972623484694302
-0.00758316828198744,-0.00462421976033103,-0.000971819371071464
-0.00759117963765953,-0.00462379730542424,-0.000971005280020751
-0.00759917794631354,-0.00462338290762263,-0.000970181403285235
-0.00760716325214685,-0.00462297636676846,-0.000969347593322244
-0.00761513560439231,-0.00462257772072668,-0.000968503447232517
-0.00762309509033455,-0.00462218714357612,-0.000967648926138793
-0.00763104182254808,-0.00462180474125738,-0.000966784389681963
-0.00763897592802845,-0.0046214304760462,-0.000965910687084796
-0.00764689749489563,-0.0046210644775706,-0.000965028515872088
-0.00765480659516485,-0.00462070686873736,-0.000964138370336386
-0.00766270331033259,-0.00462035771419896,-0.000963240655140906
-0.0076705877433586,-0.00462001709193613,-0.000962335873022718
-0.00767845999872278,-0.00461968503343367,-0.000961424464208838
-0.00768632017972725,-0.00461936147934977,-0.000960506694436928
-0.00769416839776488,-0.00461904624775527,-0.000959582585617389
-0.00770200477476707,-0.00461873915163672,-0.000958652190308607
-0.00770982943771119,-0.0046184400559929,-0.000957715684924294
-0.00771764251442879,-0.00461814888359056,-0.000956773351654562
-0.00772544413465143,-0.00461786558014967,-0.000955825585574356
-0.00773323442957685,-0.00461759004022421,-0.000954872879010219
-0.00774101351655952,-0.00461732216877471,-0.000953915346266793
-0.00774878152163343,-0.00461706189780682,-0.00095295305681862
-0.00775653858232073,-0.00461680917745774,-0.000951986187871946
-0.00776428484181725,-0.00461656396837472,-0.000951015020145866
-0.00777202044848576,-0.00461632624479638,-0.000950039985995928
-0.00777974555959374,-0.00461609601256357,-0.000949061841530774
-0.00778746032108857,-0.00461587324880895,-0.000948081355806438
-0.00779516486935792,-0.00461565780857031,-0.000947099208028235
-0.0078028593233742,-0.00461544958485337,-0.000946115506300491
-0.00781054382267742,-0.00461524876479744,-0.000945130459236218
-0.00781821851483371,-0.00461505554438254,-0.000944144325210607
-0.00782588353992787,-0.00461486995472661,-0.000943157209930019
-0.00783353903459368,-0.00461469177911928,-0.000942168844896992
-0.00784118516138203,-0.00461452087579342,-0.000941179315962593
-0.00784882208829972,-0.00461435715912134,-0.000940188944209577
-0.00785644997259788,-0.00461420056392454,-0.000939198128523308
-0.00786406896146323,-0.00461405103491576,-0.000938207265130673
-0.00787167919796212,-0.00461390851714623,-0.000937216704447724
-0.00787928082700619,-0.00461377295340184,-0.00093622674451308
-0.00788687399665634,-0.0046136442904337,-0.000935237651661831
-0.0078944588508285,-0.00461352248996392,-0.000934249681647688
-0.00790203554072398,-0.00461340755214789,-0.000933263139564348
-0.00790960422048809,-0.00461329947235756,-0.000932278305886561
-0.00791716504174222,-0.00461319819776548,-0.000931295357992755
-0.00792471814330274,-0.00461310354804438,-0.000930314202376916
-0.00793226367025904,-0.00461301535508041,-0.000929334831335664
-0.00793980177921467,-0.00461293357284452,-0.000928357547012024
-0.00794733262349051,-0.00461285820204094,-0.000927382730056656
-0.00795485634779914,-0.00461278922841627,-0.000926410677716723
-0.0079623730895354,-0.00461272657658147,-0.000925441506767498
-0.00796988299491699,-0.00461267023528252,-0.000924475482786015
-0.00797738620985672,-0.00461262020261106,-0.000923512895940058
-0.00798488287526738,-0.00461257643487824,-0.000922553942585307
-0.00799237312621319,-0.00461253879861186,-0.000921598606536862
-0.00799985710592436,-0.00461250718719273,-0.000920646935663207
-0.00800733496206762,-0.00461248161097568,-0.000919699237115769
-0.0080148068362825,-0.00461246210838945,-0.000918755846628221
-0.00802227286367394,-0.00461244870041571,-0.000917817033938685
-0.00802973317543918,-0.00461244137959635,-0.000916882994798632
-0.00803718790316365,-0.0046124401017587,-0.000915953866853606
-0.00804463717983641,-0.00461244479831161,-0.000915029755783594
-0.00805208113791717,-0.0046124553843491,-0.000914110731995466
-0.00805951990659645,-0.00461247174550342,-0.000913196782195247
-0.00806695361606833,-0.00461249378455575,-0.00091228791696985
-0.00807438239780946,-0.004612521444965,-0.000911384227869921
-0.00808180638505756,-0.00461255472871646,-0.000910485935272274
-0.00808922570689533,-0.00461259364697451,-0.000909593273238784
-0.0080966404820288,-0.00461263819552544,-0.000908706426652048
-0.00810405082838901,-0.00461268834513241,-0.000907825516473997
-0.00811145686796985,-0.00461274404023619,-0.000906950629609474
-0.00811885871892757,-0.00461280519299688,-0.000906081795117129
-0.00812625649168351,-0.00461287164923239,-0.000905218867088476
-0.00813365030039172,-0.00461294329256891,-0.000904361755498598
-0.00814104026410293,-0.00461302008865123,-0.000903510569149327
-0.00814842650654055,-0.00461310203771663,-0.000902665600499288
-0.00815580915047157,-0.00461318905913581,-0.000901827286899524
-0.00816318830384972,-0.00461328107292403,-0.000900995904501172
-0.00817056406027017,-0.00461337808316117,-0.000900171384600489
-0.00817793651475547,-0.00461348010099945,-0.000899353559783546
-0.00818530576686241,-0.00461358709948012,-0.000898542272155352
-0.00819267192940622,-0.00461369895936528,-0.00089773740123203
-0.0082000351126997,-0.00461381559262852,-0.0008969388552269
-0.00820739542440668,-0.00461393697315677,-0.000896146710364162
-0.00821475296054532,-0.0046140630787456,-0.000895361085813192
-0.00822210782224074,-0.00461419385703864,-0.000894582092306425
-0.00822946010406113,-0.0046143292337545,-0.000893809837234082
-0.00823680989232065,-0.00461446913191112,-0.000893044397477189
-0.00824415726734338,-0.00461461348929211,-0.000892285789664839
-0.0082515023166427,-0.00461476225373424,-0.000891533977407222
-0.00825884513357416,-0.00461491537228099,-0.000890788912241579
-0.00826618581123114,-0.00461507277321295,-0.000890050557950338
-0.00827352443761283,-0.00461523433661732,-0.000889318892706462
-0.00828086109378158,-0.0046153999647706,-0.000888593891023966
-0.00828819585958295,-0.00461556958169642,-0.000887875468283611
-0.0082955288141504,-0.00461574311369856,-0.000887163404439947
-0.00830286004191223,-0.00461592054017214,-0.000886457619026005
-0.0083101896280531,-0.00461610184234385,-0.000885758179431586
-0.00831751765469205,-0.00461628694008172,-0.000885065372263948
-0.00832484416918251,-0.00461647370630588,-0.000884379486444616
-0.00833216888514604,-0.00461666065113393,-0.00088370017385895
-0.00833949107548813,-0.00461684905102414,-0.000883026155784066
-0.00834680979113156,-0.0046170400870176,-0.00088235578354658
-0.00835412398892241,-0.00461723448981269,-0.000881687330656412
-0.0083614326040738,-0.00461743248250882,-0.000881019107760974
-0.00836873457872999,-0.00461763387890543,-0.000880349522553029
-0.00837602887316828,-0.00461783827119637,-0.000879677088180164
-0.00838331447301353,-0.00461804520780386,-0.000879000406365121
-0.00839059039872156,-0.0046182543095334,-0.00087831817403486
-0.00839785570965114,-0.00461846527035962,-0.000877629178363821
-0.0084051094882266,-0.00461867785687579,-0.000876932040642592
-0.00841235087431179,-0.00461889197315649,-0.00087622561007102
-0.00841957904846151,-0.00461910756127062,-0.000875508911540708
-0.00842679322353148,-0.00461932453720353,-0.000874781088795307
-0.00843399263656238,-0.00461954284833788,-0.000874041196364823
-0.00844117656876597,-0.00461976243412789,-0.000873288266653245
-0.00844834434914706,-0.00461998319806893,-0.000872521408491627
-0.00845549533781208,-0.00462020502008392,-0.000871739836824618
-0.00846262892240382,-0.00462042777756053,-0.000870942848524191
-0.00846974452030738,-0.00462065132941378,-0.00087012977508066
-0.00847684158042778,-0.00462087544585726,-0.000869299918533973
-0.00848391958918017,-0.00462109996662348,-0.000868452750094887
-0.00849097807626382,-0.00462132494011264,-0.000867588178338374
-0.00849801658910422,-0.00462155045003009,-0.000866706129850095
-0.00850503467918407,-0.00462177650205738,-0.0008658062842134
-0.00851203192883701,-0.00462200294071312,-0.000864887897217046
-0.0085190079613407,-0.00462222962797346,-0.000863950182215417
-0.00852596244109419,-0.00462245649882527,-0.000862992636683759
-0.00853289505942356,-0.00462268351364156,-0.000862014971909048
-0.00853980552638925,-0.00462291062872891,-0.00086101700246484
-0.00854669356431812,-0.00462313777933285,-0.000859998523999368
-0.00855355891337106,-0.00462336490465275,-0.000858959340308143
-0.00856040135855635,-0.00462359192535671,-0.000857899294556548
-0.00856722070630606,-0.00462381874011691,-0.00085681827694206
-0.00857401678036207,-0.00462404531625976,-0.000855716363143103
-0.00858078940226363,-0.00462427166238949,-0.000854593653504776
-0.00858753842401672,-0.00462449779683926,-0.000853450208665987
-0.00859426373489926,-0.00462472373396037,-0.000852286169496081
-0.00860096524376799,-0.00462494943359314,-0.000851101747477248
-0.00860764287090062,-0.00462517476486115,-0.000849897217442495
-0.0086142965370537,-0.00462539966596738,-0.000848672474316653
-0.00862092619026061,-0.00462562428508691,-0.000847427427799415
-0.0086275317870863,-0.00462584876572479,-0.000846162135599212
-0.00863411331716153,-0.00462607312954414,-0.000844876847036475
-0.00864067080099583,-0.00462629722412254,-0.000843572184124306
-0.00864720426413101,-0.0046265208899885,-0.000842248845884188
-0.00865371370698866,-0.00462674400355744,-0.000840907421938494
-0.00866019915334948,-0.00462696652601218,-0.000839548197583153
-0.00866666065669843,-0.00462718846330499,-0.000838171350428454
-0.00867309829196765,-0.00462740984469997,-0.000836777061675833
-0.00867951214153203,-0.0046276307364354,-0.000835365498501021
-0.0086859022963937,-0.00462785119410316,-0.000833936907621805
-0.00869226885624759,-0.00462807124700165,-0.000832491619999119
-0.0086986119385826,-0.00462829089379582,-0.00083103003055498
-0.00870493168319819,-0.00462851008279415,-0.00082955265188677
-0.00871122822988882,-0.00462872870031592,-0.000828060184862479
-0.00871750170649179,-0.00462894661797164,-0.000826553302244104
-0.00872375222329788,-0.00462916379220604,-0.000825032210605219
-0.00872997993472363,-0.00462938028874414,-0.000823497120718066
-0.00873618503734549,-0.00462959615775582,-0.000821948435894186
-0.00874236773383826,-0.00462981137360859,-0.000820386837716886
-0.00874852821126389,-0.00463002599276677,-0.000818812934831779
-0.00875466665784055,-0.00463024009395284,-0.000817227294002953
-0.00876078326626381,-0.00463045374399919,-0.000815630497400637
-0.00876687822305931,-0.00463066698663827,-0.000814023126744841
-0.00877295171151573,-0.00463087984109158,-0.000812405675777732
-0.00877900396122359,-0.00463109225707625,-0.000810778669565655
-0.00878503521789114,-0.00463130407208622,-0.000809142828850775
-0.00879104570648623,-0.00463151521637838,-0.000807498516520999
-0.00879703564392314,-0.00463172576270284,-0.000805846208369443
-0.00880300525820997,-0.00463193578882811,-0.000804186474553462
-0.00880895479068591,-0.00463214527563713,-0.000802519954557396
-0.00881488447593209,-0.00463235418197533,-0.000800846917888916
-0.00882079455858748,-0.00463256250196051,-0.000799167564787507
-0.00882668529072931,-0.00463277032999342,-0.000797482072928183
-0.00883255692347396,-0.00463297779798974,-0.000795790815403733
-0.00883840971537527,-0.00463318505908923,-0.000794094502825616
-0.00884424393445219,-0.00463339208601832,-0.000792394096004128
-0.00885005985349891,-0.00463359866968498,-0.000790690589493218
-0.0088558577294234,-0.00463380463162709,-0.000788984439773579
-0.00886163782819314,-0.00463400994116698,-0.000787275996660579
-0.00886740040110792,-0.0046342146555643,-0.000785565537810821
-0.00887314570295669,-0.0046344188136555,-0.00078385329487187
-0.00887887400032387,-0.00463462236238852,-0.00078213943549033
-0.00888458557178992,-0.00463482528734253,-0.000780424389809374
-0.00889028070045944,-0.00463502764498297,-0.000778708940796669
-0.00889595966027063,-0.00463522942525125,-0.000776994022294793
-0.00890162271715934,-0.00463543059576631,-0.000775280393592431
-0.00890727013326978,-0.00463563109863943,-0.0007735685704951
-0.00891290216627673,-0.00463583080881433,-0.000771858756567878
-0.00891851907620808,-0.00463602977533636,-0.00077015093449774
-0.0089241211489294,-0.0046362282423698,-0.000768445511086133
-0.00892970867137187,-0.00463642641415502,-0.000766743094019497
-0.00893528190457775,-0.00463662430659422,-0.00076504425686852
-0.00894084109178657,-0.00463682180407168,-0.000763348962218838
-0.00894638649987125,-0.00463701885371564,-0.000761657278705855
-0.00895191840885766,-0.00463721546105186,-0.000759969490501769
-0.00895743710499947,-0.0046374117172207,-0.000758286149772359
-0.00896294286949871,-0.00463760770618986,-0.000756607858602276
-0.00896843596222115,-0.00463780345282613,-0.000754935116074487
-0.00897391662940063,-0.00463799885956705,-0.000753268243992223
-0.00897938511214842,-0.00463819373299764,-0.000751607691367608
-0.00898484166766431,-0.00463838797230793,-0.000749953770102785
-0.00899028656404735,-0.00463858161272268,-0.00074830691740135
-0.0089957200578066,-0.00463877472491801,-0.000746667571941231
-0.00900114238723228,-0.00463896734809016,-0.000745036045535504
-0.00900655380088408,-0.00463915942293214,-0.000743412370303985
-0.00901195455228195,-0.0046393508802375,-0.000741796551027224
-0.00901734489010922,-0.0046395417180423,-0.0007401885732089
-0.0090227250590442,-0.00463973199439966,-0.000738588431321416
-0.00902809530430592,-0.00463992176826798,-0.00073699623371444
-0.0090334558699693,-0.00464011107747688,-0.000735412196518337
-0.00903880699444487,-0.00464029991680405,-0.000733836547474258
-0.00904414890971358,-0.00464048821052661,-0.000732269410223822
-0.00904948185647394,-0.00464067594936339,-0.000730711111005258
-0.00905480606871412,-0.00464086314769628,-0.000729162023897635
-0.00906012176694293,-0.00464104980052888,-0.000727622414547199
-0.00906542915773719,-0.00464123586219077,-0.000726092320545861
-0.00907072846793216,-0.00464142136879167,-0.0007245718915612
-0.0090760199344235,-0.0046416063660007,-0.000723061333622239
-0.00908130378006661,-0.0046417908577776,-0.000721560813537674
-0.00908658020903223,-0.00464197478199189,-0.000720070353301565
-0.00909184942626698,-0.00464215815674399,-0.000718590121990923
-0.00909711164770685,-0.00464234099838185,-0.000717120368289558
-0.00910236708609173,-0.00464252323679159,-0.000715661397773959
-0.0091076159336231,-0.00464270484124284,-0.00071421320408875
-0.00911285838875068,-0.00464288596410598,-0.000712776030128713
-0.00911809465241722,-0.00464306676511264,-0.000711350117379536
-0.00912332492417696,-0.00464324730615745,-0.000709935575870241
-0.00912854938585262,-0.00464342748645299,-0.000708532244417149
-0.00913376821128754,-0.00464360710300562,-0.0007071397821043
-0.00913898158446368,-0.00464378601023675,-0.000705758003344299
-0.00914418970310216,-0.00464396419247462,-0.00070438711162855
-0.00914939276191957,-0.00464414163875104,-0.000703027524341965
-0.0091545909330624,-0.0046443184219734,-0.000701679416203786
-0.00915978437810502,-0.00464449462986038,-0.000700342814587097
-0.00916497325648162,-0.00464467028117962,-0.000699017589892419
-0.009170157726064,-0.00464484525653821,-0.000697703357102433
-0.00917533797162226,-0.00464501955897115,-0.000696400239713451
-0.00918051417848158,-0.00464519319768782,-0.000695108778558887
-0.00918568650662889,-0.00464536619296773,-0.000693829378150312
-0.00919085508971391,-0.00464553859655275,-0.000692561945729475
-0.00919602005486316,-0.00464571033548758,-0.000691305961713796
-0.00920118155263121,-0.00464588142474524,-0.000690061214539145
-0.00920633973486964,-0.00464605191602616,-0.000688827657104719
-0.00921149475282453,-0.00464622182825382,-0.000687605231570691
-0.00921664675475113,-0.00464639110212077,-0.000686393788255623
-0.00922179589367873,-0.00464655973726098,-0.000685193408955013
-0.0092269423119938,-0.00464672776013909,-0.000684004258868641
-0.00923208608457144,-0.00464689230909091,-0.000682826300577454
-0.00923722683516532,-0.00464705137690384,-0.000681658496018244
-0.00924236361052459,-0.00464720675523184,-0.000680499160462521
-0.00924749515143484,-0.00464736008135144,-0.000679346397615355
-0.00925262005762228,-0.00464751229487778,-0.000678198380152337
-0.00925773687311213,-0.00464766364759711,-0.000677053208508126
-0.00926284414442903,-0.00464781390138994,-0.000675908894644621
-0.0092679404452509,-0.00464796257603976,-0.000674763422172969
-0.00927302439325506,-0.00464810913643701,-0.000673614841547193
-0.00927809465936194,-0.00464825304365962,-0.000672461381981754
-0.00928314995747859,-0.00464839386712348,-0.000671301153553967
-0.00928818905616812,-0.00464853148445135,-0.000670132304231467
-0.00929321078149887,-0.00464866590105891,-0.000668953114055423
-0.00929821401270535,-0.00464879711297926,-0.000667761957868564
-0.00930319767863559,-0.00464892503580097,-0.000666557222258072
-0.00930816076891747,-0.00464904963323343,-0.000665337612931257
-0.00931310232098798,-0.00464917086856727,-0.000664101995321838
-0.00931802141433211,-0.00464928867951063,-0.000662849290541062
-0.00932291716754349,-0.00464940296446119,-0.000661578394159705
-0.00932778874398543,-0.00464951356443134,-0.000660288103402098
-0.00933263536721528,-0.00464962041016174,-0.000658977471481221
-0.00933745631070072,-0.00464972348246964,-0.000657645710194869
-0.0093422508786325,-0.00464982272862182,-0.00065629202575217
-0.00934701839501655,-0.00464991795296561,-0.000654915351944915
-0.00935175822967783,-0.00465000899072449,-0.000653514755961225
-0.00935646981262711,-0.00465009578112503,-0.00065208958482213
-0.00936115263053038,-0.00465017842981145,-0.000650639667982496
-0.00936580619746886,-0.00465025703447543,-0.000649164972205006
-0.00937043004267316,-0.00465033168009768,-0.000647665276749851
-0.00937502372272626,-0.00465040240758253,-0.000646140238049105
-0.00937958683077409,-0.00465046921180841,-0.000644589471588795
-0.0093841189987493,-0.00465053204235264,-0.000643012563179486
-0.00938861989125269,-0.00465059077770561,-0.000641408997884475
-0.0093930892106608,-0.00465064530139066,-0.000639778503389472
-0.00939752671958261,-0.00465069547206049,-0.000638121486870137
-0.00940193218944002,-0.00465074122102552,-0.000636438369624112
-0.00940630538847147,-0.0046507825906194,-0.000634729129600468
-0.00941064610467871,-0.00465081957972978,-0.000632993396046865
-0.00941495417908202,-0.00465085231031208,-0.000631231133877925
-0.00941922948737654,-0.00465088092241323,-0.000629442474718183
-0.00942347192942419,-0.00465090551438612,-0.000627627600422971
-0.00942768142551119,-0.00465092614094509,-0.000625786722270298
-0.00943185791209808,-0.0046509428087687,-0.000623920022457576
-0.00943600133967419,-0.00465095544200197,-0.000622027554431629
-0.00944011169235125,-0.00465096396608995,-0.000620109457398233
-0.00944418897861418,-0.00465096843785785,-0.000618165696832624
-0.00944823322303445,-0.00465096892044003,-0.000616196331613938
-0.00945224447893408,-0.00465096561860079,-0.000614201995269587
-0.00945622280385737,-0.00465095874510538,-0.000612183439896653
-0.00946016827324006,-0.00465094844049158,-0.000610141307372251
-0.0094640809918593,-0.00465093473924976,-0.000608076211589698
-0.00946796108884353,-0.00465091753134898,-0.000605988952634109
-0.00947180869819947,-0.00465089671446668,-0.0006038802847708
-0.00947562394773045,-0.00465087223502831,-0.000601750844385575
-0.00947940698523297,-0.00465084404867242,-0.000599601203379391
-0.00948315797271733,-0.00465081218454894,-0.000597431634772394
-0.00948687708629948,-0.00465077684468167,-0.000595242101973107
-0.00949056453652779,-0.00465073825078181,-0.000593032742958035
-0.00949422055534922,-0.00465069659837335,-0.000590804065654115
-0.0094978453793926,-0.00465065201360868,-0.000588556782309182
-0.00950143925081506,-0.00465060452591959,-0.000586291754691008
-0.00950500242299837,-0.0046505540575678,-0.000584010117974493
-0.00950853515016696,-0.00465050065859536,-0.000581713006092994
-0.00951203766780036,-0.00465044449476831,-0.000579401150705824
-0.00951551023144277,-0.0046503856803246,-0.000577075006075866
-0.00951895311983582,-0.00465032419859161,-0.000574734816907069
-0.00952236663706041,-0.00465026000788345,-0.00057238091920421
-0.00952575110513056,-0.00465019310385326,-0.000570013867898469
-0.00952910684105894,-0.00465012351006001,-0.000567634430697824
-0.00953243415753562,-0.00465005124932142,-0.000565243531267692
-0.0095357333588674,-0.00464997639126103,-0.00056284199832561
-0.00953900475934238,-0.00464989901829189,-0.000560430586371968
-0.00954224868688766,-0.00464981920669271,-0.000558010019215709
-0.00954546547742719,-0.00464973701922259,-0.000555580999943002
-0.00954865547485585,-0.00464965250751257,-0.000553144219972673
-0.00955181902737007,-0.00464956571728222,-0.000550700372839734
-0.0095549564849863,-0.00464947669201258,-0.000548250157561198
-0.00955806820063501,-0.00464938547619385,-0.000545794276153537
-0.00956115453755107,-0.00464929208223098,-0.000543333537109494
-0.00956421586328302,-0.00464919643034692,-0.000540869003117482
-0.00956725251380768,-0.00464909860747009,-0.000538401280819031
-0.00957026484168494,-0.00464899874947995,-0.000535930792464638
-0.00957325321805319,-0.00464889697405815,-0.000533458004277518
-0.00957621802316511,-0.00464879337892374,-0.000530983487919518
-0.00957915962758501,-0.00464868802787024,-0.000528507896022327
-0.00958207839882815,-0.0046485809581951,-0.000526031902245532
-0.00958497470627131,-0.00464847219696219,-0.000523556174785697
-0.00958784892196358,-0.00464836177171251,-0.000521081366485136
-0.00959070141935568,-0.00464824971508295,-0.000518608111954899
-0.00959353257141331,-0.00464813603862796,-0.000516136958189509
-0.00959634274421997,-0.00464802066720188,-0.000513668210440098
-0.00959913229304533,-0.00464790355046644,-0.000511202203056036
-0.00960190159417553,-0.00464778469742269,-0.000508739400662859
-0.00960465103350694,-0.00464766418424837,-0.000506280446188801
-0.0096073809974736,-0.00464754220759171,-0.000503826264051852
-0.009610091851436,-0.00464741896420746,-0.000501377708408841
-0.00961278394965428,-0.00464729458426229,-0.000498935415793275
-0.00961545765261304,-0.00464716913155414,-0.000496499845683683
-0.00961811333451852,-0.00464704258802887,-0.000494071472459757
-0.00962075138440382,-0.00464691481778082,-0.000491651038677431
-0.0096233721572472,-0.00464678585550806,-0.000489238937120246
-0.00962597600097383,-0.00464665584014988,-0.000486835519981015
-0.00962856325674061,-0.00464652498435006,-0.000484441326676863
-0.00963113427499363,-0.0046463934579925,-0.000482056868504684
-0.00963368940761863,-0.00464626133141045,-0.000479682538255841
-0.00963622900109372,-0.00464612854749203,-0.000477318506383586
-0.00963875339962989,-0.00464599503202164,-0.000474964908486095
-0.00964126295616722,-0.00464586071093574,-0.000472621878203703
-0.0096437580347658,-0.00464572553324078,-0.000470289750240808
-0.009646238984134,-0.0046455894372128,-0.000467969108606055
-0.00964870612612188,-0.00464545246267375,-0.000465660342171357
-0.00965115978644632,-0.0046453147935663,-0.000463363983608936
-0.00965360029170629,-0.0046451766984367,-0.000461080705688077
-0.00965602796178756,-0.00464503837397618,-0.000458811025961134
-0.00965844312734332,-0.00464489987420677,-0.000456555257659482
-0.00966084610607912,-0.0046447611014227,-0.000454313479754205
-0.00966323720514047,-0.00464462193076225,-0.000452085726553538
-0.00966561670991897,-0.00464448223225501,-0.000449871909796649
-0.00966798493380509,-0.00464434196469373,-0.000447672073724575
-0.0096703422023349,-0.00464420114631033,-0.00044548641138443
-0.00967268883865321,-0.00464405982561543,-0.000443315245867115
-0.00967502514762645,-0.00464391809377027,-0.000441159032935898
-0.00967735141130943,-0.00464377603874845,-0.000439018181637748
-0.00967966789862446,-0.00464363373384451,-0.000436892965524649
-0.00968197488990323,-0.00464349123485343,-0.00043478354990598
-0.00968427267469448,-0.00464334856720695,-0.000432690077185254
-0.00968656153799263,-0.00464320571600762,-0.000430612747982104
-0.00968884176156701,-0.0046430625955589,-0.000428551934122609
-0.00969111361125317,-0.00464291913678665,-0.000426507975186814
-0.00969337733806396,-0.00464277530748163,-0.000424481120606787
-0.00969563318631006,-0.0046426311266443,-0.000422471358270261
-0.0096978813960858,-0.00464248668768037,-0.000420478223968884
-0.00970012222618083,-0.00464234216048453,-0.000418501463312918
-0.00970235594175374,-0.00464219768838057,-0.000416541019547067
-0.00970458279961822,-0.00464205333685321,-0.00041459689282703
-0.00970680303837261,-0.00464190905377937,-0.000412668959392985
-0.0097090168888534,-0.00464176477659465,-0.000410757111564163
-0.00971122459165347,-0.00464162044643868,-0.000408861366413011
-0.00971342638575676,-0.00464147599253571,-0.000406981961388436
-0.00971562249039484,-0.0046413314922641,-0.00040511904036436
-0.00971781311311854,-0.00464118707345732,-0.000403272633010563
-0.00971999847121998,-0.00464104280835223,-0.000401442735709456
-0.00972217878550261,-0.00464089864250484,-0.000399629471184554
-0.00972435427129902,-0.00464075459714685,-0.000397833064973224
-0.00972652512509831,-0.00464061079447448,-0.000396053482742938
-0.00972869153844116,-0.00464046734770081,-0.000394290579823496
-0.00973085370530436,-0.00464032431022708,-0.000392544256365099
-0.00973301182437336,-0.00464018162377747,-0.000390814654860743
-0.00973516608875507,-0.00464003912089384,-0.000389102016005979
-0.00973731668543243,-0.00463989659574297,-0.000387406269174546
-0.00973946374142705,-0.00463975286927359,-0.000385727119541144
-0.00974160688645346,-0.00463960734578529,-0.000384063931306717
-0.00974374505196352,-0.00463946096919228,-0.000382415115574044
-0.00974587680874047,-0.00463931456431098,-0.00038077835008434
-0.00974800057317217,-0.00463916862442326,-0.000379150700983012
-0.00975011473151464,-0.00463902328003013,-0.000377529243082323
-0.00975221766458797,-0.00463887836518002,-0.000375911229200801
-0.00975430778100633,-0.00463873366986956,-0.000374294346397185
-0.00975638353763268,-0.00463858899492297,-0.000372676494786132
-0.00975844344605759,-0.0046384441661208,-0.000371055713089041
-0.00976048607513278,-0.00463829902793563,-0.000369430185410772
-0.00976251006631145,-0.00463815353730301,-0.00036779795894535
-0.00976451411738536,-0.00463800770030906,-0.000366157164874161
-0.00976649696868637,-0.00463786149158164,-0.000364506168064717
-0.00976845740739864,-0.00463771472190953,-0.000362843668908025
-0.00977039428077675,-0.00463756715637191,-0.000361168118684432
-0.00977230651427943,-0.00463741867419945,-0.000359477809581709
-0.00977419309442742,-0.00463726931747386,-0.000357771179061818
-0.00977605306527767,-0.0046371193208096,-0.000356047197486343
-0.00977788550378385,-0.00463696890807694,-0.000354304941945756
-0.00977968953031803,-0.00463681815859515,-0.000352543342952508
-0.00978146430154663,-0.0046366669019732,-0.000350760952049773
-0.00978320902804585,-0.00463651491447567,-0.000348956305640999
-0.00978492296498505,-0.00463636209615583,-0.000347128102313408
-0.00978660544896298,-0.00463620848647889,-0.000345275470881839
-0.00978825586761917,-0.00463605416571873,-0.000343397797648396
-0.00978987363989363,-0.00463589921493257,-0.000341494513573565
-0.00979145820244516,-0.00463574363150032,-0.000339564988129558
-0.00979300902698749,-0.00463558742546263,-0.000337608733377306
-0.00979452564111557,-0.00463543064036884,-0.000335625459539193
-0.00979600762510079,-0.00463527344976823,-0.000333615297485216
-0.00979745458447549,-0.00463511601525651,-0.000331578380763177
-0.00979886613448315,-0.00463495842006692,-0.000329514609027803
-0.00980024193017878,-0.0046348005503481,-0.000327423558224967
-0.00980158167243343,-0.00463464210952162,-0.000325304787147473
-0.00980288510109257,-0.00463448289717819,-0.000323157982183386
-0.00980415199392029,-0.00463432291831242,-0.000320983144483292
-0.0098053821629443,-0.0046341622715969,-0.000318780370615561
-0.0098065754338174,-0.00463400107045887,-0.000316549593607676
-0.00980773165099618,-0.00463383932056739,-0.000314290585954807
-0.00980885070934503,-0.00463367721738732,-0.000312003746034717
-0.00980993253410913,-0.00463351495677323,-0.000309689606780501
-0.00981097707235942,-0.00463335261631804,-0.000307348584248455
-0.00981198427938543,-0.00463319012043647,-0.000304980857163583
-0.00981295412887848,-0.00463302736391837,-0.00030258657561151
-0.00981388661925797,-0.00463286425028767,-0.000300166012395759
-0.00981478179319305,-0.00463270059018575,-0.000297719633295013
-0.00981563970572725,-0.00463253630582973,-0.000295247401334017
-0.00981646046876662,-0.00463237161734016,-0.00029274987907876
-0.00981724419370023,-0.00463220677614994,-0.000290227892075907
-0.00981799098148885,-0.00463204192812886,-0.000287682164009458
-0.00981870093772325,-0.00463187701796138,-0.000285113036617656
-0.00981937419346487,-0.00463171183264618,-0.000282520561406253
-0.00982001093055927,-0.00463154633007003,-0.000279905274276796
-0.00982061134774381,-0.00463138056091464,-0.000277267917027445
-0.00982117566232298,-0.0046312145978341,-0.000274609252196834
-0.00982170411518055,-0.00463104851762089,-0.000271930096108397
-0.00982219693544428,-0.00463088238282213,-0.000269231311732482
-0.0098226543445237,-0.00463071619002041,-0.00026651380283184
-0.00982307658028059,-0.00463054982786074,-0.000263778499335856
-0.0098234638980819,-0.00463038337489632,-0.000261025635525388
-0.00982381659488867,-0.00463021709861685,-0.00025825577716483
-0.00982413498347542,-0.00463005118920815,-0.000255469814896934
-0.00982441938335597,-0.00462988558029343,-0.000252668959370165
-0.00982467009537196,-0.00462972010490254,-0.000249854089847847
-0.00982488742290579,-0.00462955463842466,-0.000247025886361829
-0.00982507169277906,-0.00462938912166088,-0.000244185004812659
-0.00982522324156755,-0.00462922350806734,-0.000241332175077707
-0.00982534242134267,-0.00462905779226364,-0.000238468096708074
-0.00982542961156482,-0.00462889201166572,-0.000235593530993414
-0.00982548519225228,-0.00462872628515063,-0.000232709467407268
-0.00982550953038999,-0.00462856071590654,-0.000229816902039236
-0.00982550298852409,-0.00462839534156282,-0.000226916680748215
-0.00982546592774075,-0.00462823021261735,-0.000224009136969724
-0.00982539872556866,-0.00462806536989006,-0.000221094621354233
-0.00982530178092894,-0.0046279008149931,-0.000218173738775804
-0.00982517550997708,-0.00462773647691256,-0.000215247463291483
-0.00982502030737089,-0.00462757231258702,-0.000212316788659862
-0.00982483655230802,-0.00462740837353474,-0.000209382406152169
-0.00982462464599846,-0.00462724472727135,-0.00020644490137915
-0.009824385012067,-0.00462708141342734,-0.00020350492668437
-0.00982411807932397,-0.00462691839868373,-0.000200563246494203
-0.0098238242697851,-0.00462675558989328,-0.000197620530907373
-0.00982350400276579,-0.0046265929562014,-0.000194677562472512
-0.00982315769409798,-0.00462643047410626,-0.000191735229651857
-0.00982278575445552,-0.00462626803121858,-0.000188794556544397
-0.00982238858892958,-0.0046261055558222,-0.000185856338056907
-0.00982196660158078,-0.00462594323793431,-0.000182921088943255
-0.00982152021305856,-0.00462578130436931,-0.000179989263796528
-0.00982104985506693,-0.00462561990700465,-0.00017706136940317
-0.00982055595879955,-0.00462545909416706,-0.000174137936173423
-0.00982003894272239,-0.0046252987881848,-0.000171219382032829
-0.00981949921887808,-0.0046251389056033,-0.000168306236755859
-0.00981893723215566,-0.00462497938483107,-0.00016539945159656
-0.00981835341230762,-0.00462482021443361,-0.000162499964994615
-0.00981774816302124,-0.00462466148802173,-0.000159608388386368
-0.00981712188386761,-0.00462450331219415,-0.000156725197624692
-0.00981647498026635,-0.00462434576261351,-0.000153850840917819
-0.00981580786433032,-0.00462418887809064,-0.000150985778020321
-0.00981512095229439,-0.00462403266863726,-0.000148130497525257
-0.00981441466399351,-0.0046238771355875,-0.000145285528020576
-0.00981368941394465,-0.00462372228996415,-0.000142451452314092
-0.00981294558997335,-0.00462356813212318,-0.000139628837740131
-0.00981218358013764,-0.00462341465445331,-0.000136818175414727
-0.00981140378030783,-0.00462326185386854,-0.000134019908944033
-0.00981060658973451,-0.00462310973608482,-0.000131234465998988
-0.00980979240546697,-0.00462295831329529,-0.000128462270825749
-0.00980896161903633,-0.00462280759941629,-0.000125703742104964
-0.00980811461589793,-0.00462265760668071,-0.000122959286534243
-0.00980725177741025,-0.00462250833499015,-0.000120229318986243
-0.00980637348133475,-0.00462235972794846,-0.000117514274118751
-0.00980548009136515,-0.00462221166807215,-0.000114814380366387
-0.00980457196489738,-0.00462206408725568,-0.000112129803275229
-0.0098036494729274,-0.00462191700240531,-0.000109460774101967
-0.00980271299866023,-0.00462177053893672,-0.000106807750228112
-0.00980176291949581,-0.00462162482416623,-0.000104171208151929
-0.00980079958748139,-0.00462147997475064,-0.000101551490738873
-0.00979982333791154,-0.00462133606576846,-9.89488651528656e-05
-0.00979883449992876,-0.0046211931379411,-9.63635294934564e-05
-0.00979783342093276,-0.00462105119169695,-9.3795663024737e-05
-0.00979682044746648,-0.0046209102007399,-9.12454850031916e-05
-0.00979579591662793,-0.00462077013414589,-8.87132405231562e-05
-0.00979476015661682,-0.00462063096996944,-8.61991745690745e-05
-0.00979371349165548,-0.00462049269737221,-8.37035176731843e-05
-0.00979265624695591,-0.00462035530574108,-8.12265020909812e-05
-0.00979158873862558,-0.00462021878545116,-7.87683645137588e-05
-0.00979051127224943,-0.0046200831330562,-7.63293200011055e-05
-0.00978942414407091,-0.00461994835894692,-7.39095295654247e-05
-0.0097883276527543,-0.00461981448029808,-7.15091003940975e-05
-0.00978722209693818,-0.00461968151583684,-6.91281097589119e-05
-0.00978610777699752,-0.00461954948270147,-6.67666263035594e-05
-0.00978498499249665,-0.00461941840030503,-6.44247446077607e-05
-0.00978385402736599,-0.00461928827445318,-6.2102575065651e-05
-0.0097827151584746,-0.00461915909898907,-5.9800211528811e-05
-0.00978156866043604,-0.00461903082854738,-5.75176742570326e-05
-0.00978041479498007,-0.00461890334194062,-5.52548088193181e-05
-0.00977925382974319,-0.00461877665073388,-5.30117553461059e-05
-0.00977808602225693,-0.00461865082608655,-5.07887076998333e-05
-0.00977691162653982,-0.00461852593627464,-4.85857798181114e-05
-0.00977573089295124,-0.0046184020305244,-4.6403006195352e-05
-0.00977454407088164,-0.00461827913427339,-4.42403635315591e-05
-0.00977335140543573,-0.00461815725484556,-4.20978000698831e-05
-0.00977215313554632,-0.00461803639322112,-3.99752452885179e-05
-0.00977094949911266,-0.00461791656078413,-3.78725896012762e-05
-0.0097697407193787,-0.00461779783611051,-3.57895805648056e-05
-0.00976852701557559,-0.004617680289326,-3.37260099499862e-05
-0.00976730860862003,-0.00461756393442553,-3.1681814455156e-05
-0.00976608572175213,-0.00461744865405968,-2.96571469658938e-05
-0.00976485857045799,-0.00461733423955161,-2.76521263516724e-05
-0.0097636273727696,-0.00461722061626654,-2.56669860161334e-05
-0.0097623922894438,-0.00461711079944169,-2.37018714862968e-05
-0.00976115300693402,-0.00461700694085027,-2.17561962695251e-05
-0.00975990856793793,-0.00461690736602344,-1.9828200441557e-05
-0.00975865766975406,-0.00461681048061591,-1.79154694354806e-05
-0.00975739889858907,-0.00461671526302502,-1.60154517397289e-05
-0.00975613081266162,-0.00461662139149392,-1.41257886065731e-05
-0.00975485196657742,-0.00461652905759387,-1.22442720461459e-05
-0.00975356092764299,-0.00461643872513179,-1.03687684218139e-05
-0.00975225630304002,-0.00461635091595315,-8.49718636966049e-06
-0.00975093675344392,-0.00461626607466813,-6.62749455168269e-06
-0.00974960099859778,-0.00461618451331743,-4.75778577236094e-06
-0.00974824780580901,-0.00461610638758652,-2.88631643169041e-06
-0.00974687598918841,-0.00461603180260969,-1.01132120378929e-06
-0.00974548441985656,-0.00461596083931053,8.68914162989558e-07
-0.0097440720286408,-0.00461589356127214,2.75603622866519e-06
-0.00974263779779549,-0.00461582997720553,4.65166488402569e-06
-0.00974118075840343,-0.00461577016287747,6.55710185165128e-06
-0.00973969999051172,-0.00461571421570693,8.47351570720331e-06
-0.00973819462447992,-0.00461566222874376,1.04020259030463e-05
-0.00973666384362313,-0.00461561429443964,1.23436846901009e-05
-0.0097351068721085,-0.00461557050526137,1.42994516733799e-05
-0.00973352296005281,-0.00461553094654454,1.62702355430328e-05
-0.00973191140164895,-0.00461549567244555,1.82569449190661e-05
-0.00973027155672638,-0.00461546469213887,2.02604263311658e-05
-0.0097286028258029,-0.00461543796342329,2.22813397100446e-05
-0.00972690463807598,-0.00461541537378514,2.43201262090252e-05
-0.00972517643858388,-0.00461539698720878,2.63776138081882e-05
-0.00972341772048583,-0.00461538292668329,2.84547113076361e-05
-0.00972162803653843,-0.00461537325505468,3.05522231800531e-05
-0.00971980698810632,-0.00461536788935378,3.26707856502142e-05
-0.00971795420673601,-0.00461536680655962,3.48107045651513e-05
-0.00971606934206653,-0.00461537010387758,3.69722714774682e-05
-0.00971415208081624,-0.00461537795821333,3.91555362694623e-05
-0.00971220211967885,-0.00461539046103807,4.13604625007919e-05
-0.00971021919123347,-0.00461540751662442,4.3586982951479e-05
-0.00970820305733078,-0.00461542887826773,4.58354008894044e-05
-0.00970615351505879,-0.00461545427745775,4.81063575387317e-05
-0.00970407040072339,-0.00461548369469731,5.03999690883876e-05
-0.00970195357545369,-0.00461551717630017,5.27160398688443e-05
-0.00969980293189946,-0.00461555467000398,5.50541275847615e-05
-0.00969761838629543,-0.00461559615901575,5.74139655610336e-05
-0.00969539986626524,-0.00461564163316424,5.97953499473129e-05
-0.00969314731120709,-0.00461569107530018,6.21980914791167e-05
-0.00969086067391851,-0.0046157444774124,6.46220489736804e-05
-0.0096885399432591,-0.00461580183031388,6.70671227757543e-05
-0.00968618514634248,-0.00461586309985132,6.95331937632977e-05
-0.00968379634052788,-0.0046159281808694,7.2020150120403e-05
-0.00968137358859864,-0.00461599685390292,7.45280119982556e-05
-0.00967891697769204,-0.0046160690691871,7.70563277147825e-05
-0.00967642660352723,-0.00461614485363785,7.96045127967417e-05
-0.0096739025806264,-0.00461622422720497,8.21720254205642e-05
-0.00967134504321902,-0.00461630717502174,8.47583580069164e-05
-0.0096687541482477,-0.00461639362906101,8.73629830548346e-05
-0.00966613005420298,-0.0046164834890315,8.9985334491408e-05
-0.00966347292293841,-0.00461657665157465,9.26248467804266e-05
-0.00966078292768855,-0.00461667303540703,9.52809888375599e-05
-0.00965806026814572,-0.00461677259321215,9.79532543045063e-05
-0.00965530516472498,-0.00461687524553059,0.000100641219183364
-0.00965251785229845,-0.0046169808225156,0.000103344667338522
-0.00964969858601496,-0.00461708941034412,0.000106062990101447
-0.00964684761583284,-0.0046172011308954,0.000108795418231952
-0.00964396519511329,-0.00461731594756976,0.000111541180334157
-0.00964105162098143,-0.00461743340636989,0.000114299277179947
-0.00963810719045168,-0.00461755318665959,0.000117068546258673
-0.00963513217134122,-0.00461767527033903,0.000119848325767821
-0.00963212683410448,-0.00461779973709178,0.000122638172162427
-0.00962909147863151,-0.00461792663645208,0.000125437610529714
-0.00962602644248614,-0.00461805585634126,0.000128245808730516
-0.00962293207922018,-0.00461818712535503,0.000131061504353138
-0.00961980869068449,-0.00461832033014988,0.000133883929264547
-0.00961665659103022,-0.00461845553324345,0.000136712977717791
-0.00961347612366738,-0.00461859283972956,0.000139548398870239
-0.0096102676497463,-0.00461873230490643,0.000142389605862711
-0.00960703151335737,-0.0046188738679957,0.000145235740074085
-0.0096037680596788,-0.00461901748696742,0.000148086129213002
-0.00960047765021956,-0.00461916310797522,0.000150940157264669
-0.00959716065664571,-0.00461931065507766,0.000153797175756716
-0.00959381745218991,-0.00461946004312268,0.000156656501760973
-0.00959044841224555,-0.00461961114832568,0.000159517340577031
-0.00958705391921611,-0.00461976373184423,0.000162378613203134
-0.00958363434319194,-0.00461991764117255,0.000165239544751981
-0.00958019005183733,-0.00462007280170529,0.000168099723312692
-0.00957672139909422,-0.00462022936172002,0.000170958939462435
-0.00957322875872954,-0.00462038745830804,0.000173816913756411
-0.00956971253365402,-0.00462054707913686,0.000176673042105862
-0.00956617315251341,-0.00462070793913928,0.00017952601222608
-0.00956261099887009,-0.00462086978745952,0.000182374612228196
-0.00955902642391167,-0.00462103260739785,0.000185218297063867
-0.00955541979321902,-0.00462119646794207,0.000188056697247341
-0.00955179149907508,-0.00462136149700522,0.000190889246074068
-0.00954814194035897,-0.00462152774094476,0.000193715222255676
-0.00954447151518503,-0.00462169504903232,0.000196533726492367
-0.00954078059378424,-0.00462186329569312,0.00019934444917446
-0.00953706954177194,-0.00462203238464425,0.000202147185231616
-0.00953333872367031,-0.00462220220608473,0.000204941693732216
-0.00952958850707007,-0.00462237258498746,0.000207727869230085
-0.00952581928386888,-0.00462254336448318,0.000210505431886298
-0.00952203146178285,-0.00462271441349957,0.000213273745221166
-0.00951822543462967,-0.00462288573163733,0.000216032230666991
-0.00951440157212335,-0.00462305734180013,0.000218780375731516
-0.00951056022407205,-0.00462322919366596,0.000221517827252727
-0.00950670175424693,-0.00462340128786185,0.000224244090116847
-0.00950282653595197,-0.00462357359911791,0.000226958556364101
-0.00949893494794543,-0.00462374597417043,0.000229660368190176
-0.00949502735189649,-0.00462391827316516,0.000232348941068604
-0.00949110408387551,-0.00462409042349377,0.000235024447676231
-0.0094871654976279,-0.00462426245575628,0.000237686946625751
-0.00948321197477654,-0.00462443464382207,0.000240335725391426
-0.00947924386775053,-0.00462460722362456,0.000242969977491976
-0.00947526152038693,-0.00462478023413153,0.000245589115110718
-0.00947126526613594,-0.00462495340752262,0.000248192831210682
-0.00946725543021056,-0.00462512642445249,0.000250781063845534
-0.00946323233377898,-0.00462529914361069,0.000253353925836705
-0.00945919631755503,-0.00462547156824474,0.00025591136878321
-0.00945514773672398,-0.00462564377017956,0.000258453118524909
-0.00945108694338667,-0.00462581587789269,0.000260978593441207
-0.00944701425945855,-0.0046259879728552,0.000263487192080752
-0.00944292998173229,-0.00462616005635538,0.00026597846650717
-0.00943883440778479,-0.00462633211153409,0.000268452139216255
-0.00943472784340991,-0.00462650423523814,0.000270908038214856
-0.00943061059878291,-0.00462667649421885,0.000273346032277278
-0.00942648298344753,-0.00462684882936108,0.00027576596867058
-0.00942234530404209,-0.00462702094443274,0.000278167591935856
-0.00941819785850586,-0.00462719253283447,0.000280550628484521
-0.00941404093539353,-0.00462736338990511,0.000282914860816794
-0.00940987481576601,-0.00462753342987642,0.000285260166244611
-0.00940569977196274,-0.0046277026702094,0.000287586628493256
-0.00940151607489357,-0.00462787110754687,0.000289894452337235
-0.00939732400689097,-0.00462803880017438,0.000292183576307417
-0.00939312384687416,-0.00462820580025727,0.000294453818897561
-0.00938891586449766,-0.00462837212062678,0.000296704989026785
-0.0093847003227852,-0.00462853773046496,0.000298936898743122
-0.00938047748102059,-0.00462870254908444,0.000301149309532589
-0.00937624758258074,-0.00462886651637607,0.000303342078791337
-0.00937201086567176,-0.00462902963398242,0.000305515258726011
-0.00936776757364289,-0.00462919191737668,0.000307668954084688
-0.00936351795904198,-0.00462935336138969,0.000309803219269676
-0.00935926226316718,-0.00462951394208867,0.000311918035816469
-0.00935500071255985,-0.0046296736242602,0.000314013363987469
-0.00935073352772662,-0.0046298323506441,0.000316089226970692
-0.00934646092503266,-0.00462999000628769,0.000318145808978924
-0.00934218312764749,-0.00463014652712519,0.000320183182493877
-0.00933790035704461,-0.00463030188694311,0.000322201341994136
-0.0093336128275406,-0.00463045607543393,0.000324200259833579
-0.00932932074561234,-0.0046306090879524,0.000326179912999248
-0.00932502431254771,-0.00463076092872733,0.000328140274437748
-0.00932072372795017,-0.00463091163304273,0.000330081257031118
-0.00931641918560752,-0.00463106122534787,0.000332002814004074
-0.00931211087387058,-0.00463120970578697,0.000333904966486352
-0.00930779897502329,-0.00463135707514743,0.000335787835349183
-0.00930348363506519,-0.00463150534801405,0.00033765177853267
-0.00929916470298775,-0.004631655947296,0.000339497543414351
-0.00929484162418553,-0.00463180769897313,0.000341326280388977
-0.00929051363192823,-0.00463195940163865,0.000343139138917674
-0.00928617985771755,-0.00463211022463948,0.000344937302019528
-0.00928183938861731,-0.00463225986486126,0.000346722165403342
-0.00927749130740719,-0.00463240841688207,0.000348495231115806
-0.0092731347129101,-0.00463255618607201,0.000350258070315011
-0.00926876874797658,-0.00463270348610881,0.000352012303705185
-0.00926439259094894,-0.00463285058776026,0.000353759401196172
-0.00926000545207675,-0.00463299772643484,0.000355500595084562
-0.00925560657124925,-0.00463314504482468,0.000357236967544702
-0.00925119522149555,-0.00463329256589969,0.000358969444538642
-0.00924677069916576,-0.00463344035068575,0.000360699134863422
-0.009242332336411,-0.004633588468408,0.000362427185038503
-0.00923787950175529,-0.00463373697570215,0.000364154682510443
-0.00923341159439189,-0.00463388591058235,0.000365882653549333
-0.00922892805136245,-0.00463403530044478,0.0003676120619007
-0.00922442834584063,-0.00463418517314186,0.000369343788889835
-0.0092199119828256,-0.00463433557077206,0.00037107861291952
-0.00921537848633195,-0.00463448655311777,0.000372817229527807
-0.00921082740750408,-0.00463463816131715,0.000374560296631354
-0.00920625831647037,-0.00463479038332886,0.000376308504447392
-0.00920167080852103,-0.00463494319786081,0.000378062504590469
-0.00919706451232691,-0.00463509660956303,0.000379822860256994
-0.00919243908760395,-0.00463525068181109,0.000381589988619805
-0.00918779422068116,-0.00463540548470603,0.000383364267876262
-0.00918312961968109,-0.00463556104328814,0.000385146108659475
-0.00917844500693945,-0.00463571730503363,0.000386936023092471
-0.00917374013378148,-0.00463587428202433,0.00038873430336497
-0.0091690147724771,-0.00463603200668633,0.000390541158928571
-0.0091642687142451,-0.00463619050212101,0.000392356795247542
-0.00915950177091416,-0.00463634977917525,0.000394181416901495
-0.00915471377525749,-0.00463650984038257,0.000396015209838569
-0.00914990457412321,-0.00463667067645272,0.00039785834034544
-0.00914507403415229,-0.00463683226951533,0.000399710960217947
-0.00914022204416781,-0.00463699456977946,0.000401573170889558
-0.00913534851389266,-0.00463715745280965,0.000403444978370704
-0.00913045336505965,-0.00463732092047773,0.000405326454801889
-0.00912553653443347,-0.00463748502021883,0.000407217672284103
-0.00912059797427249,-0.00463764979149666,0.000409118669269629
-0.00911563765576227,-0.00463781524973815,0.000411029440223468
-0.00911065556416485,-0.00463798138563767,0.00041294992980759
-0.00910565169721044,-0.00463814817317823,0.000414880043980087
-0.00910062606559997,-0.00463831557848575,0.00041681966165983
-0.00909557869354921,-0.0046384835664061,0.000418768641855062
-0.00909050961469034,-0.00463865210591094,0.000420726831088087
-0.00908541886919609,-0.0046388211763822,0.000422694102613383
-0.00908030652795121,-0.0046389907488743,0.000424670326168358
-0.00907517267521663,-0.00463916078856071,0.000426655309210396
-0.0090700174022452,-0.00463933127196223,0.00042864878578393
-0.00906484079418599,-0.00463950217695029,0.000430650454593583
-0.00905964294393504,-0.00463967347306792,0.000432660026328339
-0.00905442395977668,-0.0046398451062146,0.000434677221711933
-0.00904918396488536,-0.004640017011947,0.000436701756027913
-0.00904392309351453,-0.00464018913571153,0.000438733328173443
-0.00903864148722212,-0.00464036145326621,0.00044077161845148
-0.0090333392882262,-0.00464053395874379,0.000442816297776699
-0.00902801663732799,-0.00464070665363085,0.000444867080357041
-0.00902267370690631,-0.00464087951588757,0.000446923686496211
-0.0090173106796122,-0.00464105250663162,0.000448985770403501
-0.00901192774059879,-0.00464122559844844,0.000451052910981016
-0.00900652506133521,-0.00464139876729875,0.000453124661929991
-0.00900110281656842,-0.004641571986775,0.000455200608645656
-0.0089956611928811,-0.00464174522871104,0.000457280361998193
-0.00899020038803047,-0.00464191846389723,0.000459363537202228
-0.00898472060713341,-0.00464209166289138,0.000461449739976243
-0.00897922205728484,-0.00464226481613818,0.000463538612410361
-0.00897370493948375,-0.00464243798840048,0.000465629962374782
-0.00896816945850867,-0.00464261124828658,0.000467723599433807
-0.00896261584948805,-0.0046427846107232,0.000469819230195291
-0.0089570443515152,-0.00464295802070911,0.000471916376112942
-0.00895145520018609,-0.00464313132830399,0.000474014315656413
-0.00894584862009563,-0.0046433043921086,0.000476112353806916
-0.00894022483117155,-0.00464347711947907,0.000478209922905441
-0.00893458405689343,-0.00464364946223723,0.000480306568534216
-0.00892892652610278,-0.00464382138143554,0.000482401955486726
-0.0089232524718835,-0.00464399280005558,0.000484495897490778
-0.00891756214253978,-0.00464416372453516,0.000486588000603958
-0.00891185578344375,-0.00464433418879837,0.000488677794502171
-0.00890613362979657,-0.00464450422616552,0.000490764858473245
-0.00890039593397631,-0.00464467381331307,0.000492848786708424
-0.00889464295025201,-0.00464484285277179,0.000494929076413694
-0.00888887492079106,-0.00464501126316733,0.000497005357992235
-0.00888309207858491,-0.00464517908336737,0.000499077695473673
-0.00887729467079872,-0.00464534641160993,0.00050114597462734
-0.00887148293914308,-0.00464551327473787,0.000503209788086486
-0.00886565714242539,-0.00464567958009486,0.00050526833892736
-0.00885981753620714,-0.00464584525516931,0.000507320941616228
-0.00885396437820894,-0.00464601027126255,0.00050936705013507
-0.00884809792319158,-0.00464617464328152,0.000511406161094089
-0.00884221839484235,-0.00464633838510582,0.000513437832362129
-0.00883632600590781,-0.00464650147338624,0.000515461764755046
-0.00883042099307711,-0.00464666386287613,0.000517477767611565
-0.00882450361496877,-0.0046468254952974,0.000519485663585284
-0.00881857413571308,-0.00464698627255698,0.000521485235826993
-0.00881263280281644,-0.00464714611934063,0.000523476188987388
-0.0088066798589248,-0.00464730501193106,0.000525458098531464
-0.00880071554267585,-0.00464746291907906,0.000527430496543791
-0.0087947400818141,-0.00464761988481846,0.000529393167102814
-0.0087887537128544,-0.0046477759829072,0.000531345921609503
-0.00878275668930936,-0.00464793134730856,0.000533288340238195
-0.0087767492416546,-0.00464808607131179,0.000535219983127881
-0.00877073158142025,-0.00464824015979603,0.00053714058776747
-0.00876470391931295,-0.00464839344998797,0.000539050154833822
-0.00875866648792843,-0.00464854569143331,0.000540948628835228
-0.00875261952295666,-0.00464869674492023,0.000542836114986909
-0.00874656327379398,-0.00464884664147962,0.00054471252926854
-0.00874049797798443,-0.00464899546354344,0.000546577589411244
-0.00873442384080864,-0.00464914325482071,0.000548430971832954
-0.00872834107065234,-0.00464929000633665,0.000550272397329324
-0.00872224988164452,-0.00464943570196179,0.000552101570812877
-0.0087161504977273,-0.00464958037840382,0.000553918005673101
-0.00871004314109117,-0.00464972402098808,0.000555721089128487
-0.00870392800301602,-0.00464986656303449,0.000557510441891515
-0.0086978052684698,-0.00465000785816398,0.000559286109672593
-0.00869167513104519,-0.00465014779222286,0.000561048329948542
-0.0086855377829365,-0.00465028636782085,0.000562797547507856
-0.00867939343868053,-0.00465042367599692,0.000564534002101991
-0.0086732423233648,-0.00465055979510871,0.000566257637076665
-0.00866708464331421,-0.0046506946731012,0.000567968128906714
-0.00866092058115153,-0.00465082815723743,0.000569665325912761
-0.00865475031089402,-0.00465096016194222,0.000571349256555243
-0.00864857400170583,-0.00465109082825696,0.000573020251902489
-0.00864239184530871,-0.0046512204018979,0.00057467839343105
-0.00863620404779839,-0.00465134906350511,0.000576323495820443
-0.0086300107971033,-0.0046514768293435,0.00057795510399641
-0.00862381224181222,-0.00465160361850316,0.000579572918568174
-0.00861760854022502,-0.00465172926848691,0.000581177012670697
-0.00861139988774421,-0.0046518536396627,0.000582767377864806
-0.00860518646806962,-0.00465197661793114,0.000584343827346337
-0.00859896843502754,-0.0046520981761148,0.000585906274712945
-0.00859274592778955,-0.0046522183508579,0.000587454750427465
-0.00858651910026229,-0.00465233727464753,0.000588989149846538
-0.00858028811020978,-0.0046524550554044,0.000590509380628
-0.00857405312169216,-0.00465257173390111,0.00059201540345131
-0.00856781429552178,-0.00465268730108382,0.00059350719796001
-0.00856157178494944,-0.0046528016969988,0.000594984784368321
-0.00855532572437639,-0.00465291478415832,0.000596448343151193
-0.00854907624400127,-0.0046530264439103,0.000597898033968079
-0.00854282347667908,-0.00465313661859252,0.000599333954115406
-0.00853656756996476,-0.0046532453503609,0.000600756132094463
-0.00853030867342983,-0.00465335270713439,0.000602164497964582
-0.00852404693517367,-0.00465345877617934,0.000603558811313383
-0.00851778248017938,-0.00465356359327247,0.000604938761760612
-0.0085115154221361,-0.00465366711899659,0.000606304163092435
-0.00850524587561878,-0.00465376921312341,0.000607654922759336
-0.00849897396233111,-0.00465386996403588,0.000608990875554411
-0.00849269979629266,-0.00465396950742487,0.000610311956782085
-0.00848642348620888,-0.00465406792092807,0.000611618301302238
-0.00848014514363707,-0.00465416535121071,0.000612910290021943
-0.00847386485245675,-0.00465426185327747,0.00061418830316566
-0.00846758265667535,-0.00465435724963812,0.00061545264694765
-0.00846129857968713,-0.00465445141704714,0.000616703511777457
-0.0084550126121256,-0.00465454429250383,0.000617941026233201
-0.00844872473737259,-0.00465463582267563,0.000619165341784291
-0.00844243494407629,-0.00465472586570792,0.000620376602075966
-0.00843614323216876,-0.00465481441279311,0.000621574858780177
-0.00842984959519015,-0.00465490160206009,0.000622760376198888
-0.00842355402653104,-0.00465498758235141,0.000623933481504426
-0.00841725652139056,-0.00465507245763901,0.000625094476026678
-0.00841095707479155,-0.00465515628202548,0.000626243625154696
-0.00840465568035565,-0.00465523907850455,0.000627381181097262
-0.00839835234231272,-0.00465532084741064,0.000628507382440314
-0.00839204706820584,-0.00465540157838861,0.000629622436908267
-0.0083857398640361,-0.00465548126292003,0.000630726529982873
-0.00837943073469741,-0.00465555989982626,0.000631819837479279
-0.00837311968466441,-0.00465563747211727,0.000632902572181789
-0.00836680671372404,-0.00465571391609291,0.000633975057645253
-0.00836049183236552,-0.00465578925478964,0.000635037411733303
-0.00835417505281664,-0.00465586354237144,0.000636089689948111
-0.00834785638423063,-0.00465593682380781,0.000637131973426035
-0.00834153583087393,-0.0046560091183805,0.000638164400272413
-0.00833521340359885,-0.00465608042544753,0.000639187161247946
-0.00832888912106082,-0.00465615073853679,0.000640200459006035
-0.00832256300872793,-0.00465622006210277,0.000641204460786103
-0.00831623508398539,-0.00465628843167052,0.000642199329169882
-0.00830990534807717,-0.00465635595027761,0.00064318538216298
-0.00830357380869927,-0.00465642270252996,0.000644162918131132
-0.00829724048566204,-0.00465648871066457,0.000645132096280449
-0.00829090540736387,-0.00465655389850087,0.000646092835088769
-0.00828456859976917,-0.0046566181753729,0.000647045070878712
-0.00827823008302263,-0.00465668144481089,0.000647988893884022
-0.00827188987509725,-0.00465674365122504,0.000648924438997648
-0.00826554799695918,-0.00465680476594904,0.000649851800309542
-0.00825920446390364,-0.00465686468296782,0.00065077098061198
-0.00825285929335415,-0.00465692336269583,0.000651682015525858
-0.00824651250748965,-0.00465698096783781,0.000652584990550919
-0.00824016413090045,-0.00465703768202738,0.000653480017460782
-0.00823381418795613,-0.004657093628603,0.000654367215384709
-0.00822746270172078,-0.00465714886444682,0.000655246700866338
-0.00822110969451265,-0.00465720339541771,0.000656118584224512
-0.00821475518912002,-0.00465725719959343,0.00065698296873916
-0.00820839920860042,-0.00465731024918378,0.000657839951989188
-0.00820204177492167,-0.00465736252817698,0.00065868963713787
-0.00819568291359536,-0.00465741403483115,0.000659532134561437
-0.00818932265316013,-0.00465746477624941,0.000660367548497036
-0.00818296102364578,-0.00465751475958338,0.000661195960846299
-0.00817659805013645,-0.00465756399141229,0.000662017432037785
-0.00817023375412738,-0.0046576124792928,0.000662832018257065
-0.00816386815726282,-0.00465766023144058,0.000663639780823091
-0.00815750128348888,-0.00465770725551899,0.000664440786160761
-0.00815113315897702,-0.00465775355775666,0.000665235101696082
-0.00814476381070559,-0.00465779914298271,0.000666022792326243
-0.00813839326502626,-0.00465784401533632,0.000666803919161061
-0.00813202154708026,-0.00465788817906157,0.000667578539985813
-0.00812564868115189,-0.00465793163896166,0.000668346710236911
-0.00811927469048799,-0.00465797440141233,0.000669108484854558
-0.00811289959571074,-0.0046580164792649,0.000669863930273345
-0.00810652342107133,-0.00465805789091535,0.000670613133132229
-0.00810014620125706,-0.00465809864527572,0.000671356165946206
-0.00809376796883817,-0.00465813872323733,0.000672093017511309
-0.00808738875422923,-0.00465817803464186,0.000672823493398271
-0.00808100857867787,-0.00465821654421247,0.00067354744048432
-0.00807462745863702,-0.0046582544018586,0.000674264818971203
-0.00806824541157203,-0.00465829176813015,0.000674975677799697
-0.00806186245557646,-0.00465832871069077,0.000675680186224169
-0.00805547860592837,-0.00465836513798027,0.000676378754356034
-0.0080490938908417,-0.00465840096739275,0.000677071639759839
-0.00804270834315071,-0.0046584361512292,0.000677758941475564
-0.00803632199323464,-0.00465847067093484,0.000678440666551192
-0.00802993486885176,-0.00465850451129489,0.000679116730259489
-0.00802354699667812,-0.00465853761952482,0.000679786921930045
-0.00801715839099932,-0.00465857002936861,0.000680451253813688
-0.00801076906685494,-0.00465860180131502,0.000681109827954066
-0.00800437904443287,-0.00465863298383945,0.000681762744406948
-0.00799798834760007,-0.00465866360659141,0.00068241007934004
-0.00799159700132005,-0.00465869368211768,0.000683051880185855
-0.00798520502957218,-0.00465872321174771,0.000683688171250107
-0.00797881245447641,-0.00465875219205665,0.00068431896325336
-0.00797241929650981,-0.0046587806197688,0.000684944262207932
-0.00796602557327122,-0.00465880851404652,0.00068556412364284
-0.00795963129744648,-0.00465883596756218,0.000686178775763532
-0.00795323648778277,-0.0046588630628546,0.000686788412789926
-0.00794684116839897,-0.00465888982412348,0.000687393080772222
-0.00794044536661146,-0.00465891617891042,0.000687992595986204
-0.00793404911259589,-0.00465894204024953,0.000688586766287848
-0.00792765242694319,-0.00465896734778262,0.000689175462609456
-0.00792125532198058,-0.00465899207640828,0.000689758632789578
-0.00791485780612508,-0.00465901622867484,0.000690336292637158
-0.00790845988595574,-0.00465903981406667,0.000690908520296223
-0.00790206157815435,-0.00465906284217315,0.000691475429153548
-0.0078956629087802,-0.00465908532368171,0.000692037119033532
-0.00788926390872384,-0.0046591072770772,0.000692593633517801
-0.00788286460073421,-0.00465912868450466,0.000693144959077597
-0.00787646500288082,-0.00465914940957584,0.000693690997499093
-0.00787006512506399,-0.00465916943902437,0.000694231490337147
-0.00786366497496343,-0.00465918896113714,0.000694766258766843
-0.00785726456303503,-0.00465920816588773,0.000695295251856264
-0.00785086390207924,-0.00465922710122561,0.000695818528024493
-0.00784446300317929,-0.00465924550632461,0.000696336294643733
-0.00783806188031047,-0.00465926320610211,0.000696848783917829
-0.0078316605572288,-0.00465928034988352,0.000697355977630676
-0.00782525905492311,-0.00465929714707798,0.0006978577839912
-0.00781885738836145,-0.00465931373240359,0.000698354171542181
-0.00781245555719965,-0.00465933009502844,0.000698845310777954
-0.007806053555001,-0.00465934616249604,0.000699331419795055
-0.00779965139386754,-0.00465936185989644,0.000699812693297659
-0.0077932491039356,-0.00465937713879253,0.00070028924978638
-0.00778684672473795,-0.00465939199396026,0.000700761075800831
-0.00778044426876688,-0.00465940644007442,0.000701228072045247
-0.00777404173731955,-0.00465942051479968,0.000701690107305966
-0.00776763913754444,-0.0046594343246379,0.00070214692695358
-0.00776123647696567,-0.00465944796054682,0.000702598350176905
-0.00775483375915879,-0.00465946142905062,0.000703044413922933
-0.00774843098468745,-0.0046594745600316,0.000703485479482354
-0.00774202817614683,-0.00465948721463641,0.000703921565964785
-0.00773562533890913,-0.00465949940206967,0.000704352741482458
-0.00772922247968833,-0.00465951118623306,0.00070477910041222
-0.00772281961256502,-0.00465952261125578,0.000705200734704863
-0.00771641674697342,-0.0046595336396596,0.000705617840909789
-0.00771001388596212,-0.00465954422134317,0.000706030560144865
-0.00770361103970288,-0.00465955432460314,0.000706438951816835
-0.00769720822716856,-0.0046595639321521,0.000706842988582742
-0.00769080546290859,-0.00465957302128212,0.000707242530931037
-0.00768440275671392,-0.00465958151328711,0.000707637262592921
-0.00767800010639954,-0.0046595893915424,0.000708026928737637
-0.00767159751467562,-0.0046595968071354,0.000708411352904115
-0.00766519498786045,-0.00465960390863586,0.000708790485815766
-0.00765879253098965,-0.00465961075914921,0.000709164426811657
-0.00765239014163057,-0.00465961729916802,0.000709533495065803
-0.00764598782283417,-0.00465962342833903,0.00070989793085619
-0.00763958559850791,-0.00465962906292297,0.000710257653007468
-0.00763318348099204,-0.00465963451444852,0.000710612670968683
-0.00762678148074572,-0.00465964011026144,0.000710963004806604
-0.00762037960492649,-0.00465964600246016,0.000711308617070788
-0.00761397784914898,-0.00465965207437449,0.000711649443856431
-0.00760757620006164,-0.00465965816988065,0.000711985505455951
-0.00760117464770067,-0.00465966424181568,0.000712317043229844
-0.00759477319320525,-0.00465967028011815,0.000712644300531021
-0.00758837185366667,-0.00465967626443744,0.000712967384658103
-0.0075819706561322,-0.0046596821131176,0.000713286134382975
-0.00757556961775502,-0.00465968776177686,0.000713600361228944
-0.00756916873014729,-0.00465969316480355,0.000713910038924071
-0.00756276798186517,-0.00465969830787218,0.000714215240953076
-0.00755636736624014,-0.00465970314541819,0.000714516069248517
-0.00754996689367023,-0.00465970754694746,0.000714812509360582
-0.0075435665852893,-0.00465971148642658,0.000715104366818368
-0.00753716645667383,-0.00465971501029659,0.000715391473291336
-0.00753076650237691,-0.00465971820485665,0.000715673802643857
-0.00752436672925038,-0.0046597192245269,0.000715951576690303
-0.00751796746628298,-0.00465971676322333,0.000716224671525935
-0.00751156946532319,-0.004659711954862,0.000716492418663891
-0.00750517371313059,-0.00465970574509687,0.000716753576918364
-0.00749878128658616,-0.00465969870134355,0.000717006755259734
-0.00749239328913877,-0.00465969094389678,0.000717250621657218
-0.00748601082044846,-0.00465968236926261,0.000717483620523171
-0.00747963495243734,-0.00465967274912174,0.000717704098971362
-0.00747326672204219,-0.00465966190826242,0.000717910406335097
-0.00746690711733628,-0.00465964977015534,0.000718101258436972
-0.00746055708579334,-0.00465963626079876,0.000718275648584379
-0.00745421754703108,-0.00465962120742971,0.000718432799706491
-0.00744788940158845,-0.00465960432519836,0.000718571766415722
-0.00744157351129745,-0.00465958522556598,0.000718691545530249
-0.00743527069678555,-0.004659563657655,0.000718791070767225
-0.00742898174738132,-0.00465953965861226,0.000718868992340491
-0.00742270739871154,-0.00465951337760305,0.00071892414261671
-0.0074164483314266,-0.00465948501875949,0.000718955802527026
-0.00741020519569635,-0.00465945475285879,0.000718963507998679
-0.00740397861972773,-0.00465942270000555,0.000718947005016187
-0.00739776920724752,-0.00465938887345771,0.000718905983890417
-0.00739157753100583,-0.00465935320837432,0.000718840021889347
-0.00738540412726873,-0.00465931561804954,0.000718748647360578
-0.00737924950590146,-0.00465927602175236,0.000718631395827952
-0.00737311415198781,-0.00465923433440956,0.000718487781413907
-0.00736699852342253,-0.00465919043876,0.000718317241452329
-0.00736090303649584,-0.00465914431828548,0.000718119478549533
-0.00735482807829312,-0.00465909600452676,0.00071789432799188
-0.00734877401021192,-0.00465904547210556,0.000717641761164511
-0.00734274116971729,-0.00465899246210069,0.000717361939684693
-0.00733672988448771,-0.00465893696418225,0.000717054500258804
-0.00733074044926291,-0.00465887916726531,0.000716719144943062
-0.00732477313630414,-0.00465881932891058,0.00071635555291933
-0.0073188281895979,-0.00465875763750677,0.000715963521390281
-0.00731290582458969,-0.00465869415848689,0.00071554306095928
-0.00730700622999448,-0.00465862880493386,0.000715094478638303
-0.00730112958348197,-0.00465856143680265,0.000714618075676954
-0.00729527604967597,-0.00465849184467968,0.000714114040925781
-0.00728944575816459,-0.00465841977357238,0.000713582955089978
-0.00728363882881611,-0.00465834510263076,0.00071302534128904
-0.00727785537673128,-0.00465826796368592,0.000712441400588904
-0.00727209550279617,-0.0046581886272168,0.000711831041178699
-0.00726635927901145,-0.00465810732847022,0.00071119419275573
-0.00726064675054519,-0.00465802421138708,0.000710530929530566
-0.00725495794299377,-0.00465793933544261,0.000709841473860553
-0.00724929286800191,-0.00465785270425123,0.000709126161453729
-0.00724365152583208,-0.00465776429787499,0.000708385395882337
-0.00723803390749075,-0.00465767407805256,0.000707619562001764
-0.00723243999458384,-0.00465758194927653,0.000706828884118254
-0.00722686974332804,-0.00465748785640202,0.00070601369297382
-0.00722132309277733,-0.00465739186681961,0.000705174614924318
-0.0072157999803313,-0.00465729408410656,0.000704312319679782
-0.00721030034394495,-0.00465719458960696,0.000703427340435161
-0.00720482410792022,-0.00465709337507859,0.000702519947732954
-0.0071993711658534,-0.00465699046207243,0.000701590513401865
-0.00719394138629783,-0.00465688603555147,0.000700639861400956
-0.00718853464279385,-0.00465678028187433,0.000699668838646214
-0.00718315081587558,-0.00465667331636765,0.000698678086343804
-0.00717778978090866,-0.00465656512023318,0.000697667946210248
-0.00717245140229431,-0.00465645560986812,0.000696638758553238
-0.00716713552116671,-0.00465634466741092,0.000695591036263714
-0.0071618419722424,-0.00465623229538785,0.000694525170227857
-0.00715657058223478,-0.00465611854208181,0.000693441517576448
-0.00715132117541387,-0.00465600339178375,0.000692340319413283
-0.00714609356031505,-0.00465588679090819,0.000691222000007336
-0.00714088752032274,-0.00465576872279726,0.000690087636467231
-0.00713570286070721,-0.00465564935788147,0.000688937982558756
-0.00713053938870514,-0.00465552889023451,0.000687773587093769
-0.00712539690199389,-0.00465540746084316,0.000686594946442798
-0.00712027518741364,-0.00465528515234688,0.000685402548264184
-0.00711517402287327,-0.00465516200265042,0.000684196897256997
-0.00711009318022115,-0.00465503802514713,0.000682978523697894
-0.00710503242747554,-0.00465491318754134,0.000681747980282025
-0.00709999152792478,-0.0046547873817046,0.000680505881770624
-0.00709497023764909,-0.00465466074598823,0.000679253015969337
-0.00708996831562459,-0.00465453347459296,0.000677990130067943
-0.00708498552268292,-0.00465440567321298,0.000676717859746972
-0.00708002161938372,-0.00465427726678086,0.000675436701139574
-0.00707507636646182,-0.00465414822711982,0.000674146926333492
-0.00707014951360164,-0.00465401856887518,0.000672848824580274
-0.00706524080106022,-0.00465388832580951,0.000671542792471785
-0.0070603499653447,-0.00465375754323436,0.000670229322688904
-0.00705547674322238,-0.00465362627043808,0.000668908968394124
-0.00705062087513137,-0.00465349455718932,0.000667582302512433
-0.0070457821051848,-0.00465336245739255,0.000666249869948094
-0.0070409601686747,-0.00465323001283583,0.00066491218993763
-0.00703615480554687,-0.00465309724423066,0.000663569758780964
-0.00703136575263272,-0.0046529641642305,0.000662223038389614
-0.00702659274000348,-0.0046528307924569,0.000660872477946971
-0.00702183549299756,-0.00465269715028044,0.000659518509780826
-0.0070170937542592,-0.00465256319513639,0.000658161423827724
-0.00701236726614621,-0.00465242889176916,0.000656801531839737
-0.00700765576439881,-0.00465229424097199,0.000655439224694604
-0.00700295898019527,-0.00465215925822835,0.000654075003332199
-0.00699827664171359,-0.00465202395805254,0.000652709553060155
-0.0069936084746227,-0.00465188851117214,0.000651343527658274
-0.00698895421418674,-0.00465175309568318,0.000649977487921774
-0.00698431360277337,-0.00465161780185522,0.000648611921748239
-0.00697968638332595,-0.00465148258787726,0.000647247299129794
-0.00697507230207547,-0.00465134749651932,0.000645883939885629
-0.00697047110198927,-0.00465121259439433,0.000644522113820277
-0.00696588252271524,-0.00465107793382836,0.000643162104356144
-0.00696130630365864,-0.00465094355225056,0.000641804222235351
-0.00695674218452025,-0.00465080947407983,0.000640448803611605
-0.00695218990375403,-0.00465067570759302,0.000639096218794443
-0.00694764920891751,-0.00465054225498868,0.000637746860296129
-0.00694311985646224,-0.00465040912447433,0.000636401104285197
-0.00693860160884885,-0.0046502763412625,0.000635059271409422
-0.00693409422124784,-0.00465014394007394,0.000633721626478301
-0.00692959744330902,-0.00465001195476195,0.000632388414027886
-0.00692511102578717,-0.00464988041467443,0.000631059879565278
-0.00692063472662403,-0.00464974932602085,0.000629736223768817
-0.00691616831210654,-0.00464961864337482,0.000628417523866533
-0.00691171154165775,-0.00464948840442166,0.00062710405479342
-0.00690726417725377,-0.00464935867626838,0.0006257961469751
-0.00690282598621203,-0.00464922951858016,0.00062449409829244
-0.0068983967402538,-0.00464910098000157,0.000623198161132801
-0.00689397621640711,-0.00464897311283852,0.000621908543736483
-0.00688956419874406,-0.00464884595370581,0.000620625400278275
-0.0068851604670388,-0.0046487195030708,0.000619348841969651
-0.00688076479776416,-0.00464859374497363,0.000618078973207927
-0.00687637696703187,-0.0046484686751237,0.000616815912507982
-0.00687199675111988,-0.00464834433249239,0.000615559813896765
-0.00686762393989066,-0.00464822077259196,0.000614310857808816
-0.00686325833502615,-0.00464809799418569,0.000613069243881377
-0.00685889973039601,-0.00464797589690928,0.000611835293277392
-0.00685454792094491,-0.00464785441259254,0.000610609223392397
-0.00685020270697423,-0.00464773360619775,0.0006093910026887
-0.00684586389395794,-0.00464761357966766,0.000608180585338226
-0.00684153129043953,-0.00464749441475988,0.000606977982498596
-0.00683720470584753,-0.00464737615929966,0.000605783254300023
-0.00683288395001762,-0.00464725883170166,0.000604596494157336
-0.00682856883450917,-0.00464714243361102,0.000603417812379342
-0.0068242591764736,-0.00464702695999714,0.000602247319016232
-0.00681995480227207,-0.00464691239817787,0.00060108509110184
-0.00681565553648224,-0.00464679873600385,0.000599931164804341
-0.00681136120080076,-0.00464668596800627,0.000598785546874201
-0.00680707161808333,-0.00464657410141568,0.000597648208833755
-0.00680278662358849,-0.00464646314001158,0.000596519108430356
-0.00679850605069608,-0.00464635305168318,0.000595398169906143
-0.00679422972906313,-0.00464624387825329,0.000594285546757504
-0.00678995749497941,-0.00464613568321974,0.000593181437032501
-0.00678568918878892,-0.00464602852856234,0.000592086005033898
-0.00678142466175509,-0.00464592246327022,0.000590999373253595
-0.00677716376972446,-0.00464581749604355,0.000589921657804256
-0.00677290636620799,-0.00464571356722427,0.000588853048177717
-0.00676865231538765,-0.0046456106925699,0.000587793496611442
-0.00676440148413271,-0.00464550892612528,0.000586742855041166
-0.00676015373140376,-0.00464540831997241,0.000585700971925
-0.00675590891467956,-0.00464530889798881,0.000584667725250605
-0.00675166695122075,-0.0046452065128192,0.000583642998182762
-0.00674742840755533,-0.00464509831225818,0.000582625972927706
-0.00674319474337776,-0.00464498685733185,0.000581614620815899
-0.0067389679060228,-0.00464487447047608,0.000580606175925314
-0.00673475005880414,-0.00464476247733448,0.000579597363810911
-0.00673054341846892,-0.00464465123791484,0.000578584769975275
-0.00672635018453424,-0.00464454050170543,0.000577564931906605
-0.0067221725003217,-0.00464442969077618,0.000576534611315029
-0.00671801244041396,-0.00464431812224721,0.000575490914642094
-0.00671387200359668,-0.00464420511482677,0.00057443137291571
-0.00670975311813552,-0.00464409013367734,0.000573353695209813
-0.00670565764787528,-0.00464397282930704,0.000572255652455854
-0.00670158738551524,-0.00464385300604855,0.000571135040413904
-0.00669754404351527,-0.00464373056362337,0.000569989697211408
-0.00669352924030221,-0.0046436054169444,0.000568817570724494
-0.00668954452389254,-0.00464347749179928,0.000567616571850929
-0.00668559136262335,-0.00464334674213882,0.000566384815654845
-0.00668167115369211,-0.00464321310065671,0.000565120620621554
-0.0066777852301635,-0.00464307645008954,0.00056382249547257
-0.00667393485149222,-0.00464293667155498,0.000562489016185153
-0.00667012120679088,-0.00464279367508217,0.000561118794766967
-0.00666634542036106,-0.0046426474256524,0.000559710443745909
-0.00666260854803342,-0.00464249789133857,0.000558262712922258
-0.00665891158988627,-0.00464234501240374,0.000556774482786581
-0.00665525549134406,-0.00464218868708284,0.000555244675833718
-0.00665164113713239,-0.00464202895328753,0.000553672536707956
-0.00664806934591516,-0.00464186603185709,0.000552057475507466
-0.00664454088690427,-0.00464170011064277,0.000550398985229425
-0.00664105648489331,-0.00464153122727064,0.000548696582664091
-0.00663761680979436,-0.00464135919128914,0.000546949787459209
-0.0066342224750191,-0.00464118378240579,0.000545158137620182
-0.00663087403034465,-0.00464100484112271,0.000543321245033271
-0.00662757197795299,-0.00464082229083614,0.000541438840585392
-0.00662431678038376,-0.00464063611785584,0.000539510730142238
-0.00662110887287784,-0.004640446319426,0.000537536680191679
-0.00661794863500231,-0.00464025301305718,0.000535516704681949
-0.00661483640139806,-0.0046400563403429,0.000533450930927479
-0.00661177247378314,-0.0046398563922057,0.000531339483887233
-0.00660875710124423,-0.00463965321271229,0.000529182477430462
-0.00660579048049234,-0.00463944681481725,0.000526980090979081
-0.00660287277508758,-0.00463923720499695,0.000524732598676181
-0.00660000413102271,-0.00463902442819073,0.000522440287023418
-0.0065971846651551,-0.00463880853577341,0.000520103510110713
-0.00659441445127486,-0.0046385895208892,0.000517722824412903
-0.0065916935158464,-0.00463836723114718,0.00051529918771938
-0.00658902187415118,-0.00463814168124712,0.000512833193855032
-0.00658639951417674,-0.00463791296816267,0.000510325305806175
-0.00658382639149726,-0.00463768120612813,0.000507776012055008
-0.00658130241862202,-0.00463744649361005,0.000505185882958904
-0.00657882748025066,-0.00463720890450592,0.00050255560389473
-0.00657640143550837,-0.00463696844424983,0.000499885953908199
-0.00657402411875153,-0.00463672499399028,0.000497177807746117
-0.00657169536577846,-0.0046364786687525,0.000494432053443883
-0.00656941497780579,-0.00463622963786554,0.000491649543513787
-0.00656718273169033,-0.00463597801115168,0.000488831077469475
-0.006564998378978,-0.00463572381178606,0.000485977344751629
-0.00656286163582237,-0.00463546712402639,0.000483089278581149
-0.00656077219739445,-0.00463520805655675,0.00048016794240915
-0.00655872975581851,-0.00463494670909846,0.00047721443248197
-0.00655673399433902,-0.00463468317561557,0.000474229811905136
-0.0065547845628313,-0.00463441755547243,0.000471215146627783
-0.00655288110436142,-0.00463414991452075,0.000468171520485648
-0.00655102325988889,-0.0046338802293929,0.000465099975365527
-0.00654921065220351,-0.00463360859920404,0.000462001652238332
-0.00654744288427402,-0.00463333510889393,0.000458877547623575
-0.0065457195344089,-0.00463305985805971,0.000455728692633706
-0.00654404016618186,-0.00463278294924195,0.000452556163855752
-0.00654240433708328,-0.00463250449251812,0.000449361009994153
-0.00654081160286279,-0.00463222465447669,0.000446144116981819
-0.00653926150786307,-0.00463194358143543,0.000442906402919302
-0.00653775358291267,-0.00463166136303777,0.000439648911988013
-0.00653628733293446,-0.0046313779795688,0.000436372935483175
-0.00653486226668352,-0.00463109335988416,0.000433079702771253
-0.00653347790424401,-0.00463080737037474,0.000429770121728254
-0.00653213374609553,-0.00463052009497692,0.000426445396196576
-0.00653082927717895,-0.00463023169243269,0.000423106812387815
-0.00652956396845135,-0.0046299422664058,0.000419755697991395
-0.00652833728892613,-0.00462965195350524,0.000416393150759732
-0.00652714871948609,-0.0046293608947386,0.000413020153598457
-0.00652599775108101,-0.00462906927418143,0.000409637506669929
-0.00652488386684877,-0.00462877725260524,0.000406246016693205
-0.00652380652364906,-0.00462848492203535,0.00040284662407213
-0.00652276515558941,-0.00462819226741991,0.000399440555200466
-0.00652175921373114,-0.00462789923594308,0.00039602902014777
-0.00652078816581306,-0.00462760578172414,0.000392612931372322
-0.00651985146257029,-0.00462731205900811,0.000389193110834583
-0.00651894853329302,-0.00462701827737239,0.000385770470260969
-0.00651807883092467,-0.00462672455805446,0.000382345997170284
-0.00651724181008992,-0.00462643084244543,0.000378920709603546
-0.00651643691424491,-0.00462613712727309,0.000375495765802709
-0.0065156635851302,-0.00462584344049867,0.000372072314873604
-0.0065149212649029,-0.00462554978189626,0.000368651507799552
-0.00651420940875759,-0.0046252562438445,0.00036523418986856
-0.00651352747029793,-0.0046249629495517,0.000361821074021952
-0.00651287489460488,-0.00462467000221631,0.000358412926563433
-0.00651225113159052,-0.00462437742818562,0.000355010621687023
-0.00651165563959174,-0.00462408523602367,0.000351614725881396
-0.00651108787556407,-0.00462379343908969,0.000348225799113775
-0.00651054729272505,-0.00462350204956571,0.000344844542048563
-0.00651003334302089,-0.00462321107113519,0.000341471859106605
-0.00650954549010795,-0.00462292067491326,0.00033810864115788
-0.0065090831995406,-0.00462263105000985,0.000334755676186291
-0.00650864593742091,-0.00462234233362345,0.000331413665785986
-0.00650823317290458,-0.00462205461117363,0.000328083252018406
-0.00650784437970677,-0.00462176793160624,0.000324765038189489
-0.00650747903616082,-0.00462148232535385,0.000321459602430105
-0.00650713662456175,-0.00462119777901746,0.000318167506287635
-0.00650681662969524,-0.00462091417212046,0.000314889323801256
-0.006506518537598,-0.00462063152195767,0.000311625703329075
-0.00650624184240926,-0.00462034992732228,0.000308377238763462
-0.00650598604996117,-0.00462006951408984,0.000305144324627359
-0.00650575067537597,-0.00461979032497702,0.000301927144438167
-0.00650553523387446,-0.00461951238707456,0.000298725905700773
-0.00650533923235064,-0.00461923573862968,0.000295540910765173
-0.00650516217661557,-0.00461896042634839,0.000292372555328953
-0.00650500357608493,-0.00461868652440701,0.000289221345405135
-0.00650486294019436,-0.00461841416744634,0.000286088042615005
-0.00650473979819148,-0.00461814341224102,0.000282973494632413
-0.00650463370760498,-0.00461787434336411,0.000279878195335618
-0.00650454423316413,-0.00461760704837124,0.000276802405243825
-0.00650447093846568,-0.00461734162781216,0.000273746214906904
-0.00650441337503377,-0.0046170781524666,0.000270709722752814
-0.00650437109075344,-0.00461681662577746,0.000267693187629449
-0.00650434363634863,-0.00461655694171904,0.000264697148493169
-0.00650433058681935,-0.00461629907453108,0.00026172195664661
-0.00650433152870732,-0.00461604305039546,0.000258767846672306
-0.00650434605224693,-0.00461578891271762,0.000255835012437493
-0.00650437374972717,-0.00461553670854588,0.000252923628965561
-0.00650441421786868,-0.00461528646659977,0.000250033832824132
-0.00650446706164721,-0.00461503816007774,0.000247165645446838
-0.0065045318863116,-0.00461479172642851,0.00024431916533582
-0.00650460829710355,-0.00461454703628797,0.000241494700716078
-0.00650469591601349,-0.00461430415479862,0.000238692413240708
-0.00650479437213481,-0.00461406324958144,0.000235912478033562
-0.00650490330146235,-0.0046138244564571,0.000233155078745386
-0.00650502233308566,-0.00461358776247802,0.000230420472411561
-0.00650515111199662,-0.00461335305874771,0.000227708746238477
-0.00650528928812766,-0.00461312032468035,0.000225020075899712
-0.00650543652131052,-0.00461288958936391,0.000222354602495561
-0.00650559247949827,-0.00461266089671585,0.000219712380788533
-0.00650575683629538,-0.00461243430177434,0.000217093378281042
-0.0065059292711825,-0.0046122098875059,0.000214497443834982
-0.00650610946482901,-0.00461198772053927,0.000211924433487473
-0.00650629710175947,-0.0046117678476434,0.000209374231719891
-0.00650649187483528,-0.0046115503275537,0.000206846683412368
-0.00650669348158119,-0.00461133519952841,0.00020434167710147
-0.00650690162268397,-0.00461112247959803,0.000201859160192637
-0.00650711600081302,-0.00461091217807183,0.000199399134641915
-0.00650733633378087,-0.00461070430123172,0.000196961630339767
-0.00650756235544938,-0.00461049884238517,0.000194546639058583
-0.00650779388843658,-0.00461030194471664,0.000192153961250385
-0.0065080316957015,-0.00461011794184886,0.000189782052500331
-0.00650827782524482,-0.00460994315990972,0.00018742756634628
-0.00650853501162606,-0.00460977414034858,0.000185086153569003
-0.00650880627616781,-0.00460960876631986,0.000182753332368696
-0.006509094735879,-0.00460944635708979,0.000180424620867741
-0.00650940350418838,-0.00460928727338189,0.000178095536035172
-0.00650973563730164,-0.00460913238363313,0.000175761574568938
-0.00651009409231621,-0.004608982764842,0.000173418570787946
-0.00651048172003177,-0.00460883937430505,0.000171062584623293
-0.00651090126127168,-0.00460870290293483,0.000168689842584778
-0.00651135534380704,-0.0046085737764942,0.000166296746271141
-0.00651184648491618,-0.00460845222952187,0.000163879878813544
-0.00651237709421291,-0.00460833839829144,0.000161435998759492
-0.00651294947404732,-0.00460823240192769,0.000158962008996566
-0.0065135658008623,-0.00460813433955603,0.000156454944225998
-0.00651422815124546,-0.00460804424982146,0.000153911897525289
-0.00651493850072121,-0.00460796219874374,0.000151330201751412
-0.00651569872207171,-0.00460788832200064,0.000148707514207914
-0.00651651058397643,-0.0046078228470731,0.000146041922931167
-0.0065173757637815,-0.00460776597026176,0.000143331735246945
-0.00651829585617428,-0.0046077178741647,0.000140575213993184
-0.00651927236397746,-0.00460767869495952,0.00013777064876562
-0.00652030669362288,-0.00460764850751479,0.000134916444785745
-0.00652140016811003,-0.00460762734431966,0.000132011159494371
-0.00652255403136052,-0.0046076152196274,0.00012905349397738
-0.00652376945176618,-0.00460761214883709,0.000126042262069024
-0.00652504751462786,-0.00460761813923604,0.000122976365107769
-0.00652638921533762,-0.00460763318812617,0.000119854815196494
-0.00652779546699455,-0.00460765728874928,0.000116676772626605
-0.00652926710844699,-0.004607690440158,0.0001134415715886
-0.00653080491992371,-0.00460773264081013,0.000110148705107728
-0.00653240961995451,-0.00460778385960118,0.000106797827804301
-0.00653408185626187,-0.00460784395923287,0.000103388859862545
-0.00653582221665033,-0.00460791275436519,9.99217176438466e-05
-0.00653763123440416,-0.00460799025720147,9.63960897671079e-05
-0.00653950936740209,-0.00460807665484521,9.2811968071935e-05
-0.00654145700959633,-0.00460817209689282,8.91694890858952e-05
-0.00654347449786054,-0.00460827658382683,8.54688565455431e-05
-0.00654556212099907,-0.00460838990188005,8.17102961014561e-05
-0.00654772012125465,-0.00460851187934492,7.78939385866739e-05
-0.00654994868683974,-0.0046086423931689,7.40200285515705e-05
-0.00655224795258961,-0.00460878134396881,7.00889837709123e-05
-0.00655461800479565,-0.00460892864113932,6.61013631894942e-05
-0.00655705888316213,-0.00460908420488155,6.20577611123223e-05
-0.00655957058902382,-0.00460924798766807,5.79586077219742e-05
-0.0065621530754665,-0.00460941992774098,5.38044590383615e-05
-0.00656480624677885,-0.00460959990272025,4.95961593836485e-05
-0.00656752994636046,-0.00460978767981415,4.53350604944272e-05
-0.00657032399266818,-0.00460998302224987,4.10225809515602e-05
-0.00657318818393773,-0.00461018575682382,3.66600049471393e-05
-0.00657612230096014,-0.00461039580363438,3.22484020901642e-05
-0.00657912608120675,-0.00461061311353831,2.77887749117585e-05
-0.0065821992263001,-0.00461083761395399,2.32821524151687e-05
-0.00658534139618995,-0.00461106919862642,1.87296185600015e-05
-0.00658855221566629,-0.00461130774030031,1.41323388037008e-05
-0.00659183128278892,-0.00461155310941738,9.49154306605203e-06
-0.00659517816068709,-0.00461180516793436,4.80852786089012e-06
-0.00659859239145926,-0.00461206377051015,8.46610041836747e-08
-0.00660207349944271,-0.0046123287705979,-4.67865004640846e-06
-0.00660562098837832,-0.00461260002354259,-9.47998257945564e-06
-0.00660923433773577,-0.00461287737717978,-1.43178828772329e-05
-0.0066129130025973,-0.00461316065427694,-1.9190829073799e-05
-0.00661665642280229,-0.00461344971369717,-2.40974005768412e-05
-0.00662046401398493,-0.00461374442553592,-2.9036205844877e-05
-0.0066243351695745,-0.00461404465945102,-3.40058261081296e-05
-0.006628269264861,-0.00461435029271242,-3.90048121730043e-05
-0.00663226565261077,-0.00461466119295954,-4.40316688848059e-05
-0.00663632367620612,-0.00461497721402896,-4.90848525962079e-05
-0.00664044267103025,-0.00461529820307767,-5.41628028628321e-05
-0.00664462196073171,-0.00461562400698147,-5.92639643806245e-05
-0.00664886085457666,-0.00461595447552706,-6.43867933608339e-05
-0.00665315865017322,-0.00461628944475109,-6.95297587264146e-05
-0.00665751463685064,-0.0046166287044597,-7.46913909147846e-05
-0.00666192807932589,-0.00461697208424318,-7.98703102972337e-05
-0.00666639823254267,-0.00461731943830586,-8.50650825892702e-05
-0.00667092434846953,-0.00461767063263262,-9.02742076406486e-05
-0.00667550567539166,-0.00461802553974933,-9.54961545177483e-05
-0.0066801414535791,-0.00461838401314722,-0.000100729341445275
-0.00668483091306087,-0.00461874586281299,-0.000105972056353901
-0.00668957328613447,-0.00461911101556848,-0.000111222740269782
-0.00669436779600671,-0.00461947941409486,-0.000116479943289988
-0.00669921366043311,-0.00461985096767331,-0.000121742256054326
-0.00670411009577757,-0.00462022555579106,-0.000127008293316582
-0.00670905631660905,-0.00462060304358299,-0.000132276702975884
-0.00671405152497528,-0.00462098325711753,-0.000137546181838524
-0.006719094931769,-0.00462136595921493,-0.000142815560221998
-0.00672418573851664,-0.00462175096510983,-0.000148083558104864
-0.00672932314443035,-0.00462213813239191,-0.000153348824645441
-0.00673450635149023,-0.00462252734795826,-0.000158609978890721
-0.00673973456566331,-0.00462291853281599,-0.00016386560018988
-0.0067450069889629,-0.004623311577507,-0.000169114300710854
-0.00675032281722935,-0.00462370626204303,-0.000174354662485587
-0.00675568125280382,-0.00462410231286464,-0.000179585539150677
-0.00676108151030415,-0.0046244995519566,-0.000184805939411097
-0.00676652282198666,-0.00462489788611016,-0.000190014929553334
-0.00677200439708099,-0.0046252972711153,-0.000195211637788861
-0.00677752543664937,-0.00462569765566488,-0.000200395086339282
-0.00678308514167922,-0.00462609893531838,-0.000205564075708362
-0.00678868272572903,-0.00462650089991678,-0.000210717072188167
-0.0067943174277261,-0.00462690355190557,-0.000215852825516476
-0.00679998849655323,-0.004627306918368,-0.000220970335867818
-0.00680569517506645,-0.00462771094388587,-0.000226068790001179
-0.00681143670106679,-0.00462811546767551,-0.000231147547059799
-0.00681721229732576,-0.00462852040352401,-0.000236205692429293
-0.00682302119858833,-0.00462892575341515,-0.000241242045171697
-0.00682886266857864,-0.00462933150174186,-0.000246255508237664
-0.00683473598309223,-0.00462973754551223,-0.000251245224256518
-0.00684064042371804,-0.00463014366056575,-0.000256210652767977
-0.00684657526889925,-0.00463054960152486,-0.000261151349618974
-0.00685253979728879,-0.00463095512684235,-0.000266066947125315
-0.00685853328008062,-0.00463136008940011,-0.00027095686201981
-0.00686455499816962,-0.00463176438396399,-0.000275820307775685
-0.00687060424127856,-0.00463216787867742,-0.000280656247285058
-0.00687668032508657,-0.0046325704910272,-0.000285463625384073
-0.00688278258120971,-0.00463297218241883,-0.000290241645286195
-0.00688891035218138,-0.00463337297189135,-0.000294989939848551
-0.00689506298294452,-0.00463377280915584,-0.000299708417384489
-0.00690123981428251,-0.0046341716028628,-0.00030439693574707
-0.00690744017832856,-0.00463456920982021,-0.000309055114496753
-0.00691366339828298,-0.00463496534232161,-0.000313682033457722
-0.00691990881336701,-0.00463535974397055,-0.000318276550649934
-0.00692617580632345,-0.00463575231795365,-0.000322837926512789
-0.00693246378380013,-0.00463614301351825,-0.000327365812392286
-0.006938772164843,-0.00463653167722965,-0.000331860340906281
-0.00694510035772704,-0.00463691814007995,-0.000336321742434723
-0.006951447748712,-0.00463730248990305,-0.00034074977291568
-0.00695781373871282,-0.0046376850725944,-0.000345144178353132
-0.00696419774435494,-0.00463806616549438,-0.000349504693406512
-0.00697059919101985,-0.00463844585125357,-0.000353830932443174
-0.00697701750799493,-0.00463882388156069,-0.000358122268722367
-0.00698345216033756,-0.00463919986102525,-0.000362378535223773
-0.00698990262861807,-0.00463957371117172,-0.000366599839244702
-0.00699636839151152,-0.00463994548226826,-0.000370786309037909
-0.00700284891704961,-0.00464031519899987,-0.000374937988124921
-0.00700934367335441,-0.00464068276798033,-0.000379054795437788
-0.00701585214769442,-0.00464104814247751,-0.00038313676815363
-0.00702237383806169,-0.00464141128962911,-0.000387183927870651
-0.00702890824204166,-0.00464177216037411,-0.00039119612128853
-0.00703545486072981,-0.00464213070257973,-0.000395172785032994
-0.00704201323129741,-0.00464248685723497,-0.000399113431500379
-0.00704858291368638,-0.00464284052063416,-0.000403017939258099
-0.00705516348518531,-0.00464319146494572,-0.000406886803519201
-0.00706175450909697,-0.00464353959938008,-0.00041072065445109
-0.00706835551999517,-0.00464388505388298,-0.000414519578361036
-0.00707496605668759,-0.00464422796094522,-0.000418283375185849
-0.00708158569400608,-0.00464456830697738,-0.000422011763852257
-0.00708821404286189,-0.00464490600808796,-0.000425704934545224
-0.00709485071344192,-0.00464524102453005,-0.000429363163799137
-0.00710149530527595,-0.0046455735373295,-0.00043298650957286
-0.00710814753183646,-0.00464591113472839,-0.000436575142330526
-0.00711480825433711,-0.00464625907810243,-0.000440130770551375
-0.00712147987859329,-0.00464661272585501,-0.000443657032226323
-0.00712816564945892,-0.00464696758749886,-0.000447159059187395
-0.00713486917681908,-0.0046473208109721,-0.00045064257924718
-0.00714159418258378,-0.00464767159249927,-0.000454113546245018
-0.00714834436490774,-0.0046480205169425,-0.000457577735224013
-0.00715512333736321,-0.00464836874550564,-0.000461040540357396
-0.0071619345995276,-0.00464871727101348,-0.000464506847404266
-0.00716878153235182,-0.00464906717774527,-0.00046798125655252
-0.00717566740302845,-0.0046494193624041,-0.000471468242080978
-0.00718259535671298,-0.00464977447860946,-0.000474972311275068
-0.00718956839603263,-0.00465013292233199,-0.000478497792473371
-0.00719658937732585,-0.00465049487751349,-0.000482048698915041
-0.00720366100678201,-0.00465086032102853,-0.000485628502353388
-0.00721078585976036,-0.00465122904440321,-0.000489240184874197
-0.00721796640940823,-0.00465160091066887,-0.000492886915155659
-0.00722520501042233,-0.00465197628919616,-0.0004965718465379
-0.0072325038952103,-0.0046523556646518,-0.000500297991262903
-0.00723986518030516,-0.00465273936249726,-0.000504068303887127
-0.00724729087244745,-0.00465312738011709,-0.00050788587747737
-0.00725478283665882,-0.00465351975721233,-0.000511753095108151
-0.00726234282417042,-0.00465391655419911,-0.000515671801095415
-0.0072699725005033,-0.0046543180462455,-0.000519643835572005
-0.00727767343890581,-0.00465472450403351,-0.000523670966981283
-0.00728544711804934,-0.00465513608372,-0.000527754901340273
-0.00729329491086172,-0.00465555276789442,-0.000531897370496709
-0.00730121808350298,-0.00465597443520391,-0.000536099791045923
-0.00730921779867871,-0.00465640083997505,-0.000540362997944663
-0.00731729514481817,-0.00465683183417075,-0.000544687776247994
-0.00732545113196087,-0.00465726737235594,-0.000549074904133943
-0.00733368668549739,-0.00465770745511431,-0.00055352507145112
-0.00734200264368562,-0.00465815205912501,-0.000558038767142435
-0.00735039976656141,-0.00465860116383546,-0.000562616388139149
-0.00735887874262384,-0.00465905479442864,-0.000567258363502937
-0.00736744019595142,-0.00465951310406003,-0.000571965400535165
-0.00737608466654947,-0.00465997618653881,-0.000576738087340469
-0.00738481260705904,-0.00466044406408946,-0.000581576535296396
-0.00739362439952222,-0.00466091663209167,-0.000586480387685414
-0.00740252036665955,-0.00466139371789241,-0.000591449170095349
-0.00741150077664741,-0.00466187510010679,-0.000596482492659867
-0.00742056583620995,-0.00466236076477931,-0.000601580000159536
-0.00742971569496756,-0.00466285075134062,-0.000606741212126412
-0.00743895045145134,-0.00466334502283947,-0.000611965512307522
-0.00744827014539394,-0.00466384335206902,-0.000617252179228668
-0.00745767475478344,-0.00466434551377173,-0.000622600345131757
-0.00746716419789892,-0.00466485140799487,-0.000628008879924137
-0.00747673835001602,-0.00466536097845772,-0.000633476606826406
-0.00748639704791876,-0.00466587415731148,-0.000639002405004638
-0.00749614008671174,-0.00466639082580549,-0.000644585210222953
-0.00750596720890311,-0.00466691085198336,-0.00065022376123671
-0.00751587811558886,-0.00466743411806305,-0.000655916766847119
-0.00752587247078049,-0.00466796054796721,-0.000661663022580828
-0.00753594989645781,-0.00466849006463135,-0.000667461294434195
-0.00754610997215242,-0.0046690225745678,-0.000673310264694028
-0.00755635223743331,-0.00466955797783379,-0.000679208507831622
-0.00756667620914136,-0.00467009616959434,-0.000685154512766307
-0.00757708137612098,-0.00467063702457961,-0.000691146743989857
-0.00758756718154499,-0.00467118038974912,-0.000697183625798217
-0.00759813304080741,-0.00467172610408519,-0.000703263516829577
-0.00760877834633895,-0.00467227398002677,-0.000709384737586603
-0.00761950246949418,-0.00467282373952068,-0.00071554564392908
-0.00763030476186241,-0.00467337522544163,-0.000721744727495302
-0.00764118453193945,-0.00467392841290021,-0.000727980286744459
-0.0076521410592696,-0.00467448327470917,-0.000734250511462572
-0.00766317360461691,-0.00467503972094707,-0.000740553520129294
-0.00767428142216409,-0.00467559766198629,-0.00074688754443182
-0.00768546375634057,-0.00467615698665754,-0.000753250898959103
-0.00769671982180441,-0.00467671755998486,-0.000759641936502691
-0.00770804880141783,-0.00467727923747863,-0.000766058988201994
-0.00771944985066951,-0.00467784188298039,-0.000772500294491234
-0.00773092212603087,-0.00467840536864097,-0.000778964006248068
-0.00774246478572695,-0.00467896956855793,-0.000785448256572243
-0.00775407698053017,-0.00467953435268195,-0.000791951214448669
-0.00776575784147196,-0.00468009958994268,-0.000798471092317746
-0.0077775064796308,-0.00468066515259063,-0.000805006122461723
-0.00778932199185009,-0.00468123091686175,-0.000811554540220361
-0.00780120346631032,-0.00468179676131255,-0.000818114581487685
-0.00781314998352994,-0.0046823625452756,-0.000824684440340386
-0.00782516061609994,-0.00468292807729941,-0.000831262203599581
-0.0078372344414532,-0.00468349324894358,-0.000837846182030402
-0.00784937053029729,-0.00468405798193317,-0.000844434771848538
-0.00786156794346701,-0.00468462219258871,-0.000851026366219915
-0.00787382573316517,-0.00468518578604418,-0.000857619340010696
-0.00788614294561553,-0.00468574865947191,-0.000864212044128857
-0.00789851862987928,-0.00468631069898121,-0.000870802828256412
-0.00791095183309307,-0.00468687178363907,-0.000877390068744877
-0.00792344159922953,-0.00468743179247219,-0.000883972172619677
-0.00793598697041203,-0.00468799060864622,-0.000890547576421856
-0.00794858698847495,-0.00468854812060434,-0.000897114745673615
-0.0079612406960372,-0.0046891042212281,-0.000903672175444539
-0.00797394713593512,-0.00468965879659189,-0.000910218366887032
-0.00798670534989891,-0.00469021169965302,-0.000916751767102378
-0.00799951438492521,-0.00469076280106086,-0.000923270896295194
-0.00801237329579139,-0.004691312021043,-0.00092977446543043
-0.00802528114083142,-0.00469185926658014,-0.000936261323667951
-0.00803823697741458,-0.00469240444158689,-0.000942730314470078
-0.0080512398614031,-0.00469294744481192,-0.000949180262875131
-0.00806428885580679,-0.00469348816816765,-0.000955610098497679
-0.00807738302647336,-0.0046940265817671,-0.000962018885942318
-0.00809052143797798,-0.00469456268354578,-0.000968405550785802
-0.00810370315186331,-0.00469509649768412,-0.000974768682300304
-0.00811692723432219,-0.00469562791753458,-0.000981106619548312
-0.00813019276733018,-0.00469615672018282,-0.000987417658895233
-0.00814349885260534,-0.00469668270410404,-0.00099370034022672
-0.00815684461417093,-0.00469720571977215,-0.000999953503012871
-0.00817022918022634,-0.00469772567468813,-0.00100617629949503
-0.00818365168202683,-0.00469824254835937,-0.00101236826334165
-0.00819711124321857,-0.00469875633888937,-0.00101852891882266
-0.00821060698260758,-0.00469926702100351,-0.00102465765790057
-0.00822413802594891,-0.00469977450991786,-0.00103075380879901
-0.00823770350748065,-0.00470027870112111,-0.00103681658088556
-0.00825130257580022,-0.00470077951633862,-0.00104284505097588
-0.00826493438855983,-0.0047012769656178,-0.00104883811711013
-0.00827859811853,-0.00470177107486526,-0.00105479473895655
-0.00829229296462141,-0.00470226182356643,-0.00106071407222896
-0.0083060181367415,-0.0047027490523664,-0.00106659554637257
-0.00831977283906556,-0.00470323261927294,-0.00107243867878766
-0.00833355627370633,-0.00470371253097042,-0.00107824291838025
-0.00834736765005119,-0.00470418882531594,-0.00108400771704922
-0.00836120618566316,-0.00470466150302191,-0.00108973250235943
-0.00837507110419085,-0.00470513050153118,-0.00109541657464959
-0.0083889616682289,-0.00470559581026696,-0.00110105949813398
-0.00840287715953802,-0.00470605747832218,-0.00110666112725713
-0.00841681685633565,-0.00470651552712436,-0.00111222131283016
-0.00843078003160512,-0.00470696991296385,-0.00111773975723559
-0.00844476595640851,-0.00470742048634224,-0.00112321590223449
-0.00845877391495662,-0.00470786708101772,-0.00112864915577552
-0.00847280321798919,-0.0047083095626219,-0.0011340390043175
-0.00848685319879467,-0.00470874784160372,-0.00113938505525704
-0.00850092320793033,-0.00470918185556529,-0.00114468710120381
-0.00851501259972358,-0.0047096114811831,-0.0011499451633975
-0.00852912072127779,-0.00471003659211006,-0.00115515912120665
-0.00854324691922929,-0.00471045725152858,-0.00116032880375563
-0.00855739055414999,-0.00471087356390068,-0.00116545404025106
-0.00857155100327314,-0.00471128558749101,-0.00117053470775831
-0.00858572766896632,-0.00471169326572729,-0.00117557085601996
-0.00859991996668037,-0.00471209653122969,-0.00118056248305449
-0.00861412731875441,-0.00471249539573446,-0.00118550939051934
-0.00862834915620823,-0.00471288989075878,-0.00119041142993796
-0.00864258491046451,-0.00471328002788898,-0.00119526854042901
-0.00865683401359861,-0.00471366577023541,-0.00120008064253279
-0.00867109590231183,-0.00471404709269834,-0.00120484766470302
-0.00868537003758264,-0.00471442398393896,-0.00120956950717968
-0.00869965591571166,-0.0047147964088349,-0.00121424606269104
-0.0087139530533884,-0.00471516435512709,-0.00121887747719552
-0.00872826097385425,-0.00471552777158171,-0.00122346419892816
-0.00874257917630567,-0.00471588664719009,-0.00122800663906201
-0.00875690715823548,-0.00471624109949298,-0.0012325049722125
-0.00877124444087238,-0.00471659121982401,-0.00123695928832916
-0.00878559067252012,-0.00471694493379606,-0.00124136979397272
-0.00879994671859295,-0.00471730774324299,-0.00124573828495458
-0.0088143151074948,-0.004717674958771,-0.00125006901121183
-0.00882869926635747,-0.00471804226153259,-0.00125436745597223
-0.00884310299656962,-0.00471840689764922,-0.0012586396129421
-0.00885753020650273,-0.00471876788052642,-0.00126289158391025
-0.00887198478681453,-0.00471912559773699,-0.00126712935212519
-0.00888647055664178,-0.00471948116553126,-0.00127135876948746
-0.00890099124095765,-0.00471983579240241,-0.00127558569052671
-0.00891555041179991,-0.00472019067607904,-0.00127981532885476
-0.00893015149206723,-0.00472054672783088,-0.00128405246824481
-0.00894479775468364,-0.00472090447841395,-0.00128830151325284
-0.00895949235678759,-0.00472126428777016,-0.00129256684108765
-0.00897423832973123,-0.00472162640173894,-0.00129685272028661
-0.00898903856940762,-0.0047219910183615,-0.00130116327469794
-0.00900389580933521,-0.00472235830245775,-0.00130550243019008
-0.00901881263858798,-0.00472272841185189,-0.00130987383602708
-0.00903379151432365,-0.0047231014939514,-0.00131428078838237
-0.00904883476858131,-0.00472347766401786,-0.00131872612833142
-0.00906394463121681,-0.00472385719847098,-0.00132321272546669
-0.00907912320681765,-0.00472424038334099,-0.00132774339291359
-0.00909437247058126,-0.00472462736599912,-0.00133232077508828
-0.0091096942881077,-0.00472501808089426,-0.00133694736497963
-0.00912509041535631,-0.00472541260025439,-0.00134162541600194
-0.00914056249719464,-0.00472581111603394,-0.00134635688334991
-0.00915611206593569,-0.00472621390127029,-0.00135114332956247
-0.00917174055696336,-0.00472662117356847,-0.00135598616046682
-0.00918744931640196,-0.00472703300928488,-0.00136088678441389
-0.00920323959540572,-0.00472744930822562,-0.00136584677755179
-0.00921911254414203,-0.00472786990481116,-0.0013708676990615
-0.00923506920421823,-0.00472829478245654,-0.00137595067159393
-0.00925111051387565,-0.00472872398807939,-0.00138109648305865
-0.00926723734990796,-0.00472915749443045,-0.00138630585985847
-0.00928345053556569,-0.00472959506313692,-0.00139157984705495
-0.00929975077112362,-0.00473003673632098,-0.00139691866334553
-0.00931613867012565,-0.00473048265116786,-0.00140232219762417
-0.00933261477117687,-0.00473093292354993,-0.00140779028286205
-0.00934917954838441,-0.00473138763686304,-0.00141332269431584
-0.00936583343266585,-0.00473184682697908,-0.00141891919328209
-0.00938257678292716,-0.00473231041348126,-0.00142457950786922
-0.00939940987668153,-0.00473277820431526,-0.00143030320585583
-0.00941633293182547,-0.00473325009180178,-0.00143608997304196
-0.00943334610574708,-0.00473372604841189,-0.00144193949583568
-0.00945044946347488,-0.00473420605658928,-0.00144785132773166
-0.00946764300914415,-0.00473469007929047,-0.00145382479464075
-0.00948492671466593,-0.00473517801863219,-0.00145985907692123
-0.00950230050561641,-0.00473566973811039,-0.00146595328030768
-0.00951976424547749,-0.00473616521179679,-0.0014721061772038
-0.00953731774979509,-0.00473666443860804,-0.00147831650078175
-0.00955496077620934,-0.00473716738430028,-0.00148458305943277
-0.00957269304832565,-0.00473767388854636,-0.00149090476684241
-0.0095905142478157,-0.00473818370513009,-0.00149728038267933
-0.00960842401548271,-0.00473869668220889,-0.00150370876657852
-0.00962642194088835,-0.00473921272726445,-0.00151018871982052
-0.00964450756440044,-0.00473973173777105,-0.00151671888923835
-0.00966268038985832,-0.00474025349828933,-0.001523297728268
-0.0096809398897609,-0.00474077787431586,-0.00152992343063881
-0.0096992855212642,-0.00474130476490421,-0.00153659422532063
-0.00971771670515012,-0.00474183409541392,-0.00154330852836336
-0.00973623281807802,-0.00474236586312926,-0.00155006498427719
-0.00975483319381017,-0.0047429000577741,-0.00155686216131276
-0.00977351714183638,-0.0047434366076712,-0.00156369841005546
-0.00979228395340124,-0.00474397531562513,-0.00157057184891959
-0.00981113290710698,-0.00474451591497652,-0.00157748075548162
-0.00983006325030836,-0.00474505830450331,-0.00158442344824475
-0.00984907419928792,-0.00474560244012407,-0.00159139819695331
-0.00986816494631862,-0.00474614826498317,-0.00159840325757083
-0.00988733466489494,-0.00474669562549559,-0.00160543698384594
-0.00990658251104178,-0.0047472443526077,-0.00161249761482994
-0.00992590762267318,-0.00474779432790064,-0.00161958319226465
-0.00994530912451736,-0.00474834546480641,-0.00162669169509459
-0.00996478611944099,-0.00474889771507288,-0.00163382104893688
-0.00998433769180137,-0.00474945101935787,-0.00164096921079717
-0.0100039629250155,-0.0047500052590581,-0.00164813426706239
-0.0100236609040612,-0.00475056019687258,-0.00165531459344693
-0.0100434306861073,-0.00475111565594672,-0.00166250843426694
-0.0100632713084855,-0.00475167150842014,-0.00166971393932216
-0.0100831817982175,-0.00475222764195274,-0.00167692924102753
-0.0101031611757099,-0.0047527839499113,-0.00168415247161839
-0.0101232084504214,-0.00475334039974362,-0.00169138159582127
-0.0101433226319826,-0.00475389695471782,-0.00169861460982507
-0.0101635027279282,-0.00475445352184506,-0.00170584957233084
-0.0101837477387564,-0.00475500992908789,-0.00171308452127038
-0.0102040566705615,-0.00475556608529903,-0.00172031777403904
-0.0102244285239413,-0.0047561219176511,-0.00172754777733115
-0.0102448622772368,-0.00475667730773767,-0.0017347729294154
-0.0102653569008125,-0.0047572320697569,-0.00174199145454645
-0.0102859113773158,-0.00475778610080935,-0.00174920173609239
-0.0103065246973935,-0.00475833932731694,-0.00175640221761726
-0.0103271958486642,-0.00475889166894269,-0.00176359135265386
-0.0103479238139491,-0.00475944299376966,-0.00177076759726088
-0.0103687075717932,-0.00475999303790758,-0.00177792936254901
-0.0103895460983688,-0.00476054164625812,-0.00178507495070475
-0.0104104383835913,-0.00476108880373162,-0.00179220289491911
-0.01043138342111,-0.00476163451288877,-0.00179931182998931
-0.0104523802026674,-0.00476217872595063,-0.00180640036061735
-0.0104734277162174,-0.00476272128797631,-0.00181346692711413
-0.0104945249581889,-0.00476326202742719,-0.00182051001280623
-0.0105156709367359,-0.00476380077893069,-0.00182752826817787
-0.0105368646695159,-0.00476433739731334,-0.0018345205720812
-0.0105581051657778,-0.00476487198876824,-0.00184148567400927
-0.0105793914373034,-0.00476540468767777,-0.00184842228829732
-0.01060072251732,-0.00476593551842353,-0.00185532923155445
-0.0106220974526923,-0.00476646432318498,-0.00186220562376575
-0.010643515291333,-0.00476699082484748,-0.00186905078308483
-0.0106649750717797,-0.00476751479400071,-0.00187586387990985
-0.0106864758284447,-0.00476803614890279,-0.00188264375757469
-0.0107080166117063,-0.00476855486630647,-0.00188938919407978
-0.0107295964900913,-0.00476907091851068,-0.00189609901618095
-0.0107512145439202,-0.00476958422879375,-0.00190277207556282
-0.0107728698681515,-0.00477009469708096,-0.00190940742216167
-0.0107945615712839,-0.00477060221210379,-0.00191600444771598
-0.0108162887543974,-0.0047711067473844,-0.00192256241741278
-0.0108380505225419,-0.00477160829441845,-0.00192908053689206
-0.0108598459865777,-0.00477210679299723,-0.00193555791655858
-0.0108816742649505,-0.00477260202403912,-0.00194199334925516
-0.0109035345089427,-0.00477309381267342,-0.00194838585555205
-0.0109254258990873,-0.00477358220105528,-0.00195473507979788
-0.010947347609343,-0.00477406727702444,-0.00196104081892678
-0.0109692988069482,-0.00477454909162447,-0.00196730279026807
-0.0109912786669918,-0.00477502764869097,-0.00197352060828273
-0.0110132863785234,-0.0047755029017636,-0.00197969383422688
-0.0110353211364572,-0.00477597477119092,-0.00198582201289193
-0.0110573821401701,-0.00477644316158885,-0.00199190466231001
-0.0110794686024965,-0.00477690796301393,-0.00199794124216164
-0.0111015797561461,-0.00477736902007739,-0.00200393113944488
-0.0111237148624598,-0.00477782631964338,-0.00200987388034474
-0.0111458731956779,-0.0047782798959543,-0.00201576909980658
-0.0111680540360991,-0.00477872976963183,-0.00202161649944296
-0.0111902566733573,-0.00477917593345633,-0.00202741585025561
-0.0112124803946261,-0.0047796183573588,-0.00203316697515061
-0.0112347244920704,-0.0047800570002617,-0.0020388697057675
-0.011256988273469,-0.00478049182244529,-0.0020445238790646
-0.011279271060453,-0.00478092278742052,-0.00205012934838187
-0.0113015721859549,-0.00478134985859366,-0.00205568598388353
-0.0113238909911122,-0.004781772991125,-0.00206119365458269
-0.0113462268353157,-0.00478219213864803,-0.00206665222940475
-0.0113685790933348,-0.00478260724444089,-0.00207206155716502
-0.0113909471506733,-0.00478301822423749,-0.00207742141690293
-0.0114133304072732,-0.00478342508528097,-0.00208273184094836
-0.0114357282658275,-0.00478382784585521,-0.00208799294288711
-0.0114581401378145,-0.00478422650366479,-0.0020932048153494
-0.011480565444786,-0.004784621044666,-0.00209836752518933
-0.0115030036178637,-0.00478501145626435,-0.00210348110805944
-0.0115254541121456,-0.00478539771542747,-0.00210854560532958
-0.0115479163971101,-0.00478577978039629,-0.00211356112346465
-0.0115703899427737,-0.00478615760356351,-0.00211852782722555
-0.0115928742212048,-0.00478653114604841,-0.00212344589810974
-0.0116153687109455,-0.00478690038975278,-0.00212831549426409
-0.0116378729108058,-0.00478726532956612,-0.0021331367511394
-0.0116603864451539,-0.00478763363514746,-0.00213790994869661
-0.0116829101238691,-0.0047880107060828,-0.00214263701887671
-0.0117054463639165,-0.00478839198467142,-0.00214732211382271
-0.011727998432426,-0.00478877323845075,-0.00215197052469573
-0.0117505699529384,-0.00478915179686644,-0.00215658798424422
-0.011773164670212,-0.00478952672165635,-0.00216118029475007
-0.0117957863277839,-0.00478989840032594,-0.00216575316954736
-0.0118184386016226,-0.00479026794894375,-0.00217031216436275
-0.0118411250619919,-0.00479063668041028,-0.00217486265811143
-0.0118638491393265,-0.00479100573974926,-0.00217940980844932
-0.0118866141277345,-0.00479137595392976,-0.00218395850866768
-0.01190942318599,-0.00479174783141895,-0.00218851337047431
-0.0119322793366382,-0.00479212162776482,-0.00219307868010388
-0.0119551854701484,-0.0047924975013611,-0.00219765852015382
-0.0119781443379604,-0.00479287560297086,-0.00220225681181224
-0.0120011585643468,-0.00479325613986906,-0.00220687735203583
-0.0120242306437982,-0.00479363935049841,-0.00221152370739056
-0.0120473629495802,-0.00479402547635039,-0.00221619919644628
-0.0120705577339612,-0.00479441475476426,-0.00222090693344662
-0.0120938171205726,-0.00479480739228787,-0.00222564986089573
-0.012117143110797,-0.00479520352599871,-0.00223043075837302
-0.01214053759237,-0.0047956032978833,-0.00223525207802105
-0.012164002350137,-0.0047960068477422,-0.00224011604316668
-0.0121875390667594,-0.00479641431617006,-0.00224502471668791
-0.0122111493200826,-0.00479682581500331,-0.00224998001924563
-0.0122348345836037,-0.00479724142280245,-0.00225498372884674
-0.0122585962295188,-0.00479766119743395,-0.00226003747320686
-0.0122824355331223,-0.00479808518549143,-0.00226514272327879
-0.012306353677011,-0.00479851342636063,-0.00227030079118688
-0.0123303517541513,-0.00479894593243578,-0.002275512832465
-0.0123544307696956,-0.00479938265685212,-0.00228077985073029
-0.0123785916421303,-0.00479982362616055,-0.00228610270273662
-0.012402835204678,-0.00480026888973107,-0.00229148210329171
-0.012427162207879,-0.00480071849368587,-0.00229691862112024
-0.0124515733290065,-0.00480117245364868,-0.0023024126939432
-0.0124760691695748,-0.0048016307525983,-0.00230796464679871
-0.0125006502564075,-0.00480209335377656,-0.00231357468925196
-0.0125253170446485,-0.00480256021103437,-0.00231924291184653
-0.0125500699204499,-0.00480303127417646,-0.00232496928704505
-0.0125749092012024,-0.0048035064763899,-0.00233075362560311
-0.0125998351346151,-0.00480398571116765,-0.00233659548457851
-0.012624847913519,-0.00480446892325936,-0.00234249450128456
-0.0126499476831117,-0.00480495616936453,-0.00234845054133483
-0.0126751345241463,-0.00480544748602927,-0.00235446337391727
-0.0127004084530283,-0.0048059428116816,-0.00236053256011067
-0.0127257694246732,-0.00480644197336842,-0.00236665724304588
-0.0127512173322994,-0.00480694482938872,-0.00237283625411324
-0.0127767520257312,-0.00480745133194797,-0.00237906820472915
-0.0128023733253299,-0.00480796144440312,-0.00238535177980535
