-56.7546383334,1.73149154502368,-0.0464
-56.7379722988296,1.73149154502474,-0.0464007465757646
-56.7213092656247,1.73149154503155,-0.0464016293582172
-56.7046508180466,1.73149154504677,-0.0464015903364955
-56.6879977031107,1.73149154506707,-0.0464006441029694
-56.6713502399394,1.73149154508827,-0.0463994250282654
-56.654708542957,1.73149154510753,-0.0463987281453137
-56.6380726366581,1.73149154512354,-0.0463992021826674
-56.6214425100866,1.73149154513603,-0.0464012314104389
-56.6048181410633,1.73149154514537,-0.0464049591033265
-56.5881995065913,1.73149154515294,-0.046410376852657
-56.5715865877647,1.73149154516084,-0.0464174173006331
-56.5549793722345,1.73149154516953,-0.0464260176309398
-56.5383778548631,1.73149154517853,-0.0464361485512978
-56.5217820373934,1.73149154518721,-0.0464478174145168
-56.5051919274178,1.7314915451953,-0.0464610580411179
-56.4886075371512,1.73149154520259,-0.0464759171966687
-56.4720288816621,1.73149154520855,-0.0464924433491792
-56.4554559772378,1.7314915452127,-0.0465106797157723
-56.4388888399796,1.73149154521509,-0.0465306613650548
-56.4223274849943,1.73149154521621,-0.0465524151730215
-56.4057719257139,1.73149154521595,-0.0465759613845503
-56.3892221737976,1.73149154521267,-0.0466013157006197
-56.3726782397454,1.73149154520693,-0.0466284906607295
-56.356140133676,1.73149154520035,-0.0466574969313544
-56.3396078662773,1.73149154519482,-0.0466883438776969
-56.3230814497278,1.73149154519161,-0.0467210395816331
-56.3065608984113,1.73149154519084,-0.0467555906185746
-56.2900462294953,1.73149154519175,-0.0467920017773971
-56.2735374630093,1.73149154519288,-0.0468302758430006
-56.257034621718,1.73149154519122,-0.0468704134989355
-56.2405377307578,1.7314915451846,-0.0469124134696659
-56.2240468172705,1.73149154517331,-0.0469562727313086
-56.2075619098721,1.73149154516279,-0.0470019868050058
-56.1910830386365,1.73149154515935,-0.0470495495149853
-56.1746102351159,1.73149154516478,-0.0470989530454259
-56.1581435327536,1.73149154517788,-0.0471501881924495
-56.1416829677127,1.73149154519483,-0.0472032445374155
-56.1252285800811,1.73149154521199,-0.0472581104323613
-56.1087804152582,1.73149154522661,-0.0473147730354637
-56.0923385256066,1.73149154523684,-0.0473732183631905
-56.0759029721371,1.73149154524419,-0.0474334312528129
-56.0594738262305,1.73149154525177,-0.0474953954773653
-56.0430511713766,1.73149154526213,-0.0475590938863496
-56.0266351050235,1.73149154527565,-0.047624508496073
-56.0102257400907,1.73149154528862,-0.0476916205748265
-55.9938232061913,1.73149154529878,-0.0477604104532727
-55.9774276490678,1.73149154530493,-0.0478308575931293
-55.9610392258615,1.73149154530652,-0.0479029406614645
-55.944658086969,1.73149154530387,-0.0479766375317371
-55.9282843113111,1.73149154529788,-0.0480519255258859
-55.9119176840305,1.73149154529026,-0.0481287816198138
-55.8955572003434,1.73149154528382,-0.0482071826333022
-55.8792009846236,1.73149154527833,-0.0482871046532566
-55.8628472386844,1.73149154527228,-0.0483685222518027
-55.846494986613,1.7314915452644,-0.0484514071899731
-55.8301441345475,1.73149154525395,-0.0485357275040303
-55.8137951536477,1.73149154524075,-0.0486214477484381
-55.7974486525796,1.73149154522499,-0.0487085304098606
-55.7811050800636,1.73149154520673,-0.0487969379056341
-55.7647646366863,1.73149154518582,-0.0488866343455904
-55.7484273366466,1.73149154516364,-0.0489775862455271
-55.7320931256743,1.73149154514167,-0.049069762605169
-55.7157619795956,1.73149154512076,-0.0491631344150343
-55.6994339492233,1.73149154510094,-0.0492576739793644
-55.6831091569745,1.73149154508177,-0.0493533539152235
-55.6667877698176,1.73149154506237,-0.0494501469606541
-55.6504699729826,1.73149154504188,-0.049548026088268
-55.634155956731,1.73149154501982,-0.0496469647616397
-55.6178459156177,1.73149154499806,-0.0497469369844994
-55.6015400501247,1.73149154497834,-0.04984791745967
-55.5852385480693,1.7314915449608,-0.0499498816874288
-55.5689414810811,1.73149154494316,-0.0500528060578165
-55.5526484066709,1.73149154492397,-0.0501566678493963
-55.5363577691691,1.73149154490183,-0.0502614452930301
-55.5200674613587,1.73149154487488,-0.0503671163378322
-55.5037760308847,1.73149154484245,-0.0504736564511507
-55.4874830710504,1.73149154480458,-0.0505810370499013
-55.4711890117446,1.73149154476053,-0.0506892255317755
-55.454894623934,1.73149154470984,-0.0507981870519414
-55.4386005687773,1.73149154465312,-0.050907887167235
-55.422307203722,1.73149154459291,-0.0510182942181919
-55.4060146061765,1.73149154453299,-0.0511293802972576
-55.3897227066192,1.73149154447539,-0.0512411212439305
-55.3734314366736,1.73149154442005,-0.0513534958068696
-55.3571408266698,1.73149154436483,-0.0514664845317647
-55.3408510309826,1.73149154430952,-0.0515800687267591
-55.3245622975683,1.73149154425456,-0.0516942300750697
-55.3082749143473,1.73149154420081,-0.0518089507143426
-55.2919891589265,1.73149154414994,-0.0519242135459933
-55.2757052631199,1.73149154410226,-0.0520400020002686
-55.2594233905703,1.731491544057,-0.052156300582013
-55.2431436221404,1.73149154401341,-0.0522730950885128
-55.2268659442178,1.73149154397186,-0.0523903725015805
-55.2105902390605,1.73149154392927,-0.0525081202804247
-55.1943162800199,1.73149154388312,-0.0526263260128282
-55.1780437376643,1.7314915438328,-0.0527449770746259
-55.1617722019001,1.73149154377982,-0.0528640603165273
-55.1455012188626,1.73149154372848,-0.0529835618187163
-55.1292303334842,1.73149154367934,-0.0531034664702552
-55.1129591257766,1.7314915436318,-0.0532237579781845
-55.0966872336215,1.73149154358551,-0.0533444189728599
-55.08041436157,1.73149154354028,-0.0534654311919914
-55.0641402791218,1.73149154349619,-0.0535867757600488
-55.0478648121696,1.7314915434536,-0.0537084335090349
-55.031587829791,1.73149154341302,-0.0538303852923126
-55.0153092273407,1.731491543375,-0.0539526122545569
-54.9990289067088,1.73149154333998,-0.0540750960341841
-54.9827467554667,1.7314915433083,-0.0541978188862569
-54.9664626277007,1.7314915432802,-0.054320763722896
-54.9501763298688,1.73149154325581,-0.0544439140757074
-54.9338876145402,1.73149154323523,-0.0545672539920714
-54.9175961833744,1.73149154321855,-0.0546907678847114
-54.901301698651,1.73149154320582,-0.054814440360664
-54.8850038008078,1.73149154319711,-0.0549382560595218
-54.8687021284432,1.73149154319246,-0.0550621995296872
-54.852396337277,1.73149154319191,-0.0551862551647717
-54.8360861153886,1.73149154319546,-0.0553104072113827
-54.8197711934432,1.73149154320312,-0.0554346398469425
-54.803451350932,1.73149154321487,-0.055558937315232
-54.7871264205759,1.73149154323069,-0.0556832841006383
-54.7707962909265,1.73149154325052,-0.0558076651199466
-54.754460906633,1.73149154327432,-0.0559320659127649
-54.7381202664245,1.73149154330202,-0.0560564728163722
-54.721774419666,1.73149154333356,-0.0561808731157107
-54.705423462734,1.73149154336888,-0.0563052551634519
-54.6890675362963,1.73149154340788,-0.0564296084685606
-54.6727068240425,1.7314915434505,-0.0565539237548307
-54.6563415527519,1.73149154349665,-0.0566781929934373
-54.6399719930218,1.73149154354625,-0.0568024094152935
-54.6235984596398,1.73149154359921,-0.056926567509433
-54.6072213106287,1.73149154365545,-0.0570506630125586
-54.5908409441277,1.73149154371486,-0.0571746928922259
-54.5744577882289,1.73149154377736,-0.0572986553189044
-54.5580722787566,1.73149154384286,-0.0574225496140551
-54.5416848367797,1.73149154391127,-0.0575463761672794
-54.5252958590598,1.7314915439825,-0.0576701363196884
-54.5089057240303,1.73149154405645,-0.0577938322135859
-54.492514809079,1.73149154413306,-0.0579174666197444
-54.4761235114144,1.73149154421222,-0.0580410427658206
-54.4597322632838,1.73149154429387,-0.0581645641934385
-54.4433415329166,1.73149154437792,-0.0582880346628151
-54.4269518071252,1.7314915444643,-0.0584114581049921
-54.4105635601021,1.73149154455294,-0.0585348386004198
-54.3941772204627,1.73149154464375,-0.0586581803479871
-54.3777931476799,1.73149154473668,-0.0587814875865458
-54.3614116210174,1.73149154483166,-0.0589047644434766
-54.345032841153,1.73149154492863,-0.0590280147132913
-54.3286569415268,1.73149154502753,-0.0591512415942961
-54.3122840046346,1.7314915451283,-0.0592744474239547
-54.2959140797669,1.7314915452309,-0.0593976334538146
-54.2795472005408,1.73149154533528,-0.0595207996943949
-54.26318340151,1.73149154544138,-0.0596439448445227
-54.2468227330058,1.73149154554916,-0.0597670663041692
-54.2304652727909,1.73149154565859,-0.0598901602583087
-54.214111132799,1.73149154576961,-0.0600132218128532
-54.1977604595816,1.73149154588217,-0.0601362451612219
-54.1814134281027,1.73149154599624,-0.0602592237598038
-54.1650702298428,1.73149154611176,-0.0603821504917835
-54.1487310572669,1.7314915462287,-0.0605050178012588
-54.1323960871519,1.73149154634701,-0.0606278177835796
-54.1160654650226,1.73149154646665,-0.0607505422235336
-54.0997392923352,1.7314915465876,-0.0608731825799951
-54.0834176174556,1.73149154670981,-0.0609957299228911
-54.067100431102,1.73149154683325,-0.0611181748345531
-54.0507876667123,1.7314915469579,-0.0612405072917112
-54.0344792059287,1.73149154708372,-0.0613627165461482
-54.0181748888951,1.7314915472107,-0.0614847910215093
-54.0018745283041,1.7314915473388,-0.0616067182414111
-53.9855779253379,1.731491547468,-0.0617284848002399
-53.9692848851614,1.73149154759829,-0.0618500763832311
-53.9529952296966,1.73149154772964,-0.0619714778368209
-53.9367088059802,1.73149154786202,-0.0620926732842387
-53.9204254892403,1.73149154799543,-0.0622136462755505
-53.9041451806376,1.73149154812984,-0.0623343799567977
-53.8878678002612,1.73149154826523,-0.0624548572404199
-53.8715932764417,1.73149154840159,-0.0625750609592915
-53.8553215327633,1.7314915485389,-0.0626949739893659
-53.8390524743591,1.73149154867714,-0.0628145793305323
-53.8227859751467,1.73149154881629,-0.0629338601410063
-53.8065218676029,1.73149154895635,-0.0630527997265746
-53.7902599364696,1.73149154909729,-0.0631713814915583
-53.7739999173848,1.73149154923912,-0.0632895888628894
-53.7577415008003,1.7314915493818,-0.0634074052017782
-53.7414843407309,1.73149154952534,-0.0635248137188046
-53.7252280670712,1.73149154966972,-0.0636417974077498
-53.7089722996708,1.73149154981493,-0.0637583390110855
-53.6927166622593,1.73149154996096,-0.0638744210259328
-53.6764607946025,1.7314915501078,-0.0639900257539177
-53.6602043617457,1.73149155025544,-0.0641051353924517
-53.6439470596666,1.73149155040387,-0.0642197321595201
-53.6276886170251,1.73149155055308,-0.0643337984399684
-53.6114287930123,1.73149155070305,-0.0644473169390838
-53.5951673716161,1.73149155085379,-0.0645602708290509
-53.5789041532043,1.73149155100527,-0.0646726438755886
-53.5626389466256,1.73149155115748,-0.0647844205372325
-53.54637156504,1.73149155131042,-0.0648955860340472
-53.5301018226864,1.73149155146407,-0.0650061263815848
-53.5138295300239,1.73149155161842,-0.0651160283917276
-53.497554488188,1.73149155177346,-0.0652252796484994
-53.4812764853634,1.73149155192919,-0.0653338684681373
-53.464995297113,1.73149155208558,-0.0654417838510402
-53.4487106910744,1.73149155224264,-0.065549015431937
-53.4324224349428,1.73149155240034,-0.0656555534348906
-53.4161303059599,1.73149155255869,-0.0657613886405543
-53.3998341002141,1.73149155271766,-0.0658665123727712
-53.3835336405827,1.73149155287725,-0.0659709165093126
-53.3672287830872,1.73149155303744,-0.0660745935180726
-53.350919423463,1.73149155319823,-0.0661775365179638
-53.334605505503,1.73149155335961,-0.0662797393608036
-53.3182870292127,1.73149155352155,-0.0663811967259869
-53.3019640561537,1.73149155368405,-0.0664819042202992
-53.2856367101332,1.7314915538471,-0.0665818584767865
-53.2693051725381,1.73149155401068,-0.0666810572465126
-53.2529696727717,1.73149155417477,-0.0667794994754035
-53.2366304754152,1.73149155433937,-0.066877185356852
-53.2202878667238,1.73149155450446,-0.0669741163509967
-53.203942143388,1.73149155467003,-0.0670702951644044
-53.1875936058028,1.73149155483606,-0.0671657256890426
-53.1712425566256,1.73149155500254,-0.0672604129058873
-53.1548893038798,1.73149155516945,-0.0673543627646027
-53.1385341669024,1.73149155533679,-0.0674475820546018
-53.1221774831805,1.73149155550453,-0.0675400782831024
-53.1058196143336,1.73149155567267,-0.0676318595723282
-53.0894609498323,1.73149155584119,-0.0677229345818421
-53.0731019073555,1.73149155601008,-0.0678133124549132
-53.0567429281278,1.73149155617932,-0.0679030027801495
-53.0403844648779,1.73149155634891,-0.0679920155528774
-53.0240269641094,1.73149155651881,-0.0680803611225962
-53.0076708492411,1.73149155668903,-0.0681680501190033
-52.9913165083448,1.73149155685955,-0.0682550933487011
-52.9749642831313,1.73149155703035,-0.0683415016519863
-52.9586144620722,1.73149155720143,-0.068427285728706
-52.9422672785745,1.73149155737277,-0.0685124559465112
-52.925922912683,1.73149155754435,-0.0685970221450456
-52.9095814949214,1.73149155771618,-0.0686809934505417
-52.8932431117517,1.73149155788823,-0.0687643781142396
-52.8769078126601,1.7314915580605,-0.0688471833846039
-52.860575618793,1.73149155823298,-0.0689294154188081
-52.8442465326006,1.73149155840565,-0.0690110792348856
-52.8279205475067,1.73149155857851,-0.0690921787030195
-52.8115976564575,1.73149155875155,-0.0691727165724815
-52.7952778583423,1.73149155892476,-0.0692526945291562
-52.7789611616184,1.73149155909812,-0.0693321132770138
-52.7626475848778,1.73149155927164,-0.0694109726353611
-52.7463371544806,1.73149155944528,-0.0694892716425901
-52.7300298997224,1.73149155961906,-0.0695670086568784
-52.7137258462663,1.73149155979295,-0.0696441814451287
-52.6974250087488,1.73149155996695,-0.0697207872533417
-52.6811273835319,1.73149156014104,-0.0697968228543493
-52.6648329425246,1.73149156031522,-0.0698722845719948
-52.6485416288436,1.73149156048947,-0.0699471682840151
-52.6322533548598,1.7314915606638,-0.0700214694086294
-52.6159680028873,1.73149156083818,-0.0700951828818532
-52.5996854284542,1.73149156101261,-0.0701683031335944
-52.5834054657607,1.73149156118708,-0.07024082407058
-52.5671279346469,1.73149156136158,-0.0703127390731507
-52.5508526481874,1.73149156153611,-0.0703840410110952
-52.5345794199719,1.73149156171065,-0.0704547222812303
-52.5183080701934,1.7314915618852,-0.0705247748666476
-52.5020384298542,1.73149156205975,-0.0705941904147816
-52.4857703426501,1.73149156223429,-0.0706629603290602
-52.4695036643851,1.73149156240881,-0.0707310758671795
-52.4532382600674,1.7314915625833,-0.0707985282382347
-52.4369739991144,1.73149156275776,-0.0708653086911123
-52.4207107493306,1.73149156293217,-0.0709314085876677
-52.4044483704768,1.73149156310654,-0.070996819456098
-52.3881867082999,1.73149156328084,-0.0710615330223251
-52.371925589828,1.73149156345508,-0.0711255412198308
-52.3556648205602,1.73149156362923,-0.0711888361809197
-52.3394041839244,1.73149156380331,-0.0712514102145177
-52.3231434430673,1.73149156397729,-0.0713132557770818
-52.3068823447402,1.73149156415118,-0.071374365443826
-52.2906206247766,1.73149156432496,-0.0714347318871685
-52.2743580144905,1.73149156449863,-0.071494347868146
-52.2580942472426,1.73149156467219,-0.0715532062446729
-52.2418290644553,1.73149156484562,-0.0716112999982068
-52.2255622204581,1.73149156501892,-0.0716686222779427
-52.2092934857198,1.73149156519208,-0.0717251664594271
-52.1930226489271,1.73149156536509,-0.0717809262137787
-52.1767495208243,1.73149156553796,-0.0718358955862129
-52.1604739389932,1.73149156571066,-0.0718900690777575
-52.144195768669,1.7314915658832,-0.0719434417203008
-52.1279148979612,1.73149156605557,-0.0719960091409449
-52.1116312293408,1.73149156622776,-0.0720477676144162
-52.0953446705255,1.73149156639976,-0.0720987141008027
-52.0790551273109,1.73149156657157,-0.0721488462640934
-52.0627624995359,1.73149156674318,-0.0721981624679292
-52.0464666801545,1.73149156691458,-0.0722466617488116
-52.0301675567394,1.73149156708577,-0.0722943437718594
-52.0138650146101,1.73149156725675,-0.0723412087778071
-51.9975589411106,1.73149156742749,-0.0723872575312952
-51.9812492317777,1.731491567598,-0.0724324912807168
-51.9649357992928,1.73149156776828,-0.0724769117375346
-51.9486185835926,1.73149156793832,-0.0725205210771442
-51.9322975609976,1.7314915681081,-0.072563321961017
-51.9159727508784,1.73149156827763,-0.0726053175786989
-51.89964421927,1.73149156844689,-0.0726465117064013
-51.8833120794343,1.73149156861589,-0.0726869087762948
-51.8669764896214,1.73149156878461,-0.0727265139482157
-51.8506376483784,1.73149156895304,-0.0727653331743271
-51.8342957878885,1.73149156912118,-0.0728033732477529
-51.8179511660575,1.73149156928902,-0.0728406418280948
-51.8016040582849,1.73149156945655,-0.0728771474395083
-51.7852547499139,1.73149156962377,-0.0729128994400836
-51.7689035301585,1.73149156979066,-0.072947907964246
-51.7525506879157,1.73149156995723,-0.0729821838424682
-51.7361965094431,1.73149157012345,-0.0730157385045102
-51.7198412775486,1.73149157028934,-0.0730485838734176
-51.7034852717594,1.73149157045487,-0.0730807322574361
-51.6871287688877,1.73149157062004,-0.073112196245856
-51.6707720434299,1.73149157078485,-0.0731429886128579
-51.6544153672918,1.73149157094928,-0.0731731222311003
-51.6380590082855,1.73149157111334,-0.0732026099943233
-51.6217032253536,1.73149157127702,-0.0732314647435408
-51.6053482591544,1.7314915714403,-0.0732596991901495
-51.5889943233654,1.73149157160319,-0.0732873258383531
-51.572641600557,1.73149157176568,-0.073314356906744
-51.5562902420621,1.73149157192776,-0.0733408042453808
-51.5399403694077,1.73149157208943,-0.0733666792476074
-51.5235920754168,1.73149157225069,-0.0733919927609604
-51.5072454245367,1.73149157241152,-0.0734167550042406
-51.4909004530484,1.73149157257193,-0.0734409754969435
-51.4745571700792,1.73149157273191,-0.0734646630042845
-51.4582155599706,1.73149157289145,-0.0734878254982954
-51.4418755859962,1.73149157305056,-0.073510470134199
-51.4255371950272,1.73149157320923,-0.0735326032414528
-51.4092003225979,1.73149157336746,-0.0735542303295555
-51.3928648978446,1.73149157352524,-0.0735753561090513
-51.376530847876,1.73149157368257,-0.0735959845277033
-51.3601981012042,1.73149157383944,-0.0736161188206822
-51.3438665899456,1.73149157399586,-0.0736357615722327
-51.3275362505998,1.73149157415182,-0.0736549147850689
-51.3112070233673,1.73149157430732,-0.0736735799529826
-51.2948788501459,1.73149157446235,-0.0736917581319471
-51.2785516715195,1.73149157461692,-0.0737094500053437
-51.2622254231902,1.73149157477101,-0.0737266559397783
-51.2459000323665,1.73149157492463,-0.073743376029179
-51.2295754146085,1.73149157507776,-0.0737596101263292
-51.2132514715498,1.73149157523042,-0.0737753578625325
-51.1969280897846,1.7314915753826,-0.0737906186575219
-51.1806051410506,1.73149157553429,-0.0738053917228328
-51.1642824836724,1.7314915756855,-0.073819676062513
-51.1479599650746,1.73149157583622,-0.0738334704751709
-51.1316374250509,1.73149157598644,-0.0738467735609573
-51.1153146993911,1.73149157613618,-0.0738595837362273
-51.0989916234367,1.73149157628542,-0.0738718992574501
-51.082668035156,1.73149157643416,-0.0738837182546008
-51.0663437773943,1.73149157658241,-0.0738950387729396
-51.0500186990633,1.73149157673017,-0.0739058588209335
-51.03369265516,1.73149157687742,-0.0739161764212249
-51.0173655056479,1.73149157702417,-0.0739259896611054
-51.0010371133775,1.73149157717042,-0.0739352967389429
-50.9847073413432,1.73149157731617,-0.073944096003445
-50.9683760505014,1.73149157746141,-0.07395238598481
-50.9520431005873,1.73149157760615,-0.073960165420066
-50.9357083545113,1.73149157775038,-0.0739674332742593
-50.9193716823641,1.7314915778941,-0.0739741887551198
-50.9030329617856,1.73149157803732,-0.0739804313220377
-50.886692075731,1.73149157818003,-0.07398616069515
-50.870348909944,1.73149157832223,-0.0739913768678184
-50.8540033519197,1.73149157846392,-0.0739960801215606
-50.837655291869,1.7314915786051,-0.0740002710402657
-50.8213046251322,1.73149157874577,-0.0740039505212924
-50.8049512550553,1.73149157888593,-0.0740071197834475
-50.7885950954477,1.73149157902558,-0.0740097803738961
-50.7722360721071,1.73149157916471,-0.0740119341765694
-50.7558741237206,1.73149157930334,-0.0740135834243391
-50.7395092037592,1.73149157944146,-0.0740147307172485
-50.7231412834463,1.73149157957906,-0.0740153790454617
-50.7067703542975,1.73149157971615,-0.0740155318134099
-50.6903964291458,1.73149157985274,-0.0740151928629826
-50.6740195414597,1.7314915799888,-0.0740143664947923
-50.6576397434796,1.73149158012436,-0.0740130574865292
-50.6412571039813,1.7314915802594,-0.074011271106746
-50.624871706376,1.73149158039392,-0.0740090131220436
-50.6084836475536,1.73149158052794,-0.0740062897961187
-50.5920930375578,1.73149158066143,-0.0740031078804096
-50.5756999999564,1.73149158079442,-0.073999474597575
-50.5593046726466,1.73149158092688,-0.0739953976201615
-50.5429072087989,1.73149158105883,-0.0739908850471881
-50.5265077776357,1.73149158119026,-0.0739859453809437
-50.5101065647549,1.73149158132118,-0.0739805875053025
-50.4937037717264,1.73149158145158,-0.0739748206656214
-50.4772996147362,1.73149158158146,-0.0739686544491122
-50.4608943221363,1.73149158171082,-0.0739620987636844
-50.4444881308703,1.73149158183966,-0.073955163812734
-50.4280812818969,1.73149158196798,-0.0739478600632495
-50.4116740148678,1.73149158209578,-0.0739401982048867
-50.395266562429,1.73149158222306,-0.0739321890982999
-50.3788591445623,1.73149158234982,-0.0739238437119308
-50.3624519626855,1.73149158247605,-0.0739151730463458
-50.3460451914405,1.73149158260177,-0.0739061880430313
-50.3296389698772,1.73149158272697,-0.0738968994811691
-50.313233397148,1.73149158285164,-0.0738873178715605
-50.2968285346685,1.7314915829758,-0.0738774533529857
-50.2804244124972,1.73149158309943,-0.0738673155933919
-50.2640210369923,1.73149158322255,-0.0738569137014282
-50.2476183977006,1.73149158334516,-0.0738462561562546
-50.231216472713,1.73149158346724,-0.0738353507625032
-50.2148152325731,1.73149158358882,-0.0738242046331541
-50.1984146430699,1.73149158370988,-0.073812824198147
-50.1820146671309,1.73149158383043,-0.0738012152329068
-50.1656152658565,1.73149158395047,-0.0737893828995303
-50.1492163986847,1.73149158407,-0.0737773317938684
-50.1328180227495,1.73149158418902,-0.0737650659932564
-50.1164200916317,1.73149158430753,-0.0737525891013701
-50.1000225538012,1.73149158442554,-0.0737399042881502
-50.0836253510818,1.73149158454305,-0.0737270143238546
-50.0672284174271,1.73149158466005,-0.0737139216071662
-50.0508316782161,1.73149158477654,-0.0737006281880038
-50.034435050182,1.73149158489254,-0.073687135786293
-50.0180384419953,1.73149158500804,-0.0736734458083991
-50.0016417554459,1.73149158512304,-0.0736595593631439
-49.9852448870947,1.73149158523754,-0.0736454772792802
-49.9688477302141,1.73149158535154,-0.0736312001259859
-49.9524501767955,1.73149158546506,-0.073616728237424
-49.9360521193933,1.73149158557808,-0.0736020617417639
-49.9196534525879,1.7314915856906,-0.0735872005943646
-49.9032540738954,1.73149158580264,-0.0735721446141685
-49.8868538840186,1.73149158591419,-0.0735568935218105
-49.8704527864134,1.73149158602526,-0.073541446977591
-49.8540506862303,1.73149158613583,-0.0735258046173206
-49.8376474887695,1.73149158624593,-0.0735099660841487
-49.8212430976474,1.73149158635554,-0.0734939310548227
-49.804837412909,1.73149158646467,-0.0734776992593552
-49.7884303293222,1.73149158657332,-0.073461270493735
-49.7720217352785,1.73149158668149,-0.0734446446263816
-49.7556115145802,1.73149158678919,-0.0734278216029455
-49.7391995528048,1.73149158689641,-0.073410801454427
-49.722785744045,1.73149158700316,-0.073393584306414
-49.7063699942712,1.73149158710944,-0.0733761703899253
-49.6899522210776,1.73149158721525,-0.0733585600581624
-49.6735323515836,1.73149158732059,-0.0733407538115863
-49.6571103203869,1.73149158742547,-0.0733227523291281
-49.640686068538,1.73149158752988,-0.0733045565000945
-49.6242595436489,1.73149158763383,-0.073286167451521
-49.607830701493,1.73149158773731,-0.0732675865694436
-49.5913995092826,1.73149158784034,-0.0732488155156247
-49.5749659490384,1.73149158794291,-0.073229856240828
-49.5585300196635,1.73149158804502,-0.0732107109969207
-49.5420917372642,1.73149158814668,-0.0731913823502303
-49.5256511340646,1.73149158824789,-0.0731718731970353
-49.5092082566071,1.73149158834864,-0.073152186779807
-49.4927631638786,1.73149158844895,-0.0731323267011995
-49.4763159257543,1.7314915885488,-0.0731122969325655
-49.4598666218949,1.73149158864821,-0.0730921018148329
-49.4434153410709,1.73149158874717,-0.0730717460512584
-49.4269621808138,1.73149158884568,-0.0730512346931287
-49.4105072472848,1.73149158894375,-0.0730305731204166
-49.3940506552481,1.73149158904138,-0.0730097670195983
-49.3775925280267,1.73149158913857,-0.0729888223604515
-49.3611329973055,1.73149158923532,-0.0729677453729471
-49.3446722026352,1.73149158933163,-0.0729465425245789
-49.3282102905042,1.73149158942751,-0.0729252204978136
-49.3117474128824,1.73149158952295,-0.0729037861668516
-49.2952837251983,1.73149158961795,-0.0728822465725874
-49.2788193837837,1.73149158971253,-0.07286060889456
-49.2623545428912,1.73149158980668,-0.0728388804187576
-49.2458893514476,1.7314915899004,-0.0728170685003885
-49.2294239497467,1.7314915899937,-0.0727951805211307
-49.2129584661621,1.73149159008657,-0.0727732238406637
-49.1964930121901,1.73149159017902,-0.0727512057398005
-49.1800276741522,1.73149159027105,-0.0727291333524673
-49.1635625063938,1.73149159036267,-0.0727070135935215
-49.1470975298477,1.73149159045387,-0.0726848530871359
-49.1306327356449,1.73149159054467,-0.0726626580962392
-49.11416809134,1.73149159063505,-0.0726404344550197
-49.0977035473502,1.73149159072502,-0.072618187510161
-49.0812390422556,1.73149159081459,-0.0725959220779993
-49.0647745066468,1.73149159090376,-0.072573642422846
-49.0483098657832,1.73149159099252,-0.0725513522576033
-49.0318450414314,1.73149159108089,-0.0725290547637094
-49.0153799531271,1.73149159116886,-0.0725067526249386
-48.9989145189496,1.73149159125644,-0.0724844480690393
-48.9824486558351,1.73149159134363,-0.0724621429121179
-48.9659822794767,1.73149159143043,-0.0724398386022244
-48.9495153039156,1.73149159151684,-0.0724175362600968
-48.9330476409772,1.73149159160286,-0.0723952367161431
-48.9165791997194,1.7314915916885,-0.0723729405434574
-48.9001098860392,1.73149159177376,-0.0723506480870968
-48.8836396025433,1.73149159185864,-0.0723283594901262
-48.8671682487391,1.73149159194314,-0.0723060747171399
-48.8506957215503,1.73149159202726,-0.0722837935761143
-48.8342219161186,1.73149159211101,-0.0722615157395
-48.8177467268104,1.73149159219439,-0.0722392407654154
-48.8012700483216,1.73149159227739,-0.0722169681196377
-48.7847917767527,1.73149159236003,-0.0721946971988173
-48.7683118105298,1.7314915924423,-0.0721724273550117
-48.7518300510571,1.7314915925242,-0.0721501579212709
-48.7353464031627,1.73149159260574,-0.072127888237902
-48.7188607775311,1.73149159268691,-0.0721056176822311
-48.7023730982357,1.73149159276773,-0.0720833457066107
-48.6858833115758,1.73149159284818,-0.0720610718805445
-48.6693913914908,1.73149159292828,-0.0720387959342593
-48.6528973402642,1.73149159300801,-0.0720165178059875
-48.6364011858538,1.7314915930874,-0.0719942376946469
-48.6199029780342,1.73149159316642,-0.07197195611532
-48.6034027850418,1.73149159324509,-0.0719496739511667
-48.5869006914141,1.73149159332341,-0.071927392495041
-48.5703967968674,1.73149159340138,-0.0719051134759175
-48.5538912156928,1.73149159347899,-0.0718828390679375
-48.5373840761552,1.73149159355625,-0.0718605718871866
-48.5208755195974,1.73149159363317,-0.0718383149792519
-48.5043656991674,1.73149159370973,-0.0718160718007495
-48.487854778196,1.73149159378595,-0.0717938461971088
-48.4713429282637,1.73149159386181,-0.0717716423775058
-48.4548303269592,1.73149159393734,-0.0717494648866806
-48.4383171553085,1.73149159401251,-0.0717273185727521
-48.4218035948619,1.73149159408734,-0.0717052085500469
-48.4052898244703,1.73149159416182,-0.0716831401562084
-48.388776016836,1.73149159423596,-0.0716611189032427
-48.3722623349703,1.73149159430976,-0.0716391504225704
-48.355748928581,1.73149159438321,-0.0716172404043146
-48.3392359286458,1.73149159445632,-0.0715953945284439
-48.3227234385399,1.73149159452909,-0.0715736183852402
-48.3062115267555,1.73149159460152,-0.0715519173919159
-48.2897002251671,1.73149159467361,-0.0715302967096672
-48.2731895324369,1.73149159474536,-0.0715087611613194
-48.2566794199889,1.73149159481678,-0.071487315151573
-48.2401698380844,1.73149159488786,-0.0714659625958261
-48.2236607206893,1.73149159495861,-0.0714447068651615
-48.2071519889381,1.73149159502902,-0.0714235507530542
-48.1906435535718,1.7314915950991,-0.0714024964651096
-48.1741353167923,1.73149159516885,-0.0713815456289999
-48.1576271737782,1.73149159523827,-0.0713606993193253
-48.1411190139188,1.73149159530737,-0.0713399580917166
-48.1246107217327,1.73149159537613,-0.0713193220215156
-48.1081021774565,1.73149159544457,-0.071298790743906
-48.0915932573449,1.73149159551269,-0.0712783634937478
-48.0750838337701,1.73149159558048,-0.0712580391442862
-48.0585737752308,1.73149159564794,-0.071237816244394
-48.0420629463722,1.73149159571509,-0.0712176930542282
-48.0255512080982,1.73149159578192,-0.0711976675792995
-48.0090384178364,1.73149159584842,-0.0711777376030559
-47.9925244299866,1.73149159591461,-0.0711579007181999
-47.9760090965583,1.73149159598049,-0.0711381543570619
-47.9594922679721,1.73149159604604,-0.0711184958214186
-47.9429737939742,1.73149159611128,-0.0710989223121448
-47.926453524593,1.73149159617621,-0.0710794309590143
-47.9099313111624,1.73149159624082,-0.0710600188509912
-47.8934070090273,1.73149159630512,-0.0710406830696468
-47.8768804846121,1.73149159636911,-0.07102142073027
-47.8603516256929,1.7314915964328,-0.0710022290310548
-47.8438203496133,1.73149159649617,-0.0709831053071661
-47.827286607118,1.73149159655923,-0.0709640470913927
-47.8107503824158,1.73149159662199,-0.0709450521836782
-47.7942116912837,1.73149159668444,-0.0709261187277992
-47.7776705788427,1.73149159674658,-0.0709072452890142
-47.761127117839,1.73149159680842,-0.0708884309247278
-47.7445814075001,1.73149159686995,-0.0708696752416475
-47.7280335726178,1.73149159693118,-0.0708509784362367
-47.7114837624622,1.7314915969921,-0.0708323413186384
-47.69493214929,1.73149159705272,-0.0708137653223802
-47.678378926406,1.73149159711303,-0.0707952525027276
-47.661824305861,1.73149159717304,-0.0707768055259577
-47.6452685158865,1.73149159723275,-0.0707584276507741
-47.6287117981271,1.73149159729216,-0.0707401227021709
-47.6121544046723,1.73149159735126,-0.0707218950375715
-47.5955965948549,1.73149159741006,-0.070703749504989
-47.5790386317908,1.73149159746856,-0.0706856913931405
-47.5624807786617,1.73149159752676,-0.0706677263736956
-47.5459232947881,1.73149159758465,-0.0706498604360548
-47.5293664315752,1.73149159764224,-0.070632099815207
-47.5128104284391,1.73149159769954,-0.0706144509133439
-47.496255508716,1.73149159775653,-0.0705969202158711
-47.4797018740892,1.73149159781322,-0.0705795142002223
-47.4631496964257,1.73149159786961,-0.0705622392359764
-47.4465991116139,1.73149159792571,-0.0705451014826968
-47.4300502185599,1.7314915979815,-0.0705281067896129
-47.4135030825772,1.731491598037,-0.0705112605981398
-47.3969577407189,1.7314915980922,-0.0704945678501198
-47.3804142069532,1.73149159814711,-0.0704780329077804
-47.3638724762358,1.73149159820171,-0.0704616594920643
-47.3473325275041,1.73149159825603,-0.0704454506435192
-47.3307943260207,1.73149159831005,-0.0704294087059516
-47.3142578254275,1.73149159836377,-0.0704135353295985
-47.2977229696285,1.73149159841721,-0.0703978314888799
-47.281189694436,1.73149159847035,-0.0703822975098595
-47.2646579288767,1.73149159852319,-0.0703669331036478
-47.2481275961147,1.73149159857575,-0.0703517374032848
-47.2315986140363,1.73149159862802,-0.070336709002619
-47.2150708955952,1.73149159867999,-0.0703218459962308
-47.1985443490208,1.73149159873168,-0.0703071460196708
-47.1820188779728,1.73149159878307,-0.0702926062893857
-47.165494381697,1.73149159883418,-0.0702782236418309
-47.1489707552174,1.73149159888499,-0.0702639945714363
-47.1324478895926,1.73149159893552,-0.0702499152672881
-47.1159256722533,1.73149159898576,-0.0702359816485571
-47.0994039874298,1.73149159903571,-0.0702221893988198
-47.0828827166621,1.73149159908537,-0.070208533999475
-47.0663617393645,1.73149159913474,-0.0701950107624549
-47.0498409334049,1.73149159918383,-0.0701816148623874
-47.0333201756476,1.73149159923263,-0.0701683413682803
-47.0167993424082,1.73149159928114,-0.0701551852746886
-47.000278309781,1.73149159932937,-0.070142141532207
-46.9837569538099,1.73149159937731,-0.070129205077009
-46.967235150495,1.73149159942496,-0.0701163708590642
-46.9507127756462,1.73149159947233,-0.0701036338686131
-46.9341897046113,1.73149159951941,-0.0700909891604844
-46.9176658119219,1.7314915995662,-0.0700784318758972
-46.9011409709075,1.73149159961271,-0.0700659572615041
-46.8846150533316,1.73149159965893,-0.0700535606855785
-46.8680879290989,1.73149159970487,-0.0700412376514069
-46.8515594660735,1.73149159975052,-0.0700289838081223
-46.8350295302269,1.73149159979589,-0.070016794959625
-46.8184979877226,1.73149159984098,-0.070004667074457
-46.8019647079684,1.73149159988579,-0.0699925962975246
-46.7854295604497,1.73149159993033,-0.0699805789577922
-46.7688924016268,1.73149159997458,-0.0699686115678886
-46.7523530555082,1.73149160001856,-0.069956690812709
-46.7358112967241,1.73149160006227,-0.0699448135220821
-46.7192668447834,1.73149160010571,-0.0699329766213613
-46.7027193724309,1.73149160014888,-0.0699211770570437
-46.6861685259173,1.73149160019179,-0.0699094117064338
-46.6696139521065,1.73149160023443,-0.0698976772937767
-46.6530553268594,1.73149160027681,-0.0698859703423686
-46.6364923803312,1.73149160031893,-0.0698742871891465
-46.6199249167958,1.7314916003608,-0.069862624076554
-46.6033528287044,1.73149160040241,-0.0698509773209333
-46.5867761065895,1.73149160044377,-0.0698393435429127
-46.5701948479909,1.73149160048488,-0.0698277199373414
-46.5536092695385,1.73149160052574,-0.069816104559842
-46.5370197257331,1.73149160056635,-0.0698044966127088
-46.5204267331264,1.73149160060672,-0.0697928967201532
-46.5038309860396,1.73149160064684,-0.0697813071845907
-46.4872333321851,1.73149160068671,-0.0697697322046114
-46.4706346747372,1.73149160072633,-0.0697581780141857
-46.4540358281009,1.7314916007657,-0.0697466529176032
-46.4374374114206,1.73149160080482,-0.0697351672010015
-46.4208398292787,1.7314916008437,-0.0697237328650574
-46.4042433238876,1.73149160088232,-0.0697123631433907
-46.3876480528101,1.7314916009207,-0.0697010718604848
-46.3710541560603,1.73149160095884,-0.0696898727666232
-46.3544617996085,1.73149160099672,-0.0696787790019085
-46.3378711986664,1.73149160103436,-0.0696678027866506
-46.3212826290866,1.73149160107176,-0.0696569553532154
-46.3046964319472,1.73149160110891,-0.0696462470664994
-46.2881130100995,1.73149160114581,-0.0696356876463502
-46.2715328155631,1.73149160118247,-0.0696252864110544
-46.2549563290944,1.73149160121888,-0.0696150524840969
-46.2383840344571,1.73149160125505,-0.069604994929042
-46.2218163911556,1.73149160129096,-0.0695951227967219
-46.2052538096065,1.73149160132664,-0.0695854450831863
-46.1886966316525,1.73149160136206,-0.0695759706069523
-46.1721451178338,1.73149160139724,-0.0695667078217684
-46.1555994418281,1.73149160143217,-0.0695576645870048
-46.1390596921388,1.73149160146685,-0.0695488479213525
-46.1225258810892,1.73149160150129,-0.0695402637661558
-46.1059979608863,1.73149160153548,-0.0695319167824818
-46.0894758455778,1.73149160156942,-0.0695238102016355
-46.072959436253,1.73149160160312,-0.0695159457430941
-46.0564486455135,1.73149160163657,-0.0695083236073301
-46.0399434169097,1.73149160166977,-0.0695009425438461
-46.0234437360623,1.73149160170273,-0.0694937999868627
-46.006949632124,1.73149160173544,-0.0694868922428542
-45.9904611702775,1.73149160176791,-0.0694802147068214
-45.9739784374263,1.73149160180012,-0.0694737620797835
-45.9575015238327,1.73149160183209,-0.0694675285600245
-45.9410305032955,1.73149160186382,-0.0694615079854674
-45.9245654138604,1.73149160189529,-0.0694556939130307
-45.9081062403862,1.73149160192651,-0.0694500796308704
-45.8916528999265,1.73149160195749,-0.069444658108861
-45.8752052311156,1.73149160198822,-0.0694394219000323
-45.8587629896015,1.73149160201869,-0.0694343630104558
-45.8423258524337,1.73149160204892,-0.0694294727575241
-45.8258934337969,1.7314916020789,-0.0694247416373126
-45.8094653114506,1.73149160210863,-0.0694201592214422
-45.7930410586565,1.73149160213812,-0.0694157141030235
-45.7766202735254,1.73149160216735,-0.0694113939091377
-45.7602025989889,1.73149160219633,-0.0694071853913814
-45.7437877308633,1.73149160222507,-0.0694030745942467
-45.7273754154679,1.73149160225355,-0.06939904708539
-45.7109654399531,1.73149160228179,-0.0693950882180388
-45.6945576181764,1.73149160230977,-0.0693911833895882
-45.6781517740241,1.73149160233751,-0.0693873182635742
-45.6617477236062,1.73149160236499,-0.0693834789321438
-45.6453452579653,1.73149160239222,-0.0693796520084646
-45.6289441284445,1.7314916024192,-0.0693758246496773
-45.6125440370981,1.73149160244593,-0.0693719845194394
-45.5961446341136,1.73149160247241,-0.0693681197049575
-45.5797455230746,1.73149160249863,-0.0693642186073531
-45.5633462732763,1.7314916025246,-0.06936026982659
-45.5469464368461,1.73149160255033,-0.069356262062701
-45.5305455676752,1.73149160257579,-0.0693521840529118
-45.514143239355,1.73149160260101,-0.0693480245590221
-45.4977390601331,1.73149160262598,-0.0693437724115366
-45.4813326848414,1.73149160265069,-0.0693394166088121
-45.464923826287,1.73149160267516,-0.069334946463069
-45.4485122636812,1.73149160269937,-0.0693303517772801
-45.432097843689,1.73149160272333,-0.0693256230351484
-45.4156804729938,1.73149160274704,-0.0693207515888545
-45.3992601039872,1.7314916027705,-0.0693157298295561
-45.3828367164482,1.73149160279371,-0.0693105513247185
-45.3664102984092,1.73149160281666,-0.0693052109070877
-45.3499808292778,1.73149160283937,-0.0692997047042227
-45.3335482677611,1.73149160286182,-0.0692940301048508
-45.3171125462416,1.73149160288402,-0.0692881856674995
-45.3006735729477,1.73149160290597,-0.0692821709863589
-45.2842312431163,1.73149160292767,-0.0692759865369677
-45.2677854561135,1.73149160294912,-0.0692696335261346
-45.2513361343154,1.73149160297032,-0.0692631137698796
-45.2348832410957,1.73149160299127,-0.0692564296187786
-45.2184267968498,1.73149160301196,-0.0692495839413121
-45.2019668929392,1.73149160303241,-0.0692425801654963
-45.1855037033988,1.73149160305261,-0.069235422370325
-45.1690374931946,1.73149160307256,-0.0692281154131387
-45.1525686202135,1.73149160309226,-0.0692206650767441
-45.1360975272108,1.73149160311171,-0.0692130782191929
-45.1196247214064,1.73149160313091,-0.0692053629076452
-45.1031507438864,1.73149160314986,-0.0691975285151017
-45.0866761359702,1.73149160316856,-0.0691895857568698
-45.070201411176,1.73149160318701,-0.0691815466462849
-45.0537270381031,1.73149160320521,-0.0691734243595055
-45.0372534343685,1.73149160322315,-0.0691652330159819
-45.0207809682901,1.73149160324085,-0.0691569873985578
-45.0043099645087,1.7314916032583,-0.0691487026480503
-44.9878407104026,1.7314916032755,-0.069140393967362
-44.9713734603803,1.73149160329245,-0.0691320763607312
-44.954908439098,1.73149160330915,-0.0691237644228137
-44.9384458488293,1.7314916033256,-0.0691154721833504
-44.9219858799719,1.73149160334181,-0.0691072130020103
-44.9055287208965,1.73149160335776,-0.0690989995052507
-44.8890745631981,1.73149160337346,-0.0690908435578525
-44.8726236004434,1.73149160338892,-0.0690827562619545
-44.8561760209336,1.73149160340413,-0.0690747479740827
-44.8397319966648,1.73149160341908,-0.0690668283273893
-44.8232916711725,1.73149160343379,-0.0690590062447944
-44.8068551485656,1.73149160344825,-0.0690512899307638
-44.7904224853459,1.73149160346246,-0.0690436868349275
-44.7739936859773,1.73149160347642,-0.0690362035880139
-44.7575687027362,1.73149160349013,-0.0690288459175105
-44.7411474400275,1.73149160350359,-0.0690216185554429
-44.7247297629021,1.7314916035168,-0.069014525152983
-44.7083155089003,1.73149160352977,-0.069007568216335
-44.6919045016967,1.73149160354248,-0.0690007490759648
-44.6754965645825,1.73149160355494,-0.0689940678972681
-44.6590915317991,1.73149160356715,-0.0689875237356825
-44.6426892561629,1.73149160357911,-0.068981114633587
-44.6262896121166,1.73149160359083,-0.0689748377507991
-44.6098924940951,1.73149160360229,-0.0689686895159835
-44.5934978107466,1.7314916036135,-0.0689626657836183
-44.5771054760314,1.73149160362446,-0.0689567619808447
-44.5607153985417,1.73149160363516,-0.0689509732305278
-44.5443274705424,1.73149160364562,-0.068945294440749
-44.5279415582424,1.73149160365582,-0.0689397203560013
-44.5115574946686,1.73149160366578,-0.0689342455707705
-44.4951750762198,1.73149160367548,-0.068928864511218
-44.4787940635116,1.73149160368492,-0.0689235713947611
-44.4624141864986,1.73149160369412,-0.0689183601800333
-44.4460351531705,1.73149160370306,-0.0689132245207445
-44.4296566605276,1.73149160371175,-0.0689081577361959
-44.4132784062341,1.73149160372018,-0.0689031528086877
-44.3969000993749,1.73149160372836,-0.068898202414018
-44.380521469047,1.73149160373629,-0.0688932989863351
-44.3641422699295,1.73149160374397,-0.0688884348135069
-44.3477622843958,1.7314916037514,-0.0688836021547944
-44.3313813211322,1.73149160375858,-0.0688787933696883
-44.3149992116509,1.73149160376551,-0.0688740010464108
-44.2986158084097,1.7314916037722,-0.0688692181210848
-44.2822309831014,1.73149160377864,-0.068864437977911
-44.2658446214693,1.73149160378484,-0.0688596545237083
-44.2494566146088,1.7314916037908,-0.0688548622359741
-44.2330668495348,1.73149160379652,-0.0688500561857092
-44.2166752022725,1.731491603802,-0.0688452320359272
-44.2002815354965,1.73149160380725,-0.0688403860172892
-44.1838857009871,1.73149160381226,-0.0688355148851002
-44.167487545819,1.73149160381703,-0.0688306158659455
-44.1510869206164,1.73149160382157,-0.0688256866053159
-44.1346836882783,1.73149160382588,-0.0688207251279407
-44.1182777319575,1.73149160382995,-0.068815729819859
-44.1018689614834,1.7314916038338,-0.0688106994364615
-44.0854573176978,1.73149160383742,-0.0688056331353708
-44.0690427747056,1.73149160384081,-0.0688005305287899
-44.0526253412156,1.73149160384397,-0.0687953917480531
-44.0362050611339,1.7314916038469,-0.0687902175116426
-44.0197820120619,1.73149160384961,-0.0687850091878679
-44.0033563007631,1.7314916038521,-0.0687797688453735
-43.9869280558867,1.73149160385436,-0.0687744992864664
-43.9704974194136,1.73149160385639,-0.0687692040593211
-43.95406453883,1.73149160385821,-0.0687638874461078
-43.9376295617716,1.7314916038598,-0.0687585544260076
-43.9211926340694,1.73149160386117,-0.0687532106152478
-43.9047539011785,1.73149160386233,-0.0687478621900904
-43.888313512248,1.73149160386326,-0.0687425158018863
-43.8718716257119,1.73149160386397,-0.0687371784946883
-43.8554284151989,1.73149160386447,-0.0687318576349532
-43.8389840746295,1.73149160386475,-0.0687265608598287
-43.8225388214955,1.73149160386481,-0.0687212960462352
-43.8060928974779,1.73149160386466,-0.0687160712984546
-43.7896465658211,1.73149160386429,-0.0687108949480819
-43.7732001052828,1.73149160386371,-0.068705775557536
-43.7567538010172,1.73149160386291,-0.0687007219171342
-43.740307933165,1.7314916038619,-0.0686957430259392
-43.7238627626831,1.73149160386068,-0.068690848046555
-43.7074185144229,1.73149160385924,-0.0686860462265603
-43.6909753637816,1.73149160385759,-0.0686813467885223
-43.6745334314647,1.73149160385573,-0.0686767587933545
-43.6580927860094,1.73149160385366,-0.0686722909841059
-43.6416534512207,1.73149160385138,-0.0686679516226714
-43.6252154156149,1.73149160384888,-0.0686637483364204
-43.6087786420289,1.73149160384618,-0.0686596879918276
-43.5923430766137,1.73149160384326,-0.0686557766075346
-43.5759086569347,1.73149160384013,-0.068652019312034
-43.5594753189235,1.73149160383679,-0.068648420344094
-43.5430430022411,1.73149160383324,-0.0686449830889551
-43.5266116535314,1.73149160382948,-0.0686417101406878
-43.5101812271743,1.73149160382551,-0.0686386033804124
-43.4937516834685,1.73149160382132,-0.0686356640605545
-43.4773229845753,1.73149160381692,-0.0686328928863662
-43.4608950889108,1.73149160381231,-0.0686302900873664
-43.4444679449067,1.73149160380749,-0.0686278554731554
-43.4280414851229,1.73149160380246,-0.0686255884703101
-43.4116156216107,1.73149160379722,-0.0686234881396836
-43.3951902432081,1.73149160379176,-0.0686215531761772
-43.3787652151592,1.73149160378609,-0.0686197818955502
-43.362340381118,1.7314916037802,-0.0686181722146919
-43.3459155672599,1.7314916037741,-0.0686167216327038
-43.3294905879412,1.73149160376779,-0.068615427219981
-43.3130652521812,1.73149160376126,-0.0686142856213253
-43.2966393712169,1.73149160375452,-0.0686132930783983
-43.2802127693603,1.73149160374757,-0.0686124454771305
-43.2637852951256,1.7314916037404,-0.0686117384181332
-43.2473568273489,1.73149160373301,-0.0686111673045362
-43.2309272747083,1.73149160372541,-0.0686107274431973
-43.214496570188,1.73149160371759,-0.0686104141534407
-43.1980646631064,1.73149160370955,-0.0686102228735072
-43.1816315109153,1.7314916037013,-0.0686101492525775
-43.1651970720296,1.73149160369284,-0.0686101892177154
-43.1487613001703,1.73149160368416,-0.0686103390098754
-43.1323241403524,1.73149160367526,-0.0686105951891635
-43.1158855265951,1.73149160366614,-0.0686109546146974
-43.0994453814568,1.73149160365681,-0.0686114144074892
-43.0830036174302,1.73149160364726,-0.0686119719056526
-43.066560140044,1.7314916036375,-0.0686126246204773
-43.0501148522755,1.73149160362751,-0.0686133702002499
-43.0336676596709,1.73149160361732,-0.068614206406651
-43.0172184754753,1.7314916036069,-0.0686151311064207
-43.000767225082,1.73149160359627,-0.06861614227885
-42.9843138493586,1.73149160358542,-0.0686172380377978
-42.9678583071141,1.73149160357435,-0.0686184166658884
-42.9514005773115,1.73149160356306,-0.0686196766576602
-42.9349406605758,1.73149160355156,-0.0686210167667233
-42.9184785789169,1.73149160353985,-0.0686224360515565
-42.9020143733797,1.73149160352791,-0.068623933915916
-42.8855481001016,1.73149160351576,-0.0686255101406317
-42.8690798257622,1.73149160350339,-0.0686271649040027
-42.8526096235003,1.73149160349081,-0.0686288987886222
-42.8361375701243,1.73149160347801,-0.0686307127737491
-42.8196637450317,1.73149160346499,-0.0686326082143024
-42.8031882308474,1.73149160345176,-0.0686345868096924
-42.7867111154791,1.73149160343832,-0.06863665056736
-42.7702324950984,1.73149160342466,-0.0686388017665431
-42.7537524774648,1.73149160341078,-0.0686410429272619
-42.7372711849825,1.73149160339669,-0.0686433767879693
-42.7207887569057,1.73149160338239,-0.068645806293165
-42.7043053501799,1.73149160336787,-0.0686483345899854
-42.6878211385431,1.73149160335315,-0.0686509650307565
-42.6713363097111,1.73149160333821,-0.068653701177033
-42.6548510607291,1.73149160332305,-0.0686565467998925
-42.6383655918467,1.73149160330769,-0.0686595058712797
-42.6218800995023,1.73149160329212,-0.0686625825419602
-42.6053947690086,1.73149160327633,-0.0686657811028783
-42.5889097657897,1.73149160326034,-0.0686691059259096
-42.5724252240711,1.73149160324414,-0.0686725613814868
-42.5559412383926,1.73149160322772,-0.0686761517408395
-42.5394578620363,1.7314916032111,-0.0686798810702078
-42.5229751118705,1.73149160319427,-0.0686837531218932
-42.5064929767191,1.73149160317724,-0.0686877712291398
-42.4900114263381,1.73149160315999,-0.0686919382150652
-42.4735304191999,1.73149160314253,-0.0686962563261542
-42.4570499084582,1.73149160312487,-0.0687007271971955
-42.4405698461284,1.731491603107,-0.0687053518486474
-42.4240901856876,1.73149160308892,-0.0687101307117867
-42.4076108832154,1.73149160307063,-0.0687150636734109
-42.3911318971267,1.73149160305213,-0.0687201501307966
-42.3746531865969,1.73149160303342,-0.0687253890485165
-42.3581747089385,1.73149160301451,-0.0687307790106557
-42.3416964163578,1.73149160299538,-0.0687363182641683
-42.325218252634,1.73149160297605,-0.0687420047511623
-42.3087401502682,1.7314916029565,-0.0687478361296778
-42.2922620285595,1.73149160293675,-0.068753809784048
-42.2757837929048,1.73149160291678,-0.0687599228272105
-42.2593053354283,1.73149160289661,-0.0687661720982964
-42.2428265368559,1.73149160287622,-0.0687725541593738
-42.2263472693803,1.73149160285563,-0.0687790652952518
-42.2098674002538,1.73149160283482,-0.0687857015199399
-42.1933867973457,1.7314916028138,-0.0687924585948853
-42.1769053383397,1.73149160279257,-0.0687993320641777
-42.160422919977,1.73149160277113,-0.0688063173041074
-42.1439394627032,1.73149160274947,-0.0688134095829846
-42.1274549099243,1.73149160272761,-0.0688206041302672
-42.1109692235252,1.73149160270553,-0.0688278962122837
-42.0944823779515,1.73149160268324,-0.068835281207822
-42.0779943545308,1.73149160266073,-0.068842754674311
-42.0615051367566,1.73149160263802,-0.0688503123962412
-42.0450147066052,1.73149160261509,-0.0688579504113009
-42.0285230417553,1.73149160259195,-0.0688656650144561
-42.0120301136665,1.7314916025686,-0.0688734527440175
-41.9955358866122,1.73149160254503,-0.0688813103557099
-41.9790403177904,1.73149160252126,-0.0688892347909996
-41.9625433585297,1.73149160249727,-0.0688972231450845
-41.9460449564337,1.73149160247307,-0.0689052726386879
-41.9295450581386,1.73149160244866,-0.0689133805965233
-41.9130436123811,1.73149160242403,-0.068921544434345
-41.8965405737031,1.7314916023992,-0.0689297616564693
-41.8800359069776,1.73149160237416,-0.0689380298646071
-41.863529591402,1.73149160234892,-0.0689463467760589
-41.8470216228072,1.73149160232347,-0.0689547102491771
-41.8305120139277,1.73149160229781,-0.0689631183140286
-41.8140007929433,1.73149160227196,-0.0689715692054212
-41.7974880009118,1.7314916022459,-0.0689800613944251
-41.7809736887354,1.73149160221964,-0.0689885936140917
-41.7644579141783,1.73149160219319,-0.0689971648757011
-41.747940739306,1.73149160216654,-0.0690057744734175
-41.7314222285931,1.7314916021397,-0.0690144219772028
-41.7149024478452,1.73149160211266,-0.0690231072156546
-41.6983814639844,1.73149160208543,-0.0690318302517088
-41.681859345638,1.73149160205801,-0.0690405913547276
-41.6653361643575,1.7314916020304,-0.0690493909724205
-41.6488119961968,1.73149160200261,-0.069058229705469
-41.6322869233123,1.73149160197462,-0.0690671082868105
-41.6157610352326,1.73149160194645,-0.0690760275664446
-41.599234429476,1.73149160191809,-0.069084988501501
-41.5827072112785,1.73149160188955,-0.0690939921502761
-41.5661794923049,1.73149160186082,-0.0691030396681308
-41.5496513883576,1.73149160183192,-0.0691121323026337
-41.5331230162355,1.73149160180283,-0.0691212713852123
-41.5165944900153,1.73149160177357,-0.0691304583168426
-41.5000659163679,1.73149160174412,-0.069139694544737
-41.4835373866418,1.7314916017145,-0.069148981524508
-41.4670089664239,1.7314916016847,-0.0691583206668743
-41.4504806894245,1.73149160165472,-0.0691677132770897
-41.4339525574673,1.73149160162456,-0.0691771604884741
-41.4174245452502,1.73149160159424,-0.0691866631915844
-41.4008966070957,1.73149160156373,-0.0691962219640934
-41.3843686834553,1.73149160153305,-0.0692058370100522
-41.3678407061316,1.7314916015022,-0.0692155081173429
-41.351312602129,1.73149160147117,-0.0692252346386503
-41.3347842964349,1.73149160143997,-0.0692350154962237
-41.3182557139968,1.73149160140859,-0.0692448492063714
-41.3017267809727,1.73149160137704,-0.0692547339173174
-41.2851974252094,1.73149160134532,-0.0692646674538125
-41.2686675759134,1.73149160131342,-0.069274647362992
-41.2521371625884,1.73149160128135,-0.069284670957549
-41.2356061134448,1.7314916012491,-0.0692947353537619
-41.2190743535783,1.73149160121668,-0.069304837503056
-41.202541803248,1.73149160118409,-0.0693149742166516
-41.1860083765647,1.73149160115132,-0.0693251421836009
-41.1694739815159,1.73149160111838,-0.0693353379842933
-41.152938524322,1.73149160108527,-0.0693455581058614
-41.1364019172486,1.73149160105198,-0.0693557989616185
-41.1198640848397,1.73149160101852,-0.0693660569125751
-41.1033249662427,1.73149160098488,-0.0693763282937601
-41.0867845143761,1.73149160095107,-0.0693866094491528
-41.0702426938873,1.73149160091708,-0.0693968967752887
-41.0536994797281,1.73149160088293,-0.0694071867695398
-41.0371548578215,1.73149160084859,-0.0694174760782186
-41.0206088273185,1.73149160081409,-0.0694277615394098
-41.00406140262,1.73149160077941,-0.0694380402174775
-40.9875126139118,1.73149160074455,-0.0694483094298982
-40.9709625059624,1.73149160070953,-0.0694585667687315
-40.9544111356605,1.73149160067433,-0.0694688101182441
-40.9378585690314,1.73149160063895,-0.0694790376683057
-40.9213048783615,1.73149160060341,-0.0694892479217107
-40.9047501398069,1.73149160056769,-0.0694994396933902
-40.8881944316283,1.73149160053181,-0.0695096121004663
-40.8716378330521,1.73149160049575,-0.069519764543633
-40.8550804236894,1.73149160045952,-0.0695298966817355
-40.8385222834115,1.73149160042312,-0.0695400084022003
-40.8219634925415,1.73149160038655,-0.0695500997900625
-40.8054041321876,1.73149160034981,-0.0695601710978687
-40.7888442845093,1.7314916003129,-0.0695702227179533
-40.7722840327122,1.73149160027583,-0.0695802551577055
-40.7557234605937,1.73149160023858,-0.0695902690176287
-40.7391626515314,1.73149160020117,-0.0696002649713332
-40.7226016868878,1.73149160016359,-0.0696102437461629
-40.7060406431075,1.73149160012584,-0.0696202061016785
-40.6894795848008,1.73149160008792,-0.0696301527996941
-40.6729185543032,1.73149160004984,-0.069640084563488
-40.6563575648968,1.7314916000116,-0.0696500020325927
-40.6397965997036,1.73149159997318,-0.0696599057118864
-40.6232356150334,1.7314915999346,-0.0696697959137942
-40.6066745454776,1.73149159989586,-0.0696796726965658
-40.5901133086644,1.73149159985694,-0.0696895358062433
-40.5735518088868,1.73149159981786,-0.0696993846310697
-40.5569899397977,1.73149159977862,-0.0697092181743953
-40.5404275867017,1.7314915997392,-0.0697190350476353
-40.5238646288118,1.73149159969962,-0.0697288334808988
-40.5073009415179,1.73149159965987,-0.0697386113468659
-40.4907363984749,1.73149159961995,-0.0697483661933357
-40.4741708734015,1.73149159957986,-0.0697580952810496
-40.4576042431966,1.73149159953961,-0.0697677956272032
-40.4410363943892,1.73149159949918,-0.0697774640569293
-40.4244672294445,1.73149159945859,-0.0697870972584063
-40.4078966690788,1.73149159941783,-0.0697966918384206
-40.3913246508923,1.73149159937689,-0.0698062443802885
-40.3747511270051,1.73149159933579,-0.069815751505553
-40.3581760625652,1.73149159929452,-0.0698252099361827
-40.3415994353961,1.73149159925307,-0.0698346165514213
-40.3250212365305,1.73149159921146,-0.0698439684353077
-40.3084414711821,1.73149159916968,-0.0698532629139563
-40.2918601598168,1.73149159912773,-0.0698624975843222
-40.2752773391566,1.73149159908561,-0.0698716703373646
-40.2586930630477,1.73149159904332,-0.069880779378297
-40.242107403128,1.73149159900086,-0.069889823245568
-40.2255204491814,1.73149159895824,-0.069898800828984
-40.2089323090235,1.73149159891544,-0.0699077113863872
-40.1923431077684,1.73149159887249,-0.0699165545576757
-40.1757529863772,1.73149159882936,-0.0699253303746441
-40.1591620994694,1.73149159878607,-0.0699340392650482
-40.142570612472,1.73149159874261,-0.0699426820493835
-40.1259786982585,1.731491598699,-0.0699512599290936
-40.1093865334792,1.73149159865521,-0.0699597744652974
-40.0927942948116,1.73149159861127,-0.069968227547631
-40.0762021553438,1.73149159856716,-0.0699766213534095
-40.0596102812763,1.7314915985229,-0.0699849582979615
-40.043018829068,1.73149159847847,-0.0699932409775851
-40.0264279429566,1.73149159843389,-0.0700014721068284
-40.0098377508603,1.73149159838914,-0.0700096544490599
-39.9932483567476,1.73149159834424,-0.0700177907388216
-39.9766598345537,1.73149159829918,-0.0700258836035014
-39.9600722276049,1.73149159825396,-0.070033935488663
-39.9434855529255,1.73149159820859,-0.0700419485865566
-39.9268998075637,1.73149159816306,-0.0700499247687858
-39.9103149742841,1.73149159811737,-0.0700578655278879
-39.8937310253204,1.73149159807153,-0.0700657719340671
-39.8771479241673,1.73149159802553,-0.0700736446111893
-39.8605656260589,1.73149159797937,-0.0700814837319179
-39.8439840778531,1.73149159793306,-0.0700892890279883
-39.8274032178045,1.73149159788659,-0.0700970598097068
-39.8108229754537,1.73149159783996,-0.0701047949890731
-39.7942432717116,1.73149159779317,-0.0701124931026948
-39.7776640191738,1.73149159774623,-0.070120152332828
-39.7610851226945,1.73149159769913,-0.0701277705266372
-39.744506480237,1.73149159765187,-0.0701353452147869
-39.7279279839774,1.73149159760445,-0.0701428736307927
-39.7113495215889,1.73149159755688,-0.0701503527323985
-39.6947709775932,1.73149159750914,-0.0701577792258223
-39.6781922346492,1.73149159746125,-0.0701651495932109
-39.6616131746528,1.73149159741319,-0.0701724601231063
-39.6450336795463,1.73149159736498,-0.070179706943366
-39.6284536319058,1.7314915973166,-0.0701868860559845
-39.6118729170417,1.73149159726807,-0.0701939933749719
-39.5952914287966,1.73149159721937,-0.0702010247699859
-39.578709075658,1.73149159717051,-0.0702079761120156
-39.5621257829602,1.73149159712149,-0.0702148433182342
-39.5455414907564,1.73149159707231,-0.0702216223975934
-39.5289561493247,1.73149159702296,-0.0702283094978118
-39.5123697146566,1.73149159697346,-0.07023490095072
-39.4957821453763,1.73149159692379,-0.0702413933104319
-39.4791934013731,1.73149159687394,-0.070247783378845
-39.4626034436993,1.73149159682371,-0.0702540682133122
-39.4460122354153,1.73149159677325,-0.0702602451454674
-39.4294197438895,1.73149159672308,-0.0702663117817837
-39.4128259442683,1.7314915966734,-0.0702722659796088
-39.396230822776,1.73149159662388,-0.0702781058844006
-39.3796343790128,1.73149159657395,-0.0702838299991783
-39.3630366271438,1.73149159652298,-0.0702894369330984
-39.3464375960766,1.73149159647018,-0.0702949255186063
-39.3298373290476,1.73149159641472,-0.0703002949032078
-39.3132358828425,1.73149159635625,-0.070305544572901
-39.2966333267506,1.73149159629493,-0.0703106743655666
-39.2800297412299,1.73149159623147,-0.0703156845415593
-39.2634252163408,1.73149159616752,-0.0703205758895421
-39.2468198501176,1.73149159610284,-0.0703253493527335
-39.230213746737,1.73149159603644,-0.0703300061153181
-39.2136070148077,1.731491595967,-0.0703345476585958
-39.1969997658521,1.7314915958924,-0.0703389757264561
-39.1803921129917,1.73149159581035,-0.0703432923263012
-39.1637841698378,1.73149159571749,-0.0703474996782017
-39.1471760494744,1.73149159561178,-0.0703516002728397
-39.1305678635254,1.73149159549308,-0.0703555968435693
-39.1139597212311,1.73149159536373,-0.0703594923266211
-39.0973517284736,1.73149159522603,-0.0703632897402703
-39.0807439865868,1.73149159508155,-0.070366992141478
-39.0641365901674,1.73149159493115,-0.0703706025874222
-39.0475296209775,1.73149159477442,-0.0703741241363362
-39.0309231391254,1.73149159460965,-0.0703775599172803
-39.0143171773445,1.73149159443924,-0.0703809127719953
-38.9977117407637,1.73149159426587,-0.0703841852882437
-38.981106810755,1.73149159409028,-0.0703873798308187
-38.9645023500906,1.73149159391009,-0.0703904985233176
-38.9478983073658,1.73149159372267,-0.0703935430465582
-38.9312946197251,1.73149159352632,-0.0703965147257271
-38.9146912144766,1.73149159331975,-0.0703994145629502
-38.8980880102519,1.73149159310111,-0.070402243251316
-38.8814849182629,1.73149159287128,-0.0704050010491353
-38.8648818436705,1.73149159263221,-0.0704076878319289
-38.848278687117,1.73149159238751,-0.0704103031907613
-38.8316753462394,1.73149159214508,-0.0704128465745506
-38.8150717171407,1.7314915919059,-0.0704153169517992
-38.7984676952353,1.73149159166696,-0.070417712966827
-38.7818631757627,1.73149159142361,-0.0704200331165591
-38.7652580540594,1.73149159117331,-0.0704222757273545
-38.7486522255848,1.73149159091271,-0.0704244388467552
-38.7320455858548,1.73149159063875,-0.0704265203753809
-38.7154380328514,1.731491590351,-0.0704285180585859
-38.6988294733247,1.73149159005034,-0.0704304294721812
-38.6822198285001,1.73149158973793,-0.0704322522459784
-38.6656090358082,1.73149158941494,-0.0704339841809993
-38.6489970469608,1.73149158908227,-0.0704356233425483
-38.6323838253514,1.73149158873998,-0.0704371678984792
-38.6157693453288,1.73149158838722,-0.0704386160878673
-38.5991535933569,1.73149158802299,-0.070439966245148
-38.5825365700117,1.73149158764684,-0.0704412167785122
-38.5659182916835,1.73149158725889,-0.0704423663862112
-38.5492987915034,1.73149158686012,-0.0704434141724433
-38.5326781187791,1.73149158645274,-0.0704443596545916
-38.5160563351087,1.73149158603564,-0.070445202581366
-38.4994335046444,1.73149158560701,-0.0704459430260381
-38.482809678808,1.73149158516585,-0.070446581477894
-38.4661848790862,1.73149158471261,-0.0704471188934097
-38.4495590835703,1.73149158424821,-0.0704475563277459
-38.4329322219836,1.73149158377342,-0.0704478949284656
-38.4163041818067,1.73149158328932,-0.0704481359500347
-38.3996748247246,1.7314915827989,-0.0704482808055493
-38.3830440102317,1.73149158230478,-0.070448330730402
-38.3664116220643,1.73149158180763,-0.0704482866036535
-38.349777593758,1.73149158130496,-0.0704481489062538
-38.3331419304619,1.73149158079363,-0.0704479178862895
-38.3165047248478,1.73149158027092,-0.0704475936663303
-38.2998661652585,1.73149157973504,-0.0704471765389643
-38.2832265331616,1.73149157918534,-0.0704466672818928
-38.2665861879155,1.73149157862283,-0.0704460674603565
-38.2499455394192,1.73149157805093,-0.0704453794316932
-38.2333050135774,1.73149157747233,-0.0704446064389726
-38.2166650184457,1.73149157688751,-0.0704437526541164
-38.2000259185687,1.73149157629375,-0.07044282311863
-38.1833880216891,1.73149157568775,-0.0704418237255592
-38.16675157817,1.73149157506654,-0.0704407610604777
-38.15011679047,1.73149157442698,-0.0704396421738654
-38.1334838277207,1.73149157376801,-0.0704384741908577
-38.1168528405685,1.73149157309073,-0.0704372639593943
-38.1002239772238,1.73149157239689,-0.0704360179787428
-38.0835974004887,1.73149157168876,-0.0704347423935245
-38.0669733017472,1.73149157096976,-0.0704334430859685
-38.0503519074177,1.73149157024413,-0.0704321254691832
-38.0337334746402,1.73149156951422,-0.0704307945628084
-38.0171182770326,1.73149156877967,-0.0704294551281462
-38.0005065840511,1.73149156803723,-0.0704281117778168
-37.9838986387117,1.73149156728472,-0.0704267688798995
-37.9672946376817,1.73149156652133,-0.070425430659399
-37.9506947170175,1.73149156574779,-0.0704241012375526
-37.9340989449051,1.73149156496583,-0.0704227845691821
-37.9175073227882,1.73149156417375,-0.0704214837327883
-37.9009197936482,1.73149156336938,-0.0704202011194648
-37.8843362576284,1.7314915625528,-0.0704189385078882
-37.8677565925152,1.73149156172932,-0.070417697110625
-37.8511806758628,1.73149156090146,-0.07041647717573
-37.8346084041399,1.73149156006797,-0.0704152776216674
-37.8180397048822,1.73149155922727,-0.0704140963101639
-37.8014745404637,1.73149155837909,-0.0704129303194334
-37.78491290317,1.7314915575256,-0.0704117761754708
-37.7683548030345,1.73149155666643,-0.0704106298588096
-37.7518002506191,1.7314915558008,-0.0704094870274426
-37.7352492378921,1.73149155492843,-0.0704083432474282
-37.7187017199709,1.73149155404932,-0.0704071941596861
-37.7021576004144,1.73149155316368,-0.0704060349549398
-37.6856167215508,1.73149155227194,-0.0704048605143629
-37.6690788623066,1.73149155137474,-0.0704036655310877
-37.6525437449653,1.73149155047276,-0.0704024446080544
-37.6360110506159,1.73149154956545,-0.0704011916944751
-37.6194804400987,1.7314915486553,-0.0703998999222977
-37.6029515764337,1.73149154774426,-0.0703985617333341
-37.5864241443006,1.73149154683002,-0.0703971689561953
-37.5698978630165,1.73149154590698,-0.070395713031046
-37.55337249166,1.73149154497477,-0.0703941849076333
-37.5368478262162,1.73149154403518,-0.0703925753043631
-37.5203236902754,1.73149154308877,-0.0703908749832202
-37.5037999220549,1.73149154213251,-0.070389074985619
-37.4872763621809,1.73149154116821,-0.0703871664702182
-37.4707528447765,1.73149154019887,-0.070385140931547
-37.4542291904457,1.73149153922651,-0.0703829903630112
-37.4377051999264,1.73149153825205,-0.0703807073649374
-37.4211806508863,1.73149153727551,-0.0703782849114089
-37.4046553003462,1.73149153629642,-0.0703757161417681
-37.3881288935606,1.73149153531415,-0.0703729944704875
-37.3716011780188,1.73149153432712,-0.0703701136655845
-37.3550719195532,1.73149153333155,-0.070367067911023
-37.3385409173521,1.73149153232811,-0.0703638514535188
-37.3220080150072,1.73149153131898,-0.0703604587769826
-37.3054731064147,1.73149153030537,-0.0703568847746282
-37.2889361356784,1.73149152928584,-0.0703531249262828
-37.2723970910233,1.73149152825912,-0.0703491753432711
-37.2558559933715,1.73149152722589,-0.0703450328273488
-37.2393128812828,1.73149152618726,-0.0703406950074289
-37.2227677949685,1.73149152514421,-0.0703361604477261
-37.20622076307,1.73149152409794,-0.0703314287111855
-37.1896717960031,1.73149152304917,-0.0703265001091216
-37.1731208868462,1.73149152199798,-0.0703213757355207
-37.1565680186352,1.73149152094408,-0.0703160573915138
-37.1400131760687,1.73149151988699,-0.0703105475223003
-37.1234563594943,1.73149151882624,-0.0703048492163839
-37.1068975995041,1.73149151776146,-0.0702989657227067
-37.0903369701207,1.73149151669238,-0.0702929005991931
-37.0737745992389,1.73149151561858,-0.0702866578179912
-37.0572106744882,1.73149151453942,-0.070280241830136
-37.0406454427491,1.73149151345435,-0.0702736576538897
-37.0240792024441,1.73149151236329,-0.0702669109716883
-37.0075122890528,1.7314915112666,-0.0702600082112221
-36.9909450560596,1.73149151016467,-0.0702529565790669
-36.9743778546885,1.73149150905771,-0.0702457640566913
-36.9578110158712,1.73149150794494,-0.0702384393851997
-36.9412448369992,1.73149150682349,-0.0702309919876763
-36.9246795746075,1.73149150568939,-0.0702234318122209
-36.9081154427715,1.73149150453793,-0.0702157691478734
-36.8915526144876,1.73149150336406,-0.0702080144158723
-36.8749912232236,1.73149150216283,-0.0702001779547933
-36.8584313683065,1.73149150092974,-0.0701922698374819
-36.8418731258728,1.73149149966079,-0.0701842997597119
-36.8253165623108,1.73149149835216,-0.0701762770095968
-36.8087617455205,1.73149149700003,-0.0701682102378613
-36.7922087502059,1.73149149560057,-0.0701601073609387
-36.775657656057,1.73149149415015,-0.0701519755186223
-36.7591085399327,1.73149149264532,-0.0701438212986284
-36.7425614646141,1.73149149108274,-0.0701356509149321
-36.726016466921,1.73149148945904,-0.0701274703659121
-36.7094735480896,1.73149148777099,-0.0701192848013744
-36.6929326672,1.73149148601547,-0.0701110987693098
-36.6763937394681,1.73149148418949,-0.070102916329245
-36.6598566394023,1.73149148229023,-0.0700947410254923
-36.643321208608,1.73149148031495,-0.0700865757056084
-36.6267872669367,1.73149147826099,-0.0700784223690957
-36.6102546251249,1.73149147612583,-0.0700702822022219
-36.5937230968961,1.731491473907,-0.0700621556241366
-36.5771925085176,1.73149147160215,-0.0700540423631733
-36.5606627044201,1.73149146920903,-0.0700459413902182
-36.5441335479127,1.73149146672547,-0.0700378510570732
-36.5276049174064,1.7314914641494,-0.0700297692576539
-36.5110766997195,1.73149146147882,-0.0700216936045128
-36.4945487848487,1.73149145871184,-0.0700136216427314
-36.4780210632039,1.73149145584666,-0.0700055507445408
-36.4614934217453,1.73149145288157,-0.0699974780327019
-36.4449657383853,1.73149144981497,-0.0699894005786756
-36.428437876946,1.73149144664535,-0.0699813155148416
-36.411909685535,1.73149144337129,-0.0699732201424809
-36.3953809998759,1.73149143999158,-0.0699651117241978
-36.3788516510004,1.73149143650518,-0.0699569873110329
-36.3623214753624,1.73149143291111,-0.069948843893832
-36.345790325086,1.73149142920835,-0.0699406784877926
-36.3292580761806,1.73149142539577,-0.0699324881527735
-36.3127246333525,1.73149142147211,-0.0699242700207409
-36.2961899307555,1.73149141743597,-0.0699160213624843
-36.2796539287611,1.73149141328587,-0.0699077396743745
-36.2631166073619,1.73149140902051,-0.0698994228224737
-36.2465779573523,1.73149140463908,-0.0698910692528849
-36.2300379708552,1.73149140014121,-0.06988267779037
-36.2134966326981,1.73149139552661,-0.069874247445148
-36.1969539141855,1.73149139079488,-0.0698657776175333
-36.1804097704138,1.73149138594566,-0.0698572682193401
-36.1638641414871,1.73149138097903,-0.0698487197652059
-36.1473169576104,1.73149137589551,-0.0698401330735079
-36.1307681481952,1.73149137069706,-0.0698315090282066
-36.1142176535533,1.73149136538506,-0.0698228486316984
-36.0976654366859,1.73149135995901,-0.0698141530516549
-36.0811114929957,1.73149135441543,-0.0698054236537627
-36.0645558565163,1.73149134875092,-0.0697966618783734
-36.0479986018928,1.73149134296348,-0.0697878694595661
-36.0314398420756,1.73149133705241,-0.0697790485375063
-36.0148797223882,1.73149133101784,-0.0697702016967821
-35.9983184116699,1.73149132486032,-0.0697613320325708
-35.9817560918874,1.73149131858063,-0.0697524432517004
-35.965192947895,1.73149131217967,-0.0697435397316091
-35.9486291590837,1.73149130565808,-0.0697346262153842
-35.9320648937936,1.7314912990162,-0.0697257078646289
-35.9155003071709,1.73149129225415,-0.0697167902673748
-35.8989355422729,1.73149128537193,-0.0697078793613465
-35.8823707336828,1.73149127836929,-0.0696989812763873
-35.8658060124961,1.73149127124568,-0.0696901021297465
-35.8492415112704,1.73149126400063,-0.0696812480896372
-35.8326773670281,1.73149125663396,-0.0696724254001771
-35.8161137184854,1.73149124914572,-0.0696636404344909
-35.7995506974881,1.73149124153622,-0.0696548995078081
-35.7829884213635,1.73149123380665,-0.0696462088037119
-35.766426988246,1.73149122595788,-0.0696375742917897
-35.7498664746129,1.73149121798982,-0.0696290017173043
-35.7333069332933,1.73149120990098,-0.0696204966129369
-35.7167483911162,1.73149120168984,-0.0696120640431822
-35.7001908462892,1.73149119335542,-0.0696037086779806
-35.6836342670373,1.73149118489729,-0.0695954348143103
-35.6670785926125,1.73149117631557,-0.069587246329812
-35.6505237371498,1.73149116761046,-0.0695791466051371
-35.6339695959349,1.7314911587815,-0.0695711384960569
-35.6174160531627,1.73149114982743,-0.0695632243673765
-35.6008629899376,1.73149114074829,-0.0695554057790219
-35.5843102908725,1.73149113154466,-0.0695476836267849
-35.5677578484275,1.73149112221702,-0.0695400582481306
-35.5512055646948,1.73149111276559,-0.0695325295036294
-35.5346533527689,1.73149110319054,-0.0695250968789344
-35.5181011396375,1.73149109349212,-0.0695177595691523
-35.5015488668406,1.73149108367026,-0.0695105165251762
-35.4849964862888,1.73149107372456,-0.0695033665054527
-35.4684439524682,1.73149106365454,-0.0694963081391043
-35.451891214167,1.73149105345988,-0.0694893400488905
-35.4353382086826,1.73149104314044,-0.0694824610000942
-35.4187848601691,1.73149103269613,-0.0694756694165412
-35.4022310817097,1.7314910221269,-0.0694689636029003
-35.385676780293,1.73149101143344,-0.0694623419165078
-35.369121863158,1.7314910006185,-0.0694558028627311
-35.3525662441749,1.73149098968425,-0.0694493447473303
-35.3360098489484,1.73149097863094,-0.0694429657364747
-35.3194526180532,1.73149096745605,-0.0694366639379052
-35.3028945079867,1.73149095615483,-0.0694304375498478
-35.2863354897949,1.7314909447237,-0.0694242848684682
-35.2697755455589,1.7314909331612,-0.0694182043512045
-35.2532146633686,1.73149092146598,-0.0694121945937068
-35.2366528316417,1.73149090963955,-0.0694062541261605
-35.220090033661,1.73149089768404,-0.0694003816661746
-35.2035262434311,1.73149088560076,-0.0693945762857454
-35.1869614235437,1.7314908733899,-0.0693888374599786
-35.1703955254571,1.73149086105231,-0.0693831646718158
-35.1538284919435,1.73149084858874,-0.0693775574733354
-35.1372602616702,1.73149083599922,-0.0693720155557434
-35.1206907760406,1.73149082328332,-0.0693665387743229
-35.1041199872941,1.73149081044066,-0.06936112686766
-35.0875478657505,1.73149079747099,-0.0693557795704783
-35.0709744048961,1.7314907843743,-0.0693504967604447
-35.0543996236589,1.73149077115039,-0.0693452785326455
-35.0378235660756,1.73149075779867,-0.069340124961188
-35.0212462984319,1.73149074431856,-0.0693350362841392
-35.0046679046332,1.7314907307107,-0.0693300131181259
-34.9880884805919,1.7314907169774,-0.0693250565893208
-34.9715081286549,1.73149070311815,-0.0693201679390415
-34.954926952597,1.73149068913138,-0.069315348671459
-34.9383450540814,1.73149067501579,-0.0693106006726078
-34.9217625309864,1.73149066077085,-0.0693059262941677
-34.9051794777069,1.73149064639653,-0.0693013281382255
-34.8885959869971,1.73149063189276,-0.0692968089672796
-34.8720121527996,1.73149061725993,-0.0692923717763879
-34.8554280734527,1.73149060249977,-0.0692880195888343
-34.8388438543385,1.73149058761167,-0.0692837550585542
-34.8222596089733,1.73149057259433,-0.0692795808207805
-34.8056754584388,1.73149055744693,-0.0692754997178162
-34.7890915277177,1.73149054217059,-0.0692715149332029
-34.772507935935,1.73149052676835,-0.0692676296744664
-34.7559247835984,1.73149051124153,-0.0692638470552772
-34.7393421434777,1.73149049558936,-0.0692601700918329
-34.7227600573203,1.73149047980771,-0.0692566016389935
-34.7061785369814,1.73149046389193,-0.069253144416278
-34.6895975677168,1.73149044783971,-0.0692498009593414
-34.6730171119842,1.73149043165271,-0.0692465735711584
-34.656437113341,1.73149041533261,-0.0692434641519972
-34.6398575004936,1.73149039887771,-0.0692404740811123
-34.6232781916954,1.73149038228554,-0.0692376042537708
-34.6066990993777,1.73149036555461,-0.0692348550857689
-34.5901201345374,1.73149034868426,-0.0692322265348461
-34.5735412101728,1.7314903316743,-0.0692297181460355
-34.5569622432216,1.73149031452491,-0.0692273291002258
-34.5403831557962,1.73149029723665,-0.0692250582729166
-34.5238038789105,1.73149027980843,-0.069222904264922
-34.5072243566187,1.73149026224106,-0.0692208653468496
-34.4906445462324,1.73149024453565,-0.0692189395777091
-34.4740644141351,1.73149022668598,-0.0692171249664417
-34.4574839293532,1.73149020867499,-0.0692154195980971
-34.4409030579015,1.7314901904758,-0.0692138211715628
-34.4243217594941,1.73149017205811,-0.0692123273217225
-34.4077399873838,1.73149015339224,-0.0692109358575764
-34.3911576906542,1.73149013445128,-0.0692096448846675
-34.3745748178706,1.73149011521049,-0.069208452403296
-34.3579913208375,1.73149009564573,-0.0692073563105177
-34.3414071577874,1.73149007573332,-0.0692063544660477
-34.3248222955019,1.73149005545042,-0.0692054447242904
-34.3082367100752,1.73149003477386,-0.0692046249117035
-34.2916503862563,1.73149001367807,-0.0692038927872668
-34.2750633154367,1.73148999213936,-0.0692032462246686
-34.2584754926726,1.73148997013707,-0.0692026833006531
-34.2418869131866,1.73148994765294,-0.0692022022746691
-34.2252975688863,1.73148992467051,-0.0692018015474336
-34.2087074455168,1.73148990117402,-0.0692014796686954
-34.1921165209232,1.73148987714718,-0.0692012353908697
-34.1755247647457,1.73148985257762,-0.0692010676148007
-34.1589321398679,1.73148982745727,-0.0692009752375327
-34.1423386062193,1.73148980177537,-0.0692009570628228
-34.1257441261084,1.73148977551826,-0.0692010119332001
-34.1091486694938,1.73148974866815,-0.0692011388588983
-34.0925522182146,1.73148972120909,-0.069201336803073
-34.0759547686985,1.7314896931303,-0.069201604510533
-34.0593563330909,1.73148966442343,-0.0692019407911693
-34.0427569390752,1.73148963507997,-0.0692023446921893
-34.026156628497,1.731489605089,-0.069202815584684
-34.0095554550169,1.73148957444429,-0.069203352913216
-33.9929534809351,1.73148954314107,-0.0692039562961355
-33.9763507737562,1.73148951117288,-0.0692046256332295
-33.9597474030111,1.73148947852894,-0.0692053612092377
-33.94314343788,1.73148944520214,-0.0692061634117078
-33.9265389457472,1.73148941118774,-0.0692070327439618
-33.9099339919445,1.73148937648149,-0.0692079698448882
-33.8933286405712,1.73148934107835,-0.0692089755228453
-33.8767229561151,1.73148930497487,-0.0692100506934902
-33.8601170054021,1.7314892681711,-0.0692111961655333
-33.8435108592142,1.7314892306669,-0.0692124128011351
-33.8269045933195,1.73148919246005,-0.06921370159291
-33.8102982885299,1.73148915354585,-0.069215063680543
-33.793692029476,1.73148911392127,-0.0692165001966001
-33.7770858998625,1.73148907358391,-0.0692180122766493
-33.7604799722835,1.73148903253078,-0.0692196010741862
-33.7438742979884,1.73148899075744,-0.0692212678067903
-33.7272689016143,1.73148894826167,-0.0692230136637587
-33.710663781351,1.73148890504203,-0.069224839579059
-33.694058912288,1.73148886109683,-0.0692267462805952
-33.6774542507234,1.73148881642385,-0.069228734263781
-33.6608497381305,1.7314887710205,-0.0692308038243147
-33.6442453045021,1.73148872488405,-0.0692329551722712
-33.6276408715176,1.73148867801173,-0.069235188074678
-33.6110363554615,1.73148863040069,-0.0692375017943338
-33.5944316700722,1.73148858204819,-0.0692398950376008
-33.5778267292146,1.73148853295192,-0.0692423661703871
-33.5612214514392,1.73148848310983,-0.0692449133459083
-33.5446157674282,1.73148843252006,-0.0692475345690944
-33.5280096256762,1.73148838118089,-0.0692502277165258
-33.5114029930233,1.7314883290908,-0.0692529905438571
-33.4947958505472,1.73148827624846,-0.0692558207243265
-33.4781881873589,1.73148822265273,-0.0692587159003649
-33.461579994867,1.73148816830259,-0.0692616737349436
-33.4449712629869,1.73148811319768,-0.069264691971032
-33.4283619785671,1.7314880573401,-0.0692677685218357
-33.4117521256066,1.73148800073227,-0.0692709014084493
-33.3951416865485,1.73148794337129,-0.0692740885566402
-33.378530643988,1.73148788525311,-0.0692773279414754
-33.3619189825255,1.73148782637467,-0.0692806176730101
-33.3453066904091,1.73148776673424,-0.0692839560701796
-33.3286937608032,1.73148770633113,-0.0692873415038452
-33.3120801923808,1.73148764516543,-0.0692907723252419
-33.2954659893817,1.73148758323753,-0.0692942467935352
-33.2788511617771,1.73148752054784,-0.0692977632492779
-33.2622357253503,1.73148745709673,-0.0693013201813737
-33.2456197008519,1.73148739288452,-0.0693049162355416
-33.2290031121436,1.73148732791137,-0.0693085502170108
-33.2123859838615,1.73148726217701,-0.0693122210749533
-33.1957683393197,1.73148719568088,-0.0693159278832498
-33.1791501992395,1.73148712842238,-0.0693196698276441
-33.162531581527,1.73148706040089,-0.0693234462333973
-33.1459125020281,1.73148699161597,-0.0693272566375032
-33.1292929760016,1.73148692206755,-0.0693311006295605
-33.112673019876,1.73148685175568,-0.0693349777896449
-33.0960526529777,1.73148678068039,-0.0693388874360724
-33.0794318987403,1.73148670884159,-0.0693428288809343
-33.0628107853522,1.73148663623917,-0.0693468015525169
-33.0461893456526,1.73148656287298,-0.0693508050051137
-33.0295676162234,1.73148648874287,-0.0693548389004097
-33.0129456357775,1.73148641384869,-0.0693589029692503
-32.9963234428939,1.73148633818975,-0.0693629970045828
-32.9797010711818,1.7314862617634,-0.0693671209032594
-32.9630785396669,1.73148618456788,-0.0693712746192909
-32.9464558437606,1.73148610660427,-0.0693754581876317
-32.9298329519042,1.73148602787411,-0.0693796714449571
-32.913209808052,1.73148594837809,-0.0693839139189142
-32.8965863376511,1.73148586811553,-0.0693881849805268
-32.8799624564341,1.73148578708491,-0.0693924839261409
-32.8633380820242,1.73148570528474,-0.0693968100603106
-32.8467131438312,1.7314856227125,-0.069401162454915
-32.8300875875721,1.73148553936359,-0.0694055397962733
-32.8134613747358,1.73148545523588,-0.0694099404882307
-32.7968344794715,1.73148537032852,-0.0694143628287397
-32.7802068858106,1.73148528464076,-0.0694188050968969
-32.7635785867698,1.73148519817174,-0.0694232656175954
-32.7469495843736,1.73148511092036,-0.0694277428057936
-32.7303198894073,1.73148502288507,-0.0694322351993328
-32.7136895204397,1.73148493406376,-0.0694367415286091
-32.6970585024004,1.73148484445587,-0.0694412607836601
-32.6804268653145,1.73148475406093,-0.0694457920552597
-32.6637946435385,1.73148466287818,-0.0694503344637156
-32.6471618757545,1.73148457090858,-0.0694548870478541
-32.6305286055126,1.73148447815263,-0.0694594489644159
-32.6138948821402,1.73148438460923,-0.0694640195498022
-32.5972607615854,1.73148429027456,-0.0694685982640077
-32.5806263068702,1.73148419514491,-0.0694731847596676
-32.5639915879831,1.73148409921772,-0.0694777788925615
-32.5473566810754,1.73148400249151,-0.069482380697073
-32.5307216669355,1.73148390496586,-0.0694869903700424
-32.5140866288356,1.73148380664154,-0.0694916083170476
-32.4974516500174,1.73148370751857,-0.0694962351242106
-32.4808168108468,1.73148360759637,-0.0695008712863515
-32.4641821836092,1.73148350687354,-0.0695055173030335
-32.4475478231087,1.73148340534789,-0.0695101737354048
-32.4309137583846,1.73148330301673,-0.0695148411905062
-32.4142799901586,1.73148319987679,-0.0695195202509255
-32.3976464939903,1.73148309592287,-0.0695242113587253
-32.3810132263689,1.73148299115017,-0.0695289147970251
-32.3643801308545,1.73148288555572,-0.0695336306541128
-32.3477471427013,1.73148277913919,-0.0695383588302538
-32.3311141919057,1.73148267190036,-0.0695430989399086
-32.3144812074985,1.73148256383869,-0.0695478502980863
-32.2978481249514,1.7314824549523,-0.069552611899722
-32.2812148923001,1.73148234523837,-0.0695573824981294
-32.26458147175,1.73148223469378,-0.0695621607375306
-32.2479478371786,1.73148212331312,-0.0695669448698162
-32.2313139694486,1.73148201109104,-0.0695717329781223
-32.2146798520584,1.73148189802317,-0.0695765231401957
-32.1980454683337,1.73148178410612,-0.0695813134996657
-32.1814108003039,1.73148166933715,-0.0695861022750797
-32.1647758287009,1.73148155371385,-0.0695908877730506
-32.1481405335949,1.73148143723386,-0.0695956684349139
-32.1315048953244,1.73148131989492,-0.0696004425902922
-32.1148688953955,1.73148120169462,-0.0696052085425384
-32.0982325172535,1.7314810826296,-0.0696099646659685
-32.0815957469595,1.73148096269499,-0.0696147095162592
-32.064958573713,1.73148084188824,-0.0696194414807272
-32.0483209898958,1.73148072020767,-0.0696241589501321
-32.0316829906995,1.73148059765138,-0.0696288604098689
-32.0150445733561,1.73148047421718,-0.0696335444612621
-31.998405736104,1.73148034990045,-0.0696382096757758
-31.9817664769984,1.73148022467104,-0.069642854840856
-31.9651267927187,1.73148009846326,-0.0696474792510238
-31.9484866778348,1.7314799711991,-0.0696520818383774
-31.931846124349,1.7314798427951,-0.069656661442782
-31.9152051224799,1.73147971316572,-0.0696612170101754
-31.8985636628223,1.73147958222554,-0.0696657476524255
-31.8819217387636,1.73147944989297,-0.0696702524762488
-31.8652793482418,1.73147931608909,-0.0696747306127733
-31.8486364947411,1.73147918073687,-0.0696791812301919
-31.8319931877588,1.73147904376056,-0.0696836035031022
-31.8153494429424,1.73147890508864,-0.0696879967083854
-31.7987052820283,1.73147876465457,-0.0696923602947489
-31.782060732508,1.73147862239602,-0.0696966939226314
-31.7654158269849,1.73147847825406,-0.0697009971972689
-31.7487706020834,1.73147833217294,-0.069705269777386
-31.7321250971141,1.73147818409853,-0.0697095115276133
-31.7154793526822,1.73147803397631,-0.06971372265162
-31.6988334095414,1.73147788175969,-0.0697179031346527
-31.6821873074789,1.73147772740612,-0.0697220529627178
-31.665541084649,1.7314775708748,-0.0697261723032379
-31.6488947773639,1.7314774121267,-0.0697302615709735
-31.632248418543,1.73147725112301,-0.0697343210772539
-31.6156020279308,1.73147708782574,-0.069738351120718
-31.5989556068046,1.73147692219923,-0.0697423521180126
-31.5823091391255,1.73147675421153,-0.0697463246659153
-31.5656625940144,1.73147658382691,-0.0697502689624273
-31.5490159285769,1.73147641100941,-0.0697541849949214
-31.5323690923678,1.73147623572576,-0.0697580727308369
-31.5157220351534,1.73147605794672,-0.0697619322005678
-31.4990747147008,1.73147587764335,-0.069765763075019
-31.4824271000705,1.7314756947881,-0.0697695648103482
-31.4657791704299,1.731475509356,-0.069773336817191
-31.449130911431,1.73147532132572,-0.0697770786465246
-31.4324823116445,1.73147513067667,-0.0697807897732429
-31.415833360332,1.73147493738745,-0.069784469558158
-31.3991840468847,1.73147474143562,-0.0697881173672986
-31.3825343614644,1.73147454280149,-0.0697917325331754
-31.3658842961141,1.73147434146504,-0.0697953140775067
-31.3492338455547,1.73147413740753,-0.0697988610236433
-31.3325830081999,1.73147393061271,-0.0698023725801852
-31.3159317880662,1.73147372106737,-0.0698058481958412
-31.2992801964711,1.73147350875916,-0.0698092872839931
-31.282628252311,1.73147329367675,-0.0698126893220573
-31.2659759811208,1.73147307580939,-0.0698160538959157
-31.2493234134632,1.73147285514647,-0.069819380712753
-31.2326705832162,1.73147263167769,-0.0698226696009205
-31.2160175260273,1.73147240539332,-0.0698259204926576
-31.1993642780342,1.73147217628317,-0.0698291334546005
-31.1827108749875,1.73147194433886,-0.0698323085995553
-31.1660573516574,1.73147170955467,-0.0698354460166231
-31.1494037413222,1.73147147192598,-0.0698385458687202
-31.1327500729589,1.73147123144949,-0.0698416084294516
-31.1160963635577,1.73147098812416,-0.0698446341259711
-31.0994426107343,1.731470741947,-0.0698476234137092
-31.0827887915324,1.7314704929113,-0.0698505766580049
-31.0661348704961,1.73147024100545,-0.0698534939918823
-31.049480811841,1.73146998621868,-0.0698563754592876
-31.0328265880586,1.73146972854423,-0.0698592211037007
-31.0161721821256,1.73146946798179,-0.0698620310525703
-30.9995175849087,1.73146920453277,-0.0698648053896838
-30.9828627907819,1.73146893819802,-0.0698675441620167
-30.9662077941637,1.73146866897472,-0.0698702469103298
-30.9495525876464,1.73146839685834,-0.0698729130432872
-30.9328971617616,1.73146812184412,-0.0698755420487104
-30.9162415055441,1.73146784392724,-0.0698781335421471
-30.8995856072764,1.73146756310414,-0.0698806872154882
-30.8829294551031,1.73146727937387,-0.0698832028088537
-30.8662730375552,1.7314669927404,-0.0698856800885699
-30.8496163439532,1.73146670320816,-0.0698881188255288
-30.8329593647792,1.73146641077839,-0.069890518755408
-30.8163020920288,1.73146611544851,-0.0698928796553774
-30.7996445194536,1.73146581721464,-0.0698952013084829
-30.7829866425724,1.73146551607021,-0.0698974834854662
-30.7663284585143,1.73146521200563,-0.0698997257230213
-30.7496699659395,1.73146490501384,-0.0699019275360729
-30.7330111660806,1.73146459509076,-0.0699040885462209
-30.7163520637729,1.73146428223354,-0.0699062086064923
-30.6996926676477,1.73146396644528,-0.0699082877077738
-30.6830329895726,1.73146364773041,-0.069910325579625
-30.6663730436964,1.73146332609205,-0.0699123219499928
-30.6497128458107,1.73146300153107,-0.0699142767262465
-30.6330524132155,1.73146267404562,-0.0699161900860365
-30.6163917650606,1.73146234363537,-0.0699180620789284
-30.5997309227089,1.73146201030042,-0.0699198927634765
-30.5830699100676,1.73146167404074,-0.0699216823643708
-30.5664087537293,1.73146133485502,-0.0699234314419665
-30.5497474829768,1.73146099273895,-0.0699251404505682
-30.5330861292098,1.73146064769373,-0.06992680960272
-30.5164247225316,1.73146029972153,-0.0699284391112956
-30.4997632831728,1.73145994882306,-0.0699300292896808
-30.4831018129272,1.73145959499715,-0.0699315805628826
-30.4664402922754,1.73145923824029,-0.0699330934494154
-30.4497786860261,1.73145887854572,-0.0699345685358719
-30.4331169549466,1.73145851590663,-0.0699360063192603
-30.4164550654082,1.73145815031745,-0.0699374071315192
-30.3997929933213,1.73145778177456,-0.0699387711203068
-30.3831307230588,1.73145741027715,-0.0699400982258874
-30.3664682442306,1.73145703582438,-0.069941388296751
-30.3498055489235,1.73145665841309,-0.0699426411929932
-30.3331426305256,1.73145627803628,-0.0699438568719112
-30.316479483956,1.73145589469079,-0.0699450351489559
-30.2998161063263,1.73145550837451,-0.06994617581229
-30.2831524974172,1.73145511908473,-0.0699472787048151
-30.2664886596586,1.731454726818,-0.0699483437424867
-30.2498245975966,1.73145433157025,-0.0699493708978589
-30.233160317077,1.731453933337,-0.0699503601571298
-30.2164958243485,1.73145353211356,-0.0699513115039542
-30.1998311253816,1.73145312789621,-0.0699522249806831
-30.1831662254484,1.73145272068382,-0.0699531007630233
-30.1665011289822,1.73145231047053,-0.06995393890822
-30.149835839544,1.73145189724892,-0.069954739455547
-30.1331703599801,1.73145148101125,-0.0699555025100798
-30.1165046927413,1.7314510617484,-0.0699562282948373
-30.0998388402758,1.73145063945301,-0.0699569170399822
-30.0831728053931,1.73145021412158,-0.0699575689066771
-30.0665065915684,1.73144978575155,-0.0699581840595162
-30.0498402030795,1.7314493543396,-0.0699587626726906
-30.0331736449509,1.73144891988124,-0.0699593049295759
-30.0165069227626,1.73144848237094,-0.0699598110386444
-29.9998400423186,1.7314480418026,-0.069960281271764
-29.9831730092639,1.73144759816989,-0.0699607160258993
-29.9665058286461,1.73144715146629,-0.0699611157495428
-29.9498385044742,1.73144670168518,-0.0699614807792425
-29.9331710394142,1.73144624881986,-0.0699618112424042
-29.9165034346302,1.73144579286344,-0.0699621072680606
-29.8998356899113,1.73144533380894,-0.0699623690900171
-29.8831678038533,1.73144487164956,-0.0699625971149776
-29.8664997742441,1.73144440637848,-0.0699627917494341
-29.8498315984876,1.73144393798863,-0.0699629533371128
-29.8331632740124,1.7314434664728,-0.0699630821969848
-29.8164947986399,1.73144299182386,-0.0699631786990672
-29.7998261708262,1.73144251403488,-0.0699632431556329
-29.7831573897115,1.73144203309894,-0.0699632757289981
-29.7664884550205,1.73144154900879,-0.0699632763048305
-29.7498193667795,1.73144106175663,-0.0699632448006862
-29.7331501250432,1.73144057133424,-0.0699631812672254
-29.7164807295478,1.73144007773334,-0.0699630858619589
-29.6998111794156,1.73143958094572,-0.0699629588141452
-29.6831414729429,1.73143908096326,-0.0699628004243008
-29.6664716075045,1.73143857777789,-0.0699626111488054
-29.6498015796571,1.73143807138156,-0.0699623914756169
-29.633131385369,1.73143756176677,-0.0699621417704984
-29.616461020379,1.73143704892771,-0.0699618621148272
-29.5997904805017,1.73143653285496,-0.0699615524014449
-29.5831197619792,1.73143601353799,-0.0699612125609841
-29.5664488618324,1.73143549096674,-0.0699608426731259
-29.5497777781094,1.73143496513179,-0.0699604430504877
-29.5331065100258,1.7314344360241,-0.0699600140184406
-29.5164350578783,1.73143390363475,-0.0699595557777642
-29.4997634227975,1.73143336795007,-0.0699590681645756
-29.4830916065689,1.73143282890388,-0.0699585511701349
-29.4664196121471,1.73143228635937,-0.0699580053884133
-29.4497474449202,1.73143174014381,-0.0699574312232247
-29.4330751135563,1.73143119007057,-0.0699568288219201
-29.4164026300263,1.73143063595048,-0.0699561983012861
-29.3997300090881,1.73143007759768,-0.069955539892451
-29.383057267687,1.73142951483225,-0.0699548540231625
-29.3663844236464,1.73142894748092,-0.0699541410774988
-29.3497114907979,1.73142837537658,-0.0699534013918309
-29.333038472354,1.73142779835861,-0.0699526353321671
-29.3163653615784,1.73142721627296,-0.0699518433527767
-29.2996921478376,1.7314266289747,-0.0699510259939192
-29.2830188227754,1.73142603632571,-0.0699501837515835
-29.2663453834762,1.73142543819316,-0.0699493169485129
-29.2496718322318,1.73142483445069,-0.0699484258249506
-29.2329981745683,1.73142422497946,-0.0699475105915178
-29.2163244171134,1.73142360966718,-0.0699465715185465
-29.1996505662533,1.73142298840594,-0.0699456089092835
-29.1829766276848,1.73142236109097,-0.0699446230578409
-29.1663026065467,1.73142172762192,-0.0699436142890334
-29.1496285078056,1.73142108790335,-0.0699425829528375
-29.1329543365129,1.7314204418448,-0.0699415293989541
-29.1162800979709,1.73141978936049,-0.0699404539776612
-29.0996057978598,1.73141913036856,-0.0699393570835243
-29.0829314424479,1.73141846479001,-0.0699382391670027
-29.0662570386561,1.73141779255214,-0.0699371005727817
-29.049582594088,1.73141711358659,-0.0699359416017908
-29.0329081170315,1.7314164278282,-0.0699347625638043
-29.0162336163785,1.73141573521472,-0.0699335637930142
-28.9995591014149,1.73141503568665,-0.0699323456460427
-28.9828845815197,1.7314143291867,-0.0699311085264703
-28.9662100658541,1.73141361565947,-0.0699298529085203
-28.9495355630367,1.73141289505355,-0.0699285791321687
-28.9328610808506,1.73141216732079,-0.069927287493196
-28.9161866260996,1.73141143241572,-0.0699259783122712
-28.8995122046421,1.73141069029548,-0.0699246519421289
-28.8828378214329,1.73140994092033,-0.0699233087677724
-28.8661634806716,1.73140918425239,-0.0699219492012574
-28.8494891860338,1.73140842025474,-0.0699205737466209
-28.8328149410788,1.7314076488921,-0.0699191827238903
-28.8161407493209,1.73140687013155,-0.0699177763429763
-28.7994666143253,1.7314060839421,-0.0699163547825566
-28.7827925397853,1.73140529029369,-0.0699149182165182
-28.7661185295743,1.7314044891582,-0.0699134668483874
-28.7494445875453,1.73140368050976,-0.0699120009298407
-28.7327707173002,1.7314028643246,-0.0699105208122547
-28.7160969220118,1.73140204058089,-0.0699090267023058
-28.6994232042425,1.73140120925827,-0.0699075187503047
-28.6827495657076,1.73140037033752,-0.0699059970907459
-28.6660760071816,1.73139952380042,-0.069904461857406
-28.6494025285344,1.73139866962981,-0.0699029131906001
-28.6327291288673,1.73139780780956,-0.0699013512342302
-28.6160558067148,1.73139693832459,-0.0698997761285114
-28.5993825602841,1.73139606116082,-0.0698981880141962
-28.5827093877548,1.73139517630535,-0.0698965870352992
-28.5660362875256,1.7313942837464,-0.069894973324491
-28.5493632583631,1.73139338347274,-0.0698933469950466
-28.5326902995095,1.73139247547356,-0.0698917081389666
-28.516017410692,1.73139155973862,-0.0698900568079784
-28.4993445919628,1.73139063625844,-0.0698883930342904
-28.4826718435539,1.73138970502429,-0.0698867168903049
-28.4659991657563,1.73138876602827,-0.0698850283885894
-28.4493265587874,1.73138781926305,-0.0698833275244511
-28.432654022582,1.73138686472215,-0.0698816143084849
-28.4159815566904,1.73138590240126,-0.0698798888263464
-28.3993091603141,1.7313849322959,-0.0698781511767403
-28.3826368324593,1.73138395440022,-0.0698764014528899
-28.3659645720453,1.73138296870588,-0.0698746397754235
-28.3492923781104,1.73138197520479,-0.0698728662272685
-28.3326202500346,1.73138097388997,-0.0698710808504622
-28.3159481877626,1.73137996475568,-0.0698692836590616
-28.2992761919209,1.73137894779732,-0.0698674746117222
-28.2826042638779,1.73137792301102,-0.0698656535375045
-28.2659324056842,1.73137689039349,-0.0698638203176485
-28.2492606199978,1.73137584994114,-0.069861975001002
-28.2325889099319,1.73137480164889,-0.0698601178987935
-28.2159172789211,1.73137374551372,-0.0698582492679984
-28.1992457304449,1.73137268153418,-0.0698563693204487
-28.1825742678629,1.73137160970688,-0.069854478123185
-28.165902894307,1.73137053002681,-0.0698525755419671
-28.1492316126327,1.73136944248922,-0.0698506614905751
-28.1325604254442,1.73136834709023,-0.0698487360774284
-28.1158893352938,1.73136724382684,-0.0698467996528995
-28.0992183448318,1.73136613269347,-0.0698448523513393
-28.0825474568243,1.73136501368438,-0.0698428942271286
-28.0658766742819,1.73136388679532,-0.0698409254303824
-28.049206000651,1.73136275202367,-0.0698389463047438
-28.0325354399096,1.73136160936389,-0.0698369569828096
-28.0158649964535,1.73136045880943,-0.0698349575328346
-27.9991946749523,1.73135930035439,-0.0698329480910972
-27.9825244801767,1.73135813399493,-0.0698309289735177
-27.9658544168628,1.73135695973122,-0.0698289005136953
-27.9491844895149,1.73135577756171,-0.0698268629941261
-27.9325147022496,1.73135458747988,-0.0698248166534879
-27.915845058662,1.73135338947365,-0.0698227617713334
-27.8991755618692,1.73135218352984,-0.0698206984492065
-27.8825062143913,1.73135096963716,-0.0698186267261032
-27.8658370182116,1.73134974778776,-0.0698165466632337
-27.849167974928,1.73134851797594,-0.0698144584356983
-27.8324990860544,1.73134728019395,-0.0698123622331584
-27.8158303531637,1.73134603443311,-0.0698102582420047
-27.799161777847,1.73134478068497,-0.069808146647225
-27.7824933617195,1.73134351894269,-0.0698060277312006
-27.7658251064498,1.73134224919865,-0.0698039019166425
-27.7491570138456,1.73134097144336,-0.0698017695469467
-27.7324890856604,1.73133968566462,-0.0697996307630411
-27.7158213233783,1.73133839185006,-0.0697974855805395
-27.699153728069,1.73133708998762,-0.0697953338832744
-27.6824863003006,1.73133578006594,-0.0697931756059534
-27.6658190400232,1.73133446207454,-0.0697910108160372
-27.6491519465548,1.73133313600378,-0.0697888397728608
-27.6324850186901,1.73133180184559,-0.0697866626891277
-27.61581825479,1.73133045959084,-0.0697844796887164
-27.5991516529093,1.73132910922839,-0.0697822907360447
-27.5824852109297,1.73132775074541,-0.0697800958032674
-27.5658189267007,1.7313263841277,-0.0697778949431769
-27.5491527981637,1.73132500935899,-0.0697756883238671
-27.5324868234446,1.73132362642377,-0.0697734761777799
-27.5158210008507,1.7313222353086,-0.0697712588211539
-27.4991553288977,1.73132083600279,-0.0697690362284311
-27.4824898061471,1.73131942849508,-0.0697668082959689
-27.4658244311317,1.73131801277279,-0.0697645750103204
-27.4491592021989,1.73131658882197,-0.0697623365247223
-27.4324941174565,1.731315156626,-0.069760092947496
-27.4158291747068,1.73131371616817,-0.0697578443560889
-27.3991643714346,1.73131226743247,-0.069755590821975
-27.3824997048448,1.7313108104046,-0.0697533324472313
-27.3658351719436,1.73130934507386,-0.0697510694473362
-27.3491707696901,1.7313078714287,-0.0697488020087449
-27.3325064951309,1.73130638945511,-0.0697465302433425
-27.3158423455458,1.73130489913543,-0.0697442541877248
-27.2991783185101,1.73130340044893,-0.0697419738817251
-27.2825144119756,1.73130189337551,-0.0697396892370237
-27.2658506242504,1.73130037789661,-0.0697374001903846
-27.2491869539773,1.73129885399505,-0.069735106839861
-27.2325234000665,1.73129732165461,-0.0697328095400831
-27.2158599616878,1.73129578085972,-0.0697305083594093
-27.1991966380432,1.73129423159496,-0.0697282032709897
-27.1825334282329,1.73129267384344,-0.069725894321262
-27.1658703311948,1.73129110758392,-0.0697235817452319
-27.1492073457426,1.7312895327967,-0.0697212657641751
-27.1325444705946,1.73128794946791,-0.069718946422573
-27.1158817043699,1.7312863575845,-0.0697166237533895
-27.0992190456539,1.73128475713143,-0.0697142978717732
-27.0825564927304,1.73128314809088,-0.0697119690036349
-27.0658940416633,1.73128153044584,-0.0697096373157116
-27.0492316811109,1.73127990417823,-0.0697073029335409
-27.0325693844626,1.7312782692664,-0.0697049660200344
-27.0159071018508,1.73127662568139,-0.0697026269008937
-26.9992447557709,1.73127497338468,-0.0697002852794449
-26.9825822430737,1.73127331225096,-0.0696979407544147
-26.965919444226,1.73127164203569,-0.0696955934120668
-26.9492562382147,1.73126996243338,-0.0696932431402231
-26.9325925193783,1.73126827311655,-0.0696908895314701
-26.9159282118099,1.73126657375817,-0.0696885316769162
-26.8992632775586,1.73126486403867,-0.0696861683954343
-26.8825977167599,1.73126314364871,-0.0696837984668936
-26.8659315598476,1.73126141228842,-0.0696814208812079
-26.8492648543768,1.73125966967256,-0.0696790347936427
-26.8325976510161,1.73125791553195,-0.0696766395383531
-26.8159299925553,1.73125614961234,-0.0696742346917096
-26.7992619082862,1.73125437167495,-0.0696718200334489
-26.7825934149773,1.73125258149155,-0.069669395663922
-26.7659245243994,1.73125077884307,-0.0696669619954791
-26.7492552554369,1.73124896352047,-0.0696645196543153
-26.7325856474056,1.73124713532625,-0.0696620694431754
-26.7159157707757,1.73124529407581,-0.0696596123807998
-26.699245732033,1.73124343959806,-0.0696571494764059
-26.6825756708078,1.73124157173492,-0.0696546818693565
-26.6659057496476,1.73123969033985,-0.0696522109226153
-26.6492361388501,1.73123779527575,-0.0696497382861621
-26.632566999946,1.73123588641243,-0.0696472659506931
-26.6158984695234,1.7312339636238,-0.0696447962662282
-26.5992306442068,1.73123202678456,-0.0696423318839887
-26.5825635734661,1.73123007576734,-0.0696398756759012
-26.5658972645161,1.73122811044192,-0.0696374306744117
-26.5492316970306,1.73122613067934,-0.0696349996111867
-26.5325668412391,1.73122413635333,-0.0696325849550924
-26.5159026753899,1.73122212734258,-0.0696301889124942
-26.499239199541,1.73122010353347,-0.0696278133750854
-26.4825764399864,1.73121806482158,-0.0696254599114396
-26.4659144424751,1.73121601111174,-0.06962312983328
-26.4492532577419,1.73121394231743,-0.0696208243231001
-26.432592925357,1.73121185835617,-0.0696185444335029
-26.4159334613264,1.73120975914604,-0.0696162910776273
-26.399274852665,1.73120764460327,-0.0696140649874566
-26.3826170598817,1.73120551464506,-0.0696118667821806
-26.3659600259458,1.73120336919173,-0.0696096969607968
-26.3493036887408,1.73120120816804,-0.0696075558472819
-26.3326479932773,1.73119903150401,-0.0696054435408299
-26.3159929003912,1.73119683913538,-0.0696033598619093
-26.299338389448,1.73119463100365,-0.0696013043332785
-26.2826844548492,1.73119240705539,-0.0695992762336575
-26.2660310975212,1.73119016724095,-0.0695972746772494
-26.2493783138395,1.73118791151281,-0.0695952986893884
-26.2327260850685,1.73118563982405,-0.0695933472598741
-26.2160743702198,1.73118335212733,-0.0695914194024959
-26.1994231043522,1.73118104837453,-0.0695895142581106
-26.1827722029456,1.73117872851722,-0.0695876309289572
-26.1661215712157,1.73117639250779,-0.0695857682621167
-26.1494711158978,1.73117404030091,-0.0695839248274367
-26.132820756209,1.73117167185486,-0.0695820988428675
-26.1161704311802,1.73116928713245,-0.0695802883764449
-26.0995201016266,1.73116688610112,-0.0695784914975968
-26.0828697464641,1.73116446873244,-0.0695767064254507
-26.0662193546867,1.73116203500055,-0.0695749314034789
-26.0495689153261,1.7311595848797,-0.0695731646722318
-26.0329184083187,1.73115711834383,-0.0695714045638515
-26.0162677988441,1.73115463536765,-0.0695696495437435
-25.9996170368024,1.73115213592758,-0.069567898254306
-25.9829660616038,1.73114961999979,-0.0695661493233589
-25.9663148108677,1.73114708756031,-0.0695644012888956
-25.9496632306111,1.73114453858638,-0.0695626527644062
-25.9330112841948,1.73114197305811,-0.0695609025313814
-25.9163589576214,1.73113939095928,-0.069559149607378
-25.8997062597558,1.73113679227686,-0.0695573930460748
-25.8830532175159,1.73113417699934,-0.0695556318706165
-25.8663998673955,1.73113154511788,-0.0695538652203977
-25.8497462456921,1.73112889662615,-0.0695520924692679
-25.8330923800793,1.73112623151991,-0.0695503133183848
-25.8164382848067,1.73112354979317,-0.0695485277038276
-25.7997839607271,1.73112085143627,-0.0695467356603255
-25.7831293998736,1.73111813643796,-0.0695449373720645
-25.7664745932943,1.73111540478792,-0.0695431331519719
-25.7498195397777,1.73111265647693,-0.0695413234560481
-25.7331642529685,1.73110989149792,-0.0695395088408665
-25.7165087646727,1.73110710984682,-0.0695376899119018
-25.6998531235219,1.73110431152237,-0.0695358673292381
-25.6831973893096,1.73110149652459,-0.0695340418950337
-25.6665416245132,1.73109866485266,-0.0695322146746691
-25.6498858853015,1.7310958165071,-0.0695303866445894
-25.6332302142392,1.73109295148662,-0.069528558890811
-25.6165746368574,1.73109006978687,-0.0695267326648124
-25.5999191624544,1.73108717140076,-0.0695249093123669
-25.5832637890639,1.73108425631908,-0.0695230902352817
-25.5666085110215,1.73108132453159,-0.0695212768944038
-25.5499533269129,1.73107837602856,-0.0695194708109923
-25.5332982455406,1.73107541080195,-0.0695176732552968
-25.5166432881839,1.73107242884555,-0.0695158853364195
-25.4999884866768,1.73106943015443,-0.0695141080914094
-25.4833338778893,1.73106641472393,-0.0695123425312194
-25.4666794960958,1.73106338254865,-0.0695105896682422
-25.4500253653456,1.73106033362127,-0.06950885056593
-25.4333714939237,1.73105726793142,-0.0695071263800658
-25.416717872383,1.73105418546528,-0.0695054180808818
-25.4000644756402,1.73105108620575,-0.0695037265398659
-25.3834112686077,1.73104797013304,-0.0695020525747599
-25.3667582138147,1.73104483722631,-0.0695003969259886
-25.3501052788192,1.73104168746597,-0.0694987602066026
-25.3334524413939,1.73103852083463,-0.0694971429017485
-25.316799691213,1.73103533731655,-0.0694955454186616
-25.300147027759,1.73103213689682,-0.0694939678455555
-25.2834944550057,1.73102891956099,-0.0694924100867409
-25.2668419746574,1.73102568529551,-0.0694908719515668
-25.2501895798315,1.73102243408457,-0.0694893533048206
-25.2335372510678,1.73101916590782,-0.0694878541061807
-25.2168849555951,1.73101588073834,-0.0694863744217181
-25.2002326503148,1.73101257854473,-0.0694849143153606
-25.1835802876871,1.73100925929601,-0.0694834736273239
-25.1669278228803,1.73100592296362,-0.0694820520690683
-25.1502752201588,1.73100256952232,-0.0694806492733331
-25.1336224569441,1.73099919895169,-0.0694792648657282
-25.1169695245429,1.73099581123357,-0.0694778984332934
-25.1003164254637,1.73099240635062,-0.0694765495658048
-25.0836631680803,1.73098898428499,-0.0694752179279873
-25.067009760311,1.73098554501698,-0.0694739030442937
-25.0503562040245,1.73098208852418,-0.0694726044565075
-25.0337024918573,1.73097861478127,-0.0694713218425581
-25.0170486072128,1.73097512376133,-0.0694700550515682
-25.0003945275316,1.73097161543835,-0.0694688037864882
-24.9837402297062,1.73096808978601,-0.0694675677653314
-24.9670856962463,1.73096454677823,-0.0694663468372976
-24.950430920393,1.73096098639086,-0.069465141081755
-24.9337759088534,1.73095740859915,-0.0694639505069032
-24.9171206812643,1.73095381337952,-0.069462775076201
-24.9004652666658,1.73095020070881,-0.069461614832919
-24.8838096980138,1.73094657056549,-0.0694604698698622
-24.8671540061327,1.73094292292841,-0.0694593403345104
-24.8504982147695,1.73093925777463,-0.0694582264764788
-24.8338423381223,1.73093557508057,-0.0694571285919049
-24.8171863813525,1.73093187482413,-0.0694560469399187
-24.800530343863,1.7309281569814,-0.0694549818611458
-24.7838742243551,1.73092442152525,-0.0694539338462552
-24.7672180261778,1.73092066842473,-0.0694529035669541
-24.750561761364,1.73091689765264,-0.0694518916090069
-24.7339054521633,1.73091310918534,-0.06945089846113
-24.7172491296654,1.73090930300154,-0.0694499245575075
-24.7005928299648,1.7309054790811,-0.0694489702946902
-24.6839365888729,1.73090163740345,-0.0694480359876296
-24.6672804365467,1.7308977779462,-0.0694471220544088
-24.6506243935145,1.730893900685,-0.0694462291326957
-24.6339684692087,1.7308900055943,-0.0694453581046066
-24.6173126631595,1.73088609264402,-0.0694445096318186
-24.6006569684931,1.7308821618016,-0.0694436842766395
-24.5840013768225,1.73087821303388,-0.0694428825802935
-24.5673458830882,1.73087424630841,-0.0694421050551191
-24.5506904889132,1.73087026159459,-0.069441352159076
-24.5340352035689,1.73086625886407,-0.0694406242996046
-24.5173800423513,1.73086223809054,-0.069439921875073
-24.5007250229364,1.73085819923647,-0.069439244385386
-24.4840701606401,1.73085414213417,-0.0694385914957348
-24.4674154639569,1.73085006644034,-0.0694379639272441
-24.450760931631,1.7308459717201,-0.0694373625252263
-24.4341065521664,1.73084185750084,-0.0694367877694769
-24.4174523056755,1.73083772330127,-0.069436239831951
-24.4007981677069,1.73083356864703,-0.0694357187066381
-24.3841441140011,1.73082939307901,-0.0694352243267937
-24.3674901248821,1.73082519615849,-0.0694347564828146
-24.3508361881177,1.73082097746635,-0.069434314874021
-24.3341822993153,1.73081673660248,-0.0694338991267644
-24.3175284600717,1.73081247318497,-0.0694335088245967
-24.3008746744497,1.73080818684818,-0.0694331435374265
-24.2842209448309,1.73080387724226,-0.0694328028457098
-24.2675672682022,1.73079954403149,-0.069432486306709
-24.2509136340274,1.73079518689441,-0.0694321935082899
-24.2342600243427,1.73079080552326,-0.0694319240952804
-24.2176064161071,1.73078639962318,-0.0694316777380681
-24.2009527849703,1.73078196891201,-0.0694314541114975
-24.1842991095355,1.73077751312164,-0.0694312529479173
-24.1676453750227,1.7307730319995,-0.0694310738362511
-24.1509915752291,1.73076852530558,-0.0694309162780559
-24.1343377124047,1.73076399281083,-0.0694307797633654
-24.1176837950241,1.73075943429626,-0.069430663820583
-24.1010298342085,1.73075484955581,-0.0694305679218566
-24.0843758397629,1.73075023839349,-0.0694304915722485
-24.067721817004,1.7307456006224,-0.0694304343980225
-24.0510677651975,1.73074093606565,-0.0694303962248051
-24.0344136780163,1.73073624454889,-0.0694303768219862
-24.0177595458779,1.73073152590348,-0.06943037565662
-24.0011053593692,1.73072677996853,-0.0694303922279684
-23.9844511129653,1.73072200659165,-0.0694304262003453
-23.9677968078417,1.73071720562865,-0.0694304774147004
-23.9511424530425,1.73071237694601,-0.069430545762112
-23.9344880646609,1.73070752042108,-0.0694306311168028
-23.9178336632409,1.73070263594132,-0.0694307333638477
-23.9011792702022,1.73069772340316,-0.0694308524774786
-23.8845249042708,1.73069278270398,-0.0694309883392567
-23.867870578745,1.73068781374354,-0.0694311408446536
-23.8512163003936,1.73068281642519,-0.0694313100459107
-23.8345620702906,1.73067779065572,-0.0694314962705436
-23.8179078862401,1.73067273634518,-0.0694316996027794
-23.8012537459518,1.73066765341106,-0.0694319199499064
-23.7845996501726,1.73066254177717,-0.0694321572172352
-23.7679456048662,1.73065740137299,-0.06943241142887
-23.7512916217994,1.73065223213424,-0.0694326828707394
-23.7346377174634,1.73064703400425,-0.0694329716358794
-23.7179839104286,1.73064180692776,-0.0694332776455323
-23.7013302179958,1.73063655084782,-0.0694336007817599
-23.6846766530643,1.73063126570599,-0.0694339410951353
-23.6680232221191,1.73062595144939,-0.0694342986535576
-23.6513699247416,1.73062060803099,-0.0694346735969005
-23.634716754822,1.73061523540571,-0.0694350661039756
-23.6180637030776,1.73060983352858,-0.0694354763915521
-23.60141076022,1.73060440235582,-0.069435904343821
-23.5847579197401,1.73059894184872,-0.0694363496697848
-23.5681051796315,1.73059345197219,-0.0694368120904785
-23.5514525426343,1.73058793269275,-0.0694372914268469
-23.5348000149923,1.73058238397567,-0.069437787660326
-23.51814760397,1.73057680578961,-0.069438300713585
-23.501495314929,1.73057119810648,-0.069438830435135
-23.4848431488039,1.73056556089965,-0.0694393766542345
-23.4681911006821,1.73055989414349,-0.0694399392186092
-23.4515391599083,1.73055419781626,-0.0694405177769453
-23.4348873115803,1.73054847189415,-0.0694411119055618
-23.4182355391185,1.73054271635074,-0.069441721231668
-23.401583827197,1.73053693115743,-0.0694423454843459
-23.3849321642403,1.73053111628759,-0.0694429843837242
-23.3682805437752,1.73052527171883,-0.0694436375745877
-23.3516289643106,1.73051939743222,-0.0694443046491764
-23.3349774278524,1.73051349341162,-0.0694449851706587
-23.3183259375665,1.7305075596433,-0.0694456786701012
-23.3016744951869,1.73050159611321,-0.0694463846984434
-23.2850230989074,1.7304956028055,-0.0694471028375803
-23.2683717424162,1.73048957970232,-0.0694478326889676
-23.2517204152653,1.73048352678416,-0.0694485739282658
-23.2350691045394,1.73047744403073,-0.0694493264654955
-23.2184177974028,1.73047133142198,-0.0694500901579893
-23.2017664837174,1.73046518893911,-0.0694508646110991
-23.1851151579433,1.73045901656505,-0.069451649190447
-23.1684638198639,1.73045281428456,-0.0694524432559642
-23.1518124740591,1.73044658208413,-0.069453246261532
-23.1351611282458,1.73044031995161,-0.0694540577803112
-23.1185097909988,1.73043402787535,-0.0694548774800146
-23.101858469347,1.73042770584295,-0.0694557050689906
-23.0852071669803,1.73042135384047,-0.0694565402768099
-23.0685558836193,1.73041497185207,-0.069457382860738
-23.0519046156557,1.73040855986032,-0.0694582326175866
-23.0352533578886,1.73040211784685,-0.0694590893754351
-23.0186021057585,1.73039564579298,-0.0694599529599648
-23.0019508574458,1.73038914368045,-0.0694608231761979
-22.985299615296,1.73038261149232,-0.0694616998151366
-22.9686483861571,1.73037604921329,-0.0694625826735637
-22.9519971805528,1.73036945682944,-0.0694634715674208
-22.9353460108781,1.73036283432697,-0.0694643663255519
-22.9186948890942,1.73035618169118,-0.0694652667907451
-22.9020438246298,1.73034949890584,-0.0694661728313813
-22.8853928230195,1.73034278595278,-0.0694670843484025
-22.8687418856358,1.73033604281167,-0.0694680012748818
-22.8520910105412,1.7303292694603,-0.0694689236030689
-22.8354401941972,1.73032246587518,-0.0694698514256419
-22.818789433561,1.73031563203241,-0.0694707846688676
-22.8021387278615,1.73030876790818,-0.069471723207266
-22.7854880797266,1.73030187347945,-0.0694726669329853
-22.7688374951274,1.73029494872418,-0.0694736157924334
-22.7521869823577,1.73028799362086,-0.0694745697030373
-22.7355365502747,1.7302810081475,-0.0694755284937514
-22.7188862062613,1.73027399228085,-0.0694764919977927
-22.7022359545148,1.73026694599561,-0.0694774601076931
-22.6855857951226,1.73025986926439,-0.0694784328092308
-22.6689357241894,1.73025276205814,-0.0694794100530484
-22.6522857349082,1.73024562434482,-0.0694803917270299
-22.6356358192973,1.73023845609037,-0.0694813777297669
-22.6189859701746,1.73023125725923,-0.0694823680363487
-22.6023361826988,1.73022402781804,-0.0694833626349961
-22.5856864551596,1.73021676773238,-0.0694843613968185
-22.5690367887646,1.73020947696944,-0.0694853640984717
-22.5523871865262,1.73020215549869,-0.0694863704914856
-22.5357376515763,1.73019480329243,-0.0694873803690126
-22.5190881854318,1.73018742032147,-0.0694883935067084
-22.502438786737,1.73018000655314,-0.0694894095442799
-22.4857894506243,1.73017256195101,-0.0694904281267739
-22.4691401691088,1.73016508647568,-0.06949144896527
-22.4524909323564,1.73015758008594,-0.0694924718283655
-22.435841730435,1.7301500427401,-0.0694934965140367
-22.4191925550583,1.73014247439718,-0.0694945228130804
-22.4025434008287,1.73013487501751,-0.0694955504869124
-22.3858942656944,1.73012724456265,-0.0694965792687373
-22.3692451505029,1.73011958299471,-0.0694976089173197
-22.3525960578168,1.73011189027582,-0.0694986393262473
-22.3359469903641,1.73010416636745,-0.0694996703364828
-22.3192979495272,1.73009641122993,-0.0695007015836241
-22.3026489341942,1.73008862482214,-0.0695017326695331
-22.2859999404741,1.7300808071017,-0.0695027632988516
-22.269350962297,1.7300729580258,-0.0695037934095717
-22.2527019927644,1.73006507755089,-0.0695048229655122
-22.2360530257217,1.73005716563234,-0.069505851845293
-22.2194040571644,1.73004922222597,-0.0695068798695558
-22.2027550861883,1.73004124728886,-0.0695079067798695
-22.1861061150861,1.73003324077956,-0.0695089321547089
-22.1694571486302,1.73002520265778,-0.069509955601512
-22.1528081928192,1.73001713288348,-0.069510976854118
-22.1361592534419,1.73000903141586,-0.0695119957666256
-22.119510334691,1.73000089821455,-0.0695130122054856
-22.1028614383233,1.72999273323804,-0.0695140260610851
-22.0862125635995,1.72998453644328,-0.0695150372698907
-22.0695637080466,1.72997630778577,-0.0695160458011427
-22.0529148686498,1.72996804722,-0.0695170516221748
-22.036266043213,1.72995975470023,-0.0695180547274209
-22.019617231541,1.72995143018133,-0.0695190551963877
-22.0029684360946,1.72994307360339,-0.0695200519244034
-21.9863196618523,1.72993468474115,-0.0695210439694
-21.9696709155002,1.72992626314957,-0.0695220317172426
-21.9530222041524,1.72991780827324,-0.0695230156033868
-21.9363735339373,1.7299093195155,-0.069523995989205
-21.9197249088911,1.72990079627013,-0.0695249730858119
-21.903076330408,1.72989223793737,-0.0695259470517458
-21.8864277974807,1.72988364393291,-0.0695269178491535
-21.8697793074415,1.72987501369304,-0.0695278853213524
-21.8531308571399,1.72986634667709,-0.069528849259559
-21.8364824442145,1.72985764236825,-0.0695298093886036
-21.8198340680065,1.72984890027358,-0.0695307654639068
-21.8031857299679,1.72984011992342,-0.0695317173141418
-21.7865374334157,1.72983130087051,-0.0695326648497836
-21.7698891827646,1.72982244268828,-0.0695336080533848
-21.7532409823071,1.72981354496714,-0.0695345469679363
-21.73659283496,1.72980460731548,-0.0695354815771737
-21.7199447413971,1.72979562936051,-0.0695364117517397
-21.7032966997786,1.72978661074534,-0.069537337346515
-21.6866487060897,1.72977755112654,-0.0695382582735278
-21.6700007550244,1.72976845017045,-0.0695391746186935
-21.6533528412099,1.72975930755759,-0.0695400864883381
-21.6367049603919,1.72975012298938,-0.069540993764814
-21.620057110128,1.72974089618418,-0.0695418962570578
-21.6034092899702,1.72973162687503,-0.0695427938274712
-21.5867615011064,1.72972231480405,-0.0695436863340412
-21.5701137455698,1.72971295972402,-0.0695445736516587
-21.5534660250894,1.72970356139847,-0.0695454556985713
-21.5368183400753,1.72969411960395,-0.0695463323890608
-21.5201706890102,1.72968463413111,-0.0695472035000995
-21.5035230683624,1.72967510477988,-0.0695480688458354
-21.4868754730392,1.72966553135849,-0.0695489284324159
-21.4702278973329,1.72965591367708,-0.0695497824040812
-21.4535803360637,1.72964625155087,-0.0695506307770407
-21.4369327855187,1.72963654480591,-0.0695514734386418
-21.4202852440011,1.7296267932823,-0.0695523101676985
-21.4036377118402,1.72961699683206,-0.0695531407747359
-21.386990190904,1.72960715531287,-0.0695539650477005
-21.3703426837085,1.72959726858768,-0.0695547828482111
-21.3536951924467,1.72958733652842,-0.0695555939772877
-21.3370477181256,1.72957735901369,-0.0695563981286648
-21.3204002600602,1.72956733592729,-0.069557195079092
-21.3037528159737,1.72955726715785,-0.0695579847729026
-21.2871053825291,1.72954715259848,-0.069558767384577
-21.2704579562564,1.7295369921493,-0.0695595430362514
-21.253810534508,1.72952678571749,-0.0695603116823928
-21.2371631162203,1.72951653321361,-0.0695610731545555
-21.2205157022258,1.72950623455296,-0.069561827303186
-21.2038682951026,1.72949588965543,-0.0695625740775645
-21.187220898621,1.72948549844941,-0.0695633134380178
-21.1705735169344,1.72947506086998,-0.0695640454006797
-21.1539261535661,1.72946457685303,-0.0695647699025905
-21.137278810661,1.72945404633608,-0.0695654868729787
-21.1206314886919,1.72944346925882,-0.0695661963222605
-21.1039841866769,1.72943284556333,-0.0695668984013674
-21.0873369028265,1.7294221751946,-0.0695675931261802
-21.0706896353209,1.72941145810096,-0.0695682804640225
-21.0540423831016,1.72940069423481,-0.0695689604479238
-21.0373951464535,1.72938988355434,-0.0695696333358581
-21.0207479273078,1.72937902602077,-0.0695702993630913
-21.0041007289549,1.72936812159675,-0.0695709586085117
-20.9874535553698,1.72935717024628,-0.0695716109283026
-20.9708064103277,1.72934617193431,-0.0695722561704794
-20.9541592967051,1.72933512662492,-0.0695728942430987
-20.9375122158385,1.72932403428061,-0.069573525212371
-20.9208651673658,1.72931289486714,-0.0695741492499948
-20.9042181495155,1.72930170835764,-0.0695747666883621
-20.8875711599252,1.72929047472918,-0.069575377629682
-20.8709241963543,1.72927919395612,-0.06957598196583
-20.8542772573073,1.72926786600996,-0.0695765794883911
-20.8376303424597,1.72925649086263,-0.0695771700308463
-20.8209834527439,1.72924506848695,-0.0695777535457583
-20.8043365901117,1.72923359885667,-0.0695783301229072
-20.787689756925,1.72922208195041,-0.0695788998227343
-20.7710429551838,1.72921051774905,-0.0695794626974471
-20.7543961858416,1.72919890623345,-0.0695800188183976
-20.737749448413,1.7291872473851,-0.0695805683044774
-20.7211027409336,1.72917554118282,-0.0695811112467988
-20.7044560603328,1.72916378759876,-0.0695816477243154
-20.6878094031066,1.72915198660469,-0.0695821777841633
-20.6711627661105,1.7291401381758,-0.0695827014283169
-20.654516147166,1.72912824229105,-0.0695832186698567
-20.6378695453793,1.72911629893161,-0.0695837294797836
-20.6212229611016,1.7291043080802,-0.0695842337137568
-20.6045763955245,1.72909226971904,-0.069584731249773
-20.5879298500955,1.72908018383014,-0.0695852221051144
-20.5712833257974,1.72906805039631,-0.0695857065250641
-20.5546368227201,1.72905586939533,-0.0695861843598246
-20.5379903397079,1.72904364080204,-0.0695866553840594
-20.5213438744489,1.72903136459007,-0.0695871195594144
-20.504697423906,1.72901904073353,-0.0695875772094903
-20.4880509850558,1.72900666920889,-0.0695880284474875
-20.4714045554827,1.7289942499929,-0.0695884732500439
-20.4547581338341,1.72898178306185,-0.0695889115585395
-20.4381117200313,1.72896926839197,-0.0695893433307128
-20.4214653151628,1.728956705958,-0.0695897685102304
-20.4048189210683,1.7289440957313,-0.0695901869625896
-20.3881725396969,1.72893143768299,-0.0695905985879848
-20.3715261724819,1.72891873178497,-0.0695910034579936
-20.3548798199647,1.72890597800989,-0.0695914019261237
-20.3382334817355,1.72889317632859,-0.0695917940062596
-20.3215871564803,1.72888032671031,-0.0695921795752575
-20.3049408423324,1.72886742912267,-0.0695925585921816
-20.2882945374673,1.72885448353153,-0.0695929313146884
-20.2716482407858,1.72884148990406,-0.0695932979684231
-20.2550019523078,1.72882844820674,-0.0695936586200253
-20.2383556732255,1.72881535840558,-0.0695940132395444
-20.221709405664,1.72880222046473,-0.0695943617179863
-20.205063152203,1.72878903434999,-0.0695947039213894
-20.1884169153136,1.72877580003171,-0.0695950396355074
-20.1717706968032,1.72876251747915,-0.0695953687265157
-20.1551244974898,1.72874918665818,-0.0695956911803342
-20.1384783171609,1.72873580753126,-0.0695960070688209
-20.1218321548101,1.72872238005814,-0.0695963165067562
-20.1051860090728,1.72870890419559,-0.0695966196629079
-20.088539878742,1.72869537989583,-0.0695969168654409
-20.0718937632831,1.72868180711571,-0.0695972083985237
-20.0552476631219,1.72866818581666,-0.0695974943139244
-20.0386015796178,1.72865451596049,-0.069597774431003
-20.021955514746,1.72864079750765,-0.0695980485696402
-20.0053094706415,1.72862703041643,-0.0695983166682543
-19.9886634490868,1.72861321464158,-0.0695985788608433
-19.972017451116,1.72859935013412,-0.0695988353508043
-19.9553714768355,1.72858543684469,-0.0695990863155015
-19.9387255253892,1.72857147472433,-0.0695993318758558
-19.9220795952096,1.72855746372504,-0.069599572101533
-19.9054336844823,1.72854340380286,-0.0695998069473937
-19.888787791653,1.72852929491211,-0.0696000363275679
-19.8721419157938,1.72851513700396,-0.0696002602217473
-19.8554960567903,1.72850093002609,-0.0696004787697135
-19.8388502153192,1.72848667392932,-0.0696006921154566
-19.8222043925871,1.72847236866299,-0.069600900307955
-19.8055585898998,1.72845801417574,-0.0696011033581497
-19.7889128081243,1.72844361041733,-0.0696013012979894
-19.7722670473127,1.72842915734019,-0.0696014943037871
-19.7556213066102,1.72841465489296,-0.0696016825773697
-19.7389755844225,1.72840010302129,-0.0696018662683884
-19.7223298787338,1.72838550166893,-0.0696020453925157
-19.7056841875197,1.72837085077869,-0.0696022196840568
-19.689038509098,1.72835615029368,-0.069602388887925
-19.6723928424455,1.72834140015806,-0.0696025528790837
-19.6557471873785,1.72832660031713,-0.0696027116536188
-19.6391015444725,1.72831175071674,-0.069602865270006
-19.6224559147096,1.72829685130272,-0.0696030137994054
-19.6058102990593,1.72828190202049,-0.0696031573084963
-19.5891646980875,1.72826690281474,-0.0696032958540314
-19.5725191116859,1.72825185362932,-0.0696034294825744
-19.5558735389988,1.7282367544075,-0.0696035582561036
-19.5392279785871,1.72822160509425,-0.0696036823154662
-19.5225824287476,1.72820640563442,-0.0696038018140677
-19.5059368879158,1.72819115594869,-0.0696039156003437
-19.4892913550243,1.7281758557673,-0.0696040228093646
-19.4726458297928,1.72816050456823,-0.0696041241072464
-19.4560003127051,1.72814510170281,-0.0696042202279519
-19.4393548048512,1.72812964647333,-0.0696043116739232
-19.4227093076049,1.72811413817279,-0.069604398625311
-19.4060638222869,1.72809857610484,-0.0696044809175803
-19.3894183497743,1.72808295959315,-0.0696045582892673
-19.3727728902778,1.72806728798557,-0.0696046305158688
-19.3561274433282,1.72805156065579,-0.0696046974533297
-19.3394820079796,1.72803577700386,-0.0696047590412815
-19.322836583152,1.72801993645607,-0.0696048152697926
-19.306191167963,1.72800403846432,-0.069604866147336
-19.2895457620372,1.72798808250535,-0.0696049116897989
-19.2729003656739,1.72797206807967,-0.0696049519534353
-19.256254979827,1.72795599471026,-0.0696049871311391
-19.2396096059183,1.72793986194114,-0.069605017426516
-19.2229642455169,1.72792366933786,-0.0696050429427822
-19.2063188999981,1.72790741648534,-0.069605063469233
-19.1896735701813,1.72789110298616,-0.0696050787630798
-19.1730282561881,1.7278747284595,-0.0696050886779252
-19.1563829575112,1.72785829254059,-0.0696050931702662
-19.1397376732467,1.7278417948803,-0.0696050922724968
-19.1230924024192,1.72782523514464,-0.0696050860505747
-19.1064471442863,1.72780861301457,-0.0696050745721887
-19.0898018985799,1.72779192818593,-0.0696050578959825
-19.0731566656082,1.72777518036932,-0.0696050360751012
-19.0565114461944,1.72775836928947,-0.0696050091984524
-19.039866241445,1.72774149468427,-0.0696049774529433
-19.023221052511,1.72772455630366,-0.0696049408681488
-19.0065758802155,1.72770755390868,-0.0696048994167757
-18.9899307248091,1.72769048727075,-0.0696048530873566
-18.9732855859182,1.72767335617141,-0.0696048018911219
-18.9566404626121,1.7276561604017,-0.0696047458757919
-18.9399953536408,1.72763889976106,-0.0696046851537166
-18.9233502577746,1.72762157406087,-0.0696046197689483
-18.9067051740744,1.72760418312266,-0.0696045497428315
-18.8900601020678,1.72758672677651,-0.0696044751509453
-18.8734150418209,1.72756920486043,-0.0696043961921303
-18.8567699938929,1.7275516172217,-0.0696043128781078
-18.8401249590314,1.72753396371593,-0.0696042251528733
-18.8234799378547,1.72751624420603,-0.0696041330250795
-18.8068349305907,1.72749845856178,-0.0696040367134601
-18.7901899370461,1.72748060665769,-0.0696039364333827
-18.7735449565436,1.72746268837066,-0.0696038322501607
-18.7568999879887,1.72744470358497,-0.0696037241293381
-18.7402550300781,1.72742665219301,-0.0696036120503723
-18.7236100815997,1.72740853409582,-0.0696034960534497
-18.706965141715,1.72739034920025,-0.0696033760701555
-18.6903202100849,1.72737209741804,-0.0696032520568045
-18.6736752869284,1.72735377866586,-0.0696031240194166
-18.6570303728193,1.72733539286468,-0.0696029919820602
-18.6403854684386,1.72731693993922,-0.0696028559881762
-18.6237405743125,1.72729841981792,-0.0696027161677245
-18.6070956906818,1.72727983243327,-0.0696025728039579
-18.5904508174423,1.72726117771973,-0.0696024259742804
-18.5738059540523,1.72724245561443,-0.0696022756617973
-18.5571610996388,1.72722366605797,-0.069602121841397
-18.5405162532166,1.72720480899473,-0.069601964511153
-18.5238714139891,1.72718588437185,-0.0696018036830528
-18.507226581556,1.72716689213721,-0.0696016393293966
-18.4905817560265,1.72714783224197,-0.0696014714467389
-18.4739369379698,1.72712870464203,-0.0696013000719307
-18.4572921282143,1.72710950929872,-0.0696011253175103
-18.4406473276362,1.72709024617545,-0.0696009473166011
-18.4240025369292,1.72707091523606,-0.069600766258285
-18.4073577565045,1.72705151644459,-0.0696005823074739
-18.3907129863909,1.72703204976497,-0.0696003955913837
-18.3740682262037,1.72701251516043,-0.0696002062453499
-18.3574234753391,1.72699291259748,-0.0696000141501109
-18.3407787331498,1.7269732420445,-0.0695998191509618
-18.3241339991658,1.72695350347047,-0.0695996211860658
-18.3074892732701,1.72693369684373,-0.0695994203422065
-18.2908445558059,1.72691382213418,-0.0695992167477503
-18.2741998474821,1.72689387931387,-0.0695990105390415
-18.2575551491801,1.72687386835754,-0.069598801894552
-18.2409104617662,1.72685378924163,-0.0695985908614367
-18.2242657859046,1.72683364194205,-0.0695983774368275
-18.207621121857,1.72681342643344,-0.0695981616492991
-18.1909764694225,1.72679314268916,-0.0695979436567977
-18.1743318280564,1.72677279068204,-0.0695977235669436
-18.1576871971021,1.72675237038539,-0.06959750140699
-18.1410425760028,1.72673188177442,-0.0695972769807352
-18.1243979643603,1.7267113248239,-0.0695970501034329
-18.1077533620353,1.72669069950694,-0.0695968207577524
-18.0911087691881,1.72667000579302,-0.0695965892516392
-18.0744641863091,1.72664924364919,-0.0695963559250829
-18.0578196140848,1.72662841304321,-0.0695961207812442
-18.0411750530926,1.72660751394567,-0.0695958837459374
-18.0245305036585,1.72658654633046,-0.0695956448260057
-18.0078859657069,1.72656551017475,-0.0695954041818269
-17.991241438799,1.72654440545364,-0.0695951618305047
-17.9745969221955,1.72652323213858,-0.0695949177414202
-17.9579524150295,1.72650199019796,-0.0695946719356085
-17.9413079165128,1.72648067959747,-0.0695944245686943
-17.9246634261534,1.72645930030269,-0.069594175806049
-17.9080189438049,1.72643785228143,-0.0695939258048179
-17.8913744696414,1.72641633550317,-0.069593674672202
-17.8747300040769,1.72639474993475,-0.0695934222587602
-17.858085547562,1.72637309554153,-0.0695931683990166
-17.8414411003967,1.72635137228703,-0.069592913061825
-17.8247966626136,1.72632958013255,-0.069592656418926
-17.8081522339807,1.72630771903988,-0.069592398496304
-17.7915078139626,1.72628578897082,-0.0695921392803249
-17.774863401828,1.72626378988655,-0.0695918787833762
-17.7582189968258,1.72624172174741,-0.0695916170336037
-17.7415745983289,1.72621958451283,-0.0695913540639484
-17.7249302059534,1.72619737814148,-0.069591089915876
-17.7082858196181,1.72617510259194,-0.0695908247092872
-17.6916414396242,1.72615275782284,-0.0695905587119451
-17.6749970664401,1.72613034379006,-0.069590292058008
-17.6583526999447,1.72610786044754,-0.0695900247716334
-17.6417083365753,1.72608530774496,-0.0695897568554491
-17.6250639629767,1.72606268561928,-0.0695894883347522
-17.608419547559,1.72603999398154,-0.0695892192132884
-17.5917750349291,1.72601723270876,-0.069588949443157
-17.5751303486027,1.72599440164833,-0.0695886788842715
-17.5584854038755,1.72597150063672,-0.0695884072113589
-17.5418401268044,1.72594852952183,-0.0695881339107995
-17.525194470744,1.725925488187,-0.0695878583898243
-17.5085484219902,1.72590237655987,-0.0695875800653616
-17.4919019912033,1.72587919460486,-0.0695872983046102
-17.4752551950347,1.7258559422926,-0.0695870123845062
-17.4586080382258,1.72583261957549,-0.0695867216270339
-17.4419605067913,1.7258092263781,-0.0695864255480507
-17.4253125764508,1.72578576261087,-0.069586123904076
-17.4086642313503,1.72576222819541,-0.0695858164751536
-17.3920154816016,1.72573862309381,-0.0695855029537305
-17.3753663689782,1.72571494731255,-0.0695851831060425
-17.3587169572007,1.72569120088613,-0.0695848568602442
-17.3420673124209,1.72566738384816,-0.0695845243804619
-17.3254174855504,1.72564349620959,-0.0695841860381833
-17.3087675067853,1.72561953795248,-0.069583842485624
-17.2921173952293,1.72559550904351,-0.0695834944682017
-17.2754671769146,1.7255714094593,-0.0695831426740286
-17.2588168994882,1.72554723920838,-0.0695827878474003
-17.2421666341392,1.72552299833368,-0.0695824308423332
-17.2255164632658,1.72549868689295,-0.0695820726707026
-17.2088664613031,1.72547430493212,-0.0695817144583437
-17.1922166800625,1.72544985246485,-0.0695813574108793
-17.1755671470522,1.72542532947055,-0.0695810028122497
-17.1589178772631,1.72540073591035,-0.0695806519755278
-17.1422688905074,1.72537607175219,-0.0695803062138698
-17.1256202231259,1.7253513369879,-0.0695799668423486
-17.1089719266876,1.72532653162997,-0.0695796351993775
-17.0923240544325,1.72530165569491,-0.0695793125193861
-17.0756766438005,1.72527670917635,-0.0695789996867043
-17.059029705608,1.72525169202786,-0.0695786974766283
-17.0423832264158,1.72522660416622,-0.0695784067018375
-17.0257371822764,1.72520144549251,-0.0695781282463338
-17.0090915552676,1.72517621589358,-0.0695778617385247
-16.9924463426005,1.72515091508126,-0.0695776069957474
-16.9758015530073,1.72512554252279,-0.0695773651370683
-16.9591571998515,1.72510009660146,-0.0695771034946102
-16.9425133183337,1.72507457000967,-0.0695765874630432
-16.9258699494492,1.72504894742619,-0.0695752879904025
-16.9092270286859,1.72502321457923,-0.0695726962058988
-16.892584421536,1.72499736221353,-0.069568458968717
-16.8759420086271,1.72497138731475,-0.0695624205687673
-16.8592997554147,1.72494528988849,-0.0695545103326067
-16.8426576848539,1.72491907099131,-0.069544678995234
-16.8260158173055,1.72489273104835,-0.0695328451225608
-16.8093741109061,1.72486627125151,-0.0695189510134541
-16.7927324981084,1.72483969219542,-0.0695029110781561
-16.7760909059686,1.72481299460419,-0.069484635483284
-16.7594492838126,1.72478617914784,-0.0694640206390595
-16.7428076077492,1.72475924640545,-0.069440946471922
-16.7261658737569,1.72473219639738,-0.0694152574129154
-16.7095240586766,1.72470503063302,-0.069386840844368
-16.6928821367077,1.72467775228287,-0.0693556341661416
-16.6762400936133,1.72465036530988,-0.0693215927482639
-16.6595979139476,1.72462287397283,-0.0692846733879043
-16.6429555780553,1.72459528207512,-0.0692448059893782
-16.6263130609766,1.72456759323771,-0.0692019032163554
-16.6096703401114,1.7245398121048,-0.0691559068269502
-16.5930274090323,1.72451194550954,-0.0691068351055898
-16.5763842824757,1.72448400287731,-0.0690548042067048
-16.5597409978065,1.72445599456382,-0.0689999671892481
-16.543097582256,1.72442793085718,-0.0689424794746852
-16.5264540367943,1.72439982176434,-0.0688824929936635
-16.5098103620642,1.72437167624045,-0.068820121956143
-16.4931665690044,1.72434350254998,-0.0687554551625167
-16.4765226829852,1.72431530902548,-0.068688586628166
-16.4598787535033,1.72428710361876,-0.0686195952693283
-16.4432348308748,1.72425889432228,-0.0685485641370361
-16.4265909490352,1.72423068956671,-0.0684755994548344
-16.4099471269488,1.72420249809878,-0.0684008269569658
-16.3933033718713,1.72417432911325,-0.0683243993220247
-16.3766596799594,1.72414619337008,-0.0682465488923567
-16.3600160618024,1.72411810275181,-0.0681675711799385
-16.3433725447842,1.72409007027812,-0.0680878302599707
-16.326729180266,1.72406210798755,-0.0680076668735763
-16.3100860160293,1.72403422684731,-0.0679273966896213
-16.2934430788291,1.724006436944,-0.0678473202917428
-16.2768003741992,1.72397874745514,-0.0677677217167748
-16.260157895916,1.72395116665163,-0.0676888674323162
-16.2435156385216,1.72392370196101,-0.067611007940561
-16.2268736063773,1.72389636002301,-0.0675343795803014
-16.2102318146875,1.72386914661637,-0.0674592013984347
-16.1935902845607,1.72384206747738,-0.0673857457742793
-16.176949032033,1.72381513220673,-0.0673145673725021
-16.1603080549217,1.72378834839887,-0.0672461037925544
-16.1436673328549,1.72376171864331,-0.0671805598201238
-16.1270268364587,1.72373524138339,-0.0671179642309078
-16.1103865393598,1.72370891261372,-0.0670582467615272
-16.0937464258115,1.72368272745457,-0.0670013050356113
-16.0771064897649,1.72365668119848,-0.0669470482062954
-16.0604667265464,1.72363076977561,-0.0668954166054922
-16.0438271227327,1.72360498977694,-0.0668463834882808
-16.0271876507557,1.72357933823872,-0.0667999468619896
-16.0105482717422,1.72355381236304,-0.0667561183183102
-15.9939089447635,1.72352840928441,-0.0667149132655002
-15.9772696367928,1.72350312592176,-0.0666763446014531
-15.9606303275319,1.72347795891243,-0.0666404198985246
-15.9439910064114,1.7234529046019,-0.0666071412069754
-15.9273516640309,1.72342795906304,-0.0665765062949185
-15.910712283579,1.72340311812767,-0.0665485103385288
-15.8940728377617,1.7233783770899,-0.0665231339442729
-15.8774332932494,1.7233537291639,-0.0665002836027054
-15.8607936192111,1.72332916626352,-0.0664798354035552
-15.8441537993003,1.72330467993586,-0.0664616613773508
-15.8275138364393,1.72328026190629,-0.0664456435107841
-15.8108737470348,1.72325590424086,-0.0664316790248125
-15.7942335500491,1.72323159931395,-0.0664196794620052
-15.7775932575629,1.72320733969234,-0.0664095667895069
-15.7609528717515,1.72318311801654,-0.0664012690742432
-15.7443123890781,1.72315892692313,-0.066394717188926
-15.7276718082215,1.72313475901756,-0.066389842906203
-15.7110311361508,1.72311060687716,-0.0663865783693304
-15.6943903884593,1.72308646306822,-0.0663848563912586
-15.677749583848,1.7230623201627,-0.0663846110717163
-15.6611087364352,1.72303817075071,-0.0663857783931711
-15.6444678510492,1.72301400745278,-0.066388296620561
-15.6278269247384,1.72298982293728,-0.066392106471175
-15.6111859538267,1.72296560994305,-0.0663971511012046
-15.5945449422639,1.72294136130003,-0.0664033759989946
-15.5779039062002,1.72291706993979,-0.0664107288488655
-15.5612628720136,1.72289272889829,-0.0664191592286845
-15.5446218687972,1.72286833130284,-0.0664286185220808
-15.5279809198949,1.72284387035827,-0.0664390598864972
-15.5113400384119,1.72281933934322,-0.0664504382451135
-15.4946992290809,1.72279473161767,-0.0664627102149098
-15.4780584948795,1.7227700406406,-0.0664758340435229
-15.4614178439987,1.72274525998836,-0.0664897695452028
-15.4447772926434,1.72272038336619,-0.0665044780825686
-15.4281368618269,1.72269540460707,-0.0665199225280946
-15.4114965701541,1.72267031766151,-0.0665360672274742
-15.3948564271002,1.72264511658342,-0.0665528778275684
-15.3782164308976,1.72261979552969,-0.0665703212903707
-15.3615765721873,1.72259434877022,-0.066588365891397
-15.3449368411535,1.72256877070884,-0.0666069810472903
-15.3282972335802,1.7225430558963,-0.0666261373229241
-15.3116577521896,1.7225171990339,-0.0666458064026655
-15.2950184024637,1.72249119496653,-0.0666659610121208
-15.2783791856398,1.72246503866988,-0.0666865748694056
-15.2617400934467,1.72243872524073,-0.0667076227119875
-15.2451011078587,1.72241224989689,-0.0667290803662826
-15.228462206111,1.72238560798836,-0.0667509244955428
-15.2118233677679,1.72235879501695,-0.0667731325195305
-15.195184579584,1.7223318066459,-0.0667956826667243
-15.1785458352425,1.72230463869948,-0.0668185540270429
-15.1619071304837,1.72227728714935,-0.066841726521087
-15.1452684568052,1.72224974810344,-0.0668651807590268
-15.1286297978086,1.72222201779895,-0.066888897902311
-15.1119911304619,1.72219409260437,-0.0669128597994931
-15.0953524306708,1.72216596903039,-0.0669370490575869
-15.0787136797352,1.7221376437427,-0.0669614490538074
-15.0620748677675,1.72210911357175,-0.0669860436955589
-15.0454359920362,1.72208037550789,-0.0670108173784869
-15.0287970515251,1.72205142668438,-0.0670357550367491
-15.0121580412528,1.72202226436414,-0.0670608422477724
-14.9955189498932,1.72199288593319,-0.0670860653276751
-14.9788797623074,1.72196328891072,-0.0671114112829762
-14.9622404653351,1.72193347095806,-0.0671368676386882
-14.9456010532393,1.72190342988716,-0.0671624221778941
-14.9289615292693,1.72187316366207,-0.0671880630456104
-14.9123219026288,1.72184267039032,-0.0672137788313834
-14.8956821827598,1.72181194830855,-0.0672395586009472
-14.8790423745078,1.72178099576975,-0.0672653918875908
-14.8624024771348,1.72174981123795,-0.0672912686339454
-14.8457624876577,1.72171839329624,-0.0673171792464542
-14.8291224063244,1.72168674065821,-0.0673431146200327
-14.8124822407348,1.72165485217569,-0.0673690661404044
-14.7958420058882,1.721622726833,-0.0673950255649186
-14.7792017201361,1.7215903637332,-0.0674209850186655
-14.76256139959,1.72155776208648,-0.0674469369294664
-14.7459210543265,1.72152492120213,-0.0674728740545836
-14.7292806887005,1.72149184048438,-0.0674987893811985
-14.7126403053659,1.72145851943795,-0.0675246760164578
-14.6959999102863,1.72142495767648,-0.0675505273220985
-14.6793595155031,1.72139115492531,-0.0675763369177313
-14.662719137872,1.72135711101892,-0.0676020987574742
-14.6460787945338,1.7213228258897,-0.0676278071633145
-14.6294384979448,1.72128829955527,-0.0676534568248676
-14.6127982534086,1.72125353210874,-0.067679042698741
-14.5961580606225,1.72121852371977,-0.0677045599908053
-14.579517918186,1.72118327463346,-0.0677300038466216
-14.5628778280176,1.72114778518376,-0.0677553695449119
-14.5462377969719,1.72111205579835,-0.0677806526146243
-14.5295978346469,1.72107608699504,-0.0678058488054552
-14.5129579487285,1.72103987934745,-0.0678309529179086
-14.4963181409116,1.72100343330899,-0.0678559601369501
-14.4796784058807,1.72096674914891,-0.0678808672185254
-14.4630387339973,1.7209298270738,-0.0679056710862083
-14.4463991159552,1.72089266731212,-0.0679303686840319
-14.4297595465514,1.7208552701565,-0.0679549568641106
-14.4131200251407,1.72081763598104,-0.0679794324357845
-14.3964805527383,1.72077976524141,-0.0680037920011626
-14.379841127581,1.72074165846632,-0.0680280321693845
-14.3632017421222,1.72070331625012,-0.0680521497328695
-14.3465623833208,1.72066473925212,-0.0680761417964892
-14.3299230361349,1.72062592820292,-0.068100005645448
-14.3132836880148,1.7205868839129,-0.0681237387238215
-14.2966443316593,1.72054760727412,-0.068147338446922
-14.2800049643924,1.72050809925263,-0.0681708021574541
-14.2633655846885,1.72046836087897,-0.0681941272604188
-14.2467261881874,1.72042839323592,-0.0682173113173159
-14.230086765794,1.72038819745303,-0.0682403520109053
-14.2134473050258,1.72034777470809,-0.0682632470873785
-14.1968077937721,1.72030712623167,-0.0682859943857768
-14.180168224186,1.72026625331361,-0.0683085918858041
-14.1635285942876,1.72022515730394,-0.0683310377499721
-14.1468889064166,1.7201838396032,-0.0683533300677106
-14.1302491634186,1.72014230165705,-0.0683754668843457
-14.113609365139,1.72010054494466,-0.0683974463991004
-14.0969695143872,1.72005857093789,-0.0684192659341666
-14.080329650221,1.7200163806566,-0.068440908115437
-14.0636898403271,1.71997397369866,-0.0684623109856456
-14.0470500706153,1.71993134822447,-0.0684833684474085
-14.0304102774034,1.71988850223199,-0.0685039619246622
-14.0137704170213,1.71984543453335,-0.0685239854503829
-13.9971305140079,1.71980214490013,-0.0685433494673869
-13.9804906184627,1.71975863354189,-0.0685619690959677
-13.9638507578784,1.71971490065618,-0.0685797524079418
-13.9472109085826,1.71967094644954,-0.0685966009732947
-13.9305710602971,1.71962677147722,-0.068612414984257
-13.9139312243334,1.71958237671216,-0.0686270950234814
-13.8972914286389,1.71953776356992,-0.0686405435062107
-13.8806516971068,1.71949293381223,-0.068652663212342
-13.8640120429572,1.71944788941969,-0.0686633530270861
-13.8473724450498,1.71940263260973,-0.0686725095246447
-13.8307328894189,1.71935716615013,-0.0686800346433114
-13.8140933916736,1.71931149342862,-0.0686858370823867
-13.7974539744071,1.71926561830534,-0.0686898300669029
-13.7808146541118,1.71921954497394,-0.0686919275684647
-13.7641754307183,1.7191732778828,-0.068692041824826
-13.7475362873139,1.71912682182725,-0.0686900865695497
-13.730897201504,1.7190801821041,-0.06868598421576
-13.7142581579674,1.71903336466343,-0.0686796747951507
-13.69761916513,1.71898637611531,-0.0686711180018066
-13.6809802305576,1.71893922350994,-0.0686602875896465
-13.664341347068,1.71889191420391,-0.068647167627896
-13.6477025132909,1.71884445583206,-0.0686317493690453
-13.6310637269137,1.71879685623142,-0.0686140288048159
-13.6144249766294,1.71874912345183,-0.068594008904262
-13.5977862558289,1.71870126577546,-0.068571700375242
-13.5811475516533,1.7186532916485,-0.06854712044055
-13.5645088442998,1.71860520968162,-0.0685202941413927
-13.5478701184911,1.71855702868823,-0.0684912552341382
-13.5312313626001,1.71850875766583,-0.0684600460255577
-13.5145925532544,1.71846040584067,-0.0684267228574861
-13.4979536684114,1.71841198282614,-0.0683913638141363
-13.4813146962302,1.71836349866355,-0.0683540698637152
-13.4646756314781,1.71831496371308,-0.0683149597878486
-13.4480364688449,1.71826638850122,-0.0682741636966684
-13.4313972022298,1.7182177835719,-0.0682318172524727
-13.4147578215249,1.7181691594406,-0.0681880605846063
-13.3981183172685,1.71812052663492,-0.0681430411461229
-13.3814786834971,1.71807189568311,-0.0680969147893193
-13.3648389171036,1.71802327703598,-0.0680498444742675
-13.3481990162741,1.71797468095061,-0.0680019977945577
-13.331558988224,1.71792611908915,-0.0679535457374477
-13.3149188642566,1.71787760672608,-0.0679046847694644
-13.2982786652216,1.71782915494999,-0.0678556370207101
-13.2816384015354,1.7177807717395,-0.0678066139230213
-13.2649980790135,1.71773246310911,-0.0677577973409934
-13.248357701266,1.71768423370166,-0.0677093411086236
-13.2317172704716,1.71763608724192,-0.0676613815734805
-13.2150767878287,1.71758802681317,-0.0676140470606993
-13.1984362543474,1.71754005495378,-0.0675674620270187
-13.1817956719302,1.71749217365765,-0.0675217467375162
-13.1651550442195,1.71744438434752,-0.0674770153481589
-13.1485143767167,1.71739668787112,-0.0674333745741324
-13.131873676069,1.71734908452603,-0.0673909237552508
-13.1152329489752,1.71730157410165,-0.0673497555847135
-13.0985922012903,1.71725415591988,-0.0673099570422526
-13.0819514378348,1.71720682886075,-0.0672716100695812
-13.0653106629658,1.71715959138538,-0.067234791953696
-13.0486698814776,1.71711244155582,-0.0671995755407678
-13.0320290953282,1.71706537690611,-0.0671660255190431
-13.0153882826363,1.71701839394649,-0.067134186161761
-12.9987474043619,1.71697148830311,-0.0671040815968581
-12.9821064215871,1.71692465503025,-0.0670757235384124
-12.9654653053587,1.71687788878788,-0.0670491167509243
-12.9488240428927,1.71683118392003,-0.0670242609767917
-12.9321826408209,1.71678453447485,-0.0670011506151135
-12.9155411246138,1.71673793420598,-0.066979773871988
-12.89889953366,1.71669137657383,-0.0669601126823827
-12.8822579129993,1.7166448547561,-0.0669421433647304
-12.8656163039199,1.71659836166272,-0.0669258376138402
-12.8489747359997,1.71655188995695,-0.0669111632885069
-12.8323332226399,1.71650543207931,-0.0668980849890169
-12.8156917610206,1.71645898027977,-0.0668865644229368
-12.7990503359964,1.71641252665567,-0.0668765608008585
-12.7824089262896,1.71636606319873,-0.0668680311754073
-12.7657675106645,1.7163195818436,-0.0668609307921336
-12.7491260720806,1.71627307450812,-0.066855213403567
-12.7324845989208,1.71622653312633,-0.0668508315278371
-12.7158430837592,1.71617994967216,-0.0668477367161039
-12.6992015211247,1.71613331617708,-0.0668458799386651
-12.6825599058222,1.71608662474763,-0.066845211894001
-12.6659182326616,1.71603986758586,-0.0668456832679218
-12.6492764973433,1.7159930370116,-0.0668472449604856
-12.632634697528,1.71594612548384,-0.0668498482980716
-12.6159928331158,1.71589912561849,-0.0668534452448786
-12.5993509054913,1.7158520301976,-0.0668579884679979
-12.5827089162477,1.7158048321768,-0.0668634314366575
-12.5660668663818,1.71575752469346,-0.0668697285334646
-12.5494247565987,1.71571010107881,-0.0668768352233007
-12.5327825886176,1.71566255487022,-0.0668847081566965
-12.5161403665326,1.71561487982111,-0.0668933052192348
-12.4994980972874,1.71556706990853,-0.0669025856405399
-12.482855789873,1.7155191193351,-0.0669125100533821
-12.4662134536167,1.71547102252649,-0.0669230405206722
-12.4495710966464,1.71542277412796,-0.0669341405608365
-12.4329287254605,1.71537436900411,-0.066945775183819
-12.4162863458219,1.71532580224246,-0.0669579109271746
-12.3996439643416,1.71527706915423,-0.0669705157294821
-12.3830015896019,1.71522816527823,-0.0669835589883932
-12.3663592321128,1.71517908637972,-0.0669970115783193
-12.3497169029556,1.71512982844393,-0.0670108458187841
-12.3330746119545,1.71508038766678,-0.0670250354437892
-12.3164323665029,1.71503076044573,-0.0670395555688948
-12.2997901717112,1.71498094337967,-0.0670543827120949
-12.2831480316961,1.71493093327066,-0.067069494808132
-12.2665059510976,1.71488072712679,-0.0670848712344578
-12.2498639358363,1.71483032215694,-0.0671004924854646
-12.2332219925695,1.71477971575889,-0.0671163401063062
-12.2165801271902,1.71472890551076,-0.0671323968109993
-12.1999383433561,1.71467788916201,-0.0671486465520759
-12.1832966418928,1.71462666463128,-0.0671650743955691
-12.1666550214554,1.71457523000187,-0.0671816662634032
-12.1500134799394,1.7145235835202,-0.0671984090273112
-12.1333720158283,1.71447172359464,-0.0672152905753257
-12.1167306286341,1.71441964879187,-0.0672322998238939
-12.1000893182025,1.71436735783163,-0.0672494264624849
-12.0834480832848,1.71431484957577,-0.0672666609420751
-12.0668069203465,1.71426212301865,-0.0672839944533448
-12.0501658234773,1.71420917728181,-0.0673014189365933
-12.0335247854455,1.7141560116128,-0.0673189271445806
-12.0168837992834,1.71410262537073,-0.0673365114727884
-12.0002428594144,1.71404901788612,-0.067354164952446
-11.9836019616165,1.71399518840417,-0.0673718823212466
-11.9669611020341,1.71394113617798,-0.0673896588297636
-11.9503202759029,1.71388686052439,-0.0674074901124437
-11.9336794768496,1.71383236085077,-0.0674253722089241
-11.9170386972629,1.71377763666849,-0.0674433013712234
-11.9003979295101,1.71372268759955,-0.0674612740469337
-11.8837571673018,1.71366751338218,-0.0674792869319736
-11.8671164063812,1.71361211386915,-0.0674973370189976
-11.8504756441662,1.71355648902307,-0.0675154216582512
-11.833834878595,1.71350063890793,-0.0675335385758277
-11.8171941070305,1.71344456368427,-0.0675516857166419
-11.8005533258345,1.71338826360163,-0.0675698612589169
-11.7839125309627,1.71333173899559,-0.0675880636125299
-11.767271719192,1.71327499028787,-0.0676062913949511
-11.750630889221,1.71321801798617,-0.0676245434013517
-11.7339900419335,1.71316082268133,-0.0676428185848599
-11.7173491797081,1.71310340504136,-0.0676611160453373
-11.700708305146,1.71304576580185,-0.0676794349763406
-11.6840674200745,1.71298790575822,-0.0676977746906949
-11.6674265254363,1.71292982576356,-0.0677161345838037
-11.6507856220766,1.71287152673059,-0.067734514003902
-11.6341447118387,1.71281300963108,-0.0677529123411492
-11.6175037982818,1.71275427549505,-0.0677713290804388
-11.6008628865603,1.71269532540836,-0.0677897638273698
-11.5842219825095,1.71263616050329,-0.0678082161729086
-11.5675810914405,1.71257678195266,-0.0678266857473935
-11.5509402173815,1.71251719096483,-0.0678451722610829
-11.5342993632472,1.712457388785,-0.0678636753570517
-11.5176585316601,1.7123973766939,-0.0678821946430253
-11.5010177259344,1.71233715600864,-0.06790072973802
-11.4843769505423,1.71227672808298,-0.0679192803138657
-11.4677362107835,1.7122160943002,-0.0679378459645616
-11.4510955117145,1.71215525606838,-0.0679564262624871
-11.4344548571035,1.71209421481435,-0.0679750208166619
-11.4178142489833,1.71203297198235,-0.0679936291760344
-11.4011736880504,1.7119715290342,-0.0680122508019554
-11.3845331746447,1.71190988745182,-0.0680308850826581
-11.3678927096678,1.71184804874033,-0.0680495313267088
-11.3512522948261,1.71178601442098,-0.0680681887151705
-11.3346119320178,1.71172378602734,-0.068086856399689
-11.31797162231,1.71166136510051,-0.0681055335715878
-11.3013313651666,1.7115987531895,-0.0681242193619359
-11.2846911584075,1.71153595184666,-0.0681429128304561
-11.2680509988425,1.71147296262739,-0.0681616129781586
-11.2514108832537,1.71140978709227,-0.0681803187868436
-11.2347708091749,1.71134642680995,-0.0681990290320701
-11.2181307749001,1.71128288335617,-0.0682177424250082
-11.2014907788148,1.71121915830967,-0.0682364577134791
-11.1848508184747,1.71115525324699,-0.0682551737507246
-11.1682108901226,1.71109116973809,-0.0682738892688455
-11.1515709888697,1.71102690934789,-0.0682926028759676
-11.1349311094801,1.71096247363969,-0.0683113130790463
-11.1182912473525,1.71089786417969,-0.0683300182903695
-11.1016513990537,1.71083308253436,-0.0683487168912522
-11.085011562137,1.71076813026677,-0.0683674072741194
-11.0683717343348,1.7107030089325,-0.068386087887385
-11.0517319127827,1.71063772007865,-0.0684047570742853
-11.0350920937094,1.71057226523962,-0.0684234130845553
-11.0184522728693,1.71050664593501,-0.0684420540243342
-11.0018124464019,1.71044086367665,-0.0684606780247799
-10.9851726116446,1.71037491997311,-0.0684792833198879
-10.9685327673483,1.71030881633166,-0.0684978683366981
-10.9518929132958,1.71024255425005,-0.0685164315472148
-10.9352530494415,1.71017613521369,-0.0685349712925492
-10.9186131752091,1.71010956069397,-0.068553485732672
-10.9019732893682,1.71004283214453,-0.0685719729822982
-10.8853333906296,1.70997595100334,-0.0685904311870934
-10.8686934784329,1.70990891869676,-0.0686088585520919
-10.8520535535453,1.70984173663774,-0.0686272532159244
-10.8354136179962,1.70977440622571,-0.0686456133069408
-10.8187736744542,1.70970692884251,-0.0686639369831191
-10.8021337254037,1.7096393058539,-0.0686822224375347
-10.7854937725982,1.70957153860894,-0.0687004679139551
-10.7688538171245,1.70950362844056,-0.0687186717646078
-10.75221386012,1.70943557666435,-0.0687368323100561
-10.735573903433,1.70936738457874,-0.0687549476826482
-10.718933949894,1.70929905346535,-0.0687730160020717
-10.7022940030585,1.70923058458769,-0.0687910355092524
-10.6856540665645,1.70916197918925,-0.0688090046316241
-10.6690141434468,1.70909323849143,-0.0688269216854748
-10.6523742357003,1.70902436369096,-0.0688447849302613
-10.6357343445134,1.70895535595914,-0.0688625925862009
-10.6190944709184,1.70888621644672,-0.0688803429354638
-10.6024546164545,1.70881694628746,-0.0688980343724622
-10.5858147833685,1.70874754659943,-0.0689156654257303
-10.5691749742324,1.70867801848015,-0.0689332346593807
-10.5525351912059,1.70860836300184,-0.068950740644416
-10.5358954354295,1.70853858121203,-0.0689681818184962
-10.5192557068418,1.70846867413105,-0.0689855565585233
-10.5026160046135,1.70839864275302,-0.0690028632699249
-10.4859763278659,1.70832848804796,-0.0690201004661038
-10.4693366762464,1.70825821096723,-0.0690372667103623
-10.4526970499513,1.70818781244521,-0.0690543605767016
-10.4360574492263,1.70811729339445,-0.0690713804690167
-10.4194178736417,1.70804665470163,-0.0690883247772719
-10.4027783216888,1.70797589722661,-0.0691051919869626
-10.3861387909426,1.70790502180432,-0.0691219807090259
-10.3694992786492,1.70783402924361,-0.0691386895146293
-10.3528597823415,1.7077629203318,-0.0691553169544806
-10.3362203001834,1.7076916958375,-0.0691718615856631
-10.3195808308593,1.70762035651064,-0.0691883219857781
-10.3029413730732,1.70754890308076,-0.0692046967765647
-10.2863019249939,1.7074773362546,-0.06922098464444
-10.2696624840197,1.70740565671099,-0.0692371842137444
-10.2530230470409,1.70733386510334,-0.0692532940868953
-10.2363836110431,1.70726196206289,-0.0692693128278282
-10.219744173664,1.70718994820389,-0.0692852390462986
-10.2031047334071,1.70711782412525,-0.0693010714419115
-10.1864652893762,1.70704559040963,-0.0693168088394189
-10.1698258407419,1.70697324761889,-0.0693324501107852
-10.1531863862643,1.70690079629249,-0.0693479941625522
-10.1365469242182,1.70682823694397,-0.0693634398085352
-10.1199074527252,1.70675557006466,-0.0693787858373583
-10.1032679703412,1.70668279612755,-0.0693940310598651
-10.0866284765025,1.7066099155894,-0.0694091743155051
-10.0699889715359,1.70653692889101,-0.069424214474074
-10.0533494562721,1.70646383645623,-0.0694391504358817
-10.0367099314732,1.70639063868976,-0.0694539811322176
-10.0200703974603,1.70631733597537,-0.0694687055305199
-10.0034308541562,1.70624392867579,-0.0694833226402676
-9.98679130152038,1.70617041713473,-0.0694978315101619
-9.97015174006202,1.70609680167961,-0.0695122312158792
-9.9535121711104,1.70602308262336,-0.0695265208473558
-9.93687259664772,1.705949260264,-0.0695406995077436
-9.92023301883236,1.70587533488247,-0.069554766324601
-9.90359343948313,1.7058013067406,-0.06956872046102
-9.88695385983721,1.70572717607963,-0.069582561139306
-9.87031428071593,1.70565294312048,-0.0695962876603797
-9.85367470297501,1.70557860806969,-0.0696098992636921
-9.83703512789556,1.70550417111966,-0.069623395180024
-9.8203955573176,1.70542963244845,-0.0696367746767033
-9.80375599342133,1.70535499221914,-0.0696500370615753
-9.78711643821552,1.70528025057814,-0.0696631816738097
-9.7704768930945,1.70520540765352,-0.0696762078820922
-9.75383735872258,1.70513046355496,-0.0696891150886633
-9.73719783532026,1.70505541837532,-0.0697019027272912
-9.72055832312334,1.70498027219274,-0.0697145702520432
-9.703918822731,1.70490502507229,-0.0697271171270908
-9.68727933511346,1.70482967706632,-0.0697395428246803
-9.67063986129268,1.70475422821346,-0.0697518468304031
-9.65400040188838,1.70467867853685,-0.0697640286448366
-9.63736095680035,1.70460302804302,-0.0697760877846968
-9.62072152524405,1.70452727672234,-0.0697880237858384
-9.60408210610814,1.70445142455098,-0.0697998362036343
-9.58744269840702,1.70437547149318,-0.0698115246112331
-9.57080330154555,1.70429941750275,-0.0698230885980104
-9.5541639152444,1.70422326252314,-0.0698345277736575
-9.5375245392092,1.70414700648601,-0.0698458417628005
-9.5208851727006,1.70407064930192,-0.0698570297229338
-9.50424581435163,1.70399419078891,-0.0698680909572422
-9.48760646233298,1.70391763064684,-0.0698790254000018
-9.47096711475817,1.70384096851115,-0.0698898329854593
-9.45432777009447,1.70376420398734,-0.0699005135667001
-9.43768842731723,1.70368733666883,-0.0699110669012107
-9.4210490857368,1.70361036614538,-0.0699214926807632
-9.40440974462561,1.70353329200629,-0.0699317905857425
-9.38777040294801,1.70345611384114,-0.0699419603096759
-9.37113105923908,1.7033788312396,-0.0699520015598445
-9.35449171181685,1.70330144379249,-0.0699619140712205
-9.33785235918415,1.70322395109357,-0.0699716976264411
-9.32121300041049,1.70314635274133,-0.0699813520558882
-9.30457363519008,1.70306864833906,-0.0699908772046168
-9.28793426353671,1.70299083749336,-0.0700002729154697
-9.27129488539543,1.70291291981208,-0.0700095390412597
-9.25465550039368,1.70283489490289,-0.0700186754648841
-9.2380161079075,1.70275676237348,-0.0700276820963648
-9.22137670731207,1.70267852183272,-0.0700365588591078
-9.20473729833508,1.7026001728922,-0.0700453056917568
-9.18809788126929,1.70252171516703,-0.070053922553864
-9.17145845690128,1.70244314827546,-0.0700624094407861
-9.15481902625363,1.70236447183757,-0.0700707663847623
-9.13817959023029,1.70228568547355,-0.070078993426937
-9.12154014936758,1.70220678880252,-0.0700870906060886
-9.10490070391914,1.70212778144293,-0.0700950579731835
-9.08826125416746,1.70204866301399,-0.0701028956048672
-9.07162180074189,1.70196943313724,-0.0701106036184383
-9.05498234478448,1.70189009143736,-0.0701181821670672
-9.03834288777776,1.70181063754126,-0.0701256314163011
-9.02170343117915,1.70173107107634,-0.0701329515327017
-9.00506397609446,1.70165139166889,-0.0701401426859258
-8.98842452317606,1.70157159894357,-0.0701472050589935
-8.97178507279943,1.70149169252434,-0.0701541388573655
-8.95514562538355,1.70141167203613,-0.0701609443102551
-8.93850618164066,1.70133153710603,-0.0701676216675866
-8.92186674260084,1.70125128736325,-0.0701741712011615
-8.90522730941862,1.70117092243837,-0.0701805931970493
-8.88858788302176,1.70109044196197,-0.0701868879467752
-8.87194846387086,1.70100984556278,-0.0701930557327897
-8.85530905196185,1.70092913286643,-0.0701990967895231
-8.83866964704406,1.70084830349863,-0.0702050113885761
-8.82203024893244,1.70076735708796,-0.0702107998794955
-8.8053908576954,1.70068629326835,-0.0702164627413798
-8.78875147364661,1.70060511167738,-0.070222000504892
-8.77211209709139,1.7005238119504,-0.0702274135814789
-8.75547272800812,1.70044239372063,-0.0702327023288261
-8.73883336590154,1.70036085661976,-0.0702378671089348
-8.72219400992186,1.70027920027892,-0.0702429083025273
-8.70555465910424,1.70019742432929,-0.0702478263263944
-8.68891531264175,1.70011552840279,-0.0702526216688269
-8.67227597006432,1.70003351213698,-0.070257294756702
-8.65563663109933,1.69995137517294,-0.0702618459983627
-8.6389972954068,1.69986911715274,-0.0702662758186881
-8.62235796235011,1.69978673771814,-0.0702705846719396
-8.60571863096197,1.69970423651012,-0.0702747730362413
-8.58907930007048,1.69962161316943,-0.0702788414010943
-8.57243996856265,1.69953886733809,-0.070282790271273
-8.55580063564038,1.699455998661,-0.0702866201680576
-8.53916130086959,1.6993730067872,-0.0702903316406133
-8.52252196401987,1.69928989137003,-0.0702939252898772
-8.50588262483565,1.6992066520627,-0.070297401640826
-8.48924328282908,1.69912328851798,-0.0703007612114129
-8.47260393725081,1.69903980038764,-0.070304004577646
-8.45596458730648,1.69895618732732,-0.0703071322665309
-8.43932523242904,1.69887244899666,-0.0703101448110826
-8.42268587243407,1.69878858505945,-0.0703130427717992
-8.40604650748875,1.69870459518297,-0.0703158267347549
-8.3894071379171,1.69862047903683,-0.070318497309627
-8.37276776397766,1.69853623629217,-0.0703210551006775
-8.35612838571247,1.6984518666223,-0.0703235006510486
-8.33948900297165,1.69836736970085,-0.0703258345269195
-8.32284961561184,1.69828274520131,-0.0703280573957741
-8.30621022376816,1.69819799279647,-0.070330170090148
-8.28957082797346,1.69811311216547,-0.070332173369456
-8.27293142902982,1.69802810299291,-0.0703340679326196
-8.25629202777095,1.697942964967,-0.0703358544533445
-8.23965262483591,1.69785769777792,-0.0703375335998364
-8.22301322059158,1.69777230111657,-0.0703391060532038
-8.20637381523947,1.69768677467475,-0.0703405725237853
-8.18973440906333,1.69760111814656,-0.0703419337461045
-8.17309500258932,1.69751533122955,-0.0703431904610928
-8.15645559660963,1.69742941362382,-0.0703443434191803
-8.13981619200372,1.69734336503043,-0.0703453934081531
-8.12317678954247,1.69725718515461,-0.0703463411439276
-8.1065373897047,1.69717087370395,-0.0703471873465022
-8.08989799270282,1.69708443038732,-0.070347932781135
-8.07325859864301,1.69699785491508,-0.0703485782386082
-8.05661920768316,1.69691114699989,-0.0703491245124473
-8.03997982013757,1.6968243063562,-0.0703495724340319
-8.0233404364551,1.69673733269897,-0.0703499229392247
-8.00670105714202,1.69665022575078,-0.0703501768168567
-7.9900616825288,1.69656298523699,-0.0703503348027383
-7.97342231261183,1.69647561088325,-0.0703503976600964
-7.95678294709474,1.69638810241618,-0.0703503662248723
-7.94014358559565,1.696300459561,-0.070350241282003
-7.92350422782377,1.69621268204499,-0.0703500236131632
-7.90686487366548,1.69612476959964,-0.0703497140269187
-7.89022552315379,1.69603672196074,-0.0703493133551914
-7.87358617630483,1.69594853886713,-0.0703488224275678
-7.85694683289525,1.69586022005868,-0.0703482420785844
-7.84030749239575,1.6957717652745,-0.07034757320721
-7.82366815409507,1.69568317425559,-0.0703468167299459
-7.80702881731452,1.69559444674519,-0.0703459735979474
-7.79038948156344,1.69550558249193,-0.0703450447315715
-7.77375014657495,1.69541658125159,-0.0703440310112745
-7.75711081221333,1.69532744278424,-0.0703429331074926
-7.74047147826666,1.69523816685339,-0.0703417516003867
-7.72383214429568,1.69514875322286,-0.0703404871492881
-7.7071928096628,1.69505920165567,-0.0703391405501322
-7.69055347368729,1.69496951191458,-0.0703377127650091
-7.67391413581197,1.69487968376752,-0.0703362048409947
-7.65727479574112,1.69478971698672,-0.0703346177201415
-7.64063545343619,1.69469961134655,-0.0703329520677474
-7.62399610891968,1.69460936662452,-0.0703312085366501
-7.60735676212234,1.69451898260154,-0.0703293879401232
-7.59071741279686,1.69442845906286,-0.0703274913995395
-7.57407806063334,1.69433779579833,-0.0703255199864478
-7.55743870536578,1.69424699260182,-0.0703234745920377
-7.54079934687975,1.69415604926887,-0.0703213560344227
-7.5241599852843,1.69406496559582,-0.0703191651261882
-7.50752062089465,1.69397374137732,-0.0703169027039822
-7.49088125407191,1.69388237641008,-0.0703145696523428
-7.47424188509117,1.69379087049693,-0.0703121668182384
-7.45760251409888,1.69369922344963,-0.0703096948594131
-7.44096314112524,1.69360743508089,-0.0703071543977611
-7.42432376620101,1.69351550520358,-0.0703045462095446
-7.40768438951736,1.69342343362994,-0.0703018713413577
-7.3910450114922,1.693331220178,-0.0702991309474187
-7.37440563271268,1.69323886467182,-0.0702963260727985
-7.35776625375428,1.69314636694274,-0.070293457538506
-7.3411268749971,1.69305372682439,-0.0702905261585774
-7.32448749662153,1.69296094414693,-0.0702875327293015
-7.30784811870288,1.69286801873779,-0.0702844781662816
-7.29120874136471,1.69277495042572,-0.0702813635145404
-7.27456936492308,1.69268173904712,-0.0702781898116054
-7.25792998987768,1.69258838444569,-0.0702749578214979
-7.2412906167245,1.69249488646788,-0.070271668259986
-7.22465124580195,1.6924012449611,-0.0702683219506051
-7.20801187722111,1.69230745977315,-0.0702649199229869
-7.19137251095793,1.69221353074983,-0.0702614631249164
-7.17473314693142,1.69211945773806,-0.0702579524792873
-7.15809378510157,1.69202524058679,-0.0702543890205868
-7.14145442555267,1.69193087915303,-0.0702507738540415
-7.12481506848943,1.69183637329855,-0.0702471079649083
-7.10817571411944,1.69174172288582,-0.0702433921000019
-7.0915363624825,1.69164692777928,-0.0702396269419082
-7.07489701340096,1.69155198784718,-0.0702358131618033
-7.0582576665271,1.69145690295996,-0.0702319515365955
-7.04161832148695,1.69136167298853,-0.0702280429430561
-7.02497897800089,1.6912662978068,-0.0702240885781442
-7.0083396359386,1.69117077732543,-0.070220089596669
-6.99170029529341,1.6910751115028,-0.0702160467469437
-6.97506095601666,1.69097930032545,-0.0702119606552226
-6.95842161788177,1.69088334379187,-0.0702078320051649
-6.94178228047952,1.69078724190474,-0.0702036616178356
-6.92514294334026,1.69069099466399,-0.0701994503138371
-6.90850360604493,1.69059460206669,-0.0701951989549918
-6.89186426830891,1.69049806410662,-0.0701909084936558
-6.87522493001023,1.69040138077734,-0.0701865798562803
-6.85858559111139,1.69030455207381,-0.0701822138576033
-6.84194625151929,1.69020757798894,-0.0701778112830041
-6.82530691100743,1.6901104585115,-0.0701733729464786
-6.80866756923352,1.69001319362484,-0.070168899744405
-6.79202822586122,1.6899157833108,-0.0701643925541363
-6.77538888068104,1.68981822755235,-0.0701598521351662
-6.75874953364898,1.68972052633024,-0.0701552791634085
-6.74211018483767,1.68962267962427,-0.0701506743462477
-6.72547083434229,1.68952468741459,-0.0701460384884707
-6.70883148218584,1.6894265496834,-0.070141372554108
-6.69219212832182,1.68932826641024,-0.0701366774470613
-6.67555277265383,1.68922983757537,-0.0701319540142907
-6.65891341513122,1.68913126315372,-0.0701272029647841
-6.64227405580458,1.68903254311723,-0.070122424999403
-6.62563469483935,1.68893367743622,-0.0701176209549614
-6.60899533247169,1.6888346660803,-0.0701127919215806
-6.59235596898635,1.68873550901961,-0.0701079389143749
-6.5757166046228,1.68863620622592,-0.0701030627636201
-6.55907723953609,1.68853675767288,-0.0700981640325426
-6.54243787378759,1.68843716333401,-0.0700932432599048
-6.52579850743994,1.6883374231823,-0.0700883010642317
-6.509159140653,1.68823753719051,-0.0700833381487907
-6.49251977370534,1.68813750533142,-0.0700783552781718
-6.47588040693682,1.68803732757822,-0.0700733532279768
-6.45924104065378,1.68793700390558,-0.0700683327110359
-6.44260167503727,1.68783653428689,-0.0700632944412673
-6.42596231013644,1.68773591869262,-0.0700582391913993
-6.4093229459355,1.6876351570887,-0.0700531678707868
-6.39268358248782,1.68753424944322,-0.0700480813321722
-6.37604421995472,1.68743319572735,-0.0700429803513092
-6.35940485856827,1.68733199591411,-0.0700378656609503
-6.34276549854238,1.68723064997693,-0.0700327380055105
-6.326126139997,1.68712915789094,-0.0700275981247039
-6.30948678293538,1.68702751963276,-0.0700224466557623
-6.29284742725501,1.68692573517692,-0.0700172841855786
-6.27620807281392,1.68682380449634,-0.0700121113366266
-6.25956871951593,1.68672172756331,-0.0700069287960676
-6.24292936736066,1.68661950435211,-0.0700017372411428
-6.22629001639989,1.68651713483829,-0.0699965373498018
-6.20965066665558,1.68641461899784,-0.0699913298035924
-6.19301131804995,1.68631195680674,-0.0699861152814003
-6.17637197038961,1.68620914824087,-0.0699808944552416
-6.15973262341386,1.68610619327627,-0.0699756679883089
-6.14309327687707,1.68600309188972,-0.0699704365347189
-6.12645393061207,1.68589984405888,-0.0699652007496055
-6.10981458453317,1.68579644976168,-0.0699599613143973
-6.09317523859444,1.68569290897706,-0.069954718903198
-6.07653589273406,1.6855892216852,-0.0699494741839353
-6.05989654679136,1.68548538786718,-0.0699442278614884
-6.04325720052339,1.68538140750472,-0.069938980607862
-6.02661785367101,1.68527728058083,-0.0699337330277063
-6.00997850604281,1.68517300708141,-0.0699284856245784
-5.99333915754549,1.68506858699283,-0.0699232388900847
-5.9766998081556,1.68496402030081,-0.069917993331389
-5.96006045786842,1.6848593069901,-0.0699127494544457
-5.9434211066251,1.68475444704604,-0.0699075078038214
-5.92678175430504,1.68464944045544,-0.0699022689691044
-5.91014240077308,1.68454428720645,-0.0698970335557364
-5.89350304590867,1.68443898728795,-0.0698918021668841
-5.87686368965433,1.68433354068967,-0.0698865754210997
-5.8602243320524,1.684227947405,-0.0698813539151573
-5.84358497322037,1.68412220742885,-0.0698761382153976
-5.82694561328455,1.68401632075598,-0.0698709288741401
-5.81030625231678,1.68391028737994,-0.0698657264614892
-5.79366689032513,1.68380410729443,-0.0698605315140722
-5.77702752729091,1.68369778049394,-0.0698553444847779
-5.76038816323403,1.68359130697445,-0.0698501658237123
-5.74374879824144,1.68348468673386,-0.0698449960028932
-5.72710943247422,1.68337791977169,-0.0698398355166035
-5.71047006613372,1.68327100608864,-0.0698346848747865
-5.69383069940248,1.68316394568601,-0.0698295445931101
-5.67719133239449,1.6830567385654,-0.0698244151844447
-5.66055196515153,1.68294938472887,-0.0698192971584289
-5.6439125977073,1.6828418841789,-0.0698141910235339
-5.62727323011947,1.68273423691791,-0.0698090973090842
-5.6106338625074,1.68262644295025,-0.0698040165460846
-5.59399449505125,1.68251850228198,-0.0697989492337762
-5.57735512794106,1.68241041492022,-0.0697938958415179
-5.56071576131733,1.68230218087291,-0.0697888568079134
-5.54407639524524,1.68219380014802,-0.0697838324902045
-5.52743702970982,1.68208527275347,-0.0697788232471336
-5.51079766467197,1.6819765986975,-0.0697738294697897
-5.49415830013521,1.68186777798943,-0.0697688515707028
-5.47751893615361,1.68175881063988,-0.0697638899704761
-5.46087957280923,1.68164969666032,-0.0697589450930981
-5.4442402101601,1.6815404360622,-0.0697540173764207
-5.42760084820881,1.68143102885631,-0.0697491073013188
-5.41096148689034,1.68132147505488,-0.0697442153647112
-5.39432212609753,1.68121177467056,-0.0697393420216466
-5.3776827657254,1.68110192771512,-0.0697344876682329
-5.36104340571283,1.68099193420255,-0.0697296526328655
-5.34440404603696,1.6808817941488,-0.0697248372428903
-5.32776468668567,1.68077150757187,-0.0697200418600816
-5.31112532765175,1.68066107449009,-0.069715266790303
-5.29448596885331,1.6805504949209,-0.0697105123369056
-5.27784661012433,1.68043976888107,-0.0697057788412032
-5.26120725128609,1.68032889638815,-0.0697010666878858
-5.2445678921968,1.68021787745959,-0.0696963762236222
-5.22792853277205,1.68010671211358,-0.0696917077769803
-5.21128917298063,1.6799954003695,-0.0696870616725039
-5.19464981280854,1.67988394224762,-0.0696824382321468
-5.17801045220411,1.6797723377684,-0.0696778377852469
-5.16137109104872,1.67966058695174,-0.0696732607016663
-5.14473172923363,1.67954868981947,-0.0696687073121636
-5.12809236666335,1.67943664639189,-0.0696641778072681
-5.11145300325154,1.67932445669004,-0.0696596723686201
-5.09481363894588,1.6792121207376,-0.0696551912508568
-5.07817427376354,1.67909963856176,-0.0696507348193453
-5.06153490774574,1.67898701018992,-0.0696463034410555
-5.04489554090696,1.67887423564849,-0.0696418974441028
-5.0282561732155,1.67876131496303,-0.069637517118198
-5.01161680461129,1.67864824815845,-0.0696331627338265
-4.99497743503966,1.67853503525943,-0.0696288345784333
-4.97833806449147,1.67842167629315,-0.0696245329281541
-4.96169869305183,1.67830817128661,-0.069620258018533
-4.94505932085249,1.67819452026637,-0.069616010085157
-4.92841994800007,1.67808072325865,-0.0696117894085856
-4.91178057454589,1.67796678029152,-0.0696075963036848
-4.89514120053154,1.67785269139428,-0.0696034310355476
-4.87850182598754,1.6777384565967,-0.0695992937455346
-4.86186245093145,1.67762407592864,-0.0695951845484639
-4.84522307540772,1.67750954942002,-0.0695911035855073
-4.82858369949602,1.67739487710119,-0.0695870510565395
-4.81194432330632,1.67728005900466,-0.0695830272266625
-4.79530494699105,1.67716509516314,-0.0695790322286596
-4.77866557067517,1.67704998560797,-0.0695750661551216
-4.76202619437314,1.67693473036873,-0.0695711291437889
-4.7453868180127,1.67681932947406,-0.0695672214952903
-4.72874744153657,1.67670378295312,-0.069563343537742
-4.7121080650203,1.67658809083608,-0.0695594955427436
-4.69546868863958,1.67647225315269,-0.0695556776438333
-4.6788293125415,1.67635626993262,-0.0695518899323571
-4.66218993675756,1.67624014120525,-0.0695481325663222
-4.64555056124667,1.67612386700428,-0.0695444057205509
-4.6289111859419,1.67600744736301,-0.0695407095447497
-4.6122718108146,1.67589088231179,-0.0695370441099857
-4.59563243589477,1.67577417188121,-0.0695334094678755
-4.57899306122145,1.67565731610268,-0.0695298056690397
-4.56235368679748,1.67554031500705,-0.0695262327976454
-4.54571431256802,1.67542316862296,-0.0695226910287787
-4.5290749384873,1.67530587699668,-0.069519181544324
-4.51243556451251,1.67518844034528,-0.0695157052170829
-4.49579619058849,1.67507085911491,-0.0695122615717663
-4.4791568166273,1.67495313387001,-0.0695088501666574
-4.4625174425698,1.67483526521757,-0.06950547067876
-4.44587806836212,1.67471725377096,-0.0695021230086763
-4.42923869396296,1.67459910013271,-0.0694988072715424
-4.41259931935264,1.67448080488727,-0.0694955237031729
-4.39595994448673,1.67436236859782,-0.069492272578543
-4.37932056924973,1.67424379180573,-0.0694890542245278
-4.36268119349396,1.67412507502795,-0.069485868952058
-4.34604181716621,1.67400621875316,-0.0694827168626534
-4.32940244028151,1.67388722344643,-0.0694795979921017
-4.31276306284184,1.67376808955141,-0.0694765124410293
-4.29612368481069,1.67364881749678,-0.06947346035871
-4.27948430613648,1.67352940769324,-0.0694704418892748
-4.26284492679346,1.67340986053349,-0.0694674570887866
-4.2462055467861,1.67329017638631,-0.0694645058451164
-4.22956616607672,1.67317035560015,-0.0694615880666727
-4.21292678460757,1.67305039850615,-0.0694587038151478
-4.19628740233755,1.67293030542368,-0.0694558532711369
-4.1796480192825,1.67281007665903,-0.0694530365912798
-4.16300863549043,1.67268971250269,-0.0694502538186512
-4.14636925099424,1.67256921323039,-0.0694475049996703
-4.12972986579676,1.67244857910361,-0.0694447903038404
-4.11309047990343,1.67232781037984,-0.0694421098408305
-4.09645109332551,1.67220690730372,-0.0694394635696964
-4.07981170608288,1.67208587010593,-0.0694368514030019
-4.06317231823957,1.67196469900358,-0.0694342732347225
-4.04653292986072,1.67184339420162,-0.0694317289897509
-4.02989354100609,1.67172195589474,-0.0694292186458626
-4.01325415171753,1.6716003842693,-0.0694267422339942
-3.9966147620131,1.67147867950174,-0.0694242997415097
-3.97997537191191,1.67135684175566,-0.069421891000582
-3.96333598142172,1.67123487118628,-0.069419515856428
-3.94669659056966,1.67111276794379,-0.0694171742728533
-3.93005719939865,1.67099053217696,-0.0694148664309308
-3.91341780800232,1.67086816402662,-0.0694125924670172
-3.8967784164826,1.67074566362103,-0.0694103523075067
-3.88013902487164,1.6706230310789,-0.0694081458027385
-3.86349963313316,1.67050026651127,-0.0694059728275441
-3.84686024118898,1.67037737002127,-0.0694038333839563
-3.83022084901229,1.67025434170613,-0.0694017275762921
-3.81358145667978,1.67013118166242,-0.0693996554826135
-3.79694206430582,1.67000788998877,-0.0693976170822521
-3.78030267197494,1.66988446677303,-0.0693956121043677
-3.76366327965708,1.66976091209359,-0.0693936402872853
-3.74702388722395,1.66963722602172,-0.0693917016102589
-3.73038449459041,1.66951340862945,-0.0693897962413309
-3.71374510179791,1.66938945998478,-0.0693879240978383
-3.69710570890244,1.66926538015101,-0.0693860849835241
-3.68046631591908,1.66914116918684,-0.0693842786966256
-3.66382692282401,1.6690168271462,-0.0693825050850973
-3.64718752956013,1.66889235407801,-0.0693807641209232
-3.63054813605613,1.66876775003088,-0.0693790558745599
-3.61390874225691,1.66864301505437,-0.0693773804003088
-3.59726934816079,1.66851814919834,-0.0693757375055282
-3.58062995376395,1.66839315250569,-0.0693741268519375
-3.56399055902614,1.66826802501205,-0.0693725481683523
-3.5473511638812,1.66814276674526,-0.0693710013520512
-3.5307117683398,1.66801737773355,-0.0693694861579967
-3.51407237240686,1.66789185800548,-0.069368002344018
-3.49743297604887,1.66776620758853,-0.0693665497141911
-3.48079357920558,1.66764042650728,-0.0693651280601224
-3.46415418181121,1.66751451478553,-0.0693637372220315
-3.44751478383414,1.66738847244789,-0.0693623771037474
-3.43087538526547,1.66726229952061,-0.0693610476875412
-3.41423598611679,1.66713599602862,-0.0693597489384388
-3.39759658640433,1.66700956199448,-0.0693584807736729
-3.38095718613113,1.66688299743858,-0.0693572430694862
-3.36431778527744,1.66675630237911,-0.0693560356934617
-3.34767838380564,1.66662947683237,-0.0693548585653416
-3.33103898169769,1.66650252081852,-0.0693537115873805
-3.31439957896785,1.66637543435793,-0.0693525946244275
-3.29776017565632,1.66624821746951,-0.0693515075142652
-3.2811207718117,1.66612087017075,-0.0693504500806037
-3.26448136747051,1.6659933924771,-0.0693494221376529
-3.24784196264527,1.66586578440016,-0.0693484234835614
-3.23120255732726,1.66573804595132,-0.0693474539544081
-3.21456315148998,1.66561017714301,-0.0693465135012952
-3.19792374513671,1.66548217799448,-0.0693456020407665
-3.18128433835172,1.66535404852461,-0.0693447192093969
-3.16464493121846,1.66522578875186,-0.0693438646285154
-3.1480055237861,1.66509739869632,-0.0693430380520291
-3.13136611604457,1.664968878382,-0.0693422394494378
-3.11472670799408,1.66484022782932,-0.0693414687143108
-3.09808729964018,1.66471144705654,-0.0693407256874228
-3.08144789098911,1.66458253608158,-0.0693400101902396
-3.06480848205906,1.664453494923,-0.0693393220342015
-3.04816907288519,1.66432432360061,-0.0693386610278065
-3.0315296635098,1.66419502213541,-0.0693380269807444
-3.01489025396414,1.66406559054935,-0.0693374197082546
-2.99825084426659,1.66393602886503,-0.0693368390220295
-2.98161143442123,1.66380633710504,-0.0693362847020069
-2.96497202441223,1.66367651529281,-0.0693357565334307
-2.94833261421127,1.66354656345359,-0.0693352543502022
-2.93169320380031,1.6634164816165,-0.0693347781016994
-2.91505379321066,1.6632862698108,-0.069334327698068
-2.89841438249083,1.66315592806314,-0.0693339029148083
-2.88177497166011,1.66302545639988,-0.0693335034883397
-2.86513556069725,1.66289485484881,-0.069333129185018
-2.8484961495523,1.66276412344033,-0.0693327798412842
-2.8318567381905,1.66263326220413,-0.0693324552348995
-2.81521732658945,1.66250227117059,-0.0693321551309266
-2.79857791473709,1.66237115037207,-0.0693318793266563
-2.78193850262234,1.66223989984418,-0.0693316276988624
-2.76529909024295,1.66210851962272,-0.0693314001044483
-2.74865967760461,1.6619770097415,-0.0693311963046942
-2.73202026469419,1.66184537023474,-0.0693310160456829
-2.71538085147608,1.66171360113806,-0.06933085909108
-2.69874143790963,1.66158170248878,-0.0693307252246495
-2.68210202397462,1.66144967432581,-0.0693306142402114
-2.66546260966021,1.66131751668937,-0.069330525932903
-2.64882319496026,1.66118522962095,-0.0693304601090241
-2.63218377986588,1.66105281316375,-0.0693304166093481
-2.6155443643666,1.6609202673615,-0.0693303952672614
-2.59890494844733,1.66078759225775,-0.0693303958843478
-2.58226553209018,1.66065478789538,-0.0693304182104956
-2.56562611526967,1.66052185431787,-0.0693304619946977
-2.54898669797061,1.66038879157015,-0.0693305270092305
-2.53234728020459,1.66025559969882,-0.0693306130472479
-2.51570786200139,1.66012227875177,-0.0693307199093278
-2.49906844337734,1.65998882877815,-0.0693308474133641
-2.4824290243167,1.65985524982953,-0.0693309954417723
-2.46578960479884,1.65972154195746,-0.0693311638581576
-2.4491501848412,1.65958770521216,-0.0693313524400347
-2.43251076446209,1.65945373964243,-0.069331560912729
-2.41587134366368,1.65931964529604,-0.0693317890700646
-2.39923192246299,1.65918542222341,-0.0693320367040223
-2.3825925008976,1.65905107047963,-0.0693323035315576
-2.36595307899006,1.65891659012131,-0.0693325892734977
-2.34931365673481,1.65878198120522,-0.0693328937067952
-2.33267423412701,1.65864724378818,-0.0693332166926474
-2.31603481117497,1.65851237792731,-0.0693335580455088
-2.29939538789458,1.65837738367844,-0.0693339175197408
-2.28275596431634,1.65824226109749,-0.0693342948674958
-2.26611654048916,1.65810701024105,-0.0693346898468493
-2.24947711644124,1.65797163116609,-0.0693351022189886
-2.23283769217134,1.6578361239301,-0.0693355317552928
-2.21619826765584,1.65770048859147,-0.0693359782449217
-2.19955884288218,1.65756472520958,-0.069336441492051
-2.18291941785687,1.65742883384443,-0.0693369213031661
-2.16627999259833,1.65729281455632,-0.06933741749167
-2.14964056712002,1.65715666740566,-0.0693379299092422
-2.13300114143044,1.65702039245317,-0.0693384584038351
-2.11636171555907,1.65688398976062,-0.069339002806589
-2.09972228952597,1.65674745939141,-0.0693395629300353
-2.08308286332741,1.65661080140736,-0.069340138528284
-2.06644343692929,1.65647401586857,-0.069340729366467
-2.04980401028898,1.65633710283287,-0.0693413352884341
-2.03316458342337,1.6562000623874,-0.0693419579850767
-2.01652515637997,1.65606289493108,-0.0693425985703482
-1.99988572916882,1.65592560128149,-0.0693432556466276
-1.98324630174952,1.65578818246815,-0.0693439278943363
-1.96660687404179,1.65565063960238,-0.0693446144205563
-1.94996744598153,1.65551297381076,-0.0693453148029554
-1.9333280175495,1.65537518620155,-0.0693460289542888
-1.91668858873122,1.65523727784829,-0.0693467569508134
-1.90004915950563,1.65509924978289,-0.0693474989062349
-1.88340972983566,1.65496110299311,-0.0693482549163069
-1.8667702997006,1.65482283842275,-0.0693490250669147
-1.85013086912193,1.65468445697579,-0.0693498093789287
-1.8334914381344,1.6545459595132,-0.06935060770416
-1.81685200672648,1.6544073468549,-0.0693514198323167
-1.80021257484736,1.65426861978223,-0.0693522455792406
-1.78357314244765,1.65412977904234,-0.0693530847567775
-1.76693370951315,1.65399082534931,-0.0693539372023506
-1.75029427606385,1.65385175938459,-0.0693548027711352
-1.73365484211318,1.65371258179786,-0.0693556813196225
-1.71701540765378,1.65357329320849,-0.0693565727024683
-1.70037597265623,1.65343389420737,-0.0693574768003321
-1.68373653707386,1.65329438535878,-0.0693583935915552
-1.66709710089751,1.65315476719983,-0.0693593229935122
-1.65045766416428,1.65301504023861,-0.069360264726079
-1.63381822689837,1.65287520495948,-0.0693612184865506
-1.61717878910805,1.65273526182688,-0.0693621840518483
-1.6005393507874,1.65259521128815,-0.0693631613334734
-1.58389991193138,1.65245505377025,-0.0693641502077071
-1.56726047253507,1.65231478967693,-0.0693651504813472
-1.55062103259102,1.65217441939032,-0.0693661619460649
-1.53398159208898,1.65203394327299,-0.0693671844095293
-1.51734215100979,1.65189336166997,-0.0693682177337819
-1.50070270937887,1.65175267490959,-0.0693692617939829
-1.48406326725839,1.65161188330371,-0.069370316444296
-1.46742382467326,1.65147098714782,-0.0693713815236837
-1.45078438160789,1.6513299867201,-0.0693724568191337
-1.43414493803607,1.65118888228406,-0.0693735421147387
-1.41750549395979,1.65104767409007,-0.0693746371984668
-1.40086604942628,1.65090636237478,-0.0693757418175107
-1.38422660445572,1.6507649473613,-0.0693768557285521
-1.36758715902529,1.65062342925978,-0.0693779787753382
-1.35094771309713,1.65048180827306,-0.0693791107908506
-1.33430826667531,1.65034008459326,-0.0693802514829149
-1.31766881981025,1.65019825840061,-0.0693814005645336
-1.30102937253191,1.65005632986298,-0.0693825578070759
-1.28438992480712,1.64991429913401,-0.0693837231101314
-1.2677504765804,1.64977216635752,-0.0693848964046005
-1.25111102784228,1.64962993167045,-0.0693860776216241
-1.23447157863824,1.64948759520539,-0.0693872666068727
-1.21783212900785,1.64934515708835,-0.0693884631459526
-1.20119267896493,1.64920261743772,-0.0693896669890991
-1.18455322849594,1.64905997636487,-0.0693908778505111
-1.16791377756728,1.64891723397351,-0.0693920954646442
-1.15127432614459,1.64877439036014,-0.0693933196064123
-1.13463487422308,1.64863144561492,-0.0693945500822872
-1.11799542183203,1.64848839982148,-0.0693957867103839
-1.10135596897601,1.64834525305615,-0.0693970293380107
-1.08471651562547,1.64820200539054,-0.0693982778352371
-1.06807706173038,1.64805865689673,-0.0693995320519082
-1.05143760728744,1.64791520764278,-0.0694007917801667
-1.03479815232603,1.64777165769086,-0.0694020568075307
-1.01815869685558,1.64762800709631,-0.0694033269555253
-1.00151924088119,1.64748425591197,-0.0694046019533857
-0.984879784380595,1.64734040418789,-0.0694058815345703
-0.968240327324835,1.64719645197109,-0.0694071654860834
-0.951600869702133,1.64705239930621,-0.0694084536381792
-0.934961411516142,1.6469082462365,-0.0694097458416186
-0.918321952792638,1.64676399280282,-0.0694110419634985
-0.901682493514514,1.64661963904162,-0.069412341935307
-0.885043033656814,1.64647518499175,-0.0694136456143438
-0.868403573231348,1.64633063068957,-0.0694149527487727
-0.85176411225153,1.64618597616899,-0.0694162630946832
-0.835124650712984,1.64604122146181,-0.0694175765015025
-0.818485188610609,1.64589636660299,-0.0694188928347944
-0.801845725940552,1.64575141162744,-0.0694202119259274
-0.785206262696889,1.64560635656957,-0.0694215335304956
-0.768566798870481,1.64546120146102,-0.0694228574021799
-0.751927334477088,1.64531594632941,-0.0694241832944968
-0.735287869556061,1.64517059119944,-0.0694255110838385
-0.71864840410791,1.64502513609513,-0.0694268407611757
-0.702008938114489,1.64487958104655,-0.0694281722785143
-0.685369471561742,1.64473392608532,-0.0694295054898929
-0.668730004491422,1.64458817124459,-0.069430840164852
-0.652090536926849,1.64444231655816,-0.0694321760620532
-0.63545106886599,1.64429636206066,-0.0694335130034293
-0.61881160030633,1.64415030778434,-0.0694348507680195
-0.602172131247855,1.64400415375816,-0.0694361890854166
-0.58553266166949,1.64385790001006,-0.0694375277847459
-0.568893191568279,1.64371154657099,-0.0694388667400453
-0.55225372095228,1.64356509347573,-0.0694402058523008
-0.535614249824235,1.64341854076351,-0.0694415450788908
-0.518974778217384,1.64327188847728,-0.0694428842050863
-0.502335306170437,1.6431251366563,-0.0694442228373894
-0.485695833676061,1.64297828533832,-0.0694455606466222
-0.469056360702027,1.64283133456251,-0.0694468974999407
-0.452416887225695,1.6426842843761,-0.0694482333853861
-0.43577741325737,1.64253713482657,-0.0694495682204402
-0.419137938813449,1.64238988596032,-0.0694509018619818
-0.402498463910959,1.64224253782211,-0.0694522340859656
-0.385858988552741,1.64209509045748,-0.0694535646744397
-0.369219512719809,1.64194754391444,-0.0694548934676943
-0.35258003636487,1.64179989824425,-0.0694562204456949
-0.335940559470941,1.64165215349845,-0.0694575456936657
-0.319301082107145,1.64150430973224,-0.0694588691533157
-0.302661604319724,1.64135636700075,-0.0694601905881315
-0.286022126084461,1.64120832535995,-0.0694615097378758
-0.269382647326893,1.64106018486832,-0.0694628264368576
-0.252743168015854,1.64091194558923,-0.0694641406404283
-0.236103688162714,1.64076360758821,-0.0694654522959981
-0.219464207798694,1.64061517093267,-0.0694667612690116
-0.202824726946901,1.64046663569121,-0.0694680673635446
-0.18618524560506,1.64031800193231,-0.0694693703900442
-0.169545763752879,1.64016926972445,-0.0694706701887303
-0.152906281363116,1.64002043913735,-0.0694719666468034
-0.136266798413345,1.63987151024332,-0.069473259717406
-0.119627314915704,1.63972248311413,-0.0694745492794544
-0.102987830883379,1.63957335782244,-0.0694758351836013
-0.0863483463107713,1.63942413444338,-0.0694771173063975
-0.0697088611672285,1.63927481305572,-0.0694783955948631
-0.0530693754577385,1.63912539373851,-0.0694796699400201
-0.0364298892061896,1.63897587657166,-0.0694809402093782
-0.0197904024156799,1.63882626163668,-0.0694822062882473
-0.00315091506456611,1.63867654901773,-0.0694834681187718
0.0134885728571277,1.63852673879863,-0.069484725583123
0.030128061338047,1.63837683106367,-0.0694859785690904
0.0467675503776377,1.63822682589765,-0.0694872270378887
0.063407039971878,1.63807672339008,-0.069488470910954
0.0800465301077367,1.63792652362883,-0.0694897099560463
0.0966860207795008,1.6377762267028,-0.0694909439528023
0.113325511986091,1.63762583270338,-0.0694921727599148
0.12996500375084,1.63747534172584,-0.0694933963687414
0.14660449609859,1.63732475386837,-0.0694946148571355
0.163243989024721,1.63717406922857,-0.069495828248956
0.179883482501324,1.63702328790074,-0.0694970364534526
0.196522976514004,1.63687240997756,-0.0694982393859016
0.213162471049131,1.63672143555534,-0.0694994368894402
0.229801966111353,1.63657036473263,-0.0695006288057263
0.246441461716927,1.6364191976104,-0.0695018150490141
0.263080957884796,1.63626793429307,-0.0695029956592463
0.279720454587078,1.63611657488043,-0.0695041705435858
0.296359951805769,1.63596511946827,-0.0695053395962327
0.312999449534075,1.63581356815456,-0.0695065027040534
0.329638947772622,1.63566192104338,-0.0695076597327198
0.346278446547146,1.63551017824385,-0.0695088106734014
0.362917945860403,1.63535833986219,-0.0695099554369153
0.379557445718277,1.6352064060032,-0.0695110939167054
0.396196946119389,1.63505437677217,-0.0695122260483117
0.412836447053948,1.63490225227591,-0.069513351828678
0.429475948500325,1.63475003261908,-0.0695144711781559
0.446115450460809,1.6345977179056,-0.0695155839973572
0.462754952909734,1.63444530828186,-0.0695166927842315
0.479394455846716,1.63429280432594,-0.069517799294841
0.49603395931635,1.63414020718745,-0.0695189018773806
0.51267346338561,1.63398751830628,-0.0695199990211402
0.529312968124074,1.63383473923412,-0.0695210898511585
0.545952473559268,1.63368187154564,-0.069522174097645
0.562591979690083,1.6335289167926,-0.0695232519063238
0.579231486515326,1.63337587648077,-0.0695243236284021
0.595870994045413,1.63322275205901,-0.0695253896704655
0.612510502307956,1.63306954491454,-0.0695264504586511
0.629150011320945,1.63291625637649,-0.0695275063303563
0.645789521063222,1.6327628877157,-0.0695285573407996
0.662429031522564,1.63260944014545,-0.0695296034342244
0.679068542710667,1.63245591482412,-0.069530644569914
0.695708054659576,1.63230231285864,-0.0695316807866614
0.712347567391731,1.6321486353037,-0.0695327120875746
0.728987080920419,1.63199488316582,-0.0695337384852431
0.745626595253398,1.63184105740666,-0.0695347600154351
0.762266110398585,1.6316871589458,-0.0695357767433319
0.778905626369806,1.63153318866334,-0.0695367887814027
0.795545143166819,1.63137914739792,-0.0695377961574445
0.81218466079774,1.63122503594928,-0.0695387988715493
0.828824179270029,1.63107085508178,-0.0695397969650818
0.845463698605343,1.63091660552864,-0.0695407906061134
0.862103218799234,1.630762287989,-0.0695417799073487
0.878742739841556,1.63060790312742,-0.0695427648676311
0.89538226171743,1.63045345157302,-0.0695437453340142
0.912021784434486,1.63029893392438,-0.0695447211764771
0.928661308004322,1.63014435075454,-0.0695456922871139
0.945300832440353,1.62998970261131,-0.0695466586031919
0.96194035775487,1.62983499001742,-0.0695476201042614
0.978579883962638,1.62968021347135,-0.0695485768118988
0.99521941108911,1.62952537344902,-0.0695495288231054
1.01185893914362,1.62937047040107,-0.069550476240969
1.028498468113,1.62921550474906,-0.0695514191814716
1.04513799797346,1.62906047689388,-0.0695523576756793
1.06177752870488,1.62890538722154,-0.0695532916490136
1.07841706031626,1.6287502361025,-0.0695542210777814
1.09505659280255,1.62859502388523,-0.0695551458303098
1.11169612616696,1.62843975089869,-0.0695560657657486
1.12833566042163,1.62828441745445,-0.0695569807853109
1.14497519557868,1.62812902384768,-0.0695578908298581
1.16161473165394,1.62797357035855,-0.0695587958868003
1.17825426867995,1.62781805725383,-0.0695596960443789
1.19489380664966,1.62766248478569,-0.0695605914006636
1.21153334550007,1.6275068531954,-0.0695614818941738
1.2281728852071,1.62735116271007,-0.0695623674272109
1.2448124257713,1.62719541353804,-0.0695632477715123
1.26145196723334,1.62703960587444,-0.0695641227330262
1.27809150961897,1.62688373990481,-0.0695649922095466
1.29473105293542,1.62672781580484,-0.0695658561854063
1.31137059719902,1.62657183373835,-0.0695667147627424
1.32801014241979,1.62641579386064,-0.0695675680398415
1.34464968858543,1.62625969631987,-0.0695684160746045
1.36128923568734,1.62610354125658,-0.0695692589164649
1.37792878371663,1.62594732880685,-0.0695700965466401
1.39456833265503,1.62579105910287,-0.0695709287923119
1.41120788249309,1.6256347322677,-0.0695717554655213
1.42784743323547,1.62547834841356,-0.0695725763986155
1.44448698489802,1.62532190764424,-0.0695733914851502
1.4611265374992,1.62516541005617,-0.0695742007003367
1.47776609106721,1.62500885573748,-0.0695750041156236
1.49440564560614,1.62485224477186,-0.0695758016969579
1.51104520108937,1.62469557724332,-0.0695765933147902
1.52768475748478,1.62453885323478,-0.0695773788612134
1.54432431480507,1.62438207282714,-0.0695781583228518
1.56096387308327,1.62422523609647,-0.0695789317096839
1.57760343235638,1.62406834311317,-0.0695796990332226
1.59424299263307,1.62391139394271,-0.0695804603123536
1.61088255390328,1.6237543886464,-0.0695812155786069
1.62752211613564,1.62359732728451,-0.0695819648069444
1.64416167931202,1.62344020991591,-0.0695827079438791
1.66080124343233,1.62328303659782,-0.0695834449342427
1.67744080850228,1.62312580738603,-0.069584175729339
1.69408037453265,1.62296852233508,-0.0695849002893376
1.71071994153289,1.62281118149836,-0.0695856185841298
1.72735950950747,1.62265378492838,-0.0695863305906327
1.74399907845854,1.62249633267694,-0.069587036289129
1.76063864839985,1.62233882479405,-0.0695877357011496
1.77727821935268,1.62218126132662,-0.0695884289485145
1.79391779128734,1.62202364232704,-0.0695891159953337
1.81055736416786,1.62186596784971,-0.0695897967463848
1.82719693798809,1.62170823794839,-0.0695904711144641
1.8438365127664,1.62155045267575,-0.0695911390433331
1.86047608850505,1.62139261208419,-0.0695918005033444
1.87711566520854,1.62123471622639,-0.0695924554754181
1.89375524288496,1.6210767651558,-0.069593103946268
1.91039482154007,1.62091875892687,-0.0695937459054725
1.92703440117423,1.62076069759526,-0.0695943813427672
1.94367398179433,1.62060258121864,-0.0695950102752408
1.96031356342901,1.62044440985828,-0.0695956328263426
1.97695314606668,1.62028618357667,-0.0695962491012007
1.99359272966848,1.62012790243625,-0.0695968591228717
2.01023231420992,1.61996956649868,-0.0695974628304055
2.0268718996829,1.61981117582382,-0.0695980600519618
2.04351148610861,1.61965273047363,-0.0695986506420163
2.06015107349781,1.61949423051416,-0.0695992345229677
2.07679066185818,1.61933567601507,-0.069599811667157
2.09343025120343,1.6191770670475,-0.0696003821155324
2.11006984155405,1.61901840368138,-0.069600946017192
2.1267094328955,1.61885968599282,-0.0696015033632582
2.14334902522418,1.61870091406012,-0.0696020540777851
2.15998861852367,1.61854208796137,-0.0696025980382793
2.17662821277845,1.61838320777676,-0.0696031351534746
2.19326780799,1.61822427358945,-0.0696036653991047
2.20990740418861,1.61806528548666,-0.0696041888553618
2.22654700140689,1.61790624355778,-0.0696047056300954
2.24318659965051,1.61774714789432,-0.0696052158401992
2.25982619890971,1.61758799858759,-0.0696057195784561
2.27646579917824,1.6174287957281,-0.0696062169440772
2.29310540043818,1.61726953941053,-0.0696067079372756
2.3097450026703,1.61711022972987,-0.0696071924274202
2.32638460587351,1.61695086678121,-0.0696076702297639
2.34302421003508,1.61679145066336,-0.069608141219625
2.35966381514596,1.61663198147923,-0.0696086053516244
2.37630342124373,1.61647245933585,-0.0696090626888127
2.39294302838596,1.61631288434235,-0.0696095133399519
2.4095826366098,1.61615325661115,-0.0696099574637651
2.42622224588672,1.61599357625533,-0.0696103951448933
2.44286185617194,1.61583384338813,-0.0696108263963147
2.45950146742852,1.61567405812299,-0.069611251176803
2.47614107964903,1.6155142205733,-0.0696116693930811
2.49278069285786,1.61535433085438,-0.0696120809666271
2.50942030709713,1.61519438908448,-0.0696124858654015
2.52605992238989,1.61503439538477,-0.0696128841035619
2.54269953872077,1.61487434987862,-0.0696132757149664
2.55933915607584,1.61471425269025,-0.0696136607487262
2.57597877446354,1.61455410394327,-0.069614039314584
2.59261839389244,1.6143939037631,-0.0696144115130021
2.60925801437233,1.61423365227756,-0.0696147774311142
2.62589763589042,1.61407334961886,-0.0696151371158238
2.64253725842242,1.61391299592553,-0.069615490536182
2.65917688194385,1.61375259133482,-0.0696158375754084
2.67581650645914,1.61359213598253,-0.0696161781351796
2.69245613199448,1.61343163000472,-0.0696165121923152
2.70909575858722,1.61327107353971,-0.0696168398401166
2.72573538625788,1.61311046672674,-0.0696171611951485
2.74237501499103,1.61294980970489,-0.0696174763651389
2.75901464477067,1.61278910261171,-0.0696177854539581
2.77565427557427,1.61262834558675,-0.0696180884221385
2.79229390740333,1.61246753877139,-0.0696183852025929
2.80893354026263,1.61230668230804,-0.0696186757840585
2.82557317417286,1.61214577633831,-0.0696189602630168
2.84221280913125,1.61198482100356,-0.0696192386548492
2.85885244512218,1.61182381644886,-0.0696195108799634
2.87549208214344,1.61166276282088,-0.0696197768733034
2.89213172021569,1.61150166026602,-0.0696200366356292
2.90877135938717,1.61134050892818,-0.0696202903038094
2.92541099966468,1.61117930895101,-0.0696205381162045
2.94205064101141,1.61101806048251,-0.0696207802920283
2.95869028337223,1.61085676371893,-0.0696210178755484
2.97532992672585,1.61069541933836,-0.0696212513985313
2.99196957113416,1.6105340286705,-0.06962148007128
3.00860921666188,1.61037259338069,-0.0696217032542316
3.02524886335019,1.61021111526911,-0.0696219206052673
3.04188851122397,1.61004959616057,-0.0696221320866199
3.05852816029935,1.60988803785034,-0.0696223379044263
3.0751678105625,1.60972644207623,-0.0696225382727911
3.09180746201349,1.60956481050954,-0.0696227333847461
3.10844711468052,1.60940314475199,-0.0696229234259036
3.12508676860901,1.60924144633564,-0.0696231086064419
3.14172642378186,1.60907971672853,-0.0696232890248272
3.15836608019859,1.60891795733394,-0.0696234647192404
3.1750057378833,1.60875616949142,-0.0696236357609938
3.19164539689045,1.60859435447822,-0.0696238023881417
3.20828505725007,1.60843251351904,-0.0696239648894366
3.22492471893015,1.60827064778798,-0.0696241234224765
3.24156438189081,1.60810875840701,-0.0696242779687593
3.25820404610973,1.60794684644377,-0.0696244283320961
3.27484371161404,1.60778491291814,-0.0696245743560205
3.29148337844286,1.60762295880738,-0.0696247160276588
3.30812304665739,1.60746098505052,-0.06962485355843
3.32476271629623,1.6072989925463,-0.0696249872084223
3.34140238733009,1.60713698215323,-0.0696251171072107
3.3580420597068,1.6069749546877,-0.0696252432263268
3.37468173341689,1.60681291092696,-0.0696253654931457
3.39132140849544,1.60665085161307,-0.0696254838621654
3.40796108498998,1.60648877745562,-0.069625598396333
3.42460076292366,1.60632668913113,-0.0696257091648938
3.44124044227566,1.6061645872838,-0.0696258161933576
3.45788012301165,1.60600247252409,-0.0696259193644013
3.47451980514742,1.60584034543406,-0.069626018587115
3.49115948872412,1.60567820657124,-0.0696261138849776
3.50779917374703,1.60551605647119,-0.0696262054438898
3.52443886023441,1.6053538956446,-0.0696262935714626
3.54107854819081,1.60519172457698,-0.0696263784650047
3.55771823760666,1.60502954372749,-0.0696264601496621
3.57435792845858,1.60486735353244,-0.0696265385776896
3.59099762073896,1.60470515440882,-0.0696266136879815
3.60763731447233,1.60454294675487,-0.0696266855220464
3.62427700965745,1.60438073094276,-0.0696267539548528
3.64091670629162,1.60421850732472,-0.0696268188742876
3.6575564043758,1.60405627623673,-0.0696268802634652
3.67419610393398,1.60389403800038,-0.069626938228208
3.69083580499411,1.60373179292144,-0.0696269928979401
3.70747550759289,1.60356954128872,-0.0696270444285736
3.72411521174634,1.60340728337438,-0.0696270930882993
3.74075491741527,1.6032450194427,-0.0696271390289927
3.75739462451372,1.60308274973846,-0.0696271820888356
3.77403433301303,1.6029204744905,-0.0696272220590491
3.790674042942,1.60275819391631,-0.0696272588266278
3.80731375436829,1.60259590822586,-0.0696272924720714
3.82395346734963,1.60243361762152,-0.0696273232277193
3.84059318187651,1.60227132229058,-0.0696273511656658
3.85723289792942,1.60210902240843,-0.0696273762897617
3.87387261549098,1.60194671814113,-0.069627398600747
3.89051233455919,1.60178440964553,-0.0696274181116832
3.90715205512913,1.60162209707009,-0.0696274348515835
3.92379177720153,1.60145978055521,-0.0696274488907489
3.9404315008088,1.60129746023353,-0.0696274603996257
3.9570712259158,1.60113513623944,-0.0696274693526271
3.97371095247865,1.60097280869742,-0.0696274755301636
3.99035068050642,1.6008104777221,-0.0696274787894219
4.00699041005562,1.60064814341876,-0.0696274792363892
4.02363014117036,1.60048580589164,-0.0696274770731882
4.04026987386825,1.60032346524287,-0.0696274724756349
4.05690960813375,1.60016112157092,-0.0696274655740071
4.07354934392569,1.59999877496976,-0.0696274564673467
4.09018908122104,1.59983642552993,-0.0696274451985379
4.10682881999172,1.59967407333815,-0.0696274317431054
4.12346856023061,1.59951171847562,-0.0696274159821936
4.14010830196234,1.59934936102072,-0.0696273978210226
4.15674804522608,1.59918700105115,-0.0696273772454045
4.17338779005161,1.59902463864844,-0.0696273542594562
4.19002753643926,1.59886227389235,-0.0696273288942734
4.20666728437968,1.59869990685831,-0.0696273012154125
4.22330703388032,1.59853753761621,-0.0696272713613848
4.23994678492134,1.59837516623497,-0.0696272394369211
4.25658653745478,1.59821279278629,-0.0696272054205389
4.27322629146767,1.59805041734198,-0.0696271692505261
4.28986604697783,1.59788803997239,-0.0696271308871387
4.30650580402711,1.5977256607462,-0.0696270903703233
4.32314556266171,1.59756327973312,-0.0696270478243633
4.33978532287966,1.59740089700225,-0.0696270033338578
4.35642508463971,1.59723851262224,-0.0696269569560579
4.3730648479176,1.59707612666053,-0.0696269087911986
4.38970461271228,1.59691373918748,-0.0696268588837611
4.4063443790171,1.59675135027735,-0.069626807057788
4.4229841468384,1.59658896000574,-0.0696267531399844
4.43962391619011,1.5964265684485,-0.0696266970421566
4.45626368709031,1.59626417568225,-0.069626638770156
4.47290345957032,1.59610178178589,-0.0696265784488466
4.48954323364489,1.59593938683837,-0.0696265162239915
4.50618300927782,1.59577699091576,-0.0696264522019835
4.52282278643671,1.59561459409582,-0.0696263864130069
4.53946256510538,1.59545219646143,-0.0696263187826076
4.55610234529394,1.5952897980983,-0.0696262492352439
4.57274212702431,1.59512739909398,-0.0696261777364609
4.58938191031461,1.59496499953756,-0.0696261042915153
4.60602169517475,1.59480259951963,-0.0696260289325558
4.62266148161589,1.5946401991321,-0.0696259517079511
4.63930126964472,1.59447779846823,-0.0696258726798072
4.65594105923002,1.59431539762372,-0.0696257919037149
4.67258085035326,1.59415299669678,-0.069625709411941
4.68922064301908,1.59399059578784,-0.0696256252230149
4.70586043724281,1.59382819499931,-0.0696255393533044
4.72250023303783,1.59366579443564,-0.0696254518228545
4.73914003040981,1.59350339420337,-0.0696253626558426
4.75577982935768,1.59334099441121,-0.069625271878676
4.77241962987974,1.59317859516976,-0.0696251795276271
4.78905943198338,1.59301619659126,-0.06962508569049
4.8056992356871,1.59285379879212,-0.0696249905148125
4.82233904100775,1.59269140189128,-0.0696248941241435
4.83897884793026,1.59252900600911,-0.069624796577569
4.85561865641465,1.59236661126561,-0.0696246978250364
4.87225846642573,1.59220421778249,-0.0696245977843752
4.88889827796231,1.59204182568465,-0.0696244963600922
4.90553809105752,1.59187943509932,-0.0696243934995258
4.92217790575539,1.5917170461562,-0.0696242892124814
4.93881772205702,1.59155465898731,-0.0696241835469216
4.95545753995205,1.59139227372616,-0.0696240765551411
4.97209735943449,1.59122989050763,-0.0696239682823192
4.98873718050416,1.59106750946829,-0.0696238587648574
5.00537700316031,1.59090513074649,-0.0696237480315376
5.02201682739408,1.5907427544823,-0.0696236360997536
5.03865665320727,1.59058038081726,-0.0696235229765868
5.05529648061338,1.59041800989458,-0.0696234086686373
5.07193630963386,1.59025564185944,-0.0696232931937551
5.08857614027546,1.59009327685916,-0.0696231765831266
5.10521597253549,1.58993091504286,-0.0696230588750403
5.12185580640707,1.5897685565611,-0.0696229401096159
5.13849564188702,1.58960620156545,-0.0696228203289126
5.1551354789548,1.58944385020876,-0.0696226995681366
5.17177531760117,1.58928150264513,-0.0696225778479312
5.18841515783046,1.58911915903052,-0.0696224552053079
5.20505499966997,1.58895681952367,-0.0696223317426551
5.22169484312579,1.58879448428122,-0.0696222074471956
5.23833468820756,1.58863215346015,-0.0696220822805686
5.25497453491685,1.58846982721932,-0.0696219562293549
5.27161438325211,1.58830750571937,-0.0696218293056599
5.28825423320767,1.58814518912241,-0.0696217015396801
5.30489408478114,1.58798287759164,-0.0696215729695376
5.32153393797566,1.58782057129108,-0.069621443637036
5.33817379278045,1.58765827038598,-0.0696213135602892
5.35481364918445,1.58749597504375,-0.0696211826809303
5.37145350719496,1.5873336854316,-0.0696210509493971
5.38809336683211,1.58717140171542,-0.0696209183745616
5.40473322812716,1.58700912405897,-0.0696207850925701
5.42137309110572,1.58684685262685,-0.0696206513254776
5.43801295576307,1.58668458758307,-0.0696205171808462
5.45465282211174,1.5865223291344,-0.0696203800048429
5.47129269015696,1.58636007793576,-0.0696202378934963
5.48793255986564,1.58619783524553,-0.0696200923721034
5.50457243120911,1.58603560263023,-0.0696199448923957
5.52121230417055,1.58587338177504,-0.0696197963688293
5.53785217875802,1.58571117438517,-0.0696196470752117
5.55449205500557,1.58554898213845,-0.0696194968353787
5.57113193296128,1.5853868066631,-0.0696193452572447
5.58777181265587,1.58522464952819,-0.0696191919144064
5.6044116941068,1.58506251223983,-0.0696190364481115
5.62105157733065,1.5849003962403,-0.0696188786178616
5.63769146232497,1.58473830290932,-0.0696187183005027
5.6543313490906,1.58457623356806,-0.0696185553899518
5.67097123765008,1.5844141894807,-0.0696183898003661
5.68761112804526,1.58425217185679,-0.069618221491767
5.70425102029013,1.58409018185472,-0.0696180504829833
5.7208909143626,1.5839282205808,-0.0696178766993774
5.73753081025804,1.58376628909307,-0.0696177000244177
5.75417070799769,1.58360438840425,-0.0696175203478421
5.77081060762217,1.58344251948356,-0.0696173375884456
5.7874505091677,1.58328068325861,-0.0696171517044137
5.80409041264571,1.58311888061763,-0.0696169626869133
5.82073031802517,1.58295711241178,-0.0696167705345628
5.83737022526455,1.5827953794557,-0.0696165752229187
5.85401013436788,1.58263368252711,-0.0696163767325711
5.87065004537162,1.5824720223679,-0.0696161750994496
5.88728995830486,1.58231039969251,-0.0696159702199898
5.90392987319461,1.58214881518563,-0.0696157619874322
5.92056979004828,1.58198726950149,-0.0696155503764193
5.93720970885987,1.58182576326432,-0.0696153354762321
5.9538496296083,1.5816642970677,-0.0696151172869955
5.970489552283,1.58150287147896,-0.0696148956910617
5.98712947689926,1.58134148703751,-0.0696146705324599
6.0037694034593,1.58118014425794,-0.0696144417401559
6.0204093319889,1.58101884363118,-0.0696142093963932
6.03704926253418,1.58085758562989,-0.0696139737154164
6.0536891951447,1.58069637070911,-0.0696137349625288
6.07032912980105,1.58053519929819,-0.0696134932101419
6.08696906645578,1.58037407180361,-0.0696132484773589
6.10360900507651,1.58021298861021,-0.0696130008454491
6.12024894562673,1.58005195008691,-0.069612750302482
6.13688888811673,1.57989095658581,-0.0696124967990976
6.15352883259411,1.57973000844233,-0.0696122403066815
6.17016877912121,1.57956910597644,-0.0696119808440229
6.18680872771854,1.57940824949374,-0.0696117184762931
6.20344867835556,1.57924743928562,-0.0696114532825595
6.22008863099693,1.5790866756298,-0.0696111853628614
6.23672858564576,1.57892595879193,-0.0696109148909112
6.25336854229494,1.57876528901995,-0.0696106418717709
6.27000850095894,1.57860466654817,-0.0696103662652577
6.28664846164794,1.5784440916001,-0.0696100880578064
6.30328842436003,1.57828356438902,-0.0696098072637962
6.31992838907478,1.57812308511804,-0.0696095239078988
6.33656835579458,1.57796265398005,-0.0696092380148748
6.35320832454353,1.57780227115856,-0.0696089496175294
6.36984829536043,1.57764193682859,-0.0696086587670383
6.38648826827649,1.57748165115724,-0.0696083655425075
6.40312824328043,1.57732141430512,-0.0696080700747846
6.41976822033838,1.5771612264281,-0.0696077725457546
6.4364081993851,1.57700108767105,-0.0696074728552161
6.45304818040536,1.57684099817019,-0.0696071708580877
6.46968816345789,1.57668095805491,-0.0696068665879297
6.48632814860456,1.57652096744641,-0.0696065604569986
6.50296813583789,1.5763610264597,-0.069606252709303
6.51960812511432,1.576201135211,-0.0696059432992692
6.53624811642111,1.57604129381413,-0.0696056321250015
6.55288810976471,1.5758815023781,-0.0696053191461524
6.5695281051794,1.57572176100376,-0.069605004488461
6.58616810272001,1.57556206978355,-0.069604688450625
6.6028081023551,1.57540242881314,-0.0696043711832814
6.61944810398647,1.57524283819325,-0.0696040526134404
6.63608810758113,1.57508329801964,-0.0696037325872375
6.65272811319093,1.57492380838113,-0.0696034110299007
6.66936812086441,1.57476436936134,-0.069603088005429
6.68600813061128,1.57460498104436,-0.0696027635597424
6.70264814242611,1.57444564351328,-0.0696024377427712
6.71928815630149,1.57428635684938,-0.0696021106184681
6.73592817223314,1.57412712113234,-0.0696017822568342
6.75256819022806,1.57396793643942,-0.0696014527659833
6.76920821030829,1.57380880284381,-0.0696011223646222
6.78584823247692,1.57364972042172,-0.069600791193903
6.80248825672805,1.57349068925306,-0.0696004593456864
6.81912828296943,1.57333170942051,-0.0696001266618345
6.83576831116962,1.57317278100504,-0.069599792949575
6.85240834138344,1.57301390408306,-0.0695994581599778
6.86904837372747,1.57285507872271,-0.0695991225533915
6.88568840824168,1.57269630499442,-0.0695987864017822
6.90232844486999,1.57253758297752,-0.069598449763744
6.918968483548,1.5723789127538,-0.0695981126065701
6.93560852424042,1.57222029440324,-0.0695977748360979
6.952248566958,1.57206172800444,-0.0695974364361174
6.96888861174287,1.57190321363464,-0.0695970975717942
6.98552865860003,1.571744751379,-0.0695967583607271
7.00216870752398,1.57158634132493,-0.0695964188743945
7.0188087585116,1.57142798356035,-0.0695960791842078
7.03544881159026,1.57126967817536,-0.0695957394352567
7.05208886677255,1.57111142525924,-0.0695953997748039
7.0687289240562,1.57095322489865,-0.0695950603361658
7.085368983425,1.57079507718243,-0.0695947211443316
7.10200904486085,1.57063698220158,-0.0695943822104368
7.11864910835078,1.57047894005024,-0.0695940435944409
7.1352891738852,1.57032095082227,-0.0695937052858702
7.15192924148378,1.57016301461145,-0.0695933672996158
7.1685693112013,1.57000513150999,-0.069593029801868
7.18520938304962,1.5698473016152,-0.0695926929656777
7.20184945699732,1.56968952503481,-0.0695923568898344
7.21848953300666,1.56953180187676,-0.0695920215602713
7.23512961103879,1.56937413224199,-0.0695916867420294
7.25176969107773,1.56921651623187,-0.0695913522346823
7.26840977314632,1.56905895395153,-0.0695910179957028
7.28504985731487,1.56890144551043,-0.0695906842509044
7.3016899436292,1.56874399102255,-0.0695903512699935
7.3183300320858,1.56858659060574,-0.06959001917555
7.33497012265174,1.56842924437776,-0.0695896879791298
7.35161021529817,1.56827195245532,-0.0695893576481453
7.36825030998756,1.56811471495348,-0.0695890280882016
7.38489040671124,1.56795753198848,-0.0695886992275382
7.4015305054799,1.56780040367968,-0.0695883710437094
7.41817060631392,1.56764333014971,-0.0695880435174487
7.4348107092158,1.56748631152403,-0.0695877165269866
7.4514508141953,1.56732934792994,-0.0695873899924475
7.46809092127485,1.5671724394958,-0.0695870639609376
7.48473103049352,1.56701558635004,-0.0695867387027746
7.5013711418584,1.56685878862257,-0.0695864144899611
7.51801125534786,1.56670204644549,-0.0695860914945655
7.53465137093175,1.56654535995335,-0.0695857697795247
7.55129148858725,1.56638872928418,-0.0695854493177645
7.56793160831683,1.56623215457824,-0.069585130109491
7.58457173011965,1.56607563597397,-0.0695848120995822
7.60121185400149,1.56591917360952,-0.0695844952407393
7.61785197997258,1.56576276762399,-0.0695841795227036
7.63449210804554,1.56560641815756,-0.0695838649763232
7.65113223824068,1.5654501253508,-0.0695835516886136
7.66777237056969,1.56529388934641,-0.069583239747834
7.68441250501844,1.56513771029037,-0.0695829291955757
7.70105264156632,1.56498158833014,-0.069582620057987
7.7176927801879,1.56482552361348,-0.0695823123527802
7.7343329208806,1.56466951628794,-0.0695820060897209
7.75097306365656,1.56451356650141,-0.0695817012785037
7.7676132085391,1.56435767440301,-0.0695813979524164
7.78425335555369,1.56420184014421,-0.0695810962083721
7.80089350470065,1.56404606387594,-0.0695807961008537
7.81753365596884,1.56389034574891,-0.0695804976517604
7.83417380934813,1.56373468591403,-0.0695802008689901
7.8508139648346,1.56357908452265,-0.0695799057554913
7.86745412242884,1.5634235417264,-0.0695796123064431
7.88409428213045,1.56326805767663,-0.0695793204888285
7.90073444394442,1.56311263252539,-0.0695790302816776
7.91737460787832,1.56295726642574,-0.0695787416876886
7.93401477393471,1.56280195953209,-0.0695784547084339
7.95065494212447,1.56264671202849,-0.069578167533343
7.96729511246014,1.56249152438931,-0.0695778788656196
7.98393528494206,1.56233639747728,-0.0695775897416745
8.00057545958103,1.5621813323507,-0.0695773012359504
8.0172156363782,1.56202633014466,-0.0695770140953547
8.03385581531742,1.56187139201135,-0.0695767285920902
8.05049599639212,1.5617165190874,-0.0695764446464098
8.06713617961776,1.56156171247822,-0.0695761620123615
8.08377636499621,1.56140697325144,-0.0695758804327906
8.10041655253269,1.56125230243228,-0.069575599665562
8.11705674223779,1.56109770100244,-0.0695753194874289
8.13369693413395,1.56094316990206,-0.069575039760914
8.15033712824942,1.56078871003112,-0.0695747604638139
8.16697732458813,1.56063432225517,-0.0695744815383003
8.18361752314945,1.56048000740514,-0.0695742029199802
8.20025772393284,1.56032576627779,-0.0695739245540848
8.21689792693354,1.56017159963722,-0.0695736463866352
8.23353813216067,1.56001750821613,-0.0695733683614166
8.25017833963597,1.55986349271693,-0.0695730904268642
8.26681854939312,1.55970955381285,-0.0695728125467931
8.28345876145592,1.55955569214956,-0.0695725347095802
8.30009897580882,1.55940190834704,-0.069572256923206
8.3167391924346,1.55924820300101,-0.0695719792201345
8.3333794113215,1.55909457668305,-0.0695717016145736
8.35001963247348,1.55894102994082,-0.0695714240862832
8.36665985590433,1.5587875632984,-0.0695711465730921
8.38330008162528,1.55863417725849,-0.069570869021709
8.39994030964171,1.55848087230408,-0.0695705914181248
8.41658053996504,1.55832764889985,-0.0695703138108264
8.43322077259054,1.55817450748947,-0.0695700361803155
8.44986100751585,1.55802144849771,-0.0695697584891612
8.46650124474499,1.55786847233199,-0.0695694807124506
8.48314148428665,1.55771557938306,-0.0695692028405535
8.49978172615138,1.55756277002548,-0.069568924879035
8.51642197033802,1.55741004461833,-0.0695686468414741
8.53306221684494,1.55725740350575,-0.0695683687411572
8.54970246567954,1.557104847017,-0.0695680906182338
8.56634271685836,1.55695237546653,-0.06956781258332
8.58298297036939,1.55679998915668,-0.0695675346277032
8.59962322620342,1.55664768837718,-0.069567256704527
8.61626348436327,1.55649547340518,-0.0695669787820999
8.63290374485192,1.55634334450573,-0.0695667008505306
8.64954400767488,1.55619130193217,-0.0695664229174028
8.66618427283902,1.55603934592678,-0.0695661450025916
8.68282454034964,1.55588747672128,-0.069565867132708
8.69946481020952,1.55573569453746,-0.0695655893363697
8.71610508242297,1.55558399958756,-0.0695653116417598
8.7327453569962,1.55543239207512,-0.0695650340804926
8.74938563391161,1.55528087219526,-0.0695647566795221
8.76602591316573,1.55512944013417,-0.0695644794539419
8.78266619477709,1.55497809606929,-0.0695642024222124
8.79930647874852,1.55482684017045,-0.0695639256100126
8.81594676507018,1.55467567260065,-0.0695636490412136
8.83258705371711,1.55452459351639,-0.0695633727247395
8.84922734468989,1.5543736030675,-0.0695630966537952
8.86586763801573,1.55422270139732,-0.0695628208233552
8.88250793373783,1.55407188864304,-0.0695625452514898
8.89914823187064,1.55392116493658,-0.0695622699820505
8.91578853240506,1.5537705304053,-0.0695619950730182
8.93242883529373,1.55361998517206,-0.0695617205729797
8.94906914051634,1.55346952935419,-0.0695614465072077
8.96570944809311,1.55331916306356,-0.0695611728990362
8.982349758033,1.55316888640781,-0.0695608997783123
8.99899007034021,1.55301869949114,-0.0695606271742681
9.01563038501729,1.55286860241439,-0.0695603551150805
9.03227070206493,1.55271859527512,-0.0695600836284964
9.04891102148287,1.55256867816763,-0.0695598127422422
9.06555134326717,1.55241885118372,-0.0695595424653312
9.08219166741353,1.55226911441432,-0.0695592727420765
9.09883199393788,1.55211946794754,-0.0695590035427893
9.11547232282528,1.5519699118682,-0.0695587348794716
9.13211265407125,1.55182044625685,-0.0695584667994513
9.14875298769431,1.55167107118917,-0.0695581994252676
9.16539332370721,1.55152178673942,-0.0695579328707571
9.18203366211002,1.55137259298179,-0.0695576672105437
9.19867400289469,1.55122348999035,-0.0695574024841197
9.21531434605545,1.55107447783912,-0.0695571387260221
9.23195469159475,1.55092555660249,-0.0695568760068871
9.24859503950073,1.55077672635154,-0.0695566143163009
9.26523538977422,1.55062798715543,-0.0695563536237377
9.28187574242855,1.55047933908294,-0.069556093924635
9.29851609743037,1.55033078220271,-0.0695558352347402
9.31515645477296,1.55018231658155,-0.069555577591963
9.33179681448992,1.55003394228694,-0.069555321021538
9.3484371766465,1.5498856593905,-0.0695550655285211
9.36507754122037,1.54973746796232,-0.0695548111120869
9.38171790814779,1.54958936806933,-0.0695545577874444
9.3983582774092,1.54944135977355,-0.0695543056215918
9.41499864901708,1.54929344313795,-0.0695540546431844
9.43163902301386,1.54914561822694,-0.0695538048720377
9.44827939944044,1.54899788510572,-0.0695535563522206
9.46491977827068,1.54885024384107,-0.069553309138367
9.48156015944673,1.54870269450183,-0.0695530632580562
9.49820054294861,1.5485552371579,-0.069552818708191
9.5148409288,1.5484078718792,-0.0695525754940803
9.53148131704684,1.54826059873547,-0.0695523336903051
9.54812170769486,1.54811341779635,-0.0695520933626316
9.56476210072793,1.54796632913076,-0.0695518545219113
9.5814024961353,1.54781933280763,-0.0695516171809945
9.59804289390144,1.54767242889935,-0.0695513812800682
9.61468329402732,1.54752561747906,-0.0695511467399497
9.63132369652918,1.54737889861789,-0.0695509134592433
9.6479641014085,1.54723227238764,-0.0695506813885778
9.664604508667,1.54708573886278,-0.0695504505539655
9.68124491828753,1.54693929812143,-0.0695502210852964
9.6978853302775,1.54679295024148,-0.0695499931462792
9.71452574466107,1.54664669530304,-0.0695497668037573
9.73116616148583,1.54650053338463,-0.0695495420577596
9.74780658072585,1.54635446456401,-0.0695493189090711
9.76444700231227,1.54620848891971,-0.069549097342648
9.78108742620654,1.54606260653118,-0.0695488773194163
9.79772785242049,1.54591681747802,-0.0695486587777879
9.81436828099669,1.5457711218382,-0.0695484416283657
9.83100871200602,1.5456255196889,-0.0695482259025953
9.84764914544779,1.54548001111138,-0.0695480117003155
9.86428958130074,1.54533459619257,-0.0695477991673265
9.8809300195433,1.54518927502213,-0.0695475883964589
9.89757046016686,1.54504404769251,-0.0695473793842248
9.91421090316399,1.5448989142944,-0.0695471720690359
9.93085134853956,1.54475387491572,-0.069546966419961
9.94749179630078,1.54460892964212,-0.0695467625172968
9.96413224646106,1.54446407856174,-0.0695465605111953
9.98077269901563,1.54431932176552,-0.069546360474469
9.99741315393013,1.54417465934855,-0.0695461622667748
10.0140536111874,1.54403009140351,-0.069545965664224
10.0306940708198,1.5438856180203,-0.0695457705421345
10.0473345328629,1.54374123928643,-0.0695455769513982
10.0639749973259,1.54359695529192,-0.0695453850185376
10.0806154641966,1.54345276613152,-0.0695451949136617
10.0972559334236,1.54330867189992,-0.069545006718702
10.1138964049951,1.54316467269008,-0.0695448204527116
10.1305368789387,1.54302076859633,-0.069544636072237
10.1471773553148,1.54287695971432,-0.0695444535538963
10.1638178341221,1.54273324613908,-0.0695442728399449
10.1804583153171,1.54258962796653,-0.0695440938795145
10.1970987988656,1.54244610529344,-0.0695439166373554
10.2137392847629,1.54230267821698,-0.0695437410930415
10.2303797730206,1.54215934683496,-0.0695435672557741
10.2470202636714,1.54201611124712,-0.0695433952068623
10.2636607567312,1.54187297155328,-0.0695432250184866
10.2803012521793,1.54172992785301,-0.0695430566984899
10.2969417499778,1.54158698024539,-0.0695428901401577
10.3135822501238,1.54144412882835,-0.0695427252120404
10.3302227526524,1.54130137369777,-0.0695425618048907
10.3468632576034,1.54115871494898,-0.0695423999096043
10.3635037649898,1.54101615267904,-0.0695422396086358
10.3801442748042,1.54087368698631,-0.0695420810677518
10.3967847869878,1.54073131796885,-0.0695419242130363
10.4134253015051,1.54058904572575,-0.0695417689106904
10.4300658183739,1.54044687035788,-0.0695416150902779
10.4467063376252,1.54030479197138,-0.0695414626262561
10.4633468592793,1.54016281070086,-0.0695413114657746
10.4799873833471,1.54002092671832,-0.0695411617653428
10.4966279098403,1.53987914021382,-0.0695410136624654
10.5132684387314,1.53973745138459,-0.0695408672433953
10.5299089700007,1.53959586042925,-0.0695407225670282
10.5465495036564,1.53945436754421,-0.0695405797573268
10.5631900396931,1.53931297292158,-0.069540438803256
10.5798305780992,1.53917167675189,-0.0695402995625372
10.5964711188768,1.53903047922194,-0.069540161895459
10.6131116620374,1.53888938051385,-0.0695400257115185
10.6297522075965,1.53874838080501,-0.0695398909695364
10.6463927555717,1.53860748026843,-0.0695397576690608
10.6630333059601,1.5384666790731,-0.0695396258311053
10.6796738587525,1.53832597738385,-0.0695394954765385
10.6963144139435,1.53818537536149,-0.0695393666175754
10.7129549715309,1.53804487316316,-0.0695392392567815
10.7295955315153,1.53790447094291,-0.0695391134054497
10.7462360939082,1.53776416885258,-0.0695389891146619
10.7628766587052,1.53762396703856,-0.0695388663541957
10.7795172259024,1.53748386564341,-0.0695387450699309
10.7961577954969,1.53734386480694,-0.0695386252182701
10.81279836748,1.53720396466671,-0.069538506764824
10.829438941855,1.53706416535783,-0.0695383896814124
10.8460795186369,1.53692446701264,-0.0695382739493743
10.8627200978487,1.5367848697603,-0.0695381595654095
10.8793606794947,1.53664537372749,-0.0695380465228934
10.8960012635462,1.53650597904029,-0.0695379347506422
10.912641849985,1.53636668582188,-0.0695378241818766
10.9292824388179,1.53622749419114,-0.0695377148006649
10.9459230300747,1.53608840426161,-0.069537606689006
10.9625636237687,1.53594941614483,-0.0695374999467133
10.9792042198938,1.53581052995195,-0.0695373946707939
10.9958448184401,1.53567174579244,-0.0695372909127626
11.0124854194097,1.53553306377303,-0.0695371887119247
11.0291260228036,1.5353944839973,-0.069537088179943
11.0457666286071,1.53525600656722,-0.0695369893525965
11.0624072367877,1.53511763158341,-0.0695368920711114
11.0790478473378,1.53497935914462,-0.0695367961639958
11.0956884602719,1.53484118934757,-0.0695367015227213
11.1123290756101,1.53470312228701,-0.069536608102397
11.1289696933662,1.53456515805579,-0.069536515903191
11.1456103135446,1.53442729674491,-0.0695364249473321
11.1622509361444,1.53428953844352,-0.0695363352609932
11.1788915611663,1.53415188323903,-0.0695362468667072
11.1955321886055,1.53401433121722,-0.0695361597803272
11.2121728184535,1.53387688246216,-0.06953607400813
11.2288134506997,1.53373953705601,-0.0695359895448862
11.2454540853432,1.53360229507908,-0.0695359063768277
11.2620947223902,1.53346515660994,-0.0695358244889588
11.2787353618475,1.53332812172569,-0.0695357438694703
11.2953760037184,1.53319119050198,-0.0695356645104387
11.3120166480026,1.53305436301299,-0.0695355864064445
11.3286572946977,1.53291763933144,-0.0695355095528869
11.3452979438017,1.53278101952859,-0.069535433944941
11.3619385953135,1.53264450367423,-0.0695353595772521
11.3785792492333,1.53250809183678,-0.0695352864440497
11.3952199055635,1.53237178408325,-0.0695352145396786
11.4118605643124,1.53223558047944,-0.0695351438621138
11.4285012254823,1.53209948109004,-0.0695350744158689
11.445141889057,1.53196348597854,-0.069535006202551
11.4617825550308,1.53182759520618,-0.069534939232729
11.4784232234181,1.53169180883084,-0.0695348735784495
11.4950638942205,1.53155612690984,-0.0695348092611126
11.5117045674121,1.53142054950089,-0.0695347461328986
11.5283452429834,1.53128507666148,-0.0695346840441305
11.5449859209487,1.53114970844919,-0.0695346229360336
11.5616266013389,1.53101444492299,-0.0695345628974966
11.578267284161,1.53087928613917,-0.0695345040021735
11.594907969407,1.53074423215125,-0.0695344462878402
11.6115486570656,1.53060928301068,-0.0695343897653976
11.6281893471317,1.53047443876686,-0.0695343344451423
11.6448300396106,1.53033969946673,-0.069534280374708
11.6614707344922,1.53020506515895,-0.0695342275198687
11.6781114317701,1.53007053589218,-0.0695341758229722
11.6947521314452,1.5299361117141,-0.0695341252389223
11.7113928335221,1.52980179267116,-0.0695340757403571
11.7280335380052,1.52966757880859,-0.0695340273152068
11.7446742448968,1.52953347017048,-0.0695339799609452
11.7613149541968,1.52939946679996,-0.0695339336787725
11.7779556659036,1.52926556873924,-0.0695338884694586
11.7945963800118,1.52913177603034,-0.0695338443125137
11.8112370965083,1.52899808871642,-0.069533801118684
11.827877815391,1.52886450683932,-0.0695337588105097
11.8445185366749,1.52873103043828,-0.0695337173688945
11.861159260389,1.52859765954905,-0.0695336768784575
11.877799986528,1.52846439420684,-0.0695336374292695
11.8944407150759,1.52833123444699,-0.0695335990697653
11.911081446021,1.528198180305,-0.0695335618096734
11.9277221793553,1.52806523181643,-0.0695335256335504
11.9443629150678,1.52793238901686,-0.0695334905090342
11.9610036531608,1.5277996519414,-0.0695334563958054
11.9776443936483,1.52766702062425,-0.0695334232586434
11.9942851365514,1.5275344950983,-0.0695333910790332
12.0109258818842,1.52740207539522,-0.0695333598933953
12.027566629664,1.52726976154516,-0.0695333298628409
12.044207379849,1.52713755357633,-0.0695333010154049
12.0608481323823,1.52700545151741,-0.0695332731687759
12.0774888872513,1.52687345539766,-0.0695332461373262
12.094129644491,1.52674156524665,-0.069533219875853
12.1107704041713,1.52660978109476,-0.0695331946338225
12.1274111662992,1.52647810297247,-0.0695331705722731
12.1440519308148,1.52634653090742,-0.0695331475428982
12.1606926976825,1.52621506492578,-0.0695331253485822
12.1773334669114,1.52608370505355,-0.069533103876367
12.1939742385301,1.52595245131838,-0.0695330831546657
12.2106150125452,1.52582130374798,-0.0695330632476861
12.2272557889571,1.52569026236918,-0.0695330442012942
12.2438965677706,1.52555932720735,-0.0695330260372071
12.2605373489976,1.5254284982859,-0.0695330087659273
12.2771781326234,1.5252977756271,-0.0695329923893773
12.2938189186275,1.52516715925246,-0.0695329768766742
12.3104597069916,1.52503664918168,-0.0695329621231298
12.3271004977174,1.5249062454347,-0.0695329480378789
12.3437412908265,1.52477594803339,-0.0695329346122223
12.3603820863603,1.52464575700257,-0.0695329220073205
12.3770228843351,1.52451567236292,-0.0695329103659999
12.3936636847204,1.52438569413561,-0.0695328996983344
12.4103044874811,1.52425582234166,-0.0695328899598154
12.4269452926014,1.5241260570015,-0.0695328811136301
12.4435861000991,1.52399639813604,-0.0695328731985396
12.4602269099785,1.52386684576524,-0.0695328662542904
12.4768677222366,1.52373739990772,-0.0695328602898069
12.4935085368622,1.5236080605808,-0.0695328552843409
12.5101493538585,1.52347882780008,-0.0695328512161184
12.5267901732481,1.52334970157873,-0.0695328481261921
12.5434309950522,1.52322068193024,-0.0695328460271274
12.5600718192634,1.52309176886886,-0.0695328448201053
12.5767126458366,1.52296296241032,-0.069532844403439
12.5933534747519,1.52283426257149,-0.0695328447205786
12.6099943060322,1.52270566937105,-0.06953284581298
12.6266351397133,1.52257718282619,-0.0695328477711716
12.6432759757925,1.52244880295046,-0.0695328506703762
12.6599168141964,1.52232052975868,-0.0695328542015795
12.6765576548904,1.52219236326534,-0.0695328580338481
12.6931984979155,1.52206430348348,-0.0695328620125538
12.7098393433464,1.5219363504253,-0.0695328662531904
12.7264801912223,1.52180850410385,-0.0695328709221548
12.7431210415172,1.52168076453467,-0.0695328760846943
12.7597618941804,1.52155313173312,-0.0695328817485417
12.776402749189,1.52142560571241,-0.0695328879113283
12.79304360656,1.52129818648218,-0.0695328946290689
12.809684466327,1.52117087405139,-0.0695329019668646
12.8263253285137,1.52104366843066,-0.0695329100080291
12.8429661930975,1.52091656963175,-0.0695329188114919
12.8596070600188,1.52078957766671,-0.0695329284058362
12.876247929268,1.52066269254556,-0.0695329388471273
12.892888800857,1.5205359142759,-0.069532950090452
12.9095296748151,1.52040924286536,-0.0695329620632783
12.9261705511567,1.5202826783231,-0.0695329746940342
12.9428114298572,1.52015622063353,-0.0695329896688694
12.959452310894,1.52002986948403,-0.0695330082164878
12.9760931942809,1.51990362416233,-0.0695330293622581
12.9927340800464,1.51977748374895,-0.0695330522734207
13.00937496821,1.51965144724442,-0.0695330764440721
13.0260158587685,1.51952551363487,-0.0695331017570791
13.0426567516976,1.51939968192079,-0.0695331282812443
13.0592976469767,1.51927395113368,-0.069533156199678
13.0759385445795,1.51914832034408,-0.0695331856525201
13.0925794444878,1.51902278866779,-0.0695332167004888
13.1092203467154,1.51889735526466,-0.0695332494275451
13.1258612512865,1.51877201933705,-0.0695332840255786
13.1425021582152,1.51864678012407,-0.0695333207839806
13.1591430674969,1.51852163690121,-0.0695333600597599
13.1757839790961,1.51839658897867,-0.0695334020548977
13.1924248929531,1.51827163569734,-0.0695334466950392
13.2090658090442,1.51814677643201,-0.0695334938213363
13.2257067273727,1.51802201059289,-0.0695335432512259
13.2423476479616,1.51789733762192,-0.0695335948686454
13.2589885707816,1.51777275699154,-0.069533648576785
13.2756294958243,1.51764826819984,-0.0695337043315048
13.2922704231116,1.51752387076868,-0.0695337621487679
13.3089113526766,1.51739956424339,-0.0695338220892908
13.3255522845285,1.5172753481927,-0.0695338842345997
13.3421932186562,1.51715122220741,-0.0695339486780897
13.3588341550454,1.51702718589881,-0.0695340155383443
13.375475093668,1.5169032389017,-0.0695340848307137
13.3921160345146,1.51677938087175,-0.0695341565289954
13.4087569776184,1.5166556114845,-0.0695342306947185
13.4253979230067,1.51653193043552,-0.0695343076161665
13.4420388706199,1.51640833743229,-0.0695343873074821
13.4586798204001,1.51628483219951,-0.0695344695719039
13.4753207723294,1.51616141447716,-0.0695345541519169
13.4919617264302,1.51603808402145,-0.0695346408697002
13.508602682741,1.51591484060539,-0.0695347296725192
13.5252436412977,1.51579168401912,-0.0695348206505801
13.5418846021107,1.51566861406602,-0.0695349139365491
13.5585255651819,1.51554563056083,-0.0695350097225061
13.5751665305087,1.51542273333469,-0.0695351082402619
13.5918074980631,1.51529992222956,-0.0695352095943763
13.6084484677948,1.51517719709485,-0.0695353136559805
13.6250894396708,1.51505455778706,-0.0695354201754402
13.6417304136953,1.51493200417269,-0.0695355289444719
13.6583713898936,1.51480953612925,-0.0695356398420513
13.6750123682906,1.51468715354492,-0.0695357528226211
13.6916533488992,1.51456485631781,-0.0695358678875267
13.7082943317193,1.51444264435489,-0.0695359850559744
13.7249353167469,1.51432051757063,-0.0695361043629824
13.7415763039803,1.51419847588488,-0.0695362258954826
13.7582172933982,1.51407651922571,-0.0695363496856721
13.7748582849774,1.51395464753085,-0.069536475639977
13.7914992787192,1.51383286074436,-0.0695366036402687
13.8081402746505,1.51371115881425,-0.0695367336174291
13.8247812727969,1.51358954169097,-0.0695368656071877
13.8414222731553,1.51346800933129,-0.0695369996221122
13.8580632756851,1.51334656170191,-0.0695371355165016
13.8747042803683,1.51322519877384,-0.069537273141881
13.8913452872251,1.51310392051939,-0.0695374124340428
13.9079862962677,1.51298272691129,-0.0695375534503817
13.9246273074906,1.51286161792582,-0.0695376962729336
13.9412683208969,1.5127405935443,-0.0695378409910089
13.9579093364775,1.51261965374961,-0.0695379875787074
13.9745503542293,1.51249879852686,-0.0695381359802709
13.9911913741642,1.51237802786217,-0.0695382862123675
14.0078323962918,1.51225734174589,-0.0695384383304529
14.0244734206048,1.51213674017763,-0.0695385923521723
14.0411144470674,1.51201622315513,-0.0695387481158023
14.0577554756633,1.51189579067509,-0.069538905440777
14.0743965063996,1.51177544273474,-0.0695390641995261
14.0910375392926,1.51165517933216,-0.0695392243196109
14.1076785743558,1.51153500046652,-0.0695393857686686
14.1243196115946,1.51141490613796,-0.0695395485346879
14.1409606510143,1.51129489634739,-0.06953971264718
14.1576016926221,1.51117497109668,-0.0695398782054323
14.1742427363789,1.51105513039008,-0.0695400450736509
14.190883782262,1.51093537423124,-0.0695402130693519
14.2075248302826,1.51081570262211,-0.0695403820986841
14.2241658804771,1.51069611556262,-0.0695405522381565
14.2408069328511,1.51057661304999,-0.0695407235139925
14.2574479873951,1.5104571950813,-0.0695408959098302
14.2740890440979,1.51033786165422,-0.0695410693917168
14.2907301029521,1.51021861276677,-0.0695412439163078
14.3073711639553,1.51009944841678,-0.0695414194379677
14.324012227112,1.50998036860129,-0.0695415959138681
14.3406532924323,1.50986137331593,-0.0695417733112068
14.3572943599022,1.50974246255514,-0.0695419516011887
14.3739354295012,1.50962363631193,-0.0695421307432894
14.3905765012285,1.50950489457752,-0.0695423106862519
14.4072175751025,1.50938623734151,-0.0695424913799535
14.4238586511549,1.50926766459172,-0.0695426728088638
14.4404997293963,1.50914917631303,-0.0695428550372391
14.4571408098113,1.50903077248926,-0.0695430381144192
14.4737818923778,1.50891245310366,-0.0695432220433935
14.4904229770877,1.50879421813901,-0.0695434068096308
14.5070640639502,1.50867606757834,-0.0695435924133024
14.5237051529341,1.50855800140287,-0.0695437787048417
14.5403462440258,1.50844001959085,-0.0695439655192428
14.556987337241,1.50832212211764,-0.0695441527711434
14.573628432611,1.5082043089565,-0.0695443404985847
14.5902695301336,1.50808658007735,-0.0695445286573148
14.6069106297999,1.50796893544781,-0.0695447171820987
14.6235517316049,1.50785137503377,-0.0695449060223682
14.6401928355476,1.50773389879956,-0.0695450951415186
14.6568339416255,1.50761650670792,-0.0695452845119969
14.6734750498283,1.50749919872013,-0.0695454741043221
14.6901161601565,1.50738197479569,-0.0695456638823474
14.7067572726218,1.50726483489195,-0.0695458538092653
14.7233983872429,1.50714777896369,-0.0695460438573307
14.7400395040217,1.50703080696336,-0.0695462340090626
14.7566806229461,1.50691391884146,-0.0695464242483946
14.7733217440028,1.50679711454659,-0.0695466145552523
14.7899628671879,1.50668039402496,-0.0695468049240941
14.8066039925092,1.50656375721952,-0.0695469953947092
14.8232451199587,1.50644720407373,-0.0695471859274453
14.8398862495302,1.50633073452988,-0.0695473764579048
14.856527381223,1.50621434852807,-0.0695475669310234
14.8731685150464,1.50609804600606,-0.0695477573072683
14.8898096510228,1.50598182689927,-0.0695479475726293
14.906450789134,1.50586569114116,-0.0695481377286125
14.9230919293381,1.50574963866327,-0.0695483277593387
14.939733071625,1.50563366939524,-0.0695485176251694
14.9563742160231,1.505517783265,-0.0695487072822795
14.9730153625896,1.505401980199,-0.0695488967132893
14.9896565113248,1.50528626012281,-0.0695490859301984
15.006297662168,1.50517062296121,-0.0695492749485341
15.0229388150962,1.50505506863861,-0.0695494638147676
15.0395799701181,1.50493959707656,-0.069549652529047
15.056221127251,1.5048242081923,-0.069549840997316
15.072862286505,1.50470890190158,-0.0695500291270907
15.0895034478791,1.50459367811961,-0.069550216856883
15.1061446113663,1.50447853676092,-0.0695504041506332
15.1227857769605,1.50436347773918,-0.0695505909885299
15.1394269446596,1.50424850096705,-0.0695507773591987
15.156068114461,1.50413360635602,-0.0695509632535552
15.1727092863541,1.50401879381617,-0.0695511486551385
15.1893504603391,1.503904063256,-0.0695513335372439
15.2059916364351,1.50378941458254,-0.0695515178781462
15.2226328146842,1.50367484770117,-0.0695517016994131
15.239273995075,1.50356036251657,-0.0695518850489378
15.2559151775676,1.50344595893235,-0.0695520679743247
15.2725563621262,1.50333163685379,-0.0695522504177502
15.2891975487499,1.50321739618557,-0.0695524322950767
15.3058387374665,1.50310323683094,-0.0695526135482521
15.3224799282944,1.50298915869194,-0.0695527941537345
15.3391211212375,1.50287516166988,-0.0695529741281007
15.3557623162949,1.50276124566622,-0.0695531535419608
15.3724035134498,1.50264741057921,-0.0695533323847158
15.3890447127001,1.50253365630535,-0.0695535106216138
15.4056859140389,1.50241998274068,-0.0695536882284344
15.4223271174445,1.50230638978121,-0.0695538651816489
15.4389683228697,1.50219287726416,-0.0695540451785838
15.455609530298,1.50207944439679,-0.0695542307922627
15.4722507397905,1.50196608953806,-0.0695544197670377
15.488891951389,1.50185281061341,-0.069554610056555
15.5055331650885,1.50173960537694,-0.0695548004407555
15.5221743808849,1.50162647154928,-0.0695549905006932
15.5388155987777,1.50151340688628,-0.0695551803589001
15.555456818782,1.50140040921463,-0.0695553704905726
15.5720980408845,1.50128747644786,-0.069555561520434
15.5887392650477,1.50117460659209,-0.0695557540856575
15.6053804912114,1.50106179774327,-0.0695559486630818
15.6220217193311,1.50094904808351,-0.0695561455362773
15.6386629493914,1.50083635587736,-0.0695563448505261
15.6553041814046,1.50072371946853,-0.0695565466963222
15.6719454153843,1.50061113727715,-0.0695567511915521
15.688586651307,1.50049860779489,-0.0695569584508209
15.7052278891329,1.50038612958419,-0.0695571685451816
15.7218691288381,1.50027370127489,-0.0695573815521015
15.7385103704243,1.50016132156103,-0.0695575975981395
15.7551516138912,1.50004898919694,-0.0695578168172672
15.7717928592283,1.49993670299429,-0.0695580393174593
15.7884341064124,1.49982446181927,-0.0695582651503542
15.8050753554173,1.49971226459176,-0.0695584943461829
15.8217166062432,1.49960011028286,-0.0695587269502052
15.8383578589196,1.49948799791183,-0.0695589630667954
15.8549991134489,1.49937592654766,-0.0695592027039096
15.8716403697975,1.4992638953055,-0.0695594457262827
15.8882816279333,1.49915190334365,-0.0695596920321731
15.9049228878424,1.49903994986112,-0.0695599416288834
15.9215641495523,1.49892803409564,-0.0695601947070675
15.9382054130676,1.49881615532274,-0.0695604514545722
15.9548466783721,1.49870431285476,-0.0695607119750075
15.9714879454586,1.49859250603968,-0.0695609762932766
15.9881292143413,1.49848073425903,-0.0695612444100529
16.0047704850437,1.49836899692547,-0.0695615163657205
16.0214117575648,1.49825729348496,-0.0695617921368839
16.0380530318656,1.49814562341397,-0.069562071687849
16.0546943078867,1.498033986217,-0.0695623549760275
16.0713355856051,1.49792238142483,-0.0695626419474282
16.087976865023,1.49781080859425,-0.0695629325450944
16.1046181461532,1.49769926730726,-0.0695632267006764
16.1212594290136,1.49758775716914,-0.0695635243146427
16.1379007136198,1.49747627780813,-0.0695638253001334
16.154541999985,1.49736482887593,-0.0695641296404663
16.1711832881255,1.49725341004883,-0.0695644374607534
16.1878245780093,1.49714202101844,-0.0695647487237967
16.2044658696087,1.49703066149315,-0.0695650633189131
16.2211071629197,1.49691933119882,-0.069565381137711
16.2377484579328,1.49680802987879,-0.0695657020869475
16.2543897546467,1.49669675729321,-0.0695660260852262
16.2710310530927,1.49658551321783,-0.069566353121842
16.2876723533382,1.4964742974431,-0.0695666833620289
16.3043136553133,1.49636310977375,-0.069567016745708
16.3209549589367,1.49625195002672,-0.0695673531044029
16.3375962641834,1.49614081802973,-0.0695676922781929
16.3542375710882,1.49602971361997,-0.0695680341794477
16.3708788796888,1.49591863664768,-0.0695683786838534
16.3875201900182,1.49580758697417,-0.06956872568459
16.4041615020845,1.4956965644702,-0.0695690751109742
16.4208028158885,1.49558556901462,-0.0695694269170838
16.4374441314286,1.49547460049407,-0.0695697810770539
16.4540854486853,1.49536365880264,-0.0695701375997035
16.4707267676253,1.49525274384076,-0.0695704965357485
16.4873680882061,1.49514185551621,-0.0695708577667274
16.5040094104364,1.4950309937405,-0.0695712211724412
16.5206507343449,1.49492015843057,-0.0695715866327829
16.5372920599558,1.49480934950851,-0.0695719540450551
16.5539333872753,1.49469856690039,-0.0695723233105789
16.5705747162882,1.49458781053437,-0.0695726942785425
16.5872160469892,1.49447708034229,-0.0695730668178362
16.6038573793917,1.49436637626029,-0.0695734408622419
16.6204987135032,1.49425569822986,-0.0695738164424398
16.63714004933,1.49414504619391,-0.0695741936214324
16.6537813868875,1.49403442009347,-0.0695745725170469
16.6704227261611,1.49392381987459,-0.0695749530585872
16.6870640671329,1.49381324548542,-0.0695753351266116
16.7037054097904,1.49370269687526,-0.0695757186538215
16.7203467540974,1.49359217399145,-0.069576103501813
16.7369881000479,1.49348167677996,-0.0695764894973291
16.7536294476595,1.49337120518457,-0.069576876430462
16.7702707969707,1.49326075914883,-0.0695772641469454
16.7869121480109,1.49315033861747,-0.0695776525856646
16.8035535007993,1.49303994353774,-0.0695780418015143
16.8201948553202,1.4929295738559,-0.0695784318703242
16.8368362115613,1.49281922951373,-0.0695788228518276
16.8534775694891,1.49270891045084,-0.0695792146214407
16.8701189290884,1.49259861660615,-0.0695796070194781
16.8867602903474,1.49248834791765,-0.0695799999512582
16.9034016532922,1.49237810432165,-0.0695803934622261
16.9200430179363,1.49226788575409,-0.0695807875340781
16.9366843842871,1.49215769214868,-0.0695811821256623
16.9533257523504,1.49204752343677,-0.069581577232394
16.9699671221093,1.49193737954402,-0.0695819727669537
16.9866084935526,1.49182726039203,-0.069582368618112
17.0032498666952,1.49171716590024,-0.0695827647127334
17.0198912415522,1.49160709598659,-0.0695831610695892
17.0365326180832,1.49149705056321,-0.0695835576811272
17.0531739962663,1.49138702953928,-0.0695839544873059
17.0698153761214,1.49127703282241,-0.0695843514274193
17.0864567576948,1.49116706031939,-0.0695847484952093
17.1030981409651,1.49105711193428,-0.0695851455509111
17.1197395259039,1.49094718756701,-0.0695855424335941
17.1363809125014,1.49083728711333,-0.0695859390199089
17.1530223007635,1.49072741046509,-0.0695863352267126
17.1696636907024,1.49061755751053,-0.0695867310023303
17.1863050823276,1.49050772813451,-0.0695871263131792
17.2029464756489,1.49039792221853,-0.0695875211687486
17.2195878706818,1.49028813964108,-0.0695879156792791
17.2362292674051,1.49017838027854,-0.0695883098214376
17.2528706657946,1.49006864400357,-0.0695887034967427
17.2695120658388,1.48995893068333,-0.069589096584629
17.2861534675549,1.48984924017943,-0.0695894890481873
17.3027948709669,1.4897395723507,-0.0695898808801902
17.3194362760778,1.48962992705426,-0.06959027207261
17.3360776828752,1.48952030414537,-0.0695906626053223
17.3527190913448,1.48941070347758,-0.0695910524254385
17.3693605014748,1.48930112490422,-0.0695914414279027
17.3860019132483,1.48919156827657,-0.0695918295587912
17.4026433266567,1.4890820334389,-0.0695922167098005
17.4192847417133,1.4889725202299,-0.0695926027678712
17.4359261584363,1.48886302848361,-0.0695929876237642
17.4525675768321,1.48875355803158,-0.0695933712035636
17.4692089969075,1.48864410870452,-0.0695937534930774
17.4858504186758,1.48853468033358,-0.0695941345758423
17.5024918421245,1.48842527274535,-0.0695945144545233
17.5191332672384,1.48831588576266,-0.0695948930843119
17.5357746940095,1.48820651920539,-0.0695952704080521
17.5524161224365,1.48809717289083,-0.0695956463683291
17.5690575525239,1.48798784663352,-0.0695960209265585
17.5856989842823,1.48787854024448,-0.0695963940962561
17.6023404177198,1.48776925353349,-0.0695967659229908
17.6189818528448,1.48765998631062,-0.0695971365134833
17.6356232896253,1.48755073838253,-0.0695975057883227
17.6522647280359,1.48744150955403,-0.0695978735784274
17.6689061680838,1.48733229962801,-0.0695982397641763
17.6855476097844,1.4872231084063,-0.0695986043635716
17.7021890531525,1.48711393568707,-0.0695989674665753
17.7188304981785,1.48700478126796,-0.069599329068699
17.7354719448503,1.48689564494469,-0.0695996891200643
17.7521133931616,1.48678652651045,-0.0696000475628544
17.7687548431086,1.48667742575607,-0.0696004043334431
17.7853962946862,1.48656834246975,-0.0696007593436289
17.8020377478947,1.48645927643858,-0.0696011125208673
17.8186792027366,1.48635022744883,-0.0696014638099648
17.8353206592099,1.48624119528531,-0.0696018131428375
17.851962117315,1.48613217973238,-0.0696021604694372
17.868603577058,1.48602318057414,-0.0696025057637267
17.8852450384521,1.4859141975944,-0.0696028490208547
17.9018865014926,1.48580523057661,-0.0696031902486381
17.9185279661565,1.48569627930325,-0.0696035294477479
17.9351694324951,1.48558734346846,-0.0696038610746977
17.951810900545,1.48547842185128,-0.0696041811456935
17.9684523702551,1.48536951200442,-0.0696044928657429
17.985093841567,1.48526061085418,-0.069604799284444
18.0017353143999,1.48515171508565,-0.069605102267029
18.0183767886822,1.48504282133772,-0.0696054024022564
18.035018264372,1.48493392630088,-0.0696056993503052
18.0516597414587,1.48482502676421,-0.0696059923177244
18.0683012199338,1.48471611964049,-0.0696062803200405
18.0849426997938,1.48460720197204,-0.0696065624792693
18.1015841810364,1.48449827093022,-0.0696068381516651
18.1182256636545,1.48438932381247,-0.0696071069201553
18.13486714764,1.48428035803771,-0.0696073685302217
18.151508632989,1.4841713711411,-0.0696076228173519
18.1681501197016,1.48406236076848,-0.0696078696567466
18.1847916077459,1.48395332467138,-0.069608108938036
18.2014330971021,1.48384426070102,-0.0696083405857154
18.2180745877565,1.48373516680589,-0.0696085644876656
18.2347160796929,1.48362604102852,-0.069608780467907
18.2513575728895,1.48351688150262,-0.0696089882715618
18.2679990673374,1.4834076864468,-0.0696091876805892
18.2846405630278,1.48329845415815,-0.0696093784911479
18.3012820599513,1.48318918300982,-0.0696095605389616
18.3179235580919,1.48307987144888,-0.0696097336980711
18.3345650574439,1.48297051799368,-0.0696098978679044
18.3512065580122,1.48286112123097,-0.0696100529689151
18.3678480598036,1.48275167981294,-0.0696101989429302
18.3844895627997,1.48264219245469,-0.0696103357427161
18.4011310669799,1.48253265793173,-0.0696104633198387
18.4177725723356,1.48242307507802,-0.069610581627331
18.434414078873,1.48231344278381,-0.0696106906309261
18.4510555865893,1.48220375999352,-0.0696107903136026
18.4676970954752,1.48209402570365,-0.069610880687915
18.4843386055322,1.48198423896184,-0.0696109618601032
18.5009801167582,1.481874398862,-0.0696110339726145
18.5176216291207,1.48176450454008,-0.0696110969796881
18.5342631425922,1.48165455517795,-0.0696111506970628
18.550904657152,1.48154454999983,-0.0696111949840295
18.567546172804,1.48143448826953,-0.0696112298195378
18.5841876895857,1.48132436928831,-0.069611255365991
18.6008292075115,1.48121419239235,-0.0696112717444549
18.6174707265734,1.48110395695353,-0.0696112790390375
18.6341122467512,1.48099366237856,-0.0696112773154827
18.6507537680217,1.48088330810704,-0.0696112666232879
18.6673952903725,1.48077289360875,-0.0696112469936362
18.6840368137991,1.48066241838007,-0.0696112184267867
18.7006783383028,1.48055188194591,-0.0696111809381455
18.7173198638791,1.48044128386035,-0.0696111345848768
18.7339613905316,1.48033062370758,-0.0696110795001678
18.7506029182725,1.48021990109565,-0.0696110158109418
18.7672444471205,1.48010911565297,-0.0696109436124259
18.7838859770826,1.47999826702651,-0.0696108629593663
18.8005275081498,1.47988735488238,-0.0696107739143274
18.8171690402875,1.47977637890591,-0.0696106765524241
18.8338105734731,1.47966533880068,-0.0696105709511782
18.8504521077089,1.4795542342877,-0.0696104571937494
18.8670936430141,1.4794430651043,-0.0696103353778281
18.883735179388,1.47933183100341,-0.0696102056102622
18.9003767168262,1.47922053175251,-0.0696100679953008
18.9170182553264,1.47910916713236,-0.0696099226339533
18.9336597948879,1.47899773693592,-0.0696097696258976
18.9503013355121,1.47888624096767,-0.0696096090804458
18.9669428772006,1.47877467904323,-0.0696094411311028
18.983584419941,1.4786630509868,-0.0696092658690439
19.0002259637274,1.47855135663109,-0.0696090833694829
19.0168675085678,1.47843959581719,-0.0696088937135739
19.0335090544816,1.47832776839391,-0.0696086970019069
19.0501506014602,1.47821587421756,-0.0696084933492068
19.0667921494901,1.4781039131511,-0.069608282868802
19.0834336985653,1.47799188506314,-0.069608065670217
19.1000752486863,1.47787978982714,-0.0696078418611445
19.1167167998569,1.47776762732075,-0.0696076115494482
19.1333583520886,1.47765539742528,-0.0696073748635391
19.1499999054038,1.47754310002463,-0.0696071319979586
19.1666414597781,1.47743073500485,-0.0696068831014279
19.1832830151871,1.4773183022549,-0.0696066282776352
19.199924571624,1.47720580166623,-0.0696063676113991
19.2165661290946,1.47709323313198,-0.0696061011850464
19.2332076876111,1.47698059654683,-0.0696058291061913
19.2498492471873,1.47686789180753,-0.0696055515288896
19.2664908078108,1.47675511880949,-0.0696052685034495
19.2831323694635,1.47664227744681,-0.0696049800644342
19.2997739321403,1.47652936761256,-0.069604686271451
19.3164154958508,1.47641638919868,-0.0696043872116837
19.3330570606104,1.47630334209565,-0.0696040829988934
19.3496986264138,1.47619022619226,-0.0696037737749668
19.3663401932712,1.47607704137411,-0.0696034597348547
19.3829817611751,1.47596378752634,-0.0696031410229413
19.3996233301147,1.47585046453287,-0.0696028177444474
19.416264900078,1.47573707227561,-0.0696024899779297
19.4329064710457,1.47562361063448,-0.0696021577571396
19.4495480430218,1.47551007948615,-0.0696018211361846
19.4661896160401,1.47539647870449,-0.0696014802797936
19.4828311901413,1.4752828081572,-0.0696011354281749
19.4994727653339,1.47516906770725,-0.0696007867664708
19.5161143415919,1.47505525721396,-0.0696004344251138
19.5327559188508,1.4749413765329,-0.0696000784602723
19.5493974970839,1.474827425517,-0.0695997188993418
19.566039076318,1.47471340401766,-0.0695993558236239
19.5826806565818,1.47459931188613,-0.0695989894166809
19.5993222378516,1.474485148967,-0.0695986196529499
19.6159638201037,1.47437091509809,-0.0695982464723015
19.6326054033471,1.47425661011101,-0.0695978698859889
19.649246987614,1.47414223383134,-0.0695974900110843
19.6658885729191,1.47402778608378,-0.0695971069164411
19.6825301592522,1.47391326669202,-0.0695967206094078
19.6991717466033,1.47379867547466,-0.0695963311287485
19.7158133349474,1.47368401224355,-0.0695959385684158
19.7324549242898,1.47356927680277,-0.0695955431025823
19.7490965146569,1.47345446895112,-0.0695951449220731
19.765738106088,1.47333958848252,-0.0695947442543204
19.7823796985648,1.47322463518967,-0.0695943412579603
19.7990212920595,1.47310960886355,-0.0695939360480882
19.8156628865667,1.47299450929371,-0.0695935287692543
19.8323044820639,1.47287933626591,-0.0695931195093463
19.848946078536,1.47276408955897,-0.0695927083020298
19.8655876759863,1.47264876894283,-0.0695922951306707
19.8822292744542,1.47253337418038,-0.069591880080024
19.8988708739407,1.47241790503163,-0.0695914632800023
19.915512474437,1.47230236125575,-0.0695910448897331
19.9321540759596,1.47218674261414,-0.0695906251923351
19.9487956785147,1.47207104886698,-0.0695902044485333
19.9654372820516,1.47195527976663,-0.0695897827521327
19.9820788865426,1.47183943505736,-0.0695893601351405
19.9987204920087,1.47172351447441,-0.0695889367276852
20.0153620984713,1.4716075177488,-0.0695885126815758
20.0320037058996,1.47149144461414,-0.0695880879125983
20.0486453142407,1.4713752948012,-0.0695876621022856
20.0652869234954,1.47125906803744,-0.0695872350110776
20.0819285337187,1.47114276404833,-0.0695868066129887
20.0985701449589,1.47102638255922,-0.0695863771873961
20.115211757231,1.47090992328779,-0.0695859471156704
20.1318533704762,1.47079338594666,-0.0695855164525794
20.1484949846634,1.47067677024568,-0.0695850851477269
20.1651365997937,1.47056007589308,-0.0695846532023583
20.1817782158881,1.47044330259612,-0.0695842207399177
20.1984198329447,1.47032645005872,-0.0695837878345011
20.2150614509521,1.47020951798301,-0.0695833545375319
20.2317030698968,1.47009250607112,-0.0695829208970389
20.2483446897843,1.46997541402763,-0.0695824869644895
20.264986310611,1.46985824155447,-0.0695820527967632
20.2816279323809,1.46974098834768,-0.0695816184871767
20.2982695551096,1.4696236540949,-0.0695811842389263
20.3149111787802,1.46950623848125,-0.0695807501204845
20.3315528033591,1.46938874119687,-0.0695803160029162
20.3481944288512,1.46927116193351,-0.0695798817909676
20.3648360552682,1.46915350038255,-0.0695794475367708
20.3814776826158,1.46903575622913,-0.0695790133421139
20.3981193108831,1.46891792915678,-0.0695785792530519
20.4147609400307,1.46880001885093,-0.0695781451044658
20.4314025701236,1.46868202489217,-0.0695777040883792
20.4480442012279,1.46856394575873,-0.0695772514366635
20.464685833334,1.46844577845236,-0.0695767912932047
20.4813274663941,1.46832751921688,-0.0695763277197264
20.4979691002379,1.4682091640014,-0.0695758632884355
20.5146107346628,1.46809070869761,-0.0695753986905064
20.5312523695601,1.46797214926107,-0.0695749333793811
20.5478940049462,1.46785348177008,-0.0695744663512906
20.5645356408854,1.46773470245271,-0.0695739968023378
20.5811772773352,1.46761580769414,-0.0695735238045229
20.5978189142427,1.46749679403443,-0.0695730465591476
20.6144605515725,1.46737765816274,-0.0695725644676912
20.6311021893146,1.46725839691418,-0.069572077164073
20.6477438274684,1.46713900726528,-0.0695715844735137
20.6643854660461,1.46701948633013,-0.0695710864095252
20.6810271050589,1.46689983135376,-0.0695705831499107
20.6976687444799,1.4667800396991,-0.0695700747955855
20.7143103842053,1.46666010884405,-0.0695695609721345
20.7309520241718,1.46654003637678,-0.0695690412152703
20.7475936643821,1.46641981998983,-0.0695685152251248
20.764235304885,1.46629945747375,-0.0695679830124167
20.7808769456784,1.46617894672325,-0.0695674445367818
20.7975185867344,1.46605828573093,-0.0695668997325327
20.8141602279879,1.46593747257755,-0.069566348330145
20.8308018694068,1.46581650542865,-0.0695657900744456
20.8474435109998,1.46569538253105,-0.069565224837744
20.8640851527759,1.46557410220906,-0.0695646526515982
20.8807267947391,1.4654526628653,-0.0695640736265647
20.8973684368965,1.46533106298063,-0.0695634879800975
20.9140100792224,1.46520930110559,-0.0695628958348583
20.9306517216793,1.46508737585706,-0.0695622972232649
20.9472933642383,1.46496528591634,-0.0695616921431287
20.9639350068876,1.46484303002782,-0.0695610806208544
20.9805766496186,1.46472060699548,-0.0695604626816478
20.9972182924146,1.46459801567918,-0.0695598383069046
21.0138599352444,1.46447525498979,-0.0695592073575514
21.0305015781004,1.4643523238912,-0.0695585697540099
21.0471432209912,1.46422922140227,-0.0695579254871151
21.0637848639459,1.46410594659466,-0.069557274682186
21.0804265069739,1.4639824985871,-0.0695566175365877
21.0970681500605,1.46385887654128,-0.0695559542848133
21.1137097931406,1.46373507966062,-0.0695552849395387
21.1303514361837,1.46361110718953,-0.0695546094569964
21.1469930791957,1.4634869584118,-0.0695539278685177
21.1636347222165,1.4633626326487,-0.0695532403869328
21.1802763652606,1.46323812925824,-0.0695525472220971
21.1969180083059,1.4631134476348,-0.0695518484658849
21.2135596513281,1.46298858720481,-0.0695511441724175
21.2302012943153,1.46286354742397,-0.0695504344097155
21.2468429372702,1.46273832777579,-0.0695497192950833
21.2634845801957,1.46261292777312,-0.0695489989574935
21.2801262230886,1.46248734695494,-0.0695482735118282
21.2967678659391,1.46236158488366,-0.0695475430338387
21.3134095087414,1.46223564114511,-0.0695468076017318
21.3300511514988,1.46210951534781,-0.0695460673126446
21.3466927942265,1.46198320712197,-0.0695453222875055
21.3633344369277,1.46185671611826,-0.0695445726691006
21.3799760795762,1.46173004200611,-0.0695438186021704
21.396617722139,1.4616031844726,-0.0695430602108474
21.4132593646145,1.46147614322129,-0.0695422976002518
21.4299010070365,1.46134891797093,-0.0695415309123294
21.4465426494642,1.46122150845378,-0.0695407604227758
21.4631842918798,1.46109391441429,-0.0695399863113775
21.4798259342323,1.46096613561149,-0.0695392086223919
21.4964675764947,1.4608381718166,-0.0695384273917508
21.5131092186716,1.46071002281165,-0.0695376427097121
21.5297508607724,1.46058168838679,-0.0695368546648651
21.5463925028038,1.46045316834002,-0.0695360633608521
21.5630341447739,1.46032446247686,-0.0695352689195333
21.5796757866921,1.46019557061034,-0.0695344714752774
21.5963174285708,1.46006649256085,-0.069533671174199
21.6129590704073,1.45993722815563,-0.0695328681695023
21.629600712187,1.45980777722726,-0.0695320626105163
21.6462423538922,1.45967813961244,-0.0695312546346739
21.6628839955178,1.45954831515123,-0.0695304443680034
21.679525637069,1.4594183036867,-0.0695296319324229
21.6961672785536,1.4592881050646,-0.0695288174510075
21.712808919976,1.45915771913293,-0.0695280010494365
21.7294505613396,1.45902714574184,-0.069527182873748
21.7460922026494,1.45889638474395,-0.0695263631171562
21.7627338438913,1.45876543599024,-0.0695255418920415
21.779375485054,1.45863429933109,-0.0695247192833887
21.7960171261351,1.45850297461678,-0.0695238953831988
21.8126587671395,1.45837146169731,-0.069523070296554
21.8293004080756,1.45823976042212,-0.0695222441433434
21.8459420489398,1.45810787063957,-0.0695214170513693
21.8625836897276,1.45797579219629,-0.0695205891473392
21.8792253304372,1.45784352493678,-0.0695197605548653
21.8958669710684,1.45771106870311,-0.0695189313946861
21.9125086116212,1.45757842333469,-0.0695181017851818
21.929150252095,1.457445588668,-0.0695172718426802
21.9457918924899,1.45731256453663,-0.0695164416910291
21.96243353281,1.4571793507717,-0.0695156114854054
21.9790751730522,1.45704594720033,-0.0695147813633146
21.9957168132106,1.45691235364407,-0.0695139514182612
22.012358453295,1.45677856991928,-0.0695131217732742
22.0290000932997,1.45664459583882,-0.0695122925586264
22.0456417332179,1.45651043121197,-0.0695114639025274
22.0622833730494,1.45637607584285,-0.0695106359394001
22.0789250127753,1.45624152953017,-0.0695098087245464
22.0955666523836,1.45610679206996,-0.0695089822820285
22.1122082918686,1.45597186325764,-0.0695081566100032
22.1288499312474,1.45583674288674,-0.0695073318250103
22.145491570551,1.45570143074659,-0.0695065081488379
22.1621332097956,1.45556592661931,-0.0695056857944299
22.178774848959,1.45543023027935,-0.0695048649235612
22.1954164880134,1.45529434149314,-0.0695040456338788
22.2120581269402,1.45515826001823,-0.0695032279546141
22.2286997657422,1.45502198560758,-0.0695024119108966
22.2453414044283,1.45488551801109,-0.0695015975617375
22.2619830430069,1.45474885697486,-0.0695007850224319
22.2786246814723,1.45461200224189,-0.0694999744132247
22.295266319814,1.45447495355216,-0.0694991658181979
22.3119079580197,1.45433771064309,-0.0694983592401584
22.3285495961015,1.4542002732466,-0.0694975546929399
22.345191234081,1.45406264108781,-0.0694967522675239
22.3618328719676,1.45392481388455,-0.0694959521882833
22.3784745097398,1.45378679134968,-0.0694951546401433
22.3951161473511,1.45364857319282,-0.0694943596429077
22.4117577847825,1.45351015911909,-0.0694935671788398
22.4283994220543,1.45337154882939,-0.0694927772764046
22.445041059207,1.45323274202174,-0.0694919900605703
22.4616826961985,1.45309373838779,-0.0694912055818034
22.478324332988,1.45295453761208,-0.0694904237884356
22.4949659695753,1.45281513937515,-0.0694896446436073
22.5116076059861,1.45267554335537,-0.0694888681826051
22.5282492422483,1.45253574923047,-0.0694880945521182
22.5448908783572,1.45239575667527,-0.0694873239043663
22.5615325142981,1.45225556536038,-0.0694865563502411
22.5781741500613,1.45211517495171,-0.06948579196294
22.5948157856525,1.45197458510988,-0.0694850308162925
22.6114574210844,1.45183379548995,-0.0694842730659377
22.6280990563585,1.45169280574591,-0.0694835188867456
22.644740691425,1.45155161552997,-0.0694827682710933
22.6613823262518,1.45141022449142,-0.0694820211650117
22.6780239608465,1.45126863227603,-0.0694812775678451
22.6946655952266,1.45112683852505,-0.0694805375897318
22.7113072293904,1.45098484287824,-0.0694798013385461
22.7279488633106,1.45084264497564,-0.0694790688263566
22.7445904969857,1.45070024445451,-0.0694783400505157
22.761232130422,1.45055764094918,-0.0694776150433209
22.7778737636327,1.45041483409228,-0.0694768938943342
22.7945153966388,1.45027182351454,-0.0694761767128981
22.8111570294335,1.45012860884556,-0.0694754636192287
22.82779866198,1.44998518971374,-0.0694747547360232
22.8444402942515,1.44984156574331,-0.0694740501357792
22.861081926261,1.44969773655379,-0.06947334993476
22.8777235579965,1.44955370176444,-0.0694726542103373
22.8943651894161,1.4494094609965,-0.0694719629000055
22.9110068204731,1.44926501387128,-0.0694712759130857
22.9276484512466,1.4491203598989,-0.0694705860852644
22.9442900818097,1.44897549741485,-0.0694698883620803
22.9609317121409,1.44883042317561,-0.0694691868941617
22.9775733421358,1.44868513313436,-0.0694684855940084
22.9942149715659,1.44853962293182,-0.0694677869557067
23.0108566002188,1.44839388814855,-0.0694670918343823
23.0274982279678,1.4482479244324,-0.0694663998401069
23.0441398547782,1.4481017275591,-0.0694657099682719
23.0607814806441,1.44795529345816,-0.069465021159021
23.0774231055295,1.44780861822989,-0.0694643323470528
23.0940647294052,1.44766169814291,-0.0694636427137907
23.1107063522542,1.44751452962943,-0.0694629517774045
23.1273479740409,1.44736710927574,-0.0694622592011001
23.1439895947342,1.44721943381642,-0.0694615647551291
23.1606312143093,1.44707150012813,-0.0694608682799827
23.1772728326944,1.44692330522415,-0.0694601696235993
23.1939144498354,1.44677484624845,-0.069459468601069
23.2105560657203,1.44662612047053,-0.0694587650346413
23.227197680366,1.44647712528124,-0.0694580588188485
23.2438392937219,1.44632785818316,-0.069457349716964
23.2604809057189,1.44617831678625,-0.0694566374703291
23.277122516291,1.44602849880436,-0.0694559218917034
23.2937641254373,1.4458784020504,-0.0694552029505955
23.3104057331632,1.44572802443403,-0.0694544804983228
23.3270473394998,1.4455773639583,-0.0694537543685562
23.3436889444176,1.44542641871774,-0.0694530243933688
23.3603305478433,1.44527518689202,-0.069452290453281
23.3769721496895,1.44512366674062,-0.0694515524801248
23.3936137499395,1.44497185659736,-0.0694508105043979
23.410255348628,1.44481975486975,-0.0694500646166365
23.4268969457847,1.44466736004142,-0.0694493148347863
23.4435385413686,1.44451467066846,-0.0694485611491117
23.4601801353341,1.44436168537297,-0.0694478036025098
23.4768217276615,1.44420840283628,-0.0694470424010633
23.4934633182915,1.44405482180987,-0.069446277460387
23.5101049071971,1.44390094110647,-0.0694455086194922
23.5267464943971,1.44374675959438,-0.0694447357793398
23.5433880799292,1.44359227619556,-0.0694439589332528
23.5600296637864,1.44343748988356,-0.0694431781557955
23.5766712458799,1.443282399682,-0.0694423935521677
23.5933128261665,1.44312700466288,-0.0694416052419308
23.6099544046533,1.4429713039414,-0.0694408132528738
23.6265959813895,1.44281529667559,-0.0694400176144356
23.6432375563692,1.44265898206659,-0.0694392183900407
23.6598791295611,1.44250235935752,-0.0694384156560107
23.6765207009054,1.4423454278308,-0.0694376094873366
23.6931622703798,1.44218818680514,-0.0694367999444338
23.7098038379848,1.44203063563692,-0.0694359869840313
23.7264454037555,1.44187277371505,-0.0694351705873582
23.7430869677354,1.44171460045841,-0.069434350836066
23.7597285299322,1.44155611531437,-0.0694335279602224
23.7763700903123,1.44139731776043,-0.0694327022423185
23.7930116488218,1.44123820729976,-0.0694318738369896
23.8096532054317,1.44107878346108,-0.0694310428296983
23.8262947601529,1.44091904579821,-0.0694302093310512
23.8429363130146,1.4407589938894,-0.0694293735756207
23.8595778640026,1.44059862733739,-0.0694285357175179
23.8762194130744,1.44043794576461,-0.0694276958428706
23.8928609602134,1.44027694880994,-0.0694268539898843
23.9095025054147,1.44011563612709,-0.0694260101306523
23.9261440487006,1.43995400738681,-0.0694251642708504
23.9427855900972,1.43979206227761,-0.0694243165009244
23.9594271296302,1.43962980050503,-0.0694234670502274
23.9760686672679,1.43946722178686,-0.0694226161785969
23.9927102029558,1.43930432585312,-0.0694217639442817
24.0093517366835,1.43914111244543,-0.0694209103504211
24.0259932684881,1.43897758131568,-0.0694200554580203
24.0426347983907,1.43881373222452,-0.0694191994431021
24.0592763263853,1.43864956494311,-0.0694183424847282
24.075917852452,1.4384850792531,-0.0694174846999241
24.0925593765794,1.43832027494412,-0.0694166261765725
24.1092008987576,1.43815515181294,-0.0694157669728823
24.125842418984,1.43798970966166,-0.0694149071606496
24.1424839372658,1.43782394829597,-0.0694140468652923
24.159125453616,1.43765786752286,-0.069413186311708
24.1757669680271,1.43749146715512,-0.0694123256552511
24.1924084804885,1.43732474701002,-0.0694114650050033
24.2090499909942,1.43715770690778,-0.0694106044611303
24.2256914995412,1.43699034667083,-0.0694097441233423
24.2423330061162,1.43682266612522,-0.0694088840233464
24.2589745107149,1.4366546650977,-0.0694080241984461
24.2756160133447,1.43648634341489,-0.0694071647388596
24.2922575140268,1.43631770090385,-0.0694063058122
24.3088990127731,1.43614873738855,-0.0694054475367929
24.3255405095577,1.43597945269145,-0.0694045900190067
24.3421820043478,1.43580984663475,-0.0694037333758998
24.3588234971422,1.43563991904109,-0.0694028777632935
24.3754649879439,1.43546966972971,-0.0694020232616599
24.3921064767522,1.43529909851736,-0.0694011699325895
24.4087479635682,1.43512820521854,-0.0694003178477682
24.4253894483996,1.43495698964529,-0.0693994671295647
24.4420309312651,1.43478545160748,-0.0693986180240186
24.4586724121475,1.43461359091374,-0.0693977706701532
24.4753138910133,1.4344414073671,-0.0693969250762086
24.4919553678464,1.43426890076589,-0.0693960812389932
24.5085968426513,1.43409607090504,-0.0693952392066441
24.525238315448,1.4339229175775,-0.0693943991289455
24.5418797862442,1.43374944057207,-0.0693935611684192
24.5585212550365,1.43357563967185,-0.0693927254800395
24.5751627218124,1.43340151465346,-0.0693918921990597
24.5918041865274,1.43322706529109,-0.0693910612265956
24.6084456491691,1.43305229135452,-0.0693902324587836
24.6250871097397,1.43287719260769,-0.069389405895862
24.6417285682659,1.43270176880649,-0.0693885816945876
24.658370024775,1.43252601970035,-0.0693877601122934
24.675011479263,1.43234994503639,-0.0693869413562661
24.6916529316971,1.43217354456125,-0.0693861254975292
24.708294382051,1.43199681801755,-0.0693853125601215
24.7249358303159,1.43181976514244,-0.0693845025785744
24.7415772764975,1.43164238566795,-0.0693836956358322
24.7582187206018,1.43146467931919,-0.0693828918355907
24.7748601626286,1.43128664581301,-0.0693820912900462
24.7915016025581,1.43110828486333,-0.0693812940298379
24.8081430403771,1.43092959618012,-0.0693805000720923
24.8247844760922,1.43075057946963,-0.0693797094935381
24.8414259097241,1.430571234437,-0.0693789225259089
24.8580673412587,1.43039156078074,-0.0693781393467583
24.8747087706555,1.43021155818826,-0.0693773599259429
24.8913501978898,1.43003122634083,-0.0693765841993312
24.9079916229588,1.42985056491612,-0.0693758121442929
24.9246330458702,1.4296695735887,-0.06937504378844
24.9412744666176,1.42948825202986,-0.0693742791929927
24.9579158851926,1.42930659990719,-0.0693735184306816
24.9745573015849,1.42912461688467,-0.0693727615707393
24.9911987158111,1.42894230262282,-0.0693720087075143
25.0078401278967,1.42875965677914,-0.0693712600144934
25.0244815378148,1.42857667900651,-0.0693705155502983
25.0411229455261,1.42839336895319,-0.0693697753280881
25.057764351002,1.42820972626317,-0.0693690393621831
25.0744057542263,1.42802575057624,-0.0693683076756426
25.0910471551989,1.42784144152835,-0.0693675803028897
25.1076885539275,1.42765679875225,-0.0693668572908857
25.1243299504194,1.42747182187777,-0.0693661386983585
25.1409713446675,1.42728651053191,-0.0693654245902511
25.1576127366505,1.42710086433897,-0.0693647150282281
25.1742541263367,1.42691488292076,-0.0693640100599021
25.1908955137108,1.42672856589644,-0.0693633097178858
25.2075368987801,1.42654191288286,-0.0693626140494279
25.2241782815716,1.42635492349534,-0.0693619231607654
25.2408196620652,1.42616759734491,-0.0693612370921835
25.2574610402102,1.42597993404004,-0.0693605558495413
25.2741024159777,1.42579193318739,-0.0693598794285784
25.2907437893683,1.42560359439192,-0.0693592078313471
25.3073851603968,1.42541491725731,-0.0693585410800507
25.324026529051,1.42522590138604,-0.0693578792101111
25.3406678953034,1.42503654637887,-0.0693572222493471
25.3573092591395,1.42484685183468,-0.0693565702138895
25.3739506205596,1.4246568173511,-0.0693559231169847
25.3905919795733,1.42446644252509,-0.0693552809806799
25.4072333361739,1.42427572695326,-0.0693546438375616
25.4238746904,1.42408467012561,-0.0693540048240852
25.440516042231,1.42389327039385,-0.0693533590276803
25.4571573915775,1.42370152458096,-0.0693527104766035
25.4737987383118,1.42350942873231,-0.0693520629475683
25.4904400822372,1.42331697859124,-0.0693514188488543
25.5070814231087,1.42312416984383,-0.0693507790218696
25.5237227607349,1.42293099824102,-0.0693501430959989
25.5403640950125,1.42273745965763,-0.0693495100494243
25.5570054259069,1.4225435501187,-0.0693488787095334
25.5736467533916,1.42234926580962,-0.0693482480601977
25.5902880774401,1.4221546030771,-0.069347617357722
25.6069293980208,1.42195955842579,-0.0693469861330466
25.6235707150991,1.42176412851301,-0.0693463541428831
25.6402120286344,1.42156831014119,-0.0693457212501082
25.6568533385493,1.42137210025108,-0.0693450873255987
25.6734946447629,1.42117549591466,-0.0693444521753273
25.6901359472171,1.42097849433003,-0.0693438155769456
25.706777245867,1.42078109281616,-0.0693431773060749
25.7234185406859,1.42058328880716,-0.0693425371541178
25.7400598316355,1.42038507984737,-0.069341894948099
25.7567011186565,1.42018646358671,-0.0693412505525954
25.7733424016939,1.41998743777787,-0.06934060379952
25.7899836807172,1.41978800027087,-0.0693399545243045
25.8066249557135,1.41958814900861,-0.069339302598824
25.8232662266285,1.41938788202355,-0.0693386479228258
25.8399074934084,1.41918719743383,-0.0693379904024885
25.8565487560144,1.4189860934399,-0.0693373299510616
25.8731900144171,1.41878456832153,-0.0693366664933115
25.8898312685893,1.41858262043485,-0.0693359999675804
25.9064725185044,1.41838024820952,-0.0693353303437108
25.9231137641373,1.41817745014583,-0.0693346576493437
25.9397550054427,1.41797422481231,-0.0693339818410405
25.9563962423837,1.41777057084261,-0.0693333028582845
25.9730374749404,1.417566486933,-0.0693326206659627
25.9896787030703,1.41736197184017,-0.0693319352522625
26.006319926738,1.41715702437845,-0.0693312466147753
26.022961145921,1.4169516434175,-0.0693305547606772
26.0396023606024,1.41674582788029,-0.0693298597079695
26.0562435707641,1.416539576741,-0.0693291614844162
26.0728847763986,1.41633288902341,-0.0693284601455678
26.0895259775135,1.41612576379992,-0.069327755826022
26.106167174033,1.41591820018678,-0.0693270485880991
26.1228083658816,1.41571019733963,-0.0693263383390672
26.1394495530448,1.41550175445457,-0.0693256249964162
26.1560907355578,1.415292870768,-0.0693249086032867
26.1727319134303,1.41508354555811,-0.0693241893205622
26.1893730866246,1.41487377814228,-0.0693234672529552
26.2060142550962,1.41466356787374,-0.0693227423958934
26.2226554188287,1.41445291413619,-0.0693220147386215
