timestamp,pos_x,pos_y,pos_z,yaw_rad,pitch_rad,roll_rad,vel_x,vel_y,vel_z,a_vel_yaw_rad,a_vel_pitch_rad,a_vel_roll_rad,acc_x,acc_y,acc_z,a_acc_yaw_rad,a_acc_pitch_rad,a_acc_roll_rad,head_light,fog_light,turn_signal,brake_light,back_light,other_light,custom_light_a,custom_light_b,custom_light_c,custom_light_d,custom_light_e,custom_light_f,custom_light_g,custom_light_h,front_wiper,rear_wiper
0.0000000000,178.7908129736,-269.5447900572,6.4906784968,-0.9833862155,0.0104087509,-0.0235281440,7.6969040671,-11.5601904423,-0.1445658597,0.0005330940,0.0098313162,0.0083331699,0.0053695018,0.0052943282,-0.1364041077,0.0012312002,0.1745579460,-0.4986572869,1,0,0,0,0,0,0,0,0,0,0,0,0,0,1,1
0.0166666667,178.9190894695,-269.7374483196,6.4887853195,-0.9833773306,0.0105726062,-0.0233892578,7.6969935588,-11.5601022035,-0.1468392615,0.0005536140,0.0127406153,0.0000222152,0.0053525102,0.0058340758,-0.1769474826,0.0009302398,-0.1032096095,-0.0445602595,1,0,0,0,0,0,0,0,0,0,0,0,0,0,1,1
0.0333333333,179.0473673052,-269.9301047403,6.4870493399,-0.9833681037,0.0107849497,-0.0233888876,7.6970827673,-11.5600049689,-0.1497883862,0.0005691180,0.0110204551,-0.0007204558,0.0056563576,0.0057663036,-0.1530512277,0.0016315200,-0.4309940237,-2.3875857135,1,0,0,0,0,0,0,0,0,0,0,0,0,0,1,1
0.0500000000,179.1756463838,-270.1227590668,6.4852327107,-0.9833586184,0.0109686240,-0.0234008952,7.6971770399,-11.5599088638,-0.1523392400,0.0005963100,0.0038372214,-0.0405135511,0.0065684140,0.0050777729,-0.0532763519,-0.0006825598,-0.1113361036,0.6066237347,1,0,0,0,0,0,0,0,0,0,0,0,0,0,1,1
0.0666666667,179.3039268645,-270.3154113487,6.4827715940,-0.9833486799,0.0110325777,-0.0240761210,7.6972865135,-11.5598242343,-0.1532271792,0.0005849340,0.0019816196,-0.0304031555,0.0065931549,0.0047555567,-0.0275221620,0.0011289598,-0.3282480199,1.8245957644,1,0,0,0,0,0,0,0,0,0,0,0,0,0,1,1
0.0833333333,179.4322090456,-270.5080621125,6.4801459312,-0.9833389310,0.0110656047,-0.0245828403,7.6973963994,-11.5597449750,-0.1536858819,0.0006037500,-0.0034891807,0.0000067739,0.0072756991,0.0042020983,0.0484685580,0.0014086800,-0.0649579788,-0.5836931435,1,0,0,0,0,0,0,0,0,0,0,0,0,0,1,1
0.1000000000,179.5604930690,-270.7007114413,6.4770281220,-0.9833288685,0.0110074517,-0.0245827274,7.6975176611,-11.5596749401,-0.1528780726,0.0006272280,-0.0045718137,-0.0097214451,0.0076365566,0.0042483560,0.0634956298,0.0004766402,1.1077409619,-1.5828092829,1,0,0,0,0,0,0,0,0,0,0,0,0,0,1,1
0.1166666667,179.6887792709,-270.8933596764,6.4744595662,-0.9833184147,0.0109312548,-0.0247447515,7.6976449370,-11.5596041341,-0.1518198121,0.0006351720,0.0138905357,-0.0361015999,0.0061607694,0.0066636610,-0.1929583443,0.0007991998,0.1283436559,2.0485678852,1,0,0,0,0,0,0,0,0,0,0,0,0,0,1,1
0.1333333333,179.8170677294,-271.0860068790,6.4718726184,-0.9833078285,0.0111627637,-0.0253464448,7.6977476165,-11.5594930731,-0.1550357845,0.0006484920,0.0160295966,-0.0019588018,0.0061023030,0.0070850834,-0.2226086636,0.0014821200,-1.8095675755,1.0601153585,1,0,0,0,0,0,0,0,0,0,0,0,0,0,1,1
0.1500000000,179.9453576110,-271.2786517059,6.4692738308,-0.9832970203,0.0114299236,-0.0253790915,7.6978493215,-11.5593749883,-0.1587459289,0.0006731940,-0.0141298630,0.0157097875,0.0090124625,0.0033341242,0.1962762777,0.0005284802,0.6628689562,-0.9297436531,1,0,0,0,0,0,0,0,0,0,0,0,0,0,1,1
0.1666666667,180.0736488797,-271.4712939305,6.4666387846,-0.9832858004,0.0111944259,-0.0251172617,7.6979995293,-11.5593194197,-0.1554746576,0.0006820020,-0.0030820470,0.0002140600,0.0081484117,0.0048522605,0.0427952881,0.0004370398,0.7017402695,-0.1441663597,1,0,0,0,0,0,0,0,0,0,0,0,0,0,1,1
0.1833333333,180.2019430245,-271.6639357271,6.4641514898,-0.9832744337,0.0111430585,-0.0251136940,7.6981353361,-11.5592385486,-0.1547614028,0.0006892860,0.0086136241,-0.0021887127,0.0072237220,0.0064231230,-0.1196494737,0.0019209600,0.1274155803,-0.2189846599,1,0,0,0,0,0,0,0,0,0,0,0,0,0,1,1
0.2000000000,180.3302395268,-271.8565762673,6.4617467399,-0.9832629456,0.0112866189,-0.0251501726,7.6982557315,-11.5591314966,-0.1567555607,0.0007213020,0.0107372171,-0.0058384570,0.0073971734,0.0069648279,-0.1491231477,0.0007171203,0.1238082276,0.2127386631,1,0,0,0,0,0,0,0,0,0,0,0,0,0,1,1
0.2166666667,180.4585379318,-272.0492146447,6.4593523617,-0.9832509239,0.0114655725,-0.0252474802,7.6983790177,-11.5590154161,-0.1592409465,0.0007332540,0.0128006876,-0.0022928126,0.0073351949,0.0073573158,-0.1777804508,0.0005911197,0.1938758397,0.1413405284,1,0,0,0,0,0,0,0,0,0,0,0,0,0,1,1
0.2333333333,180.5868381713,-272.2418506733,6.4569681037,-0.9832387030,0.0116789173,-0.0252856937,7.6985012709,-11.5588927941,-0.1622039540,0.0007431060,0.0160319516,0.0000628629,0.0071313247,0.0079100300,-0.2226610554,0.0012574800,0.1744624529,0.0073544914,1,0,0,0,0,0,0,0,0,0,0,0,0,0,1,1
0.2500000000,180.7151401603,-272.4344841581,6.4545954690,-0.9832263179,0.0119461165,-0.0252846460,7.6986201264,-11.5587609604,-0.1659149716,0.0007640640,0.0189396591,0.0001854377,0.0070666290,0.0085321815,-0.2630301895,0.0010760403,-0.7416054676,0.1805243767,1,0,0,0,0,0,0,0,0,0,0,0,0,0,1,1
0.2666666667,180.8434437924,-272.6271147929,6.4522163777,-0.9832135835,0.0122617775,-0.0252815554,7.6987379035,-11.5586187573,-0.1702988081,0.0007819980,0.0065795680,0.0031941773,0.0084149987,0.0069569481,-0.0913528626,0.0010987197,-0.2249452713,-0.0537965609,1,0,0,0,0,0,0,0,0,0,0,0,0,0,1,1
0.2833333333,180.9717489573,-272.8197422870,6.4495633144,-0.9832005502,0.0123714369,-0.0252283191,7.6988781535,-11.5585028082,-0.1718213558,0.0008003100,0.0028304802,0.0022975680,0.0089803080,0.0065670240,-0.0393011639,0.0009176400,-0.5260744906,-0.1423026440,1,0,0,0,0,0,0,0,0,0,0,0,0,0,1,1
0.3000000000,181.1000563423,-273.0123675459,6.4468268795,-0.9831872117,0.0124186116,-0.0251900263,7.6990278253,-11.5583933578,-0.1724763752,0.0008156040,-0.0059374280,-0.0000741428,0.0099926246,0.0054303321,0.0824769838,0.0013345203,1.1996502199,-0.6615761653,1,0,0,0,0,0,0,0,0,0,0,0,0,0,1,1
0.3166666667,181.2283661957,-273.2049908353,6.4439024162,-0.9831736183,0.0123196545,-0.0251912620,7.6991943690,-11.5583028522,-0.1711017588,0.0008378460,0.0140567423,-0.0111004122,0.0083376682,0.0084719038,-0.1952555455,0.0013157997,-1.3035151631,-0.9949574308,1,0,0,0,0,0,0,0,0,0,0,0,0,0,1,1
0.3333333333,181.3566790558,-273.3976128083,6.4415378538,-0.9831596542,0.0125539335,-0.0253762689,7.6993333302,-11.5581616539,-0.1743560179,0.0008597760,-0.0076685104,-0.0276830360,0.0106751722,0.0055122447,0.1065408777,0.0014878800,-0.0755881616,2.0945554767,1,0,0,0,0,0,0,0,0,0,0,0,0,0,1,1
0.3500000000,181.4849939254,-273.5902318163,6.4382164653,-0.9831453246,0.0124261250,-0.0258376528,7.6995112497,-11.5580697831,-0.1725803366,0.0008845740,-0.0089283131,0.0072262219,0.0110730714,0.0055361709,0.1239955858,0.0016362003,1.5340588673,0.5305348633,1,0,0,0,0,0,0,0,0,0,0,0,0,0,1,1
0.3666666667,181.6133120447,-273.7828495478,6.4348787947,-0.9831305817,0.0122773198,-0.0257172158,7.6996958009,-11.5579775136,-0.1705137435,0.0009118440,0.0166393347,0.0160684696,0.0089478735,0.0094094618,-0.2311358820,0.0011739597,-0.4369752802,-0.9435271086,1,0,0,0,0,0,0,0,0,0,0,0,0,0,1,1
0.3833333333,181.7416335656,-273.9754660408,6.4329904716,-0.9831153843,0.0125546420,-0.0254494080,7.6998449321,-11.5578206892,-0.1743660082,0.0009314100,0.0093564134,0.0003430178,0.0098549012,0.0085377822,-0.1299268137,0.0011559600,-0.5165470162,-0.0992604571,1,0,0,0,0,0,0,0,0,0,0,0,0,0,1,1
0.4000000000,181.8699571900,-274.1680792114,6.4306058738,-0.9830998608,0.0127105823,-0.0254436910,7.7000091805,-11.5576783929,-0.1765314551,0.0009506760,0.0007472964,-0.0013113231,0.0109145095,0.0074299387,-0.0103591080,0.0002253603,-0.1631304154,-0.1121145879,1,0,0,0,0,0,0,0,0,0,0,0,0,0,1,1
0.4166666667,181.9982833607,-274.3606895899,6.4277643350,-0.9830840162,0.0127230372,-0.0254655464,7.7001910890,-11.5575545606,-0.1767041069,0.0009544320,-0.0019715438,-0.0031798996,0.0112238247,0.0070598000,0.0273861061,-0.0014850003,-0.1800665034,0.1236796900,1,0,0,0,0,0,0,0,0,0,0,0,0,0,1,1
0.4333333333,182.1266125574,-274.5532978698,6.4248328857,-0.9830681090,0.0126901781,-0.0255185447,7.7003781527,-11.5574368972,-0.1762476718,0.0009296820,-0.0049726522,-0.0011185714,0.0112290852,0.0064319442,0.0690651778,-0.0029502000,0.1698910115,0.0828875000,1,0,0,0,0,0,0,0,0,0,0,0,0,0,1,1
0.4500000000,182.2549448430,-274.7459043186,6.4218022079,-0.9830526143,0.0126073006,-0.0255371876,7.7005653041,-11.5573296981,-0.1750965855,0.0008805120,-0.0021411354,0.0002628869,0.0103838675,0.0064690118,0.0297310740,-0.0041846397,0.4578531532,0.1204202596,1,0,0,0,0,0,0,0,0,0,0,0,0,0,1,1
0.4666666667,182.3832802242,-274.9385092878,6.4186174617,-0.9830379391,0.0125716150,-0.0255328061,7.7007383686,-11.5572218813,-0.1746010676,0.0008107680,0.0054897505,0.0022698912,0.0088366320,0.0070443661,-0.0762606842,-0.0051894003,0.1836624716,1.3022854048,1,0,0,0,0,0,0,0,0,0,0,0,0,0,1,1
0.4833333333,182.5116183260,-275.1311126995,6.4153050980,-0.9830244263,0.0126631108,-0.0254949746,7.7008856458,-11.5571044752,-0.1758720790,0.0007242780,0.0085507917,0.0239746480,0.0075318492,0.0068361942,-0.1187586118,-0.0059760000,0.0659341162,-0.4685921435,1,0,0,0,0,0,0,0,0,0,0,0,0,0,1,1
0.5000000000,182.6399584537,-275.3237141136,6.4123228765,-0.9830123550,0.0128056240,-0.0250953971,7.7010111766,-11.5569905386,-0.1778513892,0.0006246780,0.0096496936,0.0161647789,0.0062617123,0.0062478685,-0.1340147337,-0.0065869198,0.0442532971,-0.9747598668,1,0,0,0,0,0,0,0,0,0,0,0,0,0,1,1
0.5166666667,182.7683001207,-275.5163134923,6.4094593881,-0.9830019437,0.0129664523,-0.0248259841,7.7011155385,-11.5568864075,-0.1800849681,0.0005148960,0.0103872486,-0.0000812188,0.0049063754,0.0055322620,-0.1442503979,-0.0069901202,-1.4759036842,0.0546603306,1,0,0,0,0,0,0,0,0,0,0,0,0,0,1,1
0.5333333333,182.8966429112,-275.7089109749,6.4068143927,-0.9829933621,0.0131395731,-0.0248273378,7.7011973114,-11.5567942031,-0.1824891414,0.0003983940,-0.0142111461,0.0008297867,0.0060296718,0.0009290193,0.1974049796,-0.0072417600,0.0908536030,0.4144459772,1,0,0,0,0,0,0,0,0,0,0,0,0,0,1,1
0.5500000000,183.0249863978,-275.9015067312,6.4037468801,-0.9829867222,0.0129027206,-0.0248135080,7.7012978059,-11.5567787194,-0.1791990584,0.0002776980,-0.0126969194,0.0077372196,0.0044606076,0.0002607755,0.1763294037,-0.0073202399,1.7456492730,0.0510313285,1,0,0,0,0,0,0,0,0,0,0,0,0,0,1,1
0.5666666667,183.1533315676,-276.0941030819,6.4008160652,-0.9829820939,0.0126911053,-0.0246845544,7.7013721494,-11.5567743732,-0.1762602350,0.0001556940,0.0163972351,0.0085877418,0.0001788516,0.0036307956,-0.2277903121,-0.0053258400,0.2125828418,1.2255479142,1,0,0,0,0,0,0,0,0,0,0,0,0,0,1,1
0.5833333333,183.2816779350,-276.2867001462,6.3979261876,-0.9829794990,0.0129643926,-0.0245414253,7.7013751303,-11.5567138600,-0.1800567402,0.0000669300,0.0199402825,0.0290135403,-0.0012430762,0.0035414943,-0.2769255655,0.0000540000,-0.6252433190,-1.7320443379,1,0,0,0,0,0,0,0,0,0,0,0,0,0,1,1
0.6000000000,183.4100236144,-276.4792957129,6.3952120689,-0.9829783835,0.0132967306,-0.0240578663,7.7013544123,-11.5566548350,-0.1846721663,0.0000678300,0.0095195605,0.0001461347,-0.0001966560,0.0019938000,-0.1321829397,0.0004672800,-0.0477146150,0.4202467159,1,0,0,0,0,0,0,0,0,0,0,0,0,0,1,1
0.6166666667,183.5383683914,-276.6718894535,6.3923523516,-0.9829772530,0.0134553900,-0.0240554307,7.7013511347,-11.5566216050,-0.1868752153,0.0000756180,0.0087243169,0.0071502466,-0.0000350768,0.0019463532,-0.1211558284,0.0003243600,-0.1381014108,0.5170007316,1,0,0,0,0,0,0,0,0,0,0,0,0,0,1,1
0.6333333333,183.6667128690,-276.8644822186,6.3894771222,-0.9829759927,0.0136007952,-0.0239362600,7.7013505501,-11.5565891658,-0.1888944791,0.0000810240,0.0064226267,0.0157669255,0.0002609986,0.0016374921,-0.0891897898,0.0002440800,-0.1729603196,-0.6478407646,1,0,0,0,0,0,0,0,0,0,0,0,0,0,1,1
0.6500000000,183.7950570991,-277.0570740491,6.3866449998,-0.9829746423,0.0137078390,-0.0236734779,7.7013549001,-11.5565618743,-0.1903809756,0.0000850920,0.0035399547,0.0049695794,0.0006088882,0.0012172407,-0.0491526540,0.0002484000,-0.3091021480,-0.2804719373,1,0,0,0,0,0,0,0,0,0,0,0,0,0,1,1
0.6666666667,183.9234012271,-277.2496651346,6.3838669069,-0.9829732241,0.0137668383,-0.0235906516,7.7013650482,-11.5565415869,-0.1912001865,0.0000892320,-0.0016117477,0.0002950471,0.0012020122,0.0004308596,0.0223959542,0.0004132800,-0.2923518279,0.0636657573,1,0,0,0,0,0,0,0,0,0,0,0,0,0,1,1
0.6833333333,184.0517454362,-277.4422557206,6.3807570231,-0.9829717369,0.0137399758,-0.0235857341,7.7013850818,-11.5565344060,-0.1908269206,0.0000961200,-0.0064842782,0.0013561431,0.0017944482,-0.0002854983,0.0900641577,0.0005785200,0.1584770868,0.5308793876,1,0,0,0,0,0,0,0,0,0,0,0,0,0,1,1
0.7000000000,184.1800900461,-277.6348462399,6.3771784627,-0.9829701349,0.0136319045,-0.0235631317,7.7014149892,-11.5565391642,-0.1893258513,0.0001057620,-0.0038429934,0.0102041329,0.0016246599,0.0002105252,0.0533631839,0.0008535600,0.0667646245,-0.2232620478,1,0,0,0,0,0,0,0,0,0,0,0,0,0,1,1
0.7166666667,184.3084353752,-277.8274371027,6.3737692835,-0.9829683722,0.0135678546,-0.0233930628,7.7014420669,-11.5565356555,-0.1884364649,0.0001199880,-0.0027302497,0.0064830987,0.0016715001,0.0004967549,0.0379129741,0.0012376800,0.1548845942,-0.4080191490,1,0,0,0,0,0,0,0,0,0,0,0,0,0,1,1
0.7333333333,184.4367813157,-278.0200280479,6.3704313842,-0.9829663724,0.0135223504,-0.0232850112,7.7014699252,-11.5565273762,-0.1878045820,0.0001406160,-0.0001488398,-0.0003172204,0.0016404562,0.0010597557,0.0020603101,0.0016484400,0.3739492180,0.0751778074,1,0,0,0,0,0,0,0,0,0,0,0,0,0,1,1
0.7500000000,184.5651278630,-278.2126189262,6.3672998647,-0.9829640288,0.0135198698,-0.0232902982,7.7014972662,-11.5565097137,-0.1877702435,0.0001680900,0.0060836472,0.0009357430,0.0013065614,0.0022488399,-0.0845009099,0.0020649601,-0.1096593150,0.4421324873,1,0,0,0,0,0,0,0,0,0,0,0,0,0,1,1
0.7666666667,184.6934749585,-278.4052094578,6.3649458956,-0.9829612273,0.0136212639,-0.0232747025,7.7015190422,-11.5564722330,-0.1891785920,0.0002025060,0.0042559920,0.0083046178,0.0018926065,0.0022312822,-0.0591010135,0.0025628399,-1.8312633520,0.1189164532,1,0,0,0,0,0,0,0,0,0,0,0,0,0,1,1
0.7833333333,184.8218223534,-278.5977990297,6.3626527650,-0.9829578522,0.0136921971,-0.0231362922,7.7015505856,-11.5564350449,-0.1901636089,0.0002452200,-0.0262650639,0.0102865587,0.0055599883,-0.0022019554,0.3648268073,-0.0123548400,-0.0943254372,1.0301467535,1,0,0,0,0,0,0,0,0,0,0,0,0,0,1,1
0.8000000000,184.9501702841,-278.7903877003,6.3588764611,-0.9829537652,0.0132544460,-0.0229648495,7.7016432521,-11.5564717442,-0.1840831621,0.0000393060,-0.0278371545,0.0274556713,0.0032462583,-0.0038867165,0.3865854352,-0.0152128801,0.6032713864,-1.6388270700,1,0,0,0,0,0,0,0,0,0,0,0,0,0,1,1
0.8166666667,185.0785198553,-278.9829785591,6.3552011325,-0.9829531101,0.0127904935,-0.0225072550,7.7016973564,-11.5565365228,-0.1776400715,-0.0002142420,-0.0177826314,0.0001418868,-0.0007444853,-0.0042480610,0.2469455171,-0.0152679599,0.2217115543,0.1465189274,1,0,0,0,0,0,0,0,0,0,0,0,0,0,1,1
0.8333333333,185.2068702925,-279.1755722071,6.3518493232,-0.9829566808,0.0124941163,-0.0225048902,7.7016849483,-11.5566073238,-0.1735243129,-0.0004687080,-0.0140874388,0.0025838689,-0.0040738589,-0.0056248817,0.1956403557,-0.0151664400,0.2775282013,0.1598976744,1,0,0,0,0,0,0,0,0,0,0,0,0,0,1,1
0.8500000000,185.3352201842,-279.3681682974,6.3485489518,-0.9829644926,0.0122593256,-0.0224618258,7.7016170507,-11.5567010719,-0.1702636403,-0.0007214820,-0.0094619688,0.0052488301,-0.0074503906,-0.0068884221,0.1313966217,-0.0148226403,0.3953648421,-0.2287262482,1,0,0,0,0,0,0,0,0,0,0,0,0,0,1,1
0.8666666667,185.4635685061,-279.5607670505,6.3453955850,-0.9829765173,0.0121016261,-0.0223743453,7.7014928775,-11.5568158789,-0.1680736966,-0.0009685260,-0.0028725548,0.0014367260,-0.0109260167,-0.0078598220,0.0398790964,-0.0142225196,-0.2074791686,-0.0853826131,1,0,0,0,0,0,0,0,0,0,0,0,0,0,1,1
0.8833333333,185.5919142147,-279.7533686188,6.3424517248,-0.9829926594,0.0120537502,-0.0223503998,7.7013107772,-11.5569468759,-0.1674090450,-0.0012055680,-0.0063305409,0.0000136825,-0.0133476739,-0.0101624610,0.0879237179,-0.0135144000,-0.4664948117,0.1188498835,1,0,0,0,0,0,0,0,0,0,0,0,0,0,1,1
0.9000000000,185.7202561990,-279.9459729850,6.3394072022,-0.9830127522,0.0119482412,-0.0223501718,7.7010883160,-11.5571162503,-0.1659436497,-0.0014308080,-0.0141054545,0.0019945138,-0.0152509467,-0.0129474470,0.1959062455,-0.0126496806,-0.1882188389,0.5850444535,1,0,0,0,0,0,0,0,0,0,0,0,0,0,1,1
0.9166666667,185.8485939154,-280.1385808995,6.3361549766,-0.9830365990,0.0117131503,-0.0223169299,7.7008341335,-11.5573320410,-0.1626785456,-0.0016416360,-0.0172424351,0.0117452547,-0.0174368067,-0.0149473641,0.2394661930,-0.0115898394,-0.0912172301,-0.2837704296,1,0,0,0,0,0,0,0,0,0,0,0,0,0,1,1
0.9333333333,185.9769270785,-280.3311934005,6.3329384805,-0.9830639596,0.0114257764,-0.0221211756,7.7005435201,-11.5575811638,-0.1586874424,-0.0018348000,-0.0187627223,0.0070157476,-0.0195778750,-0.0165726104,0.2605771435,-0.0104281200,-0.1111067128,-0.4334559770,1,0,0,0,0,0,0,0,0,0,0,0,0,0,1,1
0.9500000000,186.1052552021,-280.5238111030,6.3297394260,-0.9830945396,0.0111130644,-0.0220042465,7.7002172222,-11.5578573740,-0.1543444900,-0.0020086020,-0.0206145008,-0.0002085187,-0.0214786483,-0.0180732744,0.2862922194,-0.0091954808,0.1551346826,0.0110480694,1,0,0,0,0,0,0,0,0,0,0,0,0,0,1,1
0.9666666667,186.2335777819,-280.7164344592,6.3266363699,-0.9831280163,0.0107694893,-0.0220077218,7.6998592447,-11.5581585952,-0.1495729530,-0.0021618600,-0.0180289228,-0.0000243842,-0.0235133039,-0.0188585224,0.2503839849,-0.0078271192,0.3021997834,0.1736406242,1,0,0,0,0,0,0,0,0,0,0,0,0,0,1,1
0.9833333333,186.3618943886,-280.9090638907,6.3239791736,-0.9831640473,0.0104690073,-0.0220081282,7.6994673563,-11.5584729039,-0.1453998866,-0.0022923120,-0.0129922597,0.0028696262,-0.0254595785,-0.0192050091,0.1804346276,-0.0064029600,0.0812640906,0.0127728688,1,0,0,0,0,0,0,0,0,0,0,0,0,0,1,1
1.0000000000,186.4902044520,-281.1016994502,6.3214819738,-0.9832022525,0.0102524696,-0.0219603011,7.6990430300,-11.5587929874,-0.1423926428,-0.0023990280,-0.0116378582,0.0030825073,-0.0268203115,-0.0198358206,0.1616261337,-0.0049363209,0.3261678823,-0.1863929571,1,0,0,0,0,0,0,0,0,0,0,0,0,0,1,1
1.0166666667,186.6185073886,-281.2943410043,6.3190280012,-0.9832422363,0.0100585053,-0.0219089260,7.6985960248,-11.5591235844,-0.1396988739,-0.0024813000,-0.0062017268,-0.0000240419,-0.0282043363,-0.0198192808,0.0861241326,-0.0033541191,-0.3818347170,0.0006753416,1,0,0,0,0,0,0,0,0,0,0,0,0,0,1,1
1.0333333333,186.7468028666,-281.4869886267,6.3167464904,-0.9832835913,0.0099551432,-0.0219093267,7.6981259525,-11.5594539057,-0.1382634717,-0.0025372020,-0.0125656388,-0.0000127863,-0.0283762233,-0.0209620029,0.1745204217,-0.0018219600,-0.0401667340,-0.5552268285,1,0,0,0,0,0,0,0,0,0,0,0,0,0,1,1
1.0500000000,186.8750904608,-281.6796420691,6.3142764461,-0.9833258780,0.0097457159,-0.0219095398,7.6976530155,-11.5598032725,-0.1353547980,-0.0025675680,-0.0132350844,-0.0092665667,-0.0286993796,-0.0212378945,0.1838144696,-0.0002224809,0.0416436678,-0.4898049737,1,0,0,0,0,0,0,0,0,0,0,0,0,0,1,1
1.0666666667,187.0033703399,-281.8723017960,6.3116753458,-0.9833686708,0.0095251312,-0.0220639826,7.6971746925,-11.5601572374,-0.1322912235,-0.0025712760,-0.0125410232,-0.0174299830,-0.0288154804,-0.0211567857,0.1741718467,0.0013672809,0.0662699313,0.7921153437,1,0,0,0,0,0,0,0,0,0,0,0,0,0,1,1
1.0833333333,187.1316425105,-282.0649678428,6.3089964682,-0.9834115254,0.0093161141,-0.0223544823,7.6966944345,-11.5605098505,-0.1293883594,-0.0025484880,-0.0114365244,-0.0042280606,-0.0286506277,-0.0208334853,0.1588338176,0.0029275200,-0.2628277859,0.2425942004,1,0,0,0,0,0,0,0,0,0,0,0,0,0,1,1
1.1000000000,187.2599070000,-282.2576400929,6.3061912224,-0.9834540002,0.0091255054,-0.0224249500,7.6962169240,-11.5608570752,-0.1267411291,-0.0024996960,-0.0158169875,-0.0001848239,-0.0278042652,-0.0208822481,0.2196702536,0.0045485991,-0.1536172438,-0.0325178860,1,0,0,0,0,0,0,0,0,0,0,0,0,0,1,1
1.1166666667,187.3881639132,-282.4503183639,6.3034745304,-0.9834956618,0.0088618889,-0.0224280304,7.6957535196,-11.5612051127,-0.1230799582,-0.0024238860,-0.0183772749,-0.0007267887,-0.0267917410,-0.0205034808,0.2552379667,0.0061063209,0.5162854092,-0.1652224918,1,0,0,0,0,0,0,0,0,0,0,0,0,0,1,1
1.1333333333,187.5164136534,-282.6430027333,6.3009379311,-0.9835360599,0.0085556010,-0.0224401435,7.6953069906,-11.5615468374,-0.1188259921,-0.0023221140,-0.0097725181,-0.0034804969,-0.0262103976,-0.0188263115,0.1357141077,0.0076442400,0.2855672292,0.0889542418,1,0,0,0,0,0,0,0,0,0,0,0,0,0,1,1
1.1500000000,187.6446566176,-282.8356930905,6.2985844214,-0.9835747618,0.0083927257,-0.0224981518,7.6948701506,-11.5618606092,-0.1165640903,-0.0021947100,-0.0050130642,-0.0019979262,-0.0250531271,-0.0173715463,0.0696183839,0.0091439993,0.2449028930,0.1083365161,1,0,0,0,0,0,0,0,0,0,0,0,0,0,1,1
1.1666666667,187.7728928874,-283.0283886704,6.2963327368,-0.9836113403,0.0083091746,-0.0225314506,7.6944525985,-11.5621501350,-0.1154037839,-0.0020423100,-0.0009313493,-0.0001923176,-0.0235542851,-0.0158034106,0.0129300545,0.0106236007,-0.5992521236,0.0424408582,1,0,0,0,0,0,0,0,0,0,0,0,0,0,1,1
1.1833333333,187.9011227797,-283.2210888876,6.2942754102,-0.9836453788,0.0082936521,-0.0225346559,7.6940600271,-11.5624135252,-0.1151882830,-0.0018652500,-0.0109188847,0.0005150301,-0.0208778730,-0.0153866564,0.1516518237,0.0120765600,-0.1496336288,-0.2326763635,1,0,0,0,0,0,0,0,0,0,0,0,0,0,1,1
1.2000000000,188.0293467117,-283.4137931371,6.2925199800,-0.9836764663,0.0081116707,-0.0225260720,7.6937120625,-11.5626699694,-0.1126607526,-0.0016639740,-0.0134127786,-0.0033629093,-0.0184146801,-0.0140426368,0.1862834277,-0.0129146407,-0.3990665930,-0.2723305018,1,0,0,0,0,0,0,0,0,0,0,0,0,0,1,1
1.2166666667,188.1575656822,-283.6065015180,6.2906681190,-0.9837041992,0.0078881244,-0.0225821205,7.6934051512,-11.5629040134,-0.1095560288,-0.0018792180,-0.0200638884,-0.0079017510,-0.0205376051,-0.0162485926,0.2786669345,-0.0113367593,0.8792092335,-0.8411221123,1,0,0,0,0,0,0,0,0,0,0,0,0,0,1,1
1.2333333333,188.2857790783,-283.7992146075,6.2887919433,-0.9837355195,0.0075537263,-0.0227138164,7.6930628578,-11.5631748233,-0.1049115799,-0.0020681640,-0.0054104012,-0.0219204529,-0.0236023244,-0.0163797863,0.0751304998,-0.0013514400,-0.2634807302,1.3063685261,1,0,0,0,0,0,0,0,0,0,0,0,0,0,1,1
1.2500000000,188.4139864909,-283.9919331079,6.2868202374,-0.9837699889,0.0074635529,-0.0230791572,7.6926694857,-11.5634478197,-0.1036594049,-0.0020906880,-0.0098017467,-0.0001476441,-0.0236192772,-0.0169192721,0.1361314797,0.0073922393,-0.2177110490,-0.5495458474,1,0,0,0,0,0,0,0,0,0,0,0,0,0,1,1
1.2666666667,188.5421873619,-284.1846563365,6.2849844521,-0.9838048337,0.0073001905,-0.0230816180,7.6922758311,-11.5637298076,-0.1013905469,-0.0019674840,-0.0134302642,-0.0093067416,-0.0220091290,-0.0162505007,0.1865289367,0.0152035207,-0.0498883226,-0.4218117767,1,0,0,0,0,0,0,0,0,0,0,0,0,0,1,1
1.2833333333,188.6703822249,-284.3773842373,6.2830350633,-0.9838376251,0.0070763527,-0.0232367303,7.6919090123,-11.5640006493,-0.0982817313,-0.0017140920,-0.0142617362,-0.0163369378,-0.0190587162,-0.0143318426,0.1980751916,0.0216842400,-0.0940986622,0.7774594539,1,0,0,0,0,0,0,0,0,0,0,0,0,0,1,1
1.3000000000,188.7985719919,-284.5701164170,6.2809827511,-0.9838661933,0.0068386571,-0.0235090126,7.6915913670,-11.5642395133,-0.0949804781,-0.0013526880,-0.0158300473,-0.0033792803,-0.0148263525,-0.0116319561,0.2198584315,0.0273103196,0.3075333801,0.1967712558,1,0,0,0,0,0,0,0,0,0,0,0,0,0,1,1
1.3166666667,188.9267578377,-284.7628521241,6.2787398083,-0.9838887381,0.0065748230,-0.0235653340,7.6913442611,-11.5644333792,-0.0913161709,-0.0008975160,-0.0107044909,-0.0000997593,-0.0098453237,-0.0077058575,0.1486661527,0.0318639602,0.1740312737,-0.1495239485,1,0,0,0,0,0,0,0,0,0,0,0,0,0,1,1
1.3333333333,189.0549412567,-284.9555904344,6.2768426701,-0.9839036967,0.0063964148,-0.0235669966,7.6911801724,-11.5645618102,-0.0888384017,-0.0003664500,-0.0078039697,-0.0025918252,-0.0038578308,-0.0033898218,0.1083837718,0.0356137199,-0.3450546131,-0.4651512461,1,0,0,0,0,0,0,0,0,0,0,0,0,0,1,1
1.3500000000,189.1831237926,-285.1483299700,6.2752116783,-0.9839098042,0.0062663487,-0.0236101937,7.6911158752,-11.5646183072,-0.0870320055,0.0002271120,-0.0135548799,-0.0103443459,0.0032679402,0.0007821146,0.1882608896,0.0384325202,-0.2168811527,0.2948318895,1,0,0,0,0,0,0,0,0,0,0,0,0,0,1,1
1.3666666667,189.3113072691,-285.3410693378,6.2733459334,-0.9839060190,0.0060404340,-0.0237825995,7.6911703409,-11.5646052720,-0.0838943240,0.0008676540,-0.0171695658,-0.0054304811,0.0108128890,0.0055024006,0.2384638749,0.0403959596,-0.1432822030,0.3175751807,1,0,0,0,0,0,0,0,0,0,0,0,0,0,1,1
1.3833333333,189.4394938919,-285.5338073915,6.2713319928,-0.9838915581,0.0057542746,-0.0238731075,7.6913505557,-11.5645135653,-0.0799199261,0.0015409200,-0.0195576025,-0.0001375614,0.0186609357,0.0105874023,0.2716259095,0.0416710799,0.3777271760,0.0434434753,1,0,0,0,0,0,0,0,0,0,0,0,0,0,1,1
1.4000000000,189.5676858945,-285.7265427999,6.2693580017,-0.9838658761,0.0054283145,-0.0238754002,7.6916615713,-11.5643371086,-0.0753928276,0.0022354380,-0.0132621496,0.0005864965,0.0263934886,0.0163791260,0.1841927816,0.0422348410,0.1271301865,-0.1876569650,1,0,0,0,0,0,0,0,0,0,0,0,0,0,1,1
1.4166666667,189.6958855451,-285.9192741346,6.2681483532,-0.9838286188,0.0052072787,-0.0238656252,7.6921014628,-11.5640641232,-0.0723229479,0.0029393520,-0.0111433132,-0.0025411196,0.0344287400,0.0219515974,0.1547661965,0.0421567189,0.3804541407,-0.3385864189,1,0,0,0,0,0,0,0,0,0,0,0,0,0,1,1
1.4333333333,189.8240949415,-286.1119996453,6.2669667672,-0.9837796296,0.0050215568,-0.0239079772,7.6926752751,-11.5636982632,-0.0697435113,0.0036419640,-0.0048024108,-0.0081842266,0.0422977487,0.0277410858,0.0666973439,0.0414028799,-0.9369001904,-0.7380960442,1,0,0,0,0,0,0,0,0,0,0,0,0,0,1,1
1.4500000000,189.9523162768,-286.3047177360,6.2660824229,-0.9837189302,0.0049415166,-0.0240443810,7.6933802376,-11.5632359118,-0.0686318889,0.0043320120,-0.0204174140,-0.0204858273,0.0508404686,0.0322031839,0.2835756834,0.0401583617,0.7062451327,1.2243649140,1,0,0,0,0,0,0,0,0,0,0,0,0,0,1,1
1.4666666667,190.0805516283,-286.4974267223,6.2643455643,-0.9836467300,0.0046012264,-0.0243858115,7.6942275787,-11.5626991920,-0.0639056275,0.0050013180,-0.0086466618,-0.0000797454,0.0581284892,0.0380309026,0.1200892268,0.0384335981,0.1229025255,-0.3702363541,1,0,0,0,0,0,0,0,0,0,0,0,0,0,1,1
1.4833333333,190.2088034619,-286.6901256481,6.2630364386,-0.9835633747,0.0044571154,-0.0243871406,7.6951963869,-11.5620653437,-0.0619041404,0.0056418780,-0.0065982864,-0.0062503513,0.0654532995,0.0430826255,0.0916415638,0.0363538799,-0.0182878321,-0.2445981189,1,0,0,0,0,0,0,0,0,0,0,0,0,0,1,1
1.5000000000,190.3370735794,-286.8828127613,6.2617486072,-0.9834693434,0.0043471439,-0.0244913131,7.6962872752,-11.5613472999,-0.0603767810,0.0062477760,-0.0069030836,-0.0103269866,0.0724581043,0.0477460882,0.0958753378,0.0338119224,-0.0401639493,0.5179207664,1,0,0,0,0,0,0,0,0,0,0,0,0,0,1,1
1.5166666667,190.4653638848,-287.0754867033,6.2604045430,-0.9833652138,0.0042320925,-0.0246634295,7.6974949103,-11.5605515318,-0.0587788587,0.0068113080,-0.0075724827,-0.0016949738,0.0789825260,0.0520695217,0.1051727946,0.0309855575,-0.3517792384,0.0934401060,1,0,0,0,0,0,0,0,0,0,0,0,0,0,1,1
1.5333333333,190.5936761914,-287.2681462741,6.2589419475,-0.9832516920,0.0041058845,-0.0246916791,7.6988112857,-11.5596837064,-0.0570259788,0.0073277340,-0.0134354700,-0.0001376387,0.0851160595,0.0557997844,0.1866013796,0.0276944399,-0.1202589524,-0.1750696973,1,0,0,0,0,0,0,0,0,0,0,0,0,0,1,1
1.5500000000,190.7220121587,-287.4607903720,6.2575834631,-0.9831295631,0.0038819600,-0.0246939731,7.7002298867,-11.5587537100,-0.0539159558,0.0077893080,-0.0154397859,-0.0030554670,0.0904771533,0.0593155417,0.2144430956,0.0243896429,0.3379324103,-0.4608333415,1,0,0,0,0,0,0,0,0,0,0,0,0,0,1,1
1.5666666667,190.8503733640,-287.6534181519,6.2563397873,-0.9829997413,0.0036246302,-0.0247448975,7.7017378393,-11.5577651177,-0.0503419042,0.0081958020,-0.0098075791,-0.0107360227,0.0949884986,0.0627268170,0.1362133386,0.0206985570,0.2443863887,0.3337910600,1,0,0,0,0,0,0,0,0,0,0,0,0,0,1,1
1.5833333333,190.9787611311,-287.8460287720,6.2551461437,-0.9828631446,0.0034611706,-0.0249238312,7.7033209809,-11.5567196707,-0.0480716819,0.0085407780,-0.0057344726,-0.0051728384,0.0988494852,0.0655731757,0.0796440418,0.0169214400,0.4612997772,0.3069103791,1,0,0,0,0,0,0,0,0,0,0,0,0,0,1,1
1.6000000000,191.1071764603,-288.0386213341,6.2539883236,-0.9827207983,0.0033655960,-0.0250100452,7.7049684723,-11.5556267844,-0.0467442812,0.0088228020,0.0019538570,-0.0000576654,0.1018970920,0.0680632705,-0.0271384259,0.0130885232,0.5776887653,0.2287493986,1,0,0,0,0,0,0,0,0,0,0,0,0,0,1,1
1.6166666667,191.2356201920,-288.2311951367,6.2530097229,-0.9825737516,0.0033981603,-0.0250110063,7.7066667572,-11.5544923966,-0.0471965883,0.0090409440,0.0115820031,0.0037548246,0.1041462784,0.0701510523,-0.1608614702,0.0089312367,-0.3041010147,-0.1218622690,1,0,0,0,0,0,0,0,0,0,0,0,0,0,1,1
1.6333333333,191.3640929142,-288.4237495442,6.2524579912,-0.9824230692,0.0035911937,-0.0249484259,7.7084025285,-11.5533232124,-0.0498776128,0.0091897980,0.0065136529,0.0017237868,0.1059842104,0.0711211069,-0.0904660318,0.0048956400,-0.7012621610,-0.3633522439,1,0,0,0,0,0,0,0,0,0,0,0,0,0,1,1
1.6500000000,191.4925949511,-288.6162840086,6.2518254865,-0.9822699059,0.0036997546,-0.0249196961,7.7101689320,-11.5521378606,-0.0513853800,0.0092713920,-0.0051740498,-0.0043320840,0.1072447553,0.0712737067,0.0718631819,0.0007740033,0.0380562808,-0.2175899320,1,0,0,0,0,0,0,0,0,0,0,0,0,0,1,1
1.6666666667,191.6211266357,-288.8087984619,6.2511727072,-0.9821153827,0.0036135204,-0.0249918975,7.7119563446,-11.5509499655,-0.0501876603,0.0092842920,-0.0045397784,-0.0079585828,0.1073620558,0.0714208572,0.0630518762,-0.0033771633,0.2504808412,0.4873165631,1,0,0,0,0,0,0,0,0,0,0,0,0,0,1,1
1.6833333333,191.7496881919,-289.0012931491,6.2504524783,-0.9819606445,0.0035378575,-0.0251245405,7.7137457122,-11.5497596179,-0.0491367957,0.0092280060,-0.0003650978,0.0001633599,0.1065857527,0.0711757965,0.0050701860,-0.0074811600,0.0386958963,-0.4190166126,1,0,0,0,0,0,0,0,0,0,0,0,0,0,1,1
1.7000000000,191.8782794192,-289.1937681618,6.2495647205,-0.9818068444,0.0035317725,-0.0251218179,7.7155221414,-11.5485733546,-0.0490522926,0.0091033200,0.0002798338,-0.0068202503,0.1051174278,0.0702562828,-0.0038867340,-0.0117140368,0.0187368061,-0.2247438421,1,0,0,0,0,0,0,0,0,0,0,0,0,0,1,1
1.7166666667,192.0068998532,-289.3862236704,6.2485996006,-0.9816551224,0.0035364364,-0.0252354887,7.7172740985,-11.5474024165,-0.0491170715,0.0089080860,0.0005921139,-0.0105659810,0.1028439453,0.0687779809,-0.0082238520,-0.0154998032,0.0499778634,0.5631267747,1,0,0,0,0,0,0,0,0,0,0,0,0,0,1,1
1.7333333333,192.1355488578,-289.5786600781,6.2475978000,-0.9815066543,0.0035463050,-0.0254115884,7.7189881643,-11.5462561169,-0.0492541357,0.0086497560,0.0014250783,-0.0011805348,0.0998283661,0.0668331235,-0.0197927760,-0.0195159600,0.4508580575,0.0514491905,1,0,0,0,0,0,0,0,0,0,0,0,0,0,1,1
1.7500000000,192.2642255914,-289.7710779204,6.2465064909,-0.9813624917,0.0035700563,-0.0254312640,7.7206519704,-11.5451422315,-0.0495840153,0.0083244900,0.0089393793,-0.0003230483,0.0958513280,0.0646532426,-0.1241589178,-0.0233035171,0.1106822828,-0.1537116609,1,0,0,0,0,0,0,0,0,0,0,0,0,0,1,1
1.7666666667,192.3929289984,-289.9634778755,6.2458468386,-0.9812237502,0.0037190459,-0.0254366481,7.7222494925,-11.5440646774,-0.0516533306,0.0079360980,0.0107840840,-0.0028849093,0.0912935144,0.0617647232,-0.1497762604,-0.0271252828,-0.3511299546,-0.3699661977,1,0,0,0,0,0,0,0,0,0,0,0,0,0,1,1
1.7833333333,192.5216577156,-290.1558606003,6.2453616045,-0.9810914819,0.0038987806,-0.0254847299,7.7237710511,-11.5430352654,-0.0541496016,0.0074840100,0.0049319181,-0.0090510126,0.0862344850,0.0580344461,-0.0684975839,-0.0306640799,-0.2958856625,0.3059998064,1,0,0,0,0,0,0,0,0,0,0,0,0,0,1,1
1.8000000000,192.6504102494,-290.3482269997,6.2446576111,-0.9809667484,0.0039809793,-0.0256355802,7.7252082925,-11.5420680246,-0.0552912280,0.0069729420,0.0000004904,-0.0039510158,0.0804790532,0.0538721498,-0.0000071040,-0.0341906376,-0.2690554703,0.2461070026,1,0,0,0,0,0,0,0,0,0,0,0,0,0,1,1
1.8166666667,192.7791850549,-290.5405783102,6.2437703585,-0.9808505327,0.0039809875,-0.0257014304,7.7265496101,-11.5411701555,-0.0552913464,0.0064030980,-0.0044837674,0.0001507676,0.0740331989,0.0492736943,0.0622750201,-0.0374180422,0.0099211500,0.2293980826,1,0,0,0,0,0,0,0,0,0,0,0,0,0,1,1
1.8333333333,192.9079803898,-290.7329158806,6.2426870248,-0.9807438144,0.0039062580,-0.0256989176,7.7277834967,-11.5403489272,-0.0542534294,0.0057794640,-0.0043184150,0.0039740689,0.0668241169,0.0444728293,0.0599782859,-0.0407141999,0.3669407610,-0.2939582864,1,0,0,0,0,0,0,0,0,0,0,0,0,0,1,1
1.8500000000,193.0367943241,-290.9252411537,6.2415642436,-0.9806474900,0.0038342844,-0.0256326831,7.7288972320,-11.5396077134,-0.0532537913,0.0051008940,0.0017972644,-0.0009252358,0.0588071467,0.0395066146,-0.0249640560,-0.0435441583,0.7317305878,-0.3272760948,1,0,0,0,0,0,0,0,0,0,0,0,0,0,1,1
1.8666666667,193.1656246802,-291.1175555822,6.2406167429,-0.9805624751,0.0038642388,-0.0256481037,7.7298773511,-11.5389492698,-0.0536698589,0.0043751580,0.0139927742,-0.0063798374,0.0500528378,0.0344639917,-0.1943440744,-0.0472539615,-0.0435045172,-0.0569382620,1,0,0,0,0,0,0,0,0,0,0,0,0,0,1,1
1.8833333333,193.2944690324,-291.3098605752,6.2402453578,-0.9804895558,0.0040974517,-0.0257544344,7.7307115651,-11.5383748700,-0.0569089268,0.0035875920,0.0132676989,-0.0073288084,0.0409625186,0.0283800679,-0.1842738057,-0.0535388399,-0.7037859149,0.4397185953,1,0,0,0,0,0,0,0,0,0,0,0,0,0,1,1
1.9000000000,193.4233246409,-291.5021575031,6.2397399719,-0.9804297626,0.0043185800,-0.0258765812,7.7313942737,-11.5379018688,-0.0599801569,0.0026952780,0.0015379337,-0.0000001652,0.0310458647,0.0209157858,-0.0213564659,-0.0590547593,0.0197607598,-0.5938876909,1,0,0,0,0,0,0,0,0,0,0,0,0,0,1,1
1.9166666667,193.5521886477,-291.6944482847,6.2388658106,-0.9803848413,0.0043442123,-0.0258765839,7.7319117048,-11.5375532724,-0.0603360980,0.0017110320,0.0018672797,-0.0098982934,0.0196779961,0.0133237620,-0.0259344601,-0.0637830005,0.0118283932,-0.2650876913,1,0,0,0,0,0,0,0,0,0,0,0,0,0,1,1
1.9333333333,193.6810581122,-291.8867353522,6.2378849305,-0.9803563241,0.0043753336,-0.0260415555,7.7322396714,-11.5373312097,-0.0607683390,0.0006479820,0.0020644195,-0.0143164216,0.0074058430,0.0051150165,-0.0286723140,-0.0729410399,0.0450020183,0.8055209301,1,0,0,0,0,0,0,0,0,0,0,0,0,0,1,1
1.9500000000,193.8099296156,-292.0790209722,6.2368580392,-0.9803455244,0.0044097406,-0.0262801625,7.7323631021,-11.5372459594,-0.0612462109,-0.0005677020,0.0028144532,-0.0008910727,-0.0066462478,-0.0042457143,-0.0390894839,-0.0995648406,0.1628351218,0.0518597627,1,0,0,0,0,0,0,0,0,0,0,0,0,0,1,1
1.9666666667,193.9387992607,-292.2713077534,6.2356938426,-0.9803549861,0.0044566481,-0.0262950137,7.7322523313,-11.5373167213,-0.0618977023,-0.0022271160,0.0055283719,-0.0000267434,-0.0258876853,-0.0169329043,-0.0767832843,-0.0871300790,0.1575838136,0.0548363807,1,0,0,0,0,0,0,0,0,0,0,0,0,0,1,1
1.9833333333,194.0676617174,-292.4635992415,6.2345977824,-0.9803921047,0.0045487877,-0.0262954594,7.7318208699,-11.5375989364,-0.0631774237,-0.0036792840,0.0081547688,0.0008871963,-0.0427420671,-0.0280118772,-0.1132611298,-0.0742049999,0.1207762608,0.0945346133,1,0,0,0,0,0,0,0,0,0,0,0,0,0,1,1
2.0000000000,194.1965122726,-292.6558984682,6.2335842398,-0.9804534261,0.0046847005,-0.0262806728,7.7311085021,-11.5380658010,-0.0650651092,-0.0049160340,0.0101677064,0.0024627732,-0.0570979697,-0.0374445092,-0.1412175597,-0.0614970020,0.1190936884,-0.0910880469,1,0,0,0,0,0,0,0,0,0,0,0,0,0,1,1
2.0166666667,194.3253469099,-292.8482080101,6.2326408270,-0.9805353600,0.0048541623,-0.0262396266,7.7301568693,-11.5386898762,-0.0674187352,-0.0059409840,0.0121526013,0.0009446391,-0.0690189097,-0.0452264200,-0.1687847285,-0.0488177978,-0.2533526574,-0.0792031580,1,0,0,0,0,0,0,0,0,0,0,0,0,0,1,1
2.0333333333,194.4541622993,-293.0405300005,6.2317660069,-0.9806343764,0.0050567056,-0.0262238826,7.7290065541,-11.5394436498,-0.0702318140,-0.0067546140,0.0079300570,-0.0003754135,-0.0782613026,-0.0517332317,-0.1101346258,-0.0361659599,-0.6225958111,-0.0849939803,1,0,0,0,0,0,0,0,0,0,0,0,0,0,1,1
2.0500000000,194.5829557756,-293.2328661016,6.2309125361,-0.9807469533,0.0051888732,-0.0262301395,7.7277021991,-11.5403058704,-0.0720673911,-0.0073573800,-0.0024465399,-0.0017919799,-0.0848122471,-0.0569964280,0.0339823919,-0.0238388427,0.5080876278,-1.7331384123,1,0,0,0,0,0,0,0,0,0,0,0,0,0,1,1
2.0666666667,194.7117254917,-293.4252177339,6.2300090414,-0.9808695763,0.0051480976,-0.0262600059,7.7262886616,-11.5412558108,-0.0715010179,-0.0077546940,0.0060215872,-0.0306776201,-0.0897445704,-0.0595478671,-0.0836393282,-0.0108971972,0.1633629566,0.5516207078,1,0,0,0,0,0,0,0,0,0,0,0,0,0,1,1
2.0833333333,194.8404704032,-293.6175860921,6.2289808391,-0.9809988212,0.0052484574,-0.0267712995,7.7247929188,-11.5422482753,-0.0728950067,-0.0079363140,0.0087443032,-0.0214839416,-0.0919663125,-0.0607631839,-0.1214462818,0.0005886000,0.3791246112,1.2777713318,1,0,0,0,0,0,0,0,0,0,0,0,0,0,1,1
2.1000000000,194.9691897317,-293.8099712735,6.2279142561,-0.9811310931,0.0053941957,-0.0271293652,7.7232601469,-11.5432609950,-0.0749191114,-0.0079265040,0.0150630467,-0.0001877527,-0.0921438114,-0.0602525644,-0.2092095416,0.0083383172,0.1524533085,0.0086503929,1,0,0,0,0,0,0,0,0,0,0,0,0,0,1,1
2.1166666667,195.0978834437,-294.0023731598,6.2267581414,-0.9812632015,0.0056452465,-0.0271324944,7.7217244167,-11.5442652044,-0.0784059371,-0.0077875320,0.0176039352,-0.0000435795,-0.0906924006,-0.0589501378,-0.2444970546,0.0148777228,-0.6949840410,0.7792849701,1,0,0,0,0,0,0,0,0,0,0,0,0,0,1,1
2.1333333333,195.2265518285,-294.1947912182,6.2258226282,-0.9813929937,0.0059386454,-0.0271332208,7.7202128767,-11.5452477067,-0.0824808880,-0.0075395700,0.0060208678,0.0129445033,-0.0873281884,-0.0577853390,-0.0836133298,0.0205862400,-0.2458366174,0.2734145206,1,0,0,0,0,0,0,0,0,0,0,0,0,0,1,1
2.1500000000,195.3551955932,-294.3872247858,6.2247498952,-0.9815186532,0.0060389932,-0.0269174790,7.7187574069,-11.5462107957,-0.0838744435,-0.0071964660,0.0019235909,0.0175014120,-0.0831851516,-0.0554083083,-0.0267161639,0.0255977975,-0.9194281949,-1.0308128435,1,0,0,0,0,0,0,0,0,0,0,0,0,0,1,1
2.1666666667,195.4838161217,-294.5796735505,6.2236284587,-0.9816385943,0.0060710531,-0.0266257888,7.7173709877,-11.5471342675,-0.0843197129,-0.0067698360,-0.0134002124,0.0003211979,-0.0775588915,-0.0531631214,0.1861167242,0.0294260424,0.2537828558,-0.0099794800,1,0,0,0,0,0,0,0,0,0,0,0,0,0,1,1
2.1833333333,195.6124148880,-294.7721367551,6.2223250475,-0.9817514249,0.0058477162,-0.0266204355,7.7160783395,-11.5480203195,-0.0812177675,-0.0062794020,-0.0091704981,0.0001548733,-0.0721089148,-0.0490598235,0.1273662238,0.0328564799,0.0961155681,-0.0674961675,1,0,0,0,0,0,0,0,0,0,0,0,0,0,1,1
2.2000000000,195.7409938506,-294.9646139261,6.2209550258,-0.9818560816,0.0056948746,-0.0266178543,7.7148765243,-11.5488379833,-0.0790949971,-0.0057317940,-0.0075685720,-0.0009700629,-0.0658688633,-0.0447092167,0.1051165978,0.0356090381,-0.0357689645,-0.0657308463,1,0,0,0,0,0,0,0,0,0,0,0,0,0,1,1
2.2166666667,195.8695546521,-295.1571037191,6.2195359100,-0.9819516115,0.0055687317,-0.0266340220,7.7137787099,-11.5495831369,-0.0773430538,-0.0051383100,-0.0081647214,-0.0020655770,-0.0590006011,-0.0401519689,0.1133972404,0.0375519618,-0.0401863054,0.1580448210,1,0,0,0,0,0,0,0,0,0,0,0,0,0,1,1
2.2333333333,195.9980991540,-295.3496047981,6.2180868116,-0.9820372500,0.0054326530,-0.0266684483,7.7127953665,-11.5502523363,-0.0754530998,-0.0045124440,-0.0088344931,0.0005685034,-0.0517561151,-0.0353485062,0.1226998078,0.0388371599,-0.5407606395,-0.0791145419,1,0,0,0,0,0,0,0,0,0,0,0,0,0,1,1
2.2500000000,196.1266293677,-295.5421158288,6.2166038566,-0.9821124574,0.0052854115,-0.0266589733,7.7119327646,-11.5508414781,-0.0734081030,-0.0038651580,-0.0178471705,-0.0007500723,-0.0439398299,-0.0308653200,0.2478667735,0.0396622788,-0.9427691154,-0.2247597338,1,0,0,0,0,0,0,0,0,0,0,0,0,0,1,1
2.2666666667,196.2551473825,-295.7346354427,6.2153836148,-0.9821768767,0.0049879586,-0.0266714745,7.7112004341,-11.5513559001,-0.0692769901,-0.0032041200,-0.0335599891,-0.0044960679,-0.0357942537,-0.0265319017,0.4660957332,0.0398127611,0.3172239035,-2.0227322578,1,0,0,0,0,0,0,0,0,0,0,0,0,0,1,1
2.2833333333,196.3836555117,-295.9271625113,6.2145772272,-0.9822302787,0.0044286255,-0.0267464089,7.7106038630,-11.5517980982,-0.0615087279,-0.0025405740,-0.0282729240,-0.0382082722,-0.0284345889,-0.0209582810,0.3926870222,0.0394873199,0.3506810900,1.7360253488,1,0,0,0,0,0,0,0,0,0,0,0,0,0,1,1
2.3000000000,196.5121561626,-296.1196960316,6.2132454987,-0.9822726216,0.0039574101,-0.0273832135,7.6766658479,-11.5020078748,-0.0547253854,-0.0018824520,-0.0224282392,-0.0092745164,-2.0288493303,2.9929484039,0.3244648230,0.0385030795,0.7868049717,-1.2498204296,1,0,0,0,0,0,0,0,0,0,0,0,0,0,1,1
2.3166666667,196.6398147239,-296.3109808397,6.2117314151,-0.9823039958,0.0035836061,-0.0275377887,7.6428532184,-11.4521242809,-0.0493401716,-0.0012407340,-0.0093148230,-0.0301048569,-2.0217143820,2.9985823035,0.1412051955,0.0373953604,1.4302208552,4.4122167532,1,0,0,0,0,0,0,0,0,0,0,0,0,0,1,1
2.3333333333,196.7669120034,-296.5014331468,6.2098407098,-0.9823246747,0.0034283590,-0.0280395363,7.6091589966,-11.4021471889,-0.0469961097,-0.0006174780,0.0145221913,0.0434320890,-2.0151264388,3.0043714313,-0.1866616884,0.0358153199,-1.2508783898,-2.6818913231,1,0,0,0,0,0,0,0,0,0,0,0,0,0,1,1
2.3500000000,196.8934497777,-296.6910512752,6.2080477218,-0.9823349660,0.0036703956,-0.0273156682,7.5755741014,-11.3520740314,-0.0500925477,-0.0000205560,-0.0063257819,-0.0012660997,-2.0077209993,3.0080846170,0.0996096778,0.0338353201,0.1830159644,0.3862838604,1,0,0,0,0,0,0,0,0,0,0,0,0,0,1,1
2.3666666667,197.0194295901,-296.8798334321,6.2066971423,-0.9823353086,0.0035649659,-0.0273367699,7.5421120892,-11.3019392572,-0.0484387421,0.0005433660,-0.0032755158,0.0051719646,-2.0014322191,3.0124692058,0.0573995891,0.0316771197,0.4884037891,-1.0644835077,1,0,0,0,0,0,0,0,0,0,0,0,0,0,1,1
2.3833333333,197.1448535230,-297.0677789112,6.2055029548,-0.9823262525,0.0035103739,-0.0272505704,7.5087544243,-11.2517317295,-0.0474853734,0.0010713180,0.0048645473,-0.0125694271,-1.9957639963,3.0167231842,-0.0531103843,0.0293929199,-0.8132162927,0.9722714034,1,0,0,0,0,0,0,0,0,0,0,0,0,0,1,1
2.4000000000,197.2697231554,-297.2548865447,6.2048576145,-0.9823083972,0.0035914497,-0.0274600609,7.4754908061,-11.2014536227,-0.0483656591,0.0015612000,-0.0086890575,0.0036350962,-1.9900252845,3.0197761667,0.1300044777,0.0268380007,-0.2464207940,-0.1871004923,1,0,0,0,0,0,0,0,0,0,0,0,0,0,1,1
2.4166666667,197.3940398603,-297.4411551612,6.2040014019,-0.9822823772,0.0034466321,-0.0273994760,7.4423223963,-11.1511248650,-0.0462076476,0.0020085000,-0.0127960708,0.0005167547,-1.9851059486,3.0228686433,0.1840182084,0.0238525192,-0.0041578234,-0.0499777878,1,0,0,0,0,0,0,0,0,0,0,0,0,0,1,1
2.4333333333,197.5178051763,-297.6265841674,6.2029935113,-0.9822489022,0.0032333642,-0.0273908634,7.4092355942,-11.1007448045,-0.0431535336,0.0024060420,-0.0128653678,-0.0003162084,-1.9809164379,3.0257129804,0.1833996216,0.0210830400,0.0043432463,0.0767812298,1,0,0,0,0,0,0,0,0,0,0,0,0,0,1,1
2.4500000000,197.6410203156,-297.8111728500,6.2019899239,-0.9822088015,0.0030189415,-0.0273961335,7.3762182879,-11.0503175642,-0.0401097990,0.0027574260,-0.0127929804,0.0009634787,-1.9773000247,3.0281818256,0.1808869705,0.0183823211,0.3113418626,0.0983085671,1,0,0,0,0,0,0,0,0,0,0,0,0,0,1,1
2.4666666667,197.7636862771,-297.9949205207,6.2009907420,-0.9821628444,0.0028057251,-0.0273800755,7.3432609626,-10.9998493741,-0.0371078692,0.0030637980,-0.0076039493,0.0026019549,-1.9743305303,3.0304327311,0.1107139995,0.0150937189,3.3317509051,-0.0583507818,1,0,0,0,0,0,0,0,0,0,0,0,0,0,1,1
2.4833333333,197.8858039058,-298.1778265901,6.2001921981,-0.9821117811,0.0026789926,-0.0273367096,7.3103528813,-10.9493438526,-0.0352702754,0.0033153600,0.0479252324,0.0016294418,-1.9731169971,3.0339143679,-0.6212824471,0.0123969600,-0.2707913954,-0.4695090863,1,0,0,0,0,0,0,0,0,0,0,0,0,0,1,1
2.5000000000,198.0073738081,-298.3598904962,6.2010115172,-0.9820565251,0.0034777465,-0.0273095523,7.2774649109,-10.8987805871,-0.0455768317,0.0035219760,0.0434120425,-0.0061957096,-1.9713286459,3.0353917918,-0.5563355584,0.0093200414,-1.0414617178,0.1604829052,1,0,0,0,0,0,0,0,0,0,0,0,0,0,1,1
2.5166666667,198.1283958369,-298.5411108687,6.2014314647,-0.9819978255,0.0042012805,-0.0274128141,7.2446065838,-10.8481928282,-0.0548054748,0.0036773100,0.0260543472,-0.0035209945,-1.9696136247,3.0357075583,-0.3246809775,0.0442097985,-1.0399835962,-0.6596112896,1,0,0,0,0,0,0,0,0,0,0,0,0,0,1,1
2.5333333333,198.2488702912,-298.7214873572,6.2011548854,-0.9819365370,0.0046355197,-0.0274714973,7.2117766812,-10.7975998493,-0.0601906471,0.0044141400,0.0087212873,-0.0145145160,-1.9614866491,3.0399668473,-0.0964593884,0.1251079197,-0.9051872219,2.7484607141,1,0,0,0,0,0,0,0,0,0,0,0,0,0,1,1
2.5500000000,198.3687994814,-298.9010188675,6.2002864133,-0.9818629680,0.0047808744,-0.0277134059,7.1790815729,-10.7469362338,-0.0617895418,0.0064992720,-0.0063651664,0.0312931625,-1.9390105229,3.0538772584,0.0995623166,0.1943157632,2.5996967413,-3.0475715569,1,0,0,0,0,0,0,0,0,0,0,0,0,0,1,1
2.5666666667,198.4881897942,-299.0797017829,6.1977972717,-0.9817546468,0.0046747883,-0.0271918532,7.1467592846,-10.6960418817,-0.0601365656,0.0097378680,0.0369631126,-0.0194996967,-1.9065638011,3.0788946052,-0.4586212244,0.2531221159,0.0312507355,-0.0283077679,1,0,0,0,0,0,0,0,0,0,0,0,0,0,1,1
2.5833333333,198.6070509314,-299.2575302345,6.1966229121,-0.9815923490,0.0052908402,-0.0275168482,7.1149751891,-10.6447325605,-0.0677431143,0.0139565700,0.0374839582,-0.0199714929,-1.8628225531,3.1085399464,-0.4607935778,0.3016335594,-0.0338438924,0.0792635957,1,0,0,0,0,0,0,0,0,0,0,0,0,0,1,1
2.6000000000,198.7253942116,-299.4344948053,6.1956469367,-0.9813597395,0.0059155728,-0.0278497064,7.0839166079,-10.5929315311,-0.0753853458,0.0189837960,0.0369198933,-0.0186504329,-1.8111279754,3.1434532958,-0.4490884199,0.3396132083,0.2796646574,0.5748501010,1,0,0,0,0,0,0,0,0,0,0,0,0,0,1,1
2.6166666667,198.8432339012,-299.6105857352,6.1946737934,-0.9810433429,0.0065309044,-0.0281605469,7.0537154176,-10.5405514395,-0.0828330579,0.0246440161,0.0415809709,-0.0090695979,-1.7538084512,3.1827595074,-0.5037664926,0.3682439903,2.9217451066,0.8568717619,1,0,0,0,0,0,0,0,0,0,0,0,0,0,1,1
2.6333333333,198.9605859206,-299.7857921907,6.1939365159,-0.9806326093,0.0072239206,-0.0283117069,7.0244648619,-10.4875194596,-0.0911873870,0.0307814159,0.0902767227,0.0052115981,-1.6950384573,3.2288763577,-1.1135820478,0.3882628792,0.2752983366,-0.0856141787,1,0,0,0,0,0,0,0,0,0,0,0,0,0,1,1
2.6500000000,199.0774671802,-299.9601023271,6.1935588259,-0.9801195857,0.0087285326,-0.0282248469,6.9961889350,-10.4337226720,-0.1096563716,0.0372524639,0.0948650283,0.0037846951,-1.6319800371,3.2741140412,-1.1599906600,0.4004049750,-3.4072144851,2.0619509598,1,0,0,0,0,0,0,0,0,0,0,0,0,0,1,1
2.6666666667,199.1938938206,-300.1335016269,6.1932024593,-0.9794987113,0.0103096164,-0.0281617687,6.9689586954,-10.3791757109,-0.1288942363,0.0439258802,0.0380781202,0.0381505445,-1.5631128441,3.3131368244,-0.4387223814,0.4052257034,-0.5748507045,-0.5796787542,1,0,0,0,0,0,0,0,0,0,0,0,0,0,1,1
2.6833333333,199.3098832625,-300.3059768146,6.1928482109,-0.9787666133,0.0109442518,-0.0275259263,6.9428704127,-10.3239817134,-0.1361680167,0.0506796419,0.0284972751,0.0284892319,-1.4974239962,3.3565277950,-0.3148764010,0.3776709592,-3.7330988837,-1.7190468239,1,0,0,0,0,0,0,0,0,0,0,0,0,0,1,1
2.7000000000,199.4254554752,-300.4775185103,6.1924907520,-0.9779219526,0.0114192064,-0.0270511057,6.9178712881,-10.2680682802,-0.1413873298,0.0569741579,-0.0337210396,-0.0001615485,-1.4333706337,3.3899993547,0.4587649646,0.3298975417,2.0438782091,0.6159503790,1,0,0,0,0,0,0,0,0,0,0,0,0,0,1,1
2.7166666667,199.5406272099,-300.6481159753,6.1921384514,-0.9769723833,0.0108571890,-0.0270537982,6.8939341120,-10.2115999822,-0.1337751234,0.0624724502,0.0003435972,0.0101042911,-1.3859660612,3.4285852103,0.0350459902,0.2827263370,0.0169127639,-1.1901670143,1,0,0,0,0,0,0,0,0,0,0,0,0,0,1,1
2.7333333333,199.6554149942,-300.8177635536,6.1907415297,-0.9759311758,0.0108629157,-0.0268853934,6.8707826801,-10.1544920424,-0.1331906784,0.0671845559,0.0006254766,-0.0097318258,-1.3448598653,3.4574867787,0.0316189148,0.2361830395,-0.0141975611,0.4634485383,1,0,0,0,0,0,0,0,0,0,0,0,0,0,1,1
2.7500000000,199.7698287597,-300.9864510864,6.1890714189,-0.9748114332,0.0108733403,-0.0270475905,6.8483124727,-10.0969051249,-0.1326630680,0.0711209399,0.0003888506,-0.0020076835,-1.3123486470,3.4806802123,0.0345845679,0.2250356665,-2.1048078513,0.3400439018,1,0,0,0,0,0,0,0,0,0,0,0,0,0,1,1
2.7666666667,199.8838774950,-301.1541721288,6.1874264009,-0.9736260842,0.0108798211,-0.0270810519,6.8263808892,-10.0389339335,-0.1320862679,0.0748715343,-0.0346912802,0.0036597149,-1.2798545338,3.4986301836,0.4604857851,0.2336864126,-0.2813794607,0.2587566047,1,0,0,0,0,0,0,0,0,0,0,0,0,0,1,1
2.7833333333,199.9975695059,-301.3209206953,6.1861594685,-0.9723782253,0.0103016331,-0.0270200566,6.8049875979,-9.9806654593,-0.1244463555,0.0787663078,-0.0393809379,0.0079723250,-1.2489552226,3.5208258880,0.5130027576,0.2352207595,0.2533358349,0.1251905827,1,0,0,0,0,0,0,0,0,0,0,0,0,0,1,1
2.8000000000,200.1109147053,-301.4866926297,6.1848115567,-0.9710654535,0.0096452841,-0.0268871845,6.7841061036,-9.9220293235,-0.1159358742,0.0826866538,-0.0351586740,0.0100588347,-1.2190879363,3.5438260932,0.4574864972,0.2306347507,1.3068509971,2.6961842881,1,0,0,0,0,0,0,0,0,0,0,0,0,0,1,1
2.8166666667,200.2239215770,-301.6514818701,6.1819353295,-0.9696873426,0.0090593062,-0.0267195373,6.7637192428,-9.8630122170,-0.1083464228,0.0865305663,-0.0133778241,0.0549952395,-1.1916384913,3.5674699489,0.1927602706,0.2203944884,1.8694974968,-3.2360149694,1,0,0,0,0,0,0,0,0,0,0,0,0,0,1,1
2.8333333333,200.3365978695,-301.8152820786,6.1790985376,-0.9682451665,0.0088363425,-0.0258029500,6.7437868736,-9.8036035021,-0.1051471934,0.0902038078,0.0177804676,0.0010616567,-1.1669984866,3.5903634068,-0.1796655427,0.2054267996,-0.3434207666,0.7332831785,1,0,0,0,0,0,0,0,0,0,0,0,0,0,1,1
2.8500000000,200.4489501344,-301.9780865170,6.1764114644,-0.9667417697,0.0091326836,-0.0257852557,6.7242623649,-9.7438156615,-0.1081237531,0.0936275878,0.0120567881,0.0132830430,-1.1432071176,3.6080972153,-0.1096917378,0.1860656744,-1.2218676562,-0.2537562899,1,0,0,0,0,0,0,0,0,0,0,0,0,0,1,1
2.8666666667,200.5609838202,-302.1398886275,6.1737293753,-0.9651813099,0.0093336301,-0.0255638716,6.7051316006,-9.6837342866,-0.1099398343,0.0967286824,-0.0083076728,0.0090537715,-1.1222049549,3.6220995799,0.1316420383,0.1632466449,-6.2974216027,-0.6466586384,1,0,0,0,0,0,0,0,0,0,0,0,0,0,1,1
2.8833333333,200.6727045729,-302.3006843000,6.1709611041,-0.9635691652,0.0091951689,-0.0254129754,6.6863482893,-9.6234212811,-0.1077541478,0.0994494598,-0.1132646995,-0.0017238725,-1.1009314582,3.6269550103,1.3604681043,0.1369015197,0.2907724592,0.2010038470,1,0,0,0,0,0,0,0,0,0,0,0,0,0,1,1
2.9000000000,200.7841173860,-302.4604709179,6.1659657534,-0.9619116742,0.0073074239,-0.0254417066,6.6679168913,-9.5630283385,-0.0851934674,0.1017311518,-0.1084184919,0.0016261916,-1.0917167235,3.6393403875,1.2904449468,0.1084165570,2.9057143709,2.0486309117,1,0,0,0,0,0,0,0,0,0,0,0,0,0,1,1
2.9166666667,200.8952284359,-302.6192502581,6.1613614054,-0.9602161550,0.0055004490,-0.0254146034,6.6496374240,-9.5024306218,-0.0637949764,0.1035380944,-0.0599899190,0.0357700402,-1.0884227171,3.6498280818,0.7156756158,0.0776976826,0.8938326158,-1.8779893321,1,0,0,0,0,0,0,0,0,0,0,0,0,0,1,1
2.9333333333,201.0060384590,-302.7770191570,6.1592131964,-0.9584905201,0.0045006170,-0.0248184361,6.6314116960,-9.4416596206,-0.0519273213,0.1048330558,-0.0450927088,0.0044702180,-1.0883857747,3.6540694290,0.5365443825,0.0453527999,5.5172270403,-2.2480653662,1,0,0,0,0,0,0,0,0,0,0,0,0,0,1,1
2.9500000000,201.1165462008,-302.9337746396,6.1574610094,-0.9567433025,0.0037490719,-0.0247439325,6.6131856895,-9.3808189223,-0.0430302195,0.1055889358,0.0468610752,-0.0329975381,-1.0953774568,3.6571084223,-0.5243168540,0.0117324380,-1.9739280356,2.6401465501,1,0,0,0,0,0,0,0,0,0,0,0,0,0,1,1
2.9666666667,201.2267499935,-303.0895162527,6.1585359297,-0.9549834869,0.0045300898,-0.0252938914,6.5948428605,-9.3199284744,-0.0517217513,0.1057844764,0.0139622746,0.0110049044,-1.1043199413,3.6515634434,-0.1430102010,-0.0226094780,-0.8735113375,-0.9994961633,1,0,0,0,0,0,0,0,0,0,0,0,0,0,1,1
2.9833333333,201.3366457196,-303.2442432286,6.1576481155,-0.9532204123,0.0047627944,-0.0251104764,6.5763508629,-9.2591306023,-0.0540912265,0.1054076518,-0.0005962476,-0.0056533650,-1.1189867703,3.6427961112,0.0240036584,-0.0573767999,-0.2438892741,0.2686328192,1,0,0,0,0,0,0,0,0,0,0,0,0,0,1,1
3.0000000000,201.4462296559,-303.3979584952,6.1560890634,-0.9514636181,0.0047528569,-0.0252046991,6.5576147965,-9.1984787312,-0.0536917646,0.1044513718,-0.0046610689,-0.0011761514,-1.1392150340,3.6306698209,0.0698465677,-0.0924339228,1.7690887226,-0.5682478485,1,0,0,0,0,0,0,0,0,0,0,0,0,0,1,1
3.0166666667,201.5554964057,-303.5506657206,6.1543124249,-0.9497227619,0.0046751725,-0.0252243016,6.5385424700,-9.1380285410,-0.0525323382,0.1029108064,0.0248237432,-0.0106469489,-1.1656510176,3.6162244520,-0.2620312985,-0.1273107967,0.2310684767,1.9000410769,1,0,0,0,0,0,0,0,0,0,0,0,0,0,1,1
3.0333333333,201.6644389694,-303.7023693739,6.1540019460,-0.9480075818,0.0050889015,-0.0254017508,6.5190309907,-9.0778184689,-0.0568745856,0.1007889598,0.0286748844,0.0210204024,-1.1963254722,3.5970050370,-0.3020587754,-0.1613228397,-1.1281232263,-0.7423648211,1,0,0,0,0,0,0,0,0,0,0,0,0,0,1,1
3.0500000000,201.7730483751,-303.8530741341,6.1545345525,-0.9463277658,0.0055668162,-0.0250514108,6.4990101231,-9.0179276448,-0.0618800892,0.0981002458,0.0098728307,0.0086476554,-1.2308693081,3.5730295565,-0.0896077090,-0.1855133655,-1.5176228461,2.8632808841,1,0,0,0,0,0,0,0,0,0,0,0,0,0,1,1
3.0666666667,201.8813147599,-304.0027862543,6.1545763691,-0.9446927617,0.0057313634,-0.0249072832,6.4784157561,-8.9584348872,-0.0633636319,0.0950083564,-0.0154208834,0.0563690035,-1.2682385427,3.5461897406,0.1912251693,-0.2061583538,-0.4048272893,0.7484990414,1,0,0,0,0,0,0,0,0,0,0,0,0,0,1,1
3.0833333333,201.9892278625,-304.1515133141,6.1529690080,-0.9431092891,0.0054743487,-0.0239677998,6.4572010930,-8.8993876497,-0.0601920396,0.0915723838,-0.0221680049,0.0688439875,-1.3088339686,3.5183107146,0.2635425188,-0.2268871195,-0.8937737794,-4.0640870017,1,0,0,0,0,0,0,0,0,0,0,0,0,0,1,1
3.1000000000,202.0967768837,-304.2992636669,6.1508221865,-0.9415830827,0.0051048820,-0.0228204000,6.4353127015,-8.8408031297,-0.0558219369,0.0877909318,-0.0370642346,0.0011092041,-1.3516738411,3.4881504712,0.4237647356,-0.2430777294,0.3046501192,0.7921617736,1,0,0,0,0,0,0,0,0,0,0,0,0,0,1,1
3.1166666667,202.2039499528,-304.4460456761,6.1475212820,-0.9401199005,0.0044871447,-0.0228019132,6.4127134264,-8.7827191040,-0.0487964304,0.0837396363,-0.0319867326,0.0143119004,-1.3968773633,3.4574085920,0.3640780455,-0.2493637496,1.1667987805,-1.0410632407,1,0,0,0,0,0,0,0,0,0,0,0,0,0,1,1
3.1333333333,202.3107348343,-304.5918682609,6.1445114906,-0.9387242399,0.0039540325,-0.0225633816,6.3893641438,-8.7251451766,-0.0427606011,0.0795835738,-0.0125400862,-0.0030391537,-1.4425613642,3.4266368341,0.1498970020,-0.2547910795,2.9903587818,-0.7388195299,1,0,0,0,0,0,0,0,0,0,0,0,0,0,1,1
3.1500000000,202.4171188631,-304.7367399403,6.1425590493,-0.9373978470,0.0037450311,-0.0226140341,6.3652569482,-8.6680818068,-0.0402749164,0.0753370558,0.0372992268,-0.0153528125,-1.4890195892,3.3965338304,-0.3875880159,-0.2596769739,0.1136314675,-0.0830076875,1,0,0,0,0,0,0,0,0,0,0,0,0,0,1,1
3.1666666667,202.5230892091,-304.8806691153,6.1429799317,-0.9361422294,0.0043666848,-0.0228699143,6.3403790654,-8.6115178703,-0.0466972414,0.0710091063,0.0391930846,-0.0167362739,-1.5343733880,3.3647455802,-0.4033334439,-0.2632032250,-0.2062106447,0.5440533010,1,0,0,0,0,0,0,0,0,0,0,0,0,0,1,1
3.1833333333,202.6286326578,-305.0236637170,6.1437325532,-0.9349587443,0.0050199029,-0.0231488522,6.3147488600,-8.5554812577,-0.0533800873,0.0666223859,0.0357562405,-0.0076687189,-1.5793233880,3.3326731519,-0.3620515860,-0.2655932395,-0.1735254427,0.4600725556,1,0,0,0,0,0,0,0,0,0,0,0,0,0,1,1
3.2000000000,202.7337366475,-305.1657324913,6.1445030823,-0.9338483712,0.0056158403,-0.0232766642,6.2883730863,-8.4999766385,-0.0593783560,0.0621958319,0.0328641498,-0.0000008430,-1.6238554199,3.3006602118,-0.3271681318,-0.2619654986,-1.8624840531,-1.4830717034,1,0,0,0,0,0,0,0,0,0,0,0,0,0,1,1
3.2166666667,202.8383888274,-305.3068842962,6.1452891722,-0.9328117740,0.0061635761,-0.0232766783,6.2612587304,-8.4450029809,-0.0647981395,0.0578297402,0.0018227489,-0.0247187047,-1.6659755654,3.2678081876,0.0031393800,-0.2575962203,-1.1746719615,2.1209774269,1,0,0,0,0,0,0,0,0,0,0,0,0,0,1,1
3.2333333333,202.9425772024,-305.4471278006,6.1447819460,-0.9318479450,0.0061939552,-0.0236886567,6.2334458219,-8.3905741448,-0.0647439852,0.0535364699,-0.0177551171,0.0106309191,-1.7071789365,3.2363297572,0.2080022174,-0.2533233595,1.4628976469,-0.8703513995,1,0,0,0,0,0,0,0,0,0,0,0,0,0,1,1
3.2500000000,203.0462907835,-305.5864723040,6.1431675506,-0.9309556705,0.0058980366,-0.0235114747,6.2049496145,-8.3366673251,-0.0612951208,0.0493144139,0.0066265103,-0.0038749376,-1.7487482646,3.2078834290,-0.0475481280,-0.2490400632,-0.1327918463,-0.2151691436,1,0,0,0,0,0,0,0,0,0,0,0,0,0,1,1
3.2666666667,203.1495187178,-305.7249265807,6.1418071853,-0.9301337636,0.0060084785,-0.0235760570,6.1757641014,-8.2832322311,-0.0620809317,0.0451637462,0.0044133129,-0.0074610900,-1.7880458853,3.1788968031,-0.0238654578,-0.2447586158,-0.2116918487,0.3508329897,1,0,0,0,0,0,0,0,0,0,0,0,0,0,1,1
3.2833333333,203.2522495904,-305.8624979545,6.1404412782,-0.9293810345,0.0060820337,-0.0237004085,6.1459269850,-8.2302777737,-0.0624742551,0.0410844359,0.0008851154,-0.0016138735,-1.8260421009,3.1506472105,0.0129086047,-0.2649826795,-0.0737556086,0.1142727796,1,0,0,0,0,0,0,0,0,0,0,0,0,0,1,1
3.3000000000,203.3544728790,-305.9991942579,6.1390633812,-0.9286962939,0.0060967856,-0.0237273064,6.1154598896,-8.1777917004,-0.0622582224,0.0366680579,-0.0003441447,0.0002906728,-1.8662344551,3.1208188339,0.0255661482,-0.2557051078,0.3596187613,1.1708768739,1,0,0,0,0,0,0,0,0,0,0,0,0,0,1,1
3.3166666667,203.4561775110,-306.1350238378,6.1376854724,-0.9280851596,0.0060910499,-0.0237224618,6.0843264851,-8.1258001230,-0.0618324657,0.0324063061,0.0056495013,0.0198052874,-1.9047494669,3.0927015302,-0.0353205525,-0.2446304512,0.3008617129,-0.9487306894,1,0,0,0,0,0,0,0,0,0,0,0,0,0,1,1
3.3333333333,203.5573529062,-306.2699946031,6.1370035017,-0.9275450545,0.0061852082,-0.0233923737,6.0525546243,-8.0742746455,-0.0624154655,0.0283291319,0.0106638632,0.0039931092,-1.9410829726,3.0660629401,-0.0852402382,-0.2321809195,-0.1447329323,0.5038976892,1,0,0,0,0,0,0,0,0,0,0,0,0,0,1,1
3.3500000000,203.6579889261,-306.4041138341,6.1366299366,-0.9270729023,0.0063629393,-0.0233258219,6.0201805130,-8.0231907278,-0.0638254220,0.0244594500,0.0082516476,0.0123914041,-1.9748450288,3.0406933911,-0.0597556959,-0.2201043521,-0.1953332519,0.3472986736,1,0,0,0,0,0,0,0,0,0,0,0,0,0,1,1
3.3666666667,203.7580760896,-306.5373883873,6.1359418999,-0.9266652448,0.0065004667,-0.0231192985,5.9872468086,-7.9725273000,-0.0648130596,0.0207910441,0.0049960934,0.0181797153,-2.0063755965,3.0168600068,-0.0262996570,-0.2064841271,-0.4498434930,-0.8509212602,1,0,0,0,0,0,0,0,0,0,0,0,0,0,1,1
3.3833333333,203.8576056783,-306.6698248852,6.1351098738,-0.9263187274,0.0065837349,-0.0228163032,5.9537905337,-7.9222588714,-0.0652463675,0.0173496420,-0.0025012981,0.0039976943,-2.0353850447,2.9945213829,0.0486042837,-0.1231595998,-0.1246023764,-0.2334994876,1,0,0,0,0,0,0,0,0,0,0,0,0,0,1,1
3.4000000000,203.9565696410,-306.8014294939,6.1339329474,-0.9260295667,0.0065420466,-0.0227496750,5.9198535077,-7.8723606436,-0.0644388092,0.0152969820,-0.0045780044,0.0001060362,-2.0531646736,2.9810445523,0.0687550488,0.0207475256,0.8030936510,-0.6060584104,1,0,0,0,0,0,0,0,0,0,0,0,0,0,1,1
3.4166666667,204.0549631952,-306.9322061363,6.1326660573,-0.9257746170,0.0064657466,-0.0227479077,5.8856217966,-7.8226857820,-0.0632974913,0.0156427741,0.0088068898,-0.0099949374,-2.0524733892,2.9826887016,-0.0628380320,0.0053524744,-0.1007313101,-0.0695955496,1,0,0,0,0,0,0,0,0,0,0,0,0,0,1,1
3.4333333333,204.1527867188,-307.0621546078,6.1314887065,-0.9255139041,0.0066125281,-0.0229144900,5.8514013837,-7.7729837992,-0.0643359431,0.0157319820,0.0071280346,-0.0111548632,-2.0532481972,2.9820248135,-0.0454288870,-0.0082314000,-0.9851346078,0.3762548205,1,0,0,0,0,0,0,0,0,0,0,0,0,0,1,1
3.4500000000,204.2500396907,-307.1912746868,6.1302811095,-0.9252517044,0.0067313286,-0.0231004044,5.8171679836,-7.7232929321,-0.0650859297,0.0155947920,-0.0092908755,-0.0048839495,-2.0552068487,2.9792681041,0.1141828945,-0.0205444745,0.2235924768,-0.2104332055,1,0,0,0,0,0,0,0,0,0,0,0,0,0,1,1
3.4666666667,204.3467214264,-307.3195669514,6.1290918908,-0.9249917912,0.0065764807,-0.0231818036,5.7829019852,-7.6736478420,-0.0631922159,0.0152523841,-0.0055643342,-0.0083911696,-2.0595106201,2.9763887610,0.0772516098,-0.0321408054,0.2915044347,0.3074188915,1,0,0,0,0,0,0,0,0,0,0,0,0,0,1,1
3.4833333333,204.4428311288,-307.4470327257,6.1280423428,-0.9247375848,0.0064837418,-0.0233216564,5.7485645489,-7.6240505565,-0.0619102795,0.0147167040,-0.0007059270,-0.0032675214,-2.0652698221,2.9724767764,0.0301906354,-0.0419446799,0.2036663620,0.2003029270,1,0,0,0,0,0,0,0,0,0,0,0,0,0,1,1
3.5000000000,204.5383671662,-307.5736730456,6.1271785850,-0.9244923064,0.0064719764,-0.0233761151,5.7141315786,-7.5745181771,-0.0614078115,0.0140176260,0.0026885124,0.0000708607,-2.0721273634,2.9676071879,-0.0021017682,-0.0512333952,0.4773639543,-0.1174026451,1,0,0,0,0,0,0,0,0,0,0,0,0,0,1,1
3.5166666667,204.6333275733,-307.6994891742,6.1264433271,-0.9242586793,0.0065167849,-0.0233749341,5.6795848914,-7.5250665541,-0.0614401398,0.0131637361,0.0106445783,-0.0018858500,-2.0802185786,2.9621586256,-0.0767902666,-0.0590662846,0.2852187095,-0.0135204328,1,0,0,0,0,0,0,0,0,0,0,0,0,0,1,1
3.5333333333,204.7277101237,-307.8244826408,6.1258889293,-0.9240392837,0.0066941945,-0.0234063649,5.6449040683,-7.4757052674,-0.0627092826,0.0121792980,0.0153982234,-0.0021111906,-2.0890510406,2.9559182064,-0.1200369758,-0.0661233599,-2.8014017347,-0.2840268572,1,0,0,0,0,0,0,0,0,0,0,0,0,0,1,1
3.5500000000,204.8215122555,-307.9486550221,6.1254373615,-0.9238362954,0.0069508316,-0.0234415514,5.6100768511,-7.4264474237,-0.0646944275,0.0110772420,-0.0312918055,-0.0068449715,-2.0966480675,2.9465224210,0.3163848043,-0.0720694763,0.4533369768,-1.5088025281,1,0,0,0,0,0,0,0,0,0,0,0,0,0,1,1
3.5666666667,204.9147312703,-308.0720081339,6.1240695539,-0.9236516747,0.0064293015,-0.0235556343,5.5751237105,-7.3773452579,-0.0594527845,0.0098760840,-0.0237361892,-0.0319916803,-2.1069423993,2.9395079029,0.2427598240,-0.0771386434,1.1177183262,1.5004304324,1,0,0,0,0,0,0,0,0,0,0,0,0,0,1,1
3.5833333333,205.0073653927,-308.1945453419,6.1226752496,-0.9234870733,0.0060336984,-0.0240888289,5.5399999979,-7.3283593229,-0.0554306355,0.0085904400,-0.0051075504,-0.0069845065,-2.1179824384,2.9325522162,0.0687381849,-0.0815230798,-0.9675943344,-1.2392277130,1,0,0,0,0,0,0,0,0,0,0,0,0,0,1,1
3.6000000000,205.0994115479,-308.3162685505,6.1213163149,-0.9233438993,0.0059485725,-0.0242052374,5.5046933884,-7.2794886341,-0.0542901307,0.0072317220,-0.0212341227,-0.0276383017,-2.1282009700,2.9237895132,0.2153027404,-0.0834472777,-0.5828343078,1.4862428950,1,0,0,0,0,0,0,0,0,0,0,0,0,0,1,1
3.6166666667,205.1908664048,-308.4371795225,6.1201215437,-0.9232233706,0.0055946705,-0.0246658758,5.4692175031,-7.2307630933,-0.0507230847,0.0058409340,-0.0309480278,-0.0028675868,-2.1387323438,2.9153660636,0.3008326107,-0.0837108019,1.5596806115,-0.3674628141,1,0,0,0,0,0,0,0,0,0,0,0,0,0,1,1
3.6333333333,205.2817272640,-308.5572808768,6.1189760833,-0.9231260217,0.0050788700,-0.0247136689,5.4335671831,-7.1821770659,-0.0457403020,0.0044457540,-0.0049533509,-0.0089919670,-2.1500906585,2.9083868190,0.0629691052,-0.0853513198,0.1562711955,0.4040203465,1,0,0,0,0,0,0,0,0,0,0,0,0,0,1,1
3.6500000000,205.3719913147,-308.6765749885,6.1181905486,-0.9230519258,0.0049963142,-0.0248635350,5.3977287625,-7.1337066282,-0.0446957936,0.0030232320,-0.0023488310,-0.0022582946,-2.1607405679,2.9004836864,0.0390819452,-0.0838220392,-0.8024334900,-0.3436681427,1,0,0,0,0,0,0,0,0,0,0,0,0,0,1,1
3.6666666667,205.4616552045,-308.7950635116,6.1173976727,-0.9230015386,0.0049571670,-0.0249011732,5.3617139905,-7.0853670568,-0.0440467877,0.0016261980,-0.0157227225,-0.0079860969,-2.1705868910,2.8923202695,0.1576338686,-0.0810691204,-0.1587678565,-0.3977517962,1,0,0,0,0,0,0,0,0,0,0,0,0,0,1,1
3.6833333333,205.5507160738,-308.9127485292,6.1164336068,-0.9229744353,0.0046951216,-0.0250342748,5.3255361927,-7.0371626431,-0.0414353531,0.0002750460,-0.0183688534,-0.0146152935,-2.1802169506,2.8849607430,0.1790897656,-0.0770651998,-0.1288166275,0.3441889204,1,0,0,0,0,0,0,0,0,0,0,0,0,0,1,1
3.7000000000,205.6391714322,-309.0296323117,6.1154861627,-0.9229698512,0.0043889740,-0.0252778631,5.2891989734,-6.9890800650,-0.0384689788,-0.0010093740,-0.0205157972,-0.0088788115,-2.1892100092,2.8781334950,0.1956891622,-0.0733197607,-0.2075363146,0.5323601141,1,0,0,0,0,0,0,0,0,0,0,0,0,0,1,1
3.7166666667,205.7270188081,-309.1457167724,6.1145552249,-0.9229866741,0.0040470441,-0.0254258433,5.2527128961,-6.9411104921,-0.0352281045,-0.0022313700,-0.0239747358,-0.0000061430,-2.1975716009,2.8717572070,0.2233281792,-0.0695365191,0.0084628231,-0.7304766627,1,0,0,0,0,0,0,0,0,0,0,0,0,0,1,1
3.7333333333,205.8142558880,-309.2610036768,6.1136446617,-0.9230238636,0.0036474652,-0.0254259456,5.2160884337,-6.8932464443,-0.0315300551,-0.0033903120,-0.0238336888,-0.0121807540,-2.2054058044,2.8659534399,0.2192211419,-0.0653767199,0.0121151738,0.0744955942,1,0,0,0,0,0,0,0,0,0,0,0,0,0,1,1
3.7500000000,205.9008805292,-309.3754946665,6.1125986223,-0.9230803688,0.0032502370,-0.0256289582,5.1793343375,-6.8454784335,-0.0279003149,-0.0044799240,-0.0236317692,-0.0109391608,-2.2125982161,2.8606349119,0.2146140390,-0.0611852418,0.7422375326,-0.1222472572,1,0,0,0,0,0,0,0,0,0,0,0,0,0,1,1
3.7666666667,205.9868907265,-309.4891911934,6.1110183462,-0.9231550342,0.0028563742,-0.0258112776,5.1424612463,-6.7977984116,-0.0243471571,-0.0054996780,-0.0112611437,-0.0129766151,-2.2193180479,2.8560055530,0.1063177324,-0.0565423179,0.9005940127,1.4008435381,1,0,0,0,0,0,0,0,0,0,0,0,0,0,1,1
3.7833333333,206.0722846500,-309.6020945774,6.1098762005,-0.9232466955,0.0026686885,-0.0260275545,5.1054769993,-6.7501949598,-0.0225865090,-0.0064420500,0.0037487566,0.0103707772,-2.2253663355,2.8518796646,-0.0220766855,-0.0528983999,0.1053177204,0.4093676805,1,0,0,0,0,0,0,0,0,0,0,0,0,0,1,1
3.8000000000,206.1570605625,-309.7142058772,6.1092441250,-0.9233540630,0.0027311677,-0.0258547082,5.0683927295,-6.7026597371,-0.0229506874,-0.0073236900,0.0055040519,0.0171935719,-2.2306856085,2.8479185378,-0.0363735600,-0.0478497628,0.0781938175,-0.3610549628,1,0,0,0,0,0,0,0,0,0,0,0,0,0,1,1
3.8166666667,206.2412168843,-309.8255260451,6.1085816078,-0.9234761245,0.0028229019,-0.0255681487,5.0312205146,-6.6551900028,-0.0235513835,-0.0081211860,0.0068072822,0.0111759892,-2.2353143630,2.8444726075,-0.0465838135,-0.0443113170,0.1649358025,-0.6742809241,1,0,0,0,0,0,0,0,0,0,0,0,0,0,1,1
3.8333333333,206.3247523285,-309.9360560252,6.1078897051,-0.9236114776,0.0029363566,-0.0253818822,4.9939717953,-6.6077772207,-0.0243209410,-0.0088597080,0.0095562122,-0.0000620262,-2.2394638919,2.8414419333,-0.0685310447,-0.0398365199,-0.0691109601,-0.1350582325,1,0,0,0,0,0,0,0,0,0,0,0,0,0,1,1
3.8500000000,206.4076657448,-310.0457966534,6.1071435669,-0.9237591394,0.0030956268,-0.0253829159,4.9566545170,-6.5604145128,-0.0254535238,-0.0095236500,0.0084043629,-0.0023129967,-2.2429612057,2.8387869114,-0.0579062704,-0.0359085636,-0.4118145813,-0.1987061813,1,0,0,0,0,0,0,0,0,0,0,0,0,0,1,1
3.8666666667,206.4899561399,-310.1547486285,6.1063506395,-0.9239178669,0.0032356996,-0.0254214659,4.9192794811,-6.5130956515,-0.0264101844,-0.0101221260,0.0015407865,-0.0056247664,-2.2458427095,2.8364021629,-0.0008721036,-0.0314791163,-0.1233810137,-1.9460875564,1,0,0,0,0,0,0,0,0,0,0,0,0,0,1,1
3.8833333333,206.5716226963,-310.2629125813,6.1052267669,-0.9240865690,0.0032613793,-0.0255152120,4.8818568871,-6.4658161567,-0.0264231714,-0.0106467780,-0.0005155637,-0.0380595590,-2.2482369292,2.8345443230,0.0159734453,-0.0278485199,0.1265634382,2.1294235151,1,0,0,0,0,0,0,0,0,0,0,0,0,0,1,1
3.9000000000,206.6526647993,-310.3702890884,6.1044404600,-0.9242640153,0.0032527866,-0.0261495380,4.8443948086,-6.4185673062,-0.0261574653,-0.0111109200,0.0015938269,-0.0025691671,-2.2502345948,2.8331261472,-0.0010516182,-0.0236509241,-0.4355282643,-0.1964940154,1,0,0,0,0,0,0,0,0,0,0,0,0,0,1,1
3.9166666667,206.7330819262,-310.4768785794,6.1048121771,-0.9244491973,0.0032793504,-0.0261923574,4.8068998126,-6.3713418173,-0.0261733910,-0.0115051020,-0.0056649775,-0.0058440674,-2.2515736363,2.8319014741,0.0570733263,-0.0200458758,-0.8962684513,1.4569149328,1,0,0,0,0,0,0,0,0,0,0,0,0,0,1,1
3.9333333333,206.8128736596,-310.5826813283,6.1046148419,-0.9246409490,0.0031849341,-0.0262897585,4.7693828016,-6.3241364829,-0.0252278603,-0.0118392000,-0.0206027850,0.0184378482,-2.2523826702,2.8308826374,0.1747114854,-0.0170722800,1.1436070638,-2.4368431375,1,0,0,0,0,0,0,0,0,0,0,0,0,0,1,1
3.9500000000,206.8920397782,-310.6876976188,6.1036712767,-0.9248382690,0.0028415543,-0.0259824611,4.7318525511,-6.2769478956,-0.0223367012,-0.0121237380,-0.0015426672,-0.0221762041,-2.2533179732,2.8307787391,0.0224070468,-0.0130071644,0.9359258259,1.1038825640,1,0,0,0,0,0,0,0,0,0,0,0,0,0,1,1
3.9666666667,206.9705802168,-310.7919277337,6.1032879965,-0.9250403313,0.0028158432,-0.0263520645,4.6943069762,-6.2297609152,-0.0219648003,-0.0123405240,0.0140560965,-0.0037781614,-2.2537272198,2.8309408522,-0.0994594220,-0.0101501955,-0.0194241372,-1.5100966698,1,0,0,0,0,0,0,0,0,0,0,0,0,0,1,1
3.9833333333,207.0484947720,-310.8953715055,6.1036527613,-0.9252460067,0.0030501115,-0.0264150338,4.6567547827,-6.1825711394,-0.0236083352,-0.0125096940,0.0137323609,-0.0289464392,-2.2536041161,2.8310741811,-0.0952584470,-0.0066564000,-0.2270936887,1.4069015457,1,0,0,0,0,0,0,0,0,0,0,0,0,0,1,1
4.0000000000,207.1257833600,-310.9980287390,6.1037158241,-0.9254545016,0.0032789842,-0.0268974745,4.6192047811,-6.1353790450,-0.0251821791,-0.0126206340,0.0099474661,-0.0054980801,-2.2530425840,2.8314195270,-0.0645366076,-0.0039074446,-0.1199752885,-0.5759864473,1,0,0,0,0,0,0,0,0,0,0,0,0,0,1,1
4.0166666667,207.2024461216,-311.0998993162,6.1030566517,-0.9256648455,0.0034447753,-0.0269891092,4.5816642222,-6.0881811209,-0.0262477948,-0.0126857581,0.0079478779,-0.0150978542,-2.2522077666,2.8320155567,-0.0480983863,-0.0009745154,0.2654213851,1.0158897715,1,0,0,0,0,0,0,0,0,0,0,0,0,0,1,1
4.0333333333,207.2784833103,-311.2009830985,6.1025729346,-0.9258762748,0.0035772399,-0.0272407401,4.5441376267,-6.0409732204,-0.0270414493,-0.0127020000,0.0123715677,0.0018336419,-2.2511739343,2.8329814415,-0.0805800350,0.0015332400,0.3339682404,0.1274432846,1,0,0,0,0,0,0,0,0,0,0,0,0,0,1,1
4.0500000000,207.3538952469,-311.3012798634,6.1024412703,-0.9260879748,0.0037834327,-0.0272101794,4.5066282885,-5.9937492302,-0.0283720204,-0.0126764460,0.0179377050,0.0039576967,-2.2499182409,2.8341787221,-0.1208302078,0.0042274755,0.0357229050,-0.0049969989,1,0,0,0,0,0,0,0,0,0,0,0,0,0,1,1
4.0666666667,207.4286822696,-311.4007892634,6.1024280804,-0.9262992489,0.0040823945,-0.0271442178,4.4691398741,-5.9465053222,-0.0303678355,-0.0126059881,0.0185330868,0.0038744134,-2.2483198772,2.8354685586,-0.1231027828,0.0060602445,0.6951171699,-0.2353677400,1,0,0,0,0,0,0,0,0,0,0,0,0,0,1,1
4.0833333333,207.5028447710,-311.4995108740,6.1024336301,-0.9265093487,0.0043912792,-0.0270796442,4.4316780480,-5.8992399669,-0.0324009278,-0.0125049840,0.0301183730,-0.0000483823,-2.2467863754,2.8371989336,-0.2063471017,0.0086324400,-0.0147335953,0.0000377022,1,0,0,0,0,0,0,0,0,0,0,0,0,0,1,1
4.1000000000,207.5763832320,-311.5974442874,6.1026877736,-0.9267177651,0.0048932521,-0.0270804506,4.3942417392,-5.8519458863,-0.0358097853,-0.0123611100,0.0298728130,-0.0000477539,-2.2448003582,2.8388190666,-0.2009147657,0.0105616756,-0.3050322946,-0.5116051444,1,0,0,0,0,0,0,0,0,0,0,0,0,0,1,1
4.1166666667,207.6492980722,-311.6945888807,6.1029405318,-0.9269237836,0.0053911323,-0.0270812465,4.3568384242,-5.8046249025,-0.0391283505,-0.0121850820,0.0247889415,-0.0085745063,-2.2425215418,2.8403945094,-0.1604086188,0.0121104044,-0.5348692227,0.3492448196,1,0,0,0,0,0,0,0,0,0,0,0,0,0,1,1
4.1333333333,207.7215898758,-311.7909441538,6.1029712635,-0.9271268683,0.0058042814,-0.0272241549,4.3194729398,-5.7572777567,-0.0417769217,-0.0119832420,0.0158744544,-0.0027537593,-2.2399924198,2.8418927036,-0.0932635141,0.0144075600,-0.6142780443,-0.7597315187,1,0,0,0,0,0,0,0,0,0,0,0,0,0,1,1
4.1500000000,207.7932593278,-311.8865096686,6.1026053658,-0.9273265890,0.0060688556,-0.0272700509,4.2821494213,-5.7099057308,-0.0433153640,-0.0117431160,0.0056364870,-0.0154159513,-2.2372127179,2.8434509114,-0.0182749780,0.0154803558,-0.9047439223,1.5475284887,1,0,0,0,0,0,0,0,0,0,0,0,0,0,1,1
4.1666666667,207.8643072378,-311.9812850460,6.1021374702,-0.9275223076,0.0061627971,-0.0275269834,4.2448720028,-5.6625078324,-0.0436142837,-0.0114851100,-0.0094425784,0.0103761902,-2.2342358802,2.8448843229,0.0891183013,0.0171122441,0.2715432513,1.5196257228,1,0,0,0,0,0,0,0,0,0,0,0,0,0,1,1
4.1833333333,207.9347344670,-312.0752699376,6.1015311317,-0.9277137261,0.0060054208,-0.0273540469,4.2076439360,-5.6150861262,-0.0421384655,-0.0111999060,-0.0049168575,0.0357032855,-2.2316581494,2.8470902742,0.0562204083,0.0180795600,0.0029233490,-0.0182506315,1,0,0,0,0,0,0,0,0,0,0,0,0,0,1,1
4.2000000000,208.0045419771,-312.1684640613,6.1007546873,-0.9279003912,0.0059234731,-0.0267589922,4.1704586219,-5.5676278523,-0.0412063986,-0.0108985800,-0.0048681350,0.0353991084,-2.2289132979,2.8491744612,0.0552890601,0.0193906762,0.2504051811,-1.3956853629,1,0,0,0,0,0,0,0,0,0,0,0,0,0,1,1
4.2166666667,208.0737304636,-312.2608667536,6.0999855209,-0.9280820342,0.0058423375,-0.0261690070,4.1622231410,-5.5587373671,-0.0405715521,-0.0105754020,-0.0006947153,0.0121376856,-0.4923378118,0.5350005862,0.0090504739,0.0200473238,0.1353992048,-0.7339170162,1,0,0,0,0,0,0,0,0,0,0,0,0,0,1,1
4.2333333333,208.1430833357,-312.3535230218,6.0990464130,-0.9282582909,0.0058307590,-0.0259667123,4.1612435926,-5.5594712763,-0.0404911476,-0.0102412800,0.0015619381,-0.0000942646,-0.0569777178,-0.0425608413,-0.0108474900,0.0210873600,0.0317026802,-0.0657824493,1,0,0,0,0,0,0,0,0,0,0,0,0,0,1,1
4.2500000000,208.2124204001,-312.4461911371,6.0980210845,-0.9284289789,0.0058567913,-0.0259682833,4.1602939640,-5.5601806237,-0.0406719391,-0.0098898240,0.0020903161,-0.0011906388,-0.0550436525,-0.0410717391,-0.0145165560,0.0213868765,0.4059342807,-0.6097451089,1,0,0,0,0,0,0,0,0,0,0,0,0,0,1,1
4.2666666667,208.2817421678,-312.5388706517,6.0969963984,-0.9285938093,0.0058916299,-0.0259881273,4.1593765698,-5.5608651527,-0.0409138817,-0.0095333760,0.0088558874,-0.0113530573,-0.0532366874,-0.0393548626,-0.0615023102,0.0221835634,0.3584063985,0.4868439067,1,0,0,0,0,0,0,0,0,0,0,0,0,0,1,1
4.2833333333,208.3510491814,-312.6315611436,6.0959735200,-0.9287526989,0.0060392280,-0.0261773449,4.1584892917,-5.5615210671,-0.0419389202,-0.0091636500,0.0148293274,-0.0032389922,-0.0513467153,-0.0375947167,-0.1029794458,0.0226980000,0.1804227302,-1.9778571888,1,0,0,0,0,0,0,0,0,0,0,0,0,0,1,1
4.3000000000,208.4203419149,-312.7242620544,6.0950055079,-0.9289054264,0.0062863834,-0.0262313281,4.1576335131,-5.5621476457,-0.0436552443,-0.0087853500,0.0178363729,-0.0362032786,-0.0493451812,-0.0358842009,-0.1238590378,0.0233193569,-0.2577682584,2.8349633953,1,0,0,0,0,0,0,0,0,0,0,0,0,0,1,1
4.3166666667,208.4896208631,-312.8169728279,6.0950159633,-0.9290518489,0.0065836563,-0.0268347161,4.1568110934,-5.5627457157,-0.0457195616,-0.0083966940,0.0135402353,0.0110461113,-0.0470879694,-0.0343957573,-0.0940281364,0.0235969230,-0.1923750505,0.3968561055,1,0,0,0,0,0,0,0,0,0,0,0,0,0,1,1
4.3333333333,208.5588865721,-312.9096929427,6.0952175437,-0.9291917938,0.0068093269,-0.0266506143,4.1560262939,-5.5633189783,-0.0472866972,-0.0080034120,0.0103339844,0.0176603797,-0.0448238720,-0.0328629692,-0.0717610018,0.0240721200,-0.0513236647,-0.1110933249,1,0,0,0,0,0,0,0,0,0,0,0,0,0,1,1
4.3500000000,208.6281397023,-313.0024220139,6.0952935741,-0.9293251840,0.0069815600,-0.0263562746,4.1552792294,-5.5638666945,-0.0484827139,-0.0076022100,0.0094785900,0.0158088243,-0.0425776918,-0.0312142141,-0.0658204379,0.0248738374,-0.4327095334,-0.9273677802,1,0,0,0,0,0,0,0,0,0,0,0,0,0,1,1
4.3666666667,208.6973809184,-313.0951596388,6.0953596655,-0.9294518875,0.0071395365,-0.0260927942,4.1545696012,-5.5643869314,-0.0495797212,-0.0071876460,0.0022667644,0.0003526946,-0.0400640557,-0.0297689074,-0.0157397462,0.0250909225,0.0164838694,-0.0159700911,1,0,0,0,0,0,0,0,0,0,0,0,0,0,1,1
4.3833333333,208.7666108710,-313.1879053526,6.0950562047,-0.9295716816,0.0071773159,-0.0260869159,4.1539018669,-5.5648830798,-0.0498420503,-0.0067694640,0.0025414956,0.0000865264,-0.0377488343,-0.0280157307,-0.0176488919,0.0254332799,-0.3035729260,-0.3028547233,1,0,0,0,0,0,0,0,0,0,0,0,0,0,1,1
4.4000000000,208.8358303209,-313.2806588247,6.0947530926,-0.9296845060,0.0072196741,-0.0260854738,4.1532727197,-5.5653500087,-0.0501361985,-0.0063455760,-0.0025180532,-0.0049610523,-0.0352414836,-0.0264539491,0.0174866579,0.0253724378,-0.7220516744,0.0244225736,1,0,0,0,0,0,0,0,0,0,0,0,0,0,1,1
4.4166666667,208.9050399186,-313.3734195603,6.0942645497,-0.9297902656,0.0071777066,-0.0261681580,4.1526853616,-5.5657909078,-0.0498447542,-0.0059227020,-0.0145522477,-0.0045540094,-0.0325393529,-0.0251650764,0.1010553603,0.0259754421,-0.1463190623,0.0132738928,1,0,0,0,0,0,0,0,0,0,0,0,0,0,1,1
4.4333333333,208.9742404022,-313.4661871851,6.0933422564,-0.9298889773,0.0069351691,-0.0262440582,4.1521430391,-5.5662103258,-0.0481604982,-0.0054897780,-0.0169908988,-0.0043327778,-0.0300790778,-0.0234354929,0.1179880137,0.0263001599,0.5688405431,0.1345237297,1,0,0,0,0,0,0,0,0,0,0,0,0,0,1,1
4.4500000000,209.0434326334,-313.5589614568,6.0923564357,-0.9299804736,0.0066519875,-0.0263162712,4.1516417211,-5.5666009173,-0.0461940313,-0.0050514420,-0.0075102231,-0.0020907157,-0.0279147875,-0.0212460972,0.0521557319,0.0264412783,-0.1086438529,1.3776544525,1,0,0,0,0,0,0,0,0,0,0,0,0,0,1,1
4.4666666667,209.1126173199,-313.6517419106,6.0917626368,-0.9300646643,0.0065268171,-0.0263511164,4.1511764747,-5.5669550190,-0.0453247691,-0.0046107540,-0.0093209539,0.0208701919,-0.0254190682,-0.0194737313,0.0647279162,0.0265644016,0.0006687742,0.0001839564,1,0,0,0,0,0,0,0,0,0,0,0,0,0,1,1
4.4833333333,209.1817949915,-313.7445278355,6.0909123583,-0.9301415102,0.0063714679,-0.0260032799,4.1507528235,-5.5672795811,-0.0442459705,-0.0041680140,-0.0093098077,0.0208732578,-0.0229619359,-0.0176258434,0.0646501139,0.0271079999,-0.0865461808,-0.4955069803,1,0,0,0,0,0,0,0,0,0,0,0,0,0,1,1
4.5000000000,209.2509663550,-313.8373187499,6.0900622788,-0.9302109771,0.0062163044,-0.0256553923,4.1503701246,-5.5675733452,-0.0431684686,-0.0037162140,-0.0107522440,0.0126148081,-0.0204173866,-0.0157898178,0.0746670598,0.0269337588,-0.1367481257,-0.7584983507,1,0,0,0,0,0,0,0,0,0,0,0,0,0,1,1
4.5166666667,209.3201321063,-313.9301141296,6.0890795182,-0.9302729140,0.0060371003,-0.0254451455,4.1500298348,-5.5678365088,-0.0419240176,-0.0032673180,-0.0130313795,-0.0000268310,-0.0178716494,-0.0139891363,0.0904944663,0.0271328411,0.0006750218,0.0002026806,1,0,0,0,0,0,0,0,0,0,0,0,0,0,1,1
4.5333333333,209.3892929570,-314.0229134812,6.0878919391,-0.9303273693,0.0058199107,-0.0254455926,4.1497319740,-5.5680696611,-0.0404157765,-0.0028151040,-0.0130201291,-0.0000234530,-0.0153664012,-0.0120956410,0.0904159918,0.0271587599,0.1018048358,-0.0778972916,1,0,0,0,0,0,0,0,0,0,0,0,0,0,1,1
4.5500000000,209.4584496309,-314.1157163148,6.0867044994,-0.9303742877,0.0056029085,-0.0254459835,4.1494758673,-5.5682712551,-0.0389088433,-0.0023624580,-0.0113233818,-0.0013217412,-0.0128961619,-0.0101500234,0.0786336959,0.0273185993,0.1323338306,0.0578100175,1,0,0,0,0,0,0,0,0,0,0,0,0,0,1,1
4.5666666667,209.5276028221,-314.2085221014,6.0855441062,-0.9304136620,0.0054141855,-0.0254680126,4.1492609313,-5.5684404222,-0.0375982817,-0.0019071480,-0.0091178180,-0.0003582409,-0.0104180245,-0.0081841307,0.0633165721,0.0274518006,0.5890698632,-1.0083428584,1,0,0,0,0,0,0,0,0,0,0,0,0,0,1,1
4.5833333333,209.5967532080,-314.3013302807,6.0844187529,-0.9304454478,0.0052622219,-0.0254739832,4.1490872975,-5.5685768243,-0.0365430055,-0.0014496180,0.0007000130,-0.0171639552,-0.0080877049,-0.0059939573,-0.0048632639,0.0271976399,0.5218178881,1.6455913392,1,0,0,0,0,0,0,0,0,0,0,0,0,0,1,1
4.6000000000,209.6659014630,-314.3941402795,6.0837956410,-0.9304696081,0.0052738887,-0.0257600492,4.1489525025,-5.5686767237,-0.0366240599,-0.0009963240,0.0093969779,0.0102625671,-0.0057569183,-0.0038535649,-0.0652595339,0.0276861598,-0.3826242387,1.0253829788,1,0,0,0,0,0,0,0,0,0,0,0,0,0,1,1
4.6166666667,209.7350481682,-314.4869514152,6.0836203832,-0.9304862135,0.0054305050,-0.0255890064,4.1488565538,-5.5687409497,-0.0377117188,-0.0005348880,0.0030199072,0.0273522834,-0.0030470202,-0.0021274285,-0.0209686862,0.0275338801,0.0006517352,0.0001932314,1,0,0,0,0,0,0,0,0,0,0,0,0,0,1,1
4.6333333333,209.8041939311,-314.5797630134,6.0830858007,-0.9304951283,0.0054808368,-0.0251331350,4.1488057701,-5.5687764068,-0.0380611969,-0.0000759900,0.0030307695,0.0273555039,-0.0004923816,-0.0002223131,-0.0210466619,0.0273128399,-0.4640104366,-1.2441798449,1,0,0,0,0,0,0,0,0,0,0,0,0,0,1,1
4.6500000000,209.8733395375,-314.6725746465,6.0825511959,-0.9304963948,0.0055313497,-0.0246772099,4.1487975638,-5.5687801121,-0.0384119746,0.0003792240,-0.0047027378,0.0066191732,0.0022189799,0.0014294882,0.0326597759,0.0276836402,-0.1489376448,-0.3968305493,1,0,0,0,0,0,0,0,0,0,0,0,0,0,1,1
4.6666666667,209.9424856921,-314.7653857909,6.0815806844,-0.9304900744,0.0054529707,-0.0245668904,4.1488345468,-5.5687562873,-0.0378676450,0.0008406180,-0.0071850319,0.0000053307,0.0048419233,0.0032718103,0.0498959101,0.0273506396,0.0196439104,-0.3146633583,1,0,0,0,0,0,0,0,0,0,0,0,0,0,1,1
4.6833333333,210.0116332074,-314.8581960482,6.0804704917,-0.9304760641,0.0053332202,-0.0245668015,4.1489152455,-5.5687017571,-0.0370360465,0.0012964620,-0.0068576334,-0.0052390586,0.0073697012,0.0051775217,0.0476229659,0.0275486399,0.1809167296,-1.2923358397,1,0,0,0,0,0,0,0,0,0,0,0,0,0,1,1
4.7000000000,210.0807828165,-314.9510049295,6.0793068373,-0.9304544564,0.0052189263,-0.0246541192,4.1490380738,-5.5686154650,-0.0362423304,0.0017556060,-0.0038423546,-0.0267779893,0.0098588768,0.0071732470,0.0266817540,0.0274968007,0.1992718352,1.3417118384,1,0,0,0,0,0,0,0,0,0,0,0,0,0,1,1
4.7166666667,210.1499352246,-315.0438118993,6.0778135921,-0.9304251963,0.0051548870,-0.0251004190,4.1492023885,-5.5684959110,-0.0357976345,0.0022138860,-0.0005211573,-0.0044161253,0.0123389658,0.0091711357,0.0036172620,0.0272192392,0.0430017078,-1.5285637918,1,0,0,0,0,0,0,0,0,0,0,0,0,0,1,1
4.7333333333,210.2190911039,-315.1366163810,6.0761418492,-0.9303882982,0.0051462011,-0.0251740211,4.1494080379,-5.5683430587,-0.0357373468,0.0026675400,0.0001955378,-0.0298921885,0.0148493608,0.0110746522,-0.0013580880,0.0274676399,0.2454869413,2.3399612697,1,0,0,0,0,0,0,0,0,0,0,0,0,0,1,1
4.7500000000,210.2882511144,-315.2294177944,6.0753094696,-0.9303438392,0.0051494600,-0.0256722242,4.1496555272,-5.5681584811,-0.0357599816,0.0031253340,0.0042869868,0.0091071660,0.0173097563,0.0130932828,-0.0297709139,0.0272408412,0.1288842674,0.2448826545,1,0,0,0,0,0,0,0,0,0,0,0,0,0,1,1
4.7666666667,210.3574159564,-315.3222156022,6.0748295483,-0.9302917503,0.0052209098,-0.0255204381,4.1499440232,-5.5679402598,-0.0362561635,0.0035793480,0.0064350580,0.0131885436,0.0197882690,0.0150436575,-0.0446875862,0.0272451587,0.0846322732,-0.1795135980,1,0,0,0,0,0,0,0,0,0,0,0,0,0,1,1
4.7833333333,210.4265862839,-315.4150092167,6.0743838457,-0.9302320945,0.0053281608,-0.0253006291,4.1502738277,-5.5676895322,-0.0370009566,0.0040334340,0.0078455959,0.0101966503,0.0222807025,0.0169762045,-0.0544842479,0.0273844799,0.2741249131,-0.5850501162,1,0,0,0,0,0,0,0,0,0,0,0,0,0,1,1
4.8000000000,210.4957627700,-315.5077980744,6.0739683653,-0.9301648706,0.0054589207,-0.0251306849,4.1506451727,-5.5674065954,-0.0379090274,0.0044898420,0.0124143444,0.0004458150,0.0247094545,0.0190211365,-0.0862111139,0.0270612017,-0.0152643496,-0.0209069805,1,0,0,0,0,0,0,0,0,0,0,0,0,0,1,1
4.8166666667,210.5649461017,-315.6005816243,6.0735429533,-0.9300900399,0.0056658265,-0.0251232546,4.1510569969,-5.5670895764,-0.0393458793,0.0049408620,0.0121599386,0.0000973653,0.0272142193,0.0209013185,-0.0844426263,0.0266799582,0.0313539191,0.3534556868,1,0,0,0,0,0,0,0,0,0,0,0,0,0,1,1
4.8333333333,210.6341369154,-315.6933592651,6.0731040311,-0.9300076922,0.0058684921,-0.0251216319,4.1515105673,-5.5667412212,-0.0407532564,0.0053855280,0.0126825039,0.0059882934,0.0296642342,0.0227811655,-0.0880714198,0.0272746799,0.0686381246,-0.0511504952,1,0,0,0,0,0,0,0,0,0,0,0,0,0,1,1
4.8500000000,210.7033358938,-315.7861304764,6.0727464233,-0.9299179334,0.0060798672,-0.0250218270,4.1520049712,-5.5663615351,-0.0422211134,0.0058401060,0.0138264726,0.0051357852,0.0321512740,0.0247264985,-0.0960151319,0.0267105622,-0.0524755753,-0.3262149116,1,0,0,0,0,0,0,0,0,0,0,0,0,0,1,1
4.8666666667,210.7725437269,-315.8788947175,6.0725565188,-0.9298205983,0.0063103084,-0.0249362306,4.1525408257,-5.5659494267,-0.0438213656,0.0062852820,0.0129518797,-0.0003011300,0.0346369469,0.0265643864,-0.0899418663,0.0268419577,-0.2461687941,0.0358176517,1,0,0,0,0,0,0,0,0,0,0,0,0,0,1,1
4.8833333333,210.8417610804,-315.9716514452,6.0724077061,-0.9297158436,0.0065261730,-0.0249412494,4.1531181082,-5.5655066870,-0.0453203967,0.0067326480,0.0088490665,0.0002958308,0.0372264376,0.0282885937,-0.0614489399,0.0265132799,-0.2025076992,0.3706876022,1,0,0,0,0,0,0,0,0,0,0,0,0,0,1,1
4.9000000000,210.9109886490,-316.0644001465,6.0721644600,-0.9296036328,0.0066736575,-0.0249363189,4.1537385488,-5.5650352104,-0.0463445457,0.0071745360,0.0054739382,0.0064739575,0.0397719754,0.0300082114,-0.0380115539,0.0267919227,0.0006465304,0.0001144799,1,0,0,0,0,0,0,0,0,0,0,0,0,0,1,1
4.9166666667,210.9802271728,-316.1571403888,6.0717724199,-0.9294840572,0.0067648898,-0.0248284196,4.1544014151,-5.5645350736,-0.0469780716,0.0076210680,0.0054847137,0.0064758655,0.0422504591,0.0318714949,-0.0380874241,0.0266691572,-0.0550217941,-0.2458033987,1,0,0,0,0,0,0,0,0,0,0,0,0,0,1,1
4.9333333333,211.0494773918,-316.2498717238,6.0713800067,-0.9293570394,0.0068563017,-0.0247204885,4.1551055894,-5.5640038820,-0.0476128620,0.0080655540,0.0045676838,0.0023791422,0.0447436597,0.0336914528,-0.0317188560,0.0260344799,-0.0919735183,-0.2088236274,1,0,0,0,0,0,0,0,0,0,0,0,0,0,1,1
4.9500000000,211.1187399884,-316.3425936318,6.0709161274,-0.9292226135,0.0069324297,-0.0246808361,4.1558513170,-5.5634423577,-0.0481415096,0.0084994620,0.0030347918,-0.0011012516,0.0471960082,0.0354433249,-0.0210740159,0.0264736832,0.0046429956,0.0086771371,1,0,0,0,0,0,0,0,0,0,0,0,0,0,1,1
4.9666666667,211.1880156464,-316.4353056299,6.0703725713,-0.9290809558,0.0069830096,-0.0246991903,4.1566379172,-5.5628516357,-0.0484927432,0.0089406900,0.0031121751,-0.0009566326,0.0496422602,0.0372882362,-0.0216118261,0.0264265167,-0.0460438112,-0.0998149256,1,0,0,0,0,0,0,0,0,0,0,0,0,0,1,1
4.9833333333,211.2573050710,-316.5280072406,6.0698285900,-0.9289319443,0.0070348792,-0.0247151342,4.1574652882,-5.5622301651,-0.0488529403,0.0093811320,0.0023447782,-0.0026202147,0.0521081667,0.0390977902,-0.0162824640,0.0260809199,-0.0908514461,0.1467605363,1,0,0,0,0,0,0,0,0,0,0,0,0,0,1,1
5.0000000000,211.3266089375,-316.6206979475,6.0692217509,-0.9287755921,0.0070739588,-0.0247588044,4.1583337576,-5.5615785352,-0.0491243147,0.0098158140,0.0008305874,-0.0001742058,0.0545636473,0.0408546240,-0.0057674519,0.0259052436,-0.0854644623,-0.2330111038,1,0,0,0,0,0,0,0,0,0,0,0,0,0,1,1
5.0166666667,211.3959279287,-316.7133772642,6.0685381884,-0.9286119952,0.0070878019,-0.0247617079,4.1592431518,-5.5608976249,-0.0492204389,0.0102475680,-0.0005938203,-0.0040577242,0.0569995270,0.0426035932,0.0041240220,0.0261028763,-0.1480894138,0.3218676603,1,0,0,0,0,0,0,0,0,0,0,0,0,0,1,1
5.0333333333,211.4652627353,-316.8060447239,6.0678772632,-0.9284412024,0.0070779049,-0.0248293366,4.1601931439,-5.5601875650,-0.0491517052,0.0106826160,-0.0030619772,0.0013067368,0.0594832481,0.0443269683,0.0212637839,0.0259109999,-0.0404941420,0.0881766501,1,0,0,0,0,0,0,0,0,0,0,0,0,0,1,1
5.0500000000,211.5346140483,-316.8986998487,6.0672188672,-0.9282631588,0.0070268720,-0.0248075577,4.1611845313,-5.5594487821,-0.0487973088,0.0111144660,-0.0037368795,0.0027763477,0.0618948255,0.0461097477,0.0259500720,0.0258008440,-0.0066314260,0.0156979521,1,0,0,0,0,0,0,0,0,0,0,0,0,0,1,1
5.0666666667,211.6039825737,-316.9913421920,6.0665256529,-0.9280779177,0.0069645907,-0.0247612852,4.1622161118,-5.5586802864,-0.0483648076,0.0115444800,-0.0038474033,0.0030379802,0.0642785009,0.0479085507,0.0267173941,-0.0145620040,-0.0760636093,-0.1062431628,1,0,0,0,0,0,0,0,0,0,0,0,0,0,1,1
5.0833333333,211.6733689843,-317.0839712689,6.0658318858,-0.9278855097,0.0069004673,-0.0247106522,4.1632874201,-5.5578818105,-0.0479195177,0.0113017800,-0.0051151301,0.0012672608,0.0629556057,0.0468635341,0.0355210559,-0.0209570400,-0.0140198508,-0.0290139006,1,0,0,0,0,0,0,0,0,0,0,0,0,0,1,1
5.1000000000,211.7427729023,-317.1765873550,6.0650853670,-0.9276971467,0.0068152151,-0.0246895312,4.1643366802,-5.5571007516,-0.0473275001,0.0109524960,-0.0053487943,0.0007836958,0.0610108143,0.0454142154,0.0371435819,-0.0061851561,-0.1288028338,-0.2754080131,1,0,0,0,0,0,0,0,0,0,0,0,0,0,1,1
5.1166666667,211.8121938067,-317.2691908787,6.0643270741,-0.9275146051,0.0067260685,-0.0246764696,4.1653535271,-5.5563438480,-0.0467084404,0.0108494100,-0.0074955082,-0.0038064377,0.0604870574,0.0449195886,0.0520503664,0.0066391161,-0.6068446460,-0.6285697599,1,0,0,0,0,0,0,0,0,0,0,0,0,0,1,1
5.1333333333,211.8816315395,-317.3617819615,6.0634698062,-0.9273337816,0.0066011434,-0.0247399102,4.1663616448,-5.5555951883,-0.0458409343,0.0109600620,-0.0176095856,-0.0142826004,0.0613591927,0.0450377669,0.1222890057,0.0191102400,-0.2810640794,0.6209458025,1,0,0,0,0,0,0,0,0,0,0,0,0,0,1,1
5.1500000000,211.9510862993,-317.4543605110,6.0621143601,-0.9271511139,0.0063076503,-0.0249779536,4.1673842979,-5.5548445587,-0.0438027842,0.0112785660,-0.0222939870,-0.0039335037,0.0632151453,0.0462499833,0.1548125877,0.0287920842,0.9819822539,-0.5381760935,1,0,0,0,0,0,0,0,0,0,0,0,0,0,1,1
5.1666666667,212.0205587237,-317.5469263538,6.0605201801,-0.9269631378,0.0059360839,-0.0250435120,4.1684378837,-5.5540737257,-0.0412225744,0.0117584340,-0.0059276161,-0.0129031052,0.0654479320,0.0488269352,0.0411650944,0.0374327957,0.1284300205,1.3699026887,1,0,0,0,0,0,0,0,0,0,0,0,0,0,1,1
5.1833333333,212.0900496042,-317.6394790029,6.0597045475,-0.9267671639,0.0058372903,-0.0252585637,4.1695286826,-5.5532599435,-0.0405364895,0.0123823140,-0.0037871157,0.0099286062,0.0688485875,0.0515134271,0.0262989539,0.0609577199,-0.0546768558,0.1204608044,1,0,0,0,0,0,0,0,0,0,0,0,0,0,1,1
5.2000000000,212.1595596635,-317.7320174149,6.0589774139,-0.9265607920,0.0057741717,-0.0250930869,4.1706761590,-5.5524013863,-0.0400981736,0.0133982760,-0.0046983966,0.0119362863,0.0744987629,0.0557385759,0.0326274600,0.0865209652,-0.2145749568,0.1975913551,1,0,0,0,0,0,0,0,0,0,0,0,0,0,1,1
5.2166666667,212.2290904363,-317.8245403705,6.0582028151,-0.9263374874,0.0056958650,-0.0248941488,4.1719178051,-5.5514724101,-0.0395543826,0.0148402921,-0.0082746459,0.0152294756,0.0825721206,0.0616642319,0.0574607522,0.1126990744,-0.3053598877,-0.4944879034,1,0,0,0,0,0,0,0,0,0,0,0,0,0,1,1
5.2333333333,212.2986441547,-317.9170462106,6.0573755615,-0.9260901492,0.0055579543,-0.0246403242,4.1732940071,-5.5504446729,-0.0385967034,0.0167186100,-0.0133639774,0.0069880105,0.0930898924,0.0693806810,0.0928045378,0.1381136397,0.0034030173,0.0009860441,1,0,0,0,0,0,0,0,0,0,0,0,0,0,1,1
5.2500000000,212.3682237537,-318.0095328080,6.0563226923,-0.9258115057,0.0053352213,-0.0245238574,4.1748455053,-5.5492883282,-0.0370499611,0.0190205040,-0.0133072604,0.0070044446,0.1058280207,0.0790386740,0.0924102118,0.0848077272,-0.1012749361,-0.2206055894,1,0,0,0,0,0,0,0,0,0,0,0,0,0,1,1
5.2666666667,212.4378328372,-318.1019975679,6.0552689139,-0.9254944973,0.0051134337,-0.0244071167,4.1766093056,-5.5479710169,-0.0355097909,0.0204339661,-0.0149951760,0.0033276848,0.1136650926,0.0849491001,0.1041327664,0.0985053524,0.1276512019,-0.0944119983,1,0,0,0,0,0,0,0,0,0,0,0,0,0,1,1
5.2833333333,212.5074735692,-318.1944388320,6.0542761540,-0.9251539312,0.0048635141,-0.0243516552,4.1785037239,-5.5465551987,-0.0337742448,0.0220757220,-0.0128676560,0.0017541514,0.1226830963,0.0919266358,0.0893569558,0.1142791198,0.3690756379,0.3611596845,1,0,0,0,0,0,0,0,0,0,0,0,0,0,1,1
5.3000000000,212.5771484812,-318.2868546956,6.0533999680,-0.9247860025,0.0046490531,-0.0243224194,4.1805484421,-5.5450230880,-0.0322849622,0.0239803740,-0.0067163954,0.0077734795,0.1330807199,0.1001066816,0.0466401899,0.1292212892,0.8437778469,-0.1933349003,1,0,0,0,0,0,0,0,0,0,0,0,0,0,1,1
5.3166666667,212.6468604659,-318.3792428931,6.0526050952,-0.9243863296,0.0045371132,-0.0241928614,4.1827664541,-5.5433546433,-0.0315076257,0.0261340621,0.0073465687,0.0045512312,0.1447051773,0.1095314448,-0.0510194160,0.1434139103,0.1695671035,-0.2486835218,1,0,0,0,0,0,0,0,0,0,0,0,0,0,1,1
5.3333333333,212.7166127579,-318.4716008143,6.0519152194,-0.9239507619,0.0046595560,-0.0241170075,4.1851782071,-5.5415291193,-0.0323579493,0.0285242939,0.0101726871,0.0004065058,0.1578376937,0.1196841692,-0.0706438619,0.1568800797,0.0036175518,0.0012526553,1,0,0,0,0,0,0,0,0,0,0,0,0,0,1,1
5.3500000000,212.7864088700,-318.5639254588,6.0512411484,-0.9234753570,0.0048291008,-0.0241102324,4.1878088353,-5.5395343831,-0.0335353470,0.0311389619,0.0102329797,0.0004273834,0.1722507887,0.1307272690,-0.0710616479,0.1696230119,-0.0248405500,-0.0714313063,1,0,0,0,0,0,0,0,0,0,0,0,0,0,1,1
5.3666666667,212.8562527752,-318.6562137193,6.0505655985,-0.9229563743,0.0049996505,-0.0241031094,4.1906796818,-5.5373555953,-0.0347197078,0.0339660121,0.0098189705,-0.0007631384,0.1878323194,0.1426700611,-0.0681863283,0.1816754274,0.0059101761,-0.0051259588,1,0,0,0,0,0,0,0,0,0,0,0,0,0,1,1
5.3833333333,212.9261487973,-318.7484622736,6.0498622862,-0.9223902741,0.0051633000,-0.0241158284,4.1938102204,-5.5349777609,-0.0358561466,0.0369939359,0.0099174734,-0.0008485710,0.2044943860,0.1554964878,-0.0688705438,0.1930629596,0.0355842883,-0.0650730752,1,0,0,0,0,0,0,0,0,0,0,0,0,0,1,1
5.4000000000,212.9961015662,-318.8406675598,6.0491566547,-0.9217737085,0.0053285912,-0.0241299712,4.1972184602,-5.5323861528,-0.0370039890,0.0402116519,0.0105105449,-0.0019331223,0.2221706696,0.1691664356,-0.0729921119,0.2037873753,0.4493501921,-0.8046743720,1,0,0,0,0,0,0,0,0,0,0,0,0,0,1,1
5.4166666667,213.0661159934,-318.9328257834,6.0484419173,-0.9211035143,0.0055037669,-0.0241621899,4.2009213047,-5.5295667122,-0.0382205242,0.0436081082,0.0179997148,-0.0153443618,0.2406394002,0.1838442823,-0.1250011445,0.2138824639,0.4494899099,0.9539854142,1,0,0,0,0,0,0,0,0,0,0,0,0,0,1,1
5.4333333333,213.1361972508,-319.0249329232,6.0477053767,-0.9203767125,0.0058037622,-0.0244179293,4.2049319614,-5.5265026409,-0.0403038766,0.0471728159,0.0254912133,0.0005553951,0.2599771252,0.1993080221,-0.1770251817,0.2233555196,-0.3412500012,-1.2524290798,1,0,0,0,0,0,0,0,0,0,0,0,0,0,1,1
5.4500000000,213.2063506635,-319.1169846215,6.0469665890,-0.9195904989,0.0062286157,-0.0244086727,4.2092649134,-5.5231808404,-0.0432542963,0.0508954079,0.0198037133,-0.0203184229,0.2804800747,0.2150503318,-0.1375200897,0.2322478993,-0.5358589291,-0.1901091478,1,0,0,0,0,0,0,0,0,0,0,0,0,0,1,1
5.4666666667,213.2765817754,-319.2089763084,6.0463367565,-0.9187422421,0.0065586776,-0.0247473131,4.2139395814,-5.5195966683,-0.0455462978,0.0547662062,0.0108727311,-0.0234869087,0.3018770475,0.2313181205,-0.0754902063,0.2405609798,-0.6586311561,1.4239339439,1,0,0,0,0,0,0,0,0,0,0,0,0,0,1,1
5.4833333333,213.3468965295,-319.3009034659,6.0458147390,-0.9178294720,0.0067398898,-0.0251387616,4.2189708655,-5.5157413663,-0.0468044679,0.0587755559,-0.0001044548,0.0002453237,0.3240722536,0.2481272246,0.0007272960,0.2483290795,0.0143381192,0.0181214690,1,0,0,0,0,0,0,0,0,0,0,0,0,0,1,1
5.5000000000,213.4173011303,-319.3927614763,6.0452899071,-0.9168498794,0.0067381489,-0.0251346728,4.2243720697,-5.5116059125,-0.0467923463,0.0629143739,0.0001345138,0.0005473482,0.3466159956,0.2659604717,-0.0009341460,0.2555622237,0.0173224267,0.0309213858,1,0,0,0,0,0,0,0,0,0,0,0,0,0,1,1
5.5166666667,213.4878020140,-319.4845456141,6.0447686767,-0.9158013065,0.0067403908,-0.0251255504,4.2301490030,-5.5071732380,-0.0468079154,0.0671737443,0.0004232209,0.0010627046,0.3697661825,0.2843776524,-0.0029390160,0.2622851753,0.0065915090,0.0015844676,1,0,0,0,0,0,0,0,0,0,0,0,0,0,1,1
5.5333333333,213.5584056103,-319.5762507632,6.0442544921,-0.9146817441,0.0067474445,-0.0251078386,4.2363117727,-5.5024336105,-0.0468568990,0.0715451639,0.0005330794,0.0010891124,0.3934764752,0.3033420662,-0.0037018800,0.2685239995,0.0206468363,-0.0320499929,1,0,0,0,0,0,0,0,0,0,0,0,0,0,1,1
5.5500000000,213.6291184997,-319.6678716476,6.0437368792,-0.9134893247,0.0067563291,-0.0250896867,4.2428697139,-5.4973779093,-0.0469185970,0.0760205638,0.0008771934,0.0005549459,0.4176840794,0.3228425802,-0.0060915419,0.2742818685,0.0034245698,0.0054760956,1,0,0,0,0,0,0,0,0,0,0,0,0,0,1,1
5.5666666667,213.6999474084,-319.7594028535,6.0432278335,-0.9122223153,0.0067709490,-0.0250804376,4.2498311153,-5.4919971997,-0.0470201227,0.0805919283,0.0009342695,0.0006462141,0.4423535325,0.3428339858,-0.0064876379,0.2795921704,-0.6406525185,-0.1681622440,1,0,0,0,0,0,0,0,0,0,0,0,0,0,1,1
5.5833333333,213.7708991846,-319.8508388234,6.0427198642,-0.9108791165,0.0067865202,-0.0250696674,4.2572036741,-5.4862832999,-0.0471282500,0.0852517978,-0.0097432725,-0.0021564899,0.4677362007,0.3629083824,0.0676644779,0.2844457194,0.6924693136,-1.6474005060,1,0,0,0,0,0,0,0,0,0,0,0,0,0,1,1
5.6000000000,213.8419807912,-319.9421738671,6.0421990554,-0.9094582532,0.0066241323,-0.0251056089,4.2649992775,-5.4802348269,-0.0460005087,0.0899925598,0.0017978828,-0.0296131650,0.4928412963,0.3842532936,-0.0124931940,0.2889291936,0.5262546576,1.1114195536,1,0,0,0,0,0,0,0,0,0,0,0,0,0,1,1
5.6166666667,213.9131994642,-320.0334023932,6.0416416395,-0.9079583772,0.0066540970,-0.0255991617,4.2732132991,-5.4738306053,-0.0462087286,0.0948080464,0.0105687937,-0.0110895058,0.5183377391,0.4059344129,-0.0733943582,0.2929769653,0.3402734359,0.7131378726,1,0,0,0,0,0,0,0,0,0,0,0,0,0,1,1
5.6333333333,213.9845621741,-320.1245182359,6.0410614538,-0.9063782431,0.0068302436,-0.0257839868,4.2818522614,-5.4670650318,-0.0474319679,0.0996909958,0.0162400177,0.0007961254,0.5441768932,0.4279323767,-0.1127783578,0.2966597994,-0.1295077552,-0.0885738664,1,0,0,0,0,0,0,0,0,0,0,0,0,0,1,1
5.6500000000,214.0560760050,-320.2155151647,6.0404765244,-0.9047167265,0.0071009105,-0.0257707180,4.2909218763,-5.4599328255,-0.0493116072,0.1046353258,0.0140815551,-0.0006801057,0.5704729308,0.4500341212,-0.0977835718,0.2999732789,-0.1444538196,0.4925749512,1,0,0,0,0,0,0,0,0,0,0,0,0,0,1,1
5.6666666667,214.1277481484,-320.3063868979,6.0400138712,-0.9029728044,0.0073356031,-0.0257820531,4.3004297585,-5.4524322568,-0.0509413334,0.1096348804,0.0116739914,0.0075294768,0.5969716592,0.4724954229,-0.0810660244,0.3029197999,0.0505631254,-0.0873134955,1,0,0,0,0,0,0,0,0,0,0,0,0,0,1,1
5.6833333333,214.1995859748,-320.3971272110,6.0395784924,-0.9011455564,0.0075301697,-0.0256565618,4.3103792861,-5.4445573331,-0.0522924338,0.1146835438,0.0125167102,0.0060742519,0.6235154192,0.4954455009,-0.0869190958,0.3055748394,0.1226536982,-0.5773219987,1,0,0,0,0,0,0,0,0,0,0,0,0,0,1,1
5.7000000000,214.2715969010,-320.4877297844,6.0391725049,-0.8992341640,0.0077387815,-0.0255553243,4.3207712098,-5.4362999081,-0.0537410854,0.1197764578,0.0145609385,-0.0035477814,0.6501279972,0.5187974958,-0.1011164878,0.3078526044,0.0495735775,-0.1924519553,1,0,0,0,0,0,0,0,0,0,0,0,0,0,1,1
5.7166666667,214.3437883213,-320.5781881356,6.0388895640,-0.8972378897,0.0079814638,-0.0256144540,4.3316066764,-5.4276532831,-0.0554263602,0.1249073345,0.0153871648,-0.0067553140,0.6768480952,0.5424309186,-0.1068525003,0.3098562744,-0.4326051607,0.7937950232,1,0,0,0,0,0,0,0,0,0,0,0,0,0,1,1
5.7333333333,214.4161676249,-320.6684956609,6.0386008303,-0.8951561008,0.0082379165,-0.0257270425,4.3428874780,-5.4186127679,-0.0572072352,0.1300716057,0.0081770788,0.0064746030,0.7038990463,0.5660172337,-0.0567807060,0.3115781994,-0.5532448852,-0.2760887040,1,0,0,0,0,0,0,0,0,0,0,0,0,0,1,1
5.7500000000,214.4887422296,-320.7586456891,6.0379677317,-0.8929882407,0.0083742012,-0.0256191325,4.3546191287,-5.4091791472,-0.0581535803,0.1352645757,-0.0010436693,0.0018731246,0.7310439004,0.5898027759,0.0072530700,0.3130304900,-0.2177169595,-0.4357181525,1,0,0,0,0,0,0,0,0,0,0,0,0,0,1,1
5.7666666667,214.5615197200,-320.8486316717,6.0369128322,-0.8907338311,0.0083568067,-0.0255879137,4.3668031938,-5.3993491010,-0.0580326958,0.1404817506,-0.0046722853,-0.0053888446,0.7579613783,0.6141341194,0.0324468961,0.3141859888,0.0099023726,0.0035279377,1,0,0,0,0,0,0,0,0,0,0,0,0,0,1,1
5.7833333333,214.6345077227,-320.9384470374,6.0356686541,-0.8883924686,0.0082789353,-0.0256777278,4.3794358834,-5.3891135324,-0.0574919142,0.1457181837,-0.0045072458,-0.0053300456,0.7846792849,0.6389166041,0.0312991799,0.3151007994,0.0086134913,0.0007107241,1,0,0,0,0,0,0,0,0,0,0,0,0,0,1,1
5.8000000000,214.7077137327,-321.0280849913,6.0344179432,-0.8859638322,0.0082038145,-0.0257665619,4.3925138715,-5.3784649223,-0.0569702612,0.1509698637,-0.0043636876,-0.0053182002,0.8113080125,0.6639667640,0.0303023099,0.3157999756,0.0064385559,-0.0039884822,1,0,0,0,0,0,0,0,0,0,0,0,0,0,1,1
5.8166666667,214.7811451455,-321.1175385741,6.0331593447,-0.8834476678,0.0081310864,-0.0258551986,4.4060356717,-5.3673988095,-0.0564652227,0.1562331966,-0.0042563783,-0.0053846749,0.8378210364,0.6892754860,0.0295571641,0.3162095431,0.1161802894,0.2308744321,1,0,0,0,0,0,0,0,0,0,0,0,0,0,1,1
5.8333333333,214.8548093245,-321.2068007546,6.0318907710,-0.8808437812,0.0080601467,-0.0259449432,4.4199993556,-5.3559108848,-0.0559726033,0.1615033557,-0.0023200402,-0.0015367677,0.8641185265,0.7149083467,0.0161101080,0.3164543994,-0.6411868075,-0.4592589514,1,0,0,0,0,0,0,0,0,0,0,0,0,0,1,1
5.8500000000,214.9287135894,-321.2958644289,6.0306149886,-0.8781520586,0.0080214794,-0.0259705560,4.4344013311,-5.3439957457,-0.0557041015,0.1667775957,-0.0130064870,-0.0091910836,0.8906877077,0.7402477203,0.0903253018,0.3164742613,-0.2876353704,0.5121241524,1,0,0,0,0,0,0,0,0,0,0,0,0,0,1,1
5.8666666667,215.0028651783,-321.3847223885,6.0287855250,-0.8753724320,0.0078047046,-0.0261237407,4.4492461262,-5.3316582836,-0.0541986798,0.1720521667,-0.0178004098,-0.0006556810,0.9168330127,0.7660916946,0.1236121803,0.3162311374,0.6450842036,-1.9047051564,1,0,0,0,0,0,0,0,0,0,0,0,0,0,1,1
5.8833333333,215.0772715216,-321.4733676565,6.0266997214,-0.8725048959,0.0075080311,-0.0261346687,4.4645266764,-5.3188900888,-0.0521384768,0.1773226856,-0.0070490064,-0.0324007670,0.9422239124,0.7927758281,0.0489449159,0.3158776794,-0.0356966304,0.1057965118,1,0,0,0,0,0,0,0,0,0,0,0,0,0,1,1
5.9000000000,215.1519398582,-321.5617930388,6.0252425021,-0.8695495178,0.0073905477,-0.0266746815,4.4802304083,-5.3056771583,-0.0513227282,0.1825873136,-0.0076439502,-0.0306374918,0.9677549746,0.8192096077,0.0530788319,0.3152805070,0.6816466978,2.2289938870,1,0,0,0,0,0,0,0,0,0,0,0,0,0,1,1
5.9166666667,215.2268770690,-321.6499909416,6.0239091497,-0.8665063959,0.0072631485,-0.0271853063,4.4963596579,-5.2920236648,-0.0504380810,0.1878419888,0.0037168281,0.0065124063,0.9926181741,0.8463029216,-0.0258117359,0.3145283318,0.0444479366,0.0734885770,1,0,0,0,0,0,0,0,0,0,0,0,0,0,1,1
5.9333333333,215.3020901749,-321.7379539726,6.0232797157,-0.8633756961,0.0073250957,-0.0270767662,4.5129032941,-5.2779186162,-0.0508682766,0.1930841276,0.0044576270,0.0077372160,1.0175298267,0.8731809647,-0.0309550800,0.3135841194,-0.0296899459,-0.0851147794,1,0,0,0,0,0,0,0,0,0,0,0,0,0,1,1
5.9500000000,215.3775858922,-321.8256744265,6.0226686723,-0.8601576273,0.0073993894,-0.0269478126,4.5298621245,-5.2633656000,-0.0513841946,0.1983105296,0.0039627946,0.0063186363,1.0421604404,0.9001972486,-0.0275182919,0.3124725126,-0.0605649193,-0.1517264930,1,0,0,0,0,0,0,0,0,0,0,0,0,0,1,1
5.9666666667,215.4533710451,-321.9131447795,6.0220490830,-0.8568524518,0.0074654360,-0.0268425020,4.5472314653,-5.2483623126,-0.0518428328,0.2035184048,0.0029533792,0.0037898614,1.0664657651,0.9273708305,-0.0205089241,0.3112166861,0.0121792534,-0.0025160621,1,0,0,0,0,0,0,0,0,0,0,0,0,0,1,1
5.9833333333,215.5294523858,-322.0003574847,6.0214200761,-0.8534604784,0.0075146590,-0.0267793377,4.5650058946,-5.2329061321,-0.0521846482,0.2087053496,0.0031563668,0.0037479271,1.0903671784,0.9547628471,-0.0219186480,0.3097652394,0.1602715439,-0.3193854517,1,0,0,0,0,0,0,0,0,0,0,0,0,0,1,1
6.0000000000,215.6058365701,-322.0873049538,6.0207823284,-0.8499820559,0.0075672651,-0.0267168722,4.5831786809,-5.2169934179,-0.0525499590,0.2138681036,0.0058275592,-0.0015751638,1.1137949584,0.9824130078,-0.0404679779,0.3081759182,0.4619466958,0.0235934359,1,0,0,0,0,0,0,0,0,0,0,0,0,0,1,1
6.0166666667,215.6825301292,-322.1739795334,6.0202590330,-0.8464175875,0.0076643911,-0.0267431250,4.6017419303,-5.2006198678,-0.0532244253,0.2190043689,0.0135266708,-0.0011819399,1.1366305688,1.0104233355,-0.0939336961,0.3064520805,-0.9210957885,-0.9159727109,1,0,0,0,0,0,0,0,0,0,0,0,0,0,1,1
6.0333333333,215.7595394330,-322.2603734732,6.0201513028,-0.8427675147,0.0078898356,-0.0267628240,4.6206857730,-5.1837794789,-0.0547899869,0.2241119036,-0.0018249257,-0.0164481517,1.1598766849,1.0376436932,0.0126748500,0.3045765594,-0.7493366576,1.1678847839,1,0,0,0,0,0,0,0,0,0,0,0,0,0,1,1
6.0500000000,215.8368706244,-322.3464788622,6.0193748798,-0.8390323163,0.0078594202,-0.0270369598,4.6400170512,-5.1664854174,-0.0545787394,0.2291881795,-0.0143138700,0.0030165947,1.1825797271,1.0651255080,0.0994018258,0.3025602837,0.1642424097,-0.3207603731,1,0,0,0,0,0,0,0,0,0,0,0,0,0,1,1
6.0666666667,215.9145301937,-322.4322882749,6.0178988324,-0.8352125133,0.0076208557,-0.0269866832,4.6597267133,-5.1487333255,-0.0529220423,0.2342308509,-0.0115764965,-0.0023294115,1.2042663364,1.0933560866,0.0803885883,0.3003907551,0.1566636471,-0.2756388314,1,0,0,0,0,0,0,0,0,0,0,0,0,0,1,1
6.0833333333,215.9925244471,-322.5177941810,6.0165000362,-0.8313086658,0.0074279141,-0.0270255068,4.6797978188,-5.1305107241,-0.0515822325,0.2392373635,-0.0089654357,-0.0069233921,1.2254844289,1.1216895508,0.0622579499,0.2981696394,0.1800576071,0.3701003083,1,0,0,0,0,0,0,0,0,0,0,0,0,0,1,1
6.1000000000,216.0708592420,-322.6029886681,6.0152051880,-0.8273213764,0.0072784902,-0.0271408966,4.7002225594,-5.1118158983,-0.0505446000,0.2442068575,-0.0059644756,-0.0007550536,1.2462047133,1.1501442694,0.0414188099,0.2956504491,0.0720440334,0.1391714278,1,0,0,0,0,0,0,0,0,0,0,0,0,0,1,1
6.1166666667,216.1495403113,-322.6878638054,6.0140405276,-0.8232512621,0.0071790822,-0.0271534809,4.7209926379,-5.0926468270,-0.0498542865,0.2491343650,-0.0047637417,0.0015644702,1.2664691064,1.1786196616,0.0330804242,0.2931295497,0.0771862157,-0.2361668345,1,0,0,0,0,0,0,0,0,0,0,0,0,0,1,1
6.1333333333,216.2285732386,-322.7724116326,6.0129158573,-0.8190990227,0.0070996865,-0.0271274064,4.7421004563,-5.0730031661,-0.0493029461,0.2540198575,-0.0034773048,-0.0023716437,1.2862068986,1.2071876805,0.0241468620,0.2904073194,-0.0389037949,-0.2395703691,1,0,0,0,0,0,0,0,0,0,0,0,0,0,1,1
6.1500000000,216.3079634919,-322.8566241979,6.0118352876,-0.8148653584,0.0070417315,-0.0271669338,4.7635372380,-5.0528833714,-0.0489004984,0.2588599795,-0.0041257013,-0.0063644832,1.3054635965,1.2357613806,0.0286501140,0.2876429743,0.0970237185,0.0362081959,1,0,0,0,0,0,0,0,0,0,0,0,0,0,1,1
6.1666666667,216.3877163916,-322.9404935333,6.0106948393,-0.8105510254,0.0069729698,-0.0272730085,4.7852949647,-5.0322873484,-0.0484229965,0.2636540291,-0.0025086394,-0.0057610133,1.3240904080,1.2644859421,0.0174204360,0.2846558645,0.0182342164,0.0257099541,1,0,0,0,0,0,0,0,0,0,0,0,0,0,1,1
6.1833333333,216.4678371406,-323.0240116895,6.0095703692,-0.8061567916,0.0069311591,-0.0273690254,4.8073631380,-5.0112125827,-0.0481326559,0.2683982935,-0.0022047358,-0.0053325140,1.3421841205,1.2932160223,0.0153100200,0.2816449194,-0.1385197283,-0.0082451130,1,0,0,0,0,0,0,0,0,0,0,0,0,0,1,1
6.2000000000,216.5483307339,-323.1071706532,6.0084468452,-0.8016834867,0.0068944135,-0.0274579006,4.8297328734,-4.9896589823,-0.0478774889,0.2730923755,-0.0045133979,-0.0054699326,1.3597816273,1.3219059654,0.0313422600,0.2783862994,-0.0871485240,0.2045217550,1,0,0,0,0,0,0,0,0,0,0,0,0,0,1,1
6.2166666667,216.6292020345,-323.1899624292,6.0073445412,-0.7971319471,0.0068191902,-0.0275490661,4.8523959006,-4.9676272162,-0.0473551179,0.2777321471,-0.0059658733,-0.0020612367,1.3767426702,1.3506549546,0.0414289981,0.2750949795,-0.0706583657,0.1690999209,1,0,0,0,0,0,0,0,0,0,0,0,0,0,1,1
6.2333333333,216.7104557853,-323.2723790636,6.0062279303,-0.7925030780,0.0067197590,-0.0275834201,4.8753416116,-4.9451163003,-0.0466646346,0.2823170634,-0.0071435127,0.0007570954,1.3930804594,1.3794373471,0.0496071420,0.2716703995,-0.0278731567,0.0774133315,1,0,0,0,0,0,0,0,0,0,0,0,0,0,1,1
6.2500000000,216.7920965370,-323.3544125738,6.0050316705,-0.7877977936,0.0066007004,-0.0275708018,4.8985596194,-4.9221256779,-0.0458378489,0.2868449034,-0.0076080653,0.0020473175,1.4087673431,1.4082528113,0.0528328439,0.2680903043,-0.0840123698,0.2433577643,1,0,0,0,0,0,0,0,0,0,0,0,0,0,1,1
6.2666666667,216.8741286660,-323.4360549735,6.0037912921,-0.7830170452,0.0064738994,-0.0275366799,4.9220390751,-4.8986547976,-0.0449573015,0.2913130752,-0.0090082715,0.0061032803,1.4238408375,1.4370320079,0.0625553523,0.2644040546,-0.0104332930,0.1566320058,1,0,0,0,0,0,0,0,0,0,0,0,0,0,1,1
6.2833333333,216.9565563565,-323.5172982652,6.0025355345,-0.7781618273,0.0063237615,-0.0274349585,4.9457697557,-4.8747042643,-0.0439147123,0.2957198094,-0.0091821597,0.0087138137,1.4382216217,1.4658303626,0.0637637698,0.2606360395,-0.0039723361,-0.2997374019,1,0,0,0,0,0,0,0,0,0,0,0,0,0,1,1
6.3000000000,217.0393836225,-323.5981344670,6.0012641935,-0.7732331638,0.0061707255,-0.0272897283,4.9697401160,-4.8502737581,-0.0428519828,0.3000637434,-0.0092483653,0.0037181904,1.4519377910,1.4945999110,0.0642234599,0.2567175490,0.1020785941,-0.0617572595,1,0,0,0,0,0,0,0,0,0,0,0,0,0,1,1
6.3166666667,217.1226142771,-323.6785555890,6.0000322144,-0.7682321014,0.0060165861,-0.0272277585,4.9939390793,-4.8253637596,-0.0417815918,0.3043423692,-0.0075470554,0.0026889027,1.4649271744,1.5233695978,0.0524087702,0.2526766899,-0.0144082953,-0.0378534508,1,0,0,0,0,0,0,0,0,0,0,0,0,0,1,1
6.3333333333,217.2062519440,-323.7585536534,5.9987838041,-0.7631597286,0.0058908018,-0.0271829434,5.0183545320,-4.7999742662,-0.0409081123,0.3085536474,-0.0077871937,0.0020580118,1.4772903759,1.5520163655,0.0540768300,0.2493961195,0.4339099398,0.7156855443,1,0,0,0,0,0,0,0,0,0,0,0,0,0,1,1
6.3500000000,217.2903000222,-323.8381206675,5.9974875832,-0.7580171678,0.0057610153,-0.0271486432,5.0429760385,-4.7741073270,-0.0400068318,0.3127102494,-0.0005553613,0.0139861043,1.4888122435,1.5808583761,0.0038564220,0.2464337936,0.4806673841,-0.5961032348,1,0,0,0,0,0,0,0,0,0,0,0,0,0,1,1
6.3666666667,217.3747617750,-323.9172486777,5.9965162819,-0.7528053303,0.0057517592,-0.0269155415,5.0677895760,-4.7477596875,-0.0399425581,0.3168174793,0.0074557617,0.0040510503,1.4997065977,1.6097327318,-0.0517773662,0.2440759255,0.0265965348,-0.0463843034,1,0,0,0,0,0,0,0,0,0,0,0,0,0,1,1
6.3833333333,217.4596401783,-323.9959296144,5.9956826507,-0.7475250390,0.0058760219,-0.0268480240,5.0927846857,-4.7209308083,-0.0408055142,0.3208854114,0.0078990373,0.0032779786,1.5102604558,1.6384636552,-0.0548537698,0.2420146795,0.0115298386,-0.0143312527,1,0,0,0,0,0,0,0,0,0,0,0,0,0,1,1
6.4000000000,217.5449380334,-324.0741553759,5.9948316211,-0.7421769488,0.0060076726,-0.0267933910,5.1179556934,-4.6936230809,-0.0417197437,0.3249189894,0.0080912013,0.0030391244,1.5202843755,1.6672715025,-0.0561880199,0.2401640379,0.0364597620,0.0736739550,1,0,0,0,0,0,0,0,0,0,0,0,0,0,1,1
6.4166666667,217.6306581189,-324.1519179560,5.9939630002,-0.7367616323,0.0061425259,-0.0267427389,5.1432937662,-4.6658352225,-0.0426562107,0.3289217233,0.0086988640,0.0042670237,1.5297703796,1.6961899507,-0.0604080122,0.2473940411,0.2010018351,-0.4176318238,1,0,0,0,0,0,0,0,0,0,0,0,0,0,1,1
6.4333333333,217.7168030715,-324.2292093252,5.9930765979,-0.7312796036,0.0062875070,-0.0266716219,5.1687899394,-4.6375653900,-0.0436630109,0.3330449573,0.0120488946,-0.0026935067,1.5393323800,1.7260719322,-0.0836754119,0.2538565195,0.4320752418,-0.4851883470,1,0,0,0,0,0,0,0,0,0,0,0,0,0,1,1
6.4500000000,217.8033755620,-324.3060211969,5.9921722204,-0.7257288543,0.0064883219,-0.0267165136,5.1944454789,-4.6087975244,-0.0450576011,0.3372758993,0.0192501486,-0.0107799792,1.5488358105,1.7569071244,-0.1336868577,0.2603881225,0.0568116172,0.0443007442,1,0,0,0,0,0,0,0,0,0,0,0,0,0,1,1
6.4666666667,217.8903782391,-324.3823450148,5.9914001005,-0.7201075893,0.0068091577,-0.0268961800,5.2202594091,-4.5795157391,-0.0472857154,0.3416157014,0.0201970089,-0.0100416335,1.5586099688,1.7884077727,-0.1402546806,0.2675212765,0.0057484723,0.0025865224,1,0,0,0,0,0,0,0,0,0,0,0,0,0,1,1
6.4833333333,217.9778136894,-324.4581719186,5.9906260946,-0.7144139943,0.0071457745,-0.0270635405,5.2462362420,-4.5497089428,-0.0496232934,0.3460743893,0.0202928168,-0.0099985248,1.5685102949,1.8207896784,-0.1409194077,0.2750309994,-0.0474875580,-0.1468290282,1,0,0,0,0,0,0,0,0,0,0,0,0,0,1,1
6.5000000000,218.0656846307,-324.5334928888,5.9898269275,-0.7086460878,0.0074839881,-0.0272301826,5.2723780802,-4.5193624482,-0.0519719502,0.3506582393,0.0195013575,-0.0124456752,1.5785500456,1.8540924942,-0.1354227898,0.2781602474,-0.0863278905,-0.1338227410,1,0,0,0,0,0,0,0,0,0,0,0,0,0,1,1
6.5166666667,218.1539938305,-324.6082986612,5.9889580418,-0.7028017838,0.0078090107,-0.0274376105,5.2986872475,-4.4884609066,-0.0542289967,0.3552942434,0.0180625593,-0.0146760542,1.5883754554,1.8879445171,-0.1254307804,0.2793249515,-0.0190742521,-0.0008150228,1,0,0,0,0,0,0,0,0,0,0,0,0,0,1,1
6.5333333333,218.2427440078,-324.6825798276,5.9880296373,-0.6968802131,0.0081100534,-0.0276822114,5.3251601720,-4.4569951647,-0.0563195097,0.3599496593,0.0177446551,-0.0146896380,1.5977504740,1.9222387042,-0.1232230918,0.2807845194,0.0142083332,-0.0158457962,1,0,0,0,0,0,0,0,0,0,0,0,0,0,1,1
6.5500000000,218.3319377808,-324.7563268796,5.9870824288,-0.6908810521,0.0084057977,-0.0279270387,5.3517893464,-4.4249578529,-0.0583732279,0.3646294013,0.0179814606,-0.0149537346,1.6067027730,1.9569861140,-0.1248677278,0.2825040124,0.0093954508,-0.0262388536,1,0,0,0,0,0,0,0,0,0,0,0,0,0,1,1
6.5666666667,218.4215776385,-324.8295301710,5.9861162067,-0.6848038954,0.0087054887,-0.0281762676,5.3785677259,-4.3923414177,-0.0604543567,0.3693378015,0.0181380515,-0.0153910488,1.6152650155,1.9921891336,-0.1259547484,0.2844301065,-0.2452980081,0.5179814895,1,0,0,0,0,0,0,0,0,0,0,0,0,0,1,1
6.5833333333,218.5116659472,-324.9021799175,5.9851267238,-0.6786482654,0.0090077895,-0.0284327851,5.4054888097,-4.3591382655,-0.0625536025,0.3740783033,0.0140497513,-0.0067580240,1.6236486395,2.0277006925,-0.0975508679,0.2864977194,-0.1662810122,0.3702932174,1,0,0,0,0,0,0,0,0,0,0,0,0,0,1,1
6.6000000000,218.6022049604,-324.9742662008,5.9841202583,-0.6724136270,0.0092419520,-0.0285454188,5.4325496202,-4.3253432539,-0.0641794503,0.3788532652,0.0112784011,-0.0005864703,1.6315868865,2.0637507352,-0.0783159898,0.2886808975,0.0407993631,0.0520130043,1,0,0,0,0,0,0,0,0,0,0,0,0,0,1,1
6.6166666667,218.6931969456,-325.0457790619,5.9831218821,-0.6660994059,0.0094299254,-0.0285551933,5.4597427350,-4.2909474084,-0.0654847168,0.3836646135,0.0119583905,0.0002804131,1.6389509649,2.1004443441,-0.0830410563,0.2909216213,0.0161650072,-0.0007875232,1,0,0,0,0,0,0,0,0,0,0,0,0,0,1,1
6.6333333333,218.7846440308,-325.1167083769,5.9821035694,-0.6597049957,0.0096292319,-0.0285505198,5.4870585845,-4.2559400026,-0.0668687344,0.3885133072,0.0122278073,0.0002672877,1.6459196650,2.1376358984,-0.0849117959,0.2931634794,0.0317315777,0.0324332896,1,0,0,0,0,0,0,0,0,0,0,0,0,0,1,1
6.6500000000,218.8765481279,-325.1870438007,5.9810651110,-0.6532297739,0.0098330287,-0.0285460650,5.5144905788,-4.2203127376,-0.0682839310,0.3933993652,0.0127566669,0.0008078425,1.6524417620,2.1753549742,-0.0885847918,0.2953787028,0.1512248896,0.2880312614,1,0,0,0,0,0,0,0,0,0,0,0,0,0,1,1
6.6666666667,218.9689110450,-325.2567748569,5.9800230763,-0.6466731178,0.0100456398,-0.0285326010,5.5420312748,-4.1840568214,-0.0697603442,0.3983223436,0.0152770818,0.0056083635,1.6583979685,2.2136752799,-0.1060859704,0.2975344560,0.1774050259,-0.1932501233,1,0,0,0,0,0,0,0,0,0,0,0,0,0,1,1
6.6833333333,219.0617344568,-325.3258909195,5.9790768246,-0.6400344121,0.0103002578,-0.0284391282,5.5696712411,-4.1471622334,-0.0715284437,0.4032812512,0.0182338322,0.0023875281,1.6638447551,2.2525309723,-0.1266238558,0.2995703994,0.2530390908,-0.0859905062,1,0,0,0,0,0,0,0,0,0,0,0,0,0,1,1
6.7000000000,219.1550198369,-325.3943811709,5.9781433196,-0.6333130579,0.0106041550,-0.0283993361,5.5974019869,-4.1096200505,-0.0736388413,0.4082740912,0.0224511504,0.0009543530,1.6687003508,2.2919515348,-0.1559058357,0.3014573082,0.0727666730,-0.0625629584,1,0,0,0,0,0,0,0,0,0,0,0,0,0,1,1
6.7166666667,219.2487685046,-325.4622346437,5.9773698856,-0.6265084897,0.0109783409,-0.0283834302,5.6252136594,-4.0714208583,-0.0762372719,0.4132983797,0.0236639283,-0.0000883629,1.6731960021,2.3317353306,-0.1643252286,0.3031673706,-0.0485753075,0.1637261107,1,0,0,0,0,0,0,0,0,0,0,0,0,0,1,1
6.7333333333,219.3429815810,-325.5294402004,5.9766114761,-0.6196201834,0.0113727397,-0.0283849029,5.6531002596,-4.0325586028,-0.0789760257,0.4183511692,0.0228543398,0.0026404056,1.6772656233,2.3718986186,-0.1587010198,0.3046395594,-0.0190012056,0.0552969526,1,0,0,0,0,0,0,0,0,0,0,0,0,0,1,1
6.7500000000,219.4376601190,-325.5959866388,5.9757732374,-0.6126476639,0.0117536454,-0.0283408962,5.6810546865,-3.9930269591,-0.0816210427,0.4234284952,0.0225376530,0.0035620215,1.6807227387,2.4125303052,-0.1565021277,0.3059141137,-0.1527773878,-0.4768279174,1,0,0,0,0,0,0,0,0,0,0,0,0,0,1,1
6.7666666667,219.5328050850,-325.6618626854,5.9748140057,-0.6055905223,0.0121292729,-0.0282815291,5.7090667321,-3.9528181207,-0.0842294115,0.4285270637,0.0199913632,-0.0043851105,1.6837283929,2.4534793892,-0.1388104623,0.3068703251,-0.5516550869,-1.2255276713,1,0,0,0,0,0,0,0,0,0,0,0,0,0,1,1
6.7833333333,219.6284172587,-325.7270569371,5.9736673827,-0.5984484046,0.0124624623,-0.0283546143,5.7371288722,-3.9119267976,-0.0865429192,0.4336415691,0.0107971118,-0.0248105717,1.6865878201,2.4944904666,-0.0749548020,0.3075227994,-0.0123677499,-0.0298691445,1,0,0,0,0,0,0,0,0,0,0,0,0,0,1,1
6.8000000000,219.7244973245,-325.7915579391,5.9720188646,-0.5912210451,0.0126424142,-0.0287681239,5.7652386690,-3.8703519564,-0.0877921659,0.4387669491,0.0105909826,-0.0253083908,1.6881370511,2.5362989840,-0.0735425818,0.3078937592,0.4034307336,0.8509692948,1,0,0,0,0,0,0,0,0,0,0,0,0,0,1,1
6.8166666667,219.8210460628,-325.8553543220,5.9703273785,-0.5839082626,0.0128189305,-0.0291899304,5.7933742865,-3.8280803067,-0.0890178756,0.4438985118,0.0173148282,-0.0111255692,1.6884436898,2.5787824722,-0.1202559542,0.3078516796,-0.0457720108,-1.3534861951,1,0,0,0,0,0,0,0,0,0,0,0,0,0,1,1
6.8333333333,219.9180637055,-325.9184343855,5.9690231825,-0.5765099541,0.0131075110,-0.0293753565,5.8215150149,-3.7851005989,-0.0910221415,0.4490293731,0.0165519613,-0.0336836724,1.6885415570,2.6211868633,-0.1149278399,0.3074893194,-0.0016335828,-0.0445794642,1,0,0,0,0,0,0,0,0,0,0,0,0,0,1,1
6.8500000000,220.0155499757,-325.9807861589,5.9674312754,-0.5690261312,0.0133833770,-0.0299367511,5.8496573740,-3.7414141511,-0.0929376055,0.4541541951,0.0165247350,-0.0344266635,1.6877949766,2.6638778635,-0.1147449898,0.3067147647,0.1337820555,0.2455974925,1,0,0,0,0,0,0,0,0,0,0,0,0,0,1,1
6.8666666667,220.1135046882,-326.0423978063,5.9658059824,-0.5614568946,0.0136587893,-0.0305105288,5.8777872902,-3.6970161867,-0.0948500220,0.4592661078,0.0187544359,-0.0303333720,1.6860360414,2.7068866511,-0.1302223621,0.3055044741,-0.7634119986,3.0128376389,1,0,0,0,0,0,0,0,0,0,0,0,0,0,1,1
6.8833333333,220.2119273975,-326.1032574157,5.9641470089,-0.5538024595,0.0139713632,-0.0310160850,5.9058878912,-3.6519014093,-0.0970203947,0.4643578491,0.0060309026,0.0198805887,1.6846578816,2.7492851385,-0.0418928881,0.3038990394,0.3583199449,-0.9209939506,1,0,0,0,0,0,0,0,0,0,0,0,0,0,1,1
6.9000000000,220.3108173093,-326.1633529675,5.9623565606,-0.5460631620,0.0140718782,-0.0306847418,5.9339655223,-3.6060799902,-0.0977186095,0.4694228331,0.0120029017,0.0045306895,1.6808482663,2.7927378475,-0.0833400119,0.3102391703,0.5533648216,-1.1671875000,1,0,0,0,0,0,0,0,0,0,0,0,0,0,1,1
6.9166666667,220.4101740800,-326.2226728343,5.9604924813,-0.5382394481,0.0142719266,-0.0306092303,5.9619796600,-3.5595343594,-0.0991076097,0.4745934859,0.0212256487,-0.0149224355,1.6762863891,2.8372457114,-0.1473952563,0.3227653885,0.1646761727,-0.4558222830,1,0,0,0,0,0,0,0,0,0,0,0,0,0,1,1
6.9333333333,220.5099963871,-326.2812046213,5.9586336251,-0.5303295567,0.0146256874,-0.0308579376,5.9899177668,-3.5122469310,-0.1015641973,0.4799729090,0.0239702516,-0.0225194735,1.6721274386,2.8829414813,-0.1664403719,0.3173486394,-0.0347644691,0.0098035342,1,0,0,0,0,0,0,0,0,0,0,0,0,0,1,1
6.9500000000,220.6102826959,-326.3389354196,5.9567456187,-0.5223300082,0.0150251916,-0.0312332622,6.0177865572,-3.4641979062,-0.1043382035,0.4852620530,0.0233908438,-0.0223560813,1.6670641660,2.9281854894,-0.1624180797,0.3116791759,0.0163382374,-0.0182034664,1,0,0,0,0,0,0,0,0,0,0,0,0,0,1,1
6.9666666667,220.7110314357,-326.3958525786,5.9548236552,-0.5142423073,0.0154150390,-0.0316058635,6.0455709599,-3.4153948147,-0.1070451715,0.4904567060,0.0236631477,-0.0226594724,1.6607220178,2.9731477511,-0.1643126045,0.3061805428,0.4738440309,-0.8846534088,1,0,0,0,0,0,0,0,0,0,0,0,0,0,1,1
6.9833333333,220.8122408617,-326.4519436322,5.9528642622,-0.5060680289,0.0158094248,-0.0319835214,6.0732496605,-3.3658423523,-0.1097837149,0.4955597150,0.0315605482,-0.0374036959,1.6524331021,3.0181938248,-0.2191469697,0.3008267994,-0.1086653813,2.2763940690,1,0,0,0,0,0,0,0,0,0,0,0,0,0,1,1
7.0000000000,220.9139088509,-326.5071961788,5.9508968810,-0.4978087003,0.0163354339,-0.0326069163,6.1007902120,-3.3155391218,-0.1134361644,0.5005734950,0.0297494585,0.0005362053,1.6438885798,3.0623925343,-0.2065954016,0.2955699014,0.4238325049,0.7029876490,1,0,0,0,0,0,0,0,0,0,0,0,0,0,1,1
7.0166666667,221.0160325356,-326.5615976874,5.9490831652,-0.4894658087,0.0168312582,-0.0325979796,6.1281883549,-3.2644992462,-0.1168794211,0.5054996600,0.0368133336,0.0122526661,1.6332500161,3.1067393230,-0.2556369907,0.2903851775,0.0076650455,0.0104117761,1,0,0,0,0,0,0,0,0,0,0,0,0,0,1,1
7.0333333333,221.1186092374,-326.6151360043,5.9474921005,-0.4810408144,0.0174448138,-0.0323937685,6.1554091888,-3.2127202576,-0.1211400376,0.5103394130,0.0369410844,0.0124261957,1.6221434135,3.1503556071,-0.2565007737,0.2852423994,0.2802775722,-0.5735526258,1,0,0,0,0,0,0,0,0,0,0,0,0,0,1,1
7.0500000000,221.2216354327,-326.6677988042,5.9458689347,-0.4725351575,0.0180604985,-0.0321866652,6.1824449121,-3.1602143307,-0.1254150505,0.5150934530,0.0416123772,0.0028669852,1.6093589611,3.1938654835,-0.2889634974,0.2800924265,0.0308271032,-0.1495714019,1,0,0,0,0,0,0,0,0,0,0,0,0,0,1,1
7.0666666667,221.3251076682,-326.7195740737,5.9441714848,-0.4639502666,0.0187540382,-0.0321388821,6.2092675614,-3.1069832393,-0.1302311088,0.5197616601,0.0421261623,0.0003741285,1.5958723302,3.2367510439,-0.2924947748,0.2749372123,-0.0840796596,-0.1871233627,1,0,0,0,0,0,0,0,0,0,0,0,0,0,1,1
7.0833333333,221.4290218769,-326.7704497649,5.9424243235,-0.4552875723,0.0194561409,-0.0321326466,6.2358654339,-3.0530373887,-0.1351060217,0.5243439470,0.0407248346,-0.0027445942,1.5814849931,3.2791091464,-0.2827552797,0.2697195595,0.1157578318,0.2473257872,1,0,0,0,0,0,0,0,0,0,0,0,0,0,1,1
7.1000000000,221.5333739162,-326.8204140704,5.9405723142,-0.4465485065,0.0201348881,-0.0321783899,6.2622235169,-2.9983855695,-0.1398186097,0.5288392729,0.0426541318,0.0013775023,1.5655515838,3.3212276292,-0.2961708176,0.2644475514,0.0770477806,0.2787506129,1,0,0,0,0,0,0,0,0,0,0,0,0,0,1,1
7.1166666667,221.6381594649,-326.8694553713,5.9386870249,-0.4377345186,0.0208457903,-0.0321554315,6.2883160431,-2.9430317756,-0.1447547900,0.5332467321,0.0439382615,0.0060233458,1.5485544890,3.3628449551,-0.3050742847,0.2590543675,0.3814370717,0.8133262043,1,0,0,0,0,0,0,0,0,0,0,0,0,0,1,1
7.1333333333,221.7433736573,-326.9175620709,5.9367462919,-0.4288470731,0.0215780947,-0.0320550424,6.3141252851,-2.8869843599,-0.1498393614,0.5375643049,0.0502955460,0.0195787826,1.5296976222,3.4042874724,-0.3492389158,0.2535602395,-0.2616938504,-0.5624799562,1,0,0,0,0,0,0,0,0,0,0,0,0,0,1,1
7.1500000000,221.8490113441,-326.9647227293,5.9350916379,-0.4198876680,0.0224163538,-0.0317287294,6.3396202451,-2.8302462352,-0.1556600100,0.5417903089,0.0459339819,0.0102041166,1.5112052037,3.4445254720,-0.3188783634,0.2479141960,-0.1677763636,-0.8659680681,1,0,0,0,0,0,0,0,0,0,0,0,0,0,1,1
7.1666666667,221.9550666590,-327.0109258823,5.9331869245,-0.4108578295,0.0231819201,-0.0315586608,6.3648069984,-2.7728374773,-0.1609746494,0.5459222122,0.0431377091,-0.0042286845,1.4914349855,3.4842856256,-0.2994835030,0.2421008830,0.0873723548,-0.1708236507,1,0,0,0,0,0,0,0,0,0,0,0,0,0,1,1
7.1833333333,222.0615342516,-327.0561605919,5.9310123362,-0.4017591260,0.0239008820,-0.0316291388,6.3896642483,-2.7147660503,-0.1659660411,0.5499572269,0.0445939151,-0.0070757453,1.4699350126,3.5237109068,-0.3096037193,0.2361290395,0.0246775861,-0.0379398200,1,0,0,0,0,0,0,0,0,0,0,0,0,0,1,1
7.2000000000,222.1684083649,-327.1004160386,5.9288099703,-0.3925931722,0.0246441139,-0.0317470679,6.4141631653,-2.6560375352,-0.1711261031,0.5538927109,0.0450052082,-0.0077080757,1.4474886324,3.5624229687,-0.3124594375,0.2299538003,-0.4509375072,0.9783045127,1,0,0,0,0,0,0,0,0,0,0,0,0,0,1,1
7.2166666667,222.2756825930,-327.1436814389,5.9265960257,-0.3833616270,0.0253942007,-0.0318755358,6.4382879758,-2.5966638190,-0.1763337604,0.5577252742,0.0374895830,0.0085969995,1.4252869133,3.5999200382,-0.2602242734,0.2235749188,0.2601890991,0.2769896044,1,0,0,0,0,0,0,0,0,0,0,0,0,0,1,1
7.2333333333,222.3833503104,-327.1859462393,5.9239740482,-0.3740662058,0.0260190271,-0.0317322525,6.4620427575,-2.5366651517,-0.1806708316,0.5614515229,0.0418260680,0.0132134929,1.4000629871,3.6374662759,-0.2904159772,0.2169917996,0.1781529472,-0.0444831346,1,0,0,0,0,0,0,0,0,0,0,0,0,0,1,1
7.2500000000,222.4914053287,-327.2272003743,5.9213175659,-0.3647086804,0.0267161282,-0.0315120276,6.4853771408,-2.4760407138,-0.1855110979,0.5650680529,0.0447952838,0.0124721074,1.3739537438,3.6741450044,-0.3109933194,0.2101599242,0.0095028489,0.0614689216,1,0,0,0,0,0,0,0,0,0,0,0,0,0,1,1
7.2666666667,222.5998400844,-327.2674335745,5.9186266045,-0.3552908795,0.0274627163,-0.0313041592,6.5082763699,-2.4148049637,-0.1906943199,0.5685707183,0.0449536646,0.0134965894,1.3472588234,3.7098107759,-0.3120708676,0.2030937949,0.6037236891,1.3357134359,1,0,0,0,0,0,0,0,0,0,0,0,0,0,1,1
7.2833333333,222.7086468218,-327.3066358511,5.9159129396,-0.3458147009,0.0282119440,-0.0310792160,6.5307306834,-2.3529747841,-0.1958955010,0.5719556149,0.0550157261,0.0357584800,1.3176320818,3.7452608059,-0.3819820729,0.1957841996,0.3496178363,0.7931604164,1,0,0,0,0,0,0,0,0,0,0,0,0,0,1,1
7.3000000000,222.8178177521,-327.3447975585,5.9136733169,-0.3362821073,0.0291288728,-0.0304832414,6.5526912183,-2.2905537707,-0.2022618689,0.5752186848,0.0608426900,0.0489778203,1.2876238283,3.7795062027,-0.4223199593,0.1881905678,-0.9991897384,-2.0952128527,1,0,0,0,0,0,0,0,0,0,0,0,0,0,1,1
7.3166666667,222.9273437534,-327.3819089567,5.9120571729,-0.3266951292,0.0301429176,-0.0296669444,6.5741516154,-2.2275620006,-0.2093005349,0.5783551943,0.0441895277,0.0140576061,1.2610845466,3.8112629474,-0.3066377652,0.1803569114,-1.9045091753,1.2958949015,1,0,0,0,0,0,0,0,0,0,0,0,0,0,1,1
7.3333333333,223.0372157831,-327.4179607315,5.9098657610,-0.3170558760,0.0308794097,-0.0294326509,6.5951696910,-2.1640409515,-0.2144111643,0.5813611428,0.0124477082,0.0356558544,1.2369481951,3.8410185983,-0.0861932694,0.1723154397,-0.7484564565,-0.4566334564,1,0,0,0,0,0,0,0,0,0,0,0,0,0,1,1
7.3500000000,223.1474270127,-327.4529446687,5.9070870025,-0.3073665236,0.0310868715,-0.0288383867,6.6157854945,-2.1000239749,-0.2158477188,0.5842330668,-0.0000265661,0.0280452968,1.2080738453,3.8710704877,0.0002553779,0.1640903710,-0.1071110930,-0.1934575281,1,0,0,0,0,0,0,0,0,0,0,0,0,0,1,1
7.3666666667,223.2579722403,-327.4868533786,5.9042764525,-0.2976293058,0.0310864288,-0.0283709651,6.6359200586,-2.0355061334,-0.2158434625,0.5869679063,-0.0018117510,0.0248210047,1.1760804650,3.9007431119,0.0125803736,0.1556346284,0.2932379655,0.7314901730,1,0,0,0,0,0,0,0,0,0,0,0,0,0,1,1
7.3833333333,223.3688439010,-327.5196790436,5.9014467899,-0.2878465074,0.0310562329,-0.0279572817,6.6555213994,-1.9704937482,-0.2156337896,0.5895618168,0.0030755484,0.0370125076,1.1417924306,3.9296680340,-0.0213724975,0.1469278797,-0.4132734218,0.9610616529,1,0,0,0,0,0,0,0,0,0,0,0,0,0,1,1
7.4000000000,223.4800329572,-327.5514137719,5.8985849836,-0.2780204771,0.0311074921,-0.0273404065,6.6745512735,-1.9049992810,-0.2159899979,0.5920106148,-0.0038123419,0.0530302018,1.1090613697,3.9566867544,0.0264777118,0.1379586937,-0.1794793681,0.4596591933,1,0,0,0,0,0,0,0,0,0,0,0,0,0,1,1
7.4166666667,223.5915293617,-327.5820497904,5.8954165303,-0.2681536335,0.0310439530,-0.0264565698,6.6930356296,-1.8390545017,-0.2155487027,0.5943099264,-0.0068036647,0.0606911883,1.0746661159,3.9827115810,0.0472330802,0.1288257858,-0.8533091177,-1.7299649534,1,0,0,0,0,0,0,0,0,0,0,0,0,0,1,1
7.4333333333,223.7033241902,-327.6115800514,5.8922158563,-0.2582484681,0.0309305586,-0.0254450500,6.7109467314,-1.7726759754,-0.2147614847,0.5964570228,-0.0210254834,0.0318584391,1.0417652303,4.0068769980,0.1459765260,0.1191218398,-1.5354945761,-3.2714814935,1,0,0,0,0,0,0,0,0,0,0,0,0,0,1,1
7.4500000000,223.8154078352,-327.6399977237,5.8882788395,-0.2483075177,0.0305801339,-0.0249140760,6.7283094854,-1.7058946921,-0.2123285426,0.5984423868,-0.0466170596,-0.0226662525,1.0102832449,4.0292217637,0.3237333293,0.1005168958,1.4200972762,3.0179727008,1,0,0,0,0,0,0,0,0,0,0,0,0,0,1,1
7.4666666667,223.9277717626,-327.6672966630,5.8834636122,-0.2383334779,0.0298031829,-0.0252918469,6.7451475395,-1.6387409960,-0.2069329871,0.6001176684,-0.0229487717,0.0276332926,0.9677703283,4.0516656207,0.1591771508,0.0763485839,-0.0919303109,0.2739574144,1,0,0,0,0,0,0,0,0,0,0,0,0,0,1,1
7.4833333333,224.0404083982,-327.6934716258,5.8797829522,-0.2283315168,0.0294207034,-0.0248312920,6.7612770448,-1.5712132357,-0.2042800346,0.6013901448,-0.0244809436,0.0321992495,0.9293670544,4.0697571241,0.1699363620,0.0535665599,-0.3048164696,-0.5298230130,1,0,0,0,0,0,0,0,0,0,0,0,0,0,1,1
7.5000000000,224.1533042818,-327.7185168828,5.8760726159,-0.2183083477,0.0290126876,-0.0242946379,6.7767664959,-1.5033839503,-0.2014477619,0.6022829208,-0.0295612180,0.0233688659,0.8907388794,4.0847858483,0.2051954934,0.0325726569,-1.8082737888,-2.3820476181,1,0,0,0,0,0,0,0,0,0,0,0,0,0,1,1
7.5166666667,224.2664485772,-327.7424282131,5.8723329077,-0.2082702990,0.0285200007,-0.0239051568,6.7916121438,-1.4353041861,-0.1980278370,0.6028257984,-0.0596991145,-0.0163319277,0.8560422274,4.0961498324,0.4143017414,0.0133014230,-0.7568153974,1.6449724139,1,0,0,0,0,0,0,0,0,0,0,0,0,0,1,1
7.5333333333,224.3798306139,-327.7652022298,5.8685641187,-0.1982232024,0.0275250154,-0.0241773556,6.8058795142,-1.3670350223,-0.1911228080,0.6030474888,-0.0723127045,0.0110842792,0.8170271464,4.1058135106,0.5019863151,-0.0044082000,-0.2411451527,0.3059125203,1,0,0,0,0,0,0,0,0,0,0,0,0,0,1,1
7.5500000000,224.4934421502,-327.7868367425,5.8647665938,-0.1881724109,0.0263198037,-0.0239926176,6.8194966334,-1.2986047971,-0.1827563694,0.6029740188,-0.0763317904,0.0161828212,0.7757477487,4.1134325850,0.5299046448,-0.0206558630,-0.2777687944,-0.4931522570,1,0,0,0,0,0,0,0,0,0,0,0,0,0,1,1
7.5666666667,224.6072727518,-327.8073297654,5.8607394837,-0.1781228439,0.0250476072,-0.0237229039,6.8324257625,-1.2300475873,-0.1739246253,0.6026297544,-0.0809612703,0.0079636169,0.7340825777,4.1187842147,0.5620671022,-0.0355829768,-0.1308580315,0.2911309669,1,0,0,0,0,0,0,0,0,0,0,0,0,0,1,1
7.5833333333,224.7213108925,-327.8266797435,5.8564527473,-0.1680790147,0.0236982527,-0.0235901770,6.8446604721,-1.1614011838,-0.1645568403,0.6020367048,-0.0831422375,0.0128157997,0.6916373724,4.1220850901,0.5772355429,-0.0492987599,-0.1276687116,0.2845525830,1,0,0,0,0,0,0,0,0,0,0,0,0,0,1,1
7.6000000000,224.8355449592,-327.8448857120,5.8520291687,-0.1580450696,0.0223125487,-0.0233765803,6.8561877617,-1.0926997656,-0.1549362479,0.6012150588,-0.0852700493,0.0175583427,0.6489357628,4.1233792471,0.5920203047,-0.0618636238,0.0001885639,0.0238318979,1,0,0,0,0,0,0,0,0,0,0,0,0,0,1,1
7.6166666667,224.9499630127,-327.8619472197,5.8474716251,-0.1480248186,0.0208913812,-0.0230839413,6.8670033577,-1.0239767781,-0.1450692428,0.6001839984,-0.0852669066,0.0179555410,0.6057862363,4.1228266088,0.5920192707,-0.0733991759,0.0247812623,0.0755014153,1,0,0,0,0,0,0,0,0,0,0,0,0,0,1,1
7.6333333333,225.0645530450,-327.8778643389,5.8428871045,-0.1380217520,0.0194702661,-0.0227846822,6.8770997953,-0.9552630014,-0.1352022550,0.5989606788,-0.0848538855,0.0192138979,0.5625612150,4.1204880444,0.5891653479,-0.0699865199,-0.0852610428,-0.0470379786,1,0,0,0,0,0,0,0,0,0,0,0,0,0,1,1
7.6500000000,225.1793028414,-327.8926376161,5.8382964597,-0.1280390740,0.0180560347,-0.0224644506,6.9263281055,-0.8917189193,-0.1261084276,0.5977942368,-0.0862749029,0.0184299316,2.9139407991,3.8340322730,0.5589726269,-0.0602263450,-0.0227256055,-0.3734314614,1,0,0,0,0,0,0,0,0,0,0,0,0,0,1,1
7.6666666667,225.2951976012,-327.9063859389,5.8336404056,-0.1180758367,0.0166181197,-0.0221572851,6.9749439201,-0.8274211935,-0.1167344422,0.5967904644,-0.0866536630,0.0122060739,2.8768528419,3.8799110471,0.5686043164,-0.0546186947,0.1400843717,-0.3437425399,1,0,0,0,0,0,0,0,0,0,0,0,0,0,1,1
7.6833333333,225.4118948614,-327.9190537442,5.8289324288,-0.1081293290,0.0151738919,-0.0219538505,7.0229374929,-0.7623589917,-0.1071996714,0.5958801528,-0.0843189235,0.0064770316,2.8389727390,3.9259800904,0.5590643117,-0.0492944399,0.0354175607,-0.1180321853,1,0,0,0,0,0,0,0,0,0,0,0,0,0,1,1
7.7000000000,225.5293839511,-327.9306281645,5.8241972858,-0.0981979931,0.0137685765,-0.0218459000,7.0702956144,-0.6965291214,-0.0978254630,0.5950585788,-0.0837286308,0.0045098285,2.8007731235,3.9721621400,0.5616618362,-0.0442833859,-0.0237561967,0.0102970290,1,0,0,0,0,0,0,0,0,0,0,0,0,0,1,1
7.7166666667,225.6476538966,-327.9410962850,5.8194647123,-0.0882803501,0.0123730994,-0.0217707362,7.1170130012,-0.6299296863,-0.0884083565,0.5943205224,-0.0841245674,0.0046814457,2.7621115543,4.0184478866,0.5712302002,-0.0395717739,0.7973406225,2.3337004079,1,0,0,0,0,0,0,0,0,0,0,0,0,0,1,1
7.7333333333,225.7666936866,-327.9504451796,5.8146850379,-0.0783750081,0.0109710232,-0.0216927121,7.1630819797,-0.5625589462,-0.0788315109,0.5936609928,-0.0708355570,0.0435764525,2.7219170147,4.0648854075,0.4825641622,-0.0352313999,0.1559864441,0.9424254457,1,0,0,0,0,0,0,0,0,0,0,0,0,0,1,1
7.7500000000,225.8864921925,-327.9586619086,5.8105422123,-0.0684806582,0.0097904306,-0.0209664379,7.2084769230,-0.4944143549,-0.0707413274,0.5930738028,-0.0682357830,0.0592835432,2.6821279385,4.1112840068,0.4694330415,-0.0312625466,1.2424544591,-2.9950893866,1,0,0,0,0,0,0,0,0,0,0,0,0,0,1,1
7.7666666667,226.0070375845,-327.9657334931,5.8065013543,-0.0585960948,0.0086531676,-0.0199783788,7.2532046977,-0.4254965632,-0.0628717361,0.5925527604,-0.0475282087,0.0093653868,2.6407870645,4.1577381629,0.3244180026,-0.0276777333,-0.1284713762,0.3086971729,1,0,0,0,0,0,0,0,0,0,0,0,0,0,1,1
7.7833333333,226.1283184177,-327.9716470010,5.8034676146,-0.0487202155,0.0078610308,-0.0198222890,7.2972393640,-0.3558046383,-0.0574329351,0.5920914648,-0.0496693983,0.0145103397,2.6003775334,4.2040702223,0.3439315836,-0.0244918800,0.2203675995,0.5768266421,1,0,0,0,0,0,0,0,0,0,0,0,0,0,1,1
7.8000000000,226.2503225347,-327.9763894944,5.8002981294,-0.0388520244,0.0070332075,-0.0195804500,7.3405965950,-0.2853406243,-0.0516674729,0.5916832668,-0.0459966049,0.0241241170,2.5590454745,4.2503484135,0.3209466840,-0.0217229071,0.2906452070,0.5386932444,1,0,0,0,0,0,0,0,0,0,0,0,0,0,1,1
7.8166666667,226.3730384726,-327.9799481046,5.7970860885,-0.0289906366,0.0062665974,-0.0191783814,7.3832609979,-0.2141054223,-0.0462875515,0.5913212184,-0.0411525182,0.0331023378,2.5170947878,4.2965047144,0.2888700706,-0.0193674928,0.2216739089,-0.2597103553,1,0,0,0,0,0,0,0,0,0,0,0,0,0,1,1
7.8333333333,226.4964544222,-327.9823099920,5.7940100226,-0.0191352830,0.0055807221,-0.0186266758,7.4252222712,-0.1421010731,-0.0414454836,0.5909984268,-0.0374579530,0.0287738319,2.4746200323,4.3424869467,0.2647184766,-0.0174502800,0.5219702749,-1.0684901708,1,0,0,0,0,0,0,0,0,0,0,0,0,0,1,1
7.8500000000,226.6205583963,-327.9834623689,5.7909477764,-0.0092853092,0.0049564229,-0.0181471119,7.4664716945,-0.0693304912,-0.0370084176,0.5907075888,-0.0287584484,0.0109656624,2.4313872179,4.3882436567,0.2027681853,-0.0159369874,1.1416474257,-2.7784357254,1,0,0,0,0,0,0,0,0,0,0,0,0,0,1,1
7.8666666667,226.7453382969,-327.9833925150,5.7882872507,0.0005598173,0.0044771154,-0.0179643509,7.5069966318,0.0042025465,-0.0336096845,0.5904419724,-0.0097309913,-0.0353415997,2.3872715311,4.4337153748,0.0622258107,-0.0149229325,0.7244811510,-0.9263538530,1,0,0,0,0,0,0,0,0,0,0,0,0,0,1,1
7.8833333333,226.8707817810,-327.9820877909,5.7865446144,0.0104005168,0.0043149322,-0.0185533776,7.5467823530,0.0784932671,-0.0325660713,0.5901932568,0.0023436945,-0.0507808306,2.3428043625,4.4788365599,-0.0280968004,-0.0142970400,0.0078140730,0.0143462166,1,0,0,0,0,0,0,0,0,0,0,0,0,0,1,1
7.9000000000,226.9968761851,-327.9795356610,5.7853719695,0.0202370711,0.0043539938,-0.0193997247,7.5858230293,0.1535358004,-0.0330359228,0.5899549728,0.0024739291,-0.0505417270,2.2980873293,4.5235672591,-0.0292689121,-0.0141204277,-0.0370899638,-0.0822385266,1,0,0,0,0,0,0,0,0,0,0,0,0,0,1,1
7.9166666667,227.1236088381,-327.9757237050,5.7841718427,0.0300696540,0.0043952259,-0.0202420869,7.6241145393,0.2293236069,-0.0335253967,0.5897196324,0.0018557630,-0.0519123691,2.2527601568,4.5678448833,-0.0247547393,-0.0143850923,0.2444702851,0.5214058665,1,0,0,0,0,0,0,0,0,0,0,0,0,0,1,1
7.9333333333,227.2509671109,-327.9706396266,5.7829066021,0.0398983145,0.0044261553,-0.0211072930,7.6616467220,0.3058490996,-0.0339392205,0.5894798808,0.0059302678,-0.0432222713,2.2066448575,4.6115971271,-0.0561394717,-0.0150818400,0.2965192113,0.6336837728,1,0,0,0,0,0,0,0,0,0,0,0,0,0,1,1
7.9500000000,227.3789382063,-327.9642712733,5.7816179203,0.0497229792,0.0045249931,-0.0218276642,7.6984064312,0.3831034802,-0.0348788518,0.5892285168,0.0108722546,-0.0326608751,2.1598693872,4.6547608945,-0.0947087511,-0.0161753079,0.4001499250,-0.1004255670,1,0,0,0,0,0,0,0,0,0,0,0,0,0,1,1
7.9666666667,227.5075090737,-327.9566066594,5.7805299386,0.0595434545,0.0047061973,-0.0223720121,7.7343826700,0.4610768948,-0.0364646141,0.5889589284,0.0175414200,-0.0343346346,2.1123997218,4.6972708311,-0.1472669478,-0.0177255320,0.0400703991,-0.3893189652,1,0,0,0,0,0,0,0,0,0,0,0,0,0,1,1
7.9833333333,227.6366664710,-327.9476339822,5.7795529863,0.0693594366,0.0049985543,-0.0229442560,7.7695638692,0.5397583955,-0.0389308138,0.5886635028,0.0182092600,-0.0408232840,2.0645425953,4.7390766980,-0.1538788330,-0.0196412400,-0.0663216273,-0.2571509912,1,0,0,0,0,0,0,0,0,0,0,0,0,0,1,1
8.0000000000,227.7663969344,-327.9373416441,5.7784806981,0.0791704950,0.0053020420,-0.0236246441,7.8039435947,0.6191361932,-0.0415076595,0.5883361488,0.0171038996,-0.0451091339,2.0161879410,4.7801169222,-0.1466812159,-0.0219651883,0.4178474712,0.4202891812,1,0,0,0,0,0,0,0,0,0,0,0,0,0,1,1
8.0166666667,227.8966869626,-327.9257182564,5.7773144313,0.0889760975,0.0055871070,-0.0243764630,7.8375135742,0.6991974692,-0.0439638045,0.5879700624,0.0240680241,-0.0381043142,1.9669192113,4.8202858612,-0.2028543181,-0.0246933316,0.0197454856,0.0258593044,1,0,0,0,0,0,0,0,0,0,0,0,0,0,1,1
8.0333333333,228.0275229423,-327.9127526602,5.7764576627,0.0987755985,0.0059882407,-0.0250115349,7.8702585540,0.7799276361,-0.0473608323,0.5875585068,0.0243971155,-0.0376733258,1.9173940739,4.8595731158,-0.2073925253,-0.0278211599,0.5031968281,1.0614321301,1,0,0,0,0,0,0,0,0,0,0,0,0,0,1,1
8.0500000000,228.1588909023,-327.8984339691,5.7755784963,0.1085682403,0.0063948593,-0.0256394237,7.9021742947,0.8613119330,-0.0508337174,0.5870948208,0.0327837293,-0.0199827903,1.8669327728,4.8978398903,-0.2760068473,-0.0312395088,0.4240119930,0.8924313664,1,0,0,0,0,0,0,0,0,0,0,0,0,0,1,1
8.0666666667,228.2907768909,-327.8827515542,5.7749186489,0.1183531540,0.0069412548,-0.0259724702,7.9332451757,0.9433332763,-0.0554557909,0.5865741623,0.0398505959,-0.0051089342,1.8159703350,4.9350701663,-0.3351159088,-0.0350004911,0.0082067538,0.0030040761,1,0,0,0,0,0,0,0,0,0,0,0,0,0,1,1
8.0833333333,228.4231665807,-327.8656951025,5.7744177531,0.1281293900,0.0076054314,-0.0260576191,7.9634628606,1.0259743153,-0.0610677492,0.5859908208,0.0399873751,-0.0050588662,1.7649159842,4.9712560841,-0.3394110101,-0.0391157999,-0.7394411085,1.6022500740,1,0,0,0,0,0,0,0,0,0,0,0,0,0,1,1
8.1000000000,228.5560454966,-327.8472546121,5.7738826627,0.1378959037,0.0082718877,-0.0261419335,7.9928258642,1.1092175685,-0.0667513843,0.5853388908,0.0276633566,0.0216453017,1.7143387132,5.0064309146,-0.2431513511,-0.0435306295,-0.3867422616,0.8469817006,1,0,0,0,0,0,0,0,0,0,0,0,0,0,1,1
8.1166666667,228.6893992518,-327.8274203779,5.7733131298,0.1476515519,0.0087329436,-0.0257811785,8.0213422368,1.1930461142,-0.0708224356,0.5846133803,0.0212176523,0.0357616634,1.6631188508,5.0403929736,-0.1931285632,-0.0482319304,-0.0780723391,0.1859589820,1,0,0,0,0,0,0,0,0,0,0,0,0,0,1,1
8.1333333333,228.8232138489,-327.8061829517,5.7727089435,0.1573951082,0.0090865711,-0.0251851507,8.0490012703,1.2774396537,-0.0740554570,0.5838095148,0.0199164466,0.0388609797,1.6112495351,5.0730719931,-0.1842242263,-0.0531712799,-0.2250194826,0.4996885686,1,0,0,0,0,0,0,0,0,0,0,0,0,0,1,1
8.1500000000,228.9574750359,-327.7835332459,5.7720049138,0.1671252668,0.0094185119,-0.0245374677,8.0757921382,1.3623767123,-0.0771392013,0.5829233268,0.0161661219,0.0471891225,1.5593023147,5.1045055527,-0.1551109904,-0.0583856704,-0.5567096181,-1.1603286006,1,0,0,0,0,0,0,0,0,0,0,0,0,0,1,1
8.1666666667,229.0921683076,-327.7594625568,5.7710786232,0.1768406556,0.0096879473,-0.0237509824,8.1017135930,1.4478364477,-0.0797352133,0.5819502323,0.0068876283,0.0278503125,1.5075860140,5.1347025200,-0.0800295952,-0.0638274894,-0.7323292627,-1.5358390330,1,0,0,0,0,0,0,0,0,0,0,0,0,0,1,1
8.1833333333,229.2272792067,-327.7339625291,5.7701148569,0.1865398261,0.0098027411,-0.0232868105,8.1267695552,1.5337981673,-0.0810736530,0.5808864408,-0.0053178595,0.0022529953,1.4559413593,5.1635988088,0.0203439634,-0.0694018799,-0.1732513564,-0.3391692428,1,0,0,0,0,0,0,0,0,0,0,0,0,0,1,1
8.2000000000,229.3627934760,-327.7070251353,5.7691134428,0.1962212668,0.0097141101,-0.0232492606,8.1509612741,1.6202401061,-0.0807310252,0.5797297428,-0.0082053821,-0.0033998254,1.4034110948,5.1909667877,0.0447673681,-0.0752167516,-0.0557887669,-0.1879454676,1,0,0,0,0,0,0,0,0,0,0,0,0,0,1,1
8.2166666667,229.4986969727,-327.6786426948,5.7679392350,0.2058834292,0.0095773537,-0.0233059243,8.1742739711,1.7071366897,-0.0799794067,0.5784761303,-0.0091351948,-0.0065322499,1.3506238500,5.2168608805,0.0531939629,-0.0811776881,0.3737858321,-0.8261481727,1,0,0,0,0,0,0,0,0,0,0,0,0,0,1,1
8.2333333333,229.6349751149,-327.6488080029,5.7666705422,0.2155246980,0.0094251005,-0.0234147952,8.1967033928,1.7944632566,-0.0790867220,0.5771231688,-0.0029054310,-0.0203013861,1.2972370501,5.2411553471,0.0016504987,-0.0872891998,-0.0111785903,-0.0021632930,1,0,0,0,0,0,0,0,0,0,0,0,0,0,1,1
8.2500000000,229.7716132102,-327.6175142848,5.7653620559,0.2251434175,0.0093766766,-0.0237531516,8.2182395482,1.8821930411,-0.0790572677,0.5756683488,-0.0030917408,-0.0203374410,1.2443461052,5.2640487092,0.0034573332,-0.0934907131,-0.2339016243,0.4738529472,1,0,0,0,0,0,0,0,0,0,0,0,0,0,1,1
8.2666666667,229.9085962684,-327.5847552542,5.7640136546,0.2347378900,0.0093251476,-0.0240921089,8.2388907916,1.9703026046,-0.0789975747,0.5741101703,-0.0069901012,-0.0124398918,1.1917847983,5.2854870003,0.0367311722,-0.0998598865,0.2440989919,0.7104018412,1,0,0,0,0,0,0,0,0,0,0,0,0,0,1,1
8.2833333333,230.0459095901,-327.5505249883,5.7624397756,0.2443063928,0.0092086459,-0.0242994405,8.2586626915,2.0587676063,-0.0783807066,0.5724458389,-0.0029217847,-0.0005998612,1.1387180700,5.3052210008,0.0026638294,-0.1061884798,0.1508063263,0.3535450903,1,0,0,0,0,0,0,0,0,0,0,0,0,0,1,1
8.3000000000,230.1835386538,-327.5148179590,5.7607935207,0.2538471568,0.0091599495,-0.0243094382,8.2775468303,2.1475595332,-0.0783343524,0.5706760309,-0.0004083459,0.0052925570,1.0859188901,5.3234212753,-0.0185960769,-0.1127474750,-0.0113842836,0.0068101705,1,0,0,0,0,0,0,0,0,0,0,0,0,0,1,1
8.3166666667,230.3214686490,-327.4776291549,5.7591054364,0.2633584240,0.0091531438,-0.0242212289,8.2955477360,2.2366527313,-0.0786440135,0.5687969063,-0.0005980840,0.0054060599,1.0335280661,5.3400793054,-0.0169316280,-0.1192660445,-0.3065882287,-0.6250125858,1,0,0,0,0,0,0,0,0,0,0,0,0,0,1,1
8.3333333333,230.4596848897,-327.4389539944,5.7573754394,0.2728383724,0.0091431757,-0.0241311279,8.3126722919,2.3260214054,-0.0789258067,0.5668091389,-0.0057078878,-0.0050108166,0.9817602774,5.3552526449,0.0272267696,-0.1256983198,1.1951337898,-2.8636318792,1,0,0,0,0,0,0,0,0,0,0,0,0,0,1,1
8.3500000000,230.5981728664,-327.3987883120,5.7553575693,0.2822851914,0.0090480442,-0.0242146415,8.3289309734,2.4156407251,-0.0784682040,0.5647141669,0.0142110087,-0.0527380146,0.9283932816,5.3682845119,-0.1450962675,-0.1322886372,0.3275181353,-0.7317381683,1,0,0,0,0,0,0,0,0,0,0,0,0,0,1,1
8.3666666667,230.7369183676,-327.3571283179,5.7532417693,0.2916970942,0.0092848944,-0.0250936084,8.3442970475,2.5054748654,-0.0808959960,0.5625093562,0.0196696443,-0.0649336507,0.8764261529,5.3799869338,-0.1937700711,-0.1388169222,-0.1916646246,1.0733709436,1,0,0,0,0,0,0,0,0,0,0,0,0,0,1,1
8.3833333333,230.8759062228,-327.3139709915,5.7510816161,0.3010722501,0.0096127218,-0.0261758359,8.3587939967,2.5955015997,-0.0841386751,0.5601957409,0.0164752339,-0.0470441350,0.8255321802,5.3902899243,-0.1673642603,-0.1463468397,1.5505496624,3.5593637550,1,0,0,0,0,0,0,0,0,0,0,0,0,0,1,1
8.4000000000,231.0151219487,-327.2693135990,5.7485872916,0.3104088458,0.0098873090,-0.0269599048,8.3724398289,2.6856975301,-0.0869391168,0.5577566269,0.0423177283,0.0122785943,0.7726491212,5.3980364349,-0.3959885694,-0.1572974799,-0.0015139392,0.0048227328,1,0,0,0,0,0,0,0,0,0,0,0,0,0,1,1
8.4166666667,231.1545515839,-327.2231537720,5.7460010637,0.3197047896,0.0105926045,-0.0267552616,8.3852012823,2.7760198890,-0.0935672768,0.5551350022,0.0422924959,0.0123589732,0.7225063216,5.4041875323,-0.3991077136,-0.1688268795,-0.0019227298,0.0043760487,1,0,0,0,0,0,0,0,0,0,0,0,0,0,1,1
8.4333333333,231.2941799799,-327.1754902285,5.7433683279,0.3289570396,0.0112974794,-0.0265492787,8.3971242766,2.8664420019,-0.1002474060,0.5523212209,0.0422604504,0.0124319073,0.6731850134,5.4080326646,-0.4022196045,-0.1809665996,0.4909050970,1.0599721291,1,0,0,0,0,0,0,0,0,0,0,0,0,0,1,1
8.4500000000,231.4339933379,-327.1263219708,5.7406891729,0.3381623933,0.0120018203,-0.0263420803,8.4082226009,2.9569252988,-0.1069793790,0.5493051109,0.0504422021,0.0300981095,0.6239158801,5.4091684129,-0.4785731196,-0.1934908030,-0.7829505165,4.8311665811,1,0,0,0,0,0,0,0,0,0,0,0,0,0,1,1
8.4666666667,231.5739781275,-327.0756486661,5.7383749502,0.3473174785,0.0128425236,-0.0258404451,8.4184971662,3.0474244596,-0.1149893934,0.5460802642,0.0373930268,0.1106175525,0.5779379899,5.4086734057,-0.3656664495,-0.2060728362,-0.1142208585,0.2786798275,1,0,0,0,0,0,0,0,0,0,0,0,0,0,1,1
8.4833333333,231.7141206163,-327.0234708462,5.7366295433,0.3564188162,0.0134657407,-0.0239968192,8.4280031078,3.1379122244,-0.1211088840,0.5426457169,0.0354893458,0.1152622163,0.5319831268,5.4053508803,-0.3516525239,-0.2191013996,-0.4245607199,-5.5481520523,1,0,0,0,0,0,0,0,0,0,0,0,0,0,1,1
8.5000000000,231.8544086348,-326.9697892631,5.7350634262,0.3654629115,0.0140572298,-0.0220757823,8.4367408409,3.2283412988,-0.1269935357,0.5389940269,0.0284133338,0.0227930154,0.4879272994,5.3997914935,-0.2904791513,-0.2319308869,-0.5566183775,-1.1779633059,1,0,0,0,0,0,0,0,0,0,0,0,0,0,1,1
8.5166666667,231.9948297518,-326.9146055832,5.7343710274,0.3744461453,0.0145307854,-0.0216958987,8.4447421890,3.3186742808,-0.1318538860,0.5351285121,0.0191363609,0.0031602936,0.4455413981,5.3919332270,-0.2086610563,-0.2449171921,-0.0042917301,0.0055194213,1,0,0,0,0,0,0,0,0,0,0,0,0,0,1,1
8.5333333333,232.1353722718,-326.8579220088,5.7336464884,0.3833649538,0.0148497247,-0.0216432271,8.4520351359,3.4088727319,-0.1353443877,0.5310465589,0.0190648320,0.0032522840,0.4034688810,5.3811757960,-0.2095545763,-0.2577999595,-0.0051329137,0.0042083703,1,0,0,0,0,0,0,0,0,0,0,0,0,0,1,1
8.5500000000,232.2760250832,-326.7997413399,5.7328902739,0.3922157298,0.0151674719,-0.0215890224,8.4586249518,3.4988881658,-0.1388497335,0.5267498929,0.0189792835,0.0033224235,0.3628834080,5.3679614800,-0.2103028175,-0.2704904915,-0.2538699076,-0.1428705613,1,0,0,0,0,0,0,0,0,0,0,0,0,0,1,1
8.5666666667,232.4167768877,-326.7400672971,5.7321019927,0.4009948947,0.0154837933,-0.0215336487,8.4645365566,3.5886795045,-0.1423674927,0.5222417181,0.0147481183,0.0009412475,0.3244078995,5.3525665358,-0.1728867558,-0.2830858274,-2.4423731235,3.9991889466,1,0,0,0,0,0,0,0,0,0,0,0,0,0,1,1
8.5833333333,232.5576168224,-326.6789042740,5.7311495340,0.4096989233,0.0157295953,-0.0215179612,8.4698052937,3.6782102961,-0.1452588143,0.5175236210,-0.0259581004,0.0675943966,0.2923933260,5.3369388644,0.2016785703,-0.2953378794,-0.5937226675,-4.2417908080,1,0,0,0,0,0,0,0,0,0,0,0,0,0,1,1
8.6000000000,232.6985347791,-326.6162571969,5.7299272199,0.4183243170,0.0152969603,-0.0203913879,8.4745393330,3.7674766957,-0.1418801256,0.5126013230,-0.0358534782,-0.0031021169,0.2578811197,5.3172365029,0.2957066190,-0.3072238162,2.0558587695,-0.2828533299,1,0,0,0,0,0,0,0,0,0,0,0,0,0,1,1
8.6166666667,232.8395238178,-326.5521304066,5.7283577624,0.4268676724,0.0146994023,-0.0204430899,8.4786968833,3.8564105495,-0.1369276701,0.5074809260,-0.0015891654,-0.0078163391,0.2196276733,5.2927490945,-0.0206389637,-0.0619471831,0.3511519906,0.7760987874,1,0,0,0,0,0,0,0,0,0,0,0,0,0,1,1
8.6333333333,232.9805751500,-326.4865298690,5.7266631088,0.4353256878,0.0146729162,-0.0205733622,8.4822153383,3.9449318168,-0.1372705884,0.5064484730,0.0042633678,0.0051186407,0.1695971941,5.3038051330,-0.0752690124,-0.4136864392,1.1341680164,-2.4613313012,1,0,0,0,0,0,0,0,0,0,0,0,0,0,1,1
8.6500000000,233.1216726392,-326.4194535331,5.7249323584,0.4437664957,0.0147439724,-0.0204880515,8.4848975889,4.0336354895,-0.1385279276,0.4995536990,0.0231661681,-0.0359035476,0.1419107914,5.2639541133,-0.2532685702,-0.5033575823,0.4468090596,-0.9939872215,1,0,0,0,0,0,0,0,0,0,0,0,0,0,1,1
8.6666666667,233.2628088539,-326.3509123796,5.7231657798,0.4520923907,0.0151300752,-0.0210864440,8.4871176616,4.1216695126,-0.1427645911,0.4911644060,0.0306129858,-0.0524700013,0.1233305522,5.2115008516,-0.3253458973,-0.5717356155,-0.7077393489,0.0411172332,1,0,0,0,0,0,0,0,0,0,0,0,0,0,1,1
8.6833333333,233.4039775958,-326.2809215338,5.7213637502,0.4602784641,0.0156402916,-0.0219609440,8.4890279811,4.2088230239,-0.1482075328,0.4816354790,0.0188173299,-0.0517847141,0.1140389752,5.1501136171,-0.2159161433,-0.6334390787,-1.5160766700,3.0434369065,1,0,0,0,0,0,0,0,0,0,0,0,0,0,1,1
8.7000000000,233.5451752862,-326.2094986196,5.7186300478,0.4683057221,0.0159539138,-0.0228240226,8.4907840145,4.2949465715,-0.1518187390,0.4710781611,-0.0064506146,-0.0010607656,0.1133125337,5.0805335378,0.0229531413,-0.6886924333,-1.2760735751,0.7476221933,1,0,0,0,0,0,0,0,0,0,0,0,0,0,1,1
8.7166666667,233.6864016130,-326.1366631165,5.7144162630,0.4761570248,0.0158464035,-0.0228417020,8.4925291116,4.3799031191,-0.1514318653,0.4595999538,-0.0277185075,0.0113996042,0.1185040719,5.0024484712,0.2267156117,-0.7377258439,-0.0314051968,-0.0136279758,1,0,0,0,0,0,0,0,0,0,0,0,0,0,1,1
8.7333333333,233.8276591379,-326.0624362281,5.7094860534,0.4838170240,0.0153844284,-0.0226517086,8.4943623053,4.4635504134,-0.1476347028,0.4473045231,-0.0282419274,0.0111724713,0.1271713191,4.9155211334,0.2339073258,-0.7808000384,-0.0319018893,-0.0152966341,1,0,0,0,0,0,0,0,0,0,0,0,0,0,1,1
8.7500000000,233.9689518452,-325.9868413416,5.7045074100,0.4912720994,0.0149137296,-0.0224655007,8.4963417450,4.5457405633,-0.1437173277,0.4342911891,-0.0287736256,0.0109175274,0.1419187458,4.8220377417,0.2413022545,-0.8181819270,-0.0323010779,-0.0166450411,1,0,0,0,0,0,0,0,0,0,0,0,0,0,1,1
8.7666666667,234.1102838415,-325.9099044785,5.6994811756,0.4985102859,0.0144341692,-0.0222835420,8.4985691691,4.6263639512,-0.1396763476,0.4206548237,-0.0293119769,0.0106401101,0.1624869138,4.7228105163,0.2488256839,-0.8501127897,0.1984061133,0.7918829795,1,0,0,0,0,0,0,0,0,0,0,0,0,0,1,1
8.7833333333,234.2516608527,-325.8316532592,5.6944082213,0.5055211996,0.0139456362,-0.0221062068,8.5011419655,4.7053245576,-0.1355096164,0.4064862772,-0.0260052083,0.0238381597,0.1881476123,4.6183670640,0.2190437338,-0.8768725182,1.7777029957,1.9264185253,1,0,0,0,0,0,0,0,0,0,0,0,0,0,1,1
8.8000000000,234.3930901346,-325.7521166931,5.6895433446,0.5122959709,0.0135122161,-0.0217089041,8.5041453269,4.7825351961,-0.1318414662,0.3918717352,0.0036231749,0.0559451351,0.2160922709,4.5079979767,-0.0680055565,-0.8986894626,0.5951009156,-3.1067586847,1,0,0,0,0,0,0,0,0,0,0,0,0,0,1,1
8.8166666667,234.5345801572,-325.6713251043,5.6870357736,0.5188271665,0.0135726023,-0.0207764852,8.5076174424,4.8578968148,-0.1329773191,0.3768935775,0.0135415235,0.0041658237,0.2512131439,4.3953292702,-0.1654065721,-0.9158851338,-0.0192581301,-0.0073621690,1,0,0,0,0,0,0,0,0,0,0,0,0,0,1,1
8.8333333333,234.6761391134,-325.5893107578,5.6853595287,0.5251087261,0.0137982944,-0.0207070548,8.5116783689,4.9313710468,-0.1357431660,0.3616288253,0.0132205547,0.0040431209,0.2920449125,4.2804285834,-0.1633210917,-0.9286448381,-0.0192780581,-0.0077891519,1,0,0,0,0,0,0,0,0,0,0,0,0,0,1,1
8.8500000000,234.8177777244,-325.5061060274,5.6836559536,0.5311358732,0.0140186370,-0.0206396695,8.5164236327,5.0029206568,-0.1384740399,0.3461514113,0.0128992537,0.0039133017,0.3370578568,4.1632570408,-0.1612096257,-0.9372591591,-0.0193120555,-0.0082734159,1,0,0,0,0,0,0,0,0,0,0,0,0,0,1,1
8.8666666667,234.9595085316,-325.4217435419,5.6819258629,0.5369050634,0.0142336245,-0.0205744478,8.5219231590,5.0725077616,-0.1411695075,0.3305304253,0.0125773861,0.0037754114,0.3858802667,4.0443859181,-0.1590538078,-0.9419440771,-0.0192804324,-0.0087354215,1,0,0,0,0,0,0,0,0,0,0,0,0,0,1,1
8.8833333333,235.1013451363,-325.3362564015,5.6801700142,0.5424139038,0.0144432476,-0.0205115242,8.5282406465,5.1401040370,-0.1438288292,0.3148313574,0.0122560456,0.0036298211,0.4381309874,3.9243525240,-0.1568644701,-0.9429778781,2.6978889382,1.8826996184,1,0,0,0,0,0,0,0,0,0,0,0,0,0,1,1
8.9000000000,235.2433020861,-325.2496780335,5.6783891989,0.5476610931,0.0146475151,-0.0204510272,8.5354334117,5.2056901499,-0.1464514467,0.2991150594,0.0572208612,0.0350081481,0.4875614183,3.8000338142,-0.6074149277,-0.9405812561,-2.1316412746,0.6941714740,1,0,0,0,0,0,0,0,0,0,0,0,0,0,1,1
8.9166666667,235.3853947844,-325.1620420438,5.6796901665,0.5526463441,0.0156011961,-0.0198675581,8.5434542088,5.2691945079,-0.1566133541,0.2834387051,0.0216935067,0.0465776726,0.5499465816,3.6818105122,-0.2553390874,-0.9350104602,-2.1049291039,-2.6555342254,1,0,0,0,0,0,0,0,0,0,0,0,0,0,1,1
8.9333333333,235.5276361068,-325.0733841309,5.6795088785,0.5573703225,0.0159627545,-0.0190912635,8.5525197637,5.3307192250,-0.1608835353,0.2678551975,-0.0133886451,0.0023187689,0.6148984476,3.5640735542,0.0964724647,-0.9264880781,-0.1943235582,-0.3764586696,1,0,0,0,0,0,0,0,0,0,0,0,0,0,1,1
8.9500000000,235.6700452904,-324.9837363870,5.6775700392,0.5618345758,0.0157396105,-0.0190526174,8.5626729645,5.3902725494,-0.1592666935,0.2524137295,-0.0166273710,-0.0039555423,0.6774454052,3.4442932093,0.1302837414,-0.9151901128,-1.5884885070,-3.3625121673,1,0,0,0,0,0,0,0,0,0,0,0,0,0,1,1
8.9666666667,235.8126422694,-324.8931305797,5.6754668512,0.5660414713,0.0154624876,-0.0191185431,8.5738735104,5.4478203986,-0.1570841615,0.2371605609,-0.0431021795,-0.0599974117,0.7444831666,3.3273903119,0.4005968149,-0.9014184836,-1.5699737281,3.2664617608,1,0,0,0,0,0,0,0,0,0,0,0,0,0,1,1
8.9833333333,235.9554450019,-324.8015996982,5.6720377523,0.5699941473,0.0147441179,-0.0201185000,8.5861964861,5.5034110282,-0.1503786786,0.2221369196,-0.0692684083,-0.0055563824,0.8122015066,3.2115189330,0.6709084843,-0.8853091182,1.8445296905,0.6110815430,1,0,0,0,0,0,0,0,0,0,0,0,0,0,1,1
9.0000000000,236.0984734122,-324.7091753067,5.6672986236,0.5736964293,0.0135896445,-0.0202111063,8.5996532174,5.5570618016,-0.1391504754,0.2073817676,-0.0385262468,0.0046283100,0.8739094001,3.0928423863,0.3616948774,-0.8671232888,0.4348344726,-0.0943638346,1,0,0,0,0,0,0,0,0,0,0,0,0,0,1,1
9.0166666667,236.2417473836,-324.6158886705,5.6634619270,0.5771527921,0.0129475404,-0.0201339678,8.6141430781,5.6087258854,-0.1330964213,0.1929297128,-0.0312790056,0.0030555794,0.9391695909,2.9779912017,0.2902917235,-0.8471059878,-0.0256796932,-0.0125064477,1,0,0,0,0,0,0,0,0,0,0,0,0,0,1,1
9.0333333333,236.3852831214,-324.5217730123,5.6598476081,0.5803682873,0.0124262236,-0.0200830415,8.6297254497,5.6584673874,-0.1282372742,0.1788112796,-0.0317070005,0.0028471386,1.0055167829,2.8658461606,0.2972357355,-0.8253309584,-0.0251484508,-0.0126420714,1,0,0,0,0,0,0,0,0,0,0,0,0,0,1,1
9.0500000000,236.5290985727,-324.4268598791,5.6562087645,0.5833484753,0.0118977736,-0.0200355892,8.6464184617,5.7063316828,-0.1232621068,0.1650557637,-0.0321261413,0.0026364374,1.0717550365,2.7560682803,0.3041281351,-0.8021040637,-0.0245960814,-0.0126242321,1,0,0,0,0,0,0,0,0,0,0,0,0,0,1,1
9.0666666667,236.6732121573,-324.3311798322,5.6525461877,0.5860994047,0.0113623379,-0.0199916486,8.6642202363,5.7523584728,-0.1181717853,0.1516873626,-0.0325360760,0.0024260336,1.1376073790,2.6488546605,0.3109753309,-0.7775042931,0.0851480464,-0.0170740694,1,0,0,0,0,0,0,0,0,0,0,0,0,0,1,1
9.0833333333,236.8176421850,-324.2347627204,5.6488605660,0.5886275274,0.0108200700,-0.0199512147,8.6831242611,5.7965907515,-0.1129670693,0.1387289577,-0.0311169419,0.0021414657,1.2026429202,2.5442862559,0.2987992377,-0.7518236385,3.0838492688,-0.0078921114,1,0,0,0,0,0,0,0,0,0,0,0,0,0,1,1
9.1000000000,236.9624067732,-324.1376376333,5.6451996949,0.5909396767,0.0103014543,-0.0199155236,8.7031168148,5.8390728625,-0.1079662371,0.1261985637,0.0202805459,0.0020099305,1.2623672258,2.4396456348,-0.2374916331,-0.7251349974,-0.0106334956,-0.0112422623,1,0,0,0,0,0,0,0,0,0,0,0,0,0,1,1
9.1166666667,237.1075237062,-324.0398329086,5.6428596686,0.5930429861,0.0106394634,-0.0198820247,8.7241089857,5.8798036832,-0.1119380167,0.1141129805,0.0201033210,0.0018225595,1.3256125821,2.3411629220,-0.2371529030,-0.6975745597,-0.0098368912,-0.0108818332,1,0,0,0,0,0,0,0,0,0,0,0,0,0,1,1
9.1333333333,237.2530079884,-323.9413777050,5.6405040561,0.5949448691,0.0109745187,-0.0198516488,8.7461596337,5.9188863209,-0.1159040321,0.1024867378,0.0199393728,0.0016411956,1.3875267904,2.2458726219,-0.2370364597,-0.6694480787,-0.0093332147,-0.0104912844,1,0,0,0,0,0,0,0,0,0,0,0,0,0,1,1
9.1500000000,237.3988768332,-323.8422985607,5.6381335689,0.5966529814,0.0113068416,-0.0198242955,8.7692464373,5.9563742615,-0.1198679970,0.0913292698,0.0197838192,0.0014663409,1.4479326585,2.1538673400,-0.2369891953,-0.6407481296,-0.0086163199,-0.0101240095,1,0,0,0,0,0,0,0,0,0,0,0,0,0,1,1
9.1666666667,237.5451470413,-323.7426210941,5.6357487729,0.5981751359,0.0116365719,-0.0197998565,8.7933441153,5.9923225382,-0.1238310700,0.0806501343,0.0196402139,0.0012976074,1.5066552836,2.0652447723,-0.2370503045,-0.6116760279,0.5650459731,-0.1780950974,1,0,0,0,0,0,0,0,0,0,0,0,0,0,1,1
9.1833333333,237.6918349443,-323.6423699812,5.6333503027,0.5995193048,0.0119639088,-0.0197782297,8.8184244611,6.0267878133,-0.1277950653,0.0704555339,0.0290576468,-0.0016706442,1.5625041506,1.9793645538,-0.3392415321,-0.5822877588,0.9747006600,0.1478770143,1,0,0,0,0,0,0,0,0,0,0,0,0,0,1,1
9.2000000000,237.8389563553,-323.5415689412,5.6313877054,0.6006935637,0.0124482029,-0.0198060738,8.8444393519,6.0598160303,-0.1334685566,0.0607507379,0.0453026578,0.0007939727,1.6154579004,1.8963701849,-0.5157608416,-0.5528933803,-0.0010767907,-0.0072313061,1,0,0,0,0,0,0,0,0,0,0,0,0,0,1,1
9.2166666667,237.9865259651,-323.4402411053,5.6301817563,0.6017060760,0.0132032472,-0.0197928409,8.8713403152,6.0914555329,-0.1420949191,0.0515358482,0.0452847113,0.0006734509,1.6680265020,1.8180831873,-0.5191645109,-0.5233867376,-0.0005356868,-0.0067885347,1,0,0,0,0,0,0,0,0,0,0,0,0,0,1,1
9.2333333333,238.1345573711,-323.3384089723,5.6289683467,0.6025650068,0.0139579924,-0.0197816167,8.8991208687,6.1217851317,-0.1507779975,0.0428127359,0.0452757832,0.0005603087,1.7184110988,1.7433942906,-0.5227024250,-0.4940359190,0.0001528587,-0.0061573951,1,0,0,0,0,0,0,0,0,0,0,0,0,0,1,1
9.2500000000,238.2830644975,-323.2360933982,5.6277479334,0.6032785524,0.0147125888,-0.0197722782,8.9277444356,6.1508650733,-0.1595200353,0.0345788039,0.0452783308,0.0004576854,1.7665373277,1.6723150960,-0.5263633413,-0.4648841894,0.0006241081,-0.0059413223,1,0,0,0,0,0,0,0,0,0,0,0,0,0,1,1
9.2666666667,238.4320606467,-323.1333142289,5.6265210546,0.6038548658,0.0154672277,-0.0197646501,8.9571732034,6.1787557982,-0.1683230902,0.0268307341,0.0452887326,0.0003586634,1.8123421260,1.6048538703,-0.5301096563,-0.4360222888,-0.1533341503,0.2693093260,1,0,0,0,0,0,0,0,0,0,0,0,0,0,1,1
9.2833333333,238.5815584728,-323.0300903038,5.6252880869,0.6043020447,0.0162220399,-0.0197586724,8.9873683043,6.2055178791,-0.1771885907,0.0195636960,0.0427331634,0.0048471521,1.8561684915,1.5412788589,-0.5058519260,-0.4075127992,-0.0297894080,-0.2769002507,1,0,0,0,0,0,0,0,0,0,0,0,0,0,1,1
9.3000000000,238.7315699607,-322.9264394616,5.6233741296,0.6046281063,0.0169342593,-0.0196778865,9.0182966083,6.2312163700,-0.1856480855,0.0127718160,0.0422366733,0.0002321480,1.8973158922,1.4811222511,-0.5038172294,-0.3795573569,0.0016717193,-0.0060659767,1,0,0,0,0,0,0,0,0,0,0,0,0,0,1,1
9.3166666667,238.8821066504,-322.8223783808,5.6213057769,0.6048409699,0.0176382038,-0.0196740174,9.0499132746,6.2559084992,-0.1940733362,0.0064458600,0.0422645353,0.0001310483,1.9359710011,1.4244818443,-0.5075144158,-0.3520440017,0.0021632566,-0.0060811339,1,0,0,0,0,0,0,0,0,0,0,0,0,0,1,1
9.3333333333,239.0331792556,-322.7179228521,5.6192294610,0.6049484009,0.0183426127,-0.0196718333,9.0821765847,6.2796531246,-0.2025602254,0.0005784600,0.0423005896,0.0000296961,1.9721921593,1.3713901945,-0.5113030515,-0.3251919594,0.0027302273,-0.0058779212,1,0,0,0,0,0,0,0,0,0,0,0,0,0,1,1
9.3500000000,239.1847977608,-322.6130877132,5.6171455775,0.6049580419,0.0190476226,-0.0196713383,9.1150457973,6.3025096448,-0.2111102828,-0.0048414060,0.0423460933,-0.0000682692,2.0059899846,1.3217955528,-0.5152004134,-0.2990523629,-0.3508911412,0.3565307890,1,0,0,0,0,0,0,0,0,0,0,0,0,0,1,1
9.3666666667,239.3369714826,-322.5078868236,5.6150544277,0.6048773518,0.0197533908,-0.0196724762,9.1484803546,6.3245365908,-0.2197253268,-0.0098256120,0.0364979077,0.0058739106,2.0384881931,1.2764014851,-0.4535515092,-0.2736046760,-0.5593518785,-0.3710064704,1,0,0,0,0,0,0,0,0,0,0,0,0,0,1,1
9.3833333333,239.4897090672,-322.4023330860,5.6124286602,0.6047135916,0.0203616892,-0.0195745776,9.1824584962,6.3458042576,-0.2273089726,-0.0143856900,0.0271753764,-0.0003095306,2.0693870527,1.2349280513,-0.3523697612,-0.2489392795,0.0010087018,-0.0057784178,1,0,0,0,0,0,0,0,0,0,0,0,0,0,1,1
9.4000000000,239.6430191046,-322.2964380423,5.6089487129,0.6044738301,0.0208146122,-0.0195797365,9.2169534473,6.3663782526,-0.2332000098,-0.0185346780,0.0271921881,-0.0004058376,2.0962592658,1.1956027322,-0.3547928721,-0.2250302475,0.0014595976,-0.0052995229,1,0,0,0,0,0,0,0,0,0,0,0,0,0,1,1
9.4166666667,239.7969099749,-322.1902120073,5.6054574286,0.6041649188,0.0212678153,-0.0195865004,9.2518978385,6.3862945335,-0.2391314435,-0.0222851821,0.0272165147,-0.0004941629,2.1208333432,1.1595285382,-0.3572485212,-0.2021133516,0.0019270010,-0.0040482163,1,0,0,0,0,0,0,0,0,0,0,0,0,0,1,1
9.4333333333,239.9513884740,-322.0836650435,5.6019550328,0.6037934991,0.0217214239,-0.0195947365,9.2872532140,6.4056075039,-0.2451038210,-0.0256537379,0.0272486314,-0.0005616332,2.1431756615,1.1266023922,-0.3597949477,-0.1799377196,-0.0911234015,-0.1796830972,1,0,0,0,0,0,0,0,0,0,0,0,0,0,1,1
9.4500000000,240.1064607680,-321.9768063426,5.5984417231,0.6033659368,0.0221755677,-0.0196040971,9.3229822283,6.4243698393,-0.2511186605,-0.0286526999,0.0257299080,-0.0035563515,2.1636596487,1.0969859425,-0.3447593811,-0.1588377709,-1.5516618859,0.1557632123,1,0,0,0,0,0,0,0,0,0,0,0,0,0,1,1
9.4666666667,240.2621324217,-321.8696442334,5.5949129922,0.6028883918,0.0226043995,-0.0196633696,9.3590537875,6.4426369179,-0.2568818887,-0.0312999961,-0.0001311234,-0.0009602980,2.1872636884,1.0739262176,-0.0528566665,-0.1385495885,-0.0139885810,0.0192025981,1,0,0,0,0,0,0,0,0,0,0,0,0,0,1,1
9.4833333333,240.4184085970,-321.7621860936,5.5912959253,0.6023667252,0.0226022142,-0.0196793745,9.3955200645,6.4605184224,-0.2577627453,-0.0336091559,-0.0003642664,-0.0006402547,2.2034894316,1.0500770101,-0.0503407105,-0.1192121998,-0.0023154332,-0.0020808840,1,0,0,0,0,0,0,0,0,0,0,0,0,0,1,1
9.5000000000,240.5752967954,-321.6544364996,5.5876676897,0.6018065726,0.0225961430,-0.0196900455,9.4322576386,6.4780011606,-0.2586015131,-0.0355960259,-0.0004028570,-0.0006749361,2.2177102802,1.0289871218,-0.0498707627,-0.1008694932,-0.0019630447,-0.0020459455,1,0,0,0,0,0,0,0,0,0,0,0,0,0,1,1
9.5166666667,240.7328009987,-321.5464012993,5.5840288875,0.6012133055,0.0225894288,-0.0197012944,9.4692329701,6.4951312971,-0.2594324226,-0.0372771841,-0.0004355744,-0.0007090352,2.2300463136,1.0105707665,-0.0494627330,-0.0835768664,-0.0016167794,-0.0016787782,1,0,0,0,0,0,0,0,0,0,0,0,0,0,1,1
9.5333333333,240.8909246435,-321.4380856112,5.5803796435,0.6005920191,0.0225821692,-0.0197131116,9.5064145278,6.5119535582,-0.2602565097,-0.0386701319,-0.0004625207,-0.0007370148,2.2405886258,0.9947059342,-0.0491172578,-0.0671043599,-1.3699149682,0.0001369843,1,0,0,0,0,0,0,0,0,0,0,0,0,0,1,1
9.5500000000,241.0496706588,-321.3294938495,5.5767200742,0.5999475169,0.0225744605,-0.0197253952,9.5437723036,6.5285106263,-0.2610748208,-0.0397885379,-0.0232944369,-0.0007347317,2.2542818452,0.9846347104,0.2150195981,-0.0516877345,-0.3132680294,-0.0030279160,1,0,0,0,0,0,0,0,0,0,0,0,0,0,1,1
9.5666666667,241.2090415013,-321.2206297380,5.5724728970,0.5992843746,0.0221862199,-0.0197376407,9.5813589916,6.5448994063,-0.2574755568,-0.0406500002,-0.0285155707,-0.0007851970,2.2625060783,0.9742643632,0.2774045958,-0.0373154253,-0.0067940764,-0.0002850028,1,0,0,0,0,0,0,0,0,0,0,0,0,0,1,1
9.5833333333,241.3690418982,-321.1114944936,5.5680842967,0.5986068746,0.0217109604,-0.0197507274,9.6190831195,6.5611149001,-0.2528330454,-0.0412719239,-0.0286288053,-0.0007899470,2.2680986493,0.9653475411,0.2809971102,-0.0237078000,-0.0064293197,-0.0006086874,1,0,0,0,0,0,0,0,0,0,0,0,0,0,1,1
9.6000000000,241.5296739965,-321.0020901941,5.5636829774,0.5979190092,0.0212338136,-0.0197638932,9.6569006690,6.5771814202,-0.2481305828,-0.0416670539,-0.0287359606,-0.0008000918,2.2722244278,0.9585473427,0.2845529853,-0.0111171750,-0.0062062015,-0.0004260567,1,0,0,0,0,0,0,0,0,0,0,0,0,0,1,1
9.6166666667,241.6909389299,-320.8924187425,5.5592690343,0.5972245583,0.0207548810,-0.0197772280,9.6947871090,6.5931343697,-0.2433687838,-0.0418523402,-0.0288393973,-0.0008071928,2.2749806651,0.9537335858,0.2880781845,0.0004644150,-0.8920382536,0.0176822355,1,0,0,0,0,0,0,0,0,0,0,0,0,0,1,1
9.6333333333,241.8528374498,-320.7824814899,5.5548424820,0.5965270193,0.0202742243,-0.0197906812,9.7327195346,6.6090069719,-0.2385481622,-0.0418445999,-0.0437067015,-0.0005124888,2.2792939455,0.9526928891,0.4653377659,0.0112129200,-0.4315215490,-0.0191669336,1,0,0,0,0,0,0,0,0,0,0,0,0,0,1,1
9.6500000000,242.0153699447,-320.6722792772,5.5499672580,0.5958296093,0.0195457793,-0.0197992227,9.7707239826,6.6248623260,-0.2307632563,-0.0416577179,-0.0508987274,-0.0008319377,2.2807333835,0.9522533355,0.5537484891,0.0210779851,-0.0101727033,0.0001364000,1,0,0,0,0,0,0,0,0,0,0,0,0,0,1,1
9.6666666667,242.1785380588,-320.5618113846,5.5448701162,0.5951353140,0.0186974672,-0.0198130883,9.8087523931,6.6407104853,-0.2215000207,-0.0413064182,-0.0510682724,-0.0008296644,2.2796762772,0.9525012576,0.5598343940,0.0300445348,-0.0099333696,0.0006964466,1,0,0,0,0,0,0,0,0,0,0,0,0,0,1,1
9.6833333333,242.3423421884,-320.4510772786,5.5397580752,0.5944468737,0.0178463293,-0.0198269161,9.8467630163,6.6565629452,-0.2121352397,-0.0408056759,-0.0512338286,-0.0008180570,2.2775965470,0.9542547830,0.5659152673,0.0381927599,-0.0097858840,0.0009935141,1,0,0,0,0,0,0,0,0,0,0,0,0,0,1,1
9.7000000000,242.5067816612,-320.3400765383,5.5346311786,0.5937667791,0.0169924322,-0.0198405504,9.8847387505,6.6724448811,-0.2026689997,-0.0401691299,-0.0513969266,-0.0008014984,2.2745756660,0.9574012979,0.5719865027,0.0455317057,0.8887735007,-0.0896034750,1,0,0,0,0,0,0,0,0,0,0,0,0,0,1,1
9.7166666667,242.6718555485,-320.2288083513,5.5294893889,0.5930972936,0.0161358167,-0.0198539087,9.9226638613,6.6883795864,-0.1931014631,-0.0394102682,-0.0365840350,-0.0022948896,2.2684050892,0.9602863046,0.3988247303,0.0520390941,0.5278416275,0.1011824323,1,0,0,0,0,0,0,0,0,0,0,0,0,0,1,1
9.7333333333,242.8375626800,-320.1172715503,5.5251931118,0.5924404558,0.0155260828,-0.0198921568,9.9604856802,6.7043626845,-0.1864298788,-0.0385429499,-0.0277866745,-0.0006085158,2.2626150182,0.9651146931,0.2961675290,0.0577771199,-0.0045533755,0.0007008522,1,0,0,0,0,0,0,0,0,0,0,0,0,0,1,1
9.7500000000,243.0039003800,-320.0054655120,5.5213964931,0.5917980733,0.0150629716,-0.0199022988,9.9982105728,6.7204266694,-0.1814751406,-0.0375799979,-0.0278625641,-0.0005968349,2.2575455341,0.9719448025,0.2993380883,0.0628707467,-0.0043285628,0.0010655675,1,0,0,0,0,0,0,0,0,0,0,0,0,0,1,1
9.7666666667,243.1708664301,-319.8933888804,5.5175895991,0.5911717400,0.0145985955,-0.0199122460,10.0358505951,6.7366050114,-0.1764675089,-0.0365321521,-0.0279347068,-0.0005790754,2.2518522726,0.9797326943,0.3024515663,0.0672602530,-0.0042987904,0.0012344892,1,0,0,0,0,0,0,0,0,0,0,0,0,0,1,1
9.7833333333,243.3384592251,-319.7810395037,5.5137724040,0.5905628708,0.0141330171,-0.0199218973,10.0733953201,6.7529137213,-0.1714079376,-0.0354111479,-0.0280063533,-0.0005585006,2.2456093935,0.9883731349,0.3055677168,0.0709030799,0.3620642242,-0.0290396613,1,0,0,0,0,0,0,0,0,0,0,0,0,0,1,1
9.8000000000,243.5066769979,-319.6684149989,5.5099448395,0.5899726850,0.0136662445,-0.0199312056,10.1108355592,6.7693670486,-0.1662963824,-0.0342294299,-0.0219719496,-0.0010424950,2.2380773296,0.9972036235,0.2343786815,0.0739249080,0.1847808246,0.0363908686,1,0,0,0,0,0,0,0,0,0,0,0,0,0,1,1
9.8166666667,243.6755178576,-319.5555127728,5.5065881288,0.5894021945,0.0133000453,-0.0199485805,10.1481497614,6.7859681664,-0.1623753535,-0.0329973481,-0.0188922692,-0.0004359805,2.2305904370,1.0069775362,0.1985611890,0.0764571717,-0.0018652254,0.0015305997,1,0,0,0,0,0,0,0,0,0,0,0,0,0,1,1
9.8333333333,243.8449793432,-319.4423303594,5.5034691219,0.5888522387,0.0129851742,-0.0199558469,10.1853386869,6.8027328439,-0.1590533457,-0.0317230619,-0.0189233563,-0.0004104705,2.2231794356,1.0176035210,0.2004668569,0.0782632798,-0.0019556102,0.0008227096,1,0,0,0,0,0,0,0,0,0,0,0,0,0,1,1
9.8500000000,244.0150591377,-319.3288649728,5.5003420577,0.5883235210,0.0126697849,-0.0199626880,10.2224036078,6.8196753215,-0.1556995559,-0.0304186739,-0.0189559498,-0.0003967587,2.2154958093,1.0286775831,0.2023891531,0.0797007494,-0.0018961605,0.0007617465,1,0,0,0,0,0,0,0,0,0,0,0,0,0,1,1
9.8666666667,244.1857550951,-319.2151135374,5.4972068319,0.5878165431,0.0123538524,-0.0199693007,10.2593399720,6.8368030857,-0.1523137060,-0.0290903281,-0.0189875524,-0.0003840629,2.2075789179,1.0401403085,0.2043031563,0.0805266103,0.2060471083,-0.0043860619,1,0,0,0,0,0,0,0,0,0,0,0,0,0,1,1
9.8833333333,244.3570650042,-319.1010728695,5.4940633744,0.5873317043,0.0120373932,-0.0199757017,10.2961438840,6.8541226282,-0.1488959349,-0.0277482179,-0.0155534340,-0.0004571639,2.1990767030,1.0516112744,0.1633455065,0.0808358398,0.0589734142,0.0093000941,1,0,0,0,0,0,0,0,0,0,0,0,0,0,1,1
9.9000000000,244.5289865993,-318.9867397114,5.4912761236,0.5868692340,0.0117781693,-0.0199833211,10.3328055599,6.8716340788,-0.1461630917,-0.0264009539,-0.0145705437,-0.0003021624,2.1907827001,1.0634925856,0.1524063765,0.0808354708,-0.0013139476,0.0005228429,1,0,0,0,0,0,0,0,0,0,0,0,0,0,1,1
9.9166666667,244.7015173583,-318.8721109000,5.4885872754,0.5864292181,0.0115353269,-0.0199883572,10.3693284879,6.8893442926,-0.1436132257,-0.0250536961,-0.0145924429,-0.0002934483,2.1825393529,1.0756030169,0.1538519896,0.0805881689,-0.0012639611,0.0012039592,1,0,0,0,0,0,0,0,0,0,0,0,0,0,1,1
9.9333333333,244.8746549149,-318.7571831141,5.4858914411,0.5860116565,0.0112921195,-0.0199932480,10.4057135202,6.9072570934,-0.1410392515,-0.0237105600,-0.0146135089,-0.0002733823,2.1742502958,1.0878166191,0.1552883930,0.0816047998,-0.0011940280,0.0011098127,1,0,0,0,0,0,0,0,0,0,0,0,0,0,1,1
9.9500000000,245.0483969511,-318.6419529632,5.4831885436,0.5856164805,0.0110485611,-0.0199978043,10.4419598955,6.9253741981,-0.1384413231,-0.0223504800,-0.0146334093,-0.0002548854,2.1657692801,1.1003521080,0.1567127254,0.0824363923,-0.4222318428,0.0079829577,1,0,0,0,0,0,0,0,0,0,0,0,0,0,1,1
9.9666666667,245.2227411037,-318.5264169619,5.4804785017,0.5852439725,0.0108046709,-0.0200020524,10.4780644108,6.9437009825,-0.1358196425,-0.0209765401,-0.0216706067,-0.0001218362,2.1578883244,1.1136907982,0.2463484133,0.0831484874,-0.0170755947,-0.0041868890,1,0,0,0,0,0,0,0,0,0,0,0,0,0,1,1
9.9833333333,245.3976849614,-318.4105715439,5.4779413080,0.5848943635,0.0104434941,-0.0200040830,10.5140371043,6.9622508689,-0.1316993205,-0.0195907320,-0.0219552000,-0.0001916176,2.1490632514,1.1267820474,0.2516786285,0.0832766398,-0.0023269306,0.0006220179,1,0,0,0,0,0,0,0,0,0,0,0,0,0,1,1
10.0000000000,245.5732264902,-318.2944127873,5.4754037799,0.5845678513,0.0100775741,-0.0200072767,10.5498621928,6.9810197114,-0.1274899709,-0.0182027880,-0.0219939821,-0.0001812507,2.1401154308,1.1400252127,0.2539345934,0.0835063138,-0.0022726070,0.0010259058,1,0,0,0,0,0,0,0,0,0,0,0,0,0,1,1
10.0166666667,245.7493632017,-318.1779370073,5.4728595375,0.5842644715,0.0097110077,-0.0200102975,10.5855376311,7.0000100439,-0.1232429959,-0.0168110161,-0.0220318589,-0.0001641522,2.1310599198,1.1534561653,0.2561839601,0.0833907659,0.3655714874,-0.0144094104,1,0,0,0,0,0,0,0,0,0,0,0,0,0,1,1
10.0333333333,245.9260925621,-318.0611404775,5.4703085222,0.5839842879,0.0093438101,-0.0200130334,10.6210616236,7.0192249986,-0.1189585061,-0.0154211700,-0.0159390008,-0.0004043091,2.1213479732,1.1666257753,0.1803921296,0.0827553598,1.2359319903,0.0148045166,1,0,0,0,0,0,0,0,0,0,0,0,0,0,1,1
10.0500000000,246.1034120073,-317.9440194417,5.4678143846,0.5837272684,0.0090781601,-0.0200197719,10.6564231982,7.0386601978,-0.1159412940,-0.0140419140,0.0046598657,-0.0001575671,2.1102769726,1.1789376117,-0.0814300758,0.0805849153,0.0023972944,0.0012240676,1,0,0,0,0,0,0,0,0,0,0,0,0,0,1,1
10.0666666667,246.2813186533,-317.8265703458,5.4655284374,0.5834932365,0.0091558245,-0.0200223980,10.6915996397,7.0583012942,-0.1173015833,-0.0126988321,0.0046998206,-0.0001371660,2.1013764584,1.1923277699,-0.0822878020,0.0777549644,0.0023619551,0.0009875117,1,0,0,0,0,0,0,0,0,0,0,0,0,0,1,1
10.0833333333,246.4598089094,-317.7087902006,5.4632361259,0.5832815893,0.0092341549,-0.0200246841,10.7266272424,7.0781663096,-0.1186761948,-0.0114029160,0.0047391865,-0.0001207075,2.0927290251,1.2053527382,-0.0831714123,0.0748767599,0.0022327816,0.0004314610,1,0,0,0,0,0,0,0,0,0,0,0,0,0,1,1
10.1000000000,246.6388803596,-317.5906753878,5.4609373757,0.5830915407,0.0093131413,-0.0200266959,10.7615102399,7.0982491303,-0.1200655595,-0.0101549700,0.0047763996,-0.0001135165,2.0843437353,1.2179967121,-0.0840320021,0.0718430366,0.5229775595,-0.0060377957,1,0,0,0,0,0,0,0,0,0,0,0,0,0,1,1
10.1166666667,246.8185306715,-317.4722223895,5.4586320602,0.5829222912,0.0093927480,-0.0200285878,10.7962530217,7.1185433812,-0.1214692923,-0.0089575860,0.0134926922,-0.0002141464,2.0753472307,1.2296350813,-0.1971501264,0.0689230831,0.4098230538,0.0075764279,1,0,0,0,0,0,0,0,0,0,0,0,0,0,1,1
10.1333333333,246.9987575916,-317.3534278037,5.4564650517,0.5827729981,0.0096176262,-0.0200321569,10.8308453733,7.1390322433,-0.1247641659,-0.0078088680,0.0203230764,-0.0000878726,2.0667559206,1.2409576238,-0.2868340162,0.0658295999,0.0054878919,0.0007408765,1,0,0,0,0,0,0,0,0,0,0,0,0,0,1,1
10.1500000000,247.1795584323,-317.2342886752,5.4544048907,0.5826428503,0.0099563441,-0.0200336215,10.8652940715,7.1597104297,-0.1295583464,-0.0067117080,0.0204145413,-0.0000755247,2.0591377042,1.2522839175,-0.2896450706,0.0626374778,0.0052582269,0.0007622040,1,0,0,0,0,0,0,0,0,0,0,0,0,0,1,1
10.1666666667,247.3609306731,-317.1148021174,5.4523390293,0.5825309885,0.0102965865,-0.0200348802,10.8996153907,7.1805779984,-0.1343994391,-0.0056677500,0.0205021784,-0.0000628213,2.0518311560,1.2631424153,-0.2924287585,0.0597157219,0.0051484103,0.0007363335,1,0,0,0,0,0,0,0,0,0,0,0,0,0,1,1
10.1833333333,247.5428722577,-316.9949651254,5.4502673232,0.5824365260,0.0106382894,-0.0200359272,10.9338145455,7.2016271232,-0.1392869853,-0.0046724880,0.0205879853,-0.0000505490,2.0448077926,1.2735744715,-0.2951989999,0.0567115199,-0.8078556044,0.0568459429,1,0,0,0,0,0,0,0,0,0,0,0,0,0,1,1
10.2000000000,247.7253811975,-316.8747748185,5.4481896818,0.5823586512,0.0109814225,-0.0200367697,10.9678962715,7.2228506685,-0.1442207597,-0.0037272960,0.0071237252,0.0008968834,2.0397476903,1.2846554275,-0.1199983982,0.0535672789,-0.0296686651,-0.0552143512,1,0,0,0,0,0,0,0,0,0,0,0,0,0,1,1
10.2166666667,247.9084555966,-316.7542284356,5.4466581409,0.5822965296,0.0111001513,-0.0200218217,11.0018933952,7.2442594784,-0.1462255046,-0.0028345080,0.0066292474,-0.0000233558,2.0334888716,1.2942567964,-0.1140896110,0.0505854009,0.0023591457,0.0001149434,1,0,0,0,0,0,0,0,0,0,0,0,0,0,1,1
10.2333333333,248.0920945775,-316.6333227376,5.4451441941,0.5822492878,0.0112106387,-0.0200222109,11.0357858797,7.2658288125,-0.1481314385,-0.0019914180,0.0066685665,-0.0000214401,2.0274693265,1.3033582217,-0.1151424711,0.0478159199,0.0023610563,0.0007575353,1,0,0,0,0,0,0,0,0,0,0,0,0,0,1,1
10.2500000000,248.2762964891,-316.5120551760,5.4436257598,0.5822160975,0.0113217815,-0.0200225683,11.0695777259,7.2875503075,-0.1500549464,-0.0011944860,0.0067079175,-0.0000088145,2.0217308738,1.3120339198,-0.1161998293,0.0449560797,-0.6973541938,-0.0255504962,1,0,0,0,0,0,0,0,0,0,0,0,0,0,1,1
10.2666666667,248.4610597335,-316.3904233386,5.4421027618,0.5821961894,0.0114335801,-0.0200227152,11.1032736376,7.3094168432,-0.1519961033,-0.0004452180,-0.0049146524,-0.0004346561,2.0177709748,1.3212368181,0.0377767765,0.0421776001,-0.9485339410,0.0259895742,1,0,0,0,0,0,0,0,0,0,0,0,0,0,1,1
10.2833333333,248.6463827955,-316.2684249385,5.4401061738,0.5821887691,0.0113516693,-0.0200299594,11.1369033498,7.3314372287,-0.1513631985,0.0002577420,-0.0207235514,-0.0000014966,2.0145972803,1.3303263085,0.2489623010,0.0394628399,-0.0027638921,0.0008269523,1,0,0,0,0,0,0,0,0,0,0,0,0,0,1,1
10.3000000000,248.8322650566,-316.1460572717,5.4374676340,0.5821930648,0.0110062767,-0.0200299844,11.1704800052,7.3536095630,-0.1471999460,0.0009154560,-0.0207696163,0.0000122860,2.0096900791,1.3376516722,0.2512274711,0.0370656005,-0.0028820885,0.0001508652,1,0,0,0,0,0,0,0,0,0,0,0,0,0,1,1
10.3166666667,249.0187062658,-316.0233175678,5.4348211075,0.5822083224,0.0106601165,-0.0200297796,11.2039746286,7.3759043526,-0.1429989098,0.0015332160,-0.0208176511,0.0000148004,2.0050328675,1.3445949052,0.2535421056,0.0344771994,-0.0029556722,0.0000775590,1,0,0,0,0,0,0,0,0,0,0,0,0,0,1,1
10.3333333333,249.2057051148,-315.9002039042,5.4321665331,0.5822338760,0.0103131556,-0.0200295329,11.2373914012,7.3983152061,-0.1387592642,0.0021078360,-0.0208669123,0.0000160931,2.0006521728,1.3511146909,0.2558790125,0.0321973199,-1.3875776385,0.0042837777,1,0,0,0,0,0,0,0,0,0,0,0,0,0,1,1
10.3500000000,249.3932603613,-315.7767144819,5.4295038678,0.5822690066,0.0099653737,-0.0200292647,11.2707349455,7.4208350410,-0.1344806371,0.0026444580,-0.0439932063,0.0000874893,1.9989646027,1.3588769683,0.5696376410,0.0299667611,-0.0813986110,-0.0037763844,1,0,0,0,0,0,0,0,0,0,0,0,0,0,1,1
10.3666666667,249.5813708409,-315.6528475998,5.4263241193,0.5823130809,0.0092321536,-0.0200278066,11.3040502843,7.4434846253,-0.1249572101,0.0031439040,-0.0453498498,0.0000245496,1.9949221195,1.3645637989,0.5915348440,0.0278377188,-0.0076903788,0.0005024064,1,0,0,0,0,0,0,0,0,0,0,0,0,0,1,1
10.3833333333,249.7700368230,-315.5286007584,5.4231073337,0.5823654793,0.0084763228,-0.0200273974,11.3372980536,7.4662292622,-0.1150679210,0.0036078660,-0.0454780228,0.0000329230,1.9909661777,1.3698032840,0.5969229026,0.0257648400,-0.0077694887,-0.0002491739,1,0,0,0,0,0,0,0,0,0,0,0,0,0,1,1
10.4000000000,249.9592571823,-315.4039725157,5.4198805937,0.5824256104,0.0077183558,-0.0200268487,11.3704796994,7.4890614703,-0.1050887449,0.0040372800,-0.0456075143,0.0000287701,1.9872306643,1.3746915912,0.6023447661,0.0238798815,1.6758151905,0.0012710751,1,0,0,0,0,0,0,0,0,0,0,0,0,0,1,1
10.4166666667,250.1490307871,-315.2789615731,5.4166438197,0.5824928984,0.0069582305,-0.0200263692,11.4035989102,7.5119753784,-0.0950191176,0.0044352780,-0.0176772611,0.0000499547,1.9816376061,1.3779043735,0.2246106504,0.0223199984,1.4734874668,-0.0002917404,1,0,0,0,0,0,0,0,0,0,0,0,0,0,1,1
10.4333333333,250.3393565592,-315.1535667224,5.4141062903,0.5825668197,0.0066636095,-0.0200255366,11.4366246374,7.5349429767,-0.0912637661,0.0048072780,0.0068808633,0.0000450924,1.9767365250,1.3812034463,-0.1103282894,0.0206031600,0.0013411944,-0.0003725859,1,0,0,0,0,0,0,0,0,0,0,0,0,0,1,1
10.4500000000,250.5302323050,-315.0277875925,5.4121828892,0.5826469410,0.0067782906,-0.0200247851,11.4695684481,7.5579657054,-0.0931071799,0.0051506640,0.0069032166,0.0000388826,1.9739100799,1.3854523049,-0.1111658367,0.0190195219,0.0014065076,0.0005254599,1,0,0,0,0,0,0,0,0,0,0,0,0,0,1,1
10.4666666667,250.7216561868,-314.9016236944,5.4102532427,0.5827327854,0.0068933442,-0.0200241370,11.5024650246,7.5810594403,-0.0949645678,0.0054676560,0.0069266584,0.0000476403,1.9712596280,1.3894311037,-0.1120435408,0.0175913980,0.0220384853,0.0116914473,1,0,0,0,0,0,0,0,0,0,0,0,0,0,1,1
10.4833333333,250.9136274672,-314.7750739213,5.4083174051,0.5828239130,0.0070087885,-0.0200233430,11.5353173101,7.6042196656,-0.0968365998,0.0057608460,0.0072939665,0.0002424977,1.9687396630,1.3931479030,-0.1176747683,0.0164862000,0.1005256606,-0.0115052628,1,0,0,0,0,0,0,0,0,0,0,0,0,0,1,1
10.5000000000,251.1061454421,-314.6481372423,5.4064237413,0.5829199271,0.0071303546,-0.0200193014,11.5681274846,7.6274419994,-0.0988027316,0.0060356160,0.0089693941,0.0000507434,1.9662278590,1.3966064766,-0.1414780068,0.0152733622,0.0005670263,0.0005471402,1,0,0,0,0,0,0,0,0,0,0,0,0,0,1,1
10.5166666667,251.2992094357,-314.5208126799,5.4047552198,0.5830205207,0.0072798445,-0.0200184557,11.5941860888,7.6462971845,-0.1011081946,0.0062901720,0.0089788446,0.0000598624,1.5614376459,1.1344076183,-0.1387457662,0.0141512377,0.0001001526,0.0000936845,1,0,0,0,0,0,0,0,0,0,0,0,0,0,1,1
10.5333333333,251.4924273917,-314.3933575116,5.4030846571,0.5831253569,0.0074294919,-0.0200174580,11.5933716562,7.6475042163,-0.1031865776,0.0065260260,0.0089805138,0.0000614238,-0.0506931907,0.0751404573,-0.1247260198,0.0132123600,0.0000749903,-0.0002897620,1,0,0,0,0,0,0,0,0,0,0,0,0,0,1,1
10.5500000000,251.6856310547,-314.2658816116,5.4014134950,0.5832341240,0.0075791671,-0.0200164342,11.5925267696,7.6487565572,-0.1052653446,0.0067462320,0.0089817636,0.0000565944,-0.0524015628,0.0776770145,-0.1247432398,0.0120531625,1.1775516562,0.0052411000,1,0,0,0,0,0,0,0,0,0,0,0,0,0,1,1
10.5666666667,251.8788199494,-314.1383842756,5.3997417205,0.5833465612,0.0077288632,-0.0200154910,11.5916534102,7.6500511741,-0.1073443986,0.0069471180,0.0286076246,0.0001439461,-0.0557925220,0.0787814118,-0.3973419012,0.0114814775,0.2047293568,-0.0051297064,1,0,0,0,0,0,0,0,0,0,0,0,0,0,1,1
10.5833333333,252.0719936415,-314.0108648615,5.3986640370,0.5834623465,0.0082056569,-0.0200130919,11.5907235348,7.6513641976,-0.1139667636,0.0071384760,0.0320197805,0.0000584510,-0.0577683133,0.0806606869,-0.4447099011,0.0107193600,0.0000528866,0.0000058128,1,0,0,0,0,0,0,0,0,0,0,0,0,0,1,1
10.6000000000,252.2651506894,-313.8833234374,5.3976892295,0.5835813211,0.0087393199,-0.0200121177,11.5897607296,7.6527085424,-0.1213785953,0.0073171320,0.0320206620,0.0000585479,-0.0593431928,0.0825929932,-0.4447160151,0.0101019627,-0.0000134848,0.0002189249,1,0,0,0,0,0,0,0,0,0,0,0,0,0,1,1
10.6166666667,252.4582904353,-313.7557596118,5.3967138369,0.5837032733,0.0092729976,-0.0200111419,11.5887716764,7.6540850923,-0.1287905289,0.0074854980,0.0320204372,0.0000621966,-0.0608399273,0.0844055470,-0.4447106893,0.0097214373,-1.0865373927,-0.0153814014,1,0,0,0,0,0,0,0,0,0,0,0,0,0,1,1
10.6333333333,252.6514124121,-313.6281729153,5.3957378336,0.5838280316,0.0098066716,-0.0200101053,11.5877576776,7.6554918514,-0.1362023737,0.0076475220,0.0139114807,-0.0001941601,-0.0601504325,0.0875570814,-0.1931765156,0.0091929600,-0.9574532315,0.0159928551,1,0,0,0,0,0,0,0,0,0,0,0,0,0,1,1
10.6500000000,252.8445161553,-313.5005629069,5.3940591486,0.5839554903,0.0100385296,-0.0200133413,11.5867551704,7.6569511361,-0.1394219823,0.0078007380,-0.0020460732,0.0000723875,-0.0594979676,0.0905384640,0.0284370539,0.0089222428,0.0000134247,0.0000646293,1,0,0,0,0,0,0,0,0,0,0,0,0,0,1,1
10.6666666667,253.0376024177,-313.3729283809,5.3917614350,0.5840855026,0.0100044284,-0.0200121348,11.5857635376,7.6584601105,-0.1389480314,0.0079494420,-0.0020458494,0.0000734647,-0.0606498959,0.0922528806,0.0284131501,0.0087217171,0.0000863850,0.0002727862,1,0,0,0,0,0,0,0,0,0,0,0,0,0,1,1
10.6833333333,253.2306719037,-313.2452681838,5.3894631059,0.5842179933,0.0099703309,-0.0200109104,11.5847527060,7.6599976585,-0.1384744789,0.0080948040,-0.0020444097,0.0000780111,-0.0617767776,0.0939280153,0.0283931639,0.0085330800,-0.1637997063,0.0122080264,1,0,0,0,0,0,0,0,0,0,0,0,0,0,1,1
10.7000000000,253.4237242928,-313.1175818560,5.3871641500,0.5843529067,0.0099362574,-0.0200096102,11.5837230930,7.6615631254,-0.1380012595,0.0082370220,-0.0047744048,0.0002814782,-0.0625677144,0.0957731561,0.0663091259,0.0066639630,-0.6086821114,-0.0132543027,1,0,0,0,0,0,0,0,0,0,0,0,0,0,1,1
10.7166666667,253.6167592817,-312.9898689398,5.3849026575,0.5844901904,0.0098566840,-0.0200049189,11.5826802978,7.6631593447,-0.1368961074,0.0083480880,-0.0149191067,0.0000605732,-0.0622977065,0.0978017702,0.2072080266,0.0022845570,0.0000948032,0.0001878865,1,0,0,0,0,0,0,0,0,0,0,0,0,0,1,1
10.7333333333,253.8097768071,-312.8621289631,5.3827824662,0.5846293252,0.0096080322,-0.0200039094,11.5816420027,7.6647893742,-0.1334426403,0.0083861640,-0.0149175266,0.0000637046,-0.0626465783,0.0982056861,0.2071782535,-0.0019404000,0.0000042873,-0.0000181328,1,0,0,0,0,0,0,0,0,0,0,0,0,0,1,1
10.7500000000,254.0027774070,-312.7343613940,5.3806616749,0.5847690946,0.0093594068,-0.0200028476,11.5805978930,7.6664261356,-0.1299896694,0.0083538240,-0.0149174551,0.0000634024,-0.0624554171,0.0977942110,0.2071777437,-0.0054827970,-0.0000619547,-0.0002047308,1,0,0,0,0,0,0,0,0,0,0,0,0,0,1,1
10.7666666667,254.1957611260,-312.6065663519,5.3785402805,0.5849083250,0.0091107825,-0.0200017909,11.5795569695,7.6680560392,-0.1265367070,0.0082624440,-0.0149184877,0.0000599902,-0.0618111815,0.0966993622,0.2071925533,-0.0089420429,-1.1063814393,0.0006662464,1,0,0,0,0,0,0,0,0,0,0,0,0,0,1,1
10.7833333333,254.3887281346,-312.4787441460,5.3764182947,0.5850460324,0.0088621410,-0.0200007911,11.5785267831,7.6696676952,-0.1230834978,0.0081134100,-0.0333581784,0.0000710943,-0.0589181602,0.0961338503,0.4632934910,-0.0118634400,-0.1348260035,-0.0012583364,1,0,0,0,0,0,0,0,0,0,0,0,0,0,1,1
10.8000000000,254.5816787155,-312.3508952789,5.3738912347,0.5851812559,0.0083061714,-0.0199996062,11.5775448137,7.6712699260,-0.1153619396,0.0079156860,-0.0356052784,0.0000501220,-0.0574279538,0.0938283692,0.4945018430,-0.0143971172,-0.0002613014,-0.0002353691,1,0,0,0,0,0,0,0,0,0,0,0,0,0,1,1
10.8166666667,254.7746142695,-312.2230197368,5.3713143049,0.5853131840,0.0077127501,-0.0199987708,11.5765876812,7.6728337322,-0.1071202422,0.0076757340,-0.0356096335,0.0000461992,-0.0558433535,0.0908817021,0.4945636460,-0.0169524027,-0.0002792445,0.0001417893,1,0,0,0,0,0,0,0,0,0,0,0,0,0,1,1
10.8333333333,254.9675353005,-312.0951182951,5.3687368240,0.5854411129,0.0071192562,-0.0199980008,11.5756569586,7.6743484272,-0.0988775148,0.0073931940,-0.0356142875,0.0000485624,-0.0539307836,0.0874426380,0.4946303750,-0.0188499600,0.3453670486,0.0005792797,1,0,0,0,0,0,0,0,0,0,0,0,0,0,1,1
10.8500000000,255.1604422646,-311.9671919593,5.3661588434,0.5855643328,0.0065256847,-0.0199971915,11.5747581122,7.6758058045,-0.0906336752,0.0070790280,-0.0298581701,0.0000582170,-0.0521729303,0.0833736582,0.4146873712,-0.0206243975,0.2593999760,-0.0011624957,1,0,0,0,0,0,0,0,0,0,0,0,0,0,1,1
10.8666666667,255.3533356964,-311.8392418282,5.3637991456,0.5856823166,0.0060280486,-0.0199962212,11.5738885634,7.6771953655,-0.0837222190,0.0067352880,-0.0255348371,0.0000388421,-0.0499939840,0.0790907598,0.3546423855,-0.0217846824,-0.0003309872,-0.0000554231,1,0,0,0,0,0,0,0,0,0,0,0,0,0,1,1
10.8833333333,255.5462159725,-311.7112692424,5.3616035120,0.5857945714,0.0056024680,-0.0199955738,11.5730553303,7.6785135448,-0.0778115126,0.0063722100,-0.0255403536,0.0000379184,-0.0473400834,0.0748005362,0.3547213913,-0.0231591600,-0.0004269049,-0.0000416559,1,0,0,0,0,0,0,0,0,0,0,0,0,0,1,1
10.9000000000,255.7390836074,-311.5832755421,5.3594075115,0.5859007749,0.0051767954,-0.0199949418,11.5722663289,7.6797602204,-0.0718994894,0.0059862240,-0.0255474687,0.0000372241,-0.0445087818,0.0702459586,0.3548209913,-0.0239871579,0.2943297968,0.0002379246,1,0,0,0,0,0,0,0,0,0,0,0,0,0,1,1
10.9166666667,255.9319393563,-311.4552620124,5.3572111073,0.5860005453,0.0047510043,-0.0199943214,11.5715245159,7.6809309864,-0.0659858062,0.0055864380,-0.0206419720,0.0000411895,-0.0418183815,0.0653677014,0.2866901409,-0.0245538020,0.8752766866,-0.0008749812,1,0,0,0,0,0,0,0,0,0,0,0,0,0,1,1
10.9333333333,256.1247840042,-311.3272299832,5.3552218892,0.5860936526,0.0044069714,-0.0199936350,11.5708275429,7.6820204481,-0.0612076372,0.0051772080,-0.0060540273,0.0000266065,-0.0394688619,0.0601054992,0.0840785638,-0.0252698400,-0.0003199318,0.0002664871,1,0,0,0,0,0,0,0,0,0,0,0,0,0,1,1
10.9500000000,256.3176182078,-311.1991809137,5.3538488320,0.5861799394,0.0043060709,-0.0199931915,11.5701697285,7.6830222064,-0.0598063278,0.0047560440,-0.0060593595,0.0000310480,-0.0362446152,0.0552248931,0.0841569718,-0.0251625584,-0.0003591523,-0.0002590833,1,0,0,0,0,0,0,0,0,0,0,0,0,0,1,1
10.9666666667,256.5104424302,-311.0711164466,5.3524754151,0.5862592068,0.0042050816,-0.0199926740,11.5695656516,7.6839426213,-0.0584037116,0.0043366680,-0.0060653453,0.0000267299,-0.0330329935,0.0503658066,0.0842401443,-0.0253551615,-0.0003809308,-0.0004051476,1,0,0,0,0,0,0,0,0,0,0,0,0,0,1,1
10.9833333333,256.7032575652,-310.9430379301,5.3511016699,0.5863314846,0.0041039925,-0.0199922285,11.5690151017,7.6847820514,-0.0569997092,0.0039140820,-0.0060716942,0.0000199774,-0.0297956229,0.0454702313,0.0843283558,-0.0251351999,-0.7956683532,-0.0050701688,1,0,0,0,0,0,0,0,0,0,0,0,0,0,1,1
11.0000000000,256.8960645030,-310.8149467308,5.3497276289,0.5863967193,0.0040027976,-0.0199918956,11.5685185080,7.6855398886,-0.0555942366,0.0034951620,-0.0193328334,-0.0000645254,-0.0260042138,0.0410039174,0.2685070135,-0.0246610788,-0.0593257553,0.0039557392,1,0,0,0,0,0,0,0,0,0,0,0,0,0,1,1
11.0166666667,257.0888641370,-310.6868441951,5.3488940492,0.5864549720,0.0036805837,-0.0199929710,11.5680851044,7.6862232872,-0.0511191197,0.0030841440,-0.0203215960,0.0000014036,-0.0228809592,0.0362255574,0.2822426831,-0.0246427211,-0.0005427949,0.0000599656,1,0,0,0,0,0,0,0,0,0,0,0,0,0,1,1
11.0333333333,257.2816576669,-310.5587314293,5.3480998953,0.5865063744,0.0033418905,-0.0199929476,11.5677037551,7.6868270465,-0.0464150750,0.0026734320,-0.0203306426,0.0000024030,-0.0198047958,0.0314207987,0.2823687114,-0.0236210400,-0.0004693138,-0.0000015525,1,0,0,0,0,0,0,0,0,0,0,0,0,0,1,1
11.0500000000,257.4744459431,-310.4306097713,5.3473055397,0.5865509316,0.0030030464,-0.0199929076,11.5673736752,7.6873507265,-0.0417089298,0.0022797480,-0.0203384645,0.0000023772,-0.0168591275,0.0268134496,0.2824776294,-0.0232055993,-0.6030040181,-0.0019926410,1,0,0,0,0,0,0,0,0,0,0,0,0,0,1,1
11.0666666667,257.6672297656,-310.3024805127,5.3465110153,0.5865889274,0.0026640720,-0.0199928679,11.5670926897,7.6877976173,-0.0370009693,0.0018929880,-0.0303885314,-0.0000308335,-0.0137058319,0.0224593549,0.4220584216,-0.0220971606,-0.3827192670,0.0018004409,1,0,0,0,0,0,0,0,0,0,0,0,0,0,1,1
11.0833333333,257.8600099195,-310.1743449231,5.3456421756,0.5866204772,0.0021575965,-0.0199933818,11.5668642592,7.6881719399,-0.0299666623,0.0015247020,-0.0367671859,-0.0000008262,-0.0109351352,0.0181591998,0.5106547670,-0.0214891200,-0.0005181245,-0.0001806763,1,0,0,0,0,0,0,0,0,0,0,0,0,0,1,1
11.1000000000,258.0527872844,-310.0462041244,5.3447261234,0.5866458889,0.0015448101,-0.0199933956,11.5666820069,7.6884745932,-0.0214557495,0.0011665500,-0.0367758213,-0.0000038374,-0.0084423435,0.0138431450,0.5107761470,-0.0204602397,-0.0004999797,0.0001935459,1,0,0,0,0,0,0,0,0,0,0,0,0,0,1,1
11.1166666667,258.2455625952,-309.9180592869,5.3438100114,0.5866653314,0.0009318797,-0.0199934596,11.5665413012,7.6887053123,-0.0129428137,0.0008255460,-0.0367841543,-0.0000006117,-0.0060813945,0.0097255510,0.5108921660,-0.0193942803,0.1087612923,0.0022197269,1,0,0,0,0,0,0,0,0,0,0,0,0,0,1,1
11.1333333333,258.4383364390,-309.7899115998,5.3428938602,0.5866790905,0.0003188105,-0.0199934698,11.5664399446,7.6888674048,-0.0044279443,0.0005023080,-0.0349714661,0.0000363838,-0.0038511411,0.0058172786,0.4857160490,-0.0182034000,0.2644425240,-0.0022154086,1,0,0,0,0,0,0,0,0,0,0,0,0,0,1,1
11.1500000000,258.6311093543,-309.6617622033,5.3419335456,0.5866874623,-0.0002640473,-0.0199928634,11.5663757590,7.6889643595,0.0036673232,0.0001989180,-0.0305640907,-0.0000005397,-0.0017128672,0.0021788625,0.4245016672,-0.0172980000,-0.0004537729,0.0005284216,1,0,0,0,0,0,0,0,0,0,0,0,0,0,1,1
11.1666666667,258.8238818508,-309.5336121635,5.3408659933,0.5866907776,-0.0007734488,-0.0199928724,11.5663472111,7.6890006738,0.0107423510,-0.0000893820,-0.0305716536,0.0000082673,0.0003236959,-0.0012755547,0.4246064957,-0.0160703999,-0.0003974422,-0.0002440183,1,0,0,0,0,0,0,0,0,0,0,0,0,0,1,1
11.1833333333,259.0166544400,-309.4054624760,5.3397982945,0.5866892879,-0.0012829764,-0.0199927346,11.5663526061,7.6889794146,0.0178191259,-0.0003572220,-0.0305782776,0.0000042004,0.0022027564,-0.0044932977,0.4246982272,-0.0148485600,-0.0003553720,-0.0003475876,1,0,0,0,0,0,0,0,0,0,0,0,0,0,1,1
11.2000000000,259.2094275865,-309.2773140732,5.3387305114,0.5866833342,-0.0017926143,-0.0199926646,11.5663893187,7.6889045263,0.0248974297,-0.0006046980,-0.0305842005,-0.0000015928,0.0039251133,-0.0074756498,0.4247800972,-0.0135910803,1.3877013475,-0.0046017288,1,0,0,0,0,0,0,0,0,0,0,0,0,0,1,1
11.2166666667,259.4022017224,-309.1491678140,5.3376626850,0.5866732559,-0.0023023510,-0.0199926911,11.5664547372,7.6887799321,0.0319770980,-0.0008312160,-0.0074558447,-0.0000782883,0.0061871040,-0.0097498780,0.1035519730,-0.0124073997,0.0407810643,0.0048932346,1,0,0,0,0,0,0,0,0,0,0,0,0,0,1,1
11.2333333333,259.5949772348,-309.0210244903,5.3378500321,0.5866594023,-0.0024266151,-0.0199939959,11.5665578557,7.6886174342,0.0337029642,-0.0010380060,-0.0067761603,0.0000032657,0.0077860691,-0.0121355233,0.0941130178,-0.0113936400,-0.0000811336,0.0002174758,1,0,0,0,0,0,0,0,0,0,0,0,0,0,1,1
11.2500000000,259.7877548471,-308.8928845796,5.3380744278,0.5866421022,-0.0025395511,-0.0199939415,11.5666876234,7.6884151754,0.0352715145,-0.0012279000,-0.0067775125,0.0000068903,0.0092369508,-0.0143381208,0.0941318278,-0.0099554405,-0.0000673717,-0.0002532155,1,0,0,0,0,0,0,0,0,0,0,0,0,0,1,1
11.2666666667,259.9805349737,-308.7647486860,5.3382989587,0.5866216372,-0.0026525096,-0.0199938267,11.5668415727,7.6881762068,0.0368403783,-0.0013938240,-0.0067786354,0.0000026700,0.0105033644,-0.0162634292,0.0941473919,-0.0089708395,1.0670928685,-0.0000968625,1,0,0,0,0,0,0,0,0,0,0,0,0,0,1,1
11.2833333333,260.1733179673,-308.6366173433,5.3385235996,0.5865984068,-0.0027654869,-0.0199937822,11.5670166287,7.6879051496,0.0384095015,-0.0015433380,0.0110062458,0.0000010556,0.0122052182,-0.0176257498,-0.1528644117,-0.0077191200,0.5697366764,-0.0000375279,1,0,0,0,0,0,0,0,0,0,0,0,0,0,1,1
11.3000000000,260.3661041352,-308.5084910405,5.3392042700,0.5865726845,-0.0025820495,-0.0199937646,11.5672200490,7.6876113871,0.0358617613,-0.0016719900,0.0205018570,0.0000004302,0.0134251794,-0.0189604623,-0.2847470634,-0.0066247206,0.0001057614,-0.0004903045,1,0,0,0,0,0,0,0,0,0,0,0,0,0,1,1
11.3166666667,260.5588940625,-308.3803699844,5.3401285657,0.5865448180,-0.0022403518,-0.0199937574,11.5674438020,7.6872953794,0.0311159769,-0.0017824020,0.0205036197,-0.0000077416,0.0141923746,-0.0202918510,-0.2847719291,-0.0056793593,0.0001208651,0.0005053873,1,0,0,0,0,0,0,0,0,0,0,0,0,0,1,1
11.3333333333,260.7516881171,-308.2522544417,5.3410530983,0.5865151113,-0.0018986249,-0.0199938864,11.5676803416,7.6869571819,0.0263697781,-0.0018770580,0.0205056342,0.0000006815,0.0148383845,-0.0214411436,-0.2848000914,-0.0043869600,-0.8390175897,-0.0011269453,1,0,0,0,0,0,0,0,0,0,0,0,0,0,1,1
11.3500000000,260.9444864487,-308.1241447520,5.3419778832,0.5864838270,-0.0015568643,-0.0199938751,11.5679276480,7.6865998295,0.0216231099,-0.0019501740,0.0065220077,-0.0000181009,0.0151031730,-0.0224843479,-0.0905844598,-0.0033717607,-1.6870379243,0.0015019616,1,0,0,0,0,0,0,0,0,0,0,0,0,0,1,1
11.3666666667,261.1372891718,-307.9960411776,5.3427492408,0.5864513241,-0.0014481642,-0.0199941767,11.5681793676,7.6862250904,0.0201133689,-0.0020063700,-0.0215952911,0.0000069318,0.0150142917,-0.0234805643,0.2999383564,-0.0026182793,-0.0004371101,-0.0000016292,1,0,0,0,0,0,0,0,0,0,0,0,0,0,1,1
11.3833333333,261.3300962451,-307.8679440059,5.3432113565,0.5864178846,-0.0018080857,-0.0199940612,11.5684296057,7.6858337476,0.0251123415,-0.0020500080,-0.0216025762,0.0000069047,0.0152587353,-0.0240456917,0.3000359034,-0.0015177600,-0.0002600990,0.0003214020,1,0,0,0,0,0,0,0,0,0,0,0,0,0,1,1
11.4000000000,261.5229074654,-307.7398535747,5.3436735665,0.5863837178,-0.0021681286,-0.0199939461,11.5686839180,7.6854329861,0.0301129399,-0.0020753040,-0.0216069112,0.0000122614,0.0153622399,-0.0243987647,0.3000958854,-0.0006980407,0.0044637080,-0.0000409413,1,0,0,0,0,0,0,0,0,0,0,0,0,0,1,1
11.4166666667,261.7157228400,-307.6117699960,5.3441358913,0.5863491294,-0.0025282438,-0.0199937418,11.5689399553,7.6850263400,0.0351145380,-0.0020869380,-0.0215325161,0.0000115790,0.0153632313,-0.0245919860,0.2990615770,0.0002055608,0.3720632376,-0.0001090661,1,0,0,0,0,0,0,0,0,0,0,0,0,0,1,1
11.4333333333,261.9085423470,-307.4836933379,5.3445995456,0.5863143471,-0.0028871191,-0.0199935488,11.5691960092,7.6846164736,0.0400988976,-0.0020835120,-0.0153314621,0.0000097612,0.0154757996,-0.0244600142,0.2129350436,0.0009360000,-0.0000768747,0.0001627066,1,0,0,0,0,0,0,0,0,0,0,0,0,0,1,1
11.4500000000,262.1013659230,-307.3556236271,5.3451634610,0.5862796219,-0.0031426434,-0.0199933861,11.5694539392,7.6842088067,0.0436478150,-0.0020679120,-0.0153327434,0.0000124730,0.0153096839,-0.0243101700,0.2129539436,0.0018442793,-0.0000684828,0.0000543037,1,0,0,0,0,0,0,0,0,0,0,0,0,0,1,1
11.4666666667,262.2941936157,-307.2275607594,5.3457274612,0.5862451567,-0.0033981892,-0.0199931782,11.5697091006,7.6838036372,0.0471970474,-0.0020371740,-0.0153338848,0.0000133781,0.0150272908,-0.0239851962,0.2129696109,0.0020754007,-0.0000906626,-0.0002365737,1,0,0,0,0,0,0,0,0,0,0,0,0,0,1,1
11.4833333333,262.4870253378,-307.0995046502,5.3462915362,0.5862112038,-0.0036537539,-0.0199929553,11.5699595554,7.6834038839,0.0507465409,-0.0020025840,-0.0153353958,0.0000094352,0.0147152873,-0.0236156164,0.2129903996,0.0031122000,-0.3130330594,-0.0011763232,1,0,0,0,0,0,0,0,0,0,0,0,0,0,1,1
11.5000000000,262.6798609826,-306.9714552106,5.3468556632,0.5861778274,-0.0039093438,-0.0199927980,11.5702048102,7.6830102903,0.0542963809,-0.0019507140,-0.0205526135,-0.0000101702,0.0140166173,-0.0232147624,0.2854512054,0.0035495993,-0.1394491844,0.0008508913,1,0,0,0,0,0,0,0,0,0,0,0,0,0,1,1
11.5166666667,262.8727004177,-306.8434122880,5.3469598813,0.5861453155,-0.0042518874,-0.0199929675,11.5704384205,7.6826233776,0.0590539010,-0.0018915540,-0.0228767665,0.0000040113,0.0133557721,-0.0226670521,0.3177308352,0.0042271207,-0.0000259898,-0.0002244157,1,0,0,0,0,0,0,0,0,0,0,0,0,0,1,1
11.5333333333,263.0655433539,-306.7153758001,5.3468593994,0.5861137896,-0.0046331668,-0.0199929006,11.5706610167,7.6822455934,0.0643494149,-0.0018211020,-0.0228771997,0.0000002710,0.0127129319,-0.0219193440,0.3177357354,0.0047224800,-0.0000124852,0.0002014614,1,0,0,0,0,0,0,0,0,0,0,0,0,0,1,1
11.5500000000,263.2583895192,-306.5873456018,5.3467589653,0.5860834379,-0.0050144535,-0.0199928961,11.5708728989,7.6818802710,0.0696450105,-0.0017423940,-0.0228774078,0.0000036287,0.0120066848,-0.0210759474,0.3177380154,0.0051004794,0.9133969090,0.0035008985,1,0,0,0,0,0,0,0,0,0,0,0,0,0,1,1
11.5666666667,263.4512386929,-306.4593214748,5.3466585751,0.5860543980,-0.0053957436,-0.0199928356,11.5710730103,7.6815290052,0.0749406441,-0.0016573860,-0.0076541260,0.0000619770,0.0122474630,-0.0194988608,0.1062998761,0.0055645206,1.5410949780,-0.0036195027,1,0,0,0,0,0,0,0,0,0,0,0,0,0,1,1
11.5833333333,263.6440906412,-306.3313031804,5.3471692716,0.5860267749,-0.0055233124,-0.0199918027,11.5712771347,7.6812040242,0.0767123087,-0.0015646440,0.0180307903,0.0000016520,0.0131392077,-0.0173609462,-0.2504293375,0.0058568400,0.0005766318,0.0001388727,1,0,0,0,0,0,0,0,0,0,0,0,0,0,1,1
11.6000000000,263.8369456555,-306.2032900961,5.3487110572,0.5860006975,-0.0052227992,-0.0199917752,11.5714961215,7.6809146751,0.0725384864,-0.0014670300,0.0180404009,0.0000039665,0.0123268640,-0.0162730366,-0.2505576955,0.0061891195,0.0003939707,0.0001781245,1,0,0,0,0,0,0,0,0,0,0,0,0,0,1,1
11.6166666667,264.0298044226,-306.0752813138,5.3502532243,0.5859762470,-0.0049221259,-0.0199917091,11.5717015692,7.6806434578,0.0683625248,-0.0013638780,0.0180469670,0.0000069353,0.0114717912,-0.0151210893,-0.2506492569,0.0065052005,-0.2189277742,0.0093328672,1,0,0,0,0,0,0,0,0,0,0,0,0,0,1,1
11.6333333333,264.2226666913,-305.9472765224,5.3517956435,0.5859535157,-0.0046213431,-0.0199915935,11.5718927658,7.6803914397,0.0641850372,-0.0012554580,0.0143981708,0.0001624831,0.0103922881,-0.0140302999,-0.1999845056,0.0067564800,-3.9710755959,-0.0082687955,1,0,0,0,0,0,0,0,0,0,0,0,0,0,1,1
11.6500000000,264.4155321884,-305.8192754017,5.3533271505,0.5859325914,-0.0043813736,-0.0199888854,11.5720659705,7.6801576013,0.0608519621,-0.0011428500,-0.0517864225,0.0000246698,0.0058925179,-0.0151396407,0.7193213565,0.0067996796,0.0003977186,-0.0004249698,1,0,0,0,0,0,0,0,0,0,0,0,0,0,1,1
11.6666666667,264.6084005403,-305.6912776782,5.3546572560,0.5859135439,-0.0052444806,-0.0199884743,11.5721641792,7.6799052740,0.0728406514,-0.0010295220,-0.0517797938,0.0000175870,0.0045053102,-0.0141710400,0.7191626789,0.0071406004,0.0004413250,-0.0002676495,1,0,0,0,0,0,0,0,0,0,0,0,0,0,1,1
11.6833333333,264.8012694895,-305.5632843248,5.3559874398,0.5858963852,-0.0061074772,-0.0199881811,11.5722392677,7.6796690900,0.0848266960,-0.0009105120,-0.0517724384,0.0000131262,0.0030745121,-0.0131365532,0.7190567386,0.0071676000,0.0005106743,0.0004531950,1,0,0,0,0,0,0,0,0,0,0,0,0,0,1,1
11.7000000000,264.9941384878,-305.4352951549,5.3573176910,0.5858812100,-0.0069703512,-0.0199879624,11.5722905095,7.6794501474,0.0968109750,-0.0007910520,-0.0517639272,0.0000206794,0.0016407493,-0.0120967591,0.7189342005,0.0071963997,1.2704980451,-0.0085860278,1,0,0,0,0,0,0,0,0,0,0,0,0,0,1,1
11.7166666667,265.1870069969,-305.3073099722,5.3586480002,0.5858680258,-0.0078330833,-0.0199876177,11.5723178554,7.6792485348,0.1087932117,-0.0006711120,-0.0305889597,-0.0001224210,0.0022908553,-0.0096659932,0.4247751321,0.0076230002,0.4637323114,0.0077955908,1,0,0,0,0,0,0,0,0,0,0,0,0,0,1,1
11.7333333333,265.3798744779,-305.1793285786,5.3597677842,0.5858568406,-0.0083428993,-0.0199896581,11.5723560363,7.6790874349,0.1158727972,-0.0005440620,-0.0228600879,0.0000075055,0.0019203494,-0.0077940350,0.3174828054,0.0072313200,0.0002063271,0.0000326317,1,0,0,0,0,0,0,0,0,0,0,0,0,0,1,1
11.7500000000,265.5727415254,-305.0513499919,5.3608104727,0.5858477729,-0.0087239007,-0.0199895330,11.5723880421,7.6789575343,0.1211641773,-0.0004235400,-0.0228566491,0.0000080493,0.0008943421,-0.0064660319,0.3174419814,0.0074667599,0.0002219592,-0.0001568826,1,0,0,0,0,0,0,0,0,0,0,0,0,0,1,1
11.7666666667,265.7656082222,-304.9233735989,5.3618531957,0.5858407139,-0.0091048449,-0.0199893988,11.5724029478,7.6788497671,0.1264548770,-0.0002990940,-0.0228529498,0.0000054346,-0.0001616785,-0.0050924477,0.3173895016,0.0075420001,-0.8540338785,0.0043272245,1,0,0,0,0,0,0,0,0,0,0,0,0,0,1,1
11.7833333333,265.9584742506,-304.7953990337,5.3628959438,0.5858357290,-0.0094857274,-0.0199893082,11.5724002532,7.6787648930,0.1317447020,-0.0001733940,-0.0370868478,0.0000775550,-0.0028728736,-0.0047962951,0.5151190190,0.0075150000,-1.2176874939,-0.0040113365,1,0,0,0,0,0,0,0,0,0,0,0,0,0,1,1
11.8000000000,266.1513392795,-304.6674259348,5.3637725769,0.5858328391,-0.0101038415,-0.0199880157,11.5723523719,7.6786849547,0.1403300190,-0.0000481440,-0.0573816393,0.0000106994,-0.0066579509,-0.0052202839,0.7969739144,0.0072489600,0.0001184004,0.0004036777,1,0,0,0,0,0,0,0,0,0,0,0,0,0,1,1
11.8166666667,266.3442020755,-304.5394545404,5.3644119541,0.5858320367,-0.0110602022,-0.0199878373,11.5722414061,7.6785979500,0.1536129176,0.0000726720,-0.0573796660,0.0000174274,-0.0082201205,-0.0042431463,0.7968982532,0.0072572400,0.0002031897,-0.0003251072,1,0,0,0,0,0,0,0,0,0,0,0,0,0,1,1
11.8333333333,266.5370608160,-304.4114855003,5.3650511948,0.5858332479,-0.0120165299,-0.0199875469,11.5721044041,7.6785272309,0.1668945551,0.0001936260,-0.0573762795,0.0000120089,-0.0097833889,-0.0032644793,0.7968420764,0.0071708400,0.5046811265,0.0100693146,1,0,0,0,0,0,0,0,0,0,0,0,0,0,1,1
11.8500000000,266.7299148836,-304.2835186647,5.3656903295,0.5858364750,-0.0129728013,-0.0199873467,11.5719413476,7.6784728229,0.1801752564,0.0003131400,-0.0489649274,0.0001798308,-0.0099860253,-0.0014071462,0.6799429246,0.0071985601,5.0047958303,-0.0116778056,1,0,0,0,0,0,0,0,0,0,0,0,0,0,1,1
11.8666666667,266.9227636744,-304.1555538809,5.3666291324,0.5858416940,-0.0137888834,-0.0199843495,11.5717749139,7.6784493705,0.1915076385,0.0004331160,0.0344483365,-0.0000147993,0.0020585183,0.0085846516,-0.4785530636,0.0070307998,-0.0000140706,-0.0005837118,1,0,0,0,0,0,0,0,0,0,0,0,0,0,1,1
11.8833333333,267.1156073335,-304.0275904969,5.3705473170,0.5858489126,-0.0132147444,-0.0199845962,11.5718092225,7.6785924480,0.1835317541,0.0005502960,0.0344481019,-0.0000245278,0.0009279744,0.0097877055,-0.4784032550,0.0069379200,-0.0000322896,-0.0002365951,1,0,0,0,0,0,0,0,0,0,0,0,0,0,1,1
11.9000000000,267.3084528063,-303.8996233623,5.3744653851,0.5858580842,-0.0126406094,-0.0199850050,11.5718246887,7.6787555764,0.1755583665,0.0006659280,0.0344475638,-0.0000284710,-0.0001889531,0.0109738193,-0.4783992711,0.0069548403,-0.0000887291,0.0005442583,1,0,0,0,0,0,0,0,0,0,0,0,0,0,1,1
11.9166666667,267.5012997216,-303.7716521875,5.3783833121,0.5858691830,-0.0120664833,-0.0199854795,11.5718215395,7.6789384734,0.1675850453,0.0007818420,0.0344460850,-0.0000194001,-0.0013083142,0.0121632586,-0.4783820346,0.0063907197,-2.8880994545,-0.0007372474,1,0,0,0,0,0,0,0,0,0,0,0,0,0,1,1
11.9333333333,267.6941477086,-303.6436766818,5.3823010474,0.5858822137,-0.0114923819,-0.0199858028,11.5717997343,7.6791411944,0.1596120114,0.0008883540,-0.0136889059,-0.0000316875,-0.0086612894,0.0090590850,0.1901984997,0.0065700000,-0.8552681019,0.0015782980,1,0,0,0,0,0,0,0,0,0,0,0,0,0,1,1
11.9500000000,267.8869964055,-303.5156965924,5.3848822272,0.5858970196,-0.0117205304,-0.0199863310,11.5716553794,7.6792921791,0.1627819864,0.0009978540,-0.0279433743,-0.0000053826,-0.0115285882,0.0089813045,0.3881123271,0.0064512004,0.0001845800,-0.0000929811,1,0,0,0,0,0,0,0,0,0,0,0,0,0,1,1
11.9666666667,268.0798419522,-303.3877139740,5.3870670972,0.5859136505,-0.0121862533,-0.0199864207,11.5714632364,7.6794418676,0.1692505252,0.0011053740,-0.0279402980,-0.0000069322,-0.0125041971,0.0101257787,0.3880325417,0.0063039596,0.0001765558,-0.0000800386,1,0,0,0,0,0,0,0,0,0,0,0,0,0,1,1
11.9833333333,268.2726829972,-303.2597292253,5.3892518352,0.5859320734,-0.0126519249,-0.0199865362,11.5712548330,7.6796106305,0.1757177342,0.0012104400,-0.0279373554,-0.0000082662,-0.0134613006,0.0112415156,0.3879893932,0.0061786800,0.9715138261,0.0031362012,1,0,0,0,0,0,0,0,0,0,0,0,0,0,1,1
12.0000000000,268.4655192260,-303.1317420695,5.3914364216,0.5859522474,-0.0131175475,-0.0199866740,11.5710304780,7.6797979891,0.1821842241,0.0013134180,-0.0117454583,0.0000440038,-0.0118826175,0.0140057269,0.1630687196,0.0056851205,1.1818156144,-0.0039838361,1,0,0,0,0,0,0,0,0,0,0,0,0,0,1,1
12.0166666667,268.6583503392,-303.0037522283,5.3942179869,0.5859741377,-0.0133133051,-0.0199859406,11.5708324344,7.6800314179,0.1849020361,0.0014081700,0.0079514686,-0.0000223935,-0.0095955904,0.0171029638,-0.1104760079,0.0059835595,0.0003165754,-0.0001522048,1,0,0,0,0,0,0,0,0,0,0,0,0,0,1,1
12.0333333333,268.8511774546,-302.8757585208,5.3977261497,0.5859976072,-0.0131807806,-0.0199863138,11.5706725079,7.6803164673,0.1830607693,0.0015078960,0.0079567449,-0.0000249302,-0.0103739064,0.0182487263,-0.1105006497,0.0057312000,0.0002491738,-0.0000465591,1,0,0,0,0,0,0,0,0,0,0,0,0,0,1,1
12.0500000000,269.0440020270,-302.7477595204,5.4012342760,0.5860227388,-0.0130481682,-0.0199867293,11.5704996094,7.6806206127,0.1812190918,0.0016034160,0.0079608978,-0.0000257062,-0.0111196252,0.0193459465,-0.1105585199,0.0053172006,-0.1731574754,-0.0048053047,1,0,0,0,0,0,0,0,0,0,0,0,0,0,1,1
12.0666666667,269.2368238495,-302.6197549218,5.4047423362,0.5860494624,-0.0129154866,-0.0199871578,11.5703142824,7.6809430452,0.1793764498,0.0016920360,0.0050749399,-0.0001057946,-0.0122408728,0.0200790083,-0.0704715118,0.0052988394,-1.1498016679,0.0053583457,1,0,0,0,0,0,0,0,0,0,0,0,0,0,1,1
12.0833333333,269.4296427300,-302.4917444419,5.4080781559,0.5860776630,-0.0128309043,-0.0199889210,11.5701102678,7.6812776953,0.1782019246,0.0017803500,-0.0140884213,-0.0000164889,-0.0157868609,0.0191969920,0.1956992276,0.0053010000,0.0003085598,0.0000412503,1,0,0,0,0,0,0,0,0,0,0,0,0,0,1,1
12.1000000000,269.6224582283,-302.3637279645,5.4102726819,0.5861073355,-0.0130657113,-0.0199891958,11.5698471535,7.6815976452,0.1814635784,0.0018687000,-0.0140832786,-0.0000158013,-0.0165030759,0.0201939973,0.1955846516,0.0050238007,0.0002863891,-0.0000599561,1,0,0,0,0,0,0,0,0,0,0,0,0,0,1,1
12.1166666667,269.8152685666,-302.2357062606,5.4124671101,0.5861384805,-0.0133004326,-0.0199894592,11.5695721022,7.6819342118,0.1847233226,0.0019524300,-0.0140785055,-0.0000168006,-0.0171844465,0.0211372884,0.1955177528,0.0050360393,0.0002955791,-0.0001502674,1,0,0,0,0,0,0,0,0,0,0,0,0,0,1,1
12.1333333333,270.0080735493,-302.1076790724,5.4146614285,0.5861710210,-0.0135350744,-0.0199897392,11.5692856947,7.6822864999,0.1879819518,0.0020363640,-0.0140735791,-0.0000193051,-0.0178673171,0.0220827672,0.1954487215,0.0046728000,1.2594558014,0.0025954364,1,0,0,0,0,0,0,0,0,0,0,0,0,0,1,1
12.1500000000,270.2008729689,-301.9796461494,5.4168556333,0.5862049604,-0.0137696340,-0.0199900609,11.5689879062,7.6826545461,0.1912394305,0.0021142440,0.0069173509,0.0000239522,-0.0151454722,0.0251885305,-0.0961157397,0.0045079208,0.2929904930,0.0003978174,1,0,0,0,0,0,0,0,0,0,0,0,0,0,1,1
12.1666666667,270.3936666421,-301.8516072529,5.4201743161,0.5862401978,-0.0136543448,-0.0199896617,11.5687354816,7.6830743549,0.1896375015,0.0021893760,0.0118005258,0.0000305825,-0.0149707847,0.0265572970,-0.1638928445,0.0026614792,-0.0044246104,0.0094394822,1,0,0,0,0,0,0,0,0,0,0,0,0,0,1,1
12.1833333333,270.5864562566,-301.7235609138,5.4237559532,0.5862766874,-0.0134576694,-0.0199891520,11.5684859685,7.6835169765,0.1869059541,0.0022337340,0.0117267823,0.0001879072,-0.0153509350,0.0270445012,-0.1628568417,0.0010015200,-0.0058243469,-0.0123736225,1,0,0,0,0,0,0,0,0,0,0,0,0,0,1,1
12.2000000000,270.7792421284,-301.5955067171,5.4273374110,0.5863139163,-0.0132622230,-0.0199860202,11.5682301196,7.6839677182,0.1841916734,0.0022504260,0.0116297098,-0.0000183199,-0.0155214203,0.0272096984,-0.1615091757,-0.0004294792,-0.3706136810,-0.0190596023,1,0,0,0,0,0,0,0,0,0,0,0,0,0,1,1
12.2166666667,270.9720242040,-301.4674446210,5.4309186801,0.5863514234,-0.0130683945,-0.0199863256,11.5679714293,7.6844212132,0.1814998538,0.0022432680,0.0054528151,-0.0003359799,-0.0164173835,0.0264954138,-0.0757131962,-0.0017848808,-0.4377664802,0.0181283860,1,0,0,0,0,0,0,0,0,0,0,0,0,0,1,1
12.2333333333,271.1648024789,-301.3393746608,5.4342688306,0.5863888112,-0.0129775143,-0.0199919252,11.5676978062,7.6848628034,0.1802379672,0.0022135200,-0.0018432929,-0.0000338401,-0.0172883411,0.0254208472,0.0256173839,-0.0032144400,-0.0003768156,-0.0001717189,1,0,0,0,0,0,0,0,0,0,0,0,0,0,1,1
12.2500000000,271.3575764817,-301.2112972883,5.4373787331,0.5864257032,-0.0130082358,-0.0199924892,11.5674096672,7.6852864842,0.1806649236,0.0021599460,-0.0018495731,-0.0000367021,-0.0168788882,0.0247995178,0.0256863599,-0.0040150792,-0.0006461591,0.0010586267,1,0,0,0,0,0,0,0,0,0,0,0,0,0,1,1
12.2666666667,271.5503457196,-301.0832130786,5.4404883694,0.5864617023,-0.0130390620,-0.0199931009,11.5671283524,7.6856998095,0.1810930296,0.0020930280,-0.0018603425,-0.0000190583,-0.0163677098,0.0240233296,0.0258359281,-0.0054122407,0.0856702049,-0.0009002153,1,0,0,0,0,0,0,0,0,0,0,0,0,0,1,1
12.2833333333,271.7431103382,-300.9551222446,5.4435977782,0.5864965861,-0.0130700678,-0.0199934186,11.5668555572,7.6861001983,0.1815236284,0.0020028240,-0.0004325057,-0.0000340619,-0.0154596529,0.0231226707,0.0060027119,-0.0059248800,0.4112071460,0.0006014397,1,0,0,0,0,0,0,0,0,0,0,0,0,0,1,1
12.3000000000,271.9358705213,-300.8270250825,5.4466711945,0.5865299665,-0.0130772762,-0.0199939863,11.5665978964,7.6864855762,0.1816236736,0.0019040760,0.0064209467,-0.0000240379,-0.0136685953,0.0226664551,-0.0891860697,-0.0071427593,-0.0003376445,0.0005074890,1,0,0,0,0,0,0,0,0,0,0,0,0,0,1,1
12.3166666667,272.1286266028,-300.6989218274,5.4495700321,0.5865617011,-0.0129702604,-0.0199943869,11.5663700864,7.6868633504,0.1801372391,0.0017850300,0.0064153193,-0.0000155798,-0.0127630702,0.0212830967,-0.0890941024,-0.0071877606,-0.0003190188,0.0000615022,1,0,0,0,0,0,0,0,0,0,0,0,0,0,1,1
12.3333333333,272.3213794142,-300.5708124779,5.4524686361,0.5865914516,-0.0128633384,-0.0199946466,11.5661573686,7.6872180687,0.1786523374,0.0016652340,0.0064100023,-0.0000145547,-0.0118515594,0.0198914883,-0.0890203918,-0.0076755600,-0.0003373140,-0.0003082872,1,0,0,0,0,0,0,0,0,0,0,0,0,0,1,1
12.3500000000,272.5141291988,-300.4426974276,5.4553670303,0.5866192055,-0.0127565050,-0.0199948891,11.5659598426,7.6875495935,0.1771686642,0.0015373080,0.0064043804,-0.0000196929,-0.0108773787,0.0184057881,-0.0889424338,-0.0083721595,0.1807660987,0.0000455381,1,0,0,0,0,0,0,0,0,0,0,0,0,0,1,1
12.3666666667,272.7068762283,-300.3145770880,5.4582652247,0.5866448273,-0.0126497654,-0.0199952174,11.5657785529,7.6878563566,0.1756862903,0.0013977720,0.0094171488,-0.0000189339,-0.0093767101,0.0170764040,-0.1307885165,-0.0084704405,0.0337800207,0.0045039273,1,0,0,0,0,0,0,0,0,0,0,0,0,0,1,1
12.3833333333,272.8996207994,-300.1864519081,5.4612417308,0.5866681235,-0.0124928129,-0.0199955329,11.5656222745,7.6881409634,0.1735064817,0.0012565980,0.0099801491,0.0000561316,-0.0082286016,0.0154855216,-0.1386033417,-0.0087051600,0.0040867143,0.0090435439,1,0,0,0,0,0,0,0,0,0,0,0,0,0,1,1
12.4000000000,273.0923634442,-300.0583221885,5.4642337019,0.5866890668,-0.0123264771,-0.0199945974,11.5654851311,7.6883990554,0.1711964260,0.0011115120,0.0100482610,0.0002068573,-0.0071230447,0.0138009755,-0.1395485996,-0.0087213596,0.0059592897,-0.0127737965,1,0,0,0,0,0,0,0,0,0,0,0,0,0,1,1
12.4166666667,273.2851045111,-299.9301883693,5.4672291131,0.5867075920,-0.0121590061,-0.0199911498,11.5653664136,7.6886290716,0.1688706160,0.0009661560,0.0101475825,-0.0000060393,-0.0060113827,0.0121159936,-0.1409282822,-0.0086356803,-0.9011635331,-0.0219686159,1,0,0,0,0,0,0,0,0,0,0,0,0,0,1,1
12.4333333333,273.4778443086,-299.8020509184,5.4702295220,0.5867236946,-0.0119898797,-0.0199912504,11.5652662240,7.6888310049,0.1665218113,0.0008222280,-0.0048718097,-0.0003721829,-0.0070002300,0.0090583500,0.0676917779,-0.0088977600,-0.7488287165,0.0218927841,1,0,0,0,0,0,0,0,0,0,0,0,0,0,1,1
12.4500000000,273.6705831338,-299.6739103055,5.4733154906,0.5867373984,-0.0120710765,-0.0199974535,11.5651495535,7.6889819774,0.1676500076,0.0006739320,-0.0173522883,-0.0000073032,-0.0076338809,0.0061639520,0.2410234736,-0.0083483998,0.0000254915,0.0000885435,1,0,0,0,0,0,0,0,0,0,0,0,0,0,1,1
12.4666666667,273.8633201429,-299.5457677782,5.4765184180,0.5867486306,-0.0123602813,-0.0199975752,11.5650223221,7.6890847099,0.1716670655,0.0005347920,-0.0173518635,-0.0000058274,-0.0066216333,0.0045163298,0.2409804789,-0.0082868402,0.0003765268,0.0008861458,1,0,0,0,0,0,0,0,0,0,0,0,0,0,1,1
12.4833333333,274.0560546513,-299.4176244359,5.4797214254,0.5867575438,-0.0126494790,-0.0199976723,11.5649119616,7.6891599821,0.1756834068,0.0003966780,-0.0173455880,0.0000089417,-0.0056167510,0.0028810113,0.2408924276,-0.0084258000,0.0610230779,0.0020963614,1,0,0,0,0,0,0,0,0,0,0,0,0,0,1,1
12.5000000000,274.2487869149,-299.2894807490,5.4829248138,0.5867641551,-0.0129385722,-0.0199975233,11.5648183490,7.6892079989,0.1796982806,0.0002562480,-0.0163285367,0.0000438810,-0.0044393343,0.0013218958,0.2267526655,-0.0076676399,0.2315948449,-0.0025424183,1,0,0,0,0,0,0,0,0,0,0,0,0,0,1,1
12.5166666667,274.4415172054,-299.1613371870,5.4859963423,0.5867684259,-0.0132107145,-0.0199967919,11.5647443601,7.6892300305,0.1834774917,0.0001284540,-0.0124686226,0.0000015074,-0.0029076548,0.0002089995,0.1731508447,-0.0072345600,0.0000276646,0.0000733173,1,0,0,0,0,0,0,0,0,0,0,0,0,0,1,1
12.5333333333,274.6342458536,-299.0331941215,5.4885749598,0.5867705668,-0.0134185248,-0.0199967668,11.5646958993,7.6892335139,0.1863633391,0.0000078780,-0.0124681616,0.0000027293,-0.0020104895,-0.0012054004,0.1731535738,-0.0058953600,0.0000413663,0.0000750984,1,0,0,0,0,0,0,0,0,0,0,0,0,0,1,1
12.5500000000,274.8269734149,-298.9050517426,5.4911536265,0.5867706981,-0.0136263275,-0.0199967213,11.5646623910,7.6892134238,0.1892492320,-0.0000903780,-0.0124674721,0.0000039810,-0.0012848702,-0.0023615081,0.1731435116,-0.0047714401,0.0000728587,0.0000749541,1,0,0,0,0,0,0,0,0,0,0,0,0,0,1,1
12.5666666667,275.0197000860,-298.7769103742,5.4937323448,0.5867691918,-0.0138341187,-0.0199966550,11.5646409766,7.6891740654,0.1921349572,-0.0001699020,-0.0124662578,0.0000052302,-0.0007031502,-0.0033009708,0.1731261429,-0.0036777599,-0.3583894656,-0.0001921843,1,0,0,0,0,0,0,0,0,0,0,0,0,0,1,1
12.5833333333,275.2124260238,-298.6487702801,5.4963111241,0.5867663601,-0.0140418897,-0.0199965678,11.5646292574,7.6891190492,0.1950203929,-0.0002311980,-0.0184394156,0.0000020271,-0.0012498904,-0.0046866962,0.2560980295,-0.0026463600,-0.0443917269,0.0004225499,1,0,0,0,0,0,0,0,0,0,0,0,0,0,1,1
12.6000000000,275.4051513354,-298.5206316735,5.4988141889,0.5867625068,-0.0143492133,-0.0199965340,11.5646084259,7.6890409376,0.1992886934,-0.0002753040,-0.0191792777,0.0000090696,-0.0011015854,-0.0053236062,0.2663542315,-0.0016527601,0.0000108137,0.0000273657,1,0,0,0,0,0,0,0,0,0,0,0,0,0,1,1
12.6166666667,275.5978755531,-298.3924950694,5.5013078207,0.5867579184,-0.0146688679,-0.0199963829,11.5645900661,7.6889522108,0.2037279306,-0.0003028500,-0.0191790975,0.0000095257,-0.0009606609,-0.0056892586,0.2663483349,-0.0007192799,0.0000331431,-0.0000337952,1,0,0,0,0,0,0,0,0,0,0,0,0,0,1,1
12.6333333333,275.7905986334,-298.2643606240,5.5038014214,0.5867528709,-0.0149885195,-0.0199962241,11.5645740552,7.6888573899,0.2081670695,-0.0003148380,-0.0191785451,0.0000089625,-0.0009393214,-0.0058749422,0.2663393876,0.0001692000,0.8847617438,-0.0032167606,1,0,0,0,0,0,0,0,0,0,0,0,0,0,1,1
12.6500000000,275.9833205553,-298.1362284074,5.5062949735,0.5867476236,-0.0153081620,-0.0199960747,11.5645583997,7.6887594741,0.2126060593,-0.0003120180,-0.0044325160,-0.0000446502,0.0016129391,-0.0041309912,0.0615105298,0.0009982799,0.6709537375,0.0028313123,1,0,0,0,0,0,0,0,0,0,0,0,0,0,1,1
12.6666666667,276.1760412770,-298.0080984340,5.5096859411,0.5867424233,-0.0153820372,-0.0199968189,11.5645852821,7.6886906243,0.2136312348,-0.0002953800,0.0067500463,0.0000025383,0.0034680432,-0.0026202112,-0.0937780200,0.0017676001,0.0001216766,-0.0002071723,1,0,0,0,0,0,0,0,0,0,0,0,0,0,1,1
12.6833333333,276.3687621964,-297.8799696970,5.5137571546,0.5867375003,-0.0152695364,-0.0199967766,11.5646430828,7.6886469541,0.2120682678,-0.0002659200,0.0067520742,-0.0000009145,0.0032325407,-0.0022853709,-0.0937677898,0.0025160400,0.0001139328,0.0000863170,1,0,0,0,0,0,0,0,0,0,0,0,0,0,1,1
12.7000000000,276.5614843450,-297.7518413747,5.5178284026,0.5867330683,-0.0151570019,-0.0199967918,11.5646969585,7.6886088646,0.2105054713,-0.0002239860,0.0067539731,0.0000005241,0.0029017322,-0.0018061558,-0.0937943218,0.0031593599,-0.2926691457,0.0012584459,1,0,0,0,0,0,0,0,0,0,0,0,0,0,1,1
12.7166666667,276.7542076318,-297.6237133332,5.5218996819,0.5867293352,-0.0150444357,-0.0199967831,11.5647453207,7.6885787620,0.2089422326,-0.0001713300,0.0018761540,0.0000214982,0.0016431644,-0.0017646871,-0.0260384157,0.0037897201,-0.8836002416,-0.0009566806,1,0,0,0,0,0,0,0,0,0,0,0,0,0,1,1
12.7333333333,276.9469319434,-297.4955854036,5.5257548064,0.5867264797,-0.0150131664,-0.0199964248,11.5647727067,7.6885493505,0.2085082590,-0.0001081680,-0.0128505167,0.0000055535,-0.0014162383,-0.0027453929,0.1785103196,0.0043412400,0.0000787223,-0.0001107291,1,0,0,0,0,0,0,0,0,0,0,0,0,0,1,1
12.7500000000,277.1396566633,-297.3674577038,5.5289572584,0.5867246769,-0.0152273417,-0.0199963322,11.5647491028,7.6885035940,0.2114834310,-0.0000358140,-0.0128492047,0.0000037080,-0.0020034767,-0.0019292391,0.1784408097,0.0048513600,0.0000856662,-0.0000947041,1,0,0,0,0,0,0,0,0,0,0,0,0,0,1,1
12.7666666667,277.3323802111,-297.2393309493,5.5321596177,0.5867240800,-0.0154414951,-0.0199962704,11.5647157115,7.6884714400,0.2144574445,0.0000450420,-0.0128477769,0.0000021296,-0.0026567229,-0.0010151166,0.1784204047,0.0053305200,0.0000890533,-0.0000156061,1,0,0,0,0,0,0,0,0,0,0,0,0,0,1,1
12.7833333333,277.5251024004,-297.1112048889,5.5353618877,0.5867248307,-0.0156556247,-0.0199962349,11.5646714328,7.6884545214,0.2174311179,0.0001338840,-0.0128462927,0.0000018695,-0.0033712979,-0.0000086999,0.1783991936,0.0057247200,0.5942026702,-0.0002199156,1,0,0,0,0,0,0,0,0,0,0,0,0,0,1,1
12.8000000000,277.7178230168,-296.9830792545,5.5385640612,0.5867270621,-0.0158697296,-0.0199962038,11.5646152445,7.6884543764,0.2204044378,0.0002292960,-0.0029429148,-0.0000017957,-0.0023034771,0.0022924386,0.0408319439,0.0061088401,0.0457967160,-0.0000996391,1,0,0,0,0,0,0,0,0,0,0,0,0,0,1,1
12.8166666667,277.9105418426,-296.8549537484,5.5419988130,0.5867308837,-0.0159187782,-0.0199962337,11.5645768532,7.6884925837,0.2210849702,0.0003311100,-0.0021796362,-0.0000034564,-0.0029474313,0.0035620178,0.0302663161,0.0064317599,0.0001009979,-0.0000746530,1,0,0,0,0,0,0,0,0,0,0,0,0,0,1,1
12.8333333333,278.1032596648,-296.7268273757,5.5454514757,0.5867364022,-0.0159551055,-0.0199962913,11.5645277294,7.6885519507,0.2215894088,0.0004383060,-0.0021779529,-0.0000047006,-0.0037723131,0.0048013006,0.0302455021,0.0066844800,0.0000982555,-0.0001778857,1,0,0,0,0,0,0,0,0,0,0,0,0,0,1,1
12.8500000000,278.2959763242,-296.5986997463,5.5489040549,0.5867437073,-0.0159914047,-0.0199963697,11.5644648574,7.6886319723,0.2220935005,0.0005497140,-0.0021763153,-0.0000076654,-0.0046295584,0.0060892397,0.0302227378,0.0069375602,-0.1999724731,-0.0014439702,1,0,0,0,0,0,0,0,0,0,0,0,0,0,1,1
12.8666666667,278.4886915861,-296.4705704998,5.5523565246,0.5867528692,-0.0160276766,-0.0199964974,11.5643876982,7.6887334597,0.2225972128,0.0006653400,-0.0055091899,-0.0000317315,-0.0061399785,0.0070131490,0.0765210663,0.0071276397,-0.1282884232,0.0012273469,1,0,0,0,0,0,0,0,0,0,0,0,0,0,1,1
12.8833333333,278.6814052071,-296.3424392624,5.5559795092,0.5867639582,-0.0161194964,-0.0199970263,11.5642853652,7.6888503455,0.2238725639,0.0007841340,-0.0076473303,-0.0000112758,-0.0074605519,0.0081161627,0.1062076977,0.0072594000,0.0001509537,-0.0004653978,1,0,0,0,0,0,0,0,0,0,0,0,0,0,1,1
12.9000000000,278.8741165808,-296.2143058875,5.5597124896,0.5867770271,-0.0162469519,-0.0199972142,11.5641610227,7.6889856149,0.2256426922,0.0009051240,-0.0076448144,-0.0000190324,-0.0084016618,0.0095081201,0.1061640839,0.0063187203,0.0001323402,0.0001671870,1,0,0,0,0,0,0,0,0,0,0,0,0,0,1,1
12.9166666667,279.0668252265,-296.0861701342,5.5634453185,0.5867921125,-0.0163743655,-0.0199975314,11.5640209949,7.6891440835,0.2274120936,0.0010104360,-0.0076426087,-0.0000162459,-0.0092223523,0.0107184752,0.1061332325,0.0046619996,-0.2730960668,-0.0019896324,1,0,0,0,0,0,0,0,0,0,0,0,0,0,1,1
12.9333333333,279.2595309169,-295.9580316655,5.5671780011,0.5868089531,-0.0165017423,-0.0199978022,11.5638672891,7.6893227248,0.2291809808,0.0010881360,-0.0121942098,-0.0000494065,-0.0107090315,0.0110257156,0.1693706097,0.0031780800,-0.6748721450,0.0021925099,1,0,0,0,0,0,0,0,0,0,0,0,0,0,1,1
12.9500000000,279.4522334727,-295.8298902414,5.5709427411,0.5868270887,-0.0167049791,-0.0199986256,11.5636888052,7.6895064867,0.2320038243,0.0011411040,-0.0234420789,-0.0000128647,-0.0133571684,0.0101479531,0.3255962333,0.0018046804,0.0000133900,0.0001196732,1,0,0,0,0,0,0,0,0,0,0,0,0,0,1,1
12.9666666667,279.6449322906,-295.7017460175,5.5747871505,0.5868461071,-0.0170956805,-0.0199988400,11.5634661858,7.6896756193,0.2374304282,0.0011711820,-0.0234418557,-0.0000108701,-0.0136936803,0.0104255199,0.3255353894,0.0005043596,0.0000068147,-0.0000697347,1,0,0,0,0,0,0,0,0,0,0,0,0,0,1,1
12.9833333333,279.8376260652,-295.5735997222,5.5786313586,0.5868656268,-0.0174863781,-0.0199990212,11.5632379577,7.6898493779,0.2428560180,0.0011795880,-0.0234417422,-0.0000120323,-0.0138643187,0.0104518888,0.3255316072,-0.0006238800,-0.0000053662,-0.0000821303,1,0,0,0,0,0,0,0,0,0,0,0,0,0,1,1
13.0000000000,280.0303147132,-295.4454513730,5.5824753792,0.5868852866,-0.0178770738,-0.0199992217,11.5630068858,7.6900235761,0.2482815448,0.0011691900,-0.0234418316,-0.0000134012,-0.0138904677,0.0102609302,0.3255305754,-0.0016714796,0.4418040340,0.0022754363,1,0,0,0,0,0,0,0,0,0,0,0,0,0,1,1
13.0166666667,280.2229982014,-295.3173010398,5.5863192197,0.5869047731,-0.0182677710,-0.0199994451,11.5627753780,7.6901945916,0.2537070544,0.0011413320,-0.0160784310,0.0000245228,-0.0121978397,0.0109217069,0.2232234972,-0.0026110804,0.0144195621,-0.0023427883,1,0,0,0,0,0,0,0,0,0,0,0,0,0,1,1
13.0333333333,280.4156765342,-295.1891488486,5.5898894569,0.5869237953,-0.0185357448,-0.0199990364,11.5625720806,7.6903766200,0.2574274460,0.0010978140,-0.0158381050,-0.0000145237,-0.0118617307,0.0104194515,0.2199353094,-0.0034549200,-0.0000889249,-0.0000003387,1,0,0,0,0,0,0,0,0,0,0,0,0,0,1,1
13.0500000000,280.6083506185,-295.0609943984,5.5934502120,0.5869420922,-0.0187997132,-0.0199992785,11.5623743852,7.6905502776,0.2610930345,0.0010402320,-0.0158395871,-0.0000145294,-0.0114676396,0.0097209149,0.2199559377,-0.0042832796,-0.0001224964,0.0002031439,1,0,0,0,0,0,0,0,0,0,0,0,0,0,1,1
13.0666666667,280.8010205818,-294.9328378711,5.5970108295,0.5869594294,-0.0190637063,-0.0199995206,11.5621832578,7.6907122928,0.2647589668,0.0009688440,-0.0158416287,-0.0000111436,-0.0109675891,0.0088628740,0.2199831845,-0.0048070803,0.6685374571,-0.0008311688,1,0,0,0,0,0,0,0,0,0,0,0,0,0,1,1
13.0833333333,280.9936865533,-294.8046795112,5.6005713048,0.5869755768,-0.0193277335,-0.0199997063,11.5620004647,7.6908600074,0.2684253532,0.0008887260,-0.0046993377,-0.0000249964,-0.0078866167,0.0095759555,0.0651990060,-0.0054738000,0.3656401709,0.0006820664,1,0,0,0,0,0,0,0,0,0,0,0,0,0,1,1
13.1000000000,281.1863486697,-294.6765195994,5.6044899777,0.5869903889,-0.0194060558,-0.0200001229,11.5618690210,7.6910196066,0.2695120033,0.0007974960,0.0013946651,-0.0000136287,-0.0058203807,0.0094288602,-0.0193953360,-0.0059295597,-0.0004363203,0.0004555519,1,0,0,0,0,0,0,0,0,0,0,0,0,0,1,1
13.1166666667,281.3790084986,-294.5483575154,5.6086047863,0.5870036805,-0.0193828114,-0.0200003501,11.5617720147,7.6911767543,0.2691887477,0.0006986700,0.0013873931,-0.0000060361,-0.0050628852,0.0082845772,-0.0192656821,-0.0062992802,-0.0004077551,-0.0002016692,1,0,0,0,0,0,0,0,0,0,0,0,0,0,1,1
13.1333333333,281.5716670126,-294.4201930696,5.6127194805,0.5870153250,-0.0193596881,-0.0200004507,11.5616876333,7.6913148306,0.2688676530,0.0005936820,0.0013805972,-0.0000093973,-0.0042573475,0.0070694103,-0.0191713320,-0.0066132000,0.1524131722,-0.0046463075,1,0,0,0,0,0,0,0,0,0,0,0,0,0,1,1
13.1500000000,281.7643244275,-294.2920266053,5.6168340758,0.5870252197,-0.0193366782,-0.0200006073,11.5616166775,7.6914326541,0.2685481308,0.0004834620,0.0039208167,-0.0000868357,-0.0028431220,0.0061719433,-0.0544598458,-0.0068615999,0.3175320962,0.0045240929,1,0,0,0,0,0,0,0,0,0,0,0,0,0,1,1
13.1666666667,281.9569809813,-294.1638584745,5.6212423053,0.5870332774,-0.0192713312,-0.0200020546,11.5615692921,7.6915355198,0.2676404667,0.0003691020,0.0092130183,-0.0000114342,-0.0007937702,0.0056280659,-0.1279626604,-0.0070354801,-0.0003045122,-0.0000289542,1,0,0,0,0,0,0,0,0,0,0,0,0,0,1,1
13.1833333333,282.1496372364,-294.0356888323,5.6262593660,0.5870394291,-0.0191177809,-0.0200022451,11.5615560626,7.6916293209,0.2655077557,0.0002518440,0.0092079431,-0.0000119168,0.0000901959,0.0042604486,-0.1278644878,-0.0071409600,-0.0000077929,-0.0002506691,1,0,0,0,0,0,0,0,0,0,0,0,0,0,1,1
13.2000000000,282.3422940860,-293.9075176285,5.6312764368,0.5870436265,-0.0189643152,-0.0200024438,11.5615575659,7.6917003284,0.2633766809,0.0001328280,0.0092078132,-0.0000160946,0.0009892818,0.0028735152,-0.1278631077,-0.0072075600,-0.0048614852,0.0026662278,1,0,0,0,0,0,0,0,0,0,0,0,0,0,1,1
13.2166666667,282.5349517779,-293.7793452489,5.6362935266,0.5870458403,-0.0188108517,-0.0200027120,11.5615740539,7.6917482203,0.2612456291,0.0000127020,0.0091267885,0.0000283425,0.0018794048,0.0014622446,-0.1267390202,-0.0072003600,-0.9211318799,-0.0012466408,1,0,0,0,0,0,0,0,0,0,0,0,0,0,1,1
13.2333333333,282.7276105633,-293.6511720828,5.6413072206,0.5870460520,-0.0186587385,-0.0200022396,11.5616053774,7.6917725911,0.2591333121,-0.0001073040,-0.0062254095,0.0000075652,-0.0005227567,-0.0021374905,0.0865293359,-0.0071514000,0.0001733173,-0.0006078194,1,0,0,0,0,0,0,0,0,0,0,0,0,0,1,1
13.2500000000,282.9202706725,-293.5229985333,5.6456610288,0.5870442636,-0.0187624953,-0.0200021135,11.5615966647,7.6917369662,0.2605754677,-0.0002264940,-0.0062225209,-0.0000025651,0.0003884245,-0.0035192503,0.0864087419,-0.0070639201,-0.0008945990,0.0008678056,1,0,0,0,0,0,0,0,0,0,0,0,0,0,1,1
13.2666666667,283.1129305167,-293.3948262092,5.6500148500,0.5870404887,-0.0188662040,-0.0200021563,11.5616031384,7.6916783120,0.2620156134,-0.0003442260,-0.0062374309,0.0000118983,0.0012832112,-0.0048875479,0.0866157423,-0.0068921999,0.0004889432,-0.0000321302,1,0,0,0,0,0,0,0,0,0,0,0,0,0,1,1
13.2833333333,283.3055903479,-293.2666554880,5.6543686949,0.5870347516,-0.0189701612,-0.0200019580,11.5616245253,7.6915968529,0.2634592091,-0.0004590960,-0.0062292818,0.0000113628,0.0021610173,-0.0062194398,0.0865022878,-0.0067186800,1.0139782582,0.0058381880,1,0,0,0,0,0,0,0,0,0,0,0,0,0,1,1
13.3000000000,283.4982503983,-293.1384867478,5.6587225757,0.5870271000,-0.0190739826,-0.0200017686,11.5616605423,7.6914931956,0.2649009139,-0.0005710740,0.0106703558,0.0001086659,0.0067359011,-0.0050434913,-0.1482437877,-0.0065181602,0.4657107510,-0.0060889181,1,0,0,0,0,0,0,0,0,0,0,0,0,0,1,1
13.3166666667,283.6909109076,-293.0103203477,5.6628655715,0.5870175821,-0.0188961433,-0.0199999575,11.5617728073,7.6914091374,0.2624301841,-0.0006797100,0.0184322017,0.0000071840,0.0092230250,-0.0052010527,-0.2559845888,-0.0063338397,0.0000455178,0.0007804943,1,0,0,0,0,0,0,0,0,0,0,0,0,0,1,1
13.3333333333,283.8835741741,-292.8821552614,5.6669114708,0.5870062536,-0.0185889399,-0.0199998378,11.5619265244,7.6913224532,0.2581637743,-0.0007852740,0.0184329603,0.0000201922,0.0099691482,-0.0064654472,-0.2559687714,-0.0060526800,0.0000464947,-0.0005726189,1,0,0,0,0,0,0,0,0,0,0,0,0,0,1,1
13.3500000000,284.0762413336,-292.7539912233,5.6709576694,0.5869931657,-0.0182817239,-0.0199995012,11.5620926768,7.6912146957,0.2538976281,-0.0008861520,0.0184337352,0.0000106485,0.0106796249,-0.0076754300,-0.2559809816,-0.0056851203,-0.0299374015,-0.0032484497,1,0,0,0,0,0,0,0,0,0,0,0,0,0,1,1
13.3666666667,284.2689125685,-292.6258285788,5.6750041694,0.5869783965,-0.0179744950,-0.0199993238,11.5622706706,7.6910867719,0.2496312784,-0.0009809040,0.0179347785,-0.0000434923,0.0112409842,-0.0088824946,-0.2490629349,-0.0053999996,-0.0509401285,0.0033896525,1,0,0,0,0,0,0,0,0,0,0,0,0,0,1,1
13.3833333333,284.4615880487,-292.4976676538,5.6792365443,0.5869620481,-0.0176755820,-0.0200000486,11.5624580203,7.6909387303,0.2454802295,-0.0010709040,0.0170857764,0.0000130019,0.0117002256,-0.0100782855,-0.2372615096,-0.0051314400,0.0001462623,0.0000462046,1,0,0,0,0,0,0,0,0,0,0,0,0,0,1,1
13.4000000000,284.6542678663,-292.3695088046,5.6837936892,0.5869441997,-0.0173908191,-0.0199998319,11.5626530241,7.6907707589,0.2415258710,-0.0011564280,0.0170882141,0.0000137720,0.0123021058,-0.0111045361,-0.2372999275,-0.0048301204,-0.0000695118,-0.0002973043,1,0,0,0,0,0,0,0,0,0,0,0,0,0,1,1
13.4166666667,284.8469520781,-292.2413523892,5.6883510886,0.5869249259,-0.0171060155,-0.0199996024,11.5628580592,7.6905856833,0.2375708722,-0.0012369300,0.0170870556,0.0000088169,0.0128644996,-0.0120732230,-0.2372849889,-0.0044999995,-0.0804809806,-0.0036971637,1,0,0,0,0,0,0,0,0,0,0,0,0,0,1,1
13.4333333333,285.0396408288,-292.1131986843,5.6929085842,0.5869043104,-0.0168212313,-0.0199994554,11.5630724675,7.6903844629,0.2336161224,-0.0013119300,0.0157457059,-0.0000528025,0.0131283788,-0.0131487234,-0.2186794495,-0.0040478400,-1.7326507257,0.0056597712,1,0,0,0,0,0,0,0,0,0,0,0,0,0,1,1
13.4500000000,285.2323342400,-291.9850479571,5.6974708137,0.5868824449,-0.0165588028,-0.0200003355,11.5632912738,7.6901653175,0.2299714649,-0.0013793940,-0.0131318062,0.0000415271,0.0080741811,-0.0176352546,0.1825146656,-0.0037818005,-0.0002928372,-0.0013580574,1,0,0,0,0,0,0,0,0,0,0,0,0,0,1,1
13.4666666667,285.4250322855,-291.8569005371,5.7021372083,0.5868594550,-0.0167776663,-0.0199996434,11.5634258435,7.6898713966,0.2330133760,-0.0014424240,-0.0131366868,0.0000188928,0.0085263166,-0.0183855550,0.1824288487,-0.0034171195,0.0004743601,0.0014500082,1,0,0,0,0,0,0,0,0,0,0,0,0,0,1,1
13.4833333333,285.6177320081,-291.7287586829,5.7068034485,0.5868354146,-0.0169966111,-0.0199993285,11.5635679488,7.6895649707,0.2360538568,-0.0014993760,-0.0131287808,0.0000430596,0.0089320216,-0.0190652749,0.1823183817,-0.0031104000,-0.0006407386,-0.0002266609,1,0,0,0,0,0,0,0,0,0,0,0,0,0,1,1
13.5000000000,285.8104335040,-291.6006225945,5.7114703898,0.5868104250,-0.0172154241,-0.0199986108,11.5637168158,7.6892472161,0.2390924965,-0.0015512160,-0.0131394598,0.0000392819,0.0092947855,-0.0196885263,0.1824660836,-0.0027144006,-1.3146373295,0.0028343619,1,0,0,0,0,0,0,0,0,0,0,0,0,0,1,1
13.5166666667,286.0031368700,-291.4724924474,5.7161369270,0.5867845714,-0.0174344151,-0.0199979561,11.5638717289,7.6889190740,0.2421335979,-0.0015964560,-0.0350500820,0.0000865213,0.0050871851,-0.0232401234,0.4868548876,-0.0023824794,-0.5024047609,-0.0024670165,1,0,0,0,0,0,0,0,0,0,0,0,0,0,1,1
13.5333333333,286.1958421863,-291.3443683974,5.7196878009,0.5867579638,-0.0180185831,-0.0199965141,11.5639565153,7.6885317386,0.2502478460,-0.0016361640,-0.0434234946,0.0000454043,0.0033476140,-0.0250583233,0.6030583247,-0.0021020400,0.0003193492,0.0000163882,1,0,0,0,0,0,0,0,0,0,0,0,0,0,1,1
13.5500000000,286.3885470002,-291.2162522595,5.7228122337,0.5867306944,-0.0187423080,-0.0199957574,11.5640123089,7.6881140999,0.2602988181,-0.0016711980,-0.0434181722,0.0000456774,0.0032545323,-0.0257036217,0.6029300328,-0.0018198006,0.0003444458,0.0000575010,1,0,0,0,0,0,0,0,0,0,0,0,0,0,1,1
13.5666666667,286.5812502545,-291.0881448981,5.7259367823,0.5867028411,-0.0194659442,-0.0199949961,11.5640665511,7.6876857062,0.2703476520,-0.0017015280,-0.0434124314,0.0000466358,0.0031248270,-0.0262948961,0.6028418242,-0.0013424394,0.6869179081,-0.0000734849,1,0,0,0,0,0,0,0,0,0,0,0,0,0,1,1
13.5833333333,286.7739518165,-290.9600465413,5.7290614514,0.5866744823,-0.0201894847,-0.0199942188,11.5641186315,7.6872474579,0.2803950157,-0.0017239020,-0.0319637996,0.0000454111,0.0056910128,-0.0249612454,0.4437499430,-0.0011527200,1.0181102867,-0.0005671697,1,0,0,0,0,0,0,0,0,0,0,0,0,0,1,1
13.6000000000,286.9666515252,-290.8319573997,5.7324187213,0.5866457506,-0.0207222147,-0.0199934620,11.5642134818,7.6868314372,0.2877908481,-0.0017431140,-0.0149952948,0.0000359582,0.0097846488,-0.0225601587,0.2081316657,-0.0008877606,-0.0001292523,0.0003042078,1,0,0,0,0,0,0,0,0,0,0,0,0,0,1,1
13.6166666667,287.1593507555,-290.7038766479,5.7361210870,0.5866166987,-0.0209721363,-0.0199928627,11.5643765592,7.6864554345,0.2912597092,-0.0017579100,-0.0149974490,0.0000410284,0.0098521371,-0.0227615947,0.2082525968,-0.0006141594,-0.0000802584,-0.0001433316,1,0,0,0,0,0,0,0,0,0,0,0,0,0,1,1
13.6333333333,287.3520517344,-290.5758028733,5.7398234801,0.5865874002,-0.0212220938,-0.0199921789,11.5645407615,7.6860760746,0.2947305858,-0.0017681460,-0.0149987867,0.0000386395,0.0098864133,-0.0229092257,0.2082700255,-0.0001756800,0.1431114612,0.0017243628,1,0,0,0,0,0,0,0,0,0,0,0,0,0,1,1
13.6500000000,287.5447544512,-290.4477361312,5.7435259244,0.5865579311,-0.0214720736,-0.0199915349,11.5647055351,7.6856942542,0.2982017529,-0.0017710740,-0.0126135956,0.0000673789,0.0104637332,-0.0225740318,0.1751377077,-0.0000180006,1.6169121051,-0.0019312665,1,0,0,0,0,0,0,0,0,0,0,0,0,0,1,1
13.6666666667,287.7374588911,-290.3196764442,5.7473602528,0.5865284132,-0.0216823002,-0.0199904119,11.5648799306,7.6853180203,0.3011207147,-0.0017713740,0.0143349394,0.0000351911,0.0171915255,-0.0181082191,-0.1992105902,0.0001015206,0.0001765043,-0.0003252376,1,0,0,0,0,0,0,0,0,0,0,0,0,0,1,1
13.6833333333,287.9301653668,-290.1916236057,5.7526828867,0.5864988903,-0.0214433845,-0.0199898254,11.5651664561,7.6850162167,0.2978005382,-0.0017696820,0.0143378812,0.0000297705,0.0171362152,-0.0181169725,-0.1990909675,0.0003834000,0.0003884669,0.0004850663,1,0,0,0,0,0,0,0,0,0,0,0,0,0,1,1
13.7000000000,288.1228776031,-290.0635751331,5.7580057129,0.5864693956,-0.0212044198,-0.0199893292,11.5654520596,7.6847142671,0.2944823554,-0.0017632920,0.0143443556,0.0000378549,0.0170486479,-0.0180690567,-0.1991819697,0.0006382794,0.0002173542,-0.0003758419,1,0,0,0,0,0,0,0,0,0,0,0,0,0,1,1
13.7166666667,288.3155955668,-289.9355310190,5.7633289028,0.5864400074,-0.0209653472,-0.0199886983,11.5657362038,7.6844131162,0.2911626559,-0.0017526540,0.0143479782,0.0000315909,0.0169275775,-0.0179722825,-0.1992332589,0.0008942406,0.4087593895,-0.0012399833,1,0,0,0,0,0,0,0,0,0,0,0,0,0,1,1
13.7333333333,288.5083192176,-289.8074912406,5.7686522893,0.5864107965,-0.0207262143,-0.0199881718,11.5660183300,7.6841135781,0.2878421016,-0.0017377500,0.0211606347,0.0000109245,0.0183834810,-0.0167570419,-0.2938607635,0.0009752400,0.1283737916,0.0006803919,1,0,0,0,0,0,0,0,0,0,0,0,0,0,1,1
13.7500000000,288.7010484947,-289.6794557701,5.7739554231,0.5863818340,-0.0203735370,-0.0199879897,11.5663247214,7.6838342941,0.2829444222,-0.0017214960,0.0233001979,0.0000222644,0.0186666803,-0.0162983544,-0.3235567134,0.0011667594,0.0001693813,-0.0006066816,1,0,0,0,0,0,0,0,0,0,0,0,0,0,1,1
13.7666666667,288.8937842396,-289.5514239731,5.7792523060,0.5863531424,-0.0199852004,-0.0199876186,11.5666358328,7.6835626549,0.2775518103,-0.0017020500,0.0233030209,0.0000121530,0.0184126955,-0.0161433158,-0.3235874592,0.0014086806,0.0001906713,0.0006616819,1,0,0,0,0,0,0,0,0,0,0,0,0,0,1,1
13.7833333333,289.0865266412,-289.4233956341,5.7845493285,0.5863247749,-0.0195968167,-0.0199874161,11.5669427110,7.6832935996,0.2721586860,-0.0016785720,0.0233061988,0.0000231810,0.0181279784,-0.0159414910,-0.3236340534,0.0014259600,-0.6392760673,-0.0008385633,1,0,0,0,0,0,0,0,0,0,0,0,0,0,1,1
13.8000000000,289.2792755843,-289.2953707216,5.7898464734,0.5862967987,-0.0192083801,-0.0199870297,11.5672448440,7.6830279081,0.2667647851,-0.0016548060,0.0126515976,0.0000092050,0.0155088962,-0.0172852138,-0.1756377416,0.0015807594,-0.8130596137,0.0013561204,1,0,0,0,0,0,0,0,0,0,0,0,0,0,1,1
13.8166666667,289.4720309641,-289.1673491954,5.7947721594,0.5862692186,-0.0189975201,-0.0199868763,11.5675033256,7.6827398212,0.2638374894,-0.0016284600,-0.0008993959,0.0000318070,0.0123118995,-0.0189694131,0.0125591277,0.0018111606,0.0001152466,0.0001340724,1,0,0,0,0,0,0,0,0,0,0,0,0,0,1,1
13.8333333333,289.6647913747,-289.0393318669,5.7992252122,0.5862420776,-0.0190125100,-0.0199863462,11.5677085239,7.6824236643,0.2640468082,-0.0015982740,-0.0008974751,0.0000340415,0.0120808945,-0.0186196963,0.0124626480,0.0017902800,0.0000883597,-0.0001297260,1,0,0,0,0,0,0,0,0,0,0,0,0,0,1,1
13.8500000000,289.8575550813,-288.9113197492,5.8036784301,0.5862154397,-0.0190274680,-0.0199857788,11.5679098721,7.6821133360,0.2642545190,-0.0015684360,-0.0008960025,0.0000318794,0.0118513533,-0.0182747358,0.0124422179,0.0018341994,0.0299753709,0.0001938501,1,0,0,0,0,0,0,0,0,0,0,0,0,0,1,1
13.8666666667,290.0503220244,-288.7833127434,5.8081317965,0.5861892991,-0.0190424013,-0.0199852475,11.5681073947,7.6818087571,0.2644618893,-0.0015378660,-0.0003964130,0.0000351103,0.0117260365,-0.0178482984,0.0055021499,0.0020847606,0.2201949243,-0.0004221439,1,0,0,0,0,0,0,0,0,0,0,0,0,0,1,1
13.8833333333,290.2430921424,-288.6553107485,5.8126034615,0.5861636680,-0.0190490082,-0.0199846623,11.5683028287,7.6815112855,0.2645535918,-0.0015031200,0.0032735024,0.0000280745,0.0122667402,-0.0169101392,-0.0454756858,0.0020322000,-0.0001040487,0.0002725078,1,0,0,0,0,0,0,0,0,0,0,0,0,0,1,1
13.9000000000,290.4358654150,-288.5273136178,5.8172090974,0.5861386160,-0.0189944498,-0.0199841944,11.5685072743,7.6812294498,0.2637956637,-0.0014692500,0.0032717683,0.0000326163,0.0120034624,-0.0165205077,-0.0454329839,0.0021427195,-0.0000926446,-0.0000405039,1,0,0,0,0,0,0,0,0,0,0,0,0,0,1,1
13.9166666667,290.6286422221,-288.3993209419,5.8218147224,0.5861141285,-0.0189399204,-0.0199836508,11.5687073320,7.6809541080,0.2630384473,-0.0014335380,0.0032702242,0.0000319413,0.0117263145,-0.0161091731,-0.0454116062,0.0020851205,-0.0001036359,-0.0003540809,1,0,0,0,0,0,0,0,0,0,0,0,0,0,1,1
13.9333333333,290.8214224897,-288.2713326045,5.8264203410,0.5860902362,-0.0188854166,-0.0199831185,11.5689027706,7.6806856218,0.2622815872,-0.0013987860,0.0032684969,0.0000260399,0.0114566289,-0.0157090913,-0.0453876659,0.0022402800,-0.6363310991,-0.0010999607,1,0,0,0,0,0,0,0,0,0,0,0,0,0,1,1
13.9500000000,291.0142061349,-288.1433485002,5.8310259395,0.5860669231,-0.0188309417,-0.0199826845,11.5690937144,7.6804238036,0.2615251261,-0.0013614480,-0.0073370214,0.0000077072,0.0088516413,-0.0168161177,0.1019398137,0.0022456795,-0.1600066284,0.0011370773,1,0,0,0,0,0,0,0,0,0,0,0,0,0,1,1
13.9666666667,291.2069930803,-288.0153685074,5.8352523421,0.5860442323,-0.0189532254,-0.0199825560,11.5692412418,7.6801435350,0.2632241230,-0.0013240200,-0.0100037985,0.0000266585,0.0079647317,-0.0167808769,0.1389308405,0.0021398405,-0.0001010235,-0.0003690973,1,0,0,0,0,0,0,0,0,0,0,0,0,0,1,1
13.9833333333,291.3997819621,-287.8873933578,5.8393833543,0.5860221653,-0.0191199553,-0.0199821117,11.5693739873,7.6798638537,0.2655396370,-0.0012883560,-0.0100054822,0.0000205069,0.0076709955,-0.0163813129,0.1389398758,0.0023007600,-0.0001392835,0.0003742379,1,0,0,0,0,0,0,0,0,0,0,0,0,0,1,1
14.0000000000,291.5925723640,-287.7594231632,5.8435142953,0.5860006927,-0.0192867134,-0.0199817699,11.5695018372,7.6795908318,0.2678553016,-0.0012500100,-0.0100078036,0.0000267442,0.0073563114,-0.0159509404,0.1389716757,0.0022856396,0.1497232505,0.0023323174,1,0,0,0,0,0,0,0,0,0,0,0,0,0,1,1
14.0166666667,291.7853641970,-287.6314578047,5.8476451186,0.5859798592,-0.0194535101,-0.0199813242,11.5696244424,7.6793249828,0.2701714962,-0.0012119160,-0.0075124161,0.0000656161,0.0076102514,-0.0151473751,0.1043070483,0.0022838404,0.1637179262,-0.0024036955,1,0,0,0,0,0,0,0,0,0,0,0,0,0,1,1
14.0333333333,291.9781573724,-287.5034971647,5.8519513217,0.5859596606,-0.0195787170,-0.0199802306,11.5697512800,7.6790725266,0.2719099470,-0.0011738520,-0.0047837840,0.0000255546,0.0079282501,-0.0143019019,0.0664136760,0.0022424400,0.0002047545,0.0004000287,1,0,0,0,0,0,0,0,0,0,0,0,0,0,1,1
14.0500000000,292.1709521053,-287.3755409246,5.8564490446,0.5859400964,-0.0196584468,-0.0199798047,11.5698834174,7.6788341615,0.2730168416,-0.0011364780,-0.0047803714,0.0000322217,0.0076370654,-0.0138721590,0.0663812638,0.0021931196,0.0001555994,-0.0003522678,1,0,0,0,0,0,0,0,0,0,0,0,0,0,1,1
14.0666666667,292.3637486588,-287.2475887366,5.8609468203,0.5859211551,-0.0197381196,-0.0199792676,11.5700107019,7.6786029589,0.2741231960,-0.0010999260,-0.0047777781,0.0000263506,0.0073523245,-0.0134519024,0.0663451442,0.0022323604,0.3286810054,-0.0112244441,1,0,0,0,0,0,0,0,0,0,0,0,0,0,1,1
14.0833333333,292.5565469563,-287.1196404819,5.8654446524,0.5859028230,-0.0198177493,-0.0199788285,11.5701332406,7.6783787605,0.2752289484,-0.0010627200,0.0007002386,-0.0001607235,0.0083208686,-0.0121890162,-0.0097529219,0.0021078000,1.7469049554,0.0100571398,1,0,0,0,0,0,0,0,0,0,0,0,0,0,1,1
14.1000000000,292.7493469090,-286.9916960478,5.8699336466,0.5858851110,-0.0198060786,-0.0199815072,11.5702719217,7.6781756102,0.2750663997,-0.0010275900,0.0298153212,0.0000068955,0.0146393184,-0.0074107403,-0.4141231733,0.0022759196,0.0001739026,-0.0002063448,1,0,0,0,0,0,0,0,0,0,0,0,0,0,1,1
14.1166666667,292.9421491423,-286.8637548564,5.8743751072,0.5858679845,-0.0193091566,-0.0199813923,11.5705159104,7.6780520979,0.2681643468,-0.0009896580,0.0298182196,0.0000034564,0.0141755336,-0.0070866724,-0.4140640697,0.0021949204,0.0001688712,-0.0000538066,1,0,0,0,0,0,0,0,0,0,0,0,0,0,1,1
14.1333333333,293.1349572385,-286.7358143547,5.8788167175,0.5858514902,-0.0188121863,-0.0199813347,11.5707521693,7.6779339867,0.2612632790,-0.0009530760,0.0298210341,0.0000025596,0.0137237356,-0.0067770769,-0.4141070511,0.0019861200,0.0001698628,0.0001569365,1,0,0,0,0,0,0,0,0,0,0,0,0,0,1,1
14.1500000000,293.3277710166,-286.6078744944,5.8832584726,0.5858356056,-0.0183151690,-0.0199812920,11.5709808982,7.6778210354,0.2543614948,-0.0009199740,0.0298238652,0.0000051753,0.0132986612,-0.0065078198,-0.4141501431,0.0019778397,-0.4023438236,0.0047785714,1,0,0,0,0,0,0,0,0,0,0,0,0,0,1,1
14.1666666667,293.5205903148,-286.4799352294,5.8877003662,0.5858202727,-0.0178181046,-0.0199812057,11.5712025425,7.6777125717,0.2474589924,-0.0008870100,0.0231181348,0.0000848181,0.0115253987,-0.0071352289,-0.3210265096,0.0021308403,-0.0776496207,-0.0046594314,1,0,0,0,0,0,0,0,0,0,0,0,0,0,1,1
14.1833333333,293.7134149715,-286.3519965142,5.8923009030,0.5858054892,-0.0174328024,-0.0199797921,11.5713946326,7.6775936513,0.2421085506,-0.0008514960,0.0218239744,0.0000071609,0.0108941918,-0.0069624034,-0.3030590813,0.0019882800,0.0000333515,-0.0000495296,1,0,0,0,0,0,0,0,0,0,0,0,0,0,1,1
14.2000000000,293.9062440595,-286.2240588004,5.8969324769,0.5857912976,-0.0170690695,-0.0199796728,11.5715762024,7.6774776112,0.2370575659,-0.0008183580,0.0218245303,0.0000063354,0.0105480132,-0.0066399412,-0.3030735774,0.0019443597,0.0000077467,-0.0000096551,1,0,0,0,0,0,0,0,0,0,0,0,0,0,1,1
14.2166666667,294.0990773125,-286.0961221110,5.9015641558,0.5857776583,-0.0167053273,-0.0199795672,11.5717520026,7.6773669455,0.2320063396,-0.0007859520,0.0218246594,0.0000061745,0.0102073717,-0.0063261316,-0.3030772033,0.0018435603,0.0760554006,0.0004770785,1,0,0,0,0,0,0,0,0,0,0,0,0,0,1,1
14.2333333333,294.2919146142,-285.9681863730,5.9061959278,0.5857645591,-0.0163415830,-0.0199794643,11.5719221255,7.6772615100,0.2269550529,-0.0007552260,0.0230922494,0.0000141258,0.0101138571,-0.0058762566,-0.3206861034,0.0019105200,0.0710821332,-0.0005628194,1,0,0,0,0,0,0,0,0,0,0,0,0,0,1,1
14.2500000000,294.4847558409,-285.8402515271,5.9108823176,0.5857519720,-0.0159567122,-0.0199792288,11.5720906898,7.6771635724,0.2216102845,-0.0007233840,0.0242769516,0.0000047455,0.0099798622,-0.0054346125,-0.3371400593,0.0019382397,-0.0001306042,0.0004264050,1,0,0,0,0,0,0,0,0,0,0,0,0,0,1,1
14.2666666667,294.6776010074,-285.7123174157,5.9156197744,0.5857399156,-0.0155520963,-0.0199791497,11.5722570208,7.6770729955,0.2159912835,-0.0006910800,0.0242747749,0.0000118522,0.0096177354,-0.0051366664,-0.3371078474,0.0016066802,-0.0000826938,-0.0003705529,1,0,0,0,0,0,0,0,0,0,0,0,0,0,1,1
14.2833333333,294.8704501098,-285.5843838917,5.9203571987,0.5857283976,-0.0151475167,-0.0199789522,11.5724173164,7.6769873844,0.2103728194,-0.0006643020,0.0242733967,0.0000056764,0.0092982132,-0.0049024312,-0.3370907813,0.0017611200,-0.4814021027,-0.0100003609,1,0,0,0,0,0,0,0,0,0,0,0,0,0,1,1
14.3000000000,295.0633030205,-285.4564509164,5.9250946210,0.5857173259,-0.0147429601,-0.0199788576,11.5725722866,7.6769056772,0.2047546397,-0.0006349500,0.0162500283,-0.0001609963,0.0076213928,-0.0055258915,-0.2256478075,0.0017427598,-1.9616013283,0.0104732639,1,0,0,0,0,0,0,0,0,0,0,0,0,0,1,1
14.3166666667,295.2561596173,-285.3285184350,5.9294800046,0.5857067434,-0.0144721263,-0.0199815409,11.5726993098,7.6768135790,0.2009938429,-0.0006059040,-0.0164433272,0.0000135581,0.0018697820,-0.0088570347,0.2284632359,0.0015202802,-0.0000549255,-0.0002482227,1,0,0,0,0,0,0,0,0,0,0,0,0,0,1,1
14.3333333333,295.4490190355,-285.2005868861,5.9324300622,0.5856966450,-0.0147461817,-0.0199813149,11.5727304729,7.6766659618,0.2048015635,-0.0005805660,-0.0164442426,0.0000094210,0.0016242056,-0.0085977182,0.2283679615,0.0016506000,-0.0000402711,-0.0000070009,1,0,0,0,0,0,0,0,0,0,0,0,0,0,1,1
14.3500000000,295.6418781429,-285.0726582311,5.9353800847,0.5856869689,-0.0150202525,-0.0199811579,11.5727575430,7.6765226665,0.2086076962,-0.0005530560,-0.0164449138,0.0000093043,0.0013606240,-0.0083139753,0.2283763676,0.0014900398,-0.0000470633,0.0001876418,1,0,0,0,0,0,0,0,0,0,0,0,0,0,1,1
14.3666666667,295.8347368559,-284.9447323975,5.9383300745,0.5856777513,-0.0152943344,-0.0199810028,11.5727802200,7.6763841002,0.2124139690,-0.0005282220,-0.0164456982,0.0000124317,0.0011176022,-0.0080612759,0.2283862986,0.0016527602,0.6811104316,0.0034457240,1,0,0,0,0,0,0,0,0,0,0,0,0,0,1,1
14.3833333333,296.0275950962,-284.8168093220,5.9412800247,0.5856689476,-0.0155684293,-0.0199807956,11.5727988467,7.6762497456,0.2162204073,-0.0005006760,-0.0050938577,0.0000698604,0.0029234600,-0.0064043546,0.0706996918,0.0014248800,0.0959678723,-0.0036839036,1,0,0,0,0,0,0,0,0,0,0,0,0,0,1,1
14.4000000000,296.2204527687,-284.6888889408,5.9447469030,0.5856606030,-0.0156533270,-0.0199796313,11.5728475711,7.6761430064,0.2173987355,-0.0004769280,-0.0034943931,0.0000084621,0.0030267698,-0.0059400755,0.0485217720,0.0014029198,0.0000292524,-0.0000097613,1,0,0,0,0,0,0,0,0,0,0,0,0,0,1,1
14.4166666667,296.4133109471,-284.5609704314,5.9482866656,0.5856526542,-0.0157115668,-0.0199794902,11.5728980172,7.6760440051,0.2182074317,-0.0004535460,-0.0034939056,0.0000082994,0.0028448703,-0.0056710079,0.0485205002,0.0015228002,0.0000287096,-0.0000296040,1,0,0,0,0,0,0,0,0,0,0,0,0,0,1,1
14.4333333333,296.6061697438,-284.4330536109,5.9518264792,0.5856450951,-0.0157697986,-0.0199793519,11.5729454317,7.6759494883,0.2190161067,-0.0004281660,-0.0034934271,0.0000078060,0.0026477979,-0.0053788874,0.0485138099,0.0013766400,-0.1231485400,0.0010624081,1,0,0,0,0,0,0,0,0,0,0,0,0,0,1,1
14.4500000000,296.7990290961,-284.3051384038,5.9553663521,0.5856379590,-0.0158280224,-0.0199792218,11.5729895617,7.6758598402,0.2198246702,-0.0004052220,-0.0055459027,0.0000255128,0.0020913234,-0.0053654644,0.0770249218,0.0013341599,-0.0981407768,-0.0010161927,1,0,0,0,0,0,0,0,0,0,0,0,0,0,1,1
14.4666666667,296.9918889575,-284.1772247346,5.9588967460,0.5856312053,-0.0159204541,-0.0199787966,11.5730244171,7.6757704158,0.2211084189,-0.0003829860,-0.0071815824,0.0000085762,0.0016113497,-0.0053133649,0.0997376884,0.0013597201,0.0000133995,0.0001800108,1,0,0,0,0,0,0,0,0,0,0,0,0,0,1,1
14.4833333333,297.1847490728,-284.0493126692,5.9624195777,0.5856248222,-0.0160401471,-0.0199786537,11.5730512729,7.6756818597,0.2227707137,-0.0003603240,-0.0071813590,0.0000115764,0.0014275305,-0.0050576050,0.0997283698,0.0012276000,0.0000161799,-0.0001620468,1,0,0,0,0,0,0,0,0,0,0,0,0,0,1,1
14.5000000000,297.3776092149,-283.9214022541,5.9659424555,0.5856188168,-0.0161598365,-0.0199784607,11.5730750651,7.6755975663,0.2244328532,-0.0003398640,-0.0071810894,0.0000088756,0.0012605277,-0.0048273362,0.0997244338,0.0012473999,0.2406505227,-0.0027480512,1,0,0,0,0,0,0,0,0,0,0,0,0,0,1,1
14.5166666667,297.5704693381,-283.7934934244,5.9694653683,0.5856131524,-0.0162795213,-0.0199783128,11.5730960739,7.6755171107,0.2260949271,-0.0003190740,-0.0031702473,-0.0000369252,0.0018509577,-0.0040893243,0.0440084099,0.0012578401,0.7793340665,0.0023087213,1,0,0,0,0,0,0,0,0,0,0,0,0,0,1,1
14.5333333333,297.7633293963,-283.6655861143,5.9730470757,0.5856078345,-0.0163323587,-0.0199789282,11.5731269232,7.6754489553,0.2268284006,-0.0002981100,0.0098186538,0.0000015535,0.0041354686,-0.0022249529,-0.1363937576,0.0012351600,0.0002000790,0.0001688393,1,0,0,0,0,0,0,0,0,0,0,0,0,0,1,1
14.5500000000,297.9561897541,-283.5376799855,5.9768192830,0.5856028660,-0.0161687145,-0.0199789023,11.5731958476,7.6754118727,0.2245551713,-0.0002775240,0.0098219884,0.0000043674,0.0039588672,-0.0019989812,-0.1363985398,0.0011581199,0.0001659256,-0.0000718388,1,0,0,0,0,0,0,0,0,0,0,0,0,0,1,1
14.5666666667,298.1490517298,-283.4097740681,5.9805915651,0.5855982406,-0.0160050147,-0.0199788295,11.5732618288,7.6753785564,0.2222818623,-0.0002582220,0.0098247539,0.0000031701,0.0037926211,-0.0017876259,-0.1364373065,0.0011541601,0.0001505143,-0.0001511733,1,0,0,0,0,0,0,0,0,0,0,0,0,0,1,1
14.5833333333,298.3419152753,-283.2818683044,5.9843639141,0.5855939369,-0.0158412688,-0.0199787767,11.5733250391,7.6753487626,0.2200079072,-0.0002389860,0.0098272624,0.0000006506,0.0036268246,-0.0015770949,-0.1364725017,0.0011934000,-1.1628545141,0.0074583028,1,0,0,0,0,0,0,0,0,0,0,0,0,0,1,1
14.6000000000,298.5347803325,-283.1539626445,5.9881363251,0.5855899538,-0.0156774811,-0.0199787659,11.5733854862,7.6753224777,0.2177333655,-0.0002190960,-0.0095536461,0.0001249556,-0.0000616224,-0.0036918556,0.1327422057,0.0011959199,-0.1068660747,-0.0072474027,1,0,0,0,0,0,0,0,0,0,0,0,0,0,1,1
14.6166666667,298.7276468526,-283.0260570285,5.9918556306,0.5855863022,-0.0158367085,-0.0199766833,11.5733844592,7.6752609468,0.2199457356,-0.0001991640,-0.0113347474,0.0000041656,-0.0005615367,-0.0036911318,0.1574147586,0.0010940401,0.0002239167,-0.0002868021,1,0,0,0,0,0,0,0,0,0,0,0,0,0,1,1
14.6333333333,298.9205128324,-282.8981526923,5.9955700254,0.5855829828,-0.0160256210,-0.0199766138,11.5733751002,7.6751994279,0.2225693149,-0.0001809300,-0.0113310154,-0.0000006145,-0.0007254973,-0.0034959968,0.1573552977,0.0012153600,0.0003307574,0.0004374440,1,0,0,0,0,0,0,0,0,0,0,0,0,0,1,1
14.6500000000,299.1133780332,-282.7702497103,5.9992844338,0.5855799673,-0.0162144712,-0.0199766241,11.5733630086,7.6751411613,0.2251919032,-0.0001606740,-0.0113255028,0.0000066763,-0.0009046864,-0.0032773022,0.1572782577,0.0009745199,-0.1477494846,0.0041894414,1,0,0,0,0,0,0,0,0,0,0,0,0,0,1,1
14.6666666667,299.3062424022,-282.6423480236,6.0029988660,0.5855772894,-0.0164032296,-0.0199765128,11.5733479305,7.6750865396,0.2278132075,-0.0001444320,-0.0137879942,0.0000765003,-0.0015277745,-0.0034199164,0.1914899587,0.0012157200,-0.1003046667,-0.0041327253,1,0,0,0,0,0,0,0,0,0,0,0,0,0,1,1
14.6833333333,299.4991058951,-282.5144475860,6.0068128954,0.5855748822,-0.0166330295,-0.0199752378,11.5733224676,7.6750295410,0.2310047068,-0.0001241700,-0.0154597387,0.0000076215,-0.0020464470,-0.0034261900,0.2146971896,0.0011091600,0.0000153008,-0.0000798657,1,0,0,0,0,0,0,0,0,0,0,0,0,0,1,1
14.7000000000,299.6919681847,-282.3865485214,6.0106947638,0.5855728127,-0.0168906918,-0.0199751108,11.5732883601,7.6749724378,0.2345829933,-0.0001056840,-0.0154594837,0.0000062904,-0.0022343048,-0.0032426765,0.2146850636,0.0011527200,0.0000093504,0.0000532627,1,0,0,0,0,0,0,0,0,0,0,0,0,0,1,1
14.7166666667,299.8848290334,-282.2586509014,6.0145766517,0.5855710513,-0.0171483499,-0.0199750059,11.5732511217,7.6749183932,0.2381610777,-0.0000864720,-0.0154593278,0.0000071782,-0.0024278130,-0.0030509000,0.2146819447,0.0009399600,0.1933491789,-0.0140627535,1,0,0,0,0,0,0,0,0,0,0,0,0,0,1,1
14.7333333333,300.0776883784,-282.1307546785,6.0184585471,0.5855696101,-0.0174060054,-0.0199748863,11.5732106582,7.6748675449,0.2417391101,-0.0000708060,-0.0122368415,-0.0002272011,-0.0019358635,-0.0024636176,0.1699000797,0.0010825200,0.5093190764,0.0137436286,1,0,0,0,0,0,0,0,0,0,0,0,0,0,1,1
14.7500000000,300.2705461535,-282.0028598247,6.0221755697,0.5855684300,-0.0176099527,-0.0199786730,11.5731783938,7.6748264846,0.2445707781,-0.0000527640,-0.0037481902,0.0000018594,-0.0003599371,-0.0011178520,0.0520192860,0.0010612800,0.0000308670,0.0005758579,1,0,0,0,0,0,0,0,0,0,0,0,0,0,1,1
14.7666666667,300.4634026639,-281.8749660538,6.0254563247,0.5855675506,-0.0176724226,-0.0199786420,11.5731723948,7.6748078537,0.2454377662,-0.0000350760,-0.0037476758,0.0000114570,-0.0004987192,-0.0009152214,0.0520429502,0.0010828800,0.0000290251,-0.0002329605,1,0,0,0,0,0,0,0,0,0,0,0,0,0,1,1
14.7833333333,300.6562588278,-281.7470726746,6.0287369636,0.5855669660,-0.0177348838,-0.0199784511,11.5731640828,7.6747926000,0.2463051487,-0.0000170280,-0.0037471920,0.0000075744,-0.0006398678,-0.0007080445,0.0520361698,0.0011466000,0.0000288384,-0.0003908795,1,0,0,0,0,0,0,0,0,0,0,0,0,0,1,1
14.8000000000,300.8491145978,-281.6191796358,6.0320175108,0.5855666822,-0.0177973370,-0.0199783248,11.5731534184,7.6747807993,0.2471724182,0.0000020820,-0.0037467114,0.0000010597,-0.0007891257,-0.0004886278,0.0520294319,0.0008528400,0.8666245200,0.0096475490,1,0,0,0,0,0,0,0,0,0,0,0,0,0,1,1
14.8166666667,301.0419699354,-281.4912868741,6.0352979796,0.5855667169,-0.0178597822,-0.0199783072,11.5731402663,7.6747726555,0.2480395754,0.0000162960,0.0106970306,0.0001618522,0.0020759718,0.0016482252,-0.1486026182,0.0011192400,0.0421624608,-0.0102738856,1,0,0,0,0,0,0,0,0,0,0,0,0,0,1,1
14.8333333333,301.2348248124,-281.3633943421,6.0395327140,0.5855669885,-0.0176814984,-0.0199756096,11.5731748658,7.6748001259,0.2455628651,0.0000349500,0.0113997383,-0.0000093792,0.0020522317,0.0019433325,-0.1583075157,0.0013586400,-0.0000984298,-0.0003469028,1,0,0,0,0,0,0,0,0,0,0,0,0,0,1,1
14.8500000000,301.4276808339,-281.2355008897,6.0438137562,0.5855675710,-0.0174915027,-0.0199757659,11.5732090697,7.6748325148,0.2429244065,0.0000575940,0.0113980978,-0.0000151609,0.0018530457,0.0021884738,-0.1582824716,0.0008809200,-0.0001744731,0.0005993269,1,0,0,0,0,0,0,0,0,0,0,0,0,0,1,1
14.8666666667,301.6205380216,-281.1076063974,6.0480946851,0.5855685309,-0.0173015344,-0.0199760186,11.5732399537,7.6748689893,0.2402863653,0.0000722760,0.0113951899,-0.0000051722,0.0017146783,0.0023414529,-0.1582426028,0.0011253600,0.0658447880,0.0051245732,1,0,0,0,0,0,0,0,0,0,0,0,0,0,1,1
14.8833333333,301.8133963336,-280.9797108247,6.0523754324,0.5855697355,-0.0171116146,-0.0199761048,11.5732685318,7.6749080136,0.2376489886,0.0000910320,0.0124926030,0.0000802374,0.0017606303,0.0026844315,-0.1734905936,0.0011959200,0.0384363074,-0.0053136024,1,0,0,0,0,0,0,0,0,0,0,0,0,0,1,1
14.9000000000,302.0062557086,-280.8518141261,6.0568932049,0.5855712527,-0.0169034045,-0.0199747675,11.5732978756,7.6749527541,0.2347574787,0.0001109640,0.0131332082,-0.0000083227,0.0017011839,0.0029772086,-0.1823818916,0.0009093600,0.0000305190,-0.0003553931,1,0,0,0,0,0,0,0,0,0,0,0,0,0,1,1
14.9166666667,302.1991162131,-280.7239161649,6.0615483736,0.5855731021,-0.0166845177,-0.0199749062,11.5733262286,7.6750023742,0.2317177805,0.0001261200,0.0131337168,-0.0000142459,0.0015516683,0.0031305515,-0.1823869868,0.0011314800,0.0000342339,0.0003282211,1,0,0,0,0,0,0,0,0,0,0,0,0,0,1,1
14.9333333333,302.3919778705,-280.5960168552,6.0662036318,0.5855752041,-0.0164656225,-0.0199751437,11.5733520898,7.6750545501,0.2286779974,0.0001449780,0.0131342874,-0.0000087755,0.0013737506,0.0033268337,-0.1823955716,0.0010832400,-0.4458203287,-0.0086495844,1,0,0,0,0,0,0,0,0,0,0,0,0,0,1,1
14.9500000000,302.5848406148,-280.4681161541,6.0708589793,0.5855776204,-0.0162467177,-0.0199752899,11.5733749856,7.6751099973,0.2256380712,0.0001630320,0.0057039486,-0.0001529353,-0.0001822228,0.0025957962,-0.0791817539,0.0010339201,-0.9794227695,0.0092068858,1,0,0,0,0,0,0,0,0,0,0,0,0,0,1,1
14.9666666667,302.7777043927,-280.3402140129,6.0751430316,0.5855803376,-0.0161516519,-0.0199778389,11.5733719486,7.6751532606,0.2243183753,0.0001802640,-0.0106197643,0.0000005128,-0.0033806097,0.0007618682,0.1475408161,0.0011786399,-0.0001257776,0.0002787950,1,0,0,0,0,0,0,0,0,0,0,0,0,0,1,1
14.9833333333,302.9705683838,-280.2123108957,6.0786113490,0.5855833420,-0.0163286479,-0.0199778303,11.5733156051,7.6751659584,0.2267773889,0.0001999080,-0.0106218605,0.0000051594,-0.0035526523,0.0009750191,0.1475064057,0.0011541600,-0.0000837783,-0.0001497776,1,0,0,0,0,0,0,0,0,0,0,0,0,0,1,1
15.0000000000,303.1634308359,-280.0844078744,6.0820795069,0.5855866738,-0.0165056789,-0.0199777443,11.5732563942,7.6751822087,0.2292358290,0.0002191440,-0.0106232569,0.0000026631,-0.0037223903,0.0011831084,0.1475253717,0.0010796401,-0.0000576431,-0.0001839495,1,0,0,0,0,0,0,0,0,0,0,0,0,0,1,1
15.0166666667,303.3562916996,-279.9565048922,6.0855475369,0.5855903262,-0.0166827332,-0.0199776999,11.5731943544,7.6752019272,0.2316945852,0.0002371380,-0.0106242176,-0.0000004027,-0.0038824151,0.0013767212,0.1475382786,0.0010508399,0.2012925470,0.0023063932,1,0,0,0,0,0,0,0,0,0,0,0,0,0,1,1
15.0333333333,303.5491509281,-279.8286018966,6.0890154588,0.5855942785,-0.0168598035,-0.0199777066,11.5731296474,7.6752248725,0.2341535565,0.0002546520,-0.0072693418,0.0000380372,-0.0033779330,0.0020030247,0.1009359357,0.0012160800,0.0015853152,-0.0024803759,1,0,0,0,0,0,0,0,0,0,0,0,0,0,1,1
15.0500000000,303.7420084645,-279.7006988450,6.0927243380,0.5855985227,-0.0169809592,-0.0199770727,11.5730733486,7.6752582563,0.2358358221,0.0002749200,-0.0072429199,-0.0000033024,-0.0035387074,0.0022342637,0.1005816119,0.0011631601,0.0000124062,-0.0000779257,1,0,0,0,0,0,0,0,0,0,0,0,0,0,1,1
15.0666666667,303.9348646242,-279.5727954342,6.0964350154,0.5856031047,-0.0171016745,-0.0199771277,11.5730143701,7.6752954940,0.2375121823,0.0002943060,-0.0072427131,-0.0000046012,-0.0036975551,0.0024518573,0.1005786304,0.0008643599,-0.0000000232,0.0001106422,1,0,0,0,0,0,0,0,0,0,0,0,0,0,1,1
15.0833333333,304.1277193666,-279.4448916009,6.1001456315,0.5856080098,-0.0172223864,-0.0199772044,11.5729527442,7.6753363583,0.2391884928,0.0003087120,-0.0072427135,-0.0000027571,-0.0038182272,0.0026118052,0.1005784378,0.0013183200,-0.5078599110,0.0091995556,1,0,0,0,0,0,0,0,0,0,0,0,0,0,1,1
15.1000000000,304.3205726481,-279.3169873080,6.1038561748,0.5856131550,-0.0173430983,-0.0199772504,11.5728891071,7.6753798884,0.2408648001,0.0003306840,-0.0157070453,0.0001505688,-0.0057155559,0.0017196134,0.2181716816,0.0011880001,-0.2476372168,-0.0089975311,1,0,0,0,0,0,0,0,0,0,0,0,0,0,1,1
15.1166666667,304.5134244199,-279.1890824861,6.1077597957,0.5856186664,-0.0176048824,-0.0199747409,11.5727938478,7.6754085486,0.2445009948,0.0003504840,-0.0198343323,0.0000006099,-0.0067698602,0.0013502939,0.2754566650,0.0010619999,0.0001844394,-0.0000761836,1,0,0,0,0,0,0,0,0,0,0,0,0,0,1,1
15.1333333333,304.7062736833,-279.0611777054,6.1117577077,0.5856245078,-0.0179354546,-0.0199747307,11.5726810168,7.6754310535,0.2490919392,0.0003681840,-0.0198312583,-0.0000006598,-0.0069805622,0.0015052859,0.2753909574,0.0011840400,0.0002049424,0.0000393336,1,0,0,0,0,0,0,0,0,0,0,0,0,0,1,1
15.1500000000,304.8991198920,-278.9332732471,6.1157556079,0.5856306442,-0.0182659756,-0.0199747417,11.5725646741,7.6754561416,0.2536817885,0.0003879180,-0.0198278426,-0.0000000042,-0.0072071999,0.0016838521,0.2753418655,0.0011430001,0.4394242445,-0.0080154359,1,0,0,0,0,0,0,0,0,0,0,0,0,0,1,1
15.1666666667,305.0919629661,-278.8053690726,6.1197535025,0.5856371095,-0.0185964396,-0.0199747418,11.5724445541,7.6754842058,0.2582708196,0.0004069680,-0.0125041052,-0.0001335948,-0.0058291886,0.0029151103,0.1735837745,0.0011966399,0.8098496652,0.0075557018,1,0,0,0,0,0,0,0,0,0,0,0,0,0,1,1
15.1833333333,305.2848028267,-278.6774651456,6.1237517946,0.5856438923,-0.0188048414,-0.0199769684,11.5723474010,7.6755327910,0.2611638825,0.0004269120,0.0009933892,-0.0000076665,-0.0030597520,0.0050843293,-0.0138544439,0.0012394800,-0.0000302816,0.0000968331,1,0,0,0,0,0,0,0,0,0,0,0,0,0,1,1
15.2000000000,305.4776402709,-278.5495608461,6.1277508855,0.5856510075,-0.0187882849,-0.0199770961,11.5722964051,7.6756175298,0.2609329751,0.0004475700,0.0009928846,-0.0000060526,-0.0032195743,0.0053225171,-0.0137876099,0.0009244802,-0.0000234075,-0.0000544629,1,0,0,0,0,0,0,0,0,0,0,0,0,0,1,1
15.2166666667,305.6704768816,-278.4216550281,6.1317499528,0.5856584670,-0.0187717368,-0.0199771970,11.5722427455,7.6757062384,0.2607031816,0.0004629780,0.0009924944,-0.0000069603,-0.0033381832,0.0055006506,-0.0137822100,0.0011739598,0.0146043832,-0.0018996126,1,0,0,0,0,0,0,0,0,0,0,0,0,0,1,1
15.2333333333,305.8633126288,-278.2937476399,6.1357489930,0.5856661833,-0.0187551952,-0.0199773130,11.5721871091,7.6757979159,0.2604734781,0.0004825440,0.0012359008,-0.0000386205,-0.0034358381,0.0057619773,-0.0171629041,0.0015422400,0.4594145503,0.0016732572,1,0,0,0,0,0,0,0,0,0,0,0,0,0,1,1
15.2500000000,306.0561474634,-278.1658386242,6.1397502349,0.5856742257,-0.0187345969,-0.0199779567,11.5721298452,7.6758939489,0.2601874297,0.0005082480,0.0088928100,-0.0000107329,-0.0019802525,0.0071557436,-0.1235208238,0.0012315602,-0.0000830576,-0.0004215358,1,0,0,0,0,0,0,0,0,0,0,0,0,0,1,1
15.2666666667,306.2489813634,-278.0379278762,6.1438229317,0.5856826965,-0.0185863834,-0.0199781356,11.5720968410,7.6760132113,0.2581287493,0.0005287740,0.0088914257,-0.0000177585,-0.0021539117,0.0073826189,-0.1234705624,0.0021171598,-0.0001259052,0.0002709270,1,0,0,0,0,0,0,0,0,0,0,0,0,0,1,1
15.2833333333,306.4418152068,-277.9100147182,6.1478956016,0.5856915094,-0.0184381930,-0.0199784316,11.5720609424,7.6761362549,0.2560709066,0.0005640600,0.0088893273,-0.0000132430,-0.0024405440,0.0077805286,-0.1234417618,0.0026236800,-0.0002598521,0.0004542075,1,0,0,0,0,0,0,0,0,0,0,0,0,0,1,1
15.3000000000,306.6346489022,-277.7820990483,6.1519682395,0.5857009104,-0.0182900375,-0.0199786523,11.5720202667,7.6762659304,0.2540135439,0.0006077880,0.0088849964,-0.0000056729,-0.0027924892,0.0082758905,-0.1233819657,0.0028263602,-0.1646050504,0.0131921424,1,0,0,0,0,0,0,0,0,0,0,0,0,0,1,1
15.3166666667,306.8274823512,-277.6541807288,6.1560408382,0.5857110402,-0.0181419542,-0.0199787468,11.5719737252,7.6764038619,0.2519571778,0.0006548940,0.0061415789,0.0002141961,-0.0037414777,0.0084313416,-0.0852820865,0.0033379198,-0.0660907117,-0.0139214851,1,0,0,0,0,0,0,0,0,0,0,0,0,0,1,1
15.3333333333,307.0203154481,-277.5262596117,6.1607645302,0.5857219551,-0.0180395946,-0.0199751769,11.5719113673,7.6765443843,0.2505358097,0.0007105260,0.0050400670,-0.0000178286,-0.0044047370,0.0089184767,-0.0699838017,0.0037872000,-0.0000761358,-0.0002044991,1,0,0,0,0,0,0,0,0,0,0,0,0,0,1,1
15.3500000000,307.2131477407,-277.3983357400,6.1657546173,0.5857337972,-0.0179555935,-0.0199754740,11.5718379549,7.6766930255,0.2493694130,0.0007736460,0.0050387981,-0.0000212369,-0.0048944941,0.0096454699,-0.0699719520,0.0039805203,-0.0001118870,0.0000744099,1,0,0,0,0,0,0,0,0,0,0,0,0,0,1,1
15.3666666667,307.4059789669,-277.2704089950,6.1707446199,0.5857466913,-0.0178716135,-0.0199758280,11.5717563801,7.6768537834,0.2482032138,0.0008399880,0.0050369333,-0.0000199968,-0.0054092203,0.0104096232,-0.0699461581,0.0039866397,-0.4020015400,-0.0076296079,1,0,0,0,0,0,0,0,0,0,0,0,0,0,1,1
15.3833333333,307.5988089859,-277.1424791628,6.1757345228,0.5857606911,-0.0177876646,-0.0199761613,11.5716662264,7.6770272771,0.2470374445,0.0009064320,-0.0016630923,-0.0001471569,-0.0073018974,0.0102612303,0.0231284700,0.0046065600,-0.6299906557,0.0080136067,1,0,0,0,0,0,0,0,0,0,0,0,0,0,1,1
15.4000000000,307.7916376460,-277.0145460372,6.1803189906,0.5857757983,-0.0178153828,-0.0199786139,11.5715445281,7.6771982976,0.2474229190,0.0009832080,-0.0121629366,-0.0000135968,-0.0100710790,0.0097034513,0.1689540476,0.0041659204,0.0000672615,0.0002792674,1,0,0,0,0,0,0,0,0,0,0,0,0,0,1,1
15.4166666667,307.9844640190,-276.8866098782,6.1842682952,0.5857921851,-0.0180180984,-0.0199788405,11.5713766768,7.6773600218,0.2502388198,0.0010526400,-0.0121618156,-0.0000089423,-0.0106318023,0.0104883659,0.1688870227,0.0047671196,0.0000875563,-0.0002393546,1,0,0,0,0,0,0,0,0,0,0,0,0,0,1,1
15.4333333333,308.1772867499,-276.7586712633,6.1882175469,0.5858097291,-0.0182207954,-0.0199789895,11.5711994801,7.6775348279,0.2530536035,0.0011320920,-0.0121603563,-0.0000129316,-0.0112701657,0.0113887322,0.1688661597,0.0044067600,0.0211436791,-0.0055080239,1,0,0,0,0,0,0,0,0,0,0,0,0,0,1,1
15.4500000000,308.3701056466,-276.6307299529,6.1921667232,0.5858285973,-0.0184234680,-0.0199792051,11.5710116440,7.6777246401,0.2558680395,0.0012055380,-0.0118079617,-0.0001047320,-0.0117867055,0.0122698923,0.1639627077,0.0046382405,0.2794829432,0.0051998301,1,0,0,0,0,0,0,0,0,0,0,0,0,0,1,1
15.4666666667,308.5629205405,-276.5027857186,6.1960936416,0.5858486896,-0.0186202673,-0.0199809506,11.5708151989,7.6779291383,0.2586007513,0.0012828420,-0.0071499126,-0.0000180681,-0.0113949651,0.0138180247,0.0992666585,0.0045302395,0.0002063250,-0.0004814050,1,0,0,0,0,0,0,0,0,0,0,0,0,0,1,1
15.4833333333,308.7557312966,-276.3748382919,6.1997210633,0.5858700703,-0.0187394325,-0.0199812517,11.5706252828,7.6781594387,0.2602551956,0.0013583460,-0.0071464739,-0.0000260916,-0.0119843746,0.0146850429,0.0992392378,0.0042048000,0.0002441012,0.0002762354,1,0,0,0,0,0,0,0,0,0,0,0,0,0,1,1
15.5000000000,308.9485382942,-276.2468870725,6.2033484625,0.5858927094,-0.0188585404,-0.0199816866,11.5704255432,7.6784041894,0.2619091829,0.0014284260,-0.0071424055,-0.0000214876,-0.0125318319,0.0154897414,0.0991825077,0.0043257605,0.0004229973,0.0003912586,1,0,0,0,0,0,0,0,0,0,0,0,0,0,1,1
15.5166666667,309.1413413821,-276.1189318361,6.2069758707,0.5859165165,-0.0189775805,-0.0199820447,11.5702166794,7.6786623518,0.2635622247,0.0015005220,-0.0071353555,-0.0000149667,-0.0130940099,0.0163179722,0.0990843721,0.0042130795,0.6469664717,0.0066509385,1,0,0,0,0,0,0,0,0,0,0,0,0,0,1,1
15.5333333333,309.3341404051,-275.9909723516,6.2106034301,0.5859415252,-0.0190965031,-0.0199822942,11.5699984459,7.6789343180,0.2652136309,0.0015707400,0.0036474190,0.0000958823,-0.0112563875,0.0187079836,-0.0507001138,0.0039387600,0.2182238771,-0.0079594918,1,0,0,0,0,0,0,0,0,0,0,0,0,0,1,1
15.5500000000,309.5269352014,-275.8630084021,6.2150611145,0.5859677042,-0.0190357128,-0.0199806961,11.5698108394,7.6792461177,0.2643686290,0.0016363860,0.0072844836,-0.0000367759,-0.0109667964,0.0199942963,-0.1011731759,0.0038102406,0.0001906898,-0.0003094584,1,0,0,0,0,0,0,0,0,0,0,0,0,0,1,1
15.5666666667,309.7197269551,-275.7350388976,6.2197983551,0.5859949773,-0.0189143047,-0.0199813090,11.5696280595,7.6795793560,0.2626824094,0.0016998900,0.0072876618,-0.0000419335,-0.0114649101,0.0207222327,-0.1011993123,0.0035225994,0.0002243119,0.0002495721,1,0,0,0,0,0,0,0,0,0,0,0,0,0,1,1
15.5833333333,309.9125159754,-275.6070633385,6.2245355705,0.5860233088,-0.0187928437,-0.0199820079,11.5694369776,7.6799247265,0.2609957542,0.0017586000,0.0072914003,-0.0000377740,-0.0119258709,0.0213949154,-0.1012514640,0.0033854400,-0.2273552855,0.0004037683,1,0,0,0,0,0,0,0,0,0,0,0,0,0,1,1
15.6000000000,310.1053021240,-275.4790815453,6.2292727879,0.5860526188,-0.0186713204,-0.0199826375,11.5692382132,7.6802813085,0.2593082298,0.0018150240,0.0035021455,-0.0000310445,-0.0131850665,0.0214995336,-0.0486147838,0.0030430807,-0.3041004868,-0.0003219438,1,0,0,0,0,0,0,0,0,0,0,0,0,0,1,1
15.6166666667,310.2980852788,-275.3510933375,6.2339330486,0.5860828692,-0.0186129513,-0.0199831549,11.5690184620,7.6806396340,0.2584979834,0.0018657420,-0.0015661959,-0.0000364102,-0.0146683778,0.0213602416,0.0217752180,0.0031521593,0.0001326623,0.0002256449,1,0,0,0,0,0,0,0,0,0,0,0,0,0,1,1
15.6333333333,310.4908648767,-275.2230988539,6.2384902713,0.5861139649,-0.0186390545,-0.0199837617,11.5687739890,7.6809956380,0.2588609037,0.0019182780,-0.0015639849,-0.0000326495,-0.0150721718,0.0219678094,0.0217182239,0.0025966800,0.0001003677,-0.0001934734,1,0,0,0,0,0,0,0,0,0,0,0,0,0,1,1
15.6500000000,310.6836401910,-275.0950983342,6.2430474266,0.5861459362,-0.0186651210,-0.0199843059,11.5685227862,7.6813617682,0.2592228741,0.0019615560,-0.0015623121,-0.0000358741,-0.0154054058,0.0224678714,0.0216949980,0.0025124407,0.1157518803,-0.0064197429,1,0,0,0,0,0,0,0,0,0,0,0,0,0,1,1
15.6666666667,310.8764111331,-274.9670916368,6.2476044852,0.5861786288,-0.0186911595,-0.0199849038,11.5682660294,7.6817362327,0.2595844574,0.0020034300,0.0003668859,-0.0001428698,-0.0153107168,0.0232286956,-0.0051041706,0.0021250793,0.9583184684,0.0063801785,1,0,0,0,0,0,0,0,0,0,0,0,0,0,1,1
15.6833333333,311.0691776169,-274.8390786246,6.2521001478,0.5862120193,-0.0186850447,-0.0199872850,11.5680108509,7.6821233777,0.2594993879,0.0020388480,0.0163388604,-0.0000365335,-0.0121559760,0.0259142979,-0.2269458894,0.0017589600,0.0001467961,0.0001304683,1,0,0,0,0,0,0,0,0,0,0,0,0,0,1,1
15.7000000000,311.2619397912,-274.7110590355,6.2560848379,0.5862460001,-0.0184127304,-0.0199878939,11.5678082512,7.6825552826,0.2557169564,0.0020681640,0.0163413070,-0.0000343590,-0.0124340654,0.0262187510,-0.2269238396,0.0016081207,0.0001385208,-0.0000203830,1,0,0,0,0,0,0,0,0,0,0,0,0,0,1,1
15.7166666667,311.4546995006,-274.5830315082,6.2600694150,0.5862804695,-0.0181403753,-0.0199884665,11.5676010168,7.6829922618,0.2519348924,0.0020949660,0.0163436157,-0.0000346987,-0.0126919611,0.0264945608,-0.2269570269,0.0016088392,0.0001456597,-0.0001867309,1,0,0,0,0,0,0,0,0,0,0,0,0,0,1,1
15.7333333333,311.6474566624,-274.4549959732,6.2640538759,0.5863153856,-0.0178679817,-0.0199890448,11.5673894841,7.6834338378,0.2481522753,0.0021217800,0.0163460433,-0.0000378109,-0.0129499814,0.0267704870,-0.2269918496,0.0012060000,-0.6028950352,0.0022811878,1,0,0,0,0,0,0,0,0,0,0,0,0,0,1,1
15.7500000000,311.8402111836,-274.3269523684,6.2680382184,0.5863507486,-0.0175955476,-0.0199896750,11.5671736511,7.6838800126,0.2443690778,0.0021418800,0.0062977928,0.0000002089,-0.0151807131,0.0256239965,-0.0874285978,0.0007808408,-0.1629190431,-0.0026500731,1,0,0,0,0,0,0,0,0,0,0,0,0,0,1,1
15.7666666667,312.0329629963,-274.1989006454,6.2723279855,0.5863864466,-0.0174905844,-0.0199896715,11.5669206392,7.6843070792,0.2429119345,0.0021548940,0.0035824754,-0.0000439590,-0.0158359190,0.0254058608,-0.0497369583,0.0007793992,0.0002131920,-0.0004709900,1,0,0,0,0,0,0,0,0,0,0,0,0,0,1,1
15.7833333333,312.2257109231,-274.0708415257,6.2767006445,0.5864223615,-0.0174308765,-0.0199904042,11.5666567072,7.6847305102,0.2420829852,0.0021678840,0.0035860286,-0.0000518088,-0.0159382198,0.0255544440,-0.0497983799,0.0001839600,0.0002463344,0.0005577431,1,0,0,0,0,0,0,0,0,0,0,0,0,0,1,1
15.8000000000,312.4184546210,-273.9427751775,6.2810731383,0.5864584929,-0.0173711093,-0.0199912677,11.5663910702,7.6851564176,0.2412530122,0.0021709500,0.0035901341,-0.0000425131,-0.0159644073,0.0255882937,-0.0498554400,0.0002750408,0.5512611122,-0.0002322778,1,0,0,0,0,0,0,0,0,0,0,0,0,0,1,1
15.8166666667,312.6111940861,-273.8147015890,6.2854454651,0.5864946754,-0.0173112738,-0.0199919762,11.5661249968,7.6855828892,0.2404220882,0.0021755340,0.0127778193,-0.0000463844,-0.0141773612,0.0268523000,-0.1774735747,-0.0001825208,0.6310167343,0.0000244673,1,0,0,0,0,0,0,0,0,0,0,0,0,0,1,1
15.8333333333,312.8039293108,-273.6866207435,6.2899404685,0.5865309343,-0.0170983101,-0.0199927493,11.5658887074,7.6860304275,0.2374641953,0.0021724920,0.0232947649,-0.0000459766,-0.0121430937,0.0281539321,-0.3235283933,-0.0003060000,0.0002400715,0.0004369362,1,0,0,0,0,0,0,0,0,0,0,0,0,0,1,1
15.8500000000,312.9966613069,-273.5585319834,6.2945760757,0.5865671425,-0.0167100640,-0.0199935156,11.5656863225,7.6864996597,0.2320720554,0.0021673920,0.0232987661,-0.0000386943,-0.0122093659,0.0280252367,-0.3235479594,-0.0005655592,0.0001703396,-0.0002768175,1,0,0,0,0,0,0,0,0,0,0,0,0,0,1,1
15.8666666667,313.1893912061,-273.4304345795,6.2992116048,0.5866032657,-0.0163217513,-0.0199941605,11.5654828331,7.6869667470,0.2266795894,0.0021579660,0.0233016051,-0.0000433080,-0.0122421132,0.0278467174,-0.3235894330,-0.0005054408,-0.3271712511,0.0010527961,1,0,0,0,0,0,0,0,0,0,0,0,0,0,1,1
15.8833333333,313.3821189740,-273.3023285980,6.3038470459,0.5866392318,-0.0159333912,-0.0199948823,11.5652787978,7.6874308589,0.2212864322,0.0021495420,0.0178487509,-0.0000257614,-0.0132665343,0.0270257658,-0.2478556556,-0.0009867600,-1.9164530459,-0.0001430866,1,0,0,0,0,0,0,0,0,0,0,0,0,0,1,1
15.9000000000,313.5748445629,-273.1742141097,6.3082684054,0.5866750575,-0.0156359120,-0.0199953116,11.5650576890,7.6878812884,0.2171555046,0.0021330960,-0.0140921332,-0.0000281461,-0.0189685512,0.0229611751,0.1958168757,-0.0009806392,-0.0000760564,0.0002265955,1,0,0,0,0,0,0,0,0,0,0,0,0,0,1,1
15.9166666667,313.7675674070,-273.0460915665,6.3114358832,0.5867106091,-0.0158707809,-0.0199957807,11.5647415464,7.6882639746,0.2204191192,0.0021167520,-0.0140934008,-0.0000243695,-0.0188806188,0.0227467589,0.1957173967,-0.0013136408,-0.0000743104,0.0000033683,1,0,0,0,0,0,0,0,0,0,0,0,0,0,1,1
15.9333333333,313.9602843075,-272.9179631704,6.3146031030,0.5867458883,-0.0161056709,-0.0199961869,11.5644268695,7.6886430873,0.2236810758,0.0020948580,-0.0140946393,-0.0000243134,-0.0187515460,0.0224672353,0.1957338896,-0.0012668400,-0.0000755873,-0.0001754819,1,0,0,0,0,0,0,0,0,0,0,0,0,0,1,1
15.9500000000,314.1529952831,-272.7898290109,6.3177700740,0.5867808026,-0.0163405816,-0.0199965921,11.5641143437,7.6890175412,0.2269433073,0.0020737440,-0.0140958991,-0.0000272381,-0.0186284360,0.0221966926,0.1957506296,-0.0016577993,0.6253601669,-0.0032550511,1,0,0,0,0,0,0,0,0,0,0,0,0,0,1,1
15.9666666667,314.3457003611,-272.6616891678,6.3209367951,0.5868153650,-0.0165755132,-0.0199970461,11.5638038698,7.6893874861,0.2302058178,0.0020461140,-0.0036732296,-0.0000814890,-0.0164386416,0.0231918198,0.0509717525,-0.0016138807,0.1326439174,0.0024184372,1,0,0,0,0,0,0,0,0,0,0,0,0,0,1,1
15.9833333333,314.5383995825,-272.5335437415,6.3249510467,0.5868494669,-0.0166367337,-0.0199984042,11.5635298924,7.6897740164,0.2310553470,0.0020192160,-0.0014624977,-0.0000411817,-0.0158091299,0.0231617820,0.0203002800,-0.0017118000,-0.0001156402,-0.0006258403,1,0,0,0,0,0,0,0,0,0,0,0,0,0,1,1
16.0000000000,314.7310940960,-272.4053920934,6.3291446055,0.5868831205,-0.0166611087,-0.0199990906,11.5632664069,7.6901600461,0.2313936850,0.0019906860,-0.0014644250,-0.0000516123,-0.0155914464,0.0228308003,0.0203364300,-0.0018395993,-0.0001462100,0.0009257051,1,0,0,0,0,0,0,0,0,0,0,0,0,0,1,1
16.0166666667,314.9237842013,-272.2772341560,6.3333378453,0.5869162986,-0.0166855157,-0.0199999508,11.5630065494,7.6905405594,0.2317326255,0.0019600260,-0.0014668618,-0.0000361839,-0.0153572979,0.0224751936,0.0203702584,-0.0018478807,-0.9294220268,0.0001793090,1,0,0,0,0,0,0,0,0,0,0,0,0,0,1,1
16.0333333333,315.1164699666,-272.1490700257,6.3375307111,0.5869489657,-0.0167099634,-0.0200005538,11.5627505945,7.6909151460,0.2320721298,0.0019292280,-0.0169572290,-0.0000331954,-0.0181433301,0.0201081825,0.2355644455,-0.0020898000,-0.9110179817,0.0006441114,1,0,0,0,0,0,0,0,0,0,0,0,0,0,1,1
16.0500000000,315.3091514500,-272.0208998073,6.3413588796,0.5869811195,-0.0169925839,-0.0200011071,11.5624482057,7.6912502824,0.2359982039,0.0018943980,-0.0321408620,-0.0000224602,-0.0209867427,0.0176353282,0.4464163132,-0.0020548793,-0.0000284144,0.0005512786,1,0,0,0,0,0,0,0,0,0,0,0,0,0,1,1
16.0666666667,315.5018270505,-271.8927247267,6.3448292368,0.5870126928,-0.0175282650,-0.0200014814,11.5620984266,7.6915442045,0.2434384758,0.0018601500,-0.0321413356,-0.0000132723,-0.0209218820,0.0171068088,0.4463419457,-0.0022543207,-0.0000102864,-0.0003449040,1,0,0,0,0,0,0,0,0,0,0,0,0,0,1,1
16.0833333333,315.6944951168,-271.7645460411,6.3482992522,0.5870436953,-0.0180639539,-0.0200017026,11.5617497286,7.6918293180,0.2508775082,0.0018225780,-0.0321415070,-0.0000190207,-0.0208323332,0.0165390438,0.4463400412,-0.0025232400,0.2616520187,0.0012239797,1,0,0,0,0,0,0,0,0,0,0,0,0,0,1,1
16.1000000000,315.8871556120,-271.6363639501,6.3517689596,0.5870740716,-0.0185996457,-0.0200020197,11.5614025230,7.6921049687,0.2583165089,0.0017805240,-0.0277806400,0.0000013790,-0.0197444602,0.0165608745,0.3857291572,-0.0025581594,1.1582281728,-0.0017426003,1,0,0,0,0,0,0,0,0,0,0,0,0,0,1,1
16.1166666667,316.0798085189,-271.5081786598,6.3553125705,0.5871037470,-0.0190626563,-0.0200019967,11.5610734487,7.6923809833,0.2647453282,0.0017378880,-0.0084768371,-0.0000276643,-0.0152426054,0.0188448232,0.1176192430,-0.0029671206,-0.0001259120,0.0002098544,1,0,0,0,0,0,0,0,0,0,0,0,0,0,1,1
16.1333333333,316.2724543571,-271.3799900220,6.3591847341,0.5871327118,-0.0192039370,-0.0200024577,11.5608194053,7.6926950637,0.2667056489,0.0016884360,-0.0084789357,-0.0000241668,-0.0148784658,0.0182621067,0.1177414739,-0.0030297600,-0.0001221679,0.0000537104,1,0,0,0,0,0,0,0,0,0,0,0,0,0,1,1
16.1500000000,316.4650955434,-271.2517966585,6.3630567349,0.5871608524,-0.0193452525,-0.0200028605,11.5605714308,7.6929994321,0.2686680068,0.0016379400,-0.0084809718,-0.0000232716,-0.0145047700,0.0176683473,0.1177693917,-0.0034624794,-0.0001358494,-0.0000964577,1,0,0,0,0,0,0,0,0,0,0,0,0,0,1,1
16.1666666667,316.6577321806,-271.1235987346,6.3669285783,0.5871881514,-0.0194866021,-0.0200032484,11.5603296847,7.6932939046,0.2706308300,0.0015802320,-0.0084832360,-0.0000248792,-0.0140756323,0.0169912692,0.1178005080,-0.0036903606,1.1870567785,0.0014211904,1,0,0,0,0,0,0,0,0,0,0,0,0,0,1,1
16.1833333333,316.8503643875,-270.9953964382,6.3708002690,0.5872144886,-0.0196279893,-0.0200036630,11.5600950908,7.6935770924,0.2725941718,0.0015187260,0.0113010437,-0.0000011927,-0.0091309761,0.0192560746,-0.1570187217,-0.0038775600,0.1876817326,-0.0018753540,1,0,0,0,0,0,0,0,0,0,0,0,0,0,1,1
16.2000000000,317.0429922802,-270.8671899778,6.3750129335,0.5872398007,-0.0194396386,-0.0200036829,11.5599429079,7.6938980270,0.2699771931,0.0014541000,0.0144290726,-0.0000324486,-0.0079649009,0.0189544220,-0.2003786995,-0.0039769195,-0.0001113952,-0.0002797858,1,0,0,0,0,0,0,0,0,0,0,0,0,0,1,1
16.2166666667,317.2356184842,-270.7389779051,6.3792794792,0.5872640357,-0.0191991541,-0.0200042237,11.5598101595,7.6942139340,0.2666375481,0.0013878180,0.0144272160,-0.0000371117,-0.0074961304,0.0181609858,-0.2003407748,-0.0041914805,-0.0001407394,0.0005922975,1,0,0,0,0,0,0,0,0,0,0,0,0,0,1,1
16.2333333333,317.4282435163,-270.6107601825,6.3835458686,0.5872871660,-0.0189587005,-0.0200048423,11.5596852240,7.6945166171,0.2632985352,0.0013179600,0.0144248703,-0.0000272401,-0.0069996736,0.0173263429,-0.2003091236,-0.0040190400,-0.4120026176,-0.0127156855,1,0,0,0,0,0,0,0,0,0,0,0,0,0,1,1
16.2500000000,317.6208674959,-270.4825370548,6.3878120621,0.5873091320,-0.0187182860,-0.0200052963,11.5595685628,7.6948053895,0.2599600498,0.0012509760,0.0075581600,-0.0002391682,-0.0079963519,0.0155456087,-0.1049405878,-0.0043282796,-0.3464545126,0.0127946236,1,0,0,0,0,0,0,0,0,0,0,0,0,0,1,1
16.2666666667,317.8134905471,-270.3543087495,6.3925189011,0.5873299816,-0.0185923166,-0.0200092824,11.5594352903,7.6950644830,0.2582110400,0.0011788380,0.0017839181,-0.0000259245,-0.0086887251,0.0138813167,-0.0247400821,-0.0044881204,-0.0001289427,0.0003371739,1,0,0,0,0,0,0,0,0,0,0,0,0,0,1,1
16.2833333333,318.0061119878,-270.2260760542,6.3975974323,0.5873496289,-0.0185625847,-0.0200097145,11.5592904781,7.6952958382,0.2577987053,0.0011040360,0.0017817691,-0.0000203049,-0.0081139368,0.0130161088,-0.0247425181,-0.0043624800,-0.0001196349,-0.0001016866,1,0,0,0,0,0,0,0,0,0,0,0,0,0,1,1
16.3000000000,318.1987312778,-270.0978396759,6.4026758205,0.5873680295,-0.0185328885,-0.0200100529,11.5591552459,7.6955127734,0.2573863300,0.0010313280,0.0017797752,-0.0000219997,-0.0075557223,0.0121749178,-0.0247148340,-0.0044164796,0.0869144054,0.0117783920,1,0,0,0,0,0,0,0,0,0,0,0,0,0,1,1
16.3166666667,318.3913485757,-269.9695998454,6.4077540828,0.5873852183,-0.0185032256,-0.0200104195,11.5590293172,7.6957156887,0.2569744161,0.0009577200,0.0032283486,0.0001743069,-0.0066808124,0.0115293791,-0.0448345562,-0.0046864803,0.3018813042,-0.0115655837,1,0,0,0,0,0,0,0,0,0,0,0,0,0,1,1
16.3333333333,318.5839640419,-269.8413567967,6.4126587901,0.5874011803,-0.0184494198,-0.0200075144,11.5589179703,7.6959078450,0.2562271735,0.0008796120,0.0082597037,-0.0000184529,-0.0050141300,0.0113360746,-0.1147202038,-0.0043650000,0.0104808528,-0.0222788676,1,0,0,0,0,0,0,0,0,0,0,0,0,0,1,1
16.3500000000,318.7765780075,-269.7131106719,6.4169556277,0.5874158405,-0.0183117581,-0.0200078220,11.5588344015,7.6960967796,0.2543151701,0.0008068620,0.0084343846,-0.0003897673,-0.0044311831,0.0105106039,-0.1171251237,-0.0041432397,0.0094403433,0.0018613271,1,0,0,0,0,0,0,0,0,0,0,0,0,0,1,1
16.3666666667,318.9691912234,-269.5848613077,6.4212524772,0.5874292882,-0.0181711850,-0.0200143181,11.5587605484,7.6962719563,0.2523630847,0.0007378080,0.0085917236,-0.0003587452,-0.0038807830,0.0097250934,-0.1193101925,-0.0045525603,0.0096338469,0.0206403568,1,0,0,0,0,0,0,0,0,0,0,0,0,0,1,1
16.3833333333,319.1618038538,-269.4566089145,6.4255493393,0.5874415850,-0.0180279896,-0.0200202972,11.5586958687,7.6964340412,0.2503745815,0.0006619320,0.0087522877,-0.0000147393,-0.0032779414,0.0088606597,-0.1215403378,-0.0044596800,-0.4492514157,0.0507150453,1,0,0,0,0,0,0,0,0,0,0,0,0,0,1,1
16.4000000000,319.3544160643,-269.3283537342,6.4298462215,0.5874526172,-0.0178821181,-0.0200205428,11.5586412364,7.6965817189,0.2483489092,0.0005876040,0.0012647641,0.0008305115,-0.0042617377,0.0069655335,-0.0175316759,-0.0042001198,0.0199357593,-0.0495332914,1,0,0,0,0,0,0,0,0,0,0,0,0,0,1,1
16.4166666667,319.5470280277,-269.2000959956,6.4334656445,0.5874624106,-0.0178610387,-0.0200067010,11.5585702074,7.6966978111,0.2480567146,0.0005176020,0.0015970268,0.0000049566,-0.0036543297,0.0062021222,-0.0221786281,-0.0041338802,0.0005522999,-0.0015209307,1,0,0,0,0,0,0,0,0,0,0,0,0,0,1,1
16.4333333333,319.7396390331,-269.0718364962,6.4370109559,0.5874710373,-0.0178344216,-0.0200066184,11.5585093019,7.6968011798,0.2476870708,0.0004487040,0.0016062318,-0.0000203922,-0.0031227105,0.0054066790,-0.0223052579,-0.0043426800,-0.0004400468,0.0015682490,1,0,0,0,0,0,0,0,0,0,0,0,0,0,1,1
16.4500000000,319.9322492588,-268.9435754373,6.4405561907,0.5874785157,-0.0178076511,-0.0200069582,11.5584572567,7.6968912911,0.2473153165,0.0003763260,0.0015988977,0.0000057453,-0.0025676716,0.0045687529,-0.0222033660,-0.0040665599,0.8827550133,-0.0126106810,1,0,0,0,0,0,0,0,0,0,0,0,0,0,1,1
16.4666666667,320.1248588638,-268.8153130479,6.4441013306,0.5874847878,-0.0177810028,-0.0200068625,11.5584144622,7.6969674370,0.2469452604,0.0003085500,0.0163114812,-0.0002044327,0.0009529710,0.0057824720,-0.2265700447,-0.0042307201,0.6380698504,0.0114672268,1,0,0,0,0,0,0,0,0,0,0,0,0,0,1,1
16.4833333333,320.3174679955,-268.6870495436,6.4484854910,0.5874899303,-0.0175091448,-0.0200102697,11.5584303450,7.6970638115,0.2431690930,0.0002380380,0.0269459787,-0.0000133123,0.0035522172,0.0063369868,-0.3742326654,-0.0037674000,-0.0000643847,0.0001779444,1,0,0,0,0,0,0,0,0,0,0,0,0,0,1,1
16.5000000000,320.5100784633,-268.5587840469,6.4534754650,0.5874938976,-0.0170600451,-0.0200104916,11.5584895487,7.6971694280,0.2369318819,0.0001752480,0.0269449057,-0.0000103466,0.0038947728,0.0055176352,-0.3741791093,-0.0039081599,-0.0000917983,-0.0000848185,1,0,0,0,0,0,0,0,0,0,0,0,0,0,1,1
16.5166666667,320.7026915473,-268.4305159959,6.4584654740,0.5874968184,-0.0166109634,-0.0200106640,11.5585544616,7.6972613886,0.2306955634,0.0001101120,0.0269433757,-0.0000117602,0.0042560253,0.0046713742,-0.3741606552,-0.0037209600,-0.4611181247,0.0057122546,1,0,0,0,0,0,0,0,0,0,0,0,0,0,1,1
16.5333333333,320.8953073123,-268.3022456490,6.4634555242,0.5874986536,-0.0161619071,-0.0200108600,11.5586253953,7.6973392448,0.2244595525,0.0000480960,0.0192580736,0.0000834440,0.0031916357,0.0029279231,-0.2674166754,-0.0036730800,-1.3069129805,-0.0049416055,1,0,0,0,0,0,0,0,0,0,0,0,0,0,1,1
16.5500000000,321.0879258058,-268.1739732625,6.4681574093,0.5874994552,-0.0158409392,-0.0200094693,11.5586785892,7.6973880435,0.2200026079,-0.0000131220,-0.0025238094,0.0000010840,-0.0003628699,-0.0004605733,0.0351322619,-0.0035096400,-0.0108909609,-0.0241526665,1,0,0,0,0,0,0,0,0,0,0,0,0,0,1,1
16.5666666667,321.2805463059,-268.0456996005,6.4720418362,0.5874992365,-0.0158830027,-0.0200094512,11.5586725414,7.6973803673,0.2205881456,-0.0000716160,-0.0027053254,-0.0004014605,0.0000538435,-0.0011590444,0.0375699001,-0.0035841600,-0.0093359327,0.0043976306,1,0,0,0,0,0,0,0,0,0,0,0,0,0,1,1
16.5833333333,321.4731667051,-267.9174263373,6.4759170384,0.5874980429,-0.0159280915,-0.0200161422,11.5586734388,7.6973610499,0.2212143106,-0.0001313520,-0.0028609243,-0.0003281666,0.0004835127,-0.0018695922,0.0397306440,-0.0033861600,-0.0089565596,0.0199428155,1,0,0,0,0,0,0,0,0,0,0,0,0,0,1,1
16.6000000000,321.6657871051,-267.7891536825,6.4797843481,0.5874958537,-0.0159757735,-0.0200216117,11.5586814973,7.6973298900,0.2218764880,-0.0001877880,-0.0030102003,0.0000042136,0.0008886460,-0.0025413314,0.0418035899,-0.0033310801,-0.7028750939,0.0437102488,1,0,0,0,0,0,0,0,0,0,0,0,0,0,1,1
16.6166666667,321.8584076136,-267.6608818257,6.4836440902,0.5874927239,-0.0160259435,-0.0200215414,11.5586963081,7.6972875345,0.2225732145,-0.0002433060,-0.0147247852,0.0007327178,-0.0008766160,-0.0046431987,0.2045339165,-0.0030650399,-0.1109784508,-0.0423423700,1,0,0,0,0,0,0,0,0,0,0,0,0,0,1,1
16.6333333333,322.0510283365,-267.5326109533,6.4871858046,0.5874886688,-0.0162713566,-0.0200093295,11.5586816979,7.6972101479,0.2259821131,-0.0002943900,-0.0165744260,0.0000270116,-0.0008781451,-0.0054964920,0.2301781617,-0.0029005200,-0.0006727870,-0.0013645353,1,0,0,0,0,0,0,0,0,0,0,0,0,0,1,1
16.6500000000,322.2436481579,-267.4043420457,6.4906518767,0.5874837623,-0.0165475970,-0.0200088793,11.5586670620,7.6971185396,0.2298184158,-0.0003427320,-0.0165856392,0.0000042693,-0.0005611034,-0.0060918709,0.2303252574,-0.0030268801,0.0003402148,0.0011215927,1,0,0,0,0,0,0,0,0,0,0,0,0,0,1,1
16.6666666667,322.4362669655,-267.2760754014,6.4941173652,0.5874780501,-0.0168240244,-0.0200088081,11.5586577104,7.6970170085,0.2336571701,-0.0003931800,-0.0165799689,0.0000229626,-0.0002246921,-0.0067095408,0.2302453688,-0.0029293199,0.3831323618,0.0003887161,1,0,0,0,0,0,0,0,0,0,0,0,0,0,1,1
16.6833333333,322.6288848402,-267.1478111999,6.4975831015,0.5874714971,-0.0171003572,-0.0200084254,11.5586539655,7.6969051828,0.2374945929,-0.0004420020,-0.0101944295,0.0000294412,0.0013772144,-0.0064571971,0.1415375218,-0.0026733600,0.2344291444,-0.0010915758,1,0,0,0,0,0,0,0,0,0,0,0,0,0,1,1
16.7000000000,322.8215018503,-267.0195496227,6.5011584850,0.5874641304,-0.0172702643,-0.0200079347,11.5586769190,7.6967975628,0.2398535516,-0.0004865580,-0.0062872771,0.0000112482,0.0024861606,-0.0064622436,0.0872944737,-0.0027684002,-0.0000769890,0.0001590566,1,0,0,0,0,0,0,0,0,0,0,0,0,0,1,1
16.7166666667,323.0141187758,-266.8912903564,6.5048008362,0.5874560211,-0.0173750523,-0.0200077473,11.5587183551,7.6966898588,0.2413084595,-0.0005326980,-0.0062885603,0.0000138992,0.0028330640,-0.0070008767,0.0873280144,-0.0025923598,-0.0000417623,-0.0001189484,1,0,0,0,0,0,0,0,0,0,0,0,0,0,1,1
16.7333333333,323.2067361444,-266.7630332630,6.5084432284,0.5874471428,-0.0174798616,-0.0200075156,11.5587655728,7.6965731775,0.2427639264,-0.0005759040,-0.0062892563,0.0000119167,0.0031577709,-0.0075054774,0.0873375178,-0.0026611200,0.0763079686,-0.0034349321,1,0,0,0,0,0,0,0,0,0,0,0,0,0,1,1
16.7500000000,323.3993540367,-266.6347784898,6.5120856859,0.5874375444,-0.0175846826,-0.0200073170,11.5588182023,7.6964480862,0.2442195517,-0.0006202560,-0.0050174568,-0.0000453322,0.0037514192,-0.0078501499,0.0696717178,-0.0027082802,0.1787501643,0.0034628793,1,0,0,0,0,0,0,0,0,0,0,0,0,0,1,1
16.7666666667,323.5919725468,-266.5065261792,6.5158383957,0.5874272068,-0.0176683069,-0.0200080725,11.5588807260,7.6963172504,0.2453807470,-0.0006653940,-0.0020382874,0.0000123825,0.0047045344,-0.0079685998,0.0282922022,-0.0023432398,-0.0002702474,-0.0004380306,1,0,0,0,0,0,0,0,0,0,0,0,0,0,1,1
16.7833333333,323.7845919149,-266.3782763802,6.5198492059,0.5874161169,-0.0177022783,-0.0200078662,11.5589591349,7.6961844404,0.2458522837,-0.0007044480,-0.0020427916,0.0000050820,0.0050030646,-0.0084213115,0.0283676880,-0.0024843600,-0.0002325220,0.0001681463,1,0,0,0,0,0,0,0,0,0,0,0,0,0,1,1
16.8000000000,323.9772125538,-266.2500289994,6.5238598528,0.5874043761,-0.0177363248,-0.0200077815,11.5590425193,7.6960440852,0.2463250785,-0.0007458540,-0.0020466669,0.0000078844,0.0053200020,-0.0089010240,0.0284214839,-0.0019123203,-0.0002034699,0.0003882874,1,0,0,0,0,0,0,0,0,0,0,0,0,0,1,1
16.8166666667,324.1698345544,-266.1217841678,6.5278703803,0.5873919452,-0.0177704360,-0.0200076501,11.5591311860,7.6958957348,0.2467987699,-0.0007777260,-0.0020500581,0.0000143559,0.0055636892,-0.0092705439,0.0284685601,-0.0021617997,0.2233844436,-0.0023799943,1,0,0,0,0,0,0,0,0,0,0,0,0,0,1,1
16.8333333333,324.3624579877,-265.9935419857,6.5318808089,0.5873789831,-0.0178046036,-0.0200074108,11.5592239141,7.6957412257,0.2472732459,-0.0008137560,0.0016730160,-0.0000253107,0.0066067442,-0.0091772259,-0.0232491601,-0.0024764400,0.0048658927,0.0025049218,1,0,0,0,0,0,0,0,0,0,0,0,0,0,1,1
16.8500000000,324.5550829224,-265.8653025747,6.5361700216,0.5873654205,-0.0177767200,-0.0200078326,11.5593340266,7.6955882720,0.2468857599,-0.0008550300,0.0017541142,0.0000164380,0.0069400867,-0.0096438255,-0.0243592018,-0.0019638003,-0.0000834034,0.0000782699,1,0,0,0,0,0,0,0,0,0,0,0,0,0,1,1
16.8666666667,324.7477098759,-265.7370657813,6.5404653873,0.5873511700,-0.0177474848,-0.0200075587,11.5594496946,7.6954275415,0.2464797732,-0.0008877600,0.0017527241,0.0000177425,0.0071909239,-0.0100228588,-0.0243395462,-0.0019731597,-0.0000978096,-0.0000893008,1,0,0,0,0,0,0,0,0,0,0,0,0,0,1,1
16.8833333333,324.9403389304,-265.6088317022,6.5447607793,0.5873363740,-0.0177182727,-0.0200072630,11.5595695434,7.6952604939,0.2460741141,-0.0009206460,0.0017510940,0.0000162541,0.0074429300,-0.0104037526,-0.0243169199,-0.0022651200,0.1641953030,0.0049719780,1,0,0,0,0,0,0,0,0,0,0,0,0,0,1,1
16.9000000000,325.1329701486,-265.4806004486,6.5490561844,0.5873210299,-0.0176890878,-0.0200069921,11.5596935922,7.6950870980,0.2456688321,-0.0009583980,0.0044876823,0.0000991204,0.0082908103,-0.0104691311,-0.0623287799,-0.0020278804,0.0848241522,-0.0050507320,1,0,0,0,0,0,0,0,0,0,0,0,0,0,1,1
16.9166666667,325.3256036141,-265.3523721395,6.5531289824,0.5873050566,-0.0176142931,-0.0200053401,11.5598317724,7.6949126125,0.2446300191,-0.0009921960,0.0059014182,0.0000149416,0.0088332700,-0.0106719314,-0.0819568623,-0.0019947596,0.0000358371,0.0001885753,1,0,0,0,0,0,0,0,0,0,0,0,0,0,1,1
16.9333333333,325.5182397123,-265.2241466745,6.5570861280,0.5872885200,-0.0175159361,-0.0200050910,11.5599789936,7.6947347470,0.2432640714,-0.0010254420,0.0059020155,0.0000180845,0.0090822543,-0.0110608678,-0.0819598078,-0.0018540000,0.0000378412,-0.0001235363,1,0,0,0,0,0,0,0,0,0,0,0,0,0,1,1
16.9500000000,325.7108786642,-265.0959240614,6.5610433987,0.5872714293,-0.0174175692,-0.0200047896,11.5601303645,7.6945503992,0.2418980746,-0.0010563420,0.0059026462,0.0000160256,0.0093132123,-0.0114225838,-0.0819687118,-0.0016156804,-0.3585957626,-0.0060449953,1,0,0,0,0,0,0,0,0,0,0,0,0,0,1,1
16.9666666667,325.9035205355,-264.9677043993,6.5650007947,0.5872538236,-0.0173191917,-0.0200045225,11.5602855847,7.6943600228,0.2405319294,-0.0010832700,-0.0000739499,-0.0000847244,0.0083198159,-0.0125330542,0.0010498083,-0.0020753996,-0.7024967785,0.0066285915,1,0,0,0,0,0,0,0,0,0,0,0,0,0,1,1
16.9833333333,326.0961653838,-264.8394877743,6.5690107407,0.5872357691,-0.0173204242,-0.0200059346,11.5604242482,7.6941511385,0.2405494262,-0.0011178600,-0.0117822295,0.0000257522,0.0062272032,-0.0145027532,0.1636747616,-0.0018954000,-0.0000322314,0.0001621977,1,0,0,0,0,0,0,0,0,0,0,0,0,0,1,1
17.0000000000,326.2888126087,-264.7112747468,6.5731238350,0.5872171381,-0.0175167947,-0.0200055054,11.5605280350,7.6939094260,0.2432773389,-0.0011494500,-0.0117827667,0.0000284555,0.0064439582,-0.0148854178,0.1636247877,-0.0016214404,-0.0000245992,-0.0000267716,1,0,0,0,0,0,0,0,0,0,0,0,0,0,1,1
17.0166666667,326.4814609714,-264.5830662874,6.5772369624,0.5871979806,-0.0177131742,-0.0200050311,11.5606354343,7.6936613357,0.2460044187,-0.0011764740,-0.0117831767,0.0000280093,0.0066246658,-0.0152157002,0.1636299247,-0.0017517596,-0.0069473305,-0.0023351799,1,0,0,0,0,0,0,0,0,0,0,0,0,0,1,1
17.0333333333,326.6741105186,-264.4548624899,6.5813501329,0.5871783727,-0.0179095605,-0.0200045643,11.5607458454,7.6934077407,0.2487315841,-0.0012056700,-0.0118989655,-0.0000109104,0.0067978699,-0.0155873207,0.1652432757,-0.0017640000,-0.3867003177,0.0021961945,1,0,0,0,0,0,0,0,0,0,0,0,0,0,1,1
17.0500000000,326.8667612904,-264.3266634632,6.5854649520,0.5871582782,-0.0181078765,-0.0200047462,11.5608591432,7.6931479520,0.2514856387,-0.0012350700,-0.0183439708,0.0000256928,0.0056277612,-0.0168561451,0.2547720114,-0.0018615605,-0.0003884457,0.0007557990,1,0,0,0,0,0,0,0,0,0,0,0,0,0,1,1
17.0666666667,327.0594133247,-264.1984693180,6.5896726463,0.5871376937,-0.0184136094,-0.0200043179,11.5609529393,7.6928670163,0.2557318389,-0.0012660960,-0.0183504449,0.0000382895,0.0058003572,-0.0172586353,0.2548251012,-0.0019418395,0.0001498114,-0.0002852176,1,0,0,0,0,0,0,0,0,0,0,0,0,0,1,1
17.0833333333,327.2520659161,-264.0702806671,6.5938803837,0.5871165921,-0.0187194501,-0.0200036798,11.5610496118,7.6925793723,0.2599789239,-0.0012984600,-0.0183479481,0.0000335359,0.0059845404,-0.0176756403,0.2547889373,-0.0019036800,0.0000313103,-0.0000174948,1,0,0,0,0,0,0,0,0,0,0,0,0,0,1,1
17.1000000000,327.4447190897,-263.9420976441,6.5980881637,0.5870949511,-0.0190252493,-0.0200031209,11.5611493543,7.6922847784,0.2642254062,-0.0013301880,-0.0183474262,0.0000332443,0.0061633595,-0.0180854997,0.2547802197,-0.0014655605,0.0245872109,0.0037998835,1,0,0,0,0,0,0,0,0,0,0,0,0,0,1,1
17.1166666667,327.6373728811,-263.8139203719,6.6022959848,0.5870727813,-0.0193310397,-0.0200025668,11.5612520768,7.6919833533,0.2684717432,-0.0013546140,-0.0179376394,0.0000965757,0.0063792209,-0.0183491362,0.2490738129,-0.0019378795,0.0099445144,-0.0038565046,1,0,0,0,0,0,0,0,0,0,0,0,0,0,1,1
17.1333333333,327.8300273099,-263.6857489500,6.6061235737,0.5870502044,-0.0196300004,-0.0200009572,11.5613583972,7.6916775344,0.2726229734,-0.0013869120,-0.0177718975,0.0000323006,0.0066031439,-0.0187385880,0.2467842055,-0.0016736400,-0.0001541313,0.0003552893,1,0,0,0,0,0,0,0,0,0,0,0,0,0,1,1
17.1500000000,328.0226824535,-263.5575834772,6.6097854169,0.5870270892,-0.0199261987,-0.0200004188,11.5614684496,7.6913652246,0.2767360435,-0.0014148060,-0.0177744663,0.0000382221,0.0067556900,-0.0191020166,0.2468192994,-0.0020109605,-0.0001697684,-0.0003096322,1,0,0,0,0,0,0,0,0,0,0,0,0,0,1,1
17.1666666667,328.2153383617,-263.4294240489,6.6134472995,0.5870035091,-0.0202224398,-0.0199997818,11.5615810445,7.6910468577,0.2808496985,-0.0014483220,-0.0177772958,0.0000330616,0.0069513917,-0.0195305230,0.2468571129,-0.0018158395,0.5122578187,-0.0025153553,1,0,0,0,0,0,0,0,0,0,0,0,0,0,1,1
17.1833333333,328.4079950753,-263.3012707930,6.6171092191,0.5869793704,-0.0205187280,-0.0199992308,11.5616969009,7.6907213489,0.2849639837,-0.0014785860,-0.0092396655,-0.0000088610,0.0091714794,-0.0185582323,0.1282534496,-0.0016257600,0.8526802006,0.0021991023,1,0,0,0,0,0,0,0,0,0,0,0,0,0,1,1
17.2000000000,328.6006526173,-263.1731238345,6.6211614932,0.5869547273,-0.0206727225,-0.0199993785,11.5618497590,7.6904120451,0.2871015412,-0.0015056820,0.0049716712,0.0000277907,0.0127665703,-0.0166188391,-0.0691144798,-0.0016387205,-0.0002228109,-0.0002640594,1,0,0,0,0,0,0,0,0,0,0,0,0,0,1,1
17.2166666667,328.7933121533,-263.0449825234,6.6258637002,0.5869296326,-0.0205898613,-0.0199989153,11.5620625351,7.6901350644,0.2859496332,-0.0015329940,0.0049679577,0.0000233897,0.0129691546,-0.0169395610,-0.0689846883,-0.0016412394,-0.0001621164,0.0001856713,1,0,0,0,0,0,0,0,0,0,0,0,0,0,1,1
17.2333333333,328.9859756264,-262.9168456934,6.6305660190,0.5869040827,-0.0205070620,-0.0199985255,11.5622786877,7.6898527384,0.2847998884,-0.0015603480,0.0049652557,0.0000264842,0.0131737484,-0.0172598770,-0.0689473199,-0.0019267200,0.0554596586,0.0001283430,1,0,0,0,0,0,0,0,0,0,0,0,0,0,1,1
17.2500000000,329.1786430839,-262.7887134405,6.6352684587,0.5868780769,-0.0204243077,-0.0199980841,11.5624982502,7.6895650738,0.2836507664,-0.0015924600,0.0058895834,0.0000286233,0.0136328284,-0.0174900777,-0.0817846678,-0.0019832406,0.9571796743,-0.0006977590,1,0,0,0,0,0,0,0,0,0,0,0,0,0,1,1
17.2666666667,329.3713145947,-262.6605858671,6.6399940327,0.5868515359,-0.0203261480,-0.0199976070,11.5627254640,7.6892735725,0.2822876886,-0.0016255140,0.0218425780,0.0000169939,0.0175884440,-0.0154110888,-0.3033849547,-0.0019231194,0.0002662746,0.0008758804,1,0,0,0,0,0,0,0,0,0,0,0,0,0,1,1
17.2833333333,329.5639903511,-262.5324629984,6.6451194364,0.5868244440,-0.0199621050,-0.0199973238,11.5630186047,7.6890167210,0.2772312727,-0.0016575660,0.0218470159,0.0000315919,0.0177422784,-0.0158436983,-0.3033694975,-0.0014644800,-0.0001996269,-0.0002680601,1,0,0,0,0,0,0,0,0,0,0,0,0,0,1,1
17.3000000000,329.7566724705,-262.4043435754,6.6502452937,0.5867968179,-0.0195979881,-0.0199967972,11.5633143094,7.6887526594,0.2721751144,-0.0016819740,0.0218436887,0.0000271243,0.0178368674,-0.0161882150,-0.3033254514,-0.0021142806,-0.0001096172,-0.0001653639,1,0,0,0,0,0,0,0,0,0,0,0,0,0,1,1
17.3166666667,329.9493609572,-262.2762277083,6.6553712145,0.5867687850,-0.0192339266,-0.0199963452,11.5636115905,7.6884828558,0.2671196902,-0.0017172120,0.0218418618,0.0000243682,0.0180150542,-0.0166577340,-0.3033022090,-0.0019133994,-0.4087477602,0.0008523230,1,0,0,0,0,0,0,0,0,0,0,0,0,0,1,1
17.3333333333,330.1420558386,-262.1481155421,6.6604972978,0.5867401648,-0.0188698956,-0.0199959390,11.5639118414,7.6882052269,0.2620646534,-0.0017491020,0.0150293991,0.0000385736,0.0167048307,-0.0180608981,-0.2086706155,-0.0016182000,-0.1480310510,-0.0006992666,1,0,0,0,0,0,0,0,0,0,0,0,0,0,1,1
17.3500000000,330.3347571242,-262.0200072187,6.6652013646,0.5867110131,-0.0186194056,-0.0199952961,11.5641902552,7.6879042119,0.2585868098,-0.0017760720,0.0125622149,0.0000269191,0.0163438393,-0.0187509811,-0.1744337638,-0.0021229206,-0.0000731327,-0.0000576759,1,0,0,0,0,0,0,0,0,0,0,0,0,0,1,1
17.3666666667,330.5274640115,-261.8919033967,6.6697528895,0.5866814119,-0.0184100353,-0.0199948475,11.5644626526,7.6875916956,0.2556795804,-0.0018114540,0.0125609961,0.0000259579,0.0165847969,-0.0191809529,-0.1744284306,-0.0019864793,-0.0000984046,0.0001926324,1,0,0,0,0,0,0,0,0,0,0,0,0,0,1,1
17.3833333333,330.7201762639,-261.7638043969,6.6743046848,0.5866512210,-0.0182006854,-0.0199944149,11.5647390658,7.6872720130,0.2527724399,-0.0018445620,0.0125593560,0.0000291684,0.0168079815,-0.0195848249,-0.1744063197,-0.0017499600,-0.0387899007,0.0000469241,1,0,0,0,0,0,0,0,0,0,0,0,0,0,1,1
17.4000000000,330.9128939281,-261.6357103425,6.6788567650,0.5866204783,-0.0179913628,-0.0199939287,11.5650191989,7.6869455993,0.2498656679,-0.0018737280,0.0119128576,0.0000299505,0.0168682303,-0.0200314651,-0.1654262936,-0.0022086007,-0.0549535971,0.0000328507,1,0,0,0,0,0,0,0,0,0,0,0,0,0,1,1
17.4166666667,331.1056170525,-261.5076213360,6.6833683416,0.5865892495,-0.0177928152,-0.0199934295,11.5653003360,7.6866117415,0.2471085630,-0.0019105380,0.0109969644,0.0000304980,0.0169367098,-0.0205998603,-0.1527073686,-0.0021261593,0.0000629089,-0.0001646029,1,0,0,0,0,0,0,0,0,0,0,0,0,0,1,1
17.4333333333,331.2983456285,-261.3795375535,6.6878224710,0.5865574072,-0.0176095324,-0.0199929212,11.5655826145,7.6862684105,0.2445634402,-0.0019459740,0.0109980128,0.0000277546,0.0171854352,-0.0210256592,-0.1527262738,-0.0019418400,0.0000318561,0.0001638526,1,0,0,0,0,0,0,0,0,0,0,0,0,0,1,1
17.4500000000,331.4910796055,-261.2514591935,6.6922769231,0.5865249743,-0.0174262322,-0.0199924587,11.5658690385,7.6859179829,0.2420180023,-0.0019783380,0.0109985438,0.0000304855,0.0174102956,-0.0214159822,-0.1527341396,-0.0026431207,-0.0986278248,0.0001268288,1,0,0,0,0,0,0,0,0,0,0,0,0,0,1,1
17.4666666667,331.6838190435,-261.1233863658,6.6967316512,0.5864920020,-0.0172429232,-0.0199919506,11.5661592100,7.6855610498,0.2394724333,-0.0020223900,0.0093547467,0.0000325993,0.0174002301,-0.0221574447,-0.1299052382,-0.0016991993,-0.9531884294,0.0004145341,1,0,0,0,0,0,0,0,0,0,0,0,0,0,1,1
17.4833333333,331.8765640268,-260.9953192181,6.7011471496,0.5864582955,-0.0170870107,-0.0199914073,11.5664492139,7.6851917591,0.2373073460,-0.0020507100,-0.0065317271,0.0000395082,0.0144635239,-0.0245809007,0.0907763519,-0.0020980800,-0.0000145222,0.0000886509,1,0,0,0,0,0,0,0,0,0,0,0,0,0,1,1
17.5000000000,332.0693144153,-260.8672579754,6.7051803138,0.5864241170,-0.0171958728,-0.0199907488,11.5666902726,7.6847820774,0.2388202852,-0.0020856780,-0.0065319692,0.0000409857,0.0147240685,-0.0249906043,0.0907084619,-0.0013719608,0.0000030376,0.0000477988,1,0,0,0,0,0,0,0,0,0,0,0,0,0,1,1
17.5166666667,332.2620685353,-260.7392039114,6.7092136616,0.5863893557,-0.0173047390,-0.0199900657,11.5669356737,7.6843655673,0.2403320929,-0.0021085440,-0.0065319185,0.0000417824,0.0148906633,-0.0252610412,0.0907076043,-0.0016829992,0.0000044720,-0.0000427856,1,0,0,0,0,0,0,0,0,0,0,0,0,0,1,1
17.5333333333,332.4548264348,-260.6111570996,6.7132471970,0.5863542133,-0.0174136043,-0.0199893693,11.5671838515,7.6839445500,0.2418438863,-0.0021365940,-0.0065318440,0.0000410693,0.0150970565,-0.0255914276,0.0907064038,-0.0014644800,0.3243513457,-0.0013714715,1,0,0,0,0,0,0,0,0,0,0,0,0,0,1,1
17.5500000000,332.6475881617,-260.4831176386,6.7172809311,0.5863186034,-0.0175224684,-0.0199886848,11.5674354691,7.6835180262,0.2433556597,-0.0021610020,-0.0011259882,0.0000182114,0.0163756259,-0.0251489700,0.0156111060,-0.0012549608,0.0948480154,0.0010614737,1,0,0,0,0,0,0,0,0,0,0,0,0,0,1,1
17.5666666667,332.8403537668,-260.3550856074,6.7212292214,0.5862825867,-0.0175412348,-0.0199883813,11.5677083962,7.6830988767,0.2436158448,-0.0021819180,0.0004548120,0.0000359027,0.0168558385,-0.0251787945,-0.0063223319,-0.0011584792,0.0000003095,-0.0000303897,1,0,0,0,0,0,0,0,0,0,0,0,0,0,1,1
17.5833333333,333.0331239046,-260.2270606676,6.7251526212,0.5862462214,-0.0175336546,-0.0199877829,11.5679893268,7.6826792301,0.2435104726,-0.0022012260,0.0004548172,0.0000353962,0.0170030817,-0.0254028062,-0.0063159300,-0.0010569600,0.0000306405,0.0001285804,1,0,0,0,0,0,0,0,0,0,0,0,0,0,1,1
17.6000000000,333.2258987869,-260.0990427688,6.7290763175,0.5862095343,-0.0175260744,-0.0199871930,11.5682727115,7.6822558500,0.2434052071,-0.0022188420,0.0004553278,0.0000375392,0.0171375122,-0.0256071418,-0.0063230340,-0.0009597608,-0.3029937053,0.0018704916,1,0,0,0,0,0,0,0,0,0,0,0,0,0,1,1
17.6166666667,333.4186784545,-259.9710319649,6.7330003620,0.5861725536,-0.0175184856,-0.0199865673,11.5685583367,7.6818290643,0.2432998232,-0.0022348380,-0.0045945672,0.0000687140,0.0162335373,-0.0264741259,0.0638269382,-0.0001796392,-0.3657827401,-0.0014745648,1,0,0,0,0,0,0,0,0,0,0,0,0,0,1,1
17.6333333333,333.6114629448,-259.8430283049,6.7369154477,0.5861353063,-0.0175950617,-0.0199854221,11.5688288957,7.6813878289,0.2443636055,-0.0022378320,-0.0106909462,0.0000441379,0.0150012463,-0.0273419951,0.1484909877,-0.0003445200,-0.0001791810,-0.0003849426,1,0,0,0,0,0,0,0,0,0,0,0,0,0,1,1
17.6500000000,333.8042516870,-259.7150321824,6.7408196352,0.5860980091,-0.0177732441,-0.0199846865,11.5690789165,7.6809321290,0.2468384553,-0.0022435740,-0.0106939326,0.0000377222,0.0150220765,-0.0274237383,0.1485036659,-0.0002991608,-0.0001102747,0.0002655862,1,0,0,0,0,0,0,0,0,0,0,0,0,0,1,1
17.6666666667,333.9970439999,-259.5870440757,6.7447240386,0.5860606162,-0.0179514763,-0.0199840578,11.5693292843,7.6804750666,0.2493135164,-0.0022485600,-0.0106957705,0.0000421487,0.0150367918,-0.0274967263,0.1485287104,0.0002361608,0.1243712145,0.0006451271,1,0,0,0,0,0,0,0,0,0,0,0,0,0,1,1
17.6833333333,334.1898398850,-259.4590640064,6.7486286351,0.5860231402,-0.0181297392,-0.0199833553,11.5695798976,7.6800167879,0.2517889949,-0.0022446240,-0.0086229169,0.0000529008,0.0154223407,-0.0271749834,0.1197302038,0.0004302000,0.8175719581,-0.0008298735,1,0,0,0,0,0,0,0,0,0,0,0,0,0,1,1
17.7000000000,334.3826393139,-259.3310919758,6.7525934102,0.5859857298,-0.0182734545,-0.0199824736,11.5698369366,7.6795638715,0.2537844983,-0.0022374540,0.0050032824,0.0000390696,0.0182386739,-0.0251861640,-0.0695396219,0.0003124792,-0.0001109256,0.0002504313,1,0,0,0,0,0,0,0,0,0,0,0,0,0,1,1
17.7166666667,334.5754425061,-259.2031278043,6.7569533299,0.5859484389,-0.0181900664,-0.0199818224,11.5701409145,7.6791441021,0.2526255046,-0.0022322460,0.0050014336,0.0000432434,0.0181915606,-0.0251306111,-0.0694527903,0.0007912808,-0.0001016730,0.0000351133,1,0,0,0,0,0,0,0,0,0,0,0,0,0,1,1
17.7333333333,334.7682510495,-259.0751704139,6.7613134541,0.5859112348,-0.0181067092,-0.0199811017,11.5704441072,7.6787252586,0.2514679581,-0.0022190580,0.0049997391,0.0000438286,0.0180842580,-0.0249822319,-0.0694293837,0.0010285200,-0.0001196768,-0.0003239908,1,0,0,0,0,0,0,0,0,0,0,0,0,0,1,1
17.7500000000,334.9610649050,-258.9472197699,6.7656737806,0.5858742505,-0.0180233802,-0.0199803712,11.5707455114,7.6783088880,0.2503108017,-0.0022019160,0.0049977444,0.0000384288,0.0179464829,-0.0247880340,-0.0694017841,0.0007498792,-0.6239500397,-0.0014674363,1,0,0,0,0,0,0,0,0,0,0,0,0,0,1,1
17.7666666667,335.1538840365,-258.8192758168,6.7700343093,0.5858375519,-0.0179400845,-0.0199797308,11.5710446196,7.6778957542,0.2491541053,-0.0021894180,-0.0054014229,0.0000139715,0.0156847631,-0.0260805674,0.0750547742,0.0015670808,-0.1447590346,0.0017168573,1,0,0,0,0,0,0,0,0,0,0,0,0,0,1,1
17.7833333333,335.3467084179,-258.6913385139,6.7740215110,0.5858010616,-0.0180301082,-0.0199794979,11.5713060322,7.6774610780,0.2504050182,-0.0021633000,-0.0078140735,0.0000425858,0.0149716539,-0.0261182533,0.1085224017,0.0014284800,0.0001787980,0.0001821763,1,0,0,0,0,0,0,0,0,0,0,0,0,0,1,1
17.8000000000,335.5395367835,-258.5634085805,6.7779221393,0.5857650066,-0.0181603427,-0.0199787881,11.5715555598,7.6770257738,0.2522137249,-0.0021394920,-0.0078110935,0.0000456221,0.0147769203,-0.0258504957,0.1084696378,0.0016811992,0.0002374560,-0.0003143016,1,0,0,0,0,0,0,0,0,0,0,0,0,0,1,1
17.8166666667,335.7323688016,-258.4354861262,6.7818230149,0.5857293484,-0.0182905276,-0.0199780278,11.5718018418,7.6765949322,0.2540215522,-0.0021114720,-0.0078071359,0.0000403837,0.0145499881,-0.0255340201,0.1084144204,0.0022964408,0.1017613017,0.0064702018,1,0,0,0,0,0,0,0,0,0,0,0,0,0,1,1
17.8333333333,335.9252044098,-258.3075710624,6.7857241729,0.5856941572,-0.0184206466,-0.0199773547,11.5720443416,7.6761693652,0.2558284592,-0.0020731980,-0.0061111142,0.0001482204,0.0146074014,-0.0248578683,0.0848567458,0.0018666000,0.1059038824,-0.0064058151,1,0,0,0,0,0,0,0,0,0,0,0,0,0,1,1
17.8500000000,336.1180435129,-258.1796632755,6.7898892668,0.5856596039,-0.0185224985,-0.0199748844,11.5722877983,7.6757550674,0.2572427383,-0.0020420880,-0.0043460495,0.0000414568,0.0147408099,-0.0242509814,0.0603424078,0.0021463193,0.0005032453,-0.0010243514,1,0,0,0,0,0,0,0,0,0,0,0,0,0,1,1
17.8666666667,336.3108862436,-258.0517625332,6.7943281576,0.5856255691,-0.0185949326,-0.0199741934,11.5725334785,7.6753508844,0.2582484451,-0.0020063160,-0.0043376621,0.0000243843,0.0144634048,-0.0238387123,0.0602348943,0.0022953607,0.0003545932,0.0006048177,1,0,0,0,0,0,0,0,0,0,0,0,0,0,1,1
17.8833333333,336.5037327361,-257.9238685805,6.7987674038,0.5855921305,-0.0186672270,-0.0199737870,11.5727745352,7.6749535725,0.2592523600,-0.0019680600,-0.0043317522,0.0000344646,0.0141666921,-0.0233980666,0.0601527599,0.0029041200,0.0858485806,-0.0086793465,1,0,0,0,0,0,0,0,0,0,0,0,0,0,1,1
17.9000000000,336.6965829004,-257.7959813007,6.8032069381,0.5855593295,-0.0187394229,-0.0199732126,11.5730106467,7.6745636047,0.2602549060,-0.0019196580,-0.0029009425,-0.0001101912,0.0141023002,-0.0226341264,0.0402739198,0.0023680793,0.4138502299,0.0084810273,1,0,0,0,0,0,0,0,0,0,0,0,0,0,1,1
17.9166666667,336.8894366353,-257.6681005365,6.8075904296,0.5855273352,-0.0187877719,-0.0199750491,11.5732456851,7.6741863693,0.2609261380,-0.0018801900,0.0039965613,0.0000311593,0.0152966318,-0.0211845576,-0.0555283619,0.0026445607,0.0003030777,0.0004869785,1,0,0,0,0,0,0,0,0,0,0,0,0,0,1,1
17.9333333333,337.0822940313,-257.5402260450,6.8116997992,0.5854959987,-0.0187211625,-0.0199745298,11.5735006289,7.6738332933,0.2600006653,-0.0018361140,0.0040016126,0.0000392756,0.0149552846,-0.0206765542,-0.0555681960,0.0032810400,0.0002950332,-0.0000643447,1,0,0,0,0,0,0,0,0,0,0,0,0,0,1,1
17.9500000000,337.2751558189,-257.4123571383,6.8158094465,0.5854653968,-0.0186544690,-0.0199738752,11.5737498837,7.6734886841,0.2590745287,-0.0017814300,0.0040065298,0.0000382032,0.0145330538,-0.0200454854,-0.0556365599,0.0028594794,0.0003038433,-0.0005747724,1,0,0,0,0,0,0,0,0,0,0,0,0,0,1,1
17.9666666667,337.4680218837,-257.2844936391,6.8199193587,0.5854357063,-0.0185876935,-0.0199732385,11.5739921013,7.6731545927,0.2581472527,-0.0017337720,0.0040115939,0.0000286236,0.0141648165,-0.0194957011,-0.0557069520,0.0030463206,-0.3702164557,0.0069389166,1,0,0,0,0,0,0,0,0,0,0,0,0,0,1,1
17.9833333333,337.6608921265,-257.1566353923,6.8240295464,0.5854068101,-0.0185208336,-0.0199727614,11.5742281815,7.6728296643,0.2572188035,-0.0016830000,-0.0021586804,0.0001442723,0.0124494328,-0.0197870181,0.0300046559,0.0033944400,-0.0654584153,-0.0069826969,1,0,0,0,0,0,0,0,0,0,0,0,0,0,1,1
18.0000000000,337.8537664307,-257.0287822411,6.8282934807,0.5853787601,-0.0185568116,-0.0199703569,11.5744356721,7.6724998807,0.2577188811,-0.0016264260,-0.0032496540,0.0000278940,0.0117792865,-0.0192885103,0.0451317180,0.0033001194,0.0000327695,-0.0000692385,1,0,0,0,0,0,0,0,0,0,0,0,0,0,1,1
18.0166666667,338.0466439429,-256.9009344889,6.8325847377,0.5853516530,-0.0186109725,-0.0199698920,11.5746319935,7.6721784055,0.2584710764,-0.0015714240,-0.0032491078,0.0000267400,0.0113550305,-0.0186535198,0.0451187042,0.0033872406,0.0000482696,0.0003001175,1,0,0,0,0,0,0,0,0,0,0,0,0,0,1,1
18.0333333333,338.2395244187,-256.7730920430,6.8368760884,0.5853254626,-0.0186651243,-0.0199694463,11.5748212440,7.6718675135,0.2592230548,-0.0015149700,-0.0032483033,0.0000317420,0.0109195061,-0.0180014712,0.0451074839,0.0032608800,-0.0181070393,0.0082065015,1,0,0,0,0,0,0,0,0,0,0,0,0,0,1,1
18.0500000000,338.4324077294,-256.6452547280,6.8411675189,0.5853002131,-0.0187192627,-0.0199689173,11.5750032358,7.6715674890,0.2599748462,-0.0014606220,-0.0035500873,0.0001685170,0.0104344778,-0.0174175454,0.0493012319,0.0039988795,-0.0154804200,-0.0079717600,1,0,0,0,0,0,0,0,0,0,0,0,0,0,1,1
18.0666666667,338.6252937616,-256.5174223674,6.8456517752,0.5852758694,-0.0187784308,-0.0199661087,11.5751771438,7.6712771966,0.2607965334,-0.0013939740,-0.0038080943,0.0000356543,0.0098641186,-0.0166852051,0.0528823143,0.0029833205,-0.0001382614,-0.0004878886,1,0,0,0,0,0,0,0,0,0,0,0,0,0,1,1
18.0833333333,338.8181823393,-256.3895947690,6.8503077590,0.5852526365,-0.0188418991,-0.0199655144,11.5753415457,7.6709991098,0.2616779053,-0.0013442520,-0.0038103986,0.0000275228,0.0094789809,-0.0161119613,0.0529128599,0.0037112400,-0.0000589150,0.0002119004,1,0,0,0,0,0,0,0,0,0,0,0,0,0,1,1
18.1000000000,339.0110733165,-256.2617718001,6.8549636690,0.5852302323,-0.0189054057,-0.0199650557,11.5754995287,7.6707305771,0.2625597863,-0.0012823980,-0.0038113806,0.0000310545,0.0090011736,-0.0153982036,0.0529264258,0.0038609996,0.1343216327,-0.0227354523,1,0,0,0,0,0,0,0,0,0,0,0,0,0,1,1
18.1166666667,339.2039665633,-256.1339532604,6.8596195546,0.5852088590,-0.0189689287,-0.0199645382,11.5756495483,7.6704739404,0.2634418934,-0.0012180480,-0.0015726867,-0.0003478697,0.0089974934,-0.0143286631,0.0218243458,0.0036799204,0.5047125398,0.0211954995,1,0,0,0,0,0,0,0,0,0,0,0,0,0,1,1
18.1333333333,339.3968619443,-256.0061389415,6.8641196124,0.5851885582,-0.0189951402,-0.0199703360,11.5757995066,7.6702351294,0.2638056325,-0.0011567160,0.0068391890,0.0000053886,0.0103722112,-0.0123960865,-0.0950057877,0.0038833200,-0.0000209872,0.0001575334,1,0,0,0,0,0,0,0,0,0,0,0,0,0,1,1
18.1500000000,339.5897595939,-255.8783284712,6.8680286218,0.5851692796,-0.0188811537,-0.0199702462,11.5759723767,7.6700285279,0.2622222027,-0.0010919940,0.0068388392,0.0000080142,0.0098659347,-0.0116534742,-0.0949668717,0.0034639196,-0.0000279306,-0.0000394848,1,0,0,0,0,0,0,0,0,0,0,0,0,0,1,1
18.1666666667,339.7826604028,-255.7505209595,6.8719376466,0.5851510797,-0.0187671730,-0.0199701126,11.5761368089,7.6698343033,0.2606394215,-0.0010342620,0.0068383737,0.0000073561,0.0094138495,-0.0109914344,-0.0949606205,0.0038404804,-0.0000834707,0.0009703299,1,0,0,0,0,0,0,0,0,0,0,0,0,0,1,1
18.1833333333,339.9755642462,-255.6227162219,6.8758466950,0.5851338420,-0.0186532001,-0.0199699900,11.5762937065,7.6696511128,0.2590567445,-0.0009702540,0.0068369825,0.0000235283,0.0089134293,-0.0102567698,-0.0949414977,0.0036684000,0.1770742611,0.0097612662,1,0,0,0,0,0,0,0,0,0,0,0,0,0,1,1
18.2000000000,340.1684709756,-255.4949140612,6.8797557662,0.5851176711,-0.0185392504,-0.0199695979,11.5764422636,7.6694801666,0.2574743862,-0.0009091140,0.0097882202,0.0001862160,0.0090643132,-0.0091384085,-0.1359398877,0.0035927997,0.0232546736,-0.0110429465,1,0,0,0,0,0,0,0,0,0,0,0,0,0,1,1
18.2166666667,340.3613804591,-255.3671142818,6.8841477800,0.5851025192,-0.0183761134,-0.0199664943,11.5765933355,7.6693278598,0.2552087214,-0.0008492340,0.0101757981,0.0000021669,0.0086680098,-0.0084036769,-0.1413081725,0.0039880803,0.0000750619,-0.0000178228,1,0,0,0,0,0,0,0,0,0,0,0,0,0,1,1
18.2333333333,340.5542929170,-255.2393164603,6.8886012753,0.5850883653,-0.0182065168,-0.0199664581,11.5767378023,7.6691877985,0.2528535852,-0.0007827660,0.0101770491,0.0000018699,0.0081384002,-0.0076473898,-0.1413242997,0.0038404800,0.0000674278,0.0002504978,1,0,0,0,0,0,0,0,0,0,0,0,0,0,1,1
18.2500000000,340.7472082356,-255.1115203653,6.8930548468,0.5850753192,-0.0180368993,-0.0199664270,11.5768734423,7.6690603420,0.2504981802,-0.0007187580,0.0101781729,0.0000060449,0.0076277099,-0.0069196120,-0.1413403318,0.0032828398,-0.0042370887,0.0097556593,1,0,0,0,0,0,0,0,0,0,0,0,0,0,1,1
18.2666666667,340.9401262712,-254.9837257956,6.8975084856,0.5850633399,-0.0178672631,-0.0199663262,11.5770005709,7.6689450152,0.2481425080,-0.0006640440,0.0101075548,0.0001686392,0.0071736479,-0.0063090681,-0.1403640964,0.0037418402,-0.0027313536,-0.0091284305,1,0,0,0,0,0,0,0,0,0,0,0,0,0,1,1
18.2833333333,341.1330468999,-254.8559325799,6.9021849292,0.5850522725,-0.0176988038,-0.0199635156,11.5771201316,7.6688398640,0.2458031064,-0.0006016800,0.0100620322,0.0000164987,0.0066663240,-0.0056064000,-0.1397281137,0.0036453600,0.0000661605,-0.0000328073,1,0,0,0,0,0,0,0,0,0,0,0,0,0,1,1
18.3000000000,341.3259699625,-254.7281405358,6.9070312312,0.5850422445,-0.0175311033,-0.0199632406,11.5772312370,7.6687464240,0.2434743045,-0.0005409240,0.0100631349,0.0000159519,0.0061810464,-0.0049158744,-0.1397440618,0.0037270798,0.0000833607,-0.0000739479,1,0,0,0,0,0,0,0,0,0,0,0,0,0,1,1
18.3166666667,341.5188953171,-254.6003494759,6.9118776034,0.5850332291,-0.0173633844,-0.0199629747,11.5773342545,7.6686644928,0.2411452368,-0.0004788060,0.0100645242,0.0000147194,0.0056854166,-0.0042095683,-0.1397637543,0.0040824002,-0.3591715196,-0.0165469878,1,0,0,0,0,0,0,0,0,0,0,0,0,0,1,1
18.3333333333,341.7118228243,-254.4725592049,6.9167240411,0.5850252490,-0.0171956423,-0.0199627294,11.5774290114,7.6685943333,0.2388158409,-0.0004107660,0.0040783322,-0.0002610637,0.0039599889,-0.0042191094,-0.0566078039,0.0032029200,-1.0928220823,0.0160482646,1,0,0,0,0,0,0,0,0,0,0,0,0,0,1,1
18.3500000000,341.9047523213,-254.3447695165,6.9212539664,0.5850184029,-0.0171276701,-0.0199670805,11.5774950112,7.6685240148,0.2378723775,-0.0003573840,-0.0141353691,0.0000064074,-0.0000831221,-0.0060078987,0.1963757995,0.0037504799,0.0005518398,0.0004269225,1,0,0,0,0,0,0,0,0,0,0,0,0,0,1,1
18.3666666667,342.0976830294,-254.2169806793,6.9248206041,0.5850124465,-0.0173632596,-0.0199669737,11.5774936259,7.6684238832,0.2411453075,-0.0002948760,-0.0141261718,0.0000135227,-0.0005980348,-0.0053077439,0.1961676310,0.0035434801,0.0002117061,-0.0008595563,1,0,0,0,0,0,0,0,0,0,0,0,0,0,1,1
18.3833333333,342.2906128006,-254.0891938264,6.9283872357,0.5850075319,-0.0175986958,-0.0199667483,11.5774836585,7.6683354207,0.2444147680,-0.0002358180,-0.0141226434,-0.0000008032,-0.0010887336,-0.0046490044,0.1961178834,0.0039236400,0.0001739347,0.0011720198,1,0,0,0,0,0,0,0,0,0,0,0,0,0,1,1
18.4000000000,342.4835414822,-253.9614087865,6.9319538667,0.5850036016,-0.0178340732,-0.0199667617,11.5774655131,7.6682579374,0.2476833994,-0.0001704240,-0.0141197445,0.0000187305,-0.0016280298,-0.0039170552,0.1960768077,0.0033616799,-0.5025683382,0.0142441257,1,0,0,0,0,0,0,0,0,0,0,0,0,0,1,1
18.4166666667,342.6764689176,-253.8336253604,6.9355205549,0.5850007612,-0.0180694023,-0.0199664495,11.5774383792,7.6681926531,0.2509513462,-0.0001143960,-0.0224958834,0.0002561326,-0.0038791738,-0.0044747279,0.3124514650,0.0033220800,-0.0387350093,-0.0154485263,1,0,0,0,0,0,0,0,0,0,0,0,0,0,1,1
18.4333333333,342.8693949699,-253.7058433793,6.9394368671,0.5849988546,-0.0184443336,-0.0199621806,11.5773737263,7.6681180743,0.2561588706,-0.0000590280,-0.0231414669,-0.0000013429,-0.0045413252,-0.0039909981,0.3213597113,0.0038491200,0.0003649879,-0.0005115686,1,0,0,0,0,0,0,0,0,0,0,0,0,0,1,1
18.4500000000,343.0623185023,-253.5780633405,6.9433808037,0.5849978708,-0.0188300248,-0.0199622030,11.5772980376,7.6680515577,0.2615148658,0.0000051240,-0.0231353838,-0.0000098690,-0.0051351269,-0.0033158619,0.3212693154,0.0036219600,0.0004877697,0.0007062794,1,0,0,0,0,0,0,0,0,0,0,0,0,0,1,1
18.4666666667,343.2552392500,-253.4502851225,6.9473246832,0.5849979562,-0.0192156145,-0.0199623675,11.5772124521,7.6679962933,0.2668693544,0.0000654900,-0.0231272543,0.0000019023,-0.0056994618,-0.0026841612,0.3211540389,0.0032968800,0.8347244982,-0.0047300549,1,0,0,0,0,0,0,0,0,0,0,0,0,0,1,1
18.4833333333,343.4481570312,-253.3225085660,6.9512684998,0.5849990477,-0.0196010687,-0.0199623358,11.5771174611,7.6679515573,0.2722219217,0.0001204380,-0.0092151793,-0.0000769320,-0.0030216420,0.0000046320,0.1278738237,0.0035694000,0.5417021135,0.0046400818,1,0,0,0,0,0,0,0,0,0,0,0,0,0,1,1
18.5000000000,343.6410716655,-253.1947335370,6.9554536364,0.5850010550,-0.0197546550,-0.0199636180,11.5770671004,7.6679516345,0.2743531521,0.0001799280,-0.0001868108,0.0000004027,-0.0014216491,0.0020552359,0.0025477501,0.0029120401,0.0001601102,0.0001688128,1,0,0,0,0,0,0,0,0,0,0,0,0,0,1,1
18.5166666667,343.8339847512,-253.0669587014,6.9597957610,0.5850040538,-0.0197577686,-0.0199636113,11.5770434062,7.6679858884,0.2743956146,0.0002284620,-0.0001841423,0.0000032163,-0.0017940078,0.0026170488,0.0025570320,0.0036734399,0.0001625264,-0.0002600818,1,0,0,0,0,0,0,0,0,0,0,0,0,0,1,1
18.5333333333,344.0268973307,-252.9391831440,6.9641378752,0.5850078615,-0.0197608376,-0.0199635577,11.5770135061,7.6680295059,0.2744382318,0.0002896860,-0.0001814335,-0.0000011184,-0.0022628047,0.0033261355,0.0025194060,0.0035503200,-0.0421374415,-0.0001281642,1,0,0,0,0,0,0,0,0,0,0,0,0,0,1,1
18.5500000000,344.2198092663,-252.8114066734,6.9684799664,0.5850126896,-0.0197638615,-0.0199635763,11.5769757927,7.6680849415,0.2744802219,0.0003488580,-0.0008837242,-0.0000032545,-0.0028774695,0.0039047090,0.0122752319,0.0029383201,-0.1061048741,0.0002364445,1,0,0,0,0,0,0,0,0,0,0,0,0,0,1,1
18.5666666667,344.4127204359,-252.6836290964,6.9728024555,0.5850185039,-0.0197785902,-0.0199636306,11.5769278349,7.6681500200,0.2746848091,0.0003978300,-0.0026521388,0.0000006863,-0.0036588141,0.0042027926,0.0368373002,0.0033332398,-0.0004017731,0.0004330990,1,0,0,0,0,0,0,0,0,0,0,0,0,0,1,1
18.5833333333,344.6056306495,-252.5558503121,6.9770754417,0.5850251344,-0.0198227925,-0.0199636191,11.5768668546,7.6682200665,0.2752987641,0.0004533840,-0.0026588350,0.0000079046,-0.0040875884,0.0048440730,0.0369210538,0.0031881600,-0.0000510677,-0.0009308505,1,0,0,0,0,0,0,0,0,0,0,0,0,0,1,1
18.6000000000,344.7985395560,-252.4280702965,6.9813480158,0.5850326908,-0.0198671065,-0.0199634874,11.5767987282,7.6683008011,0.2759141150,0.0005065200,-0.0026596861,-0.0000076096,-0.0044966680,0.0054581833,0.0369328140,0.0037231202,0.0000598398,-0.0001229264,1,0,0,0,0,0,0,0,0,0,0,0,0,0,1,1
18.6166666667,344.9914470446,-252.3002888772,6.9856204644,0.5850411328,-0.0199114346,-0.0199636142,11.5767237837,7.6683917708,0.2765296619,0.0005685720,-0.0026586888,-0.0000096584,-0.0049736680,0.0061757054,0.0369189174,0.0032090398,1.7447789514,0.0011804601,1,0,0,0,0,0,0,0,0,0,0,0,0,0,1,1
18.6333333333,345.1843529856,-252.1725058525,6.9898928658,0.5850506090,-0.0199557460,-0.0199637752,11.5766408892,7.6684946992,0.2771449772,0.0006220560,0.0264209604,0.0000100160,0.0012690622,0.0112019135,-0.3670168974,0.0027190800,0.0635096177,-0.0022799541,1,0,0,0,0,0,0,0,0,0,0,0,0,0,1,1
18.6500000000,345.3772572574,-252.0447210563,6.9949648885,0.5850609766,-0.0195153967,-0.0199636083,11.5766620403,7.6686813978,0.2710280289,0.0006673740,0.0274794540,-0.0000279833,0.0010182133,0.0117907508,-0.3815899732,0.0034344003,-0.0001506621,-0.0003558765,1,0,0,0,0,0,0,0,0,0,0,0,0,0,1,1
18.6666666667,345.5701634624,-251.9169318923,7.0000661547,0.5850720995,-0.0190574058,-0.0199640746,11.5766790105,7.6688779103,0.2646681960,0.0007246140,0.0274769430,-0.0000339145,0.0004327531,0.0123565461,-0.3815537415,0.0031838397,-0.0002945275,0.0005187994,1,0,0,0,0,0,0,0,0,0,0,0,0,0,1,1
18.6833333333,345.7630715359,-251.7891381380,7.0051672581,0.5850841764,-0.0185994567,-0.0199646399,11.5766862230,7.6690838527,0.2583089670,0.0007776780,0.0274720342,-0.0000252679,-0.0001211239,0.0128737667,-0.3814888193,0.0029354400,-1.0189643762,-0.0016906647,1,0,0,0,0,0,0,0,0,0,0,0,0,0,1,1
18.7000000000,345.9559812765,-251.6613396820,7.0102680988,0.5850971377,-0.0181415895,-0.0199650610,11.5766842043,7.6692984155,0.2519508200,0.0008266020,0.0104892946,-0.0000534456,-0.0041479448,0.0110212014,-0.1455968697,0.0034725603,-0.5622999279,0.0022384799,1,0,0,0,0,0,0,0,0,0,0,0,0,0,1,1
18.7166666667,346.1488925020,-251.5335364182,7.0148860968,0.5851109144,-0.0179667679,-0.0199659518,11.5766150719,7.6694821022,0.2495242055,0.0008844780,0.0011176292,-0.0000161376,-0.0065518749,0.0103927555,-0.0154765143,0.0027709197,-0.0000332712,0.0001383138,1,0,0,0,0,0,0,0,0,0,0,0,0,0,1,1
18.7333333333,346.3418030644,-251.4057295015,7.0192374767,0.5851256557,-0.0179481408,-0.0199662207,11.5765058740,7.6696553148,0.2492662636,0.0009306600,0.0011170746,-0.0000138324,-0.0069059023,0.0109274231,-0.0155124299,0.0031881600,-0.0000295469,-0.0002593669,1,0,0,0,0,0,0,0,0,0,0,0,0,0,1,1
18.7500000000,346.5347117694,-251.2779195099,7.0235887137,0.5851411667,-0.0179295229,-0.0199664513,11.5763907756,7.6698374385,0.2490077231,0.0009837960,0.0011165822,-0.0000181552,-0.0073139805,0.0115422190,-0.0155055899,0.0031604404,-0.1662842937,0.0058586632,1,0,0,0,0,0,0,0,0,0,0,0,0,0,1,1
18.7666666667,346.7276185077,-251.1501062700,7.0279398000,0.5851575633,-0.0179109132,-0.0199667539,11.5762688759,7.6700298088,0.2487492966,0.0010364700,-0.0016548227,0.0000794892,-0.0082934980,0.0117707434,0.0229936141,0.0035081996,-0.3469428458,-0.0058952442,1,0,0,0,0,0,0,0,0,0,0,0,0,0,1,1
18.7833333333,346.9205231703,-251.0222896097,7.0323085106,0.5851748378,-0.0179384935,-0.0199654290,11.5761306510,7.6702259879,0.2491325235,0.0010949400,-0.0074372035,-0.0000187649,-0.0099488710,0.0116478033,0.1033076279,0.0028234800,0.0002582817,-0.0003615740,1,0,0,0,0,0,0,0,0,0,0,0,0,0,1,1
18.8000000000,347.1134253059,-250.8944695583,7.0367141323,0.5851930868,-0.0180624469,-0.0199657418,11.5759648364,7.6704201179,0.2508543173,0.0011419980,-0.0074328988,-0.0000247911,-0.0103193633,0.0121861585,0.1032179817,0.0031611604,0.0002198494,0.0000297068,1,0,0,0,0,0,0,0,0,0,0,0,0,0,1,1
18.8166666667,347.3063241474,-250.7666464060,7.0411196689,0.5852121201,-0.0181863286,-0.0199661550,11.5757928471,7.6706232206,0.2525746170,0.0011946840,-0.0074292346,-0.0000242960,-0.0107335943,0.0127892545,0.1031668745,0.0031564796,-0.0014223597,-0.0091937220,1,0,0,0,0,0,0,0,0,0,0,0,0,0,1,1
18.8333333333,347.4992195811,-250.6388199842,7.0455251111,0.5852320315,-0.0183101492,-0.0199665599,11.5756139538,7.6708363748,0.2542940649,0.0012472920,-0.0074529406,-0.0001775247,-0.0111530801,0.0133875812,0.1034943297,0.0025495200,-0.4468327130,0.0086005239,1,0,0,0,0,0,0,0,0,0,0,0,0,0,1,1
18.8500000000,347.6921114821,-250.5109901330,7.0499279549,0.5852528197,-0.0184343648,-0.0199695187,11.5754280692,7.6710595012,0.2560189704,0.0012897840,-0.0149001525,-0.0000341826,-0.0130959539,0.0128077660,0.2069475357,0.0032482805,0.0000371324,0.0015965662,1,0,0,0,0,0,0,0,0,0,0,0,0,0,1,1
18.8666666667,347.8849997546,-250.3831567188,7.0536544228,0.5852743161,-0.0186827007,-0.0199700884,11.5752098032,7.6712729639,0.2594680960,0.0013439220,-0.0148995336,-0.0000075732,-0.0135536667,0.0134061403,0.2069023328,0.0028879195,0.0004091146,-0.0005480141,1,0,0,0,0,0,0,0,0,0,0,0,0,0,1,1
18.8833333333,348.0778833890,-250.2553201602,7.0573805276,0.5852967148,-0.0189310263,-0.0199702146,11.5749839088,7.6714963996,0.2629164682,0.0013920540,-0.0148927151,-0.0000167067,-0.0139644784,0.0139354917,0.2068066676,0.0025401600,-0.0000029581,0.0000145190,1,0,0,0,0,0,0,0,0,0,0,0,0,0,1,1
18.9000000000,348.2707622520,-250.1274803234,7.0611065343,0.5853199157,-0.0191792382,-0.0199704930,11.5747511675,7.6717286578,0.2663632460,0.0014343900,-0.0148927644,-0.0000164648,-0.0143323566,0.0143967536,0.2068064096,0.0033872405,0.5248480747,0.0043555679,1,0,0,0,0,0,0,0,0,0,0,0,0,0,1,1
18.9166666667,348.4636362340,-249.9996370852,7.0648324576,0.5853438222,-0.0194274509,-0.0199707674,11.5745122949,7.6719686037,0.2698100195,0.0014908440,-0.0061452964,0.0000561280,-0.0128228106,0.0163376037,0.0852896105,0.0031607995,0.2446038848,-0.0051237271,1,0,0,0,0,0,0,0,0,0,0,0,0,0,1,1
18.9333333333,348.6565051945,-249.8717902771,7.0689465887,0.5853686696,-0.0195298725,-0.0199698320,11.5742985814,7.6722408971,0.2712315130,0.0015435240,-0.0020685650,-0.0000292674,-0.0123102516,0.0175550415,0.0287036760,0.0030319200,0.0002100809,-0.0003762848,1,0,0,0,0,0,0,0,0,0,0,0,0,0,1,1
18.9500000000,348.8493700932,-249.7439390201,7.0732414394,0.5853943950,-0.0195643486,-0.0199703198,11.5740934105,7.6725334811,0.2717099076,0.0015940560,-0.0020650637,-0.0000355388,-0.0126987594,0.0181392663,0.0286759500,0.0031899606,0.0002062108,0.0002443910,1,0,0,0,0,0,0,0,0,0,0,0,0,0,1,1
18.9666666667,349.0422313354,-249.6160828114,7.0775361614,0.5854209626,-0.0195987663,-0.0199709121,11.5738817645,7.6728358022,0.2721878401,0.0016472220,-0.0020616268,-0.0000314656,-0.0131072454,0.0187542445,0.0286281958,0.0030214794,0.3604566953,0.0011005979,1,0,0,0,0,0,0,0,0,0,0,0,0,0,1,1
18.9833333333,349.2350888109,-249.4882214776,7.0818307508,0.5854484163,-0.0196331268,-0.0199714365,11.5736633105,7.6731483730,0.2726649767,0.0016975800,0.0039459848,-0.0000131223,-0.0121303129,0.0202408687,-0.0548242799,0.0023598000,0.6361763606,-0.0015308482,1,0,0,0,0,0,0,0,0,0,0,0,0,0,1,1
19.0000000000,349.4279424052,-249.3603548625,7.0862997034,0.5854767093,-0.0195673604,-0.0199716552,11.5734611386,7.6734857208,0.2717512387,0.0017369100,0.0145489241,-0.0000386365,-0.0100529389,0.0222737867,-0.2020801314,0.0035053206,0.0000411693,-0.0001717968,1,0,0,0,0,0,0,0,0,0,0,0,0,0,1,1
19.0166666667,349.6207927954,-249.2324823348,7.0910768005,0.5855056578,-0.0193248783,-0.0199722992,11.5732935895,7.6738569505,0.2683832365,0.0017953320,0.0145496103,-0.0000414998,-0.0105434964,0.0229221786,-0.2020397830,0.0028655993,0.0000349256,-0.0000552915,1,0,0,0,0,0,0,0,0,0,0,0,0,0,1,1
19.0333333333,349.8136411822,-249.1046028274,7.0958536563,0.5855355800,-0.0190823848,-0.0199729908,11.5731178647,7.6742389869,0.2650159068,0.0018430920,0.0145501923,-0.0000424213,-0.0109514661,0.0234476725,-0.2020488235,0.0030452400,-0.0279211117,-0.0002415340,1,0,0,0,0,0,0,0,0,0,0,0,0,0,1,1
19.0500000000,350.0064874334,-248.9767162076,7.1006303050,0.5855662982,-0.0188398816,-0.0199736978,11.5729353402,7.6746297814,0.2616484264,0.0018938460,0.0140848405,-0.0000464469,-0.0114827927,0.0239413088,-0.1955896976,0.0031006807,-0.6528052910,0.0004046114,1,0,0,0,0,0,0,0,0,0,0,0,0,0,1,1
19.0666666667,350.1993314215,-248.8488223247,7.1053942861,0.5855978623,-0.0186051343,-0.0199744720,11.5727439603,7.6750288032,0.2583885981,0.0019455240,0.0032047523,-0.0000397033,-0.0142440377,0.0229712990,-0.0444499385,0.0029293193,-0.0000934677,0.0006002923,1,0,0,0,0,0,0,0,0,0,0,0,0,0,1,1
19.0833333333,350.3921729614,-248.7209210616,7.1098658289,0.5856302877,-0.0185517217,-0.0199751337,11.5725065597,7.6754116582,0.2576477658,0.0019943460,0.0032031945,-0.0000296985,-0.0146210084,0.0235348030,-0.0444811439,0.0029523600,-0.0002014093,-0.0006157147,1,0,0,0,0,0,0,0,0,0,0,0,0,0,1,1
19.1000000000,350.5850106285,-248.5930131379,7.1143370990,0.5856635268,-0.0184983351,-0.0199756286,11.5722628762,7.6758039049,0.2569064134,0.0020435520,0.0031998377,-0.0000399604,-0.0150022772,0.0241020518,-0.0444345480,0.0032522407,0.0002350810,0.0001566507,1,0,0,0,0,0,0,0,0,0,0,0,0,0,1,1
19.1166666667,350.7778443206,-248.4650983933,7.1188080025,0.5856975860,-0.0184450045,-0.0199762947,11.5720128383,7.6762056058,0.2561658376,0.0020977560,0.0032037557,-0.0000373495,-0.0154203200,0.0247279948,-0.0444890340,0.0032115592,-0.1293577232,-0.0001959342,1,0,0,0,0,0,0,0,0,0,0,0,0,0,1,1
19.1333333333,350.9706739239,-248.3371766520,7.1232788942,0.5857325486,-0.0183916086,-0.0199769171,11.5717558329,7.6766177390,0.2554243537,0.0021512820,0.0010477936,-0.0000406151,-0.0162922946,0.0250416402,-0.0145400400,0.0024692400,-0.0502994978,-0.0002053337,1,0,0,0,0,0,0,0,0,0,0,0,0,0,1,1
19.1500000000,351.1634993161,-248.2092477480,7.1276975950,0.5857684033,-0.0183741454,-0.0199775941,11.5714842947,7.6770350997,0.2551820197,0.0021924360,0.0002094687,-0.0000440373,-0.0167873972,0.0253989398,-0.0029047381,0.0034423208,0.0000423529,-0.0006187022,1,0,0,0,0,0,0,0,0,0,0,0,0,0,1,1
19.1666666667,351.3563201574,-248.0813117161,7.1320957822,0.5858049439,-0.0183706542,-0.0199783280,11.5712045048,7.6774584154,0.2551336074,0.0022498080,0.0002101746,-0.0000543490,-0.0172285886,0.0260622724,-0.0029186038,0.0029397592,0.0000307973,0.0005235374,1,0,0,0,0,0,0,0,0,0,0,0,0,0,1,1
19.1833333333,351.5491362296,-247.9533684350,7.1364936778,0.5858424407,-0.0183671513,-0.0199792338,11.5709173615,7.6778927865,0.2550849640,0.0022988040,0.0002106879,-0.0000456234,-0.0176056940,0.0266286186,-0.0029257262,0.0030513600,-0.2370100574,-0.0009013739,1,0,0,0,0,0,0,0,0,0,0,0,0,0,1,1
19.2000000000,351.7419474210,-247.8254177528,7.1408912722,0.5858807541,-0.0183636398,-0.0199799942,11.5706239334,7.6783365969,0.2550362019,0.0023496600,-0.0037394798,-0.0000606463,-0.0188383292,0.0266582778,0.0519481620,0.0030355209,-0.3556853405,0.0011847657,1,0,0,0,0,0,0,0,0,0,0,0,0,0,1,1
19.2166666667,351.9347536264,-247.6974595035,7.1451494145,0.5859199151,-0.0184259645,-0.0199810050,11.5703099612,7.6787809015,0.2559020046,0.0024002520,-0.0096675688,-0.0000409002,-0.0205022709,0.0263968795,0.1342787464,0.0031024791,0.0001416150,0.0006671857,1,0,0,0,0,0,0,0,0,0,0,0,0,0,1,1
19.2333333333,352.1275542741,-247.5694938321,7.1491983523,0.5859599193,-0.0185870907,-0.0199816867,11.5699682567,7.6792208495,0.2581399837,0.0024519600,-0.0096652085,-0.0000297804,-0.0209174528,0.0269829354,0.1342160157,0.0032432400,0.0001203722,-0.0004838338,1,0,0,0,0,0,0,0,0,0,0,0,0,0,1,1
19.2500000000,352.3203485384,-247.4415210480,7.1532469652,0.5860007853,-0.0187481775,-0.0199821830,11.5696196325,7.6796705651,0.2603769173,0.0025060140,-0.0096632023,-0.0000378443,-0.0213511891,0.0275956579,0.1341877618,0.0025642809,0.0840744240,-0.0018572308,1,0,0,0,0,0,0,0,0,0,0,0,0,0,1,1
19.2666666667,352.5131362979,-247.3135409813,7.1572952867,0.5860425522,-0.0189092308,-0.0199828137,11.5692637793,7.6801304927,0.2626133800,0.0025487520,-0.0082619619,-0.0000687982,-0.0213893782,0.0282824867,0.1147161540,0.0035031591,0.9723777869,0.0011805810,1,0,0,0,0,0,0,0,0,0,0,0,0,0,1,1
19.2833333333,352.7059174550,-247.1855534990,7.1613641159,0.5860850314,-0.0190469302,-0.0199839604,11.5689072897,7.6806018675,0.2645253159,0.0026071380,0.0079443345,-0.0000491218,-0.0182792582,0.0313204078,-0.1103903518,0.0025722000,-0.0000926405,-0.0003668000,1,0,0,0,0,0,0,0,0,0,0,0,0,0,1,1
19.3000000000,352.8986920395,-247.0575583116,7.1656748776,0.5861284837,-0.0189145246,-0.0199847791,11.5686026354,7.6811238743,0.2626854767,0.0026500080,0.0079427905,-0.0000552352,-0.0186236653,0.0318065990,-0.1102966678,0.0016038010,-0.0001102291,-0.0000672704,1,0,0,0,0,0,0,0,0,0,0,0,0,0,1,1
19.3166666667,353.0914619402,-246.9295539663,7.1699854565,0.5861726505,-0.0187821448,-0.0199856997,11.5682922410,7.6816539843,0.2608471989,0.0026767380,0.0079409534,-0.0000563563,-0.0188429929,0.0321066789,-0.1102714444,0.0000219590,-0.0001618035,0.0003599319,1,0,0,0,0,0,0,0,0,0,0,0,0,0,1,1
19.3333333333,353.2842270959,-246.8015403796,7.1742958506,0.5862172628,-0.0186497956,-0.0199866389,11.5679781911,7.6821890956,0.2590093415,0.0026771040,0.0079382566,-0.0000503575,-0.0188600668,0.0321017540,-0.1102342677,-0.0016250400,0.0678846513,0.0001849958,1,0,0,0,0,0,0,0,0,0,0,0,0,0,1,1
19.3500000000,353.4769874910,-246.6735175605,7.1786060595,0.5862618812,-0.0185174913,-0.0199874782,11.5676638566,7.6827241248,0.2571721037,0.0026500200,0.0090696675,-0.0000472742,-0.0184249942,0.0319394025,-0.1259508478,-0.0024382791,0.0215642863,-0.0002484025,1,0,0,0,0,0,0,0,0,0,0,0,0,0,1,1
19.3666666667,353.6697431796,-246.5454855983,7.1829749004,0.5863060482,-0.0183663302,-0.0199882661,11.5673567734,7.6832564482,0.2550729229,0.0026093820,0.0094290723,-0.0000514143,-0.0180543515,0.0315082758,-0.1309386485,-0.0035622009,-0.0001736891,-0.0001727946,1,0,0,0,0,0,0,0,0,0,0,0,0,0,1,1
19.3833333333,353.8624943783,-246.4174445366,7.1873622750,0.5863495379,-0.0182091790,-0.0199891230,11.5670558675,7.6837815861,0.2528906121,0.0025500120,0.0094261774,-0.0000542942,-0.0176173762,0.0308091184,-0.1308972539,-0.0043758000,-0.0002064938,0.0003508052,1,0,0,0,0,0,0,0,0,0,0,0,0,0,1,1
19.4000000000,354.0552412395,-246.2893945496,7.1917493857,0.5863920381,-0.0180520760,-0.0199900279,11.5667622447,7.6842950715,0.2507089912,0.0024770820,0.0094227359,-0.0000484474,-0.0170761363,0.0299530850,-0.1308498296,-0.0060771591,0.0420246081,0.0002986107,1,0,0,0,0,0,0,0,0,0,0,0,0,0,1,1
19.4166666667,354.2479839121,-246.1613358757,7.1961362245,0.5864333228,-0.0178950304,-0.0199908354,11.5664776423,7.6847942895,0.2485281607,0.0023757960,0.0101231460,-0.0000434706,-0.0161723854,0.0288650319,-0.1405802286,-0.0062244008,0.0539177782,-0.0001161999,1,0,0,0,0,0,0,0,0,0,0,0,0,0,1,1
19.4333333333,354.4407226057,-246.0332688442,7.2005868471,0.5864729194,-0.0177263113,-0.0199915599,11.5662081026,7.6852753734,0.2461851569,0.0022720560,0.0110217757,-0.0000454072,-0.0152136290,0.0277727826,-0.1530597837,-0.0075006000,-0.0007802692,0.0007856301,1,0,0,0,0,0,0,0,0,0,0,0,0,0,1,1
19.4500000000,354.6334576044,-245.9051937471,7.2051194681,0.5865107870,-0.0175426150,-0.0199923167,11.5659545421,7.6857382531,0.2436341605,0.0021470460,0.0110087712,-0.0000323134,-0.0142799296,0.0263090609,-0.1528757756,-0.0080369993,-0.0002221455,0.0000451775,1,0,0,0,0,0,0,0,0,0,0,0,0,0,1,1
19.4666666667,354.8261892688,-245.7771109233,7.2096517763,0.5865465711,-0.0173591355,-0.0199928553,11.5657165432,7.6861767374,0.2410862309,0.0020130960,0.0110050687,-0.0000315604,-0.0132754219,0.0247434429,-0.1528248908,-0.0088754407,-0.0468770038,0.0001867202,1,0,0,0,0,0,0,0,0,0,0,0,0,0,1,1
19.4833333333,355.0189178736,-245.6490208101,7.2141838456,0.5865801227,-0.0171757177,-0.0199933813,11.5654952863,7.6865891282,0.2385391494,0.0018651720,0.0102237854,-0.0000284484,-0.0123162844,0.0229146757,-0.1419695996,-0.0086054400,-0.3483265027,0.0001768035,1,0,0,0,0,0,0,0,0,0,0,0,0,0,1,1
19.5000000000,355.2116437137,-245.5209238969,7.2186429479,0.5866112089,-0.0170053213,-0.0199938554,11.5652900148,7.6869710394,0.2361729894,0.0017217480,0.0044183436,-0.0000255017,-0.0123684550,0.0204884693,-0.0613349399,-0.0094874394,-0.0000289012,-0.0001848544,1,0,0,0,0,0,0,0,0,0,0,0,0,0,1,1
19.5166666667,355.4043670005,-245.3928207073,7.2225567495,0.5866399047,-0.0169316822,-0.0199942804,11.5650838739,7.6873125139,0.2351507404,0.0015636240,0.0044178620,-0.0000285826,-0.0111570298,0.0186571382,-0.0613503722,-0.0093538805,-0.0000378417,0.0001520438,1,0,0,0,0,0,0,0,0,0,0,0,0,0,1,1
19.5333333333,355.5970874339,-245.2647121725,7.2264705729,0.5866659651,-0.0168580512,-0.0199947568,11.5648979234,7.6876234662,0.2341282342,0.0014077260,0.0044172313,-0.0000260486,-0.0099628764,0.0168513584,-0.0613416779,-0.0096685200,-0.0000266440,0.0004312874,1,0,0,0,0,0,0,0,0,0,0,0,0,0,1,1
19.5500000000,355.7898053374,-245.1365988000,7.2303844204,0.5866894272,-0.0167844307,-0.0199951909,11.5647318755,7.6879043222,0.2331058729,0.0012465840,0.0044167872,-0.0000188604,-0.0087282770,0.0149851026,-0.0613355939,-0.0104882396,-1.2607785237,-0.0010816492,1,0,0,0,0,0,0,0,0,0,0,0,0,0,1,1
19.5666666667,355.9825210565,-245.0084811062,7.2342983146,0.5867102036,-0.0167108175,-0.0199955053,11.5645864042,7.6881540739,0.2320836130,0.0010717800,-0.0165961882,-0.0000368879,-0.0114756076,0.0102435590,0.2305703765,-0.0100954804,-0.3173274358,0.0016380203,1,0,0,0,0,0,0,0,0,0,0,0,0,0,1,1
19.5833333333,356.1752349658,-244.8803596513,7.2382144318,0.5867280666,-0.0169874207,-0.0199961201,11.5643951441,7.6883247999,0.2359264526,0.0009035220,-0.0218849788,-0.0000095876,-0.0112928772,0.0075589892,0.3039421015,-0.0101682000,-0.0001385799,0.0001504754,1,0,0,0,0,0,0,0,0,0,0,0,0,0,1,1
19.6000000000,356.3679451450,-244.7522364920,7.2421310271,0.5867431253,-0.0173521703,-0.0199962799,11.5642069294,7.6884507830,0.2409921543,0.0007340520,-0.0218872885,-0.0000070797,-0.0100824513,0.0055376558,0.3039457793,-0.0101725198,-0.0001316728,0.0001214209,1,0,0,0,0,0,0,0,0,0,0,0,0,0,1,1
19.6166666667,356.5606513424,-244.6241125802,7.2460475166,0.5867553595,-0.0177169585,-0.0199963979,11.5640388886,7.6885430773,0.2460579173,0.0005645100,-0.0218894830,-0.0000050560,-0.0088716531,0.0035151126,0.3039743292,-0.0104126402,0.0431199792,-0.0013077320,1,0,0,0,0,0,0,0,0,0,0,0,0,0,1,1
19.6333333333,356.7533538725,-244.4959884918,7.2499639125,0.5867647680,-0.0180817832,-0.0199964821,11.5638910277,7.6886016625,0.2511241561,0.0003909660,-0.0211708167,-0.0000268515,-0.0074764113,0.0015488018,0.2939882393,-0.0100764000,0.0488664444,0.0019251046,1,0,0,0,0,0,0,0,0,0,0,0,0,0,1,1
19.6500000000,356.9460530470,-244.3678648241,7.2539115423,0.5867712841,-0.0184346301,-0.0199969297,11.5637664209,7.6886274759,0.2560239601,0.0002230260,-0.0203563760,0.0000052336,-0.0060945962,-0.0003331582,0.2826761636,-0.0096120000,0.0002766263,0.0003218980,1,0,0,0,0,0,0,0,0,0,0,0,0,0,1,1
19.6666666667,357.1387492622,-244.2397420911,7.2578937026,0.5867750012,-0.0187739031,-0.0199968424,11.5636648442,7.6886219232,0.2607352295,0.0000628260,-0.0203517655,0.0000105985,-0.0049418134,-0.0022381163,0.2826147311,-0.0101102400,-0.0002246410,0.0004003581,1,0,0,0,0,0,0,0,0,0,0,0,0,0,1,1
19.6833333333,357.3314429140,-244.1116207712,7.2618761460,0.5867760483,-0.0191130992,-0.0199966658,11.5635824807,7.6885846213,0.2654454750,-0.0001056780,-0.0203555095,0.0000172712,-0.0037269256,-0.0042402611,0.2826649434,-0.0094276800,-0.0000844007,0.0006534042,1,0,0,0,0,0,0,0,0,0,0,0,0,0,1,1
19.7000000000,357.5241343112,-243.9835014401,7.2658584936,0.5867742870,-0.0194523577,-0.0199963779,11.5635203653,7.6885139503,0.2701565574,-0.0002628060,-0.0203569162,0.0000281612,-0.0025989496,-0.0061104031,0.2826757675,-0.0093319201,-0.0045478461,-0.0008876404,1,0,0,0,0,0,0,0,0,0,0,0,0,0,1,1
19.7166666667,357.7168237481,-243.8553846295,7.2697959884,0.5867699069,-0.0197916396,-0.0199959086,11.5634770494,7.6884121102,0.2748678202,-0.0004183380,-0.0204327136,0.0000133672,-0.0015008313,-0.0079737982,0.2837335211,-0.0086021998,0.0000393031,0.0004662075,1,0,0,0,0,0,0,0,0,0,0,0,0,0,1,1
19.7333333333,357.9095115160,-243.7272708657,7.2734895231,0.5867629346,-0.0201321848,-0.0199956858,11.5634520356,7.6882792136,0.2795967122,-0.0005617080,-0.0204320586,0.0000211374,-0.0004789518,-0.0096850032,0.2837220714,-0.0092563200,-0.0001424901,0.0001680708,1,0,0,0,0,0,0,0,0,0,0,0,0,0,1,1
19.7500000000,358.1021978595,-243.5991606505,7.2771830508,0.5867535728,-0.0204727191,-0.0199953335,11.5634440531,7.6881177969,0.2843254134,-0.0007159800,-0.0204344334,0.0000239385,0.0006259077,-0.0115227022,0.2837530856,-0.0082281603,-0.0000231604,-0.0001562291,1,0,0,0,0,0,0,0,0,0,0,0,0,0,1,1
19.7666666667,358.2948830670,-243.4710545063,7.2808765826,0.5867416398,-0.0208132930,-0.0199949345,11.5634544848,7.6879257518,0.2890546315,-0.0008531160,-0.0204348194,0.0000213347,0.0015994373,-0.0131620185,0.2837564104,-0.0084167997,1.1384322636,-0.0003559128,1,0,0,0,0,0,0,0,0,0,0,0,0,0,1,1
19.7833333333,358.4875673898,-243.3429529007,7.2845701222,0.5867274212,-0.0211538733,-0.0199945790,11.5634811422,7.6877063849,0.2937839050,-0.0009933960,-0.0014609484,0.0000154028,0.0072812076,-0.0117236376,0.0201742141,-0.0081439200,0.2224409511,0.0009920864,1,0,0,0,0,0,0,0,0,0,0,0,0,0,1,1
19.8000000000,358.6802510753,-243.2148563192,7.2893659780,0.5867108646,-0.0211782225,-0.0199943222,11.5636024956,7.6875109909,0.2941201419,-0.0011291280,0.0022464008,0.0000319376,0.0092301945,-0.0126911310,-0.0312160258,-0.0072586804,-0.0002021252,-0.0003309136,1,0,0,0,0,0,0,0,0,0,0,0,0,0,1,1
19.8166666667,358.8729369739,-243.0867634952,7.2943778904,0.5866920458,-0.0211407825,-0.0199937900,11.5637563321,7.6872994720,0.2935998748,-0.0012501060,0.0022430321,0.0000264224,0.0101577205,-0.0140917564,-0.0311462164,-0.0071877595,0.0003393899,-0.0001461913,1,0,0,0,0,0,0,0,0,0,0,0,0,0,1,1
19.8333333333,359.0656258505,-242.9586744799,7.2993898879,0.5866712107,-0.0211033986,-0.0199933496,11.5639256276,7.6870646095,0.2930807712,-0.0013699020,0.0022486886,0.0000239859,0.0110787403,-0.0154770891,-0.0312248517,-0.0073756800,0.3240786249,-0.0012469489,1,0,0,0,0,0,0,0,0,0,0,0,0,0,1,1
19.8500000000,359.2583179522,-242.8305896645,7.3044020110,0.5866483790,-0.0210659205,-0.0199929498,11.5641102731,7.6868066579,0.2925603570,-0.0014928300,0.0076499990,0.0000032034,0.0133336264,-0.0160279057,-0.1062546779,-0.0073090806,0.3035746971,0.0014934993,1,0,0,0,0,0,0,0,0,0,0,0,0,0,1,1
19.8666666667,359.4510135453,-242.7025094410,7.3094090024,0.5866234985,-0.0209384205,-0.0199928964,11.5643325003,7.6865395262,0.2907894457,-0.0016146480,0.0127095773,0.0000280950,0.0154737130,-0.0166368234,-0.1765108445,-0.0069062394,-0.0003082789,-0.0002602461,1,0,0,0,0,0,0,0,0,0,0,0,0,0,1,1
19.8833333333,359.6437136211,-242.5744337142,7.3144102976,0.5865965877,-0.0207265942,-0.0199924282,11.5645903955,7.6862622458,0.2878475983,-0.0017297520,0.0127044393,0.0000237576,0.0163251326,-0.0179902642,-0.1764122937,-0.0063982800,-0.0002384073,0.0004013527,1,0,0,0,0,0,0,0,0,0,0,0,0,0,1,1
19.9000000000,359.8364190869,-242.4463624149,7.3194117525,0.5865677585,-0.0205148535,-0.0199920322,11.5648624811,7.6859624081,0.2849073934,-0.0018363900,0.0127004658,0.0000304468,0.0171121885,-0.0192453583,-0.1763579036,-0.0070740007,0.0006352121,-0.0003519730,1,0,0,0,0,0,0,0,0,0,0,0,0,0,1,1
19.9166666667,360.0291301553,-242.3182958952,7.3244133926,0.5865371520,-0.0203031791,-0.0199915248,11.5651476842,7.6856416521,0.2819680950,-0.0019542900,0.0127110527,0.0000245806,0.0179891021,-0.0206286914,-0.1765013048,-0.0060803993,0.0028489957,0.0002402311,1,0,0,0,0,0,0,0,0,0,0,0,0,0,1,1
19.9333333333,360.2218470640,-242.1902345432,7.3293598134,0.5865045805,-0.0200913282,-0.0199911151,11.5654475026,7.6852978406,0.2790264066,-0.0020556300,0.0127585359,0.0000285845,0.0187471300,-0.0218148153,-0.1771660855,-0.0056214000,-0.0003508165,0.0006040993,1,0,0,0,0,0,0,0,0,0,0,0,0,0,1,1
19.9500000000,360.4145700057,-242.0621787006,7.3340766781,0.5864703200,-0.0198786860,-0.0199906387,11.5657599547,7.6849342603,0.2760736385,-0.0021493200,0.0127526890,0.0000386528,0.0194336719,-0.0229208807,-0.1770853736,-0.0058582808,-0.0001894872,0.0001135778,1,0,0,0,0,0,0,0,0,0,0,0,0,0,1,1
19.9666666667,360.6072991729,-241.9341286733,7.3387936157,0.5864344980,-0.0196661411,-0.0199899945,11.5660838492,7.6845522456,0.2731222156,-0.0022469580,0.0127495309,0.0000405457,0.0201511601,-0.0240723594,-0.1770422709,-0.0053495992,-0.0003063590,-0.0003589055,1,0,0,0,0,0,0,0,0,0,0,0,0,0,1,1
19.9833333333,360.8000347590,-241.8060847846,7.3435107664,0.5863970487,-0.0194536490,-0.0199893187,11.5664197020,7.6841510397,0.2701715111,-0.0023361180,0.0127444249,0.0000345640,0.0208029127,-0.0251260275,-0.1769720875,-0.0059338800,0.8373739862,-0.0004768809,1,0,0,0,0,0,0,0,0,0,0,0,0,0,1,1
20.0000000000,360.9927769292,-241.6780473384,7.3482280371,0.5863581134,-0.0192412419,-0.0199887426,11.5667664171,7.6837322725,0.2672219763,-0.0024350160,0.0267006580,0.0000266160,0.0245847928,-0.0242630840,-0.3708205313,-0.0045684009,0.1214155167,0.0011326937,1,0,0,0,0,0,0,0,0,0,0,0,0,0,1,1
20.0166666667,361.1855258798,-241.5500166622,7.3531050512,0.5863175298,-0.0187962309,-0.0199882990,11.5671761637,7.6833278878,0.2610416341,-0.0025111560,0.0287242499,0.0000454942,0.0254600179,-0.0249516289,-0.3988844535,-0.0045647991,0.0000121061,-0.0002758421,1,0,0,0,0,0,0,0,0,0,0,0,0,0,1,1
20.0333333333,361.3782834559,-241.4219918828,7.3580058316,0.5862756772,-0.0183174934,-0.0199875408,11.5676004973,7.6829120273,0.2543935599,-0.0025872360,0.0287244517,0.0000408968,0.0258845315,-0.0259388416,-0.3988826753,-0.0046324800,-0.0003851123,-0.0001893643,1,0,0,0,0,0,0,0,0,0,0,0,0,0,1,1
20.0500000000,361.5710499741,-241.2939731432,7.3629068801,0.5862325566,-0.0178387525,-0.0199868592,11.5680319062,7.6824797133,0.2477455153,-0.0026644440,0.0287180332,0.0000377408,0.0263162783,-0.0269398064,-0.3987969292,-0.0042739210,-0.6563126750,0.0001092229,1,0,0,0,0,0,0,0,0,0,0,0,0,0,1,1
20.0666666667,361.7638255142,-241.1659607479,7.3678078516,0.5861881492,-0.0173601187,-0.0199862302,11.5684705108,7.6820307165,0.2410988998,-0.0027356760,0.0177794886,0.0000395611,0.0245549709,-0.0292974596,-0.2468676910,-0.0042152390,-0.5296396974,0.0004106954,1,0,0,0,0,0,0,0,0,0,0,0,0,0,1,1
20.0833333333,361.9566101425,-241.0379549829,7.3724131571,0.5861425546,-0.0170637939,-0.0199855708,11.5688797603,7.6815424255,0.2369844383,-0.0028059300,0.0089521603,0.0000464061,0.0233123524,-0.0312940356,-0.1242814679,-0.0041367600,0.0001179754,-0.0001905826,1,0,0,0,0,0,0,0,0,0,0,0,0,0,1,1
20.1000000000,362.1494027199,-240.9099569308,7.3767797993,0.5860957891,-0.0169145912,-0.0199847974,11.5692682996,7.6810208583,0.2349130805,-0.0028748760,0.0089541266,0.0000432297,0.0238258977,-0.0321025101,-0.1243449476,-0.0030578410,0.0001096744,0.0002784981,1,0,0,0,0,0,0,0,0,0,0,0,0,0,1,1
20.1166666667,362.3422024072,-240.7819674677,7.3811468177,0.5860478745,-0.0167653557,-0.0199840769,11.5696653978,7.6804858164,0.2328406647,-0.0029258400,0.0089559545,0.0000478713,0.0242006888,-0.0327034077,-0.1243706223,-0.0035197189,-0.4428057744,0.0051611236,1,0,0,0,0,0,0,0,0,0,0,0,0,0,1,1
20.1333333333,362.5350093083,-240.6539867604,7.3855141955,0.5859991105,-0.0166160898,-0.0199832790,11.5700687426,7.6799407596,0.2307678210,-0.0029845020,0.0015758582,0.0001338900,0.0232223289,-0.0343307853,-0.0218569681,-0.0030438000,-1.4578064977,-0.0038344802,1,0,0,0,0,0,0,0,0,0,0,0,0,0,1,1
20.1500000000,362.7278235324,-240.5260150088,7.3898147429,0.5859493688,-0.0165898255,-0.0199810475,11.5704557815,7.6793685799,0.2304035382,-0.0030352320,-0.0227209167,0.0000699820,0.0188943131,-0.0380484772,0.3156512694,-0.0028836011,0.0002056706,0.0000241248,1,0,0,0,0,0,0,0,0,0,0,0,0,0,1,1
20.1666666667,362.9206443980,-240.3980528998,7.3938943145,0.5858987816,-0.0169685075,-0.0199798812,11.5707706867,7.6787344386,0.2356643927,-0.0030832920,-0.0227174889,0.0000703841,0.0191641471,-0.0386698481,0.3154768573,-0.0025214389,0.0001864958,0.0000533144,1,0,0,0,0,0,0,0,0,0,0,0,0,0,1,1
20.1833333333,363.1134693910,-240.2701023239,7.3979741558,0.5858473934,-0.0173471323,-0.0199787081,11.5710900891,7.6780899411,0.2409223403,-0.0031253160,-0.0227143806,0.0000712727,0.0193857223,-0.0392224630,0.3154316693,-0.0022698000,0.0001993385,0.0000767973,1,0,0,0,0,0,0,0,0,0,0,0,0,0,1,1
20.2000000000,363.3062985392,-240.1421634572,7.4020542582,0.5857953048,-0.0177257053,-0.0199775202,11.5714131845,7.6774362334,0.2461795348,-0.0031631460,-0.0227110583,0.0000725527,0.0195751032,-0.0397265151,0.3153834174,-0.0030142811,-0.3461935196,-0.0062779248,1,0,0,0,0,0,0,0,0,0,0,0,0,0,1,1
20.2166666667,363.4991318713,-240.0142364553,7.4061346262,0.5857425857,-0.0181042229,-0.0199763110,11.5717394362,7.6767741248,0.2514359251,-0.0032133840,-0.0284809503,-0.0000320794,0.0186211810,-0.0411957395,0.3955289413,-0.0022028388,-0.0333061859,0.0060308831,1,0,0,0,0,0,0,0,0,0,0,0,0,0,1,1
20.2333333333,363.6919694423,-239.8863215134,7.4096526765,0.5856890293,-0.0185789054,-0.0199768457,11.5720497893,7.6760875292,0.2580280741,-0.0032500980,-0.0290360534,0.0000684353,0.0186219710,-0.0418060885,0.4032141833,-0.0019328400,0.0000886082,-0.0000843332,1,0,0,0,0,0,0,0,0,0,0,0,0,0,1,1
20.2500000000,363.8848105798,-239.7584192476,7.4131168308,0.5856348610,-0.0190628397,-0.0199757051,11.5723601554,7.6753907610,0.2647483105,-0.0032823120,-0.0290345766,0.0000670297,0.0187044845,-0.0422871776,0.4031869972,-0.0017776812,0.0001270692,0.0002013934,1,0,0,0,0,0,0,0,0,0,0,0,0,0,1,1
20.2666666667,364.0776552006,-239.6305298615,7.4165811312,0.5855801558,-0.0195467493,-0.0199745879,11.5726718968,7.6746859747,0.2714680938,-0.0033119400,-0.0290324588,0.0000703863,0.0187671548,-0.0427381837,0.4031537654,-0.0016243188,0.2063395978,0.0055788398,1,0,0,0,0,0,0,0,0,0,0,0,0,0,1,1
20.2833333333,364.2705032803,-239.5026535072,7.4200455615,0.5855249568,-0.0200306236,-0.0199734148,11.5729846828,7.6739736717,0.2781873232,-0.0033390120,-0.0255934655,0.0001633670,0.0196254434,-0.0426191230,0.3553803955,-0.0016660800,0.1425947411,-0.0053264605,1,0,0,0,0,0,0,0,0,0,0,0,0,0,1,1
20.3000000000,364.4633547788,-239.3747903369,7.4237785741,0.5854693066,-0.0204571813,-0.0199706920,11.5733117734,7.6732633529,0.2841103298,-0.0033667800,-0.0232168865,0.0000745926,0.0202834888,-0.0426444720,0.3223762371,-0.0015976812,-0.0000086778,0.0001032585,1,0,0,0,0,0,0,0,0,0,0,0,0,0,1,1
20.3166666667,364.6562101206,-239.2469401966,7.4276972028,0.5854131936,-0.0208441295,-0.0199694488,11.5736498317,7.6725526118,0.2894832671,-0.0033934080,-0.0232170311,0.0000763136,0.0203809827,-0.0430226885,0.3223901475,-0.0010403988,0.0000056427,-0.0000466619,1,0,0,0,0,0,0,0,0,0,0,0,0,0,1,1
20.3333333333,364.8490696139,-239.1191030043,7.4316160025,0.5853566368,-0.0212310800,-0.0199681769,11.5739895146,7.6718355669,0.2948564362,-0.0034107480,-0.0232169371,0.0000755359,0.0204073310,-0.0432930466,0.3223861912,-0.0017902800,0.7272641339,0.0036907257,1,0,0,0,0,0,0,0,0,0,0,0,0,0,1,1
20.3500000000,365.0419332298,-238.9912788597,7.4355349750,0.5852997910,-0.0216180289,-0.0199669180,11.5743296369,7.6711140162,0.3002295394,-0.0034405860,-0.0110958682,0.0001370480,0.0236049001,-0.0416702478,0.1539811379,-0.0011044812,1.9649753309,-0.0045593283,1,0,0,0,0,0,0,0,0,0,0,0,0,0,1,1
20.3666666667,365.2348009768,-238.8634678942,7.4398042204,0.5852424479,-0.0218029601,-0.0199646339,11.5747230518,7.6704195120,0.3027958917,-0.0034589940,0.0216537207,0.0000610592,0.0319543668,-0.0364439350,-0.3008513763,-0.0012412788,-0.0000675580,-0.0001709877,1,0,0,0,0,0,0,0,0,0,0,0,0,0,1,1
20.3833333333,365.4276745473,-238.7356690708,7.4450198114,0.5851847980,-0.0214420647,-0.0199636162,11.5752556246,7.6698121131,0.2977817021,-0.0034796820,0.0216525947,0.0000582094,0.0320172024,-0.0367478662,-0.3006605095,-0.0008740800,-0.0000463408,0.0000410780,1,0,0,0,0,0,0,0,0,0,0,0,0,0,1,1
20.4000000000,365.6205585380,-238.6078794401,7.4502356497,0.5851268033,-0.0210811881,-0.0199626461,11.5757892447,7.6691996487,0.2927706936,-0.0034942500,0.0216518224,0.0000588940,0.0320363261,-0.0369786692,-0.3006521513,-0.0014176813,-0.0000615150,0.0002018180,1,0,0,0,0,0,0,0,0,0,0,0,0,0,1,1
20.4166666667,365.8134529310,-238.4800990815,7.4554517532,0.5850685658,-0.0207203244,-0.0199616645,11.5763231834,7.6685833375,0.2877598244,-0.0035178780,0.0216507971,0.0000622577,0.0321248596,-0.0373144592,-0.3006401536,-0.0008215187,0.5652125325,-0.0143805167,1,0,0,0,0,0,0,0,0,0,0,0,0,0,1,1
20.4333333333,366.0063577295,-238.3523281025,7.4606681230,0.5850099345,-0.0203594778,-0.0199606269,11.5768585978,7.6679614299,0.2827491552,-0.0035315700,0.0310710060,-0.0001774176,0.0343104986,-0.0360959322,-0.4314693051,-0.0008704800,0.0300829768,0.0137017207,1,0,0,0,0,0,0,0,0,0,0,0,0,0,1,1
20.4500000000,366.1992729046,-238.2245665866,7.4656000065,0.5849510750,-0.0198416277,-0.0199635838,11.5774304394,7.6673598310,0.2755580001,-0.0035460780,0.0315723890,0.0000509444,0.0343454971,-0.0363156338,-0.4384200831,-0.0009010813,0.0000271233,-0.0000979449,1,0,0,0,0,0,0,0,0,0,0,0,0,0,1,1
20.4666666667,366.3921996472,-238.0968138125,7.4705170016,0.5848919737,-0.0193154212,-0.0199627348,11.5780028643,7.6667545704,0.2682509987,-0.0035610960,0.0315728410,0.0000493120,0.0342664436,-0.0366192585,-0.4384287859,-0.0002372387,0.0000038468,0.0001783532,1,0,0,0,0,0,0,0,0,0,0,0,0,0,1,1
20.4833333333,366.5851379513,-237.9690698540,7.4754342915,0.5848326221,-0.0187892072,-0.0199619129,11.5785739718,7.6661442495,0.2609438523,-0.0035650500,0.0315729051,0.0000522845,0.0341024979,-0.0367948233,-0.4384340090,0.0039081600,-0.2544147982,0.0096322920,1,0,0,0,0,0,0,0,0,0,0,0,0,0,1,1
20.5000000000,366.7780877109,-237.8413348009,7.4803518322,0.5847732046,-0.0182629921,-0.0199610415,11.5791423467,7.6655310024,0.2536366188,-0.0034999140,0.0273326585,0.0002128227,0.0325362571,-0.0367480778,-0.3795549112,0.0076838388,-0.1496396940,-0.0094361119,1,0,0,0,0,0,0,0,0,0,0,0,0,0,1,1
20.5166666667,366.9710486838,-237.7136085125,7.4853721482,0.5847148727,-0.0178074478,-0.0199574944,11.5796846176,7.6649185344,0.2473107036,-0.0033718500,0.0248386636,0.0000555542,0.0309066706,-0.0356948751,-0.3449151856,0.0108043212,0.0002246168,-0.0001126185,1,0,0,0,0,0,0,0,0,0,0,0,0,0,1,1
20.5333333333,367.1640200090,-237.5858909668,7.4904532817,0.5846586752,-0.0173934701,-0.0199565685,11.5801997289,7.6643236199,0.2415621172,-0.0031917780,0.0248424072,0.0000536772,0.0294066221,-0.0336897032,-0.3449801392,0.0140965200,0.0002972673,-0.0003494808,1,0,0,0,0,0,0,0,0,0,0,0,0,0,1,1
20.5500000000,367.3570009368,-237.4581818282,7.4955347350,0.5846054789,-0.0169794300,-0.0199556739,11.5806898392,7.6637621248,0.2358124482,-0.0029568360,0.0248473617,0.0000478525,0.0274864556,-0.0310488782,-0.3450513653,0.0167342390,-0.5526757574,-0.0064720546,1,0,0,0,0,0,0,0,0,0,0,0,0,0,1,1
20.5666666667,367.5499909047,-237.3304803824,7.5006164882,0.5845561983,-0.0165653073,-0.0199548764,11.5811479468,7.6632446435,0.2300615921,-0.0026779320,0.0156360990,-0.0000600150,0.0234970435,-0.0290449325,-0.2171103486,0.0190422009,-1.2387986920,0.0063138766,1,0,0,0,0,0,0,0,0,0,0,0,0,0,1,1
20.5833333333,367.7429892569,-237.2027857737,7.5054056767,0.5845115661,-0.0163047056,-0.0199558766,11.5815395642,7.6627605613,0.2264430863,-0.0023605620,-0.0050105458,0.0000452162,0.0171379850,-0.0279677406,0.0696706678,0.0215402400,0.0005356543,-0.0006179318,1,0,0,0,0,0,0,0,0,0,0,0,0,0,1,1
20.6000000000,367.9359942823,-237.0750976670,7.5095383617,0.5844722234,-0.0163882147,-0.0199551230,11.5818251973,7.6622944323,0.2276042641,-0.0020015580,-0.0050016183,0.0000349174,0.0143842727,-0.0238116148,0.0694575900,0.0225302394,0.0005345886,-0.0003723751,1,0,0,0,0,0,0,0,0,0,0,0,0,0,1,1
20.6166666667,368.1290030396,-236.9474163480,7.5136711627,0.5844388641,-0.0164715750,-0.0199545411,11.5820649351,7.6618975720,0.2287618906,-0.0016260540,-0.0049927085,0.0000287111,0.0115034064,-0.0194649565,0.0693337862,0.0233978405,0.0005530789,-0.0002500604,1,0,0,0,0,0,0,0,0,0,0,0,0,0,1,1
20.6333333333,368.3220147319,-236.8197406069,7.5178040579,0.5844117632,-0.0165547868,-0.0199540625,11.5822566586,7.6615731561,0.2299174537,-0.0012360900,-0.0049834905,0.0000245434,0.0085121754,-0.0149504763,0.0692056859,0.0250261199,-1.3642225804,-0.0076063095,1,0,0,0,0,0,0,0,0,0,0,0,0,0,1,1
20.6500000000,368.5150285205,-236.6920691956,7.5219370220,0.5843911617,-0.0166378450,-0.0199536535,11.5823985282,7.6613239815,0.2310708818,-0.0008189880,-0.0277205335,-0.0001022284,0.0008562796,-0.0130697809,0.3850637573,0.0259873198,-0.0161298585,0.0072127807,1,0,0,0,0,0,0,0,0,0,0,0,0,0,1,1
20.6666666667,368.7080435195,-236.5644007710,7.5252831500,0.5843775119,-0.0170998539,-0.0199553573,11.5824127995,7.6611061518,0.2374886111,-0.0003858660,-0.0279893645,0.0000179846,-0.0026636584,-0.0081864063,0.3886877115,0.0255322801,0.0004760485,-0.0002886701,1,0,0,0,0,0,0,0,0,0,0,0,0,0,1,1
20.6833333333,368.9010563334,-236.4367355758,7.5286196764,0.5843710808,-0.0175663433,-0.0199550575,11.5823684052,7.6609697117,0.2439667396,0.0000396720,-0.0279814303,0.0000131735,-0.0060733000,-0.0033565407,0.3885730731,0.0268304399,0.0004645439,-0.0006615043,1,0,0,0,0,0,0,0,0,0,0,0,0,0,1,1
20.7000000000,369.0940659377,-236.3090723203,7.5319561037,0.5843717420,-0.0180327005,-0.0199548380,11.5822671836,7.6609137694,0.2504429575,0.0004868460,-0.0279736879,0.0000021484,-0.0096485203,0.0017237931,0.3884622954,0.0261831603,0.3525756681,0.0089100231,1,0,0,0,0,0,0,0,0,0,0,0,0,0,1,1
20.7166666667,369.2870713015,-236.1814096185,7.5352923861,0.5843798561,-0.0184989286,-0.0199548022,11.5821063748,7.6609424992,0.2569173291,0.0009232320,-0.0220974268,0.0001506488,-0.0118546901,0.0075299374,0.3068287452,0.0257295596,0.1756946319,-0.0100130547,1,0,0,0,0,0,0,0,0,0,0,0,0,0,1,1
20.7333333333,369.4800714168,-236.0537461189,7.5389623519,0.5843952433,-0.0188672191,-0.0199522914,11.5819087967,7.6610679982,0.2620311415,0.0013520580,-0.0191691829,-0.0000162355,-0.0145828990,0.0128647433,0.2661766254,0.0257587199,0.0003292580,0.0001736077,1,0,0,0,0,0,0,0,0,0,0,0,0,0,1,1
20.7500000000,369.6730659956,-235.9260800298,7.5427984039,0.5844177776,-0.0191867054,-0.0199525620,11.5816657484,7.6612824106,0.2664674186,0.0017813700,-0.0191636953,-0.0000133420,-0.0179422864,0.0177901437,0.2661143575,0.0250336807,0.0003396487,-0.0010501873,1,0,0,0,0,0,0,0,0,0,0,0,0,0,1,1
20.7666666667,369.8660544375,-235.7984097632,7.5466343075,0.5844474671,-0.0195061004,-0.0199527843,11.5813667103,7.6615789130,0.2709026579,0.0021985980,-0.0191580345,-0.0000308451,-0.0212090259,0.0225752956,0.2660340908,0.0247132792,0.6028424599,-0.0067389571,1,0,0,0,0,0,0,0,0,0,0,0,0,0,1,1
20.7833333333,370.0590358193,-235.6707340004,7.5504700265,0.5844841104,-0.0198254009,-0.0199532984,11.5810132265,7.6619551679,0.2753365594,0.0026104860,-0.0091106601,-0.0001431611,-0.0221010184,0.0288428696,0.1264458297,0.0229960800,1.1348745786,0.0051720887,1,0,0,0,0,0,0,0,0,0,0,0,0,0,1,1
20.8000000000,370.2520092186,-235.5430514478,7.5544942708,0.5845276185,-0.0199772453,-0.0199556844,11.5806448762,7.6624358824,0.2774439899,0.0029937540,0.0098039162,-0.0000569596,-0.0206797864,0.0361649156,-0.1362264117,0.0228567612,0.0004021169,-0.0008809545,1,0,0,0,0,0,0,0,0,0,0,0,0,0,1,1
20.8166666667,370.4449750810,-235.4153600383,7.5588742009,0.5845775144,-0.0198138467,-0.0199566338,11.5803002131,7.6630386310,0.2751735497,0.0033747000,0.0098106181,-0.0000716422,-0.0236195967,0.0405630684,-0.1362316805,0.0213155987,0.0003874235,-0.0002263257,1,0,0,0,0,0,0,0,0,0,0,0,0,0,1,1
20.8333333333,370.6379350203,-235.2876569420,7.5632537812,0.5846337594,-0.0196503364,-0.0199578278,11.5799065531,7.6637146821,0.2729030217,0.0037299600,0.0098170752,-0.0000754143,-0.0263619522,0.0446642731,-0.1363218118,0.0203662800,0.0046889597,0.0080239473,1,0,0,0,0,0,0,0,0,0,0,0,0,0,1,1
20.8500000000,370.8308882620,-235.1599410288,7.5676330133,0.5846959254,-0.0194867184,-0.0199590847,11.5794671873,7.6644590867,0.2706309915,0.0040693980,0.0098952245,0.0000583182,-0.0289677384,0.0485923963,-0.1374101878,0.0188798415,0.1707679381,-0.0089839532,1,0,0,0,0,0,0,0,0,0,0,0,0,0,1,1
20.8666666667,371.0238340769,-235.0322112112,7.5720209557,0.5847637487,-0.0193217980,-0.0199581127,11.5789843917,7.6652689600,0.2683408217,0.0043840620,0.0127413568,-0.0000914144,-0.0307715526,0.0526390779,-0.1769436125,0.0182912384,0.0005815491,-0.0002803418,1,0,0,0,0,0,0,0,0,0,0,0,0,0,1,1
20.8833333333,371.2167717970,-234.9044664754,7.5767547373,0.5848368164,-0.0191094421,-0.0199596363,11.5784715324,7.6661462779,0.2653917615,0.0046889160,0.0127510493,-0.0000960867,-0.0331422503,0.0561470563,-0.1770652977,0.0160693200,0.0003383620,-0.0002137220,1,0,0,0,0,0,0,0,0,0,0,0,0,0,1,1
20.9000000000,371.4097011046,-234.7767056220,7.5814884061,0.5849149650,-0.0188969246,-0.0199612377,11.5779191616,7.6670820622,0.2624406732,0.0049567380,0.0127566887,-0.0000996488,-0.0352306451,0.0592254471,-0.1771443117,0.0151182018,0.0003272827,-0.0002382257,1,0,0,0,0,0,0,0,0,0,0,0,0,0,1,1
20.9166666667,371.6026214153,-234.6489277985,7.5862217783,0.5849975773,-0.0186843131,-0.0199628986,11.5773319842,7.6680691530,0.2594882680,0.0052087080,0.0127621434,-0.0001036192,-0.0371982733,0.0621196895,-0.1772207527,0.0138599981,0.2830652444,-0.0027995899,1,0,0,0,0,0,0,0,0,0,0,0,0,0,1,1
20.9333333333,371.7955321778,-234.5211322039,7.5909548489,0.5850843891,-0.0184716107,-0.0199646255,11.5767120129,7.6691044811,0.2565345888,0.0054397080,0.0174798974,-0.0001502790,-0.0380117122,0.0654295144,-0.2427507957,0.0123296400,0.1184127687,0.0023332795,1,0,0,0,0,0,0,0,0,0,0,0,0,0,1,1
20.9500000000,371.9884328745,-234.3933181126,7.5957300866,0.5851750509,-0.0181802791,-0.0199671302,11.5760784845,7.6701949731,0.2524887422,0.0056452020,0.0194534436,-0.0001113910,-0.0392449786,0.0680365007,-0.2701497713,0.0106545621,0.0006427143,0.0000322584,1,0,0,0,0,0,0,0,0,0,0,0,0,0,1,1
20.9666666667,372.1813236047,-234.2654845072,7.6005228689,0.5852691376,-0.0178560551,-0.0199689867,11.5754244014,7.6713289147,0.2479862460,0.0058227780,0.0194641555,-0.0001108534,-0.0406850609,0.0700415745,-0.2702917631,0.0106318779,0.0006340013,-0.0004247641,1,0,0,0,0,0,0,0,0,0,0,0,0,0,1,1
20.9833333333,372.3742041856,-234.1376306864,7.6053154684,0.5853661839,-0.0175316525,-0.0199708343,11.5747463171,7.6724962743,0.2434813833,0.0059999760,0.0194747222,-0.0001179328,-0.0421228316,0.0720418321,-0.2704400275,0.0073994400,-1.0911905668,0.0043967171,1,0,0,0,0,0,0,0,0,0,0,0,0,0,1,1
21.0000000000,372.5670741910,-234.0097561129,7.6101078665,0.5854661835,-0.0172070738,-0.0199727998,11.5740442699,7.6736969715,0.2389740495,0.0061233000,0.0012882127,-0.0000446542,-0.0467365898,0.0710383332,-0.0178186139,0.0061628422,-1.7410457974,-0.0040569224,1,0,0,0,0,0,0,0,0,0,0,0,0,0,1,1
21.0166666667,372.7599333199,-233.8818604145,7.6145519168,0.5855682385,-0.0171856035,-0.0199735440,11.5732653267,7.6748809437,0.2386770726,0.0062260140,-0.0277292172,-0.0001122695,-0.0533794680,0.0683437164,0.3852295986,0.0059731177,-0.0001213250,0.0002010929,1,0,0,0,0,0,0,0,0,0,0,0,0,0,1,1
21.0333333333,372.9527793219,-233.7539446076,7.6184396250,0.5856720054,-0.0176477572,-0.0199754152,11.5723756690,7.6760200057,0.2450975659,0.0063255660,-0.0277312393,-0.0001089180,-0.0542969780,0.0693924505,0.3850985333,0.0036028800,-0.0000840213,-0.0001972026,1,0,0,0,0,0,0,0,0,0,0,0,0,0,1,1
21.0500000000,373.1456087277,-233.6260105337,7.6223267143,0.5857774315,-0.0181099445,-0.0199772305,11.5714707193,7.6771765465,0.2515158748,0.0063856140,-0.0277326397,-0.0001122047,-0.0549135352,0.0699822363,0.3851148172,0.0031770023,0.2188388974,-0.0117022841,1,0,0,0,0,0,0,0,0,0,0,0,0,0,1,1
21.0666666667,373.3384213297,-233.4980580532,7.6262131968,0.5858838584,-0.0185721552,-0.0199791006,11.5705554937,7.6783429171,0.2579344551,0.0064385640,-0.0240853247,-0.0003072428,-0.0546720016,0.0710232653,0.3343709279,0.0015883177,3.1557988625,0.0122647317,1,0,0,0,0,0,0,0,0,0,0,0,0,0,1,1
21.0833333333,373.5312169344,-233.3700870502,7.6301125409,0.5859911678,-0.0189735772,-0.0199842213,11.5696442937,7.6795266382,0.2635073039,0.0064650360,0.0285113230,-0.0001028306,-0.0434692926,0.0789005814,-0.3960793552,-0.0002714400,-0.0000425787,-0.0004577510,1,0,0,0,0,0,0,0,0,0,0,0,0,0,1,1
21.1000000000,373.7239958404,-233.2420972056,7.6342073978,0.5860989184,-0.0184983885,-0.0199859351,11.5689198055,7.6808416479,0.2569059813,0.0064605120,0.0285106134,-0.0001104598,-0.0436028960,0.0787383745,-0.3959125011,-0.0002033977,-0.0000417079,-0.0000570038,1,0,0,0,0,0,0,0,0,0,0,0,0,0,1,1
21.1166666667,373.9167643981,-233.1140843236,7.6383018745,0.5862065936,-0.0180232116,-0.0199877761,11.5681930905,7.6821539541,0.2503074396,0.0064571220,0.0285099182,-0.0001114098,-0.0437426466,0.0785909820,-0.3959062696,-0.0013186823,-0.0000805446,0.0005431656,1,0,0,0,0,0,0,0,0,0,0,0,0,0,1,1
21.1333333333,374.1095225272,-232.9860484720,7.6423959691,0.5863142123,-0.0175480463,-0.0199896330,11.5674640464,7.6834638038,0.2437090018,0.0064351440,0.0285085758,-0.0001023571,-0.0437395779,0.0782284052,-0.3958909313,-0.0039049200,-0.4104923890,0.0001543341,1,0,0,0,0,0,0,0,0,0,0,0,0,0,1,1
21.1500000000,374.3022701776,-232.8579897853,7.6464896876,0.5864214647,-0.0170729034,-0.0199913389,11.5667350535,7.6847676106,0.2371108196,0.0063700620,0.0216670360,-0.0000997848,-0.0447229590,0.0764914218,-0.3008717453,-0.0033069577,-0.1413020741,0.0002021646,1,0,0,0,0,0,0,0,0,0,0,0,0,0,1,1
21.1666666667,374.4950074019,-232.7299085288,7.6503793282,0.5865276324,-0.0167117861,-0.0199930020,11.5659896708,7.6860424676,0.2320962905,0.0063149460,0.0193120014,-0.0000964154,-0.0448440017,0.0754932953,-0.2681775432,-0.0047023223,-0.0003598559,0.0001105121,1,0,0,0,0,0,0,0,0,0,0,0,0,0,1,1
21.1833333333,374.6877334998,-232.6018054219,7.6541983527,0.5866328815,-0.0163899194,-0.0199946089,11.5652422708,7.6873006892,0.2276266648,0.0062365740,0.0193060038,-0.0000945736,-0.0443225038,0.0745341119,-0.2681025415,-0.0061509600,-0.0004131856,0.0000428453,1,0,0,0,0,0,0,0,0,0,0,0,0,0,1,1
21.2000000000,374.8804483309,-232.4736809207,7.6580168216,0.5867368244,-0.0160681527,-0.0199961851,11.5645035624,7.6885429244,0.2231582891,0.0061340580,0.0192991174,-0.0000938595,-0.0436152916,0.0732958488,-0.2680082995,-0.0064591178,1.3810298768,-0.0010307018,1,0,0,0,0,0,0,0,0,0,0,0,0,0,1,1
21.2166666667,375.0731520751,-232.3455353797,7.6618347330,0.5868390587,-0.0157465007,-0.0199977495,11.5637766409,7.6897645219,0.2186914841,0.0060264060,0.0423162820,-0.0001110378,-0.0388121456,0.0746961307,-0.5876663366,-0.0068997622,1.8787970992,0.0000879211,1,0,0,0,0,0,0,0,0,0,0,0,0,0,1,1
21.2333333333,375.2658449229,-232.2173691698,7.6662696552,0.5869394988,-0.0150412294,-0.0199996001,11.5631297718,7.6910094574,0.2088970452,0.0059114100,0.0736295670,-0.0001095725,-0.0331840023,0.0765244496,-1.0225657780,-0.0076554000,0.0003246812,0.0004017410,1,0,0,0,0,0,0,0,0,0,0,0,0,0,1,1
21.2500000000,375.4585293231,-232.0891811948,7.6715450580,0.5870380223,-0.0138140699,-0.0200014263,11.5625767051,7.6922848649,0.1918542822,0.0057838200,0.0736349784,-0.0001028768,-0.0332551974,0.0743521902,-1.0226101959,-0.0092836780,0.0002365228,0.0000374797,1,0,0,0,0,0,0,0,0,0,0,0,0,0,1,1
21.2666666667,375.6512081887,-231.9609701058,7.6768204017,0.5871344193,-0.0125868203,-0.0200031409,11.5620224517,7.6935240680,0.1748107789,0.0056290920,0.0736389204,-0.0001022521,-0.0331167273,0.0718661642,-1.0226807198,-0.0085611620,-0.8201101235,-0.0093415510,1,0,0,0,0,0,0,0,0,0,0,0,0,0,1,1
21.2833333333,375.8438812714,-231.8327367830,7.6820956251,0.5872282375,-0.0113595049,-0.0200048451,11.5614705064,7.6947218375,0.1577661003,0.0054864060,0.0599704184,-0.0002579446,-0.0346887234,0.0684418782,-0.8330055822,-0.0094190400,-7.0448929275,0.0110282329,1,0,0,0,0,0,0,0,0,0,0,0,0,0,1,1
21.3000000000,376.0365482866,-231.7044820760,7.6871001258,0.5873196776,-0.0103599980,-0.0200091442,11.5608923609,7.6958625354,0.1438826739,0.0053294220,-0.0574444638,-0.0000741408,-0.0482189785,0.0568161042,0.7982169584,-0.0103456781,0.0001154496,-0.0000223285,1,0,0,0,0,0,0,0,0,0,0,0,0,0,1,1
21.3166666667,376.2292080921,-231.5762074709,7.6897696823,0.5874085013,-0.0113174057,-0.0200103799,11.5600887113,7.6968094705,0.1571862899,0.0051569940,-0.0574425396,-0.0000745129,-0.0475282815,0.0543971573,0.7977756692,-0.0105444018,0.0001017558,0.0002404058,1,0,0,0,0,0,0,0,0,0,0,0,0,0,1,1
21.3333333333,376.4218528748,-231.4479189686,7.6924389289,0.5874944512,-0.0122747814,-0.0200116218,11.5592965733,7.6977160898,0.1704825510,0.0049812540,-0.0574408437,-0.0000705061,-0.0468149772,0.0519378690,0.7977428565,-0.0114498000,0.0000935790,0.0003562501,1,0,0,0,0,0,0,0,0,0,0,0,0,0,1,1
21.3500000000,376.6144826513,-231.3196173740,7.6951078625,0.5875774721,-0.0132321288,-0.0200127969,11.5585163236,7.6985817209,0.1837782653,0.0047904240,-0.0574392840,-0.0000645686,-0.0459848764,0.0493044316,0.7977110803,-0.0108363583,3.2539035857,0.0289267808,1,0,0,0,0,0,0,0,0,0,0,0,0,0,1,1
21.3666666667,376.8070974795,-231.1913035339,7.6977765066,0.5876573125,-0.0141894502,-0.0200138730,11.5577499091,7.6994034615,0.1970734500,0.0046098180,-0.0032075576,0.0004175444,-0.0360189177,0.0529286445,0.0442891094,-0.0113882416,0.8918666103,-0.0280062902,1,0,0,0,0,0,0,0,0,0,0,0,0,0,1,1
21.3833333333,376.9996973958,-231.0629782618,7.7005906121,0.5877341428,-0.0142429095,-0.0200069139,11.5571495937,7.7002856055,0.1978116018,0.0044200140,0.0116568859,-0.0000492271,-0.0321311503,0.0523516890,-0.1619136958,-0.0116290800,-0.0000227303,0.0004542625,1,0,0,0,0,0,0,0,0,0,0,0,0,0,1,1
21.4000000000,377.1922875636,-230.9346389986,7.7034446731,0.5878078097,-0.0140486280,-0.0200077344,11.5566140746,7.7011581337,0.1951130402,0.0042261960,0.0116565071,-0.0000416561,-0.0306688949,0.0500919919,-0.1618798556,-0.0119771985,-0.1986922197,-0.4263378945,1,0,0,0,0,0,0,0,0,0,0,0,0,0,1,1
21.4166666667,377.3848697499,-230.8062854646,7.7062985484,0.5878782463,-0.0138543529,-0.0200084287,11.5561029263,7.7019930002,0.1924150426,0.0040265760,0.0083449701,-0.0071472877,-0.0296849026,0.0474165632,-0.1158863163,-0.0116344814,-0.8154188876,0.2715445706,1,0,0,0,0,0,0,0,0,0,0,0,0,0,1,1
21.4333333333,377.5774443695,-230.6779183082,7.7091522779,0.5879453559,-0.0137152701,-0.0201275501,11.5556081780,7.7027832763,0.1904836040,0.0038326680,-0.0052453447,-0.0026215448,-0.0303579315,0.0437316389,0.0728734559,-0.0128239200,-0.9109974954,0.3647610764,1,0,0,0,0,0,0,0,0,0,0,0,0,0,1,1
21.4500000000,377.7700115238,-230.5495383613,7.7114223435,0.5880092337,-0.0138026925,-0.0201712425,11.5551022124,7.7035121369,0.1916981616,0.0036189360,-0.0204286363,0.0034578064,-0.0311786287,0.0396167814,0.2837366214,-0.0114800388,-0.0001489614,-0.0000123022,1,0,0,0,0,0,0,0,0,0,0,0,0,0,1,1
21.4666666667,377.9625704710,-230.4211471087,7.7130163303,0.5880695493,-0.0141431698,-0.0201136124,11.5545825686,7.7041724166,0.1964271053,0.0034276020,-0.0204311190,0.0034576014,-0.0297871329,0.0373504376,0.2837375591,-0.0127306812,-0.0176167019,-0.0369103660,1,0,0,0,0,0,0,0,0,0,0,0,0,0,1,1
21.4833333333,378.1551202545,-230.2927460754,7.7146101226,0.5881266760,-0.0144836884,-0.0200559857,11.5540861164,7.7047949239,0.2011560646,0.0032154240,-0.0207247307,0.0028424286,-0.0282848824,0.0348098697,0.2878161954,-0.0118414800,0.5607188091,-0.2283215998,1,0,0,0,0,0,0,0,0,0,0,0,0,0,1,1
21.5000000000,378.3476612759,-230.1643359780,7.7162037098,0.5881802664,-0.0148291006,-0.0200086119,11.5536147017,7.7053750884,0.2059530012,0.0030180660,-0.0113794172,-0.0009629314,-0.0252181465,0.0335603802,0.1580102636,-0.0127198790,3.8484571218,0.0533394946,1,0,0,0,0,0,0,0,0,0,0,0,0,0,1,1
21.5166666667,378.5401938884,-230.0359174961,7.7183616582,0.5882305675,-0.0150187575,-0.0200246608,11.5531943993,7.7059344281,0.2085865056,0.0028060680,0.0527615348,-0.0000739398,-0.0127348761,0.0383482168,-0.7328849351,-0.0124693210,-0.0001871509,0.0004590238,1,0,0,0,0,0,0,0,0,0,0,0,0,0,1,1
21.5333333333,378.7327194086,-229.9074907343,7.7239051731,0.5882773353,-0.0141393986,-0.0200258931,11.5529821513,7.7065735650,0.1963717567,0.0025982460,0.0527584156,-0.0000662894,-0.0116738503,0.0355878030,-0.7326788506,-0.0113781600,0.0005634430,0.0004276523,1,0,0,0,0,0,0,0,0,0,0,0,0,0,1,1
21.5500000000,378.9252443015,-229.7790523440,7.7294486965,0.5883206394,-0.0132600917,-0.0200269979,11.5527875872,7.7071666951,0.1841604425,0.0024086100,0.0527678063,-0.0000591618,-0.0107485742,0.0330402698,-0.7328178644,-0.0126673192,-0.0000364258,0.0000407664,1,0,0,0,0,0,0,0,0,0,0,0,0,0,1,1
21.5666666667,379.1177686767,-229.6506031305,7.7349922381,0.5883607829,-0.0123806283,-0.0200279840,11.5526084442,7.7077173662,0.1719468114,0.0021974880,0.0527671993,-0.0000584824,-0.0096588759,0.0302433515,-0.7328173942,-0.0120052808,-1.6592043464,0.0761052726,1,0,0,0,0,0,0,0,0,0,0,0,0,0,1,1
21.5833333333,379.3102926925,-229.5221439663,7.7405358162,0.5883974077,-0.0115011749,-0.0200289587,11.5524474630,7.7082214221,0.1597331882,0.0019974000,0.0251137935,0.0012099388,-0.0121214714,0.0252601410,-0.3486929752,-0.0117201600,-0.3579077613,-0.0733642606,1,0,0,0,0,0,0,0,0,0,0,0,0,0,1,1
21.6000000000,379.5028164718,-229.3936756975,7.7433852125,0.5884306977,-0.0110826117,-0.0200087930,11.5522454384,7.7086424244,0.1539216386,0.0018020640,0.0191486641,-0.0000127989,-0.0114755100,0.0224301379,-0.2659319395,-0.0117817194,0.0002329156,-0.0011742248,1,0,0,0,0,0,0,0,0,0,0,0,0,0,1,1
21.6166666667,379.6953382121,-229.2652004323,7.7456577789,0.5884607321,-0.0107634673,-0.0200090063,11.5520541800,7.7090162601,0.1494894396,0.0016057020,0.0191525461,-0.0000323693,-0.0100324551,0.0201147047,-0.2659912211,-0.0113752806,0.2062836304,-0.4428698061,1,0,0,0,0,0,0,0,0,0,0,0,0,0,1,1
21.6333333333,379.8878578599,-229.1367191164,7.7479306127,0.5884874938,-0.0104442582,-0.0200095458,11.5518869723,7.7093515051,0.1450562526,0.0014161140,0.0225906066,-0.0074135327,-0.0082410037,0.0181449775,-0.3137440735,-0.0119167200,0.1795547379,0.3016311645,1,0,0,0,0,0,0,0,0,0,0,0,0,0,1,1
21.6500000000,380.0803757750,-229.0082323896,7.7503754582,0.5885110957,-0.0100677481,-0.0201331047,11.5517496224,7.7096539215,0.1398271847,0.0012175020,0.0255831855,-0.0023863466,-0.0064742884,0.0160080377,-0.3553063372,-0.0111635996,0.1569533984,0.3516758471,1,0,0,0,0,0,0,0,0,0,0,0,0,0,1,1
21.6666666667,380.2728925697,-228.8797407640,7.7529155281,0.5885313874,-0.0096413617,-0.0201728771,11.5516417174,7.7099207220,0.1339054124,0.0010314420,0.0281990755,0.0034749175,-0.0048882947,0.0139599529,-0.3916375696,-0.0107985603,-0.0003044410,0.0005424544,1,0,0,0,0,0,0,0,0,0,0,0,0,0,1,1
21.6833333333,380.4654087769,-228.7512447462,7.7555329780,0.5885485781,-0.0091713771,-0.0201149619,11.5515602460,7.7101533880,0.1273781196,0.0008514660,0.0281940015,0.0034839584,-0.0036544964,0.0117784011,-0.3915667491,-0.0115790400,0.0211014784,-0.0457244751,1,0,0,0,0,0,0,0,0,0,0,0,0,0,1,1
21.7000000000,380.6579248593,-228.6227448630,7.7581504222,0.5885627692,-0.0087014771,-0.0200568959,11.5514993376,7.7103496946,0.1208520071,0.0006584820,0.0285456928,0.0027218838,-0.0022862816,0.0094692742,-0.3964523393,-0.0104572798,-0.0362008162,-0.1806236433,1,0,0,0,0,0,0,0,0,0,0,0,0,0,1,1
21.7166666667,380.8504411483,-228.4942417878,7.7607856813,0.5885737439,-0.0082257155,-0.0200115312,11.5514612330,7.7105075159,0.1142444681,0.0004841940,0.0279423458,-0.0002885103,-0.0011534540,0.0073153467,-0.3880839433,-0.0107406002,-0.4943139792,0.0166308639,1,0,0,0,0,0,0,0,0,0,0,0,0,0,1,1
21.7333333333,381.0429579543,-228.3657361213,7.7635227862,0.5885818138,-0.0077600097,-0.0200163397,11.5514420087,7.7106294383,0.1077764024,0.0003051840,0.0197037795,-0.0000113292,-0.0006243078,0.0046792728,-0.2736472195,-0.0105447600,-0.0002050724,0.0002324211,1,0,0,0,0,0,0,0,0,0,0,0,0,0,1,1
21.7500000000,381.2354755364,-228.2372285216,7.7664292112,0.5885869002,-0.0074316134,-0.0200165285,11.5514316036,7.7107074262,0.1032156154,0.0001294380,0.0197003617,-0.0000074555,0.0006557886,0.0025991704,-0.2736081594,-0.0103028400,-0.0001748941,0.0007162772,1,0,0,0,0,0,0,0,0,0,0,0,0,0,1,1
21.7666666667,381.4279938016,-228.1087198655,7.7693356318,0.5885890575,-0.0071032741,-0.0200166527,11.5514425334,7.7107507457,0.0986554794,-0.0000422760,0.0196974468,0.0000044824,0.0019048747,0.0005656084,-0.2735683031,-0.0096249600,-0.0009127995,-0.0009693611,1,0,0,0,0,0,0,0,0,0,0,0,0,0,1,1
21.7833333333,381.6205130798,-227.9802107290,7.7722416355,0.5885883529,-0.0067749833,-0.0200165780,11.5514742813,7.7107601725,0.0940960077,-0.0002026920,0.0196822334,-0.0000116736,0.0030659697,-0.0013380542,-0.2733576415,-0.0103215600,-0.9940661310,0.0389475244,1,0,0,0,0,0,0,0,0,0,0,0,0,0,1,1
21.8000000000,381.8130336656,-227.8517016601,7.7751477262,0.5885849747,-0.0064469461,-0.0200167726,11.5515253808,7.7107378716,0.0895400470,-0.0003747180,0.0031144646,0.0006374518,0.0031202813,-0.0041744285,-0.0432421019,-0.0093272402,-0.1565389049,-0.0382554953,1,0,0,0,0,0,0,0,0,0,0,0,0,0,1,1
21.8166666667,382.0055558891,-227.7231932362,7.7766794430,0.5885787294,-0.0063950383,-0.0200061484,11.5515773855,7.7106682978,0.0888193453,-0.0005301720,0.0005054828,-0.0000001398,0.0041252964,-0.0060994844,-0.0070191481,-0.0101293198,-0.0002026890,0.0000570734,1,0,0,0,0,0,0,0,0,0,0,0,0,0,1,1
21.8333333333,382.1980793799,-227.5946864251,7.7779958077,0.5885698932,-0.0063866136,-0.0200061507,11.5516461404,7.7105666397,0.0887023595,-0.0006989940,0.0005021047,0.0000008115,0.0054265870,-0.0080498193,-0.0069735360,-0.0092304000,-0.0001940035,0.0000719446,1,0,0,0,0,0,0,0,0,0,0,0,0,0,1,1
21.8500000000,382.3906043850,-227.4661818457,7.7793122265,0.5885582433,-0.0063782452,-0.0200061372,11.5517365836,7.7104324761,0.0885861339,-0.0008528340,0.0004988713,0.0000020105,0.0066123746,-0.0098272242,-0.0069286260,-0.0097272003,0.6746347744,0.0216345396,1,0,0,0,0,0,0,0,0,0,0,0,0,0,1,1
21.8666666667,382.5831312372,-227.3376799892,7.7806287114,0.5885440294,-0.0063699307,-0.0200061037,11.5518467898,7.7102686890,0.0884706568,-0.0010149540,0.0117427842,0.0003625862,0.0086763151,-0.0111568060,-0.1630914366,-0.0093394796,0.5623586140,-0.0215244949,1,0,0,0,0,0,0,0,0,0,0,0,0,0,1,1
21.8833333333,382.7756602871,-227.2091813731,7.7818864360,0.5885271135,-0.0061742176,-0.0200000606,11.5519913950,7.7100827422,0.0857524662,-0.0011706120,0.0211154278,0.0000038446,0.0104885468,-0.0125464774,-0.2932650355,-0.0091242000,-0.0000072224,0.0003787575,1,0,0,0,0,0,0,0,0,0,0,0,0,0,1,1
21.9000000000,382.9681923130,-227.0806862006,7.7830950298,0.5885076033,-0.0058222938,-0.0199999965,11.5521662042,7.7098736343,0.0808647156,-0.0013226820,0.0211153074,0.0000101573,0.0115748606,-0.0143607462,-0.2932634214,-0.0082821605,-0.0000418312,-0.0002187389,1,0,0,0,0,0,0,0,0,0,0,0,0,0,1,1
21.9166666667,383.1607279844,-226.9521947299,7.7843038678,0.5884855586,-0.0054703720,-0.0199998272,11.5523591185,7.7096342885,0.0759769919,-0.0014607180,0.0211146102,0.0000065116,0.0125528934,-0.0160130885,-0.2932542912,-0.0086414395,0.1567599495,-0.0138498919,1,0,0,0,0,0,0,0,0,0,0,0,0,0,1,1
21.9333333333,383.3532675527,-226.8237074333,7.7855129180,0.5884612133,-0.0051184618,-0.0199997187,11.5525683334,7.7093674037,0.0710894204,-0.0016047420,0.0237272760,-0.0002243199,0.0137201592,-0.0176389611,-0.3295424693,-0.0081320400,0.5418783932,0.0138141220,1,0,0,0,0,0,0,0,0,0,0,0,0,0,1,1
21.9500000000,383.5458112713,-226.6952248102,7.7868823856,0.5884344676,-0.0047230072,-0.0200034574,11.5527970027,7.7090734210,0.0655970459,-0.0017402760,0.0327585826,0.0000059154,0.0150997723,-0.0189814571,-0.4549762971,-0.0091879207,-0.0001738873,0.0000654145,1,0,0,0,0,0,0,0,0,0,0,0,0,0,1,1
21.9666666667,383.7383594658,-226.5667472719,7.7888047218,0.5884054630,-0.0041770309,-0.0200033588,11.5530486656,7.7087570634,0.0580141076,-0.0018934080,0.0327556845,0.0000070057,0.0160729641,-0.0208891668,-0.4549362858,-0.0083343593,-0.0007042516,0.0004823210,1,0,0,0,0,0,0,0,0,0,0,0,0,0,1,1
21.9833333333,383.9309126538,-226.4382751828,7.7907272051,0.5883739062,-0.0036311028,-0.0200032420,11.5533165483,7.7084089106,0.0504318362,-0.0020323140,0.0327439469,0.0000150444,0.0169359424,-0.0226326057,-0.4547741691,-0.0080899200,0.0007530518,-0.0011501200,1,0,0,0,0,0,0,0,0,0,0,0,0,0,1,1
22.0000000000,384.1234710105,-226.3098090711,7.7926493909,0.5883400343,-0.0030853703,-0.0200029913,11.5535988140,7.7080317005,0.0428522667,-0.0021671460,0.0327564978,-0.0000041243,0.0177683688,-0.0243285727,-0.4549492431,-0.0078188408,0.2805096524,0.0243052665,1,0,0,0,0,0,0,0,0,0,0,0,0,0,1,1
22.0166666667,384.3160347130,-226.1813494436,7.7945724907,0.5883039152,-0.0025394287,-0.0200030600,11.5538949535,7.7076262243,0.0352697793,-0.0022974600,0.0374316587,0.0004009635,0.0186708091,-0.0259023141,-0.5198782580,-0.0085046392,0.0283118558,-0.0239103338,1,0,0,0,0,0,0,0,0,0,0,0,0,0,1,1
22.0333333333,384.5086039291,-226.0528967925,7.7959244098,0.5882656242,-0.0019155677,-0.0199963773,11.5542061337,7.7071945191,0.0266051417,-0.0024392040,0.0379035229,0.0000024579,0.0194994875,-0.0277161996,-0.5264379649,-0.0079052400,-0.0001533585,0.0000117771,1,0,0,0,0,0,0,0,0,0,0,0,0,0,1,1
22.0500000000,384.7011788987,-225.9244516158,7.7972166139,0.5882249708,-0.0012838423,-0.0199963363,11.5545311251,7.7067325824,0.0178311756,-0.0025709580,0.0379009670,0.0000026542,0.0202369566,-0.0294238795,-0.5264029369,-0.0077000410,-0.0001168960,-0.0000126906,1,0,0,0,0,0,0,0,0,0,0,0,0,0,1,1
22.0666666667,384.8937597612,-225.7960144313,7.7985090190,0.5881821215,-0.0006521596,-0.0199962921,11.5548684077,7.7062421844,0.0090577933,-0.0026992920,0.0378990187,0.0000024427,0.0209479768,-0.0310921943,-0.5263760894,-0.0076640390,-1.5884233391,0.0003238636,1,0,0,0,0,0,0,0,0,0,0,0,0,0,1,1
22.0833333333,385.0863466407,-225.6675857511,7.7998016444,0.5881371333,-0.0000205093,-0.0199962514,11.5552175407,7.7057239812,0.0002848585,-0.0028270260,0.0114252964,0.0000078404,0.0217736671,-0.0326740118,-0.1586851077,-0.0093524400,-1.1240604668,-0.0003198574,1,0,0,0,0,0,0,0,0,0,0,0,0,0,1,1
22.1000000000,385.2789396495,-225.5391660933,7.8004276173,0.5880900162,0.0001699124,-0.0199961207,11.5555804351,7.7051794143,-0.0023598933,-0.0029829000,-0.0073090447,0.0000025095,0.0229921152,-0.0344635551,0.1015144558,-0.0094687211,-0.0001893444,0.0000139260,1,0,0,0,0,0,0,0,0,0,0,0,0,0,1,1
22.1166666667,385.4715390369,-225.4107560141,7.8005813963,0.5880403012,0.0000480949,-0.0199960789,11.5559636370,7.7046050217,-0.0006679857,-0.0031407120,-0.0073122005,0.0000027416,0.0241959074,-0.0362953113,0.1015583704,-0.0116801988,-0.0002335387,0.0000171650,1,0,0,0,0,0,0,0,0,0,0,0,0,0,1,1
22.1333333333,385.6641451544,-225.2823560106,7.8007354177,0.5879879560,-0.0000737751,-0.0199960332,11.5563669022,7.7040000999,0.0010246538,-0.0033353820,-0.0073160928,0.0000030276,0.0256833393,-0.0385532317,0.1016124238,-0.0114768000,0.6022388436,0.0208930071,1,0,0,0,0,0,0,0,0,0,0,0,0,0,1,1
22.1500000000,385.8567584051,-225.1539667173,7.8008896964,0.5879323663,-0.0001957099,-0.0199959827,11.5567949578,7.7033575460,0.0027181942,-0.0035266620,0.0027212213,0.0003512444,0.0271713746,-0.0407540722,-0.0377947379,-0.0122032813,1.6619001010,-0.0214154201,1,0,0,0,0,0,0,0,0,0,0,0,0,0,1,1
22.1666666667,386.0493791956,-225.0255887498,7.8010789944,0.5878735886,-0.0001503563,-0.0199901286,11.5572478141,7.7026783115,0.0020882819,-0.0037300500,0.0304195563,-0.0000056792,0.0286937614,-0.0431341480,-0.4224940929,-0.0129934786,-0.0002655181,-0.0000266101,1,0,0,0,0,0,0,0,0,0,0,0,0,0,1,1
22.1833333333,386.2420079733,-224.8972227526,7.8013643763,0.5878114211,0.0003566363,-0.0199902233,11.5577260434,7.7019594090,-0.0049532863,-0.0039466080,0.0304151310,-0.0000061227,0.0301806509,-0.0457577419,-0.4224334372,-0.0130510800,-0.0002685207,-0.0000266874,1,0,0,0,0,0,0,0,0,0,0,0,0,0,1,1
22.2000000000,386.4346451704,-224.7688694423,7.8016500628,0.5877456443,0.0008635552,-0.0199903253,11.5582290543,7.7011967800,-0.0119938436,-0.0041641260,0.0304106556,-0.0000065675,0.0316744756,-0.0483926328,-0.4223710972,-0.0130262416,-0.0002386349,-0.0001402463,1,0,0,0,0,0,0,0,0,0,0,0,0,0,1,1
22.2166666667,386.6272911558,-224.6405295811,7.8019360704,0.5876762422,0.0013703995,-0.0199904348,11.5587569622,7.7003902361,-0.0190333619,-0.0043812300,0.0304066784,-0.0000089050,0.0331645645,-0.0510229126,-0.4223155571,-0.0123346784,-1.2767440740,0.0072366144,1,0,0,0,0,0,0,0,0,0,0,0,0,0,1,1
22.2333333333,386.8199462975,-224.5122039300,7.8022224036,0.5876032217,0.0018771774,-0.0199905832,11.5593097049,7.6995398542,-0.0260719545,-0.0045868080,0.0091276105,0.0001117053,0.0351081971,-0.0531589471,-0.1267695297,-0.0128077200,-0.0731144960,-0.0073903286,1,0,0,0,0,0,0,0,0,0,0,0,0,0,1,1
22.2500000000,387.0126109282,-224.3838932209,7.8016682794,0.5875267749,0.0020293043,-0.0199887215,11.5598948416,7.6986538718,-0.0281847800,-0.0048002700,0.0079090356,-0.0000114669,0.0367618397,-0.0556196687,-0.1098473998,-0.0115930818,-0.0002326878,-0.0000397085,1,0,0,0,0,0,0,0,0,0,0,0,0,0,1,1
22.2666666667,387.2052857091,-224.2555980026,7.8010664741,0.5874467704,0.0021611215,-0.0199889126,11.5605075389,7.6977268773,-0.0300155700,-0.0049934880,0.0079051574,-0.0000121287,0.0382325677,-0.0578643459,-0.1097936464,-0.0113921982,-0.0002874211,-0.0000318530,1,0,0,0,0,0,0,0,0,0,0,0,0,0,1,1
22.2833333333,387.3979710639,-224.1273188882,7.8004650542,0.5873635456,0.0022928742,-0.0199891147,11.5611447483,7.6967624715,-0.0318454641,-0.0051833580,0.0079003671,-0.0000126596,0.0396770232,-0.0600706710,-0.1097270758,-0.0105498000,-0.5124618757,-0.0238048353,1,0,0,0,0,0,0,0,0,0,0,0,0,0,1,1
22.3000000000,387.5906673832,-223.9990564982,7.7998640116,0.5872771563,0.0024245469,-0.0199893257,11.5618060321,7.6957612937,-0.0336742487,-0.0053591880,-0.0006406642,-0.0004094068,0.0412582119,-0.0619518392,0.0088991340,-0.0097153220,-0.3045424428,0.0251728545,1,0,0,0,0,0,0,0,0,0,0,0,0,0,1,1
22.3166666667,387.7833750384,-223.8708114000,7.7999648894,0.5871878365,0.0024138692,-0.0199961492,11.5624936689,7.6947287630,-0.0335259298,-0.0055211100,-0.0057163716,0.0000101408,0.0426368850,-0.0637356503,0.0793932482,-0.0094863580,-0.0001898261,0.0000277040,1,0,0,0,0,0,0,0,0,0,0,0,0,0,1,1
22.3333333333,387.9760945073,-223.7425840256,7.8004855073,0.5870958180,0.0023185963,-0.0199959801,11.5632042837,7.6936665022,-0.0322027090,-0.0056792160,-0.0057195353,0.0000106025,0.0438411102,-0.0655721190,0.0794378158,-0.0082346400,-0.0000523511,-0.0000830006,1,0,0,0,0,0,0,0,0,0,0,0,0,0,1,1
22.3500000000,388.1688261958,-223.6143748383,7.8010065637,0.5870011644,0.0022232708,-0.0199958034,11.5639349688,7.6925736335,-0.0308787454,-0.0058164600,-0.0057204079,0.0000092191,0.0448842118,-0.0671676159,0.0794499479,-0.0076219221,0.2225068642,0.0211965134,1,0,0,0,0,0,0,0,0,0,0,0,0,0,1,1
22.3666666667,388.3615703956,-223.4861842798,7.8015280692,0.5869042234,0.0021279306,-0.0199956498,11.5646830391,7.6914541733,-0.0295545796,-0.0059434920,-0.0020119601,0.0003624944,0.0457598235,-0.0687041994,0.0279448200,-0.0058399179,0.5013137447,-0.0239431600,1,0,0,0,0,0,0,0,0,0,0,0,0,0,1,1
22.3833333333,388.5543273763,-223.3580127588,7.8015125248,0.5868051652,0.0020943980,-0.0199896082,11.5654457028,7.6903091033,-0.0290888326,-0.0060408240,0.0063432690,-0.0000365583,0.0462947243,-0.0699718603,-0.0881024218,-0.0057430800,-0.0001928977,0.0000259624,1,0,0,0,0,0,0,0,0,0,0,0,0,0,1,1
22.4000000000,388.7470972841,-223.2298606299,7.8002783284,0.5867044848,0.0022001191,-0.0199902175,11.5662172815,7.6891429056,-0.0305572063,-0.0061365420,0.0063400540,-0.0000361256,0.0470158960,-0.0710888051,-0.0880561438,-0.0036568822,-0.0000776556,-0.0000259003,1,0,0,0,0,0,0,0,0,0,0,0,0,0,1,1
22.4166666667,388.9398802102,-223.1017282756,7.7990446060,0.5866022091,0.0023057867,-0.0199908196,11.5670008798,7.6879580922,-0.0320248087,-0.0061974900,0.0063387597,-0.0000365573,0.0474694167,-0.0718037866,-0.0880381444,-0.0034873178,-0.0001186243,-0.0001230556,1,0,0,0,0,0,0,0,0,0,0,0,0,0,1,1
22.4333333333,389.1326762821,-222.9736158931,7.7978113622,0.5864989176,0.0024114327,-0.0199914289,11.5677920367,7.6867613624,-0.0334921111,-0.0062556120,0.0063367827,-0.0000386082,0.0479009818,-0.0724861499,-0.0880106698,-0.0017532000,-0.1140888211,-0.0006264422,1,0,0,0,0,0,0,0,0,0,0,0,0,0,1,1
22.4500000000,389.3254856102,-222.8455236787,7.7965785618,0.5863946574,0.0025170457,-0.0199920724,11.5685903864,7.6855532599,-0.0349589556,-0.0062848320,0.0044353023,-0.0000490489,0.0481675196,-0.0727961820,-0.0616005899,-0.0013118423,-0.0020367110,0.0010782788,1,0,0,0,0,0,0,0,0,0,0,0,0,0,1,1
22.4666666667,389.5183082543,-222.7174517280,7.7955786123,0.5862899102,0.0025909674,-0.0199928899,11.5693931784,7.6843399902,-0.0359856321,-0.0063066960,0.0044013571,-0.0000310776,0.0483251633,-0.0730560729,-0.0611297702,-0.0005162377,-0.0000975202,0.0001669076,1,0,0,0,0,0,0,0,0,0,0,0,0,0,1,1
22.4833333333,389.7111442899,-222.5894000915,7.7945823952,0.5861847986,0.0026643234,-0.0199934078,11.5701985978,7.6831223890,-0.0370044616,-0.0063153000,0.0043997318,-0.0000282958,0.0483798789,-0.0731631292,-0.0611071859,0.0017884800,0.0001697849,-0.0000660232,1,0,0,0,0,0,0,0,0,0,0,0,0,0,1,1
22.5000000000,389.9039937245,-222.4613688047,7.7935866658,0.5860795436,0.0027376522,-0.0199938794,11.5710049291,7.6819030035,-0.0380229147,-0.0062854920,0.0044025615,-0.0000293962,0.0481393634,-0.0728257648,-0.0611464739,0.0017283577,2.0100511787,0.0024401098,1,0,0,0,0,0,0,0,0,0,0,0,0,0,1,1
22.5166666667,390.0968564940,-222.3333577719,7.7925914506,0.5859747854,0.0028110283,-0.0199943693,11.5718072519,7.6806892408,-0.0390420226,-0.0062566860,0.0379034145,0.0000112723,0.0466802812,-0.0733138890,-0.5264465777,0.0030427222,1.0057511694,-0.0015918465,1,0,0,0,0,0,0,0,0,0,0,0,0,0,1,1
22.5333333333,390.2897325364,-222.2053669006,7.7927970905,0.5858705073,0.0034427518,-0.0199941815,11.5725852565,7.6794673426,-0.0478161322,-0.0062059740,0.0546659340,-0.0000152585,0.0451884449,-0.0734579118,-0.7592542545,0.0038311200,-0.0000397091,-0.0000792449,1,0,0,0,0,0,0,0,0,0,0,0,0,0,1,1
22.5500000000,390.4826210504,-222.0773964880,7.7936041511,0.5857670744,0.0043538507,-0.0199944358,11.5733383973,7.6782430441,-0.0604703698,-0.0061421220,0.0546652722,-0.0000165792,0.0441140901,-0.0731056604,-0.7592368545,0.0057117578,-0.0001405807,0.0000214148,1,0,0,0,0,0,0,0,0,0,0,0,0,0,1,1
22.5666666667,390.6755212933,-221.9494467307,7.7944116799,0.5856647057,0.0052649386,-0.0199947121,11.5740736321,7.6770246164,-0.0731243174,-0.0060469260,0.0546629292,-0.0000162223,0.0427993689,-0.0723901858,-0.7592006607,0.0058294822,-0.6547660848,-0.0139875032,1,0,0,0,0,0,0,0,0,0,0,0,0,0,1,1
22.5833333333,390.8684327433,-221.8215175334,7.7952195647,0.5855639236,0.0061759874,-0.0199949825,11.5747869549,7.6758181133,-0.0857776617,-0.0059497680,0.0437501611,-0.0002493473,0.0423534527,-0.0710657707,-0.6076384728,0.0068842800,-1.2370987308,0.0119416443,1,0,0,0,0,0,0,0,0,0,0,0,0,0,1,1
22.6000000000,391.0613548636,-221.6936088023,7.7952107475,0.5854647608,0.0069051568,-0.0199991383,11.5754928458,7.6746336838,-0.0959049696,-0.0058350300,0.0231318489,-0.0000503199,0.0428778618,-0.0688054226,-0.3212477213,0.0080092779,0.0001436595,0.0002832869,1,0,0,0,0,0,0,0,0,0,0,0,0,0,1,1
22.6166666667,391.2542875818,-221.5657200535,7.7936596005,0.5853675103,0.0072906876,-0.0199999769,11.5762074769,7.6734869268,-0.1012590983,-0.0057015420,0.0231342432,-0.0000455985,0.0417432448,-0.0673325805,-0.3213013813,0.0087940820,0.0001017547,0.0000199490,1,0,0,0,0,0,0,0,0,0,0,0,0,0,1,1
22.6333333333,391.4472313996,-221.4378503359,7.7921089663,0.5852724846,0.0076762583,-0.0200007369,11.5769031976,7.6723647171,-0.1066141213,-0.0055549740,0.0231359392,-0.0000452660,0.0405089799,-0.0657080672,-0.3213239874,0.0084776400,-0.0024897305,0.0055634278,1,0,0,0,0,0,0,0,0,0,0,0,0,0,1,1
22.6500000000,391.6401859379,-221.3099992228,7.7905587715,0.5851799017,0.0080618573,-0.0200014913,11.5775783472,7.6712695826,-0.1119695211,-0.0054136800,0.0230944437,0.0000474578,0.0393197428,-0.0641413040,-0.3207419513,0.0106927181,-0.0894427130,-0.0053361202,1,0,0,0,0,0,0,0,0,0,0,0,0,0,1,1
22.6666666667,391.8331508401,-221.1821662958,7.7890176712,0.5850896737,0.0084467647,-0.0200007004,11.5782336763,7.6702005609,-0.1173152203,-0.0052354680,0.0216037318,-0.0000414775,0.0379964476,-0.0620486153,-0.3000400633,0.0101037619,0.0006808344,0.0002263655,1,0,0,0,0,0,0,0,0,0,0,0,0,0,1,1
22.6833333333,392.0261256734,-221.0543510165,7.7878002260,0.5850024159,0.0088068269,-0.0200013917,11.5788669504,7.6691664173,-0.1223158880,-0.0050670720,0.0216150790,-0.0000377048,0.0366082988,-0.0601622093,-0.3001983954,0.0118580400,0.0003116650,0.0002742915,1,0,0,0,0,0,0,0,0,0,0,0,0,0,1,1
22.7000000000,392.2191100976,-220.9265528313,7.7865835863,0.5849179647,0.0091670782,-0.0200020201,11.5794770887,7.6681637138,-0.1273191946,-0.0048694380,0.0216202734,-0.0000331333,0.0349970730,-0.0579366138,-0.3002695314,0.0124235983,0.0001262946,-0.0000951689,1,0,0,0,0,0,0,0,0,0,0,0,0,0,1,1
22.7166666667,392.4121036432,-220.7987711360,7.7853673997,0.5848368074,0.0095274161,-0.0200025723,11.5800603733,7.6671981036,-0.1323236868,-0.0046623780,0.0216223783,-0.0000347194,0.0333143956,-0.0556012372,-0.3002977326,0.0122770817,-1.4421763516,0.0028476353,1,0,0,0,0,0,0,0,0,0,0,0,0,0,1,1
22.7333333333,392.6051058211,-220.6710052960,7.7841514847,0.5847591011,0.0098877891,-0.0200031510,11.5806156132,7.6662714163,-0.1373286490,-0.0044577600,-0.0024138942,0.0000127412,0.0344485571,-0.0514420471,0.0335555340,0.0132314400,-0.5997454542,-0.0026383285,1,0,0,0,0,0,0,0,0,0,0,0,0,0,1,1
22.7500000000,392.7981161369,-220.5432546921,7.7824332574,0.5846848051,0.0098475575,-0.0200029386,11.5811897559,7.6654140489,-0.1367693901,-0.0042372360,-0.0124096518,-0.0000312310,0.0338790560,-0.0481465386,0.1723557296,0.0138459585,0.0002419628,0.0001575095,1,0,0,0,0,0,0,0,0,0,0,0,0,0,1,1
22.7666666667,392.9911356274,-220.4155176175,7.7805061890,0.5846141845,0.0096407300,-0.0200034591,11.5817544067,7.6646116065,-0.1338967946,-0.0040064700,-0.0124056191,-0.0000286058,0.0320768852,-0.0454961721,0.1722922147,0.0141274814,0.0002535738,0.0000512236,1,0,0,0,0,0,0,0,0,0,0,0,0,0,1,1
22.7833333333,393.1841644287,-220.2877929145,7.7785794552,0.5845474100,0.0094339696,-0.0200039359,11.5822890215,7.6638533370,-0.1310252577,-0.0037710120,-0.0124013928,-0.0000277521,0.0302394401,-0.0427911432,0.1722338637,0.0143002800,0.2732214118,-0.0269537626,1,0,0,0,0,0,0,0,0,0,0,0,0,0,1,1
22.8000000000,393.3772020150,-220.1600798426,7.7766530446,0.5844845598,0.0092272798,-0.0200043984,11.5827930122,7.6631401513,-0.1281546933,-0.0035326740,-0.0078477026,-0.0004769815,0.0279030495,-0.0403680769,0.1089937738,0.0147747588,0.4341269916,0.0263158425,1,0,0,0,0,0,0,0,0,0,0,0,0,0,1,1
22.8166666667,393.5702478650,-220.0323776440,7.7744246868,0.5844256819,0.0090964847,-0.0200123481,11.5832580630,7.6624673500,-0.1263381304,-0.0032864280,-0.0006122528,-0.0000383841,0.0252454659,-0.0380255836,0.0084924843,0.0147103212,0.0002895874,0.0001612782,1,0,0,0,0,0,0,0,0,0,0,0,0,0,1,1
22.8333333333,393.7633011757,-219.9046857107,7.7717156675,0.5843709081,0.0090862805,-0.0200129878,11.5836788208,7.6618335903,-0.1261965890,-0.0030412560,-0.0006074263,-0.0000356961,0.0233646179,-0.0351872760,0.0084361200,0.0153648000,0.0003055181,0.0002032041,1,0,0,0,0,0,0,0,0,0,0,0,0,0,1,1
22.8500000000,393.9563609908,-219.7770035420,7.7690069450,0.5843202205,0.0090761567,-0.0200135828,11.5840682311,7.6612471357,-0.1260559870,-0.0027851760,-0.0006023343,-0.0000323094,0.0214004663,-0.0322222964,0.0083654040,0.0154724391,0.1136786287,-0.0084241409,1,0,0,0,0,0,0,0,0,0,0,0,0,0,1,1
22.8666666667,394.1494267681,-219.6493303118,7.7662984812,0.5842738009,0.0090661178,-0.0200141213,11.5844249055,7.6607100974,-0.1259165636,-0.0025273020,0.0012923095,-0.0001727117,0.0192243854,-0.0293676172,-0.0179514908,0.0160696809,1.6077785941,0.0090425889,1,0,0,0,0,0,0,0,0,0,0,0,0,0,1,1
22.8833333333,394.3424979619,-219.5216651879,7.7636171553,0.5842316792,0.0090876563,-0.0200169998,11.5847453119,7.6602206371,-0.1262157551,-0.0022594740,0.0280886194,-0.0000220019,0.0142737037,-0.0281817254,-0.3901583752,0.0161305200,0.0003126616,0.0003325509,1,0,0,0,0,0,0,0,0,0,0,0,0,0,1,1
22.9000000000,394.5355738839,-219.3940073874,7.7613178833,0.5841940213,0.0095558000,-0.0200173665,11.5849832070,7.6597509417,-0.1327183947,-0.0019906320,0.0280938304,-0.0000164594,0.0120608594,-0.0251683850,-0.3901763152,0.0164807994,0.0003193670,0.0002364702,1,0,0,0,0,0,0,0,0,0,0,0,0,0,1,1
22.9166666667,394.7286523558,-219.2663571070,7.7590187745,0.5841608441,0.0100240305,-0.0200176408,11.5851842213,7.6593314686,-0.1392213333,-0.0017159520,0.0280991532,-0.0000125182,0.0098031476,-0.0220875904,-0.3902484076,0.0165031206,0.0003226754,0.0000679345,1,0,0,0,0,0,0,0,0,0,0,0,0,0,1,1
22.9333333333,394.9217327116,-219.1387135162,7.7567198082,0.5841322449,0.0104923497,-0.0200178495,11.5853476071,7.6589633421,-0.1457254734,-0.0014409000,0.0281045311,-0.0000113860,0.0075428182,-0.0190024405,-0.3903211852,0.0156434400,2.0797747367,-0.0043820477,1,0,0,0,0,0,0,0,0,0,0,0,0,0,1,1
22.9500000000,395.1148142739,-219.0110757913,7.7544209626,0.5841082299,0.0109607586,-0.0200180392,11.5854733208,7.6586466348,-0.1522308265,-0.0011801760,0.0627674434,-0.0000844201,0.0006854725,-0.0191944603,-0.8718634423,0.0167259596,0.7087083306,0.0056373685,1,0,0,0,0,0,0,0,0,0,0,0,0,0,1,1
22.9666666667,395.3078964063,-218.8834431470,7.7528608562,0.5840885603,0.0120068826,-0.0200194462,11.5854847453,7.6583267271,-0.1667618839,-0.0009014100,0.0745792489,0.0000095360,-0.0040097328,-0.0176568533,-1.0358069918,0.0162457203,-0.0000841110,0.0004990407,1,0,0,0,0,0,0,0,0,0,0,0,0,0,1,1
22.9833333333,395.5009758196,-218.7558164679,7.7515526933,0.5840735368,0.0132498701,-0.0200192873,11.5854179164,7.6580324462,-0.1840253337,-0.0006306480,0.0745778470,0.0000178534,-0.0071569783,-0.0152292588,-1.0357316920,0.0168908400,-0.0000976604,-0.0000801543,1,0,0,0,0,0,0,0,0,0,0,0,0,0,1,1
23.0000000000,395.6940505084,-218.6281958281,7.7502446738,0.5840630260,0.0144928342,-0.0200189897,11.5852986334,7.6577786252,-0.2012875286,-0.0003491340,0.0745762194,0.0000165175,-0.0103866057,-0.0126773978,-1.0356904298,0.0150069599,-1.3080000790,-0.0026778736,1,0,0,0,0,0,0,0,0,0,0,0,0,0,1,1
23.0166666667,395.8871192813,-218.5005807130,7.7489367872,0.5840572071,0.0157357712,-0.0200187144,11.5851255234,7.6575673353,-0.2185490358,-0.0000990180,0.0527762181,-0.0000281138,-0.0091308766,-0.0076836431,-0.7327633169,0.0159552000,-1.7682777230,0.0022220554,1,0,0,0,0,0,0,0,0,0,0,0,0,0,1,1
23.0333333333,396.0801810136,-218.3729707091,7.7470458533,0.5840555568,0.0166153748,-0.0200191830,11.5849733420,7.6574392745,-0.2307617577,0.0001669020,0.0233049227,0.0000089205,-0.0058153638,-0.0010655632,-0.3235272232,0.0153468000,0.0003444646,0.0000386793,1,0,0,0,0,0,0,0,0,0,0,0,0,0,1,1
23.0500000000,396.2732368940,-218.2453638018,7.7443661294,0.5840583385,0.0170037902,-0.0200190343,11.5848764194,7.6574215152,-0.2361538781,0.0004226820,0.0233106638,0.0000095652,-0.0078814952,0.0018264918,-0.3237134754,0.0148978802,0.0003006972,0.0002490957,1,0,0,0,0,0,0,0,0,0,0,0,0,0,1,1
23.0666666667,396.4662893552,-218.1177572004,7.7416864770,0.5840653832,0.0173923013,-0.0200188749,11.5847450611,7.6574519567,-0.2415491027,0.0006709800,0.0233156754,0.0000137167,-0.0098887968,0.0046328229,-0.3237808572,0.0142070397,-0.2135222238,-0.0045458597,1,0,0,0,0,0,0,0,0,0,0,0,0,0,1,1
23.0833333333,396.6593378128,-217.9901501429,7.7390068541,0.5840765662,0.0177808959,-0.0200186463,11.5845802478,7.6575291704,-0.2469454503,0.0009077640,0.0197569716,-0.0000620476,-0.0110586304,0.0078009717,-0.2743308114,0.0136796400,-1.8382892639,0.0041766747,1,0,0,0,0,0,0,0,0,0,0,0,0,0,1,1
23.1000000000,396.8523816974,-217.8625419117,7.7362206043,0.5840916956,0.0181101787,-0.0200196804,11.5843959373,7.6576591866,-0.2515176305,0.0011357580,-0.0108811828,0.0000075637,-0.0064241560,0.0146596513,0.1512073377,0.0121320005,-0.0004564264,0.0010324103,1,0,0,0,0,0,0,0,0,0,0,0,0,0,1,1
23.1166666667,397.0454208849,-217.7349315346,7.7325156026,0.5841106249,0.0179288257,-0.0200195544,11.5842888680,7.6579035141,-0.2489975082,0.0013379580,-0.0108887899,0.0000247705,-0.0079958706,0.0169868397,0.1512087786,0.0124052395,0.0010357549,-0.0010996390,1,0,0,0,0,0,0,0,0,0,0,0,0,0,1,1
23.1333333333,397.2384584930,-217.6073160154,7.7288104335,0.5841329242,0.0177473459,-0.0200191415,11.5841556035,7.6581866281,-0.2464773619,0.0015447120,-0.0108715273,0.0000064432,-0.0096060945,0.0193642710,0.1509694678,0.0117997200,-0.0004115387,0.0018437860,1,0,0,0,0,0,0,0,0,0,0,0,0,0,1,1
23.1500000000,397.4314940619,-217.4796947028,7.7251050824,0.5841586694,0.0175661537,-0.0200190341,11.5839955020,7.6585093660,-0.2439612041,0.0017413740,-0.0108783863,0.0000371730,-0.0111342635,0.0216280036,0.1510652576,0.0111744007,0.3104560935,-0.0392126134,1,0,0,0,0,0,0,0,0,0,0,0,0,0,1,1
23.1666666667,397.6245271620,-217.3520669711,7.7213995310,0.5841876923,0.0173848473,-0.0200184146,11.5838099309,7.6588698327,-0.2414434498,0.0019276140,-0.0057041180,-0.0006163706,-0.0136181526,0.0230863377,0.0792045484,0.0103435193,0.0851485700,0.0386007466,1,0,0,0,0,0,0,0,0,0,0,0,0,0,1,1
23.1833333333,397.8175573886,-217.2244322263,7.7166490473,0.5842198192,0.0172897787,-0.0200286874,11.5835829617,7.6592546050,-0.2401233740,0.0021000060,-0.0042849752,0.0000269752,-0.0152285242,0.0248915904,0.0594974638,0.0089204400,-0.0001117398,0.0023854321,1,0,0,0,0,0,0,0,0,0,0,0,0,0,1,1
23.2000000000,398.0105837806,-217.0967903075,7.7116093397,0.5842548193,0.0172183624,-0.0200282378,11.5833291529,7.6596694648,-0.2391317496,0.0022486800,-0.0042868375,0.0000667324,-0.0163713781,0.0266111998,0.0595305479,0.0091443608,-0.0002379405,-0.0010277287,1,0,0,0,0,0,0,0,0,0,0,0,0,0,1,1
23.2166666667,398.2036058644,-216.9691408399,7.7065694973,0.5842922973,0.0171469151,-0.0200271256,11.5830562966,7.6601129848,-0.2381395738,0.0024010860,-0.0042908032,0.0000496036,-0.0175426249,0.0283739969,0.0595856944,0.0077133591,-0.0863436020,0.0298991932,1,0,0,0,0,0,0,0,0,0,0,0,0,0,1,1
23.2333333333,398.3966233173,-216.8414833319,7.7015295200,0.5843323154,0.0170754017,-0.0200262989,11.5827639196,7.6605858848,-0.2371464789,0.0025296420,-0.0057298632,0.0005479234,-0.0182490057,0.0300473641,0.0795689998,0.0073461600,-0.0987108012,-0.0305010026,1,0,0,0,0,0,0,0,0,0,0,0,0,0,1,1
23.2500000000,398.5896358568,-216.7138173765,7.6970419813,0.5843744761,0.0169799040,-0.0200171669,11.5824597695,7.6610866742,-0.2358203289,0.0026520780,-0.0073750433,0.0000395734,-0.0188731206,0.0316732715,0.1024221717,0.0059839210,0.0000995719,0.0000614725,1,0,0,0,0,0,0,0,0,0,0,0,0,0,1,1
23.2666666667,398.7826433807,-216.5861424746,7.6931949002,0.5844186774,0.0168569866,-0.0200165073,11.5821452174,7.6616145620,-0.2341132927,0.0027518100,-0.0073733837,0.0000405979,-0.0196496339,0.0328203623,0.1023934625,0.0058726790,0.0001078135,0.0000403012,1,0,0,0,0,0,0,0,0,0,0,0,0,0,1,1
23.2833333333,398.9756458553,-216.4584581869,7.6893475905,0.5844645409,0.0167340969,-0.0200158307,11.5818177236,7.6621615681,-0.2324067350,0.0028496880,-0.0073715868,0.0000412696,-0.0204120206,0.0339459201,0.1023687297,0.0053449200,0.0074178334,0.0137744443,1,0,0,0,0,0,0,0,0,0,0,0,0,0,1,1
23.3000000000,399.1686430585,-216.3307642083,7.6855000496,0.5845120357,0.0166112371,-0.0200151428,11.5814775232,7.6627273334,-0.2307005895,0.0029387700,-0.0072479563,0.0002708437,-0.0211304661,0.0349540065,0.1006470478,0.0040384811,0.0465580023,-0.0142621776,1,0,0,0,0,0,0,0,0,0,0,0,0,0,1,1
23.3166666667,399.3616347979,-216.2030602537,7.6817501646,0.5845610152,0.0164904378,-0.0200106288,11.5811253488,7.6633099002,-0.2290231387,0.0030060780,-0.0064719896,0.0000331407,-0.0218053991,0.0356285375,0.0898742943,0.0032241589,0.0006163170,0.0004811897,1,0,0,0,0,0,0,0,0,0,0,0,0,0,1,1
23.3333333333,399.5546209141,-216.0753461168,7.6785882152,0.5846111165,0.0163825713,-0.0200100764,11.5807619254,7.6639037091,-0.2275252338,0.0030598140,-0.0064617176,0.0000411606,-0.0222290381,0.0362431112,0.0897339719,0.0028339200,-0.0007645955,-0.0010277132,1,0,0,0,0,0,0,0,0,0,0,0,0,0,1,1
23.3500000000,399.7476011978,-215.9476216881,7.6754264766,0.5846621134,0.0162748761,-0.0200093904,11.5803914415,7.6645077610,-0.2260296676,0.0031070460,-0.0064744609,0.0000240320,-0.0225986708,0.0367852913,0.0899111518,0.0030646811,0.0006897088,0.0016267103,1,0,0,0,0,0,0,0,0,0,0,0,0,0,1,1
23.3666666667,399.9405755459,-215.8198868170,7.6722638003,0.5847138975,0.0161669684,-0.0200089899,11.5800147970,7.6651208492,-0.2245311484,0.0031581240,-0.0064629657,0.0000511439,-0.0230023866,0.0373688638,0.0897516065,0.0010814389,-0.3070543437,-0.0260260968,1,0,0,0,0,0,0,0,0,0,0,0,0,0,1,1
23.3833333333,400.1335438496,-215.6921413388,7.6691013901,0.5847665329,0.0160592523,-0.0200081375,11.5796314239,7.6657436636,-0.2230352883,0.0031761480,-0.0115805381,-0.0003826244,-0.0222074427,0.0381955341,0.1608490376,0.0018241200,-0.0673156844,0.0254266634,1,0,0,0,0,0,0,0,0,0,0,0,0,0,1,1
23.4000000000,400.3265060569,-215.5643852050,7.6645715309,0.5848194687,0.0158662433,-0.0200145146,11.5792612998,7.6663802558,-0.2203544710,0.0032065500,-0.0127024662,0.0000411533,-0.0222653599,0.0386638966,0.1764050817,0.0007232412,0.0002705328,0.0020269080,1,0,0,0,0,0,0,0,0,0,0,0,0,0,1,1
23.4166666667,400.5194626256,-215.4366179716,7.6597452713,0.5848729112,0.0156545355,-0.0200138287,11.5788902105,7.6670246541,-0.2174143863,0.0032186040,-0.0126979573,0.0000749351,-0.0223919030,0.0387811568,0.1763385067,-0.0001047612,0.0004683559,-0.0010372830,1,0,0,0,0,0,0,0,0,0,0,0,0,0,1,1
23.4333333333,400.7124136316,-215.3088395320,7.6549189670,0.5849265546,0.0154429029,-0.0200125798,11.5785170121,7.6676710067,-0.2144754112,0.0032168580,-0.0126901514,0.0000576471,-0.0224131970,0.0387383885,0.1762306736,-0.0004582800,1.0330905179,0.0070731729,1,0,0,0,0,0,0,0,0,0,0,0,0,0,1,1
23.4500000000,400.9053590528,-215.1810499093,7.6500928035,0.5849801689,0.0152314004,-0.0200116190,11.5781434588,7.6683166465,-0.2115382333,0.0032092200,0.0045280239,0.0001755333,-0.0254117127,0.0366253241,-0.0629496898,-0.0005871588,1.0247583750,-0.0067915048,1,0,0,0,0,0,0,0,0,0,0,0,0,0,1,1
23.4666666667,401.0982988904,-215.0532491376,7.6459429808,0.5850336559,0.0153068675,-0.0200086934,11.5777199303,7.6689270686,-0.2125873948,0.0031994340,0.0216073302,0.0000623415,-0.0284125882,0.0344741907,-0.3001383608,-0.0014853611,-0.0002705038,-0.0005229352,1,0,0,0,0,0,0,0,0,0,0,0,0,0,1,1
23.4833333333,401.2912314715,-214.9254383699,7.6424642225,0.5850869798,0.0156669896,-0.0200076544,11.5772463871,7.6695016384,-0.2175897008,0.0031746780,0.0216028218,0.0000536259,-0.0283127808,0.0341273667,-0.3000036113,-0.0017150400,-0.0002284347,0.0003510479,1,0,0,0,0,0,0,0,0,0,0,0,0,0,1,1
23.5000000000,401.4841551333,-214.7976188230,7.6389852705,0.5851398911,0.0160270367,-0.0200067606,11.5767745075,7.6700704279,-0.2225897610,0.0031460940,0.0215990145,0.0000594767,-0.0281844880,0.0337355532,-0.2999490174,-0.0015184789,-0.0030371237,0.0067108986,1,0,0,0,0,0,0,0,0,0,0,0,0,0,1,1
23.5166666667,401.6770698910,-214.6697906191,7.6355061247,0.5851923260,0.0163870202,-0.0200057693,11.5763047660,7.6706326871,-0.2275889113,0.0031207860,0.0215483958,0.0001713250,-0.0280719784,0.0333878999,-0.2992300992,-0.0027079211,-0.0124199398,-0.0072212640,1,0,0,0,0,0,0,0,0,0,0,0,0,0,1,1
23.5333333333,401.8699757522,-214.5419538705,7.6321432529,0.5852443391,0.0167461602,-0.0200029139,11.5758368997,7.6711891521,-0.2325760796,0.0030756540,0.0213413968,0.0000509706,-0.0277760904,0.0328314563,-0.2963668255,-0.0024033600,-0.0001854028,0.0001508520,1,0,0,0,0,0,0,0,0,0,0,0,0,0,1,1
23.5500000000,402.0628727609,-214.4141087576,7.6293049179,0.5852956000,0.0171018501,-0.0200020644,11.5753739648,7.6717363430,-0.2375155267,0.0030355980,0.0213383067,0.0000534848,-0.0275575608,0.0323083287,-0.2963228933,-0.0028933189,-0.0001917813,-0.0000262699,1,0,0,0,0,0,0,0,0,0,0,0,0,0,1,1
23.5666666667,402.2557609788,-214.2862554250,7.6264663779,0.5853461933,0.0174574886,-0.0200011730,11.5749146722,7.6722748152,-0.2424542416,0.0029873760,0.0213351104,0.0000530470,-0.0272762322,0.0316907954,-0.2962766592,-0.0023540411,-0.0001940220,-0.0002356042,1,0,0,0,0,0,0,0,0,0,0,0,0,0,1,1
23.5833333333,402.4486404634,-214.1583940578,7.6236276374,0.5853959829,0.0178130737,-0.0200002889,11.5744600683,7.6728029951,-0.2473921859,0.0029481420,0.0213318767,0.0000491203,-0.0270637729,0.0311774106,-0.2962298814,-0.0026229600,-1.4823325564,-0.0040484519,1,0,0,0,0,0,0,0,0,0,0,0,0,0,1,1
23.6000000000,402.6415112424,-214.0305248200,7.6207886998,0.5854451186,0.0181686050,-0.0199994702,11.5740090054,7.6733226186,-0.2523293506,0.0029044260,-0.0033736659,-0.0000183539,-0.0215774470,0.0340860352,0.0469526399,-0.0048185990,-0.2398624823,0.0040015125,1,0,0,0,0,0,0,0,0,0,0,0,0,0,1,1
23.6166666667,402.8343733639,-213.9026478821,7.6167868459,0.5854935257,0.0181123772,-0.0199997761,11.5736493813,7.6738907192,-0.2515468066,0.0028241160,-0.0073713740,0.0000483380,-0.0201323945,0.0337062959,0.1023799443,-0.0034639210,0.0000378078,0.0000809126,1,0,0,0,0,0,0,0,0,0,0,0,0,0,1,1
23.6333333333,403.0272298641,-213.7747616024,7.6125964859,0.5855405943,0.0179895210,-0.0199989705,11.5733138414,7.6744524908,-0.2498404742,0.0027663840,-0.0073707438,0.0000496865,-0.0197017514,0.0330300170,0.1023547798,-0.0043596000,0.0000720410,-0.0003393005,1,0,0,0,0,0,0,0,0,0,0,0,0,0,1,1
23.6500000000,403.2200813197,-213.6468658663,7.6084059055,0.5855867007,0.0178666753,-0.0199981424,11.5729854789,7.6750029911,-0.2481345612,0.0026937240,-0.0073695431,0.0000440315,-0.0191563460,0.0321812066,0.1023383277,-0.0035873990,0.0743630738,-0.0013046380,1,0,0,0,0,0,0,0,0,0,0,0,0,0,1,1
23.6666666667,403.4129278827,-213.5189609086,7.6042151158,0.5856315961,0.0177438496,-0.0199974085,11.5726662064,7.6755393445,-0.2464289224,0.0026339340,-0.0061301586,0.0000222875,-0.0189623318,0.0313138357,0.0851256844,-0.0034473609,0.0614879462,0.0014353233,1,0,0,0,0,0,0,0,0,0,0,0,0,0,1,1
23.6833333333,403.6057696778,-213.3910469231,7.5998254873,0.5856754950,0.0176416802,-0.0199970371,11.5723501676,7.6760612418,-0.2450101610,0.0025764780,-0.0051053595,0.0000462096,-0.0187380401,0.0305052132,0.0708919918,-0.0042768000,0.0004552638,-0.0012449439,1,0,0,0,0,0,0,0,0,0,0,0,0,0,1,1
23.7000000000,403.7986066736,-213.2631241971,7.5952664100,0.5857184363,0.0175565909,-0.0199962669,11.5720378669,7.6765696620,-0.2438286278,0.0025051980,-0.0050977718,0.0000254605,-0.0181987000,0.0296753832,0.0707913838,-0.0040330791,0.0003119693,0.0007691575,1,0,0,0,0,0,0,0,0,0,0,0,0,0,1,1
23.7166666667,403.9914389055,-213.1351930363,7.5907072992,0.5857601896,0.0174716281,-0.0199958426,11.5717345552,7.6770642517,-0.2426487714,0.0024379800,-0.0050925723,0.0000382798,-0.0176899126,0.0288927691,0.0707192943,-0.0047642409,0.1757453019,0.0005854982,1,0,0,0,0,0,0,0,0,0,0,0,0,0,1,1
23.7333333333,404.1842665166,-213.0072536569,7.5861481323,0.5858008226,0.0173867519,-0.0199952046,11.5714397234,7.6775457979,-0.2414701165,0.0023585760,-0.0021634839,0.0000480381,-0.0176739715,0.0275802182,0.0300306779,-0.0038372400,0.6240311531,-0.0002637946,1,0,0,0,0,0,0,0,0,0,0,0,0,0,1,1
23.7500000000,404.3770896652,-212.8793063217,7.5817324269,0.5858401322,0.0173506938,-0.0199944039,11.5711451572,7.6780054682,-0.2409696052,0.0022946220,0.0082370353,0.0000436415,-0.0192796660,0.0254487192,-0.1144327798,-0.0033623992,0.0002080856,0.0005431907,1,0,0,0,0,0,0,0,0,0,0,0,0,0,1,1
23.7666666667,404.5699081620,-212.7513514521,7.5778268713,0.5858783759,0.0174879777,-0.0199936766,11.5708238294,7.6784296135,-0.2428768182,0.0022385820,0.0082405034,0.0000526947,-0.0188634561,0.0247908927,-0.1144340945,-0.0046666808,0.0001361451,-0.0001992339,1,0,0,0,0,0,0,0,0,0,0,0,0,0,1,1
23.7833333333,404.7627209656,-212.6233899982,7.5739212432,0.5859156856,0.0176253194,-0.0199927983,11.5705094384,7.6788427950,-0.2447840531,0.0021608040,0.0082427725,0.0000493741,-0.0182805834,0.0238811483,-0.1144653357,-0.0044622000,0.0001315809,-0.0005651359,1,0,0,0,0,0,0,0,0,0,0,0,0,0,1,1
23.8000000000,404.9555282272,-212.4954222204,7.5700155418,0.5859516990,0.0177626990,-0.0199919754,11.5702047621,7.6792408142,-0.2466918087,0.0020864340,0.0082449655,0.0000399552,-0.0177238614,0.0230110443,-0.1144955098,-0.0042469193,1.3692939273,0.0017134967,1,0,0,0,0,0,0,0,0,0,0,0,0,0,1,1
23.8166666667,405.1483301014,-212.3674483603,7.5661097775,0.5859864729,0.0179001151,-0.0199913095,11.5699093644,7.6796243316,-0.2486000672,0.0020156520,0.0310665310,0.0000685135,-0.0220096788,0.0189860830,-0.4315564752,-0.0034351207,0.1504698692,-0.0007805866,1,0,0,0,0,0,0,0,0,0,0,0,0,0,1,1
23.8333333333,405.3411267349,-212.2394686478,7.5622803793,0.5860200671,0.0184178906,-0.0199901676,11.5695425364,7.6799407663,-0.2557926751,0.0019584000,0.0335743621,0.0000555037,-0.0223047617,0.0178353168,-0.4662499910,-0.0038502000,-0.0002863046,0.0000620644,1,0,0,0,0,0,0,0,0,0,0,0,0,0,1,1
23.8500000000,405.5339155605,-212.1114850529,7.5584593101,0.5860527071,0.0189774633,-0.0199892425,11.5691707904,7.6802380216,-0.2635635083,0.0018942300,0.0335695904,0.0000565381,-0.0220283750,0.0169485486,-0.4661640111,-0.0042076793,-0.0003364684,-0.0003807715,1,0,0,0,0,0,0,0,0,0,0,0,0,0,1,1
23.8666666667,405.7266963106,-211.9834980504,7.5546380933,0.5860842776,0.0195369565,-0.0199883002,11.5688036508,7.6805204974,-0.2713329085,0.0018241020,0.0335639826,0.0000501919,-0.0217060834,0.0159929239,-0.4660810335,-0.0033386407,-0.9825000463,-0.0014974613,1,0,0,0,0,0,0,0,0,0,0,0,0,0,1,1
23.8833333333,405.9194690187,-211.8555079428,7.5508167028,0.5861146793,0.0200963562,-0.0199874637,11.5684418827,7.6807870461,-0.2791009257,0.0017684580,0.0171889818,0.0000252342,-0.0176065094,0.0177868790,-0.2385628915,-0.0031032000,-0.7118916733,0.0005564543,1,0,0,0,0,0,0,0,0,0,0,0,0,0,1,1
23.9000000000,406.1122336761,-211.7275149943,7.5467163993,0.5861441536,0.0203828392,-0.0199870431,11.5681484409,7.6810834941,-0.2830769739,0.0017167380,0.0053241206,0.0000345085,-0.0144438208,0.0190244621,-0.0738652258,-0.0044380794,-0.0005306351,-0.0005258427,1,0,0,0,0,0,0,0,0,0,0,0,0,0,1,1
23.9166666667,406.3049924368,-211.5995180143,7.5424136647,0.5861727659,0.0204715745,-0.0199864680,11.5679077106,7.6814005685,-0.2843080610,0.0016427700,0.0053152767,0.0000257444,-0.0138806599,0.0181654769,-0.0738078544,-0.0032821206,-0.0003871244,0.0002565850,1,0,0,0,0,0,0,0,0,0,0,0,0,0,1,1
23.9333333333,406.4977469982,-211.4715162176,7.5381105500,0.5862001454,0.0205601625,-0.0199860389,11.5676763662,7.6817033264,-0.2855381919,0.0015880680,0.0053088246,0.0000300209,-0.0134648202,0.0175296992,-0.0737181177,-0.0035769600,0.0068711741,0.0002478778,1,0,0,0,0,0,0,0,0,0,0,0,0,0,1,1
23.9500000000,406.6904974674,-211.3435097872,7.5338071336,0.5862266132,0.0206486429,-0.0199855386,11.5674519526,7.6819954881,-0.2867668272,0.0015284520,0.0054233442,0.0000341521,-0.0130401582,0.0168177972,-0.0753091199,-0.0036323995,0.0201918288,-0.0002201636,1,0,0,0,0,0,0,0,0,0,0,0,0,0,1,1
23.9666666667,406.8832439727,-211.2154989136,7.5295001738,0.5862520874,0.0207390320,-0.0199849694,11.5672346166,7.6822757847,-0.2880219792,0.0014679120,0.0057598746,0.0000304828,-0.0126622734,0.0160595405,-0.0799830423,-0.0034596005,-0.0004144857,0.0000243201,1,0,0,0,0,0,0,0,0,0,0,0,0,0,1,1
23.9833333333,407.0759866285,-211.0874838007,7.5251835167,0.5862765526,0.0208350299,-0.0199844613,11.5670235787,7.6825434437,-0.2893550299,0.0014102520,0.0057529665,0.0000308881,-0.0122243721,0.0153891826,-0.0798850078,-0.0028918800,-0.0003200178,-0.0000879247,1,0,0,0,0,0,0,0,0,0,0,0,0,0,1,1
24.0000000000,407.2687255025,-210.9594646712,7.5208666079,0.5863000568,0.0209309127,-0.0199839465,11.5668198392,7.6827999301,-0.2906864467,0.0013620540,0.0057476329,0.0000294227,-0.0118594699,0.0148279767,-0.0798107879,-0.0029440795,-0.0002829233,-0.0001156652,1,0,0,0,0,0,0,0,0,0,0,0,0,0,1,1
24.0166666667,407.4614606983,-210.8314416792,7.5165494900,0.5863227577,0.0210267065,-0.0199834561,11.5666221813,7.6830470630,-0.2920166265,0.0013129860,0.0057429175,0.0000274949,-0.0114879613,0.0142566052,-0.0797451533,-0.0033638405,-2.0761059734,0.0012896195,1,0,0,0,0,0,0,0,0,0,0,0,0,0,1,1
24.0333333333,407.6541923214,-210.7034149816,7.5122321847,0.5863446408,0.0211224218,-0.0199829979,11.5664307153,7.6832846731,-0.2933457124,0.0012569220,-0.0288588487,0.0000489886,-0.0026832206,0.0191710662,0.4009057913,-0.0027486000,-0.1376043321,-0.0021449340,1,0,0,0,0,0,0,0,0,0,0,0,0,0,1,1
24.0500000000,407.8469204812,-210.5753847658,7.5068057935,0.5863655895,0.0206414410,-0.0199821814,11.5663859950,7.6836041909,-0.2866639492,0.0012111120,-0.0311522542,0.0000132397,-0.0019608409,0.0188875927,0.4325879151,-0.0019681196,-0.0000918078,0.0000102381,1,0,0,0,0,0,0,0,0,0,0,0,0,0,1,1
24.0666666667,408.0396499303,-210.4473480863,7.5013055680,0.5863857747,0.0201222368,-0.0199819608,11.5663533143,7.6839189841,-0.2794541506,0.0011783100,-0.0311537844,0.0000134103,-0.0018962151,0.0183841627,0.4326022817,-0.0039952804,-0.0001147242,-0.0002061171,1,0,0,0,0,0,0,0,0,0,0,0,0,0,1,1
24.0833333333,408.2323809482,-210.3193049089,7.4958051350,0.5864054132,0.0196030070,-0.0199817373,11.5663217107,7.6842253868,-0.2722441126,0.0011117220,-0.0311556964,0.0000099750,-0.0015716401,0.0174900659,0.4326332511,-0.0022903200,0.6088345608,-0.0044996410,1,0,0,0,0,0,0,0,0,0,0,0,0,0,1,1
24.1000000000,408.4251135658,-210.1912555217,7.4903045030,0.5864239419,0.0190837454,-0.0199815710,11.5662955167,7.6845168879,-0.2650335584,0.0010735500,-0.0210084538,-0.0000650190,-0.0036555040,0.0154693833,0.2916807655,-0.0022903196,0.3776719909,0.0047208886,1,0,0,0,0,0,0,0,0,0,0,0,0,0,1,1
24.1166666667,408.6178477644,-210.0632001133,7.4853788730,0.5864418344,0.0187336045,-0.0199826547,11.5662345917,7.6847747110,-0.2601722123,0.0010353780,-0.0147139206,0.0000136625,-0.0047896025,0.0140798257,0.2042962749,-0.0032533204,0.0000776282,0.0000737685,1,0,0,0,0,0,0,0,0,0,0,0,0,0,1,1
24.1333333333,408.8105823086,-209.9351396808,7.4808098145,0.5864590907,0.0184883725,-0.0199824269,11.5661547649,7.6850093747,-0.2567672744,0.0009811560,-0.0147126268,0.0000148920,-0.0044146985,0.0134249456,0.2043067496,-0.0021542400,0.0000671540,-0.0001447457,1,0,0,0,0,0,0,0,0,0,0,0,0,0,1,1
24.1500000000,409.0033165144,-209.8070749303,7.4762407321,0.5864754433,0.0182431621,-0.0199821787,11.5660811866,7.6852331238,-0.2533621619,0.0009452520,-0.0147115075,0.0000124795,-0.0041809857,0.0129817982,0.2042921216,-0.0029026797,0.2148593239,0.0033508639,1,0,0,0,0,0,0,0,0,0,0,0,0,0,1,1
24.1666666667,409.1960504386,-209.6790059899,7.4716716103,0.5864911975,0.0179979703,-0.0199819708,11.5660115035,7.6854494871,-0.2499572932,0.0008968740,-0.0111305188,0.0000683273,-0.0045877899,0.0119049455,0.1545579246,-0.0018028803,0.5084011985,-0.0031430674,1,0,0,0,0,0,0,0,0,0,0,0,0,0,1,1
24.1833333333,409.3887841649,-209.5509330276,7.4670917928,0.5865061454,0.0178124616,-0.0199808320,11.5659350404,7.6856479029,-0.2473813278,0.0008668260,-0.0026571655,0.0000159428,-0.0061160410,0.0103886273,0.0368584679,-0.0023576400,0.0001640991,-0.0002630655,1,0,0,0,0,0,0,0,0,0,0,0,0,0,1,1
24.2000000000,409.5815173178,-209.4228564328,7.4624867173,0.5865205925,0.0177681755,-0.0199805663,11.5658331064,7.6858210467,-0.2467670200,0.0008275320,-0.0026544305,0.0000115584,-0.0058154543,0.0099331404,0.0368612518,-0.0026521197,0.0000995063,0.0000405656,1,0,0,0,0,0,0,0,0,0,0,0,0,0,1,1
24.2166666667,409.7742490075,-209.2947769781,7.4578817014,0.5865343847,0.0177239350,-0.0199803736,11.5657361821,7.6859865990,-0.2461526658,0.0007833300,-0.0026527721,0.0000122345,-0.0054775526,0.0094207103,0.0368382481,-0.0021218403,0.0000787321,0.0000829316,1,0,0,0,0,0,0,0,0,0,0,0,0,0,1,1
24.2333333333,409.9669793313,-209.1666948034,7.4532767121,0.5865474402,0.0176797222,-0.0199801697,11.5656448895,7.6861436108,-0.2455386950,0.0007479660,-0.0026514599,0.0000136167,-0.0052075000,0.0090105753,0.0368200500,-0.0028022400,-0.2343903714,-0.0086345113,1,0,0,0,0,0,0,0,0,0,0,0,0,0,1,1
24.2500000000,410.1597083565,-209.0386100282,7.4486717329,0.5865599063,0.0176355312,-0.0199799428,11.5655580979,7.6862937871,-0.2449250275,0.0007012620,-0.0065579661,-0.0001302918,-0.0040563564,0.0089968124,0.0910811819,-0.0020365198,-0.0059935364,0.0081869859,1,0,0,0,0,0,0,0,0,0,0,0,0,0,1,1
24.2666666667,410.3524361855,-208.9105228007,7.4447145900,0.5865715940,0.0175262317,-0.0199821143,11.5654904920,7.6864437340,-0.2434070078,0.0006673200,-0.0066578583,0.0000061579,-0.0037840014,0.0086121004,0.0924563584,-0.0028890002,-0.0002128819,0.0002251140,1,0,0,0,0,0,0,0,0,0,0,0,0,0,1,1
24.2833333333,410.5451633344,-208.7824329345,7.4407729937,0.5865827160,0.0174152674,-0.0199820117,11.5654274253,7.6865872690,-0.2418660685,0.0006191700,-0.0066614064,0.0000099098,-0.0034217801,0.0080499132,0.0925054498,-0.0028702800,-0.0002721613,0.0000486587,1,0,0,0,0,0,0,0,0,0,0,0,0,0,1,1
24.3000000000,410.7378899052,-208.6543405855,7.4368312988,0.5865930355,0.0173042440,-0.0199818465,11.5653703956,7.6867214342,-0.2403243110,0.0005713320,-0.0066659424,0.0000107208,-0.0030617970,0.0074915360,0.0925686178,-0.0047998798,0.9173941228,0.0053860129,1,0,0,0,0,0,0,0,0,0,0,0,0,0,1,1
24.3166666667,410.9306159992,-208.5262459075,7.4328894983,0.5866025577,0.0171931450,-0.0199816678,11.5653193656,7.6868462931,-0.2387815007,0.0004913340,0.0086239597,0.0001004877,-0.0054999645,0.0045371671,-0.1198259162,-0.0033955202,0.4808888242,-0.0052422686,1,0,0,0,0,0,0,0,0,0,0,0,0,0,1,1
24.3333333333,411.1233417865,-208.3981491576,7.4290191893,0.5866107466,0.0173368776,-0.0199799930,11.5652276996,7.6869219126,-0.2407785993,0.0004347420,0.0166387734,0.0000131165,-0.0067055591,0.0027920513,-0.2310984715,-0.0044485200,-0.0000307814,-0.0004654239,1,0,0,0,0,0,0,0,0,0,0,0,0,0,1,1
24.3500000000,411.3160656850,-208.2700516501,7.4251864134,0.5866179923,0.0176141905,-0.0199797744,11.5651159403,7.6869684468,-0.2446302405,0.0003606000,0.0166382604,0.0000053595,-0.0061883657,0.0018995428,-0.2310518036,-0.0042069599,-0.0000358092,0.0002613838,1,0,0,0,0,0,0,0,0,0,0,0,0,0,1,1
24.3666666667,411.5087869451,-208.1419542264,7.4213536067,0.5866240023,0.0178914948,-0.0199796851,11.5650128008,7.6870001058,-0.2484811039,0.0002904840,0.0166376636,0.0000097159,-0.0057026455,0.0010532524,-0.2310423907,-0.0039600001,-0.5120671516,-0.0000703957,1,0,0,0,0,0,0,0,0,0,0,0,0,0,1,1
24.3833333333,411.7015056910,-208.0138571282,7.4175207801,0.5866288437,0.0181687892,-0.0199795232,11.5649177567,7.6870176600,-0.2523318104,0.0002244840,0.0081032110,0.0000085426,-0.0034340532,0.0014605492,-0.1124776677,-0.0043005600,-1.0150597595,-0.0005381312,1,0,0,0,0,0,0,0,0,0,0,0,0,0,1,1
24.4000000000,411.8942220267,-207.8857605927,7.4134738688,0.5866325851,0.0183038428,-0.0199793808,11.5648605225,7.6870420025,-0.2542064382,0.0001528080,-0.0088144516,-0.0000004262,0.0006850478,0.0030033525,0.1224771598,-0.0045864000,-0.0000794942,0.0002039664,1,0,0,0,0,0,0,0,0,0,0,0,0,0,1,1
24.4166666667,412.0869370872,-207.7576641972,7.4090021553,0.5866351319,0.0181569352,-0.0199793879,11.5648719400,7.6870920584,-0.2521651522,0.0000763680,-0.0088157765,0.0000029732,0.0012568396,0.0021087551,0.1224209885,-0.0048218400,-0.0000899729,-0.0002294463,1,0,0,0,0,0,0,0,0,0,0,0,0,0,1,1
24.4333333333,412.2796530212,-207.6295668671,7.4045303637,0.5866364047,0.0180100056,-0.0199793383,11.5648928873,7.6871272043,-0.2501248024,-0.0000039960,-0.0088172761,-0.0000008509,0.0018599169,0.0011696306,0.1224421679,-0.0052027200,0.0339916845,0.0008398388,1,0,0,0,0,0,0,0,0,0,0,0,0,0,1,1
24.4500000000,412.4723699844,-207.5014688718,7.4000585154,0.5866363381,0.0178630510,-0.0199793525,11.5649238860,7.6871466982,-0.2480840996,-0.0000907080,-0.0082507480,0.0000131464,0.0023954835,0.0000797510,0.1145822036,-0.0041468401,2.2774326229,-0.0004859717,1,0,0,0,0,0,0,0,0,0,0,0,0,0,1,1
24.4666666667,412.6650881573,-207.3733704924,7.3955991118,0.5866348263,0.0177255385,-0.0199791334,11.5649638106,7.6871480273,-0.2461743962,-0.0001598220,0.0297064624,0.0000050469,-0.0049499667,-0.0059551038,-0.4127311565,-0.0049237199,0.0002548147,0.0000662820,1,0,0,0,0,0,0,0,0,0,0,0,0,0,1,1
24.4833333333,412.8578076183,-207.2452719967,7.3919907804,0.5866321626,0.0182206463,-0.0199790493,11.5648813112,7.6870487756,-0.2530532488,-0.0002418840,0.0297107093,0.0000061516,-0.0044871909,-0.0070157886,-0.4125828052,-0.0038365200,0.0000408034,0.0002178430,1,0,0,0,0,0,0,0,0,0,0,0,0,0,1,1
24.5000000000,413.0505241602,-207.1171765618,7.3883828196,0.5866281312,0.0187158247,-0.0199789468,11.5648065247,7.6869318458,-0.2599296289,-0.0003058260,0.0297113893,0.0000097823,-0.0041659767,-0.0078684818,-0.4125884813,-0.0038037601,0.0001326116,-0.0001197551,1,0,0,0,0,0,0,0,0,0,0,0,0,0,1,1
24.5166666667,413.2432378297,-206.9890844523,7.3847750352,0.5866230341,0.0192110146,-0.0199787837,11.5647370917,7.6868007044,-0.2668061036,-0.0003692220,0.0297135995,0.0000077864,-0.0038494457,-0.0087149391,-0.4126152433,-0.0035481599,-0.3428701449,0.0099529897,1,0,0,0,0,0,0,0,0,0,0,0,0,0,1,1
24.5333333333,413.4359486712,-206.8609959321,7.3811674911,0.5866168804,0.0197062412,-0.0199786540,11.5646729344,7.6866554555,-0.2736830243,-0.0004283580,0.0239990971,0.0001736695,-0.0022327573,-0.0086263409,-0.3332425134,-0.0029052000,-0.1518391397,-0.0104725021,1,0,0,0,0,0,0,0,0,0,0,0,0,0,1,1
24.5500000000,413.6286567089,-206.7329112593,7.3768267789,0.5866097411,0.0201062262,-0.0199757595,11.5646357217,7.6865116831,-0.2792370662,-0.0004767780,0.0214684448,-0.0000008722,-0.0013720435,-0.0088614597,-0.2980969494,-0.0032763602,-0.0003926298,-0.0000151516,1,0,0,0,0,0,0,0,0,0,0,0,0,0,1,1
24.5666666667,413.8213626954,-206.6048301577,7.3721625056,0.5866017948,0.0204640336,-0.0199757740,11.5646128543,7.6863639921,-0.2842053487,-0.0005313840,0.0214619010,-0.0000011247,-0.0010399787,-0.0095510872,-0.2980210452,-0.0014392798,-0.0003482118,-0.0000903561,1,0,0,0,0,0,0,0,0,0,0,0,0,0,1,1
24.5833333333,414.0140670221,-206.4767526194,7.3674982363,0.5865929384,0.0208217319,-0.0199757927,11.5645955213,7.6862048073,-0.2891723661,-0.0005553720,0.0214560974,-0.0000026306,-0.0009431129,-0.0098864599,-0.2979382313,-0.0022996800,0.3174147759,-0.0032633298,1,0,0,0,0,0,0,0,0,0,0,0,0,0,1,1
24.6000000000,414.2067696845,-206.3486787593,7.3628339775,0.5865836822,0.0211793336,-0.0199758366,11.5645798028,7.6860400330,-0.2941380033,-0.0005937000,0.0267463437,-0.0000570195,-0.0020586121,-0.0112668381,-0.3714364494,-0.0007164002,0.5337029465,0.0035563086,1,0,0,0,0,0,0,0,0,0,0,0,0,0,1,1
24.6166666667,414.3994707193,-206.2206087299,7.3584064093,0.5865737872,0.0216251060,-0.0199767869,11.5645454925,7.6858522523,-0.3003286108,-0.0006056400,0.0356413928,0.0000022524,-0.0043838909,-0.0130109459,-0.4949732055,-0.0012229198,0.0000890347,0.0008683369,1,0,0,0,0,0,0,0,0,0,0,0,0,0,1,1
24.6333333333,414.5921693725,-206.0925430872,7.3543767225,0.5865636932,0.0222191292,-0.0199767494,11.5644724278,7.6856354033,-0.3085781642,-0.0006260220,0.0356428767,0.0000167246,-0.0044714430,-0.0134087820,-0.4949218253,-0.0005094000,-0.0000616203,-0.0007277460,1,0,0,0,0,0,0,0,0,0,0,0,0,0,1,1
24.6500000000,414.7848643380,-205.9644827942,7.3503471223,0.5865532595,0.0228131771,-0.0199764706,11.5643979036,7.6854119235,-0.3168268613,-0.0006345120,0.0356418497,0.0000045955,-0.0046510263,-0.0136693302,-0.4949008488,-0.0004334402,-0.2000192945,-0.0080587230,1,0,0,0,0,0,0,0,0,0,0,0,0,0,1,1
24.6666666667,414.9775555019,-205.8364279654,7.3463176345,0.5865426843,0.0234072079,-0.0199763940,11.5643203866,7.6851841014,-0.3250752088,-0.0006417360,0.0323081948,-0.0001297165,-0.0039136437,-0.0132994499,-0.4484797922,-0.0005633998,-3.6599233205,0.0063179550,1,0,0,0,0,0,0,0,0,0,0,0,0,0,1,1
24.6833333333,415.1702427473,-205.7083787113,7.3422334304,0.5865319887,0.0239456779,-0.0199785560,11.5642551592,7.6849624439,-0.3325498720,-0.0006511260,-0.0286905272,-0.0000244173,0.0128771625,-0.0022977690,0.3986845671,0.0001126800,-0.0002176259,0.0001687324,1,0,0,0,0,0,0,0,0,0,0,0,0,0,1,1
24.7000000000,415.3629264659,-205.5803348157,7.3371403828,0.5865211366,0.0234675024,-0.0199789629,11.5644697785,7.6849241477,-0.3259051292,-0.0006492480,-0.0286941543,-0.0000216051,0.0126986844,-0.0023853084,0.3984193013,0.0001335598,0.0001559573,-0.0002534408,1,0,0,0,0,0,0,0,0,0,0,0,0,0,1,1
24.7166666667,415.5556159429,-205.4522900993,7.3320471885,0.5865103158,0.0229892665,-0.0199793230,11.5646814233,7.6848843926,-0.3192648075,-0.0006470220,-0.0286915550,-0.0000258291,0.0125222463,-0.0024656939,0.3983876896,0.0011462402,0.0003412005,-0.0002078841,1,0,0,0,0,0,0,0,0,0,0,0,0,0,1,1
24.7333333333,415.7483110862,-205.3242446128,7.3269538488,0.5864995321,0.0225110739,-0.0199797535,11.5648901274,7.6848432977,-0.3126250127,-0.0006279180,-0.0286858683,-0.0000292938,0.0122153576,-0.0023513883,0.3983130112,0.0000950400,-0.9259586550,0.0013067856,1,0,0,0,0,0,0,0,0,0,0,0,0,0,1,1
24.7500000000,415.9410117592,-205.1961983592,7.3218603493,0.5864890668,0.0220329761,-0.0199802417,11.5650937167,7.6848041079,-0.3059864625,-0.0006263340,-0.0441185126,-0.0000075140,0.0158702094,0.0001034456,0.6126592308,0.0014918398,-0.3415213216,-0.0010374688,1,0,0,0,0,0,0,0,0,0,0,0,0,0,1,1
24.7666666667,416.1337178734,-205.0681513899,7.3162959820,0.5864786279,0.0212976676,-0.0199803670,11.5653582202,7.6848058320,-0.2957754753,-0.0006014700,-0.0498105346,-0.0000248052,0.0166542018,0.0010384932,0.6916785506,0.0002088002,0.0002238617,0.0009885185,1,0,0,0,0,0,0,0,0,0,0,0,0,0,1,1
24.7833333333,416.3264314162,-204.9401022690,7.3105577328,0.5864686034,0.0204674920,-0.0199807804,11.5656357902,7.6848231402,-0.2842474995,-0.0005979900,-0.0498068036,-0.0000083299,0.0161480147,0.0007598392,0.6916140106,0.0011894400,0.0003636957,-0.0012010549,1,0,0,0,0,0,0,0,0,0,0,0,0,0,1,1
24.8000000000,416.5191529146,-204.8120506311,7.3048194528,0.5864586369,0.0196373786,-0.0199809192,11.5659049238,7.6848358042,-0.2727205993,-0.0005781660,-0.0498007420,-0.0000283475,0.0155162807,0.0006702091,0.6915411345,0.0020804398,-0.1908905920,-0.0012227691,1,0,0,0,0,0,0,0,0,0,0,0,0,0,1,1
24.8166666667,416.7118820639,-204.6839965867,7.2990811555,0.5864490008,0.0188073662,-0.0199813917,11.5661635284,7.6848469743,-0.2611949137,-0.0005434920,-0.0529822519,-0.0000487270,0.0154322831,0.0011922927,0.7357253611,-0.0000554398,-0.2745481591,0.0010036979,1,0,0,0,0,0,0,0,0,0,0,0,0,0,1,1
24.8333333333,416.9046185273,-204.5559401988,7.2933116398,0.5864399426,0.0179243287,-0.0199822038,11.5664207332,7.6848668459,-0.2489328244,-0.0005444160,-0.0575580545,-0.0000319987,0.0157986657,0.0014199598,0.7993012424,0.0015174000,-0.0007977206,0.0003675341,1,0,0,0,0,0,0,0,0,0,0,0,0,0,1,1
24.8500000000,417.0973624011,-204.4278814085,7.2874972031,0.5864308690,0.0169650278,-0.0199827371,11.5666840443,7.6848905119,-0.2356111370,-0.0005191260,-0.0575713499,-0.0000258731,0.0149679570,0.0012894560,0.7994837203,0.0017794798,-0.0004734530,-0.0004332453,1,0,0,0,0,0,0,0,0,0,0,0,0,0,1,1
24.8666666667,417.2901138348,-204.2998199993,7.2816823132,0.5864222169,0.0160055053,-0.0199831683,11.5669335102,7.6849120028,-0.2222864083,-0.0004894680,-0.0575792407,-0.0000330938,0.0141025536,0.0012086503,0.7996055431,0.0018061202,0.2172846478,-0.0091404761,1,0,0,0,0,0,0,0,0,0,0,0,0,0,1,1
24.8833333333,417.4828724151,-204.1717561083,7.2758671743,0.5864140591,0.0150458513,-0.0199837199,11.5671685528,7.6849321470,-0.2089596493,-0.0004593660,-0.0539578299,-0.0001854351,0.0126405739,0.0007390393,0.7493087925,0.0006400800,2.1933995585,0.0104058159,1,0,0,0,0,0,0,0,0,0,0,0,0,0,1,1
24.9000000000,417.6756377167,-204.0436898794,7.2702465382,0.5864064030,0.0141465541,-0.0199868105,11.5673792290,7.6849444643,-0.1964711694,-0.0004486980,-0.0174011706,-0.0000120048,0.0062656243,-0.0033184871,0.2415682435,0.0011437198,0.0000527003,-0.0000306796,1,0,0,0,0,0,0,0,0,0,0,0,0,0,1,1
24.9166666667,417.8684090368,-203.9156217299,7.2665879014,0.5863989247,0.0138565346,-0.0199870105,11.5674836561,7.6848891562,-0.1924450320,-0.0004296360,-0.0174002923,-0.0000125162,0.0060616876,-0.0031362410,0.2416471809,0.0021798001,-0.0003355470,-0.0003112761,1,0,0,0,0,0,0,0,0,0,0,0,0,0,1,1
24.9333333333,418.0611828426,-203.7875539183,7.2629293045,0.5863917641,0.0135665297,-0.0199872192,11.5675846842,7.6848368855,-0.1884175790,-0.0003933060,-0.0174058847,-0.0000177041,0.0057249877,-0.0027542775,0.2417257916,0.0019447200,-0.0004933588,0.0001148938,1,0,0,0,0,0,0,0,0,0,0,0,0,0,1,1
24.9500000000,418.2539590175,-203.6594863545,7.2592704044,0.5863852090,0.0132764317,-0.0199875142,11.5676801007,7.6847909809,-0.1843888158,-0.0003608940,-0.0174141074,-0.0000157892,0.0054186804,-0.0024173024,0.2418409255,0.0013226399,1.6374621589,0.0038875053,1,0,0,0,0,0,0,0,0,0,0,0,0,0,1,1
24.9666666667,418.4467374640,-203.5314189529,7.2556110705,0.5863791941,0.0129861965,-0.0199877774,11.5677704120,7.6847506925,-0.1803581337,-0.0003388500,0.0098769286,0.0000490025,0.0011099976,-0.0049122496,-0.1372382400,0.0015271201,0.4887985518,-0.0024670288,1,0,0,0,0,0,0,0,0,0,0,0,0,0,1,1
24.9833333333,418.6395181068,-203.4033516612,7.2522693452,0.5863735466,0.0131508120,-0.0199869607,11.5677889120,7.6846688217,-0.1826454377,-0.0003133980,0.0180235711,0.0000078854,-0.0003652843,-0.0054679069,-0.2503327555,0.0013183200,-0.0001993307,0.0008559347,1,0,0,0,0,0,0,0,0,0,0,0,0,0,1,1
25.0000000000,418.8322985851,-203.2752859304,7.2490223761,0.5863683233,0.0134512049,-0.0199868292,11.5677828239,7.6845776899,-0.1868176503,-0.0002914260,0.0180202489,0.0000221510,-0.0005959914,-0.0052547756,-0.2502594175,0.0009251999,-0.0003025574,-0.0012099023,1,0,0,0,0,0,0,0,0,0,0,0,0,0,1,1
25.0166666667,419.0250781446,-203.1472221595,7.2457752085,0.5863634662,0.0137515423,-0.0199864601,11.5677728907,7.6844901103,-0.1909886406,-0.0002760060,0.0180152063,0.0000019859,-0.0007763156,-0.0051174178,-0.2501883432,0.0011408401,0.3400060654,0.0001235407,1,0,0,0,0,0,0,0,0,0,0,0,0,0,1,1
25.0333333333,419.2178567217,-203.0191603190,7.2425277263,0.5863588661,0.0140517958,-0.0199864270,11.5677599521,7.6844048200,-0.1951584463,-0.0002569920,0.0236819741,0.0000040449,-0.0019293183,-0.0055663002,-0.3289110172,0.0013316400,0.4160220610,0.0001012447,1,0,0,0,0,0,0,0,0,0,0,0,0,0,1,1
25.0500000000,419.4106342342,-202.8911003761,7.2394205122,0.5863545829,0.0144464953,-0.0199863595,11.5677277969,7.6843120484,-0.2006402966,-0.0002347980,0.0306156751,0.0000057324,-0.0034031495,-0.0061752963,-0.4252019273,0.0009169199,-0.0000897697,-0.0009163863,1,0,0,0,0,0,0,0,0,0,0,0,0,0,1,1
25.0666666667,419.6034100792,-202.7630426283,7.2364849909,0.5863506696,0.0149567566,-0.0199862640,11.5676710776,7.6842091267,-0.2077269954,-0.0002195160,0.0306141789,-0.0000095407,-0.0037007865,-0.0061181070,-0.4251518956,0.0020908801,-0.0000562669,0.0006481075,1,0,0,0,0,0,0,0,0,0,0,0,0,0,1,1
25.0833333333,419.7961835035,-202.6349875046,7.2335496973,0.5863470110,0.0154669929,-0.0199864230,11.5676093979,7.6841071583,-0.2148128603,-0.0001846680,0.0306132411,0.0000012610,-0.0041490844,-0.0058349223,-0.4251355191,0.0011988000,0.0996128253,0.0015711216,1,0,0,0,0,0,0,0,0,0,0,0,0,0,1,1
25.1000000000,419.9889543256,-202.5069349649,7.2306145739,0.5863439332,0.0159772136,-0.0199864020,11.5675402465,7.6840099096,-0.2218984523,-0.0001646880,0.0322734549,0.0000274464,-0.0048005672,-0.0059345322,-0.4482103912,-0.0000223201,0.6707758179,-0.0009410275,1,0,0,0,0,0,0,0,0,0,0,0,0,0,1,1
25.1166666667,420.1817224062,-202.3788850090,7.2276985119,0.5863411884,0.0165151045,-0.0199859446,11.5674602370,7.6839110007,-0.2293686255,-0.0001650600,0.0434530519,0.0000117626,-0.0072166578,-0.0075455592,-0.6034908501,0.0012189601,-0.0000205221,0.0003168225,1,0,0,0,0,0,0,0,0,0,0,0,0,0,1,1
25.1333333333,420.3744874731,-202.2508378189,7.2249102848,0.5863384374,0.0172393220,-0.0199857485,11.5673399594,7.6837852414,-0.2394268063,-0.0001447440,0.0434527098,0.0000170430,-0.0077360158,-0.0075518098,-0.6034256988,0.0005792400,-0.0000508970,-0.0000004171,1,0,0,0,0,0,0,0,0,0,0,0,0,0,1,1
25.1500000000,420.5672481320,-202.1227942274,7.2221221314,0.5863360250,0.0179635339,-0.0199854645,11.5672110258,7.6836593779,-0.2494839013,-0.0001350900,0.0434518615,0.0000170360,-0.0081740393,-0.0076818175,-0.6034060848,0.0019530000,-0.0000208988,-0.0002537477,1,0,0,0,0,0,0,0,0,0,0,0,0,0,1,1
25.1666666667,420.7600041644,-201.9947543346,7.2193340541,0.5863337735,0.0186877316,-0.0199851805,11.5670747918,7.6835313476,-0.2595406694,-0.0001025400,0.0434515132,0.0000128069,-0.0087880987,-0.0075469984,-0.6033930672,0.0010429200,-2.5673636614,-0.0006256991,1,0,0,0,0,0,0,0,0,0,0,0,0,0,1,1
25.1833333333,420.9527553022,-201.8667181676,7.2165460532,0.5863320645,0.0194119235,-0.0199849671,11.5669283235,7.6834055643,-0.2695972205,-0.0000851580,0.0006621189,0.0000023786,0.0005094802,-0.0010811506,-0.0089508360,-0.0001929600,-0.6093328574,-0.0004856852,1,0,0,0,0,0,0,0,0,0,0,0,0,0,1,1
25.2000000000,421.1455012991,-201.7386858099,7.2126592902,0.5863306452,0.0194229588,-0.0199849274,11.5669368148,7.6833875451,-0.2697464011,-0.0000883740,-0.0094934287,-0.0000057162,0.0028041217,0.0003893864,0.1318717258,0.0006382800,-0.0002217280,-0.0000907738,1,0,0,0,0,0,0,0,0,0,0,0,0,0,1,1
25.2166666667,421.3382474042,-201.6106537896,7.2085114792,0.5863291723,0.0192647350,-0.0199850227,11.5669835502,7.6833940349,-0.2675485390,-0.0000777360,-0.0094971242,-0.0000072291,0.0027051262,0.0005009675,0.1318798986,0.0008067600,-0.0003497625,0.0001763136,1,0,0,0,0,0,0,0,0,0,0,0,0,0,1,1
25.2333333333,421.5309948591,-201.4826212323,7.2043635744,0.5863278767,0.0191064496,-0.0199851432,11.5670286357,7.6834023844,-0.2653505407,-0.0000642900,-0.0095029536,-0.0000042905,0.0025857132,0.0006457908,0.1319612696,-0.0000212400,0.3252212615,0.0045514085,1,0,0,0,0,0,0,0,0,0,0,0,0,0,1,1
25.2500000000,421.7237436185,-201.3545881064,7.2002155321,0.5863268052,0.0189480670,-0.0199852147,11.5670717308,7.6834131475,-0.2631511862,-0.0000646440,-0.0040825992,0.0000715663,0.0013896918,-0.0001545808,0.0566738460,0.0017737200,0.3416297760,-0.0043148668,1,0,0,0,0,0,0,0,0,0,0,0,0,0,1,1
25.2666666667,421.9164936776,-201.2265544165,7.1959123295,0.5863257278,0.0188800237,-0.0199840219,11.5670948924,7.6834105712,-0.2622066221,-0.0000350820,0.0016112304,-0.0000003481,-0.0000830612,-0.0006400481,-0.0224035620,-0.0009154800,0.0002947011,-0.0003129836,1,0,0,0,0,0,0,0,0,0,0,0,0,0,1,1
25.2833333333,422.1092443113,-201.0985205071,7.1914458099,0.5863251431,0.0189068775,-0.0199840277,11.5670935080,7.6833999037,-0.2625800148,-0.0000503400,0.0016161421,-0.0000055645,0.0000330450,-0.0008172680,-0.0224424239,0.0005526000,0.0002378086,0.0002253004,1,0,0,0,0,0,0,0,0,0,0,0,0,0,1,1
25.3000000000,422.3019948529,-200.9704868922,7.1869794869,0.5863243041,0.0189338132,-0.0199841205,11.5670940588,7.6833862826,-0.2629540552,-0.0000411300,0.0016201055,-0.0000018095,-0.0000391078,-0.0007116179,-0.0224974620,0.0005212800,-0.0447920105,0.0029251718,1,0,0,0,0,0,0,0,0,0,0,0,0,0,1,1
25.3166666667,422.4947452858,-200.8424535399,7.1825133080,0.5863236186,0.0189608150,-0.0199841506,11.5670934070,7.6833744223,-0.2633290129,-0.0000324420,0.0008735720,0.0000469433,0.0000576065,-0.0005025117,-0.0121271760,0.0004899600,-0.2248142703,-0.0029200492,1,0,0,0,0,0,0,0,0,0,0,0,0,0,1,1
25.3333333333,422.6874955942,-200.7144204202,7.1779645518,0.5863230779,0.0189753745,-0.0199833682,11.5670943671,7.6833660471,-0.2635311325,-0.0000242760,-0.0028733325,-0.0000017241,0.0008168220,0.0001378080,0.0399207539,-0.0001328400,-0.0000563247,0.0004771735,1,0,0,0,0,0,0,0,0,0,0,0,0,0,1,1
25.3500000000,422.8802458444,-200.5863874519,7.1730026081,0.5863226733,0.0189274856,-0.0199833970,11.5671079808,7.6833683439,-0.2628657866,-0.0000264900,-0.0028742712,0.0000062287,0.0008320843,0.0001111168,0.0399132598,-0.0001119600,-0.0000483233,-0.0000664243,1,0,0,0,0,0,0,0,0,0,0,0,0,0,1,1
25.3666666667,423.0729965013,-200.4583543361,7.1680405420,0.5863222318,0.0188795811,-0.0199832932,11.5671218488,7.6833701958,-0.2622005656,-0.0000283560,-0.0028750766,0.0000051217,0.0008450096,0.0000885737,0.0399244863,-0.0000925200,-0.0000482550,-0.0004179406,1,0,0,0,0,0,0,0,0,0,0,0,0,0,1,1
25.3833333333,423.2657475713,-200.3303210769,7.1630783701,0.5863217592,0.0188316632,-0.0199832078,11.5671359324,7.6833716721,-0.2615351575,-0.0000298980,-0.0028758809,-0.0000018440,0.0008554477,0.0000697945,0.0399356878,0.0001195200,1.8688962431,-0.0019901834,1,0,0,0,0,0,0,0,0,0,0,0,0,0,1,1
25.4000000000,423.4584990500,-200.2022876849,7.1581160916,0.5863212609,0.0187837318,-0.0199832385,11.5671501898,7.6833728353,-0.2608695627,-0.0000279060,0.0282723899,-0.0000350137,-0.0060092660,-0.0044567714,-0.3927899332,-0.0000738000,0.3394873027,0.0024461457,1,0,0,0,0,0,0,0,0,0,0,0,0,0,1,1
25.4166666667,423.6512509357,-200.0742541518,7.1542447355,0.5863207958,0.0192549383,-0.0199838221,11.5670500354,7.6832985558,-0.2674160616,-0.0000291360,0.0339305116,0.0000057554,-0.0074458712,-0.0054316062,-0.4712073918,-0.0008416800,-0.0001542569,-0.0005618254,1,0,0,0,0,0,0,0,0,0,0,0,0,0,1,1
25.4333333333,423.8439994302,-199.9462230058,7.1505718549,0.5863203102,0.0198204468,-0.0199837262,11.5669259375,7.6832080290,-0.2752695181,-0.0000431640,0.0339279406,-0.0000036084,-0.0075589499,-0.0057404460,-0.4711323051,0.0002221200,-0.0001464186,0.0009639555,1,0,0,0,0,0,0,0,0,0,0,0,0,0,1,1
25.4500000000,424.0367437531,-199.8181948310,7.1468991732,0.5863195908,0.0203859125,-0.0199837863,11.5667999550,7.6831123549,-0.2831217232,-0.0000394620,0.0339255003,0.0000124575,-0.0078086933,-0.0058446755,-0.4710930109,0.0002174400,-0.5246828752,0.0034777294,1,0,0,0,0,0,0,0,0,0,0,0,0,0,1,1
25.4666666667,424.2294837774,-199.6901696941,7.1432267518,0.5863189331,0.0209513375,-0.0199835787,11.5666698102,7.6830149437,-0.2909732734,-0.0000358380,0.0251807857,0.0000704197,-0.0058880465,-0.0045084684,-0.3496018996,-0.0003776400,-0.4745802644,-0.0037766708,1,0,0,0,0,0,0,0,0,0,0,0,0,0,1,1
25.4833333333,424.4222193762,-199.5621476624,7.1390952903,0.5863183358,0.0213710173,-0.0199824050,11.5665716760,7.6829398025,-0.2967999717,-0.0000421320,0.0172711146,0.0000074752,-0.0039740242,-0.0033420615,-0.2397687595,0.0002584800,0.0000701408,0.0005755223,1,0,0,0,0,0,0,0,0,0,0,0,0,0,1,1
25.5000000000,424.6149516379,-199.4341280427,7.1345486033,0.5863176336,0.0216588692,-0.0199822804,11.5665054423,7.6828841015,-0.3007961177,-0.0000378240,0.0172722837,0.0000170672,-0.0040659238,-0.0033311998,-0.2398374595,-0.0005328000,0.0000336965,-0.0004637277,1,0,0,0,0,0,0,0,0,0,0,0,0,0,1,1
25.5166666667,424.8076815932,-199.3061101300,7.1300019054,0.5863170032,0.0219467406,-0.0199819960,11.5664376769,7.6828285815,-0.3047934087,-0.0000467040,0.0172728453,0.0000093384,-0.0040553330,-0.0034722414,-0.2398437070,-0.0008679600,-0.0735611126,0.0007978365,1,0,0,0,0,0,0,0,0,0,0,0,0,0,1,1
25.5333333333,425.0004092321,-199.1780939720,7.1254552123,0.5863162248,0.0222346213,-0.0199818404,11.5663700880,7.6827707108,-0.3087908038,-0.0000611700,0.0160468267,0.0000226357,-0.0036822247,-0.0034655825,-0.2228088475,-0.0007743600,-0.2870595670,-0.0011588781,1,0,0,0,0,0,0,0,0,0,0,0,0,0,1,1
25.5500000000,425.1931345462,-199.0500796416,7.1208533276,0.5863152053,0.0225020685,-0.0199814631,11.5663087176,7.6827129511,-0.3125042846,-0.0000740760,0.0112625006,0.0000033211,-0.0023742778,-0.0028117978,-0.1563499797,0.0006912000,-0.0000713461,0.0002488221,1,0,0,0,0,0,0,0,0,0,0,0,0,0,1,1
25.5666666667,425.3858577121,-198.9220670810,7.1160358798,0.5863139707,0.0226897768,-0.0199814077,11.5662691463,7.6826660878,-0.3151101176,-0.0000625560,0.0112613115,0.0000074681,-0.0024875393,-0.0026950556,-0.1563672006,-0.0007178400,-0.0000864746,-0.0000674549,1,0,0,0,0,0,0,0,0,0,0,0,0,0,1,1
25.5833333333,425.5785793803,-198.7940558045,7.1112184025,0.5863129281,0.0228774653,-0.0199812833,11.5662276873,7.6826211702,-0.3177162376,-0.0000745200,0.0112598703,0.0000063439,-0.0024196659,-0.0028494506,-0.1563464936,0.0001519200,-0.0000666453,-0.0001787146,1,0,0,0,0,0,0,0,0,0,0,0,0,0,1,1
25.6000000000,425.7712995554,-198.6660458651,7.1064009113,0.5863116861,0.0230651298,-0.0199811775,11.5661873596,7.6825736794,-0.3203220125,-0.0000719880,0.0112587595,0.0000033653,-0.0024633093,-0.0028361202,-0.1563304018,-0.0006181200,-0.3720186613,0.0030537784,1,0,0,0,0,0,0,0,0,0,0,0,0,0,1,1
25.6166666667,425.9640182221,-198.5380372607,7.1015834087,0.5863104863,0.0232527758,-0.0199811215,11.5661463044,7.6825264107,-0.3229275192,-0.0000822900,0.0050584485,0.0000542616,-0.0007300795,-0.0018566757,-0.0701924584,-0.0017175600,-0.0495645594,-0.0037247776,1,0,0,0,0,0,0,0,0,0,0,0,0,0,1,1
25.6333333333,426.1567353928,-198.4100300308,7.0962782445,0.5863091148,0.0233370833,-0.0199802171,11.5661341364,7.6824954661,-0.3240973935,-0.0001109160,0.0042323725,-0.0000078180,-0.0002921036,-0.0020428858,-0.0587605919,0.0010191600,0.0000507954,-0.0004297948,1,0,0,0,0,0,0,0,0,0,0,0,0,0,1,1
25.6500000000,426.3494520398,-198.2820236624,7.0909083940,0.5863072662,0.0234076228,-0.0199803474,11.5661292680,7.6824614180,-0.3250767367,-0.0000939300,0.0042332191,-0.0000149813,-0.0004264109,-0.0018489499,-0.0587786638,-0.0009961200,0.0000254604,0.0008620179,1,0,0,0,0,0,0,0,0,0,0,0,0,0,1,1
25.6666666667,426.5421682517,-198.1540180178,7.0855386994,0.5863057007,0.0234781765,-0.0199805971,11.5661221612,7.6824306022,-0.3260563811,-0.0001105320,0.0042336434,-0.0000006143,-0.0003024689,-0.0020432920,-0.0587844484,-0.0004856400,0.1891857338,0.0016157134,1,0,0,0,0,0,0,0,0,0,0,0,0,0,1,1
25.6833333333,426.7348840654,-198.0260131490,7.0801692232,0.5863038585,0.0235487372,-0.0199806073,11.5661171200,7.6823965473,-0.3270361219,-0.0001186260,0.0073867390,0.0000263142,-0.0011067730,-0.0027124987,-0.1025934298,-0.0000064800,0.1474235548,-0.0013743247,1,0,0,0,0,0,0,0,0,0,0,0,0,0,1,1
25.7000000000,426.9275994890,-197.8980090888,7.0747767124,0.5863018814,0.0236718495,-0.0199801687,11.5660986738,7.6823513390,-0.3287460124,-0.0001187340,0.0098437982,0.0000034088,-0.0017932408,-0.0031702839,-0.1367018758,-0.0007473600,-0.0000889188,0.0005961295,1,0,0,0,0,0,0,0,0,0,0,0,0,0,1,1
25.7166666667,427.1203140450,-197.7700061544,7.0693662301,0.5862999025,0.0238359128,-0.0199801119,11.5660687864,7.6822985009,-0.3310243770,-0.0001311900,0.0098423163,0.0000133443,-0.0017154299,-0.0033262059,-0.1366602784,-0.0004446000,-0.0000748996,-0.0005436985,1,0,0,0,0,0,0,0,0,0,0,0,0,0,1,1
25.7333333333,427.3130273820,-197.6420046368,7.0639556543,0.5862977160,0.0239999514,-0.0199798895,11.5660401960,7.6822430642,-0.3333020483,-0.0001386000,0.0098410679,0.0000042827,-0.0016768722,-0.0034240128,-0.1366424278,0.0008226000,-0.1691579532,-0.0030406324,1,0,0,0,0,0,0,0,0,0,0,0,0,0,1,1
25.7500000000,427.5057394985,-197.5140045716,7.0585450054,0.5862954060,0.0241639692,-0.0199798182,11.5660122481,7.6821859973,-0.3355794221,-0.0001248900,0.0070217687,-0.0000463945,-0.0010075426,-0.0027509811,-0.0974659858,-0.0011653200,-0.5335554719,0.0025326402,1,0,0,0,0,0,0,0,0,0,0,0,0,0,1,1
25.7666666667,427.6984503587,-197.3860059189,7.0531415657,0.5862933245,0.0242809987,-0.0199805914,11.5659954557,7.6821401476,-0.3372038552,-0.0001443120,-0.0018708225,-0.0000041839,0.0016351689,-0.0013193994,0.0260443078,-0.0008229599,0.0000523537,0.0002153002,1,0,0,0,0,0,0,0,0,0,0,0,0,0,1,1
25.7833333333,427.8911604380,-197.2580084526,7.0477608897,0.5862909193,0.0242498183,-0.0199806611,11.5660227085,7.6821181576,-0.3367697834,-0.0001580280,-0.0018699499,-0.0000005955,0.0017382048,-0.0014795348,0.0259638420,0.0006760800,0.0000668834,-0.0000542710,1,0,0,0,0,0,0,0,0,0,0,0,0,0,1,1
25.8000000000,428.0838711433,-197.1300113023,7.0423802011,0.5862882855,0.0242186525,-0.0199806711,11.5660516786,7.6820934987,-0.3363370527,-0.0001467600,-0.0018688352,-0.0000015000,0.0016506527,-0.0013498629,0.0259484100,-0.0008949601,0.0000303244,-0.0001849588,1,0,0,0,0,0,0,0,0,0,0,0,0,0,1,1
25.8166666667,428.2765824527,-197.0020144301,7.0369995026,0.5862858395,0.0241875053,-0.0199806961,11.5660791895,7.6820710010,-0.3359045792,-0.0001616760,-0.0018683298,-0.0000045827,0.0017644449,-0.0015229614,0.0259414262,-0.0005687999,-0.1848255763,0.0008773608,1,0,0,0,0,0,0,0,0,0,0,0,0,0,1,1
25.8333333333,428.4692944013,-196.8740178813,7.0316187966,0.5862831449,0.0241563664,-0.0199807724,11.5661085969,7.6820456183,-0.3354722221,-0.0001711560,-0.0049487561,0.0000100400,0.0026958917,-0.0010623768,0.0687364978,-0.0010504800,-0.0161849593,-0.0012698283,1,0,0,0,0,0,0,0,0,0,0,0,0,0,1,1
25.8500000000,428.6620070015,-196.7460216923,7.0260534604,0.5862802923,0.0240738872,-0.0199806051,11.5661535284,7.6820279120,-0.3343266138,-0.0001886640,-0.0052185054,-0.0000111238,0.0029000676,-0.0012185716,0.0724602359,-0.0003052801,0.0000862471,-0.0002170831,1,0,0,0,0,0,0,0,0,0,0,0,0,0,1,1
25.8666666667,428.8547207713,-196.6180255999,7.0204719858,0.5862771479,0.0239869121,-0.0199807905,11.5662018629,7.6820076025,-0.3331189432,-0.0001937520,-0.0052170679,-0.0000147419,0.0029334612,-0.0012812032,0.0724383543,-0.0008006399,0.0001158241,0.0004450293,1,0,0,0,0,0,0,0,0,0,0,0,0,0,1,1
25.8833333333,429.0474357637,-196.4900295919,7.0148906064,0.5862739187,0.0238999609,-0.0199810362,11.5662507539,7.6819862491,-0.3319116373,-0.0002070960,-0.0052151375,-0.0000073247,0.0030301670,-0.0014393646,0.0724116959,0.0013042800,-0.1299908905,0.0018176046,1,0,0,0,0,0,0,0,0,0,0,0,0,0,1,1
25.9000000000,429.2401519969,-196.3620337187,7.0093093665,0.5862704671,0.0238130420,-0.0199811583,11.5663012567,7.6819622597,-0.3307047757,-0.0001853580,-0.0073816524,0.0000229687,0.0034525106,-0.0007965823,0.1025117517,-0.0007020001,-0.0875670888,-0.0019012367,1,0,0,0,0,0,0,0,0,0,0,0,0,0,1,1
25.9166666667,429.4328694249,-196.2340379099,7.0035355799,0.5862673778,0.0236900144,-0.0199807755,11.5663587985,7.6819489833,-0.3289962465,-0.0001970580,-0.0088411039,-0.0000087186,0.0039294399,-0.0006748634,0.1227698225,-0.0007664399,-0.0001759971,0.0001176227,1,0,0,0,0,0,0,0,0,0,0,0,0,0,1,1
25.9333333333,429.6255884035,-196.1060419831,6.9976323796,0.5862640935,0.0235426627,-0.0199809208,11.5664242892,7.6819377356,-0.3269500828,-0.0002098320,-0.0088440371,-0.0000067582,0.0040131012,-0.0008323012,0.1227996117,0.0001558800,-0.0001495477,-0.0001255819,1,0,0,0,0,0,0,0,0,0,0,0,0,0,1,1
25.9500000000,429.8183091679,-195.9780458419,6.9917290647,0.5862605963,0.0233952621,-0.0199810334,11.5664911742,7.6819238639,-0.3249034226,-0.0002072340,-0.0088465296,-0.0000088512,0.0039787101,-0.0008118026,0.1228346459,-0.0003726001,0.0747493623,-0.0038571369,1,0,0,0,0,0,0,0,0,0,0,0,0,0,1,1
25.9666666667,430.0110317079,-195.8500494806,6.9858256398,0.5862571424,0.0232478199,-0.0199811809,11.5665574861,7.6819103339,-0.3228561785,-0.0002134440,-0.0076007069,-0.0000731369,0.0036780183,-0.0011151018,0.1055230322,-0.0002656799,0.1964373865,0.0039799648,1,0,0,0,0,0,0,0,0,0,0,0,0,0,1,1
25.9833333333,430.2037560325,-195.7220529219,6.9800929287,0.5862535850,0.0231211415,-0.0199823999,11.5666187863,7.6818917488,-0.3210974613,-0.0002178720,-0.0043267505,-0.0000068041,0.0028287196,-0.0017528969,0.0600545340,-0.0009489600,-0.0002160782,-0.0000392692,1,0,0,0,0,0,0,0,0,0,0,0,0,0,1,1
26.0000000000,430.3964819504,-195.5940563137,6.9748056553,0.5862499538,0.0230490290,-0.0199825133,11.5666659317,7.6818625339,-0.3200965524,-0.0002336880,-0.0043303518,-0.0000074586,0.0029480046,-0.0019373036,0.0601277879,-0.0001958401,-0.0001511573,0.0000022004,1,0,0,0,0,0,0,0,0,0,0,0,0,0,1,1
26.0166666667,430.5892090083,-195.4660600301,6.9695183046,0.5862460590,0.0229768564,-0.0199826376,11.5667150651,7.6818302455,-0.3190944226,-0.0002369520,-0.0043328710,-0.0000074219,0.0029701679,-0.0019770961,0.0601628522,0.0000982801,-0.0001226548,0.0000134501,1,0,0,0,0,0,0,0,0,0,0,0,0,0,1,1
26.0333333333,430.7819372156,-195.3380640797,6.9642308965,0.5862421098,0.0229046419,-0.0199827613,11.5667645679,7.6817972939,-0.3180917084,-0.0002353140,-0.0043349153,-0.0000071978,0.0029544615,-0.0019601510,0.0601913338,0.0001749600,0.6853920992,0.0027130567,1,0,0,0,0,0,0,0,0,0,0,0,0,0,1,1
26.0500000000,430.9746665600,-195.2100684637,6.9589434403,0.5862381879,0.0228323933,-0.0199828812,11.5668138089,7.6817646247,-0.3170885195,-0.0002323980,0.0070882864,0.0000380199,-0.0000935697,-0.0039358858,-0.0985082698,-0.0009370801,0.0310784534,-0.0019220923,1,0,0,0,0,0,0,0,0,0,0,0,0,0,1,1
26.0666666667,431.1673970372,-195.0820731712,6.9536243214,0.5862343146,0.0229505314,-0.0199822476,11.5668122494,7.6816990266,-0.3187303240,-0.0002480160,0.0076062606,0.0000059850,-0.0001200383,-0.0042137295,-0.1056188583,-0.0005673599,0.0002798378,-0.0005932941,1,0,0,0,0,0,0,0,0,0,0,0,0,0,1,1
26.0833333333,431.3601270035,-194.9540793657,6.9483038159,0.5862301810,0.0230773025,-0.0199821478,11.5668102488,7.6816287978,-0.3204906383,-0.0002574720,0.0076109245,-0.0000039032,-0.0000597825,-0.0043312370,-0.1056793498,-0.0008240400,-0.0000770538,0.0002038962,1,0,0,0,0,0,0,0,0,0,0,0,0,0,1,1
26.1000000000,431.5528563906,-194.8260871368,6.9429833854,0.5862258898,0.0232041512,-0.0199822129,11.5668092524,7.6815566105,-0.3222519608,-0.0002712060,0.0076096403,-0.0000005050,0.0000348911,-0.0044973052,-0.1056611578,0.0001252799,-0.3183264867,-0.0007772037,1,0,0,0,0,0,0,0,0,0,0,0,0,0,1,1
26.1166666667,431.7455852246,-194.6980965307,6.9376630396,0.5862213697,0.0233309785,-0.0199822213,11.5668098339,7.6814816554,-0.3240129801,-0.0002691180,0.0023041989,-0.0000134584,0.0014456076,-0.0035256556,-0.0319509961,0.0006076801,-0.1821644744,0.0003967181,1,0,0,0,0,0,0,0,0,0,0,0,0,0,1,1
26.1333333333,431.9383134986,-194.5701075419,6.9322535227,0.5862168844,0.0233693818,-0.0199824456,11.5668339274,7.6814228945,-0.3245454967,-0.0002589900,-0.0007318757,-0.0000068464,0.0021876808,-0.0028640441,0.0101852099,-0.0007239600,0.0000228873,-0.0001166368,1,0,0,0,0,0,0,0,0,0,0,0,0,0,1,1
26.1500000000,432.1310419762,-194.4421196169,6.9267928313,0.5862125679,0.0233571839,-0.0199825597,11.5668703887,7.6813751604,-0.3243757432,-0.0002710560,-0.0007314942,-0.0000087904,0.0022797022,-0.0030040705,0.0101568541,-0.0009633601,0.0000194658,0.0000806474,1,0,0,0,0,0,0,0,0,0,0,0,0,0,1,1
26.1666666667,432.3237711421,-194.3141324895,6.9213321927,0.5862080503,0.0233449924,-0.0199827062,11.5669083838,7.6813250926,-0.3242064623,-0.0002871120,-0.0007311698,-0.0000074462,0.0024028086,-0.0031898876,0.0101523659,0.0003999601,0.3060591779,0.0002970358,1,0,0,0,0,0,0,0,0,0,0,0,0,0,1,1
26.1833333333,432.5165010338,-194.1861462088,6.9158716093,0.5862032651,0.0233328062,-0.0199828303,11.5669484306,7.6812719278,-0.3240372562,-0.0002804460,0.0043698165,-0.0000024956,0.0009719246,-0.0040289563,-0.0607166760,-0.0001227600,0.6655365937,0.0001869452,1,0,0,0,0,0,0,0,0,0,0,0,0,0,1,1
26.2000000000,432.7092316297,-194.0581607588,6.9105336492,0.5861985910,0.0234056365,-0.0199828719,11.5669646293,7.6812047785,-0.3250492008,-0.0002824920,0.0154620930,0.0000006201,-0.0020418444,-0.0060644236,-0.2147835655,-0.0000115201,0.0001176274,-0.0001409275,1,0,0,0,0,0,0,0,0,0,0,0,0,0,1,1
26.2166666667,432.9019621717,-193.9301766522,6.9054630470,0.5861938828,0.0236633380,-0.0199828616,11.5669305986,7.6811037048,-0.3286289269,-0.0002826840,0.0154640535,-0.0000017287,-0.0020852659,-0.0060964293,-0.2147190850,-0.0003063599,0.0000694100,0.0000545902,1,0,0,0,0,0,0,0,0,0,0,0,0,0,1,1
26.2333333333,433.0946909810,-193.8021950043,6.9003926165,0.5861891714,0.0239210722,-0.0199828904,11.5668958441,7.6810020976,-0.3322075783,-0.0002877900,0.0154652103,-0.0000008188,-0.0020925643,-0.0061862249,-0.2147338734,-0.0003708000,0.0000455609,0.0000702058,1,0,0,0,0,0,0,0,0,0,0,0,0,0,1,1
26.2500000000,433.2874180364,-193.6742158534,6.8953223336,0.5861843749,0.0241788257,-0.0199829040,11.5668609681,7.6808989939,-0.3357864762,-0.0002939700,0.0154659697,0.0000003513,-0.0020914302,-0.0062884788,-0.2147430776,-0.0002350801,-0.6621509358,0.0020889665,1,0,0,0,0,0,0,0,0,0,0,0,0,0,1,1
26.2666666667,433.4801433290,-193.5462392338,6.8902521858,0.5861794754,0.0244365919,-0.0199828982,11.5668261109,7.6807941859,-0.3393655275,-0.0002978880,0.0044301208,0.0000351674,0.0010355451,-0.0042772446,-0.0614177345,-0.0008917199,-0.0050225907,-0.0021539268,1,0,0,0,0,0,0,0,0,0,0,0,0,0,1,1
26.2833333333,433.6728668449,-193.4182651723,6.8845558579,0.5861745106,0.0245104273,-0.0199823121,11.5668433700,7.6807228985,-0.3403891564,-0.0003127500,0.0043464109,-0.0000007314,0.0011678757,-0.0044372102,-0.0603480719,0.0002707200,-0.0003774509,-0.0006459842,1,0,0,0,0,0,0,0,0,0,0,0,0,0,1,1
26.3000000000,433.8655903287,-193.2902925801,6.8788550643,0.5861692981,0.0245828674,-0.0199823243,11.5668628346,7.6806489450,-0.3413949576,-0.0003082380,0.0043401201,-0.0000114978,0.0011312760,-0.0043861680,-0.0602612339,-0.0004248001,-0.0000733682,0.0004857096,1,0,0,0,0,0,0,0,0,0,0,0,0,0,1,1
26.3166666667,434.0583137845,-193.1623214331,6.8731541041,0.5861641608,0.0246552028,-0.0199825159,11.5668816892,7.6805758422,-0.3423993115,-0.0003153180,0.0043388973,-0.0000034026,0.0011823270,-0.0044702140,-0.0602441947,0.0009043201,0.8488884327,0.0019014929,1,0,0,0,0,0,0,0,0,0,0,0,0,0,1,1
26.3333333333,434.2510372297,-193.0343517520,6.8674532751,0.5861589055,0.0247275177,-0.0199825726,11.5669013946,7.6805013386,-0.3434033814,-0.0003002460,0.0184870378,0.0000282889,-0.0030187235,-0.0070086263,-0.2568315714,-0.0006411600,0.4125459129,-0.0013640836,1,0,0,0,0,0,0,0,0,0,0,0,0,0,1,1
26.3500000000,434.4437606234,-192.9063834952,6.8619388199,0.5861539014,0.0250356350,-0.0199821011,11.5668510826,7.6803845282,-0.3476839076,-0.0003109320,0.0253628030,0.0000055542,-0.0050217422,-0.0085165681,-0.3522211793,-0.0002732401,-0.0000411670,0.0000772092,1,0,0,0,0,0,0,0,0,0,0,0,0,0,1,1
26.3666666667,434.6364817229,-192.7784182008,6.8565152366,0.5861487192,0.0254583484,-0.0199820085,11.5667673869,7.6802425854,-0.3535542606,-0.0003154860,0.0253621169,0.0000068410,-0.0051092592,-0.0086503888,-0.3521397976,0.0000565201,-0.0000293065,-0.0000942218,1,0,0,0,0,0,0,0,0,0,0,0,0,0,1,1
26.3833333333,434.8291993836,-192.6504566494,6.8510917970,0.5861434611,0.0258810503,-0.0199818945,11.5666822325,7.6800984122,-0.3594232572,-0.0003145440,0.0253616285,0.0000052706,-0.0052403878,-0.0087217298,-0.3521292231,-0.0004258800,-0.3525806220,-0.0001747935,1,0,0,0,0,0,0,0,0,0,0,0,0,0,1,1
26.4000000000,435.0219135284,-192.5224988887,6.8456685036,0.5861382187,0.0263037442,-0.0199818067,11.5665948928,7.6799530501,-0.3652920776,-0.0003216420,0.0194852848,0.0000023574,-0.0034945579,-0.0076807593,-0.2704626656,0.0005079599,-0.6506666439,-0.0003622083,1,0,0,0,0,0,0,0,0,0,0,0,0,0,1,1
26.4166666667,435.2146241071,-192.3945449841,6.8400976416,0.5861328580,0.0266284989,-0.0199817674,11.5665366501,7.6798250374,-0.3697997887,-0.0003131760,0.0086408407,-0.0000036794,-0.0002617331,-0.0053930228,-0.1198616767,-0.0001601999,0.0000717670,0.0003579497,1,0,0,0,0,0,0,0,0,0,0,0,0,0,1,1
26.4333333333,435.4073320446,-192.2665942822,6.8342540134,0.5861276384,0.0267725129,-0.0199818287,11.5665322879,7.6797351537,-0.3717974833,-0.0003158460,0.0086420368,0.0000022864,-0.0002583670,-0.0054353647,-0.1199855997,-0.0002689200,0.0000426544,-0.0001882250,1,0,0,0,0,0,0,0,0,0,0,0,0,0,1,1
26.4500000000,435.6000391711,-192.1386455808,6.8284104195,0.5861223743,0.0269165469,-0.0199817906,11.5665279818,7.6796445643,-0.3737972433,-0.0003203280,0.0086427477,-0.0000008507,-0.0002386583,-0.0054968115,-0.1199949237,-0.0003189601,0.0342347374,0.0035599559,1,0,0,0,0,0,0,0,0,0,0,0,0,0,1,1
26.4666666667,435.7927454900,-192.0106988979,6.8225668715,0.5861170355,0.0270605927,-0.0199818048,11.5665240042,7.6795529508,-0.3757971587,-0.0003256440,0.0092133267,0.0000584819,-0.0003923705,-0.0056874143,-0.1279374672,-0.0003592799,1.1085189019,-0.0031300075,1,0,0,0,0,0,0,0,0,0,0,0,0,0,1,1
26.4833333333,435.9854510083,-191.8827542532,6.8167211832,0.5861116081,0.0272141481,-0.0199808301,11.5665174646,7.6794581605,-0.3779294498,-0.0003316320,0.0276886417,0.0000063152,-0.0062501544,-0.0096763936,-0.3846429772,-0.0003996000,0.0000437154,-0.0001878360,1,0,0,0,0,0,0,0,0,0,0,0,0,0,1,1
26.5000000000,436.1781556234,-191.7548117431,6.8108035140,0.5861060809,0.0276756255,-0.0199807248,11.5664132954,7.6792968873,-0.3843401661,-0.0003382920,0.0276893703,0.0000031846,-0.0063421990,-0.0098483226,-0.3844302412,-0.0004284001,0.0000504384,-0.0000670782,1,0,0,0,0,0,0,0,0,0,0,0,0,0,1,1
26.5166666667,436.3708560746,-191.6268735630,6.8048861223,0.5861004427,0.0281371150,-0.0199806718,11.5663075921,7.6791327486,-0.3907473368,-0.0003454320,0.0276902109,0.0000020666,-0.0064355391,-0.0100291434,-0.3844371076,-0.0004633199,0.0000894809,0.0002180818,1,0,0,0,0,0,0,0,0,0,0,0,0,0,1,1
26.5333333333,436.5635523011,-191.4989397858,6.7989690163,0.5860946855,0.0285986185,-0.0199806373,11.5662003331,7.6789655962,-0.3971546219,-0.0003531540,0.0276917023,0.0000057013,-0.0065246711,-0.0102168007,-0.3844527472,-0.0004773600,-1.7164919853,-0.0027618760,1,0,0,0,0,0,0,0,0,0,0,0,0,0,1,1
26.5500000000,436.7562442301,-191.3710104962,6.7930522254,0.5860887996,0.0290601469,-0.0199805423,11.5660915886,7.6787953162,-0.4035621677,-0.0003611100,-0.0009164975,-0.0000403300,0.0030896496,-0.0039663736,0.0130830481,-0.0005144401,-0.7081041107,0.0013345516,1,0,0,0,0,0,0,0,0,0,0,0,0,0,1,1
26.5666666667,436.9489317997,-191.2430857717,6.7865868274,0.5860827811,0.0290448719,-0.0199812145,11.5661430828,7.6787292100,-0.4033441169,-0.0003696840,-0.0127182327,-0.0000180875,0.0070998313,-0.0014469311,0.1766918641,-0.0005234399,-0.0001858354,-0.0001623943,1,0,0,0,0,0,0,0,0,0,0,0,0,0,1,1
26.5833333333,437.1416203370,-191.1151621149,6.7798948414,0.5860766197,0.0288329014,-0.0199815159,11.5662614132,7.6787050944,-0.4003992525,-0.0003784080,-0.0127213299,-0.0000207940,0.0071336293,-0.0015699091,0.1766112058,-0.0005331600,-0.0002218418,0.0001679947,1,0,0,0,0,0,0,0,0,0,0,0,0,0,1,1
26.6000000000,437.3343120439,-190.9872381051,6.7732027677,0.5860703129,0.0286208792,-0.0199818625,11.5663803071,7.6786789293,-0.3974557324,-0.0003872940,-0.0127250273,-0.0000179941,0.0071718714,-0.0016926244,0.1766636997,-0.0005400001,0.1886436484,-0.0011855927,1,0,0,0,0,0,0,0,0,0,0,0,0,0,1,1
26.6166666667,437.5270069243,-190.8593137803,6.7665105992,0.5860638580,0.0284087954,-0.0199821624,11.5664998383,7.6786507189,-0.3945113374,-0.0003962940,-0.0095809665,-0.0000377540,0.0061824223,-0.0024996192,0.1329822485,-0.0005558399,0.3000319457,0.0014719151,1,0,0,0,0,0,0,0,0,0,0,0,0,0,1,1
26.6333333333,437.7197049846,-190.7313891780,6.7599792064,0.5860572531,0.0282491126,-0.0199827916,11.5666028787,7.6786090586,-0.3922949666,-0.0004055580,-0.0045804340,-0.0000132221,0.0046079385,-0.0036993090,0.0635402877,-0.0005551200,-0.0002098833,0.0001299691,1,0,0,0,0,0,0,0,0,0,0,0,0,0,1,1
26.6500000000,437.9124056494,-190.6034647235,6.7537035171,0.5860504938,0.0281727721,-0.0199830120,11.5666796776,7.6785474034,-0.3912359618,-0.0004148100,-0.0045839321,-0.0000110559,0.0046772160,-0.0038074260,0.0636404699,-0.0005594402,-0.0001431899,-0.0000952764,1,0,0,0,0,0,0,0,0,0,0,0,0,0,1,1
26.6666666667,438.1051080281,-190.4755410505,6.7474277229,0.5860435803,0.0280963732,-0.0199831963,11.5667576312,7.6784839463,-0.3901752873,-0.0004241340,-0.0045863186,-0.0000126439,0.0047455394,-0.0039175351,0.0636736985,-0.0005421598,-0.1214107440,0.0013046625,1,0,0,0,0,0,0,0,0,0,0,0,0,0,1,1
26.6833333333,438.2978121434,-190.3476181870,6.7411518618,0.5860365114,0.0280199345,-0.0199834070,11.5668367236,7.6784186541,-0.3891140590,-0.0004331700,-0.0066098310,0.0000091005,0.0054650153,-0.0035905705,0.0917816816,-0.0005601600,-1.7593576846,-0.0024707705,1,0,0,0,0,0,0,0,0,0,0,0,0,0,1,1
26.7000000000,438.4905180054,-190.2196961685,6.7348098488,0.5860292919,0.0279097707,-0.0199832553,11.5669278071,7.6783588112,-0.3875843643,-0.0004425060,-0.0359324591,-0.0000320790,0.0148824126,0.0025052604,0.4991382352,-0.0005198402,-0.0001982820,0.0001296130,1,0,0,0,0,0,0,0,0,0,0,0,0,0,1,1
26.7166666667,438.6832259987,-190.0917747828,6.7275058425,0.5860219168,0.0273108964,-0.0199837900,11.5671758474,7.6784005656,-0.3792653937,-0.0004511700,-0.0359357638,-0.0000299188,0.0146947865,0.0022360423,0.4989185178,-0.0005540398,-0.0001957839,0.0000108608,1,0,0,0,0,0,0,0,0,0,0,0,0,0,1,1
26.7333333333,438.8759413355,-189.9638506097,6.7202015945,0.5860143973,0.0267119670,-0.0199842886,11.5674207604,7.6784378329,-0.3709500851,-0.0004604040,-0.0359390268,-0.0000297378,0.0145177799,0.0019644380,0.4989719932,-0.0005050800,-0.0001946409,-0.0001846812,1,0,0,0,0,0,0,0,0,0,0,0,0,0,1,1
26.7500000000,439.0686638872,-189.8359237781,6.7128971115,0.5860067239,0.0261129832,-0.0199847842,11.5676627235,7.6784705736,-0.3626338852,-0.0004688220,-0.0359422709,-0.0000328158,0.0143344455,0.0017022110,0.4990248348,-0.0005212802,1.6048377060,-0.0007205412,1,0,0,0,0,0,0,0,0,0,0,0,0,0,1,1
26.7666666667,439.2613935379,-189.7079944038,6.7055923927,0.5859989102,0.0255139454,-0.0199853312,11.5679016308,7.6784989437,-0.3543168046,-0.0004775100,-0.0091949758,-0.0000448248,0.0063681148,-0.0037306261,0.1274452813,-0.0004669198,0.5534332419,0.0018603624,1,0,0,0,0,0,0,0,0,0,0,0,0,0,1,1
26.7833333333,439.4541301721,-189.5800626034,6.6992158194,0.5859909517,0.0253606958,-0.0199860783,11.5680077662,7.6784367667,-0.3521927166,-0.0004852920,0.0000289116,-0.0000138188,0.0037159800,-0.0056206940,-0.0004865222,-0.0004932000,0.0001289285,-0.0001672268,1,0,0,0,0,0,0,0,0,0,0,0,0,0,1,1
26.8000000000,439.6468693377,-189.4521313688,6.6931596142,0.5859828635,0.0253611776,-0.0199863086,11.5680696991,7.6783430884,-0.3522008253,-0.0004935120,0.0000310604,-0.0000166059,0.0037802253,-0.0057150618,-0.0004312139,-0.0004780802,0.0001779989,0.0001961058,1,0,0,0,0,0,0,0,0,0,0,0,0,0,1,1
26.8166666667,439.8396095499,-189.3242017232,6.6871035353,0.5859746383,0.0253616953,-0.0199865853,11.5681327029,7.6782478374,-0.3522080122,-0.0005014800,0.0000340271,-0.0000133375,0.0038404418,-0.0058077755,-0.0004724762,-0.0004604398,0.1976862082,0.0008216886,1,0,0,0,0,0,0,0,0,0,0,0,0,0,1,1
26.8333333333,440.0323508299,-189.1962736892,6.6810476140,0.5859662803,0.0253622624,-0.0199868076,11.5681967102,7.6781510411,-0.3522158868,-0.0005091540,0.0033287972,0.0000003574,0.0029307459,-0.0065395934,-0.0462507238,-0.0004374000,0.2698621354,-0.0006038091,1,0,0,0,0,0,0,0,0,0,0,0,0,0,1,1
26.8500000000,440.2250931863,-189.0683472972,6.6749953915,0.5859577944,0.0254177424,-0.0199868017,11.5682455560,7.6780420479,-0.3529867322,-0.0005164440,0.0078264995,-0.0000097061,0.0016565600,-0.0075065786,-0.1087104477,-0.0003931202,-0.0001136535,-0.0005055662,1,0,0,0,0,0,0,0,0,0,0,0,0,0,1,1
26.8666666667,440.4178361003,-188.9404229250,6.6689482196,0.5859491870,0.0255481840,-0.0199869634,11.5682731654,7.6779169383,-0.3547985730,-0.0005229960,0.0078246052,-0.0000181322,0.0016965470,-0.0075893187,-0.1086397686,-0.0003949198,-0.0000779329,0.0002908866,1,0,0,0,0,0,0,0,0,0,0,0,0,0,1,1
26.8833333333,440.6105788508,-188.8125010811,6.6629011836,0.5859404704,0.0256785941,-0.0199872656,11.5683014411,7.6777904496,-0.3566092358,-0.0005295780,0.0078233064,-0.0000132841,0.0017355436,-0.0076729829,-0.1086214076,-0.0004114800,0.1363809440,0.0003227290,1,0,0,0,0,0,0,0,0,0,0,0,0,0,1,1
26.9000000000,440.8033214388,-188.6845817958,6.6568542643,0.5859316441,0.0258089825,-0.0199874870,11.5683303669,7.6776625666,-0.3584195926,-0.0005364360,0.0100963221,-0.0000079053,0.0010929106,-0.0082137270,-0.1402119719,-0.0003391202,1.2084970505,0.0005747914,1,0,0,0,0,0,0,0,0,0,0,0,0,0,1,1
26.9166666667,440.9960638763,-188.5566650928,6.6508622382,0.5859227035,0.0259772546,-0.0199876188,11.5683485820,7.6775256711,-0.3607564588,-0.0005420880,0.0302379396,0.0000016745,-0.0050203036,-0.0123648251,-0.4200507311,-0.0003747598,-0.0000022917,0.0003846725,1,0,0,0,0,0,0,0,0,0,0,0,0,0,1,1
26.9333333333,441.1888057926,-188.4287512436,6.6453568907,0.5859136687,0.0264812202,-0.0199875909,11.5682649103,7.6773195907,-0.3677573043,-0.0005483340,0.0302379014,0.0000080858,-0.0051440812,-0.0125508235,-0.4198270132,-0.0003258000,-0.0000108651,0.0000155736,1,0,0,0,0,0,0,0,0,0,0,0,0,0,1,1
26.9500000000,441.3815437749,-188.3008425428,6.6398517083,0.5859045298,0.0269851853,-0.0199874561,11.5681791756,7.6771104103,-0.3747544212,-0.0005537640,0.0302377203,0.0000083453,-0.0052787771,-0.0127305067,-0.4198189611,-0.0003042002,0.0000034286,-0.0004274939,1,0,0,0,0,0,0,0,0,0,0,0,0,0,1,1
26.9666666667,441.5742777430,-188.1729390682,6.6343466954,0.5858953004,0.0274891473,-0.0199873170,11.5680911960,7.6768982352,-0.3817514039,-0.0005588340,0.0302377775,0.0000012204,-0.0054163843,-0.0129059489,-0.4198139230,-0.0002815198,-1.1230921177,-0.0008402803,1,0,0,0,0,0,0,0,0,0,0,0,0,0,1,1
26.9833333333,441.7670076134,-188.0450408982,6.6288418523,0.5858859865,0.0279931102,-0.0199872967,11.5680009230,7.6766831361,-0.3887483026,-0.0005635260,0.0115195755,-0.0000127843,0.0005872039,-0.0089999288,-0.1597014899,-0.0002775600,-0.3176670038,-0.0002053454,1,0,0,0,0,0,0,0,0,0,0,0,0,0,1,1
27.0000000000,441.9597332910,-187.9171481182,6.6229068648,0.5858765944,0.0281851032,-0.0199875098,11.5680107096,7.6765331372,-0.3914099941,-0.0005681520,0.0062251254,-0.0000162067,0.0023287841,-0.0079212852,-0.0863693278,-0.0002664002,-0.0003027404,-0.0004973414,1,0,0,0,0,0,0,0,0,0,0,0,0,0,1,1
27.0166666667,442.1524581034,-187.7892585409,6.6168501776,0.5858671252,0.0282888552,-0.0199877799,11.5680495227,7.6764011158,-0.3928494829,-0.0005725920,0.0062200798,-0.0000244957,0.0023556116,-0.0079773463,-0.0863555401,-0.0002851198,-0.0004439400,0.0007189410,1,0,0,0,0,0,0,0,0,0,0,0,0,0,1,1
27.0333333333,442.3451830110,-187.6613715492,6.6107935434,0.5858575820,0.0283925232,-0.0199881881,11.5680887830,7.6762681601,-0.3942887419,-0.0005773440,0.0062126808,-0.0000125134,0.0023870037,-0.0080356702,-0.0862524900,-0.0002271600,-0.4701134500,-0.0003039341,1,0,0,0,0,0,0,0,0,0,0,0,0,0,1,1
27.0500000000,442.5379080128,-187.5334871663,6.6047369504,0.5858479596,0.0284960679,-0.0199883967,11.5681285663,7.6761342322,-0.3957262834,-0.0005811300,-0.0016225434,-0.0000175789,0.0049975225,-0.0063664123,0.0226099979,-0.0001836002,-0.5565243936,-0.0002164136,1,0,0,0,0,0,0,0,0,0,0,0,0,0,1,1
27.0666666667,442.7306331177,-187.4056054036,6.5985058868,0.5858382741,0.0284690255,-0.0199886897,11.5682118583,7.6760281253,-0.3953494501,-0.0005841900,-0.0108979500,-0.0000211858,0.0080650640,-0.0043821147,0.1513923725,-0.0002055598,0.0004867845,0.0003844012,1,0,0,0,0,0,0,0,0,0,0,0,0,0,1,1
27.0833333333,442.9233597693,-187.2777253168,6.5920679619,0.5858285376,0.0282873930,-0.0199890428,11.5683462761,7.6759550901,-0.3928262439,-0.0005876160,-0.0108898369,-0.0000147791,0.0080635191,-0.0044401806,0.1511867697,-0.0002102400,0.0003168035,-0.0002651491,1,0,0,0,0,0,0,0,0,0,0,0,0,0,1,1
27.1000000000,443.1160896583,-187.1498458008,6.5856301519,0.5858187440,0.0281058957,-0.0199892891,11.5684806681,7.6758810871,-0.3903064644,-0.0005911200,-0.0108845568,-0.0000191983,0.0080658835,-0.0044972163,0.1511143377,-0.0002026802,-0.0175459713,0.0008744883,1,0,0,0,0,0,0,0,0,0,0,0,0,0,1,1
27.1166666667,443.3088227803,-187.0219668744,6.5791924117,0.5858088920,0.0279244865,-0.0199896091,11.5686150995,7.6758061335,-0.3877878921,-0.0005944980,-0.0111769897,-0.0000046235,0.0081630775,-0.0044890824,0.1551867905,-0.0001814398,-0.1147447049,-0.0012115060,1,0,0,0,0,0,0,0,0,0,0,0,0,0,1,1
27.1333333333,443.5015591326,-186.8940885549,6.5726756674,0.5857989837,0.0277382033,-0.0199896861,11.5687511507,7.6757313154,-0.3852014456,-0.0005975220,-0.0130894014,-0.0000248152,0.0087717378,-0.0041357488,0.1817471518,-0.0001123200,-0.0002129890,0.0003022753,1,0,0,0,0,0,0,0,0,0,0,0,0,0,1,1
27.1500000000,443.6942987538,-186.7662108310,6.5656568779,0.5857890250,0.0275200466,-0.0199900997,11.5688973464,7.6756623863,-0.3821723264,-0.0005993940,-0.0130929512,-0.0000197773,0.0087536885,-0.0041789816,0.1817771696,-0.0001944002,-0.0001949273,-0.0000180410,1,0,0,0,0,0,0,0,0,0,0,0,0,0,1,1
27.1666666667,443.8870419769,-186.6383334905,6.5586379124,0.5857790351,0.0273018308,-0.0199904293,11.5690432412,7.6755927366,-0.3791427069,-0.0006026340,-0.0130962000,-0.0000200780,0.0087465517,-0.0042379156,0.1818233708,-0.0000730798,-0.0002042383,-0.0002956179,1,0,0,0,0,0,0,0,0,0,0,0,0,0,1,1
27.1833333333,444.0797887943,-186.5104565531,6.5516187860,0.5857689912,0.0270835608,-0.0199907640,11.5691890171,7.6755221047,-0.3761123174,-0.0006038520,-0.0130996040,-0.0000250050,0.0087238350,-0.0042733120,0.1818716995,-0.0001450800,0.6962143204,0.0000807138,1,0,0,0,0,0,0,0,0,0,0,0,0,0,1,1
27.2000000000,444.2725391837,-186.3825800399,6.5445994910,0.5857589270,0.0268652340,-0.0199911807,11.5693344143,7.6754508828,-0.3730811224,-0.0006062700,-0.0014960320,-0.0000236597,0.0051155445,-0.0067074849,0.0206513580,-0.0001609202,0.1584431197,0.0001501846,1,0,0,0,0,0,0,0,0,0,0,0,0,0,1,1
27.2166666667,444.4652931360,-186.2547039678,6.5381099681,0.5857488225,0.0268403002,-0.0199915750,11.5694196734,7.6753390914,-0.3727369331,-0.0006089520,0.0011446867,-0.0000211567,0.0043176328,-0.0072816522,-0.0159199381,-0.0001148398,0.0002663385,-0.0004845975,1,0,0,0,0,0,0,0,0,0,0,0,0,0,1,1
27.2333333333,444.6580486465,-186.1268296790,6.5317411006,0.5857386733,0.0268593783,-0.0199919277,11.5694916339,7.6752177305,-0.3730022654,-0.0006108660,0.0011491256,-0.0000292333,0.0043311697,-0.0073044435,-0.0159543479,-0.0001317600,0.0004223368,0.0007763208,1,0,0,0,0,0,0,0,0,0,0,0,0,0,1,1
27.2500000000,444.8508052574,-185.9989574867,6.5253724951,0.5857284922,0.0268785304,-0.0199924149,11.5695638201,7.6750959898,-0.3732681712,-0.0006130620,0.0011561646,-0.0000162946,0.0043454996,-0.0073315082,-0.0160521240,-0.0000356402,0.2365121693,0.0001921513,1,0,0,0,0,0,0,0,0,0,0,0,0,0,1,1
27.2666666667,445.0435629764,-185.8710873955,6.5190042727,0.5857182745,0.0268977998,-0.0199926865,11.5696362451,7.6749737980,-0.3735357066,-0.0006136560,0.0050980341,-0.0000130921,0.0031194890,-0.0081547927,-0.0708206643,-0.0001699198,0.2431445813,0.0002528981,1,0,0,0,0,0,0,0,0,0,0,0,0,0,1,1
27.2833333333,445.2363218070,-185.7432194056,6.5128707938,0.5857080469,0.0269827670,-0.0199929047,11.5696882366,7.6748378848,-0.3747160510,-0.0006164880,0.0091504438,-0.0000088771,0.0018650535,-0.0090339530,-0.1270849438,-0.0000453600,-0.0001326662,0.0002566816,1,0,0,0,0,0,0,0,0,0,0,0,0,0,1,1
27.3000000000,445.4290810647,-185.6153539848,6.5069781244,0.5856977721,0.0271352744,-0.0199930526,11.5697193208,7.6746873189,-0.3768341334,-0.0006172440,0.0091482327,-0.0000045991,0.0018562349,-0.0090523301,-0.1270122298,-0.0001526402,0.0002103785,-0.0009488320,1,0,0,0,0,0,0,0,0,0,0,0,0,0,1,1
27.3166666667,445.6218400459,-185.4874916030,6.5010852740,0.5856874847,0.0272877449,-0.0199931293,11.5697502580,7.6745364467,-0.3789510039,-0.0006197880,0.0091517390,-0.0000204130,0.0018584088,-0.0090932288,-0.1270604644,-0.0000410398,-0.1084130712,0.0005728073,1,0,0,0,0,0,0,0,0,0,0,0,0,0,1,1
27.3333333333,445.8145987516,-185.3596322709,6.4951923183,0.5856771549,0.0274402739,-0.0199934695,11.5697812315,7.6743848929,-0.3810686783,-0.0006204720,0.0073448544,-0.0000108662,0.0024244998,-0.0087290127,-0.1019541657,-0.0000738000,-0.5219861342,-0.0004118325,1,0,0,0,0,0,0,0,0,0,0,0,0,0,1,1
27.3500000000,446.0073571663,-185.2317760024,6.4892184388,0.5856668137,0.0275626882,-0.0199936506,11.5698216399,7.6742394094,-0.3827679144,-0.0006217020,-0.0013549145,-0.0000177300,0.0052051218,-0.0069050508,0.0189014639,-0.0001152002,0.0000752281,0.0000635032,1,0,0,0,0,0,0,0,0,0,0,0,0,0,1,1
27.3666666667,446.2001156080,-185.1039225921,6.4828550711,0.5856564520,0.0275401063,-0.0199939461,11.5699083919,7.6741243252,-0.3824528900,-0.0006236220,-0.0013536607,-0.0000166717,0.0052169653,-0.0069292192,0.0187936260,-0.0000169198,0.0000655121,-0.0000100654,1,0,0,0,0,0,0,0,0,0,0,0,0,0,1,1
27.3833333333,446.3928756231,-184.9760710227,6.4764917629,0.5856460583,0.0275175453,-0.0199942239,11.5699953413,7.6740088382,-0.3821396629,-0.0006239040,-0.0013525688,-0.0000168394,0.0052183995,-0.0069330650,0.0187785479,-0.0001371600,0.0000638361,-0.0000606695,1,0,0,0,0,0,0,0,0,0,0,0,0,0,1,1
27.4000000000,446.5856372036,-184.8482213016,6.4701285116,0.5856356599,0.0274950024,-0.0199945046,11.5700823146,7.6738932871,-0.3818266871,-0.0006261900,-0.0013515049,-0.0000178506,0.0052351090,-0.0069599253,0.0187637881,-0.0000352802,0.8942413034,-0.0000333128,1,0,0,0,0,0,0,0,0,0,0,0,0,0,1,1
27.4166666667,446.7784003575,-184.7203734336,6.4637653176,0.5856252234,0.0274724774,-0.0199948021,11.5701695665,7.6737772884,-0.3815139573,-0.0006267780,0.0135525169,-0.0000184058,0.0004790400,-0.0101242220,-0.1883340427,-0.0000917998,0.2510693162,0.2029795784,1,0,0,0,0,0,0,0,0,0,0,0,0,0,1,1
27.4333333333,446.9711650892,-184.5925274183,6.4573487265,0.5856147771,0.0276983526,-0.0199951089,11.5701775504,7.6736085513,-0.3846528580,-0.0006283080,0.0177370055,0.0033645872,-0.0008960570,-0.0110615193,-0.2463069533,-0.0000806400,0.1244079585,-0.0297435855,1,0,0,0,0,0,0,0,0,0,0,0,0,0,1,1
27.4500000000,447.1639287511,-184.4646850193,6.4509228538,0.5856043053,0.0279939694,-0.0199390324,11.5701626162,7.6734241927,-0.3887579739,-0.0006296520,0.0198104714,0.0028688608,-0.0016253608,-0.0115673619,-0.2750691776,-0.0000576002,0.0803990929,-0.1725103174,1,0,0,0,0,0,0,0,0,0,0,0,0,0,1,1
27.4666666667,447.3566905794,-184.3368467490,6.4444971193,0.5855938111,0.0283241439,-0.0198912181,11.5701355268,7.6732314033,-0.3933424602,-0.0006306120,0.0211504563,-0.0000063112,-0.0021380940,-0.0119232240,-0.2936571668,-0.0001227598,-0.6316878455,0.0013830171,1,0,0,0,0,0,0,0,0,0,0,0,0,0,1,1
27.4833333333,447.5494501692,-184.2090128799,6.4380715283,0.5855833009,0.0286766515,-0.0198913233,11.5700998919,7.6730326829,-0.3982367463,-0.0006326580,0.0106223256,0.0000167391,0.0013216949,-0.0096625881,-0.1473182636,-0.0000946800,-0.5571262823,-0.0069089631,1,0,0,0,0,0,0,0,0,0,0,0,0,0,1,1
27.5000000000,447.7422072287,-184.0811836155,6.4316860435,0.5855727566,0.0288536903,-0.0198910443,11.5701219202,7.6728716398,-0.4006920507,-0.0006342360,0.0013368875,-0.0000984103,0.0044222334,-0.0076327404,-0.0184575782,0.0000046798,0.1164565871,-0.2504291381,1,0,0,0,0,0,0,0,0,0,0,0,0,0,1,1
27.5166666667,447.9349636777,-183.9533576896,6.4253358420,0.5855621860,0.0288759717,-0.0198926844,11.5701956240,7.6727444274,-0.4009996770,-0.0006341580,0.0032778306,-0.0042722293,0.0037687132,-0.0080648925,-0.0455290139,-0.0001627198,0.0902572801,0.1395632253,1,0,0,0,0,0,0,0,0,0,0,0,0,0,1,1
27.5333333333,448.1277212347,-183.8255339619,6.4189855159,0.5855516167,0.0289306023,-0.0199638883,11.5702584360,7.6726100126,-0.4017584939,-0.0006368700,0.0047821186,-0.0019461755,0.0032825439,-0.0084322414,-0.0664081620,-0.0000676800,0.0479322682,0.1161026356,1,0,0,0,0,0,0,0,0,0,0,0,0,0,1,1
27.5500000000,448.3204795356,-183.6977126868,6.4126348697,0.5855410022,0.0290103042,-0.0199963245,11.5703131450,7.6724694752,-0.4028652966,-0.0006379980,0.0055809898,-0.0000111316,0.0030179434,-0.0086265817,-0.0774896520,-0.0001047602,-0.0213910903,-0.0002233241,1,0,0,0,0,0,0,0,0,0,0,0,0,0,1,1
27.5666666667,448.5132383051,-183.5698940520,6.4062957001,0.5855303689,0.0291033207,-0.0199965100,11.5703634440,7.6723256988,-0.4041567908,-0.0006397440,0.0052244716,-0.0000148536,0.0031459501,-0.0085706499,-0.0725273881,-0.0000392398,-0.0000713748,0.0001002538,1,0,0,0,0,0,0,0,0,0,0,0,0,0,1,1
27.5833333333,448.7059973986,-183.4420781610,6.4000007411,0.5855197065,0.0291903953,-0.0199967576,11.5704158766,7.6721828547,-0.4053655806,-0.0006403980,0.0052232820,-0.0000131828,0.0031459198,-0.0085815301,-0.0725147518,-0.0000522000,-0.0000590783,-0.0000242334,1,0,0,0,0,0,0,0,0,0,0,0,0,0,1,1
27.6000000000,448.8987568740,-183.3142649790,6.3937058161,0.5855090332,0.0292774500,-0.0199969773,11.5704683086,7.6720398292,-0.4065741598,-0.0006412680,0.0052222974,-0.0000135866,0.0031475631,-0.0085948766,-0.0725008980,-0.0001375202,-0.0000582922,-0.0000824574,1,0,0,0,0,0,0,0,0,0,0,0,0,0,1,1
27.6166666667,449.0915167341,-183.1864545079,6.3874109340,0.5854983454,0.0293644882,-0.0199972038,11.5705207679,7.6718965812,-0.4077825081,-0.0006435600,0.0052213259,-0.0000149609,0.0031601158,-0.0086246921,-0.0724872237,-0.0000932398,-0.8235905797,-0.0019257671,1,0,0,0,0,0,0,0,0,0,0,0,0,0,1,1
27.6333333333,449.2842769845,-183.0586467542,6.3811160968,0.5854876194,0.0294515103,-0.0199974531,11.5705734366,7.6717528364,-0.4089906285,-0.0006451140,-0.0085051838,-0.0000470571,0.0078452557,-0.0055441355,0.1182376376,-0.0000507600,-0.2067602027,0.2141300585,1,0,0,0,0,0,0,0,0,0,0,0,0,0,1,1
27.6500000000,449.4770376185,-182.9308417301,6.3739894338,0.5854768675,0.0293097573,-0.0199982374,11.5707041908,7.6716604341,-0.4070200012,-0.0006459600,-0.0119511872,0.0035217773,0.0089970109,-0.0047947627,0.1659583137,-0.0001591202,-0.1248364671,-0.0523568509,1,0,0,0,0,0,0,0,0,0,0,0,0,0,1,1
27.6666666667,449.6698012368,-182.8030377149,6.3666716721,0.5854661015,0.0291105708,-0.0199395411,11.5708541410,7.6715805214,-0.4042540293,-0.0006486120,-0.0140317950,0.0026491631,0.0096851137,-0.0043827696,0.1948267866,-0.0000111598,-0.0756423562,-0.1607026907,1,0,0,0,0,0,0,0,0,0,0,0,0,0,1,1
27.6833333333,449.8625684846,-182.6752342929,6.3592498721,0.5854552913,0.0288767076,-0.0198953884,11.5710155595,7.6715074752,-0.4010069162,-0.0006487980,-0.0152925009,-0.0000292151,0.0100661420,-0.0041334627,0.2123212857,-0.0001224000,1.2398579758,0.0021559955,1,0,0,0,0,0,0,0,0,0,0,0,0,0,1,1
27.7000000000,450.0553397259,-182.5474312242,6.3517651718,0.5854444780,0.0286218326,-0.0198958753,11.5711833286,7.6714385842,-0.3974682281,-0.0006508380,0.0053717987,0.0000067182,0.0032045876,-0.0087165362,-0.0748239478,-0.0000511202,0.9533636388,-0.0065283371,1,0,0,0,0,0,0,0,0,0,0,0,0,0,1,1
27.7166666667,450.2481151796,-182.4196283731,6.3448844492,0.5854336307,0.0287113625,-0.0198957633,11.5712367384,7.6712933086,-0.3987152939,-0.0006516900,0.0212611927,-0.0001020875,-0.0021148765,-0.0122571337,-0.2953773608,-0.0001573198,-0.1203189952,-0.2577866853,1,0,0,0,0,0,0,0,0,0,0,0,0,0,1,1
27.7333333333,450.4408910319,-182.2918282714,6.3384669407,0.5854227692,0.0290657158,-0.0198974648,11.5712014904,7.6710890230,-0.4036382499,-0.0006543120,0.0192558761,-0.0043985322,-0.0014941007,-0.0118891111,-0.2673044633,-0.0000828000,-0.0908454911,0.1579306219,1,0,0,0,0,0,0,0,0,0,0,0,0,0,1,1
27.7500000000,450.6336643236,-182.1640328937,6.3319490403,0.5854118640,0.0293866470,-0.0199707737,11.5711765888,7.6708908712,-0.4080933243,-0.0006556920,0.0177417846,-0.0017663552,-0.0010349732,-0.0116075021,-0.2462896496,-0.0000871202,0.0414231632,0.1051659425,1,0,0,0,0,0,0,0,0,0,0,0,0,0,1,1
27.7666666667,450.8264353949,-182.0362420205,6.3253553543,0.5854009358,0.0296823434,-0.0200002129,11.5711593392,7.6706974128,-0.4121981518,-0.0006571440,0.0184321706,-0.0000135895,-0.0013251739,-0.0118239373,-0.2559077951,-0.0001403998,0.2834685886,0.0004517968,1,0,0,0,0,0,0,0,0,0,0,0,0,0,1,1
27.7833333333,451.0192045015,-181.9084554884,6.3187396353,0.5853899834,0.0299895463,-0.0200004394,11.5711372530,7.6705003472,-0.4164632817,-0.0006594840,0.0231566471,-0.0000060595,-0.0030331463,-0.0129948155,-0.3215425195,-0.0000655200,-0.0001584549,-0.0002046496,1,0,0,0,0,0,0,0,0,0,0,0,0,0,1,1
27.8000000000,451.2119714741,-181.7806734211,6.3121833701,0.5853789920,0.0303754904,-0.0200005404,11.5710867005,7.6702837669,-0.4218223237,-0.0006605760,0.0231540062,-0.0000094704,-0.0031258030,-0.0130742226,-0.3214371833,-0.0001929602,-0.0001448544,0.0000566185,1,0,0,0,0,0,0,0,0,0,0,0,0,0,1,1
27.8166666667,451.4047353601,-181.6528964547,6.3056273171,0.5853679824,0.0307613905,-0.0200006982,11.5710346038,7.6700658632,-0.4271796101,-0.0006637920,0.0231515919,-0.0000085267,-0.0032038808,-0.0131792406,-0.3213999193,-0.0000867598,-0.0001374372,0.0001371172,1,0,0,0,0,0,0,0,0,0,0,0,0,0,1,1
27.8333333333,451.5974961140,-181.5251246336,6.2990714765,0.5853569192,0.0311472504,-0.0200008404,11.5709812058,7.6698462092,-0.4325362754,-0.0006652380,0.0231493013,-0.0000062414,-0.0032955322,-0.0132638054,-0.3213642653,-0.0000385200,-1.3502257909,0.0009927948,1,0,0,0,0,0,0,0,0,0,0,0,0,0,1,1
27.8500000000,451.7902536746,-181.3973580057,6.2925158498,0.5853458319,0.0315330721,-0.0200009444,11.5709262803,7.6696251458,-0.4378923465,-0.0006658800,0.0006455381,0.0000103052,0.0048799886,-0.0078554022,-0.0086338561,-0.0001904402,-0.1168495042,-0.0021984652,1,0,0,0,0,0,0,0,0,0,0,0,0,0,1,1
27.8666666667,451.9830079901,-181.2695966078,6.2858104541,0.5853347339,0.0315438310,-0.0200007726,11.5710076134,7.6694942224,-0.4380362441,-0.0006690540,-0.0013019536,-0.0000263359,0.0056070949,-0.0074262608,0.0180979021,-0.0000586798,0.0002078879,-0.0003064065,1,0,0,0,0,0,0,0,0,0,0,0,0,0,1,1
27.8833333333,452.1757636077,-181.1418374402,6.2790922060,0.5853235830,0.0315221318,-0.0200012116,11.5711010650,7.6693704514,-0.4377346124,-0.0006700320,-0.0012984888,-0.0000314427,0.0056122740,-0.0074391000,0.0180255360,-0.0001825200,0.0002908031,0.0006759507,1,0,0,0,0,0,0,0,0,0,0,0,0,0,1,1
27.9000000000,452.3685209126,-181.0140802527,6.2723741822,0.5853124158,0.0315004903,-0.0200017356,11.5711946029,7.6692464664,-0.4374341868,-0.0006730740,-0.0012936421,-0.0000201769,0.0056334846,-0.0074758316,0.0179582759,-0.0000986402,-0.5148695948,-0.0022885162,1,0,0,0,0,0,0,0,0,0,0,0,0,0,1,1
27.9166666667,452.5612799137,-180.8863250532,6.2656564569,0.5853011979,0.0314789296,-0.0200020719,11.5712884943,7.6691218692,-0.4371348822,-0.0006747180,-0.0098748020,-0.0000583188,0.0087660012,-0.0054270652,0.1371906964,-0.0001681198,-0.3467727254,0.0017663046,1,0,0,0,0,0,0,0,0,0,0,0,0,0,1,1
27.9333333333,452.7540406168,-180.7585718452,6.2584824739,0.5852899526,0.0313143496,-0.0200030439,11.5714345943,7.6690314181,-0.4348483706,-0.0006775200,-0.0156543474,-0.0000288804,0.0108483368,-0.0040937754,0.2173872295,-0.0001569600,-0.0002645771,0.0004272869,1,0,0,0,0,0,0,0,0,0,0,0,0,0,1,1
27.9500000000,452.9468047533,-180.6308194948,6.2510012023,0.5852786606,0.0310534438,-0.0200035252,11.5716153999,7.6689631885,-0.4312252501,-0.0006801360,-0.0156587570,-0.0000217589,0.0108207998,-0.0041557854,0.2173771139,-0.0000720002,-0.0002522827,-0.0004142920,1,0,0,0,0,0,0,0,0,0,0,0,0,0,1,1
27.9666666667,453.1395734766,-180.5030672494,6.2435196837,0.5852673250,0.0307924645,-0.0200038879,11.5717957467,7.6688939255,-0.4276022982,-0.0006813360,-0.0156629617,-0.0000286638,0.0107842276,-0.0042002410,0.2174372947,-0.0000921598,-0.3419661628,0.0013686130,1,0,0,0,0,0,0,0,0,0,0,0,0,0,1,1
27.9833333333,453.3323467667,-180.3753151276,6.2360379275,0.5852559694,0.0305314151,-0.0200043656,11.5719754837,7.6688239214,-0.4239783433,-0.0006828720,-0.0213623978,-0.0000058536,0.0127435297,-0.0029274975,0.2965998175,-0.0001587600,-0.8957062928,-0.0021371939,1,0,0,0,0,0,0,0,0,0,0,0,0,0,1,1
28.0000000000,453.5251245940,-180.2475631569,6.2284914805,0.5852445882,0.0301753752,-0.0200044631,11.5721878759,7.6687751298,-0.4190350130,-0.0006855180,-0.0362908360,-0.0000414735,0.0178102516,0.0003856871,0.5039686189,-0.0001940402,0.0001466996,0.0003476405,1,0,0,0,0,0,0,0,0,0,0,0,0,0,1,1
28.0166666667,453.7179080496,-180.1198106263,6.2207752630,0.5852331629,0.0295705279,-0.0200051544,11.5724847134,7.6687815579,-0.4106355360,-0.0006887520,-0.0362883910,-0.0000356795,0.0175762262,0.0001763641,0.5037816920,-0.0000770398,0.0000643627,-0.0001386739,1,0,0,0,0,0,0,0,0,0,0,0,0,0,1,1
28.0333333333,453.9106999461,-179.9920556867,6.2130588930,0.5852216837,0.0289657214,-0.0200057490,11.5727776505,7.6687844973,-0.4022391745,-0.0006900360,-0.0362873183,-0.0000379907,0.0173318507,-0.0000073989,0.5037757790,-0.0001911600,0.0000232074,-0.0002227099,1,0,0,0,0,0,0,0,0,0,0,0,0,0,1,1
28.0500000000,454.1035001356,-179.8642984430,6.2053423578,0.5852101831,0.0283609328,-0.0200063822,11.5730665147,7.6687843740,-0.3938429115,-0.0006932220,-0.0362869315,-0.0000417025,0.0171022655,-0.0002129716,0.5037790371,-0.0001468802,2.2038562395,0.0020721033,1,0,0,0,0,0,0,0,0,0,0,0,0,0,1,1
28.0666666667,454.2963084875,-179.7365389963,6.1976256541,0.5851986294,0.0277561506,-0.0200070772,11.5733515525,7.6687808245,-0.3854465942,-0.0006956700,0.0004440058,-0.0000071675,0.0051837509,-0.0081514002,-0.0065296731,-0.0001072798,0.1043969949,-0.0006450454,1,0,0,0,0,0,0,0,0,0,0,0,0,0,1,1
28.0833333333,454.4891248695,-179.6087774455,6.1909228348,0.5851870349,0.0277635507,-0.0200071967,11.5734379483,7.6686449678,-0.3855554221,-0.0006974580,0.0021839557,-0.0000179183,0.0046456389,-0.0085376694,-0.0303403320,-0.0001414800,0.0000468933,0.0000323785,1,0,0,0,0,0,0,0,0,0,0,0,0,0,1,1
28.1000000000,454.6819426492,-179.4810181944,6.1842683332,0.5851754106,0.0277999499,-0.0200074953,11.5735153756,7.6685026733,-0.3860610943,-0.0006998160,0.0021847373,-0.0000173786,0.0046629579,-0.0085655893,-0.0303318599,-0.0001015202,0.0000649655,-0.0001005210,1,0,0,0,0,0,0,0,0,0,0,0,0,0,1,1
28.1166666667,454.8747615287,-179.3532614508,6.1776139060,0.5851637470,0.0278363622,-0.0200077850,11.5735930916,7.6683599135,-0.3865666253,-0.0007015080,0.0021858200,-0.0000190540,0.0046745069,-0.0085859802,-0.0303468780,-0.0000133198,-0.4417836762,0.0017078683,1,0,0,0,0,0,0,0,0,0,0,0,0,0,1,1
28.1333333333,455.0675815147,-179.2255072178,6.1709595556,0.5851520552,0.0278727925,-0.0200081026,11.5736710000,7.6682168138,-0.3870724066,-0.0007017300,-0.0051772412,0.0000094105,0.0070507592,-0.0070152798,0.0719567819,-0.0003254400,-0.2556916008,-0.0022814839,1,0,0,0,0,0,0,0,0,0,0,0,0,0,1,1
28.1500000000,455.2604025998,-179.0977555020,6.1642772800,0.5851403597,0.0277865052,-0.0200079457,11.5737885127,7.6680998925,-0.3858731269,-0.0007071540,-0.0094387679,-0.0000286142,0.0084511654,-0.0061779277,0.1310874716,-0.0001191603,-0.0003811633,-0.0008343443,1,0,0,0,0,0,0,0,0,0,0,0,0,0,1,1
28.1666666667,455.4532261179,-178.9700054444,6.1575788148,0.5851285738,0.0276291924,-0.0200084226,11.5739293654,7.6679969270,-0.3836883357,-0.0007091400,-0.0094451206,-0.0000425200,0.0084501690,-0.0062118080,0.1311319266,-0.0000514797,-0.0003999392,0.0008745394,1,0,0,0,0,0,0,0,0,0,0,0,0,0,1,1
28.1833333333,455.6460528315,-178.8422565488,6.1508803548,0.5851167548,0.0274717737,-0.0200091313,11.5740702016,7.6678933969,-0.3815028036,-0.0007099980,-0.0094517863,-0.0000279443,0.0084415587,-0.0062318122,0.1312250698,-0.0001119600,0.2422808194,0.0046805616,1,0,0,0,0,0,0,0,0,0,0,0,0,0,1,1
28.2000000000,455.8388827261,-178.7145088294,6.1441819008,0.5851049215,0.0273142439,-0.0200095970,11.5742108943,7.6677895334,-0.3793157191,-0.0007118640,-0.0054137726,0.0000500651,0.0071665262,-0.0071076979,0.0751204496,-0.0002152803,0.5344249324,-0.0040053069,1,0,0,0,0,0,0,0,0,0,0,0,0,0,1,1
28.2166666667,456.0317158010,-178.5867622949,6.1377327036,0.5850930571,0.0272240144,-0.0200087626,11.5743303363,7.6676710717,-0.3780637116,-0.0007154520,0.0034933096,-0.0000166901,0.0043815765,-0.0090123790,-0.0485886119,-0.0001364397,0.0000004068,0.0011352190,1,0,0,0,0,0,0,0,0,0,0,0,0,0,1,1
28.2333333333,456.2245513513,-178.4590174288,6.1318330492,0.5850811329,0.0272822362,-0.0200090408,11.5744033626,7.6675208654,-0.3788735218,-0.0007177260,0.0034933164,0.0000022303,0.0043985862,-0.0090390252,-0.0485002018,-0.0000662400,-0.0000003365,-0.0005153571,1,0,0,0,0,0,0,0,0,0,0,0,0,0,1,1
28.2500000000,456.4173878130,-178.3312752783,6.1259332493,0.5850691708,0.0273404582,-0.0200090036,11.5744766724,7.6673702150,-0.3796818585,-0.0007188300,0.0034933108,-0.0000063590,0.0044045458,-0.0090533461,-0.0485001059,-0.0001224003,-0.0000027663,-0.0006283208,1,0,0,0,0,0,0,0,0,0,0,0,0,0,1,1
28.2666666667,456.6102251916,-178.2035358444,6.1200333672,0.5850571903,0.0273986800,-0.0200091096,11.5745500815,7.6672193259,-0.3804901936,-0.0007208700,0.0034932646,-0.0000168310,0.0044177407,-0.0090785636,-0.0484993920,-0.0001234797,-0.4370043932,-0.0069854437,1,0,0,0,0,0,0,0,0,0,0,0,0,0,1,1
28.2833333333,456.8030634937,-178.0757991319,6.1141334383,0.5850451758,0.0274569011,-0.0200093901,11.5746237105,7.6670680165,-0.3812985168,-0.0007229280,-0.0037901419,-0.0001332551,0.0067478827,-0.0075693775,0.0526969379,-0.0002480400,-0.0044899103,0.0066717681,1,0,0,0,0,0,0,0,0,0,0,0,0,0,1,1
28.3000000000,456.9959027153,-177.9480651536,6.1073779279,0.5850331270,0.0273937321,-0.0200116110,11.5747361752,7.6669418602,-0.3804202345,-0.0007270620,-0.0038649737,-0.0000220590,0.0067986281,-0.0076045392,0.0536607540,-0.0000640803,-0.0000535162,0.0000269506,1,0,0,0,0,0,0,0,0,0,0,0,0,0,1,1
28.3166666667,457.1887441540,-177.8203330688,6.1006139327,0.5850210093,0.0273293158,-0.0200119787,11.5748494857,7.6668151179,-0.3795258886,-0.0007281300,-0.0038658657,-0.0000216098,0.0068041783,-0.0076188212,0.0536724841,-0.0002156397,-0.0000706949,-0.0001007431,1,0,0,0,0,0,0,0,0,0,0,0,0,0,1,1
28.3333333333,457.3815878264,-177.6926028711,6.0938499345,0.5850088738,0.0272648847,-0.0200123388,11.5749628886,7.6666881375,-0.3786313472,-0.0007317240,-0.0038670439,-0.0000232888,0.0068291306,-0.0076621823,0.0536889420,-0.0000838800,1.4659714978,-0.0032477741,1,0,0,0,0,0,0,0,0,0,0,0,0,0,1,1
28.3500000000,457.5744337314,-177.5648745786,6.0870859239,0.5849966784,0.0272004340,-0.0200127270,11.5750767075,7.6665604345,-0.3777365315,-0.0007331220,0.0205658144,-0.0000774184,-0.0009041422,-0.0128072414,-0.2858362373,-0.0001087203,0.7252775342,0.0040925639,1,0,0,0,0,0,0,0,0,0,0,0,0,0,1,1
28.3666666667,457.7672818741,-177.4371481939,6.0806816637,0.5849844597,0.0275431976,-0.0200140173,11.5750616385,7.6663469805,-0.3825004688,-0.0007349340,0.0326537733,-0.0000092090,-0.0048857306,-0.0154743698,-0.4535116876,-0.0001569597,-0.0000222869,-0.0012571472,1,0,0,0,0,0,0,0,0,0,0,0,0,0,1,1
28.3833333333,457.9601279616,-177.3094265685,6.0744557981,0.5849722108,0.0280874271,-0.0200141708,11.5749802096,7.6660890743,-0.3900589969,-0.0007375500,0.0326534018,-0.0000301615,-0.0050680631,-0.0156381727,-0.4533452931,-0.0001504800,-0.0000059339,0.0014410044,1,0,0,0,0,0,0,0,0,0,0,0,0,0,1,1
28.4000000000,458.1529697732,-177.1817111855,6.0682304790,0.5849599183,0.0286316505,-0.0200146735,11.5748957419,7.6658284381,-0.3976147518,-0.0007400580,0.0326533029,-0.0000061447,-0.0052547614,-0.0158032603,-0.4533369892,-0.0002185203,-0.4498850257,0.0074899223,1,0,0,0,0,0,0,0,0,0,0,0,0,0,1,1
28.4166666667,458.3458072057,-177.0540021245,6.0620057554,0.5849475840,0.0291758722,-0.0200147759,11.5748081625,7.6655650504,-0.4051703683,-0.0007437000,0.0251552192,0.0001186873,-0.0028541783,-0.0142737076,-0.3490762391,0.0000162003,-0.8441185777,-0.0079797542,1,0,0,0,0,0,0,0,0,0,0,0,0,0,1,1
28.4333333333,458.5386401561,-176.9262994699,6.0558335716,0.5849351890,0.0295951259,-0.0200127977,11.5747605929,7.6653271553,-0.4109883056,-0.0007434300,0.0110865762,-0.0000143086,0.0018918029,-0.0111260021,-0.1537494658,-0.0000381600,-0.0003876406,0.0004022485,1,0,0,0,0,0,0,0,0,0,0,0,0,0,1,1
28.4500000000,458.7314699345,-176.7986023534,6.0497598332,0.5849227985,0.0297799021,-0.0200130362,11.5747921229,7.6651417219,-0.4135507967,-0.0007440660,0.0110801155,-0.0000076044,0.0018710088,-0.0111502607,-0.1538227074,0.0002552397,-0.0002647818,-0.0001987215,1,0,0,0,0,0,0,0,0,0,0,0,0,0,1,1
28.4666666667,458.9242991825,-176.6709090281,6.0436859863,0.5849103974,0.0299645707,-0.0200131630,11.5748233065,7.6649558843,-0.4161145085,-0.0007398120,0.0110757025,-0.0000109165,0.0018161094,-0.0111156685,-0.1537604708,0.0002768403,-0.0340898723,0.0006521781,1,0,0,0,0,0,0,0,0,0,0,0,0,0,1,1
28.4833333333,459.1171278805,-176.5432194870,6.0376121046,0.5848980672,0.0301491658,-0.0200133449,11.5748535749,7.6647706231,-0.4186771830,-0.0007351980,0.0105075380,-0.0000000468,0.0019568538,-0.0109454028,-0.1458531478,0.0003938400,-1.3234071423,-0.0015586293,1,0,0,0,0,0,0,0,0,0,0,0,0,0,1,1
28.5000000000,459.3099559990,-176.4155337287,6.0315259680,0.5848858139,0.0303242914,-0.0200133457,11.5748861891,7.6645881997,-0.4211080688,-0.0007286340,-0.0115492477,-0.0000260240,0.0096328775,-0.0057533476,0.1605725038,0.0004975197,0.0000434689,0.0000950321,1,0,0,0,0,0,0,0,0,0,0,0,0,0,1,1
28.5166666667,459.5027836256,-176.2878516645,6.0249565770,0.5848736700,0.0301318039,-0.0200137794,11.5750467371,7.6644923106,-0.4184318604,-0.0007203420,-0.0115485233,-0.0000244401,0.0095371873,-0.0056787112,0.1603228206,0.0006663603,0.0000492926,0.0000398343,1,0,0,0,0,0,0,0,0,0,0,0,0,0,1,1
28.5333333333,459.6956150367,-176.1601704242,6.0183871712,0.5848616643,0.0299393285,-0.0200141868,11.5752056902,7.6643976654,-0.4157598134,-0.0007092360,-0.0115477017,-0.0000237762,0.0094260390,-0.0055675640,0.1603125298,0.0006433200,0.0000610546,-0.0000857885,1,0,0,0,0,0,0,0,0,0,0,0,0,0,1,1
28.5500000000,459.8884501836,-176.0324899893,6.0118177509,0.5848498437,0.0297468669,-0.0200145830,11.5753627909,7.6643048727,-0.4130879379,-0.0006985140,-0.0115466841,-0.0000252060,0.0093177959,-0.0054609301,0.1602993177,0.0008888397,-0.7532993825,-0.0110879248,1,0,0,0,0,0,0,0,0,0,0,0,0,0,1,1
28.5666666667,460.0812890329,-175.9048103323,6.0052483172,0.5848382018,0.0295544221,-0.0200150031,11.5755180875,7.6642138572,-0.4104162826,-0.0006837000,-0.0241016739,-0.0002100048,0.0134353156,-0.0024881270,0.3347492411,0.0006429602,-0.3190892688,0.0102199021,1,0,0,0,0,0,0,0,0,0,0,0,0,0,1,1
28.5833333333,460.2741315420,-175.7771314124,5.9977715899,0.5848268068,0.0291527276,-0.0200185032,11.5757420094,7.6641723884,-0.4048371286,-0.0006729840,-0.0294198283,-0.0000396731,0.0150065467,-0.0012697195,0.4084926832,0.0009298800,0.0002572951,-0.0001128387,1,0,0,0,0,0,0,0,0,0,0,0,0,0,1,1
28.6000000000,460.4669800306,-175.6494516452,5.9899109440,0.5848155904,0.0286623971,-0.0200191644,11.5759921185,7.6641512264,-0.3980289172,-0.0006574860,-0.0294155401,-0.0000415537,0.0147179742,-0.0012030372,0.4083786172,0.0007448398,0.0003521254,0.0001979046,1,0,0,0,0,0,0,0,0,0,0,0,0,0,1,1
28.6166666667,460.6598353876,-175.5217703702,5.9820503047,0.5848046323,0.0281721381,-0.0200198570,11.5762374181,7.6641311758,-0.3912226069,-0.0006450720,-0.0294096713,-0.0000382553,0.0144541108,-0.0011714202,0.4083028212,0.0011106002,0.6395872617,0.0079034792,1,0,0,0,0,0,0,0,0,0,0,0,0,0,1,1
28.6333333333,460.8526974960,-175.3940876075,5.9741897217,0.5847938811,0.0276819769,-0.0200204946,11.5764783199,7.6641116521,-0.3844175599,-0.0006265620,-0.0187498836,0.0000934693,0.0107756067,-0.0032987062,0.2602046336,0.0011448000,1.0350484847,-0.0066967919,1,0,0,0,0,0,0,0,0,0,0,0,0,0,1,1
28.6500000000,461.0455662156,-175.2664033650,5.9667990918,0.5847834384,0.0273694788,-0.0200189368,11.5766579134,7.6640566737,-0.3800808160,-0.0006074820,-0.0014990756,-0.0000181438,0.0051263678,-0.0067210835,0.0206260198,0.0007757998,0.0002000507,0.0000171182,1,0,0,0,0,0,0,0,0,0,0,0,0,0,1,1
28.6666666667,461.2384395454,-175.1387188791,5.9601691714,0.5847733137,0.0273444942,-0.0200192391,11.5767433528,7.6639446556,-0.3797370490,-0.0005945520,-0.0014957414,-0.0000178585,0.0050299700,-0.0065696007,0.0207665162,0.0011696402,0.0001442955,0.0000351874,1,0,0,0,0,0,0,0,0,0,0,0,0,0,1,1
28.6833333333,461.4313144053,-175.0110361286,5.9535393659,0.5847634045,0.0273195652,-0.0200195368,11.5768271857,7.6638351623,-0.3793909404,-0.0005750580,-0.0014933364,-0.0000172721,0.0048793456,-0.0063448009,0.0207330119,0.0010821600,0.0755799736,0.0018306945,1,0,0,0,0,0,0,0,0,0,0,0,0,0,1,1
28.7000000000,461.6241907483,-174.8833550555,5.9469096474,0.5847538202,0.0272946763,-0.0200198247,11.5769085081,7.6637294156,-0.3790453902,-0.0005570220,-0.0002336702,0.0000132395,0.0043423830,-0.0063999280,0.0032308379,0.0010436398,1.1706815267,-0.0010525720,1,0,0,0,0,0,0,0,0,0,0,0,0,0,1,1
28.7166666667,461.8170685389,-174.7556755993,5.9403185239,0.5847445365,0.0272907818,-0.0200196040,11.5769808811,7.6636227501,-0.3789915429,-0.0005396280,0.0192776886,-0.0000043034,-0.0019977769,-0.0103071993,-0.2678682544,0.0009046802,-0.0000918260,0.0001080872,1,0,0,0,0,0,0,0,0,0,0,0,0,0,1,1
28.7333333333,462.0099475223,-174.6279978481,5.9343264383,0.5847355427,0.0276120766,-0.0200196757,11.5769475849,7.6634509635,-0.3834560138,-0.0005245500,0.0192761581,-0.0000025019,-0.0021796152,-0.0101763928,-0.2676235496,0.0011624400,-0.0000862627,0.0000445731,1,0,0,0,0,0,0,0,0,0,0,0,0,0,1,1
28.7500000000,462.2028242122,-174.5003240405,5.9283344588,0.5847268002,0.0279333459,-0.0200197174,11.5769112579,7.6632813569,-0.3879164063,-0.0005051760,0.0192747204,-0.0000017590,-0.0023994419,-0.0099991779,-0.2676013673,0.0010011598,-0.0000989150,-0.0000670600,1,0,0,0,0,0,0,0,0,0,0,0,0,0,1,1
28.7666666667,462.3956985342,-174.3726541358,5.9223425857,0.5847183806,0.0282545912,-0.0200197467,11.5768712673,7.6631147040,-0.3923764291,-0.0004884900,0.0192730718,-0.0000028767,-0.0025985398,-0.0098530459,-0.2675760372,0.0011422802,-0.2859711329,-0.0036059318,1,0,0,0,0,0,0,0,0,0,0,0,0,0,1,1
28.7833333333,462.5885704168,-174.2449881037,5.9163508123,0.5847102391,0.0285758091,-0.0200197947,11.5768279582,7.6629504865,-0.3968360297,-0.0004694520,0.0145068863,-0.0000629756,-0.0012221767,-0.0086248724,-0.2013485874,0.0007225200,-0.1011228464,0.0036802063,1,0,0,0,0,0,0,0,0,0,0,0,0,0,1,1
28.8000000000,462.7814397729,-174.1173259146,5.9100666530,0.5847024149,0.0288175905,-0.0200208443,11.5768075887,7.6628067387,-0.4001918395,-0.0004574100,0.0128215055,-0.0000016388,-0.0007890385,-0.0081376477,-0.1779828658,0.0011685598,-0.0000338681,0.0005659905,1,0,0,0,0,0,0,0,0,0,0,0,0,0,1,1
28.8166666667,462.9743074258,-173.9896669673,5.9036791587,0.5846947914,0.0290312823,-0.0200208716,11.5767944380,7.6626711112,-0.4031582206,-0.0004379340,0.0128209410,0.0000077944,-0.0009704256,-0.0079332584,-0.1779941948,0.0010310402,-0.0000482559,-0.0007142739,1,0,0,0,0,0,0,0,0,0,0,0,0,0,1,1
28.8333333333,463.1671736294,-173.8620110034,5.8972916596,0.5846874925,0.0292449646,-0.0200207417,11.5767782642,7.6625388902,-0.4061247905,-0.0004207500,0.0128201368,-0.0000041102,-0.0011335782,-0.0077551588,-0.1779818995,0.0008499600,0.0231517621,-0.0028006489,1,0,0,0,0,0,0,0,0,0,0,0,0,0,1,1
28.8500000000,463.3600383222,-173.7343579848,5.8909041090,0.5846804800,0.0294586336,-0.0200208102,11.5767593713,7.6624096376,-0.4090911555,-0.0004065840,0.0132059995,-0.0000507877,-0.0014067491,-0.0077000367,-0.1833474478,0.0009244799,0.0322380469,0.0028373226,1,0,0,0,0,0,0,0,0,0,0,0,0,0,1,1
28.8666666667,463.5529014601,-173.6067078747,5.8844471565,0.5846737036,0.0296787336,-0.0200216567,11.5767359254,7.6622813036,-0.4121469463,-0.0003911760,0.0137433003,-0.0000034990,-0.0017445608,-0.0076669545,-0.1908026705,0.0008398801,-0.0005713399,-0.0007698982,1,0,0,0,0,0,0,0,0,0,0,0,0,0,1,1
28.8833333333,463.7457629227,-173.4790606814,5.8778930514,0.5846671840,0.0299077886,-0.0200217150,11.5767068495,7.6621535211,-0.4153269908,-0.0003771780,0.0137337779,-0.0000163306,-0.0018848353,-0.0075266489,-0.1906621918,0.0007578000,-0.0003677640,0.0005269514,1,0,0,0,0,0,0,0,0,0,0,0,0,0,1,1
28.9000000000,463.9386225509,-173.3514164460,5.8713389862,0.5846608977,0.0301366849,-0.0200219871,11.5766754355,7.6620280769,-0.4185046940,-0.0003645480,0.0137276485,-0.0000075481,-0.0020158531,-0.0074031521,-0.1905758157,0.0009197999,-0.1072719998,0.0013263190,1,0,0,0,0,0,0,0,0,0,0,0,0,0,1,1
28.9166666667,464.1314803032,-173.2237751372,5.8647849895,0.5846548219,0.0303654790,-0.0200221129,11.5766418379,7.6619046910,-0.4216809576,-0.0003492180,0.0119397819,0.0000145572,-0.0015357702,-0.0068300128,-0.1657192261,0.0017049601,-1.0207659400,-0.0016205640,1,0,0,0,0,0,0,0,0,0,0,0,0,0,1,1
28.9333333333,464.3243361314,-173.0961367156,5.8581929466,0.5846490016,0.0305644754,-0.0200218703,11.5766162418,7.6617908575,-0.4244429447,-0.0003208020,-0.0050729838,-0.0000124522,0.0042563060,-0.0025236166,0.0706336858,0.0027586800,-0.0000054450,-0.0000833765,1,0,0,0,0,0,0,0,0,0,0,0,0,0,1,1
28.9500000000,464.5171903000,-172.9685008756,5.8512366576,0.5846436549,0.0304799257,-0.0200220779,11.5766871802,7.6617487972,-0.4232657166,-0.0002748240,-0.0050730746,-0.0000138418,0.0038937400,-0.0019981153,0.0704263739,0.0034613999,0.0000129977,0.0001000991,1,0,0,0,0,0,0,0,0,0,0,0,0,0,1,1
28.9666666667,464.7100460518,-172.8408652581,5.8442803623,0.5846390745,0.0303953744,-0.0200223086,11.5767520759,7.6617154953,-0.4220919437,-0.0002171340,-0.0050728579,-0.0000121734,0.0034467231,-0.0013336446,0.0704237283,0.0039888001,0.0000187299,0.0002843198,1,0,0,0,0,0,0,0,0,0,0,0,0,0,1,1
28.9833333333,464.9029032620,-172.7132296786,5.8373240556,0.5846354556,0.0303108268,-0.0200225114,11.5768095213,7.6616932679,-0.4209182149,-0.0001506540,-0.0050725458,-0.0000074348,0.0029322959,-0.0005673840,0.0704195819,0.0046418400,0.0501196143,-0.0013809227,1,0,0,0,0,0,0,0,0,0,0,0,0,0,1,1
29.0000000000,465.0957617793,-172.5855939307,5.8303677335,0.5846329447,0.0302262843,-0.0200226354,11.5768583929,7.6616838115,-0.4197445552,-0.0000732900,-0.0042372189,-0.0000304502,0.0020427128,0.0001318085,0.0588141239,0.0053128800,0.0147103161,0.0018868714,1,0,0,0,0,0,0,0,0,0,0,0,0,0,1,1
29.0166666667,465.2886214398,-172.4579577651,5.8233550769,0.5846317232,0.0301556640,-0.0200231429,11.5768924381,7.6616860083,-0.4187643198,0.0000152580,-0.0039920469,0.0000009977,0.0012755667,0.0010981758,0.0554168041,0.0057006000,0.0000544706,0.0004860438,1,0,0,0,0,0,0,0,0,0,0,0,0,0,1,1
29.0333333333,465.4814818940,-172.3303210033,5.8163257902,0.5846319775,0.0300891299,-0.0200231262,11.5769136975,7.6617043112,-0.4178407064,0.0001102680,-0.0039911391,0.0000090984,0.0005443011,0.0021959154,0.0554073359,0.0061174800,0.0000331251,-0.0003023185,1,0,0,0,0,0,0,0,0,0,0,0,0,0,1,1
29.0500000000,465.6743428832,-172.2026833780,5.8092963817,0.5846338153,0.0300226109,-0.0200229746,11.5769227692,7.6617409098,-0.4169172508,0.0002122260,-0.0039905870,0.0000040598,-0.0002401831,0.0033741700,0.0553997820,0.0062708401,-0.8671314675,0.0088823789,1,0,0,0,0,0,0,0,0,0,0,0,0,0,1,1
29.0666666667,465.8672041924,-172.0750445601,5.8022667978,0.5846373524,0.0299561011,-0.0200229069,11.5769187662,7.6617971460,-0.4159939211,0.0003167400,-0.0184427781,0.0001520994,0.0039414674,0.0078814510,0.2561662031,0.0065199599,-1.0544211237,-0.0096327989,1,0,0,0,0,0,0,0,0,0,0,0,0,0,1,1
29.0833333333,466.0600656009,-171.9474042120,5.7951410961,0.5846426314,0.0296487215,-0.0200203719,11.5769844573,7.6619285035,-0.4117244844,0.0004254060,-0.0360164635,-0.0000084472,0.0089852768,0.0130288985,0.5001786530,0.0067561200,0.0005590470,-0.0004430626,1,0,0,0,0,0,0,0,0,0,0,0,0,0,1,1
29.1000000000,466.2529296372,-171.8197601588,5.7878982639,0.5846497215,0.0290484471,-0.0200205127,11.5771342119,7.6621456518,-0.4033881735,0.0005380080,-0.0360071461,-0.0000158316,0.0078646736,0.0141622077,0.4998853730,0.0065919602,0.0003731686,0.0006125834,1,0,0,0,0,0,0,0,0,0,0,0,0,0,1,1
29.1166666667,466.4457993286,-171.6921098758,5.7806555100,0.5846586883,0.0284483280,-0.0200207766,11.5772652898,7.6623816886,-0.3950567506,0.0006478740,-0.0360009266,-0.0000056219,0.0067705160,0.0152673553,0.4998077239,0.0067957198,-0.0339036102,0.0104420208,1,0,0,0,0,0,0,0,0,0,0,0,0,0,1,1
29.1333333333,466.6386743018,-171.5644531018,5.7734127153,0.5846694862,0.0278483126,-0.0200208703,11.5773781317,7.6626361445,-0.3867266219,0.0007611360,-0.0365659868,0.0001684118,0.0058295715,0.0165307830,0.5076207051,0.0069393600,-0.2251235026,-0.0100010848,1,0,0,0,0,0,0,0,0,0,0,0,0,0,1,1
29.1500000000,466.8315541687,-171.4367895705,5.7662396204,0.5846821718,0.0272388795,-0.0200180634,11.5774752913,7.6629116576,-0.3782662768,0.0008767920,-0.0403180451,0.0000017271,0.0058422770,0.0184651953,0.5597920367,0.0066873603,-0.0000876403,-0.0001678044,1,0,0,0,0,0,0,0,0,0,0,0,0,0,1,1
29.1666666667,467.0244386464,-171.3091189338,5.7595355846,0.5846967850,0.0265669120,-0.0200180346,11.5775726625,7.6632194108,-0.3689364095,0.0009882480,-0.0403195058,-0.0000010697,0.0046738180,0.0195481427,0.5597928863,0.0067607996,-0.0000794275,0.0001972695,1,0,0,0,0,0,0,0,0,0,0,0,0,0,1,1
29.1833333333,467.2173280006,-171.1814405001,5.7528312884,0.5847132558,0.0258949203,-0.0200180525,11.5776505595,7.6635452132,-0.3596065281,0.0011009280,-0.0403208296,0.0000022181,0.0034965535,0.0206455496,0.5598210289,0.0063457200,-0.0000834832,0.0004570185,1,0,0,0,0,0,0,0,0,0,0,0,0,0,1,1
29.2000000000,467.4102218100,-171.0537540276,5.7461267224,0.5847316046,0.0252229065,-0.0200180155,11.5777088354,7.6638893057,-0.3502761776,0.0012066900,-0.0403222210,0.0000098351,0.0023721165,0.0216629570,0.5598498409,0.0063669605,2.0404774025,-0.0165849799,1,0,0,0,0,0,0,0,0,0,0,0,0,0,1,1
29.2166666667,467.6031196789,-170.9260592884,5.7394218863,0.5847517161,0.0245508694,-0.0200178516,11.5777483707,7.6642503550,-0.3409453469,0.0013128060,-0.0063142643,-0.0002665812,-0.0082750393,0.0163821392,0.0874539129,0.0062049595,0.4814901982,0.0187711068,1,0,0,0,0,0,0,0,0,0,0,0,0,0,1,1
29.2333333333,467.7960212109,-170.7983560535,5.7326141313,0.5847735962,0.0244456317,-0.0200222946,11.5776104533,7.6645233906,-0.3394877817,0.0014162220,0.0017105724,0.0000462706,-0.0113410073,0.0160744524,-0.0238322038,0.0055717200,0.0001646700,0.0004423818,1,0,0,0,0,0,0,0,0,0,0,0,0,0,1,1
29.2500000000,467.9889207174,-170.6706476112,5.7257819227,0.5847971999,0.0244741412,-0.0200215234,11.5774214366,7.6647912982,-0.3398849851,0.0015090840,0.0017133169,0.0000536436,-0.0120528974,0.0171495390,-0.0237889261,0.0054536406,0.0001911297,-0.0003087279,1,0,0,0,0,0,0,0,0,0,0,0,0,0,1,1
29.2666666667,468.1818167418,-170.5429344960,5.7189495701,0.5848223513,0.0245026965,-0.0200206294,11.5772205549,7.6650771238,-0.3402814672,0.0015999780,0.0017165024,0.0000484981,-0.0127515160,0.0182004995,-0.0238332003,0.0057034794,0.7857082766,0.0103124207,1,0,0,0,0,0,0,0,0,0,0,0,0,0,1,1
29.2833333333,468.3747090942,-170.4152164129,5.7121170460,0.5848490176,0.0245313049,-0.0200198211,11.5770080297,7.6653804655,-0.3406786872,0.0016950360,0.0148116403,0.0002203718,-0.0172245381,0.0168215305,-0.2057876877,0.0049168800,0.8243756404,-0.0094669341,1,0,0,0,0,0,0,0,0,0,0,0,0,0,1,1
29.3000000000,468.5675975643,-170.2874930626,5.7059633270,0.5848772682,0.0247781656,-0.0200161482,11.5767209540,7.6656608243,-0.3441084820,0.0017769840,0.0285512343,0.0000625896,-0.0218951883,0.0150928678,-0.3965645452,0.0045568807,-0.0002466090,0.0002689460,1,0,0,0,0,0,0,0,0,0,0,0,0,0,1,1
29.3166666667,468.7604799016,-170.1597655557,5.7005218997,0.5849068846,0.0252540195,-0.0200151050,11.5763560342,7.6659123721,-0.3507178911,0.0018529320,0.0285471242,0.0000670720,-0.0226309725,0.0158697992,-0.3963644475,0.0044481593,-0.0001965244,0.0000061168,1,0,0,0,0,0,0,0,0,0,0,0,0,0,1,1
29.3333333333,468.9533537033,-170.0320351323,5.6950803333,0.5849377668,0.0257298049,-0.0200139872,11.5759788514,7.6661768688,-0.3573239652,0.0019270680,0.0285438488,0.0000671740,-0.0233558556,0.0166234935,-0.3963142253,0.0042699600,0.0177831439,0.0076759094,1,0,0,0,0,0,0,0,0,0,0,0,0,0,1,1
29.3500000000,469.1462187192,-169.9043016163,5.6896386542,0.5849698846,0.0262055357,-0.0200128676,11.5755895871,7.6664539270,-0.3639292023,0.0019982340,0.0288402345,0.0001951058,-0.0241499319,0.0172818013,-0.4003972193,0.0038365207,0.0914694471,-0.0075743299,1,0,0,0,0,0,0,0,0,0,0,0,0,0,1,1
29.3666666667,469.3390747149,-169.7765648341,5.6843227785,0.5850031885,0.0266862063,-0.0200096158,11.5751870882,7.6667419570,-0.3706024893,0.0020621760,0.0303647253,0.0000688670,-0.0252817279,0.0175962109,-0.4215998836,0.0031222793,-0.0042120028,0.0081698217,1,0,0,0,0,0,0,0,0,0,0,0,0,0,1,1
29.3833333333,469.5319214199,-169.6488246692,5.6796363626,0.5850375581,0.0271922850,-0.0200084681,11.5747657261,7.6670352272,-0.3776291540,0.0021142140,0.0302945252,0.0002050306,-0.0258358182,0.0180948071,-0.4205914312,0.0031348800,-0.1359895368,0.2917536884,1,0,0,0,0,0,0,0,0,0,0,0,0,0,1,1
29.4000000000,469.7247583603,-169.5210811959,5.6749499857,0.5850727950,0.0276971938,-0.0200050509,11.5743351291,7.6673368073,-0.3846390112,0.0021664620,0.0280280329,0.0050675921,-0.0256743109,0.0190709547,-0.3891163551,0.0027363608,-0.1135516852,0.1592639672,1,0,0,0,0,0,0,0,0,0,0,0,0,0,1,1
29.4166666667,469.9175853426,-169.3933343012,5.6702636330,0.5851089027,0.0281643277,-0.0199205910,11.5739072240,7.6676546566,-0.3911242838,0.0022120680,0.0261355049,0.0077219916,-0.0255483624,0.0199130185,-0.3628070041,0.0024515992,-3.3224568562,-1.2324364997,1,0,0,0,0,0,0,0,0,0,0,0,0,0,1,1
29.4333333333,470.1104025858,-169.2655836293,5.6655772921,0.5851457705,0.0285999194,-0.0197918912,11.5734814179,7.6679865402,-0.3971710672,0.0022529280,-0.0292387761,-0.0128186168,-0.0076667367,0.0324408882,0.4064019113,0.0022773600,-1.1315490468,0.7719142065,1,0,0,0,0,0,0,0,0,0,0,0,0,0,1,1
29.4500000000,470.3032102601,-169.1378288795,5.6590077913,0.5851833193,0.0281126065,-0.0200055348,11.5733536390,7.6685272217,-0.3903977020,0.0022908840,-0.0480979269,0.0000466200,-0.0021356619,0.0367393813,0.6679058506,0.0015631208,-0.0002206789,0.0000388242,1,0,0,0,0,0,0,0,0,0,0,0,0,0,1,1
29.4666666667,470.4960183926,-169.0100632321,5.6520907213,0.5852215007,0.0273109744,-0.0200047578,11.5733180446,7.6691395447,-0.3792659378,0.0023169360,-0.0481016048,0.0000472671,-0.0027857731,0.0367441941,0.6678259166,0.0015379192,-0.0003960412,-0.0015532371,1,0,0,0,0,0,0,0,0,0,0,0,0,0,1,1
29.4833333333,470.6888301649,-168.8822844572,5.6451730835,0.5852601163,0.0265092809,-0.0200039700,11.5732716150,7.6697519479,-0.3681355059,0.0023425680,-0.0481082055,0.0000213798,-0.0034284647,0.0367467748,0.6679313928,0.0011134800,0.1629225656,0.0003802468,1,0,0,0,0,0,0,0,0,0,0,0,0,0,1,1
29.5000000000,470.8816452657,-168.7544926423,5.6382548446,0.5852991591,0.0257074775,-0.0200036136,11.5732144740,7.6703643942,-0.3570033160,0.0023611260,-0.0453928294,0.0000277173,-0.0048026294,0.0361467090,0.6302396206,0.0009133209,0.1481257591,0.0007735347,1,0,0,0,0,0,0,0,0,0,0,0,0,0,1,1
29.5166666667,471.0744634117,-168.6266878879,5.6313611762,0.5853385112,0.0249509304,-0.0200031517,11.5731344301,7.6709668393,-0.3464993223,0.0023763480,-0.0429240668,0.0000406095,-0.0060108745,0.0356009865,0.5959607005,0.0005781591,0.0000362460,-0.0001719218,1,0,0,0,0,0,0,0,0,0,0,0,0,0,1,1
29.5333333333,471.2672838904,-168.4988705948,5.6244898906,0.5853781170,0.0242355292,-0.0200024749,11.5730342489,7.6715601891,-0.3365666440,0.0023859840,-0.0429234627,0.0000377441,-0.0064416139,0.0354771947,0.5959806109,0.0004615200,-0.0000625587,-0.0000079266,1,0,0,0,0,0,0,0,0,0,0,0,0,0,1,1
29.5500000000,471.4601060684,-168.3710411382,5.6176182443,0.5854178834,0.0235201382,-0.0200018458,11.5729268887,7.6721514757,-0.3266336338,0.0023936760,-0.0429245053,0.0000376120,-0.0068574644,0.0353310670,0.5960051028,-0.0000871191,0.3489821696,0.0004871228,1,0,0,0,0,0,0,0,0,0,0,0,0,0,1,1
29.5666666667,471.6529297352,-168.2431996208,5.6107462332,0.5854577780,0.0228047298,-0.0200012189,11.5728125976,7.6727403268,-0.3167002154,0.0023922240,-0.0371081358,0.0000457307,-0.0086937015,0.0340906792,0.5152539976,0.0000460791,1.3758200505,0.0008989869,1,0,0,0,0,0,0,0,0,0,0,0,0,0,1,1
29.5833333333,471.8457546995,-168.1153461751,5.6040084400,0.5854976484,0.0221862608,-0.0200004568,11.5726677026,7.6733085048,-0.3081126488,0.0023929920,-0.0141778017,0.0000607139,-0.0147445917,0.0300921581,0.1966939314,-0.0005673600,0.0137276168,0.0283679547,1,0,0,0,0,0,0,0,0,0,0,0,0,0,1,1
29.6000000000,472.0385799271,-167.9874814834,5.5977999410,0.5855375316,0.0219499642,-0.0199994449,11.5724219593,7.6738100407,-0.3048344166,0.0023835360,-0.0139490080,0.0005335131,-0.0147664556,0.0299205382,0.1936882798,-0.0007829991,0.1199789751,0.2579331575,1,0,0,0,0,0,0,0,0,0,0,0,0,0,1,1
29.6166666667,472.2314020845,-167.8596077990,5.5916028212,0.5855772572,0.0217174807,-0.0199905530,11.5721758518,7.6743087164,-0.3016062786,0.0023704860,-0.0119493585,0.0048323991,-0.0152029690,0.0294139915,0.1659087547,-0.0005356809,0.1472088988,0.1478250861,1,0,0,0,0,0,0,0,0,0,0,0,0,0,1,1
29.6333333333,472.4242211511,-167.7317251956,5.5855056823,0.5856167653,0.0215183247,-0.0199100130,11.5719224690,7.6747989496,-0.2988411327,0.0023615580,-0.0094958768,0.0072961505,-0.0157691824,0.0288899396,0.1318378137,-0.0008434800,2.4268140434,-1.1846637479,1,0,0,0,0,0,0,0,0,0,0,0,0,0,1,1
29.6500000000,472.6170368410,-167.6038339044,5.5795312302,0.5856561246,0.0213600601,-0.0197884105,11.5716596493,7.6752804486,-0.2966438358,0.0023475000,0.0309510239,-0.0124482453,-0.0257679432,0.0220234771,-0.4301128552,-0.0014173192,0.8490403106,0.7527244597,1,0,0,0,0,0,0,0,0,0,0,0,0,0,1,1
29.6666666667,472.8098488354,-167.4759342015,5.5744617228,0.5856952496,0.0218759105,-0.0199958812,11.5712301835,7.6756475065,-0.3038123834,0.0023238780,0.0451016958,0.0000971624,-0.0294548550,0.0191831261,-0.6263929100,-0.0011973608,-0.0007449355,-0.0007257168,1,0,0,0,0,0,0,0,0,0,0,0,0,0,1,1
29.6833333333,473.0026515753,-167.3480298836,5.5699513502,0.5857339809,0.0226276054,-0.0199942619,11.5707392693,7.6759672253,-0.3142522652,0.0023039220,0.0450892802,0.0000850671,-0.0296887608,0.0186940087,-0.6260878128,-0.0014832000,0.0000295087,-0.0013203697,1,0,0,0,0,0,0,0,0,0,0,0,0,0,1,1
29.7000000000,473.1954429479,-167.2201224457,5.5654405144,0.5857723796,0.0233790934,-0.0199928441,11.5702444566,7.6762787921,-0.3246870621,0.0022792020,0.0450897720,0.0000630609,-0.0298916585,0.0181462616,-0.6260838467,-0.0014882392,-0.0739022717,0.0010828942,1,0,0,0,0,0,0,0,0,0,0,0,0,0,1,1
29.7166666667,473.3882227949,-167.0922121078,5.5609298620,0.5858103663,0.0241305896,-0.0199917931,11.5697462623,7.6765812298,-0.3351217929,0.0022543980,0.0438580674,0.0000811092,-0.0297390076,0.0178328091,-0.6089649444,-0.0018284408,-0.0577938137,-0.0000252101,1,0,0,0,0,0,0,0,0,0,0,0,0,0,1,1
29.7333333333,473.5809909552,-166.9642990919,5.5563001700,0.5858479396,0.0248615574,-0.0199904412,11.5692506122,7.6768784433,-0.3452712086,0.0022239240,0.0428948372,0.0000806890,-0.0295910549,0.0174218780,-0.5955752089,-0.0016380000,-0.0003790152,0.0000403573,1,0,0,0,0,0,0,0,0,0,0,0,0,0,1,1
29.7500000000,473.7737474660,-166.8363835159,5.5515774685,0.5858850050,0.0255764714,-0.0199890964,11.5687574279,7.6771688079,-0.3551974621,0.0021966240,0.0428885203,0.0000813616,-0.0297348529,0.0168701967,-0.5954861087,-0.0020919592,-0.0002875667,-0.0002831496,1,0,0,0,0,0,0,0,0,0,0,0,0,0,1,1
29.7666666667,473.9664923416,-166.7084654968,5.5468546314,0.5859216154,0.0262912800,-0.0199877404,11.5682618471,7.6774499779,-0.3651222306,0.0021617580,0.0428837275,0.0000766424,-0.0298205926,0.0162308810,-0.5954083825,-0.0022010408,-0.3427956108,0.0010064472,1,0,0,0,0,0,0,0,0,0,0,0,0,0,1,1
29.7833333333,474.1592254642,-166.5805452747,5.5421317582,0.5859576447,0.0270060088,-0.0199864630,11.5677648371,7.6777204925,-0.3750457036,0.0021250740,0.0371704673,0.0000934166,-0.0280623414,0.0167852843,-0.5159856168,-0.0021909600,-1.0924202460,-0.0017884461,1,0,0,0,0,0,0,0,0,0,0,0,0,0,1,1
29.8000000000,474.3519467089,-166.4526231035,5.5372243268,0.5859930626,0.0276255166,-0.0199849061,11.5672971315,7.6780002473,-0.3836454639,0.0020885580,0.0189634632,0.0000636091,-0.0221279749,0.0201149946,-0.2630910535,-0.0017254793,0.0001624754,-0.0003127291,1,0,0,0,0,0,0,0,0,0,0,0,0,0,1,1
29.8166666667,474.5446569775,-166.3246985541,5.5317270492,0.5860278719,0.0279415743,-0.0199838459,11.5669283319,7.6783354972,-0.3880303148,0.0020598000,0.0189661712,0.0000583970,-0.0219823140,0.0197318281,-0.2633175371,-0.0021718807,0.0000889036,0.0000376316,1,0,0,0,0,0,0,0,0,0,0,0,0,0,1,1
29.8333333333,474.7373594751,-166.1967696321,5.5262298646,0.5860622019,0.0282576772,-0.0199828726,11.5665619600,7.6786643610,-0.3924189404,0.0020236020,0.0189676529,0.0000590242,-0.0217747326,0.0192658496,-0.2633356075,-0.0022240800,0.0000653338,0.0001175082,1,0,0,0,0,0,0,0,0,0,0,0,0,0,1,1
29.8500000000,474.9300542303,-166.0688364870,5.5207327368,0.5860959286,0.0285738047,-0.0199818889,11.5661990478,7.6789854585,-0.3968078672,0.0019865340,0.0189687418,0.0000609826,-0.0215602717,0.0187898475,-0.2633483336,-0.0023583593,-0.4640192793,0.0081827261,1,0,0,0,0,0,0,0,0,0,0,0,0,0,1,1
29.8666666667,475.1227412867,-165.9408992612,5.5152356558,0.5861290375,0.0288899504,-0.0199808725,11.5658397099,7.6792986226,-0.4011970061,0.0019472280,0.0112350871,0.0001973614,-0.0187192800,0.0200207221,-0.1559090408,-0.0023677207,-0.0426850001,-0.0080198729,1,0,0,0,0,0,0,0,0,0,0,0,0,0,1,1
29.8833333333,475.3154206931,-165.8129581044,5.5085758192,0.5861614913,0.0290772019,-0.0199775832,11.5655277219,7.6796323013,-0.4037954901,0.0019077660,0.0105236705,0.0000636969,-0.0182017464,0.0197063744,-0.1460918096,-0.0021178800,-0.0001652705,-0.0000874903,1,0,0,0,0,0,0,0,0,0,0,0,0,0,1,1
29.9000000000,475.5080939368,-165.6850122125,5.5018104577,0.5861932874,0.0292525964,-0.0199765216,11.5652243595,7.6799607409,-0.4062303536,0.0018724680,0.0105209160,0.0000622387,-0.0179518272,0.0192837772,-0.1460617197,-0.0025631993,-0.0002171433,-0.0000210777,1,0,0,0,0,0,0,0,0,0,0,0,0,0,1,1
29.9166666667,475.7007612159,-165.5570616171,5.4950449846,0.5862244952,0.0294279450,-0.0199754843,11.5649251624,7.6802821372,-0.4086647156,0.0018297480,0.0105172969,0.0000618874,-0.0176443456,0.0187757370,-0.1460107027,-0.0024631207,-0.1934981539,-0.0005316096,1,0,0,0,0,0,0,0,0,0,0,0,0,0,1,1
29.9333333333,475.8934226135,-165.4291064604,5.4882793886,0.5862549910,0.0296032333,-0.0199744528,11.5646310899,7.6805950661,-0.4110982273,0.0017886960,0.0072923277,0.0000530272,-0.0162398494,0.0190241017,-0.1011944457,-0.0021139200,-0.1315178520,0.0001271311,1,0,0,0,0,0,0,0,0,0,0,0,0,0,1,1
29.9500000000,476.0860781987,-165.3011468875,5.4814526508,0.5862848026,0.0297247721,-0.0199735690,11.5643604258,7.6809121345,-0.4127848014,0.0017534640,0.0051003635,0.0000551461,-0.0152240516,0.0191114042,-0.0707794919,-0.0024177594,-0.0002684769,-0.0002955835,1,0,0,0,0,0,0,0,0,0,0,0,0,0,1,1
29.9666666667,476.2787286554,-165.1731826069,5.4745842980,0.5863140270,0.0298097781,-0.0199726499,11.5641066916,7.6812306579,-0.4139644596,0.0017131680,0.0050958888,0.0000502197,-0.0149191707,0.0186421403,-0.0707448544,-0.0022903206,-0.0002665374,0.0001535102,1,0,0,0,0,0,0,0,0,0,0,0,0,0,1,1
29.9833333333,476.4713744870,-165.0452134706,5.4677158008,0.5863425798,0.0298947096,-0.0199718129,11.5638580387,7.6815413602,-0.4151435405,0.0016749960,0.0050914466,0.0000527782,-0.0146299369,0.0181980027,-0.0706829757,-0.0022903206,-0.0002665374,0.0001535102,1,0,0,0,0,0,0,0,0,0,0,0,0,0,1,1
30.0000000000,476.6640157654,-164.9172396082,5.4608471623,0.5863704964,0.0299795671,-0.0199709333,11.5636142065,7.6818446603,-0.4163215901,0.0016749960,0.0050914466,0.0000527782,-0.0146299320,0.0181980060,-0.0706829759,-0.0022903206,-0.0002665374,0.0001535102,1,0,0,0,0,0,0,0,0,0,0,0,0,0,1,1
