0,0,0
-2.58360933865754e-12,-2.31125294115132e-07,2.14531493675396e-11
-1.79673429233498e-11,-1.57482400146227e-06,1.45883344696684e-10
-6.09950063112267e-11,-4.15729579740228e-06,3.41329458025348e-10
-1.65880471211528e-10,-7.36288892650133e-06,2.7887447998502e-10
-3.44945463542118e-10,-1.03237791291574e-05,-2.45880770338898e-10
-5.56769409526818e-10,-1.22472141762564e-05,-9.58977431435313e-10
-7.34893886861838e-10,-1.25684853606649e-05,-1.49271122709606e-09
-8.50476926497283e-10,-1.09792258725697e-05,-1.61140864568354e-09
-9.35563003383928e-10,-7.38470689109281e-06,-1.4151186316815e-09
-1.01522596935288e-09,-1.83117293293606e-06,-1.12670912109847e-09
-1.0934825462588e-09,5.56921733705359e-06,-9.25713536871091e-10
-1.16998092017081e-09,1.46980094714488e-05,-8.95396972388571e-10
-1.23854641943108e-09,2.54658188283123e-05,-1.03609809853424e-09
-1.27663290326916e-09,3.78237665796662e-05,-1.28226448083887e-09
-1.26837116647198e-09,5.17574266108873e-05,-1.53420323607628e-09
-1.22660921978948e-09,6.72729510466195e-05,-1.71114070598238e-09
-1.2192294062939e-09,8.43828790895561e-05,-1.75134062825017e-09
-1.27003650969715e-09,0.000103096121138462,-1.47278605958513e-09
-1.40511887108699e-09,0.000123413019849462,-1.09875973037859e-09
-1.59220204151318e-09,0.000145325012244478,-8.73463883659062e-10
-1.80828584053207e-09,0.000168816773416213,-9.32976691284805e-10
-2.05524667071131e-09,0.000193868991521461,-1.44084001890108e-09
-2.31011351164303e-09,0.000220460644466854,-2.25816070449533e-09
-2.52665913046733e-09,0.000248570569040534,-2.92856092293444e-09
-2.6885142417369e-09,0.00027817809046899,-3.18911398762548e-09
-2.84320397623998e-09,0.000309263153783474,-3.37940059770117e-09
-3.04482041634277e-09,0.000341806458854742,-3.92512480518319e-09
-3.31266542212809e-09,0.000375789468237447,-5.06262399957589e-09
-3.63333044640964e-09,0.000411194439545072,-6.68893790603904e-09
-3.99556981220128e-09,0.000448003901000554,-8.60587698716625e-09
-4.39122138273357e-09,0.000486200319190197,-1.06536776985728e-08
-4.79037011827658e-09,0.000525766343322126,-1.27180563888879e-08
-5.16558903209523e-09,0.000566684954017709,-1.46700388405721e-08
-5.48773866815875e-09,0.000608939523475598,-1.62889289031313e-08
-5.75532051616144e-09,0.000652513761248687,-1.75577211352323e-08
-5.95538459801122e-09,0.00069739187952775,-1.85927116947056e-08
-6.06611637093077e-09,0.000743558882631878,-1.94654018059662e-08
-6.08599944544907e-09,0.00079100095716494,-2.01435258224251e-08
-6.00174109450178e-09,0.000839705968216306,-2.04125609914025e-08
-5.83505195608089e-09,0.000889663895102721,-2.01990925132061e-08
-5.65528102518065e-09,0.000940867361407951,-1.99243159078545e-08
-5.51879168347964e-09,0.000993312454019843,-2.0116961203937e-08
-5.43777842193006e-09,0.00104699935472181,-2.0874444822232e-08
-5.42638258436041e-09,0.00110193306069646,-2.19558448339617e-08
-5.48404893032139e-09,0.00115812394124521,-2.31369202454932e-08
-5.57228645939223e-09,0.00121558823707411,-2.42570486393453e-08
-5.64519303920581e-09,0.00127434752661387,-2.5182752372609e-08
-5.67577723530751e-09,0.00133442680605496,-2.58233453971563e-08
-5.66271260605673e-09,0.0013958486508745,-2.61554037098169e-08
-5.65625877846256e-09,0.00145861150991687,-2.62976658164711e-08
-5.70275460724645e-09,0.00152261441828761,-2.64589869439625e-08
-5.75631605041147e-09,0.00158748841471195,-2.63007452296311e-08
-5.81204031429889e-09,0.00165256968559825,-2.55649715210384e-08
-5.88092617036321e-09,0.0017172222302237,-2.46486078162111e-08
-5.96800242118203e-09,0.00178109021995076,-2.40112406130327e-08
-6.08196972325162e-09,0.00184411682955817,-2.38905381755651e-08
-6.22887025244488e-09,0.00190643573157739,-2.41806871133772e-08
-6.41417386325043e-09,0.00196822626056827,-2.47005920104391e-08
-6.61155515107459e-09,0.00202961389399328,-2.52993630611603e-08
-6.78103810584338e-09,0.00209064200315033,-2.58413724200912e-08
-6.89983098105511e-09,0.00215129376688766,-2.62185821443743e-08
-6.96593726942244e-09,0.00221153232488776,-2.63759675121715e-08
-7.00236482256706e-09,0.00227133373607722,-2.63280678791603e-08
-7.03603484773899e-09,0.00233070150297336,-2.62129811949631e-08
-7.11640653983414e-09,0.0023896640315308,-2.6446729543912e-08
-7.28718318184181e-09,0.00244826509394623,-2.74020217145661e-08
-7.5555729644414e-09,0.00250655491627635,-2.92538849811064e-08
-7.87288295629023e-09,0.00256458590687388,-3.18497719969283e-08
-8.19855190256954e-09,0.00262241251407571,-3.47478127298926e-08
-8.51844789418106e-09,0.00268009126123302,-3.75650738438929e-08
-8.83234915772223e-09,0.00273767480754904,-4.01004717195053e-08
-9.13320681500072e-09,0.00279517690785051,-4.22878881949189e-08
-9.37930284597704e-09,0.00285243703808508,-4.41440370346592e-08
-9.5186115906484e-09,0.00290891596044038,-4.59903100307554e-08
-9.55349598917565e-09,0.0029638875249369,-4.81331227351057e-08
-9.52309822154759e-09,0.0030168487845707,-5.07360735825816e-08
-9.46757116408033e-09,0.00306765134106691,-5.3844733213312e-08
-9.4197684032551e-09,0.00311642893568181,-5.73830920181204e-08
-9.38547815163621e-09,0.00316342916772278,-6.10574887678249e-08
-9.36076230738259e-09,0.00320886223638051,-6.45933555914327e-08
-9.34024709926454e-09,0.00325283732804623,-6.78115681758505e-08
-9.32216262497274e-09,0.00329537216783722,-7.06119965167683e-08
-9.31822662705968e-09,0.00333643831302686,-7.31789761239135e-08
-9.32279621944564e-09,0.00337601082685853,-7.58166622056882e-08
-9.3311941817577e-09,0.00341410034992559,-7.88945846490033e-08
-9.32499506491673e-09,0.00345076045660398,-8.22927984037205e-08
-9.29755991144122e-09,0.00348607652577207,-8.57639127964191e-08
-9.25714674784517e-09,0.00352014725575951,-8.91741835596934e-08
-9.21415636663303e-09,0.00355306797420247,-9.24688768241737e-08
-9.17365591805226e-09,0.00358491895457935,-9.56241062923212e-08
-9.13354041345266e-09,0.003615758171301,-9.85845990742014e-08
-9.09090765519136e-09,0.00364561618481515,-1.01314795169519e-07
-9.04497350757898e-09,0.00367449202292579,-1.03810228040897e-07
-8.99746408177839e-09,0.00370234984150587,-1.06085918761702e-07
-8.95159398489089e-09,0.00372911714502932,-1.08164537599499e-07
-8.91132933791831e-09,0.00375468669645426,-1.10092096156935e-07
-8.88122391059234e-09,0.003778923848682,-1.11994257590825e-07
-8.8600231702886e-09,0.00380167906604796,-1.13971312003361e-07
-8.84116585968741e-09,0.00382280239169009,-1.16041340057709e-07
-8.8156252268583e-09,0.00384215581713992,-1.18092418276977e-07
-8.78085490705305e-09,0.00385962103867209,-1.20006895378326e-07
-8.74055374581439e-09,0.00387510252391556,-1.21713296872713e-07
-8.70043786477755e-09,0.00388852723784048,-1.23187252334955e-07
-8.66450296801516e-09,0.00389984207334402,-1.24438332282902e-07
-8.63337847716319e-09,0.00390900962395213,-1.25493181930648e-07
-8.60487091638765e-09,0.00391600264105521,-1.26381553083917e-07
-8.57580606357301e-09,0.00392079746998191,-1.27127913384022e-07
-8.54715732816512e-09,0.00392336700609991,-1.27746129759523e-07
-8.53100227058076e-09,0.00392367422323994,-1.28219253780444e-07
-8.53505577805058e-09,0.0039216674526275,-1.28501064273777e-07
-8.55565293370642e-09,0.00391727803529097,-1.28547760285335e-07
-8.57731857210367e-09,0.0039104211904938,-1.2835197836455e-07
-8.60467295556638e-09,0.00390099981406366,-1.27924767239394e-07
-8.62272384588347e-09,0.00388891033151615,-1.27282572558677e-07
-8.62142181976136e-09,0.00387404936824911,-1.26455642552527e-07
-8.61250414038811e-09,0.00385632023661251,-1.25470479128168e-07
-8.64830684988745e-09,0.00383563824190094,-1.24314211427076e-07
-8.76456295771221e-09,0.00381193417726782,-1.22934159024841e-07
-8.97989613924999e-09,0.00378515649516436,-1.21273692156702e-07
-9.29934409775177e-09,0.00375527288605268,-1.19292711860206e-07
-9.72068631182108e-09,0.00372227119944329,-1.16971159337344e-07
-1.02332864211006e-08,0.00368615955849088,-1.14302666641773e-07
-1.07981956361076e-08,0.00364696568579412,-1.11299296903704e-07
-1.13508121194935e-08,0.00360473571367071,-1.0800906883277e-07
-1.18488031624874e-08,0.00355953296764258,-1.04503145083435e-07
-1.22815201389976e-08,0.00351143699959538,-1.00841554689362e-07
-1.2680723805959e-08,0.00346054307813935,-9.70404889709979e-08
-1.30728925196772e-08,0.00340696211607878,-9.30755540772216e-08
-1.34636281983537e-08,0.00335082086995505,-8.89116524597125e-08
-1.37845084592607e-08,0.00329226169240545,-8.45608072919077e-08
-1.398505656465e-08,0.00323144217258433,-8.00963044234636e-08
-1.40517828653771e-08,0.0031685340340711,-7.5600811997366e-08
-1.39961675365326e-08,0.00310371964583672,-7.11293332969956e-08
-1.3824544739564e-08,0.00303718452025389,-6.67242421510844e-08
-1.35899800262841e-08,0.00296910950979022,-6.24146124968475e-08
-1.33456556941735e-08,0.002899667351209,-5.82043152879029e-08
-1.31280460436313e-08,0.00282902463736734,-5.40900498432151e-08
-1.29560452483695e-08,0.0027573475038038,-5.00733429473495e-08
-1.28329457092393e-08,0.00268480847293116,-4.61620282516027e-08
-1.27452144471529e-08,0.00261159138746108,-4.23687770365054e-08
-1.26617058291075e-08,0.00253789139937855,-3.87283918772671e-08
-1.25674356290334e-08,0.00246390905788347,-3.52970486727033e-08
-1.2466956500943e-08,0.00238983979097586,-3.2123481797689e-08
-1.23760868091429e-08,0.00231586280601448,-2.92155694130799e-08
-1.23010608048891e-08,0.00224213314401128,-2.65415038174006e-08
-1.22383994292771e-08,0.00216877789282552,-2.40639844034404e-08
-1.21818403336261e-08,0.00209589662117046,-2.17591347048455e-08
-1.21271011225519e-08,0.00202356502648688,-1.96168999956583e-08
-1.20726730610774e-08,0.00195184027711137,-1.76333248549163e-08
-1.20148107853012e-08,0.00188076695074395,-1.57877367488925e-08
-1.19399436738055e-08,0.00181038269051023,-1.40024711968906e-08
-1.18389002278945e-08,0.0017407237404435,-1.22257620952855e-08
-1.17126523558772e-08,0.00167183001992417,-1.04634525218887e-08
-1.15870708760507e-08,0.00160374913577491,-8.86193717006695e-09
-1.14827214101605e-08,0.00153653875576035,-7.58969881463316e-09
-1.13931554626521e-08,0.00147026687351289,-6.69141228119816e-09
-1.12730222044521e-08,0.00140500978189408,-5.93550535136832e-09
-1.10988410162803e-08,0.00134084826460358,-5.06237171467726e-09
-1.08883711002365e-08,0.00127786249653722,-3.96545927433084e-09
-1.07131042597419e-08,0.00121612650577899,-2.85154548655286e-09
-1.06080585483804e-08,0.00115570288607915,-2.0054047261727e-09
-1.0551137723809e-08,0.00109663843352042,-1.60049182223539e-09
-1.05425838342343e-08,0.00103896111243736,-1.69490786619559e-09
-1.05728629672274e-08,0.000982678465782515,-2.3050066616241e-09
-1.06146536379907e-08,0.000927777708980122,-3.41231380959809e-09
-1.06378258936208e-08,0.000874227414617681,-4.93959463128257e-09
-1.06050827293223e-08,0.00082198081452748,-6.68375627895867e-09
-1.05064054164768e-08,0.00077098066337715,-8.46555458436612e-09
-1.03542879081446e-08,0.000721164722752638,-1.02013574499605e-08
-1.01947154307611e-08,0.000672471072696868,-1.19695268154417e-08
-1.00675069972433e-08,0.000624842373624085,-1.38702179989054e-08
-1.00041691668626e-08,0.000578228650041394,-1.60336860125401e-08
-1.00219027582903e-08,0.000532588289117913,-1.87394963839931e-08
-1.00859539403355e-08,0.000487887739796611,-2.21639181177406e-08
-1.0147522496059e-08,0.00044409936362608,-2.62575694786105e-08
-1.01592689122271e-08,0.000401197955862514,-3.06980640094448e-08
-1.01204612712123e-08,0.000359156382032041,-3.51964453267263e-08
-1.00647721752868e-08,0.00031794114948602,-3.96605318883881e-08
-9.9982309191248e-09,0.000277508052785032,-4.40620226063785e-08
-9.88373038407731e-09,0.000237798668822303,-4.81725237969104e-08
-9.72095484687476e-09,0.000198738279291037,-5.17513490966364e-08
-9.56052540372453e-09,0.000160235366357145,-5.48322772117611e-08
-9.44482643341102e-09,0.00012218298918541,-5.75612863004251e-08
-9.37775154318108e-09,8.44617929310914e-05,-6.00902099897201e-08
-9.34267134826748e-09,4.69442027710459e-05,-6.2566539073075e-08
-9.32745991749003e-09,9.49924942835653e-06,-6.51896182048354e-08
-9.30450219314097e-09,-2.80027502839087e-05,-6.79005348058852e-08
-9.26307500108692e-09,-6.56861604279485e-05,-7.05766785328278e-08
-9.21301883124951e-09,-0.000103666820176662,-7.31810902265031e-08
-9.15853346877041e-09,-0.00014204997106856,-7.56241083904097e-08
-9.10203061201796e-09,-0.000180929597527183,-7.78313823331947e-08
-9.05029672454111e-09,-0.000220389060373402,-7.97677753360357e-08
-9.01724361227462e-09,-0.00026050297891642,-8.13887275118357e-08
-8.98720953065909e-09,-0.000301339811980266,-8.26657035571799e-08
-8.94658857505599e-09,-0.000342964404369676,-8.36298933198319e-08
-8.89070265951869e-09,-0.000385439183933879,-8.43392951173562e-08
-8.81640649434021e-09,-0.00042882515847973,-8.48643755546425e-08
-8.74801966950618e-09,-0.000473183377101502,-8.52689898301819e-08
-8.72391371438249e-09,-0.000518576924211284,-8.55790640145618e-08
-8.73686832812921e-09,-0.000565072761990726,-8.57003229947317e-08
-8.72306748496862e-09,-0.00061274150064407,-8.55809094145585e-08
-8.6470046996536e-09,-0.000661655667891061,-8.52723195888532e-08
-8.51869651328877e-09,-0.000711886885018108,-8.48598386011504e-08
-8.38405481327407e-09,-0.000763502567439951,-8.4390370448318e-08
-8.27419925501645e-09,-0.000816563438076289,-8.38587744408221e-08
-8.1959863171062e-09,-0.000871120704147374,-8.32447363146654e-08
-8.1412692983416e-09,-0.000927213399060506,-8.25388417910308e-08
-8.10503726922642e-09,-0.000984866015570871,-8.17446807238073e-08
-8.09974336747397e-09,-0.0010440856037535,-8.08513373811651e-08
-8.10836998475141e-09,-0.00110485950741929,-7.98386707731091e-08
-8.10479557392794e-09,-0.00116715385968913,-7.8708566944053e-08
-8.07685068697459e-09,-0.00123091362372397,-7.74815192698751e-08
-8.02585461942239e-09,-0.00129606372442101,-7.6179602702651e-08
-7.97116362693865e-09,-0.00136251195219483,-7.48799470600684e-08
-7.95608800951693e-09,-0.00143015309991177,-7.37902872944177e-08
-7.96592075661316e-09,-0.00149887428238322,-7.28181108969039e-08
-7.93536298862903e-09,-0.00156855858087773,-7.18815810610808e-08
-7.83871455540913e-09,-0.00163908725866513,-7.11852237200675e-08
-7.71610305627886e-09,-0.00171034030527102,-7.09530895804051e-08
-7.62038933934294e-09,-0.00178219543698434,-7.12243717559556e-08
-7.55496294121875e-09,-0.00185452609993677,-7.17481016643303e-08
-7.50293830592241e-09,-0.00192719965496701,-7.22646990939482e-08
-7.44821716036227e-09,-0.00200007568272377,-7.26376941645629e-08
-7.38698120557944e-09,-0.00207300470530836,-7.28801556864172e-08
-7.31840956371217e-09,-0.00214582811820016,-7.30656605361624e-08
-7.24406118671788e-09,-0.00221837980979114,-7.32713480588225e-08
-7.19687535462854e-09,-0.00229049026405782,-7.35100592010837e-08
-7.2090907846673e-09,-0.00236199261712644,-7.38755110631796e-08
-7.26428593713555e-09,-0.00243272812006747,-7.44910254429882e-08
-7.34022519431858e-09,-0.00250255026927938,-7.54928006675507e-08
-7.42687621525862e-09,-0.00257132849123051,-7.69697599277091e-08
-7.50422110404894e-09,-0.00263895051000733,-7.88213345378003e-08
-7.51066610561623e-09,-0.00270532295893735,-8.05818262846983e-08
-7.45050317116548e-09,-0.0027703711609851,-8.20334104644905e-08
-7.3577615575321e-09,-0.00283403815316515,-8.32134544105643e-08
-7.25923458422663e-09,-0.0028962832622913,-8.42429527968562e-08
-7.17011605332973e-09,-0.00295707956480245,-8.52423507483777e-08
-7.09342227675669e-09,-0.00301641084711674,-8.62773217245103e-08
-7.0190246869943e-09,-0.00307426830243718,-8.73134825422564e-08
-6.94348252936932e-09,-0.00313064730084198,-8.83280763582328e-08
-6.87478476501903e-09,-0.00318554454661655,-8.93996957982058e-08
-6.84647652292704e-09,-0.00323895617909641,-9.07947897517326e-08
-6.87008488433492e-09,-0.00329087624314558,-9.2724086216949e-08
-6.92509471643192e-09,-0.00334129626557777,-9.51992492876674e-08
-6.9614412577774e-09,-0.0033902058567101,-9.79488656859908e-08
-6.95111352267959e-09,-0.00343759433954008,-1.00698473189493e-07
-6.89057350580931e-09,-0.00348345298229446,-1.03283292750409e-07
-6.79217465394966e-09,-0.0035277774480138,-1.05638589077421e-07
-6.68328249241595e-09,-0.00357057001801569,-1.07790847911006e-07
-6.58208551123134e-09,-0.00361184177907169,-1.09829249139375e-07
-6.49401840150626e-09,-0.00365161416603046,-1.11846708582629e-07
-6.4174323157676e-09,-0.00368991959667932,-1.13908054402714e-07
-6.36245550458505e-09,-0.00372680121663509,-1.16140952175944e-07
-6.37594713574171e-09,-0.00376231183171751,-1.18966210111769e-07
-6.47246065078581e-09,-0.00379651195224644,-1.22693559072268e-07
-6.61798198560179e-09,-0.00382946738728166,-1.27339952947492e-07
-6.73146808559225e-09,-0.00386124662556139,-1.32479650837615e-07
-6.77566489898879e-09,-0.00389191842805667,-1.37698077803274e-07
-6.77726537792429e-09,-0.00392154973435124,-1.42918292397047e-07
-6.81501007864413e-09,-0.00395020460623684,-1.48582689735192e-07
-6.91772196847183e-09,-0.00397794333353213,-1.551175397061e-07
-7.06799616513888e-09,-0.00400482237199008,-1.62674567104165e-07
-7.20292092334845e-09,-0.00403089512379263,-1.70960473830627e-07
-7.22568351174051e-09,-0.00405621358724093,-1.7910241660318e-07
-7.11475918270577e-09,-0.00408083028998333,-1.8637900540921e-07
-6.93576516749242e-09,-0.00410480038633813,-1.92616780624746e-07
-6.82625660904135e-09,-0.00412818362426187,-1.98562410313806e-07
-6.83901156162694e-09,-0.0041510458749238,-2.04923960473161e-07
-6.91490641253908e-09,-0.00417346009921877,-2.11760473115807e-07
-6.9702773513046e-09,-0.00419550635921695,-2.18705166086187e-07
-6.96917518936821e-09,-0.00421727115601058,-2.2542657116632e-07
-6.93346907410645e-09,-0.00423884598365925,-2.31930963994771e-07
-6.89830458893617e-09,-0.00426032604074463,-2.38431621225491e-07
-6.87703675423504e-09,-0.00428180798976559,-2.4512602639325e-07
-6.87259807667054e-09,-0.00430338764345068,-2.52032172649688e-07
-6.88037547235159e-09,-0.00432515781045872,-2.59062010878438e-07
-6.88836342940328e-09,-0.00434720658517514,-2.66062939316685e-07
-6.87743964409719e-09,-0.00436961623350049,-2.72740586796155e-07
-6.84406467746724e-09,-0.0043924623712934,-2.7887716427932e-07
-6.79795069142894e-09,-0.00441581264458822,-2.84388744589069e-07
-6.75162599120336e-09,-0.00443972515525465,-2.89288356834328e-07
-6.71035508386264e-09,-0.00446424808463579,-2.93590180839099e-07
-6.66628257534884e-09,-0.00448942110708593,-2.9715026953496e-07
-6.62174928929435e-09,-0.00451527842730419,-2.99948468863861e-07
-6.59819557145001e-09,-0.00454185186632692,-3.0238902357329e-07
-6.60163521482698e-09,-0.00456917322158246,-3.04864366718899e-07
-6.61957607962474e-09,-0.00459727555086314,-3.07541567777833e-07
-6.62922202501643e-09,-0.00462619347562759,-3.10258101935749e-07
-6.62005801903243e-09,-0.00465596259976272,-3.12785180769135e-07
-6.59539697759219e-09,-0.00468661845694727,-3.14955283930565e-07
-6.56476609385677e-09,-0.00471819510766579,-3.16685710010044e-07
-6.53671491536937e-09,-0.0047507231610192,-3.17966529443094e-07
-6.51514516055526e-09,-0.00478422690423344,-3.18833067943953e-07
-6.49929065128324e-09,-0.00481872111941821,-3.19338110993964e-07
-6.48578917686857e-09,-0.00485420793882297,-3.19531997877831e-07
-6.47105482291558e-09,-0.00489067459126143,-3.19452667235734e-07
-6.45281254237507e-09,-0.00492809221140085,-3.19123871518937e-07
-6.4325085772023e-09,-0.00496641559060446,-3.18590542284142e-07
-6.41572896132003e-09,-0.00500558381423689,-3.17971823638885e-07
-6.39754900591884e-09,-0.00504552235662092,-3.17246369745575e-07
-6.37340381355529e-09,-0.00508614511562155,-3.16348720685001e-07
-6.34241215868663e-09,-0.0051273568703886,-3.15229800193543e-07
-6.3059284441395e-09,-0.00516905588674679,-3.13866580923998e-07
-6.26585529625591e-09,-0.00521113680725738,-3.12259604456577e-07
-6.22366315895069e-09,-0.00525349282197927,-3.10424758124e-07
-6.18018749168442e-09,-0.0052960171786289,-3.08384377099045e-07
-6.13580131608168e-09,-0.00533860383330348,-3.06160559101168e-07
-6.09267666382256e-09,-0.00538114768857349,-3.03787726019233e-07
-6.05597855241907e-09,-0.00542354452112946,-3.01335844005896e-07
-6.01973223938257e-09,-0.00546569127635072,-2.98801785572209e-07
-5.97805106554331e-09,-0.00550748602111321,-2.96157597621708e-07
-5.92883725700112e-09,-0.00554882806394068,-2.93381529196786e-07
-5.87291740912899e-09,-0.00558961842520021,-2.90463811651856e-07
-5.8126517208668e-09,-0.00562976144310089,-2.87406183650913e-07
-5.75068291860806e-09,-0.00566916796228759,-2.84218228413595e-07
-5.68907139629675e-09,-0.00570775817501818,-2.80913075140317e-07
-5.62887664726619e-09,-0.00574546298678684,-2.77504006184503e-07
-5.57017507802491e-09,-0.00578222412666867,-2.74002529557633e-07
-5.51242212458352e-09,-0.00581799376641111,-2.70417791381936e-07
-5.45496828706693e-09,-0.00585273424825164,-2.66756873731944e-07
-5.39749171229303e-09,-0.00588641801829227,-2.63025479086036e-07
-5.34016530708742e-09,-0.00591902751546475,-2.59228623450997e-07
-5.28351915211883e-09,-0.00595055497679965,-2.55371134298659e-07
-5.22811410623783e-09,-0.00598100168869748,-2.51457902504829e-07
-5.1742274708298e-09,-0.00601037679309106,-2.4749393329165e-07
-5.12184952465757e-09,-0.00603869573862848,-2.43483502154683e-07
-5.07112854593825e-09,-0.00606597849041248,-2.39422532376532e-07
-5.02204499804225e-09,-0.006092247836565,-2.35294920937125e-07
-4.9739223105257e-09,-0.00611752797157272,-2.31085701747996e-07
-4.92581594121535e-09,-0.00614184318199952,-2.26797453640874e-07
-4.87790792545956e-09,-0.00616521701450257,-2.22445675696069e-07
-4.83210085085213e-09,-0.0061876719598709,-2.18023464609814e-07
-4.78947517744949e-09,-0.0062092296426454,-2.13492918120286e-07
-4.74938079949248e-09,-0.00622991147226316,-2.08814797209456e-07
-4.70963893572012e-09,-0.00624973962896278,-2.03986820933839e-07
-4.66861965251316e-09,-0.00626873822035621,-1.99046289568863e-07
-4.62604953030031e-09,-0.0062869344385982,-1.94036677631735e-07
-4.58261929627512e-09,-0.0063043595717728,-1.88987974784615e-07
-4.54541132067526e-09,-0.00632104971908535,-1.8396375329016e-07
-4.53826701786679e-09,-0.00633704609890386,-1.79205195939852e-07
-4.56257704176461e-09,-0.00635239500555851,-1.74890225991285e-07
-4.57651553873322e-09,-0.00636714729209486,-1.70813672589248e-07
-4.56364260821987e-09,-0.00638135763950223,-1.66773590233938e-07
-4.53356929923735e-09,-0.00639508350548533,-1.62694981820936e-07
-4.49718437904218e-09,-0.0064083838939057,-1.58549979791893e-07
-4.45457172805842e-09,-0.00642131823075313,-1.54298725287844e-07
-4.40533235671402e-09,-0.00643394511734493,-1.49942022937703e-07
-4.3519007985518e-09,-0.00644632140479011,-1.45580735697383e-07
-4.31101500178695e-09,-0.00645850167502898,-1.41515310581026e-07
-4.29017508893379e-09,-0.00647053831117851,-1.37998895828947e-07
-4.28700845613221e-09,-0.00648248188744663,-1.35109291435838e-07
-4.28391568025526e-09,-0.006494381784598,-1.32703955042083e-07
-4.26285164355126e-09,-0.00650628717817574,-1.30564360864631e-07
-4.21619967711536e-09,-0.00651824773747122,-1.28477563813868e-07
-4.1529518628389e-09,-0.00653031331755992,-1.26319877890904e-07
-4.09255789646078e-09,-0.00654253247054056,-1.24037375405591e-07
-4.04031460253113e-09,-0.00655495114150263,-1.21625208109921e-07
-3.99135250889435e-09,-0.00656761258896128,-1.19074037305873e-07
-3.93272267514104e-09,-0.00658055828232564,-1.16219422613404e-07
-3.85745163879216e-09,-0.00659382840906919,-1.12927527716578e-07
-3.76500847222072e-09,-0.00660746205081657,-1.09220085630467e-07
-3.68103686295285e-09,-0.00662149681474685,-1.05355450467916e-07
-3.61856657462908e-09,-0.0066359681442317,-1.01564795154604e-07
-3.57025302618238e-09,-0.00665090841671125,-9.79816782195173e-08
-3.53121025633666e-09,-0.00666634610941057,-9.46672600994803e-08
-3.49848682271449e-09,-0.00668230519196613,-9.16699235270236e-08
-3.46707793265521e-09,-0.00669880498852567,-8.89782568103137e-08
-3.42616042089914e-09,-0.00671585966753771,-8.6391753013932e-08
-3.35821958604742e-09,-0.00673347735034432,-8.33713831985648e-08
-3.26304697417829e-09,-0.00675165896322316,-7.94915719813777e-08
-3.15336208627848e-09,-0.006770397814289,-7.45748819186333e-08
-3.04821354860099e-09,-0.00678967985142547,-6.87350557985081e-08
-2.97216425402994e-09,-0.00680948424385067,-6.25335779458014e-08
-2.92515610301861e-09,-0.00682978436442928,-5.64952911314297e-08
-2.89492213955136e-09,-0.00685054867416817,-5.09231321731265e-08
-2.87219228968691e-09,-0.00687174098445577,-4.59030589257391e-08
-2.84942160011773e-09,-0.00689332041615198,-4.1370596713002e-08
-2.82202138053325e-09,-0.00691524126510818,-3.71982015513984e-08
-2.78911065706955e-09,-0.00693745292530517,-3.32608919014496e-08
-2.75252477939104e-09,-0.00695989970940517,-2.94692249080737e-08
-2.71511209080688e-09,-0.00698252040993833,-2.5775516706734e-08
-2.68175115922924e-09,-0.00700524809639549,-2.21889931248041e-08
-2.66169488593718e-09,-0.00702801027228256,-1.87968624248789e-08
-2.65235911958511e-09,-0.00705072980254684,-1.55787901216692e-08
-2.64140222457554e-09,-0.00707332564982503,-1.24787830767691e-08
-2.62152504945521e-09,-0.00709571400681333,-9.46030042712295e-09
-2.59286914806907e-09,-0.00711780972630184,-6.50637618382537e-09
-2.55971397516802e-09,-0.00713952794302966,-3.61215809410829e-09
-2.51999162982498e-09,-0.00716078616909093,-7.57311616407581e-10
-2.46137736419429e-09,-0.00718150634231527,2.09634753285305e-09
-2.40873684152136e-09,-0.00720161707258175,4.83918379355355e-09
-2.378365032097e-09,-0.00722105620266785,7.37235778157862e-09
-2.36245334397633e-09,-0.00723977368046133,9.64212753739901e-09
-2.34405662168639e-09,-0.00725773307297356,1.16504180816426e-08
-2.31607341529591e-09,-0.00727491079789919,1.34141338940867e-08
-2.29253385569149e-09,-0.00729129404612723,1.4922741527817e-08
-2.3067229696134e-09,-0.00730687830875531,1.60162118835636e-08
-2.36003098961082e-09,-0.00732166518237293,1.66104413678264e-08
-2.41062655555589e-09,-0.00733566059835486,1.6866163283778e-08
-2.42966224685428e-09,-0.0073488736021552,1.69645056844893e-08
-2.41202415455707e-09,-0.00736131543650266,1.70227800694095e-08
-2.36663029451942e-09,-0.00737299884206364,1.70982786114982e-08
-2.30147156273881e-09,-0.00738393758076518,1.71841734787609e-08
-2.22670912645562e-09,-0.00739414653717866,1.72219682154936e-08
-2.15214930335589e-09,-0.0074036418909607,1.71430900573063e-08
-2.0836770343114e-09,-0.00741244129012745,1.6894974505785e-08
-2.02571530540432e-09,-0.00742056427713172,1.64519489914059e-08
-1.9859958731965e-09,-0.0074280328023214,1.58505020220771e-08
-1.95672523649014e-09,-0.00743487162681143,1.51622951772237e-08
-1.92542060346121e-09,-0.00744110845032066,1.44255789418879e-08
-1.88598916201189e-09,-0.00744677393735067,1.36416788800097e-08
-1.83934552990384e-09,-0.00745190137157582,1.27994283373919e-08
-1.79020476113623e-09,-0.00745652689875681,1.18933734503212e-08
-1.7501878205435e-09,-0.00746068878893186,1.08865680988599e-08
-1.74145900675261e-09,-0.00746442664842929,9.58674942732878e-09
-1.75902756616454e-09,-0.00746778060280476,7.8852263674741e-09
-1.76328835027671e-09,-0.00747079061343895,5.91590180537953e-09
-1.73242960620533e-09,-0.007473495877623,3.82596000266606e-09
-1.67133506412445e-09,-0.00747593462928316,1.70604618528121e-09
-1.60224916026593e-09,-0.00747814396462828,-3.83425212572444e-10
-1.54140638487636e-09,-0.00748015992291201,-2.39724973185662e-09
-1.49315367780536e-09,-0.00748201769600517,-4.31670445016021e-09
-1.45628179531057e-09,-0.0074837522269758,-6.17207149275667e-09
-1.43261513298538e-09,-0.00748539915369205,-8.08935384980706e-09
-1.41949749068027e-09,-0.00748699531083885,-1.01726560522373e-08
-1.40110985654797e-09,-0.00748857906493706,-1.23266120930926e-08
-1.3462024352546e-09,-0.00749019044686941,-1.40391080654822e-08
-1.26900265266363e-09,-0.00749187113023096,-1.5274710604921e-08
-1.17242102840974e-09,-0.00749366216392759,-1.6197718856162e-08
-1.05274269885928e-09,-0.00749560165928987,-1.68516720566023e-08
-9.21511966748604e-10,-0.00749772359681273,-1.72621606040461e-08
-8.10555018783888e-10,-0.00750005781848458,-1.75027803301296e-08
-7.47894168682397e-10,-0.00750263051654861,-1.79384550929746e-08
-7.33314412499585e-10,-0.00750546509214769,-1.91668838443974e-08
-7.21559392997409e-10,-0.0075085826927744,-2.15887588745313e-08
-6.60523473673456e-10,-0.00751200216398378,-2.49524900128022e-08
-5.45940296668314e-10,-0.00751573947663887,-2.89603874775213e-08
-4.31478463324142e-10,-0.00751980670254706,-3.37392395439458e-08
-3.85495443596934e-10,-0.00752421069887496,-3.94773399781093e-08
-4.13989326777403e-10,-0.00752895231825534,-4.62307112053069e-08
-4.33214341910029e-10,-0.00753402645886705,-5.34300558397732e-08
-3.65682904193527e-10,-0.00753942244414803,-6.04164440868071e-08
-2.12795093265445e-10,-0.00754512458230467,-6.68359430448436e-08
-4.95743829324473e-11,-0.00755111274851725,-7.26478961851492e-08
5.58281691250876e-11,-0.00755736279735043,-7.81973235041603e-08
1.01171349753503e-10,-0.00756384703653089,-8.36793165039133e-08
1.24935910970782e-10,-0.00757053464792738,-8.92328318142831e-08
1.6623363379113e-10,-0.00757739223139952,-9.49128406636283e-08
2.33615104917323e-10,-0.00758438348005505,-1.0071458562655e-07
3.17164350857974e-10,-0.00759146897902999,-1.0658928297525e-07
4.07608965667122e-10,-0.00759860618679114,-1.12475554083742e-07
5.03963979051282e-10,-0.00760574994960605,-1.18349829188167e-07
5.7988340473054e-10,-0.00761285252313936,-1.24239897152792e-07
6.09825352593698e-10,-0.007619863819882,-1.30303459503196e-07
5.96396474422078e-10,-0.00762673185903424,-1.36656851951809e-07
5.69733943318808e-10,-0.00763340343961579,-1.4323548250305e-07
5.80415207019095e-10,-0.00763982494071824,-1.49621235995849e-07
6.21636444233188e-10,-0.00764594348188141,-1.55580029691347e-07
6.77030906990618e-10,-0.00765170822905409,-1.61015242348755e-07
7.48899799909176e-10,-0.00765707159117356,-1.65945792204865e-07
8.35337064456209e-10,-0.00766199018178469,-1.70483753324783e-07
9.26115909339875e-10,-0.00766642636845523,-1.74749614435632e-07
1.0055285896404e-09,-0.00767035092768512,-1.78802963185001e-07
1.06758151943013e-09,-0.00767374539480254,-1.82634818298064e-07
1.12303394052648e-09,-0.00767660266788183,-1.8616204792401e-07
1.20424439029797e-09,-0.00767892599546653,-1.89138569013308e-07
1.32462614385411e-09,-0.00768072674969298,-1.91371573600046e-07
1.48151383322742e-09,-0.00768202215716645,-1.92752366874357e-07
1.67513483439621e-09,-0.0076828333426574,-1.93148100207645e-07
1.87281594747151e-09,-0.00768318438249287,-1.92652694302964e-07
1.98554713048131e-09,-0.00768310161042612,-1.9194218010549e-07
1.99435588818764e-09,-0.00768261302688269,-1.9149390385665e-07
1.93489829179236e-09,-0.00768174773318334,-1.91461996867597e-07
1.86902410865893e-09,-0.00768053550939283,-1.91711868733027e-07
1.8164517781735e-09,-0.00767900664473018,-1.92145670869022e-07
1.76301442033248e-09,-0.00767719205397009,-1.92833657379341e-07
1.71960854863333e-09,-0.00767512339876358,-1.93672937383617e-07
1.69286401089613e-09,-0.00767283309510006,-1.94551273910292e-07
1.66867646403176e-09,-0.00767035445029824,-1.95521674418794e-07
1.62502890597999e-09,-0.00766772169685821,-1.96781071149864e-07
1.56460960267095e-09,-0.00766497000280807,-1.98404475523995e-07
1.52559815396138e-09,-0.00766213529744561,-2.00092963608106e-07
1.52768028802916e-09,-0.00765925429236656,-2.01536923039738e-07
1.56616313264513e-09,-0.00765636431310813,-2.02582053754673e-07
1.61726756696885e-09,-0.00765350297724808,-2.03240998554793e-07
1.66629588236776e-09,-0.00765070776503448,-2.03535080304362e-07
1.7071088075785e-09,-0.00764801556126472,-2.03499001742399e-07
1.73908621952471e-09,-0.00764546227692077,-2.0317887040013e-07
1.76432002284266e-09,-0.00764308267976231,-2.02618307982991e-07
1.7852644603993e-09,-0.00764091042133302,-2.01850808552951e-07
1.80377469684152e-09,-0.00763897693370611,-2.00898010041869e-07
1.82121732770812e-09,-0.00763730875902978,-1.99772032779829e-07
1.83881868595844e-09,-0.00763592446035804,-1.98479509099666e-07
1.86080717720313e-09,-0.00763483331992029,-1.9697717998812e-07
1.89851036054989e-09,-0.00763403529488991,-1.95054197310136e-07
1.9535209874379e-09,-0.00763352179620036,-1.92539526636022e-07
2.01222395579374e-09,-0.00763327687706048,-1.89464967840692e-07
2.04308279727082e-09,-0.0076332783122046,-1.86283188586026e-07
2.03489807987542e-09,-0.00763349827666501,-1.83418160794382e-07
2.00097969998012e-09,-0.00763390368796653,-1.81049621676816e-07
1.97149688498703e-09,-0.00763445655923986,-1.79013731068155e-07
1.96467869104399e-09,-0.00763511403034176,-1.77071597415766e-07
1.98209035086421e-09,-0.00763582860330861,-1.75042141388469e-07
2.01510915506416e-09,-0.00763654852389997,-1.7282954142463e-07
2.05247603609134e-09,-0.00763721857152801,-1.70413074928552e-07
2.09038164098498e-09,-0.00763778082952227,-1.67771728168028e-07
2.14543035490548e-09,-0.00763817545787715,-1.64703506607895e-07
2.23530382115512e-09,-0.00763834170104166,-1.60931037060893e-07
2.36005631125809e-09,-0.00763821878975156,-1.56295313377024e-07
2.5098376323111e-09,-0.00763774697056829,-1.50760245803484e-07
2.66578222091876e-09,-0.00763686868248882,-1.44421473098471e-07
2.77746608239563e-09,-0.00763552988228217,-1.37763215270522e-07
2.82480859885985e-09,-0.00763368115437934,-1.31229824981858e-07
2.82227384277755e-09,-0.0076312794976803,-1.25085425700087e-07
2.79481042468862e-09,-0.00762829129862183,-1.1944411827155e-07
2.76024401690899e-09,-0.00762469477911816,-1.14274097540657e-07
2.7319513434075e-09,-0.0076204805757292,-1.09448372561872e-07
2.71820151709489e-09,-0.00761565054720991,-1.04843498011624e-07
2.71371261706845e-09,-0.00761021595569116,-1.00434684869304e-07
2.69730185630083e-09,-0.0076041955645798,-9.63644878598644e-08
2.67741950175385e-09,-0.00759761424603721,-9.25897844650286e-08
2.66416378816152e-09,-0.00759050162498946,-8.90031561789009e-08
2.66215199414053e-09,-0.00758289111509968,-8.55217138658807e-08
2.67514344194625e-09,-0.00757481913935683,-8.2122705830918e-08
2.70055917940043e-09,-0.00756632467448701,-7.88397468026987e-08
2.72972844649426e-09,-0.00755744898205201,-7.57121156087177e-08
2.75486885444169e-09,-0.00754823525241881,-7.27532755459092e-08
2.77169452340941e-09,-0.00753872827184477,-6.99497544362173e-08
2.78113468504415e-09,-0.00752897421934157,-6.72753873785137e-08
2.78666635476984e-09,-0.00751902096699965,-6.47075195231305e-08
2.7914190196039e-09,-0.00750891772758136,-6.22313992949809e-08
2.79455622178778e-09,-0.00749871484447477,-5.98348628158544e-08
2.78287475074389e-09,-0.00748846367334634,-5.75314319982067e-08
2.73349654381064e-09,-0.0074782163914654,-5.55255934294557e-08
2.64406626429802e-09,-0.00746802594143959,-5.40598798970598e-08
2.56691125094489e-09,-0.00745794603020074,-5.29371373996135e-08
2.53397426480539e-09,-0.00744803080163111,-5.18894295997764e-08
2.53982921673832e-09,-0.00743833443657427,-5.07832674028446e-08
2.55746440528015e-09,-0.00742891076556041,-4.9698468704276e-08
2.58006967678672e-09,-0.00741981295865314,-4.85899067659639e-08
2.60193968981162e-09,-0.00741109256242784,-4.739360055312e-08
2.61214839619365e-09,-0.00740279707312486,-4.60739378258434e-08
2.58344297139046e-09,-0.00739496641498237,-4.45789900039824e-08
2.50852305666032e-09,-0.00738763039186831,-4.28753197270469e-08
2.40138719248935e-09,-0.00738080756054751,-4.11142162641911e-08
2.30712358276446e-09,-0.00737450513386438,-3.95010967392936e-08
2.2506791107647e-09,-0.00736871957572602,-3.8200371367862e-08
2.24123149759184e-09,-0.00736343737128121,-3.70591557561894e-08
2.26699872944055e-09,-0.00735863542865129,-3.5859563189339e-08
2.30811275736556e-09,-0.00735428137638624,-3.44495497749507e-08
2.34912835116631e-09,-0.00735033389646823,-3.27658110558152e-08
2.38291606429883e-09,-0.0073467431329713,-3.08216866221011e-08
2.40870877897023e-09,-0.00734345117582,-2.86762375260918e-08
2.42856774668739e-09,-0.00734039274914888,-2.64016975951326e-08
2.44504222079508e-09,-0.0073374962101796,-2.40605908560695e-08
2.4605006862352e-09,-0.00733468448784264,-2.16958148822009e-08
2.47718926714747e-09,-0.00733187603641506,-1.93310620467963e-08
2.49701937869779e-09,-0.00732898586123519,-1.6976612303591e-08
2.52088095158628e-09,-0.0073259265917787,-1.46360744448804e-08
2.5480360804892e-09,-0.00732260974111481,-1.23114969118822e-08
2.57626877470273e-09,-0.00731894685104699,-1.00060851324272e-08
2.60224373982361e-09,-0.00731485078341432,-7.72376484877348e-09
2.62202881199479e-09,-0.00731023708838623,-5.45809147694935e-09
2.6365751283299e-09,-0.00730502562201329,-3.19238566259618e-09
2.6520561743874e-09,-0.00729914196080675,-9.28352524015409e-10
2.67286759639051e-09,-0.00729251923528919,1.30666275387866e-09
2.69949626268273e-09,-0.00728510080900015,3.48141354465281e-09
2.72919479205601e-09,-0.00727684252352444,5.57977644831457e-09
2.76698122877865e-09,-0.00726771310002683,7.65100587696253e-09
2.84188385088085e-09,-0.00725769316324347,9.91641888660608e-09
2.96711840346564e-09,-0.00724677331739836,1.25332189811103e-08
3.12736209021181e-09,-0.00723495232549744,1.54786305714956e-08
3.28245602440721e-09,-0.00722223566451961,1.85496169735437e-08
3.42958490287216e-09,-0.00720863480460026,2.17190323087302e-08
3.56075247354025e-09,-0.00719416648508679,2.49414548332165e-08
3.67179162554811e-09,-0.00717885196801109,2.81695951994059e-08
3.76430565191069e-09,-0.00716271633554168,3.13783626486723e-08
3.84247845675913e-09,-0.00714578785465382,3.4561956721014e-08
3.92722530956308e-09,-0.00712809747407285,3.78248544965879e-08
4.06884562127044e-09,-0.00710967848929718,4.1542821379846e-08
4.24769013095388e-09,-0.00709056638616734,4.57619411281759e-08
4.42398630877411e-09,-0.00707079857782757,5.0322785562806e-08
4.54991018076408e-09,-0.00705041420498043,5.48825310574715e-08
4.60897023995136e-09,-0.00702945411955663,5.91625013514259e-08
4.61171988471725e-09,-0.00700796084052753,6.30333257303389e-08
4.57862601772612e-09,-0.00698597845856008,6.65210376532726e-08
4.53885663911329e-09,-0.00696355248730846,6.97230922614334e-08
4.51690193969354e-09,-0.00694072964027464,7.26931725160437e-08
4.52087318914428e-09,-0.00691755770402384,7.54322747350267e-08
4.54302222215788e-09,-0.0068940853628297,7.79464746488034e-08
4.57303504304636e-09,-0.00687036214227897,8.02696701614173e-08
4.60394456017098e-09,-0.0068464380616537,8.24387702554011e-08
4.62968620531321e-09,-0.00682236327849858,8.44510568805358e-08
4.64241235971717e-09,-0.0067981877659442,8.6226782685376e-08
4.6502155777402e-09,-0.00677396151766488,8.77815695391396e-08
4.66155645437483e-09,-0.00674973448375089,8.9165470843383e-08
4.67618783481961e-09,-0.00672555650921473,9.03735284105606e-08
4.6807376105357e-09,-0.00670147736529638,9.12071352881411e-08
4.6714749128611e-09,-0.00667754667994878,9.1479045741971e-08
4.65105124064634e-09,-0.00665381398818533,9.10739397636186e-08
4.62296433370856e-09,-0.00663032886012227,8.99613005814919e-08
4.61254526240142e-09,-0.00660714113718931,8.84481387458351e-08
4.62867875467116e-09,-0.00658430092359553,8.68570551223071e-08
4.65085143026775e-09,-0.00656185855467018,8.53331287931052e-08
4.6506978292689e-09,-0.00653986447908638,8.37413105508589e-08
4.64475213097116e-09,-0.00651836876581462,8.21636688016449e-08
4.67883485295184e-09,-0.00649742007183376,8.06577565178031e-08
4.76384983336437e-09,-0.00647706671186516,7.91036477468564e-08
4.85589567264142e-09,-0.0064573609157145,7.72030672534724e-08
4.91155345601654e-09,-0.00643836528485827,7.47746367225462e-08
4.93197367167195e-09,-0.00642015843457675,7.18042221376291e-08
4.97846987457206e-09,-0.00640283689369813,6.83465091807857e-08
5.09795040575549e-09,-0.00638651227966411,6.43923205888203e-08
5.24579391853362e-09,-0.00637130454981667,5.99173537715173e-08
5.33395027805608e-09,-0.00635733292013863,5.50028895419427e-08
5.32830520100406e-09,-0.00634470677650059,4.99787687228033e-08
5.25011560432114e-09,-0.00633351707171136,4.51402529224591e-08
5.17413260990411e-09,-0.00632382956645878,4.05977873825391e-08
5.11735544662576e-09,-0.00631568009653403,3.63172151970375e-08
5.07082508497112e-09,-0.00630907117569517,3.2182882671034e-08
5.0138360198205e-09,-0.00630396885522028,2.79256553920793e-08
4.93870319185662e-09,-0.00630029860155465,2.33394333892537e-08
4.85728765511032e-09,-0.0062979389962168,1.83897384993111e-08
4.79619249379806e-09,-0.00629671366372594,1.32557386684994e-08
4.7513723986694e-09,-0.00629638623465804,7.96146858737322e-09
4.71712049583973e-09,-0.00629666832064646,2.4779526208493e-09
4.69410729568547e-09,-0.00629725205041579,-3.28352447542178e-09
4.66129904402806e-09,-0.0062978580417705,-9.56088590291898e-09
4.60866545130161e-09,-0.00629827106197599,-1.63665813082696e-08
4.51987935968425e-09,-0.00629834642298137,-2.35499760172829e-08
4.40944776868704e-09,-0.00629799285743479,-3.08575246852879e-08
4.33970592446701e-09,-0.00629714706960251,-3.7927398432207e-08
4.34740655439446e-09,-0.00629575220174062,-4.45352878295244e-08
4.41319977042671e-09,-0.00629374391684985,-5.07175403847825e-08
4.44271468231435e-09,-0.00629104306276332,-5.69449776290793e-08
4.3832166274911e-09,-0.00628755191843569,-6.36000586322403e-08
4.26662043760908e-09,-0.00628315255974536,-7.06369433276223e-08
4.16596781842926e-09,-0.00627770772409136,-7.76925502015149e-08
4.13271399732361e-09,-0.00627106463981169,-8.4407870901042e-08
4.19742454090487e-09,-0.00626306164321651,-9.04934475589161e-08
4.39713543319706e-09,-0.00625353675678735,-9.56267405477839e-08
4.74231346314482e-09,-0.00624233679044871,-9.96148527448633e-08
5.18528402248614e-09,-0.00622932550895385,-1.02465836348951e-07
5.59789436206219e-09,-0.00621438989913382,-1.04525921613063e-07
5.93444224633726e-09,-0.00619744506576477,-1.06156406206538e-07
6.24110034077276e-09,-0.00617843683248747,-1.07416311207467e-07
6.57306163504413e-09,-0.00615734090679809,-1.08231141239401e-07
6.92564110585531e-09,-0.0061341596874238,-1.08563517330101e-07
7.22781754100953e-09,-0.0061089167893187,-1.08616136816344e-07
7.4545105045384e-09,-0.00608165005850789,-1.08614007100254e-07
7.60495360534587e-09,-0.00605240324751677,-1.08688610374432e-07
7.68639720365637e-09,-0.0060212178104788,-1.08850400070752e-07
7.72472904418495e-09,-0.00598812633239936,-1.08964274433377e-07
7.72959901980854e-09,-0.00595314879321677,-1.09092376724914e-07
7.74417829146161e-09,-0.00591629190455472,-1.09315012410133e-07
7.78476179854189e-09,-0.005877551319159,-1.09666811155058e-07
7.83858612011637e-09,-0.00583691612714659,-1.10161846894563e-07
7.92945817645282e-09,-0.00579437505766392,-1.10516129594153e-07
8.09163787673365e-09,-0.00574992293339757,-1.10354936189627e-07
8.3054964985506e-09,-0.00570356705757314,-1.09562972134751e-07
8.47024383811878e-09,-0.00565533304063793,-1.08624917959378e-07
8.53713268451681e-09,-0.00560526963582963,-1.07992026551138e-07
8.53631039748037e-09,-0.00555345228107658,-1.07730392039724e-07
8.51085517498631e-09,-0.00549998469951805,-1.07737771738162e-07
8.49143090934633e-09,-0.00544499750577531,-1.07875850693865e-07
8.49905636428045e-09,-0.00538864300925173,-1.07976097387984e-07
8.56401255532916e-09,-0.00533108623549462,-1.07740403373007e-07
8.68721421934728e-09,-0.00527249426204017,-1.07025123341827e-07
8.80725700774124e-09,-0.00521302639409334,-1.06073011976146e-07
8.90163601867145e-09,-0.00515282768194041,-1.0494449612687e-07
8.95226484729043e-09,-0.00509202604411408,-1.03679429251418e-07
8.94729680631946e-09,-0.00503073266159963,-1.02350840278401e-07
8.90664367282754e-09,-0.00496904489215433,-1.01039322575695e-07
8.86921282709058e-09,-0.00490705071839402,-9.977566725835e-08
8.86167332967176e-09,-0.00484483418001348,-9.84839709943354e-08
8.90133900617021e-09,-0.00478248127142818,-9.69021124469741e-08
8.97807493783767e-09,-0.0047200855940509,-9.48205710784391e-08
9.06281037233967e-09,-0.00465775314800338,-9.22060450823658e-08
9.11807976482339e-09,-0.00459560547600144,-8.92935675214575e-08
9.13230635399524e-09,-0.00453378063183374,-8.63280791116792e-08
9.11456938094655e-09,-0.00447243142057692,-8.3421876514163e-08
9.07661790306595e-09,-0.00441172119149529,-8.05504602537405e-08
9.02555137589601e-09,-0.00435181872167786,-7.76240633870715e-08
8.96748771429544e-09,-0.00429289166822978,-7.45423297971847e-08
8.92495452836074e-09,-0.00423510028975085,-7.12618828235975e-08
8.90101423102568e-09,-0.00417859214341776,-6.79099089299965e-08
8.86766349950017e-09,-0.00412349841051509,-6.49734235825137e-08
8.81638727325346e-09,-0.00406993004172092,-6.28019260102207e-08
8.76540816041355e-09,-0.00401797494719464,-6.13475564920499e-08
8.7289855930004e-09,-0.00396769727555087,-6.04256520017876e-08
8.71179496655269e-09,-0.00391913958924762,-5.98137813850473e-08
8.72222548820956e-09,-0.00387232734593915,-5.91797014904827e-08
8.76648491660139e-09,-0.00382727532224329,-5.83144524200231e-08
8.81890462604951e-09,-0.00378399417744892,-5.71640553149856e-08
8.85765482085355e-09,-0.00374249595155656,-5.57568188041127e-08
8.87644450188843e-09,-0.00370279817194825,-5.41614770046848e-08
8.88006914570152e-09,-0.00366492563428378,-5.24569605463633e-08
8.87457486482603e-09,-0.00362890970251683,-5.07598594575731e-08
8.86089623131076e-09,-0.00359478464991828,-4.92860237624353e-08
8.84966754040151e-09,-0.00356258248122894,-4.80197888457819e-08
8.8473130466852e-09,-0.00353232663436779,-4.68602671469668e-08
8.85413562420224e-09,-0.00350402593229389,-4.57026611738493e-08
8.8691018640673e-09,-0.00347766908273051,-4.44197885123479e-08
8.88727352095773e-09,-0.0034532204296993,-4.29493963772894e-08
8.90020864376688e-09,-0.00343061641533194,-4.1347305656662e-08
8.90913732574435e-09,-0.00340976246899652,-3.96999239021247e-08
8.93764999543003e-09,-0.0033905320834344,-3.81018852010632e-08
8.99255746954613e-09,-0.00337276934098779,-3.67120501024326e-08
9.02177956659399e-09,-0.00335629617916489,-3.58094235565665e-08
8.99575001840854e-09,-0.00334092247725095,-3.55501199549239e-08
8.92820703409516e-09,-0.00332645720514267,-3.590444325863e-08
8.86259401919381e-09,-0.0033127178135694,-3.66711733225097e-08
8.80594526632149e-09,-0.00329953619937496,-3.78685104876585e-08
8.74312244201474e-09,-0.00328676085667822,-3.95844625728403e-08
8.6526818345682e-09,-0.00327425647533856,-4.19264485791816e-08
8.54147320177918e-09,-0.00326190230831471,-4.48535955610037e-08
8.45457416892281e-09,-0.00324959023143059,-4.80196620893526e-08
8.38245521621937e-09,-0.003237223740864,-5.13631152163471e-08
8.30634340887224e-09,-0.00322471685313716,-5.49748799073437e-08
8.22267825298468e-09,-0.00321199159285756,-5.89266200813307e-08
8.15743456460249e-09,-0.00319897439629123,-6.31036799331965e-08
8.11803018809275e-09,-0.00318559307628517,-6.736659936839e-08
8.05441065922416e-09,-0.00317177532672054,-7.19098844542515e-08
7.95030459615979e-09,-0.00315744904627688,-7.68762886857283e-08
7.85714846651891e-09,-0.00314254472949638,-8.20232491096685e-08
7.81107055864094e-09,-0.00312699899393888,-8.70689223581916e-08
7.81748707474062e-09,-0.00311075852794289,-9.18332949353021e-08
7.86209155685816e-09,-0.00309378370116113,-9.62405605007473e-08
7.92330021014603e-09,-0.00307605131427732,-1.00291822265965e-07
7.98198689156098e-09,-0.00305755607440107,-1.0402933270669e-07
8.02672072085151e-09,-0.00303831107787357,-1.07505842262745e-07
8.05461854247919e-09,-0.00301834622215084,-1.10765144080408e-07
8.06157668956921e-09,-0.00299770524740675,-1.13882630812826e-07
8.03466569038215e-09,-0.00297644171802817,-1.17038379525555e-07
7.99853653897109e-09,-0.00295461445811624,-1.20193698407994e-07
7.97512990659624e-09,-0.00293228331820807,-1.23237656796398e-07
7.97094648273153e-09,-0.00290950540489341,-1.26080845883305e-07
7.98123780177313e-09,-0.0028863322704299,-1.28672561856502e-07
7.99678943089154e-09,-0.00286280871462732,-1.30998805709754e-07
8.0096725538276e-09,-0.00283897321678574,-1.33070648001125e-07
8.01607994249498e-09,-0.00281485972812241,-1.34910831050986e-07
8.01620646485173e-09,-0.00279050053991589,-1.36543305937676e-07
8.01519297013139e-09,-0.00276592976276246,-1.37985018888132e-07
8.02452882796283e-09,-0.00274118692198205,-1.39223004575816e-07
8.04520394841746e-09,-0.00271632015823272,-1.40214277960129e-07
8.06942877185227e-09,-0.00269138851074426,-1.40914804512411e-07
8.08840501614536e-09,-0.00266646322233432,-1.41295020551247e-07
8.09659427474125e-09,-0.0026416275236591,-1.41341148122091e-07
8.09158538759854e-09,-0.00261697496050133,-1.41060638178485e-07
8.07616710904766e-09,-0.00259260642959167,-1.40486709018765e-07
8.05698407096429e-09,-0.00256862651350268,-1.39652811521111e-07
8.03836719529391e-09,-0.0025451394854561,-1.38572179109225e-07
8.0204657217219e-09,-0.00252224565084676,-1.37244950887864e-07
8.00182252152887e-09,-0.00250003833687242,-1.35634707088555e-07
7.98448038774503e-09,-0.00247860182828042,-1.33637064185696e-07
7.96404050224508e-09,-0.00245801116331462,-1.31259482556114e-07
7.94329461214237e-09,-0.00243833233030305,-1.28576286576092e-07
7.92545050778439e-09,-0.00241962320341395,-1.25682605390237e-07
7.91120835357721e-09,-0.00240193400024282,-1.22655973819364e-07
7.89955227610145e-09,-0.00238530780658893,-1.19541695771577e-07
7.88899203265994e-09,-0.00236978230961518,-1.16359300367901e-07
7.87846456060407e-09,-0.00235539270943382,-1.13116394081113e-07
7.86766034383121e-09,-0.00234217481616832,-1.09819603216227e-07
7.85690620794682e-09,-0.0023301672098557,-1.06479230399422e-07
7.84684370511284e-09,-0.00231941229125075,-1.031091022232e-07
7.83809424697276e-09,-0.00230995566186251,-9.97244893706617e-08
7.83101342420207e-09,-0.00230184386508193,-9.63401708318764e-08
7.82557705130284e-09,-0.00229512154272159,-9.29693856807626e-08
7.82140391309124e-09,-0.00228982848195498,-8.96235481417858e-08
7.81789130660799e-09,-0.00228599714230474,-8.63123484104822e-08
7.81927318710388e-09,-0.00228365067578908,-8.30462353088622e-08
7.84229074750833e-09,-0.00228280130829265,-7.98576920004555e-08
7.89339154785205e-09,-0.00228344940538141,-7.68039023910896e-08
7.96533755367525e-09,-0.00228558287596179,-7.3947141757488e-08
8.02306606362893e-09,-0.00228917747731947,-7.1310440354328e-08
8.04750696173546e-09,-0.00229419718647052,-6.88635065791151e-08
8.04156560228932e-09,-0.00230059559005541,-6.65634009796158e-08
8.02465622915756e-09,-0.00230831824653242,-6.43845251312771e-08
8.02465188945002e-09,-0.00231730581111757,-6.23503492176979e-08
8.03342522037309e-09,-0.00232749664348729,-6.04953956240469e-08
8.03760254806101e-09,-0.00233882866882313,-5.88142991870636e-08
8.0350571238705e-09,-0.00235123993664392,-5.72803830020309e-08
8.03903207396499e-09,-0.00236466814631672,-5.5889457642129e-08
8.05633591244327e-09,-0.00237904931160759,-5.46717738854953e-08
8.08336253098029e-09,-0.00239431619607287,-5.36639435878814e-08
8.1100963953838e-09,-0.00241039659087709,-5.28850655175799e-08
8.12920584215269e-09,-0.00242721152650019,-5.23336003855615e-08
8.13927839648748e-09,-0.00244467410654058,-5.20003529179376e-08
8.14236126176471e-09,-0.00246268920876444,-5.18810033056765e-08
8.13633772612179e-09,-0.00248115463525727,-5.19579276279891e-08
8.12334650665758e-09,-0.00249996331707473,-5.21904625018021e-08
8.10843323093109e-09,-0.00251900618375674,-5.25358965204686e-08
8.10733966035537e-09,-0.00253817586863234,-5.28652949383386e-08
8.15072243689707e-09,-0.00255737133267056,-5.28217684638588e-08
8.20513297278626e-09,-0.00257650368299362,-5.24920595800603e-08
8.2378934379877e-09,-0.00259550094291367,-5.21232111226422e-08
8.2396655715707e-09,-0.00261430969023471,-5.1914143702791e-08
8.21865491268164e-09,-0.00263289420634884,-5.19547902310513e-08
8.18670719460498e-09,-0.00265123404535405,-5.22539444974268e-08
8.15467680827889e-09,-0.00266932105277845,-5.27972606842026e-08
8.12653497423173e-09,-0.00268715625951615,-5.35825502249672e-08
8.09550475888386e-09,-0.00270474704060956,-5.4684441989119e-08
8.05945776101552e-09,-0.00272210440831131,-5.61689971453667e-08
8.02164044047916e-09,-0.00273924063475568,-5.80299453619693e-08
7.99162119486057e-09,-0.00275616739579267,-6.01677760966356e-08
7.97472110982757e-09,-0.00277289465494538,-6.24629487637593e-08
7.96894606257157e-09,-0.0027894303333545,-6.48110253696471e-08
7.96725460708453e-09,-0.00280578084547135,-6.71501240566791e-08
7.95948657753058e-09,-0.00282195244672914,-6.95025423010847e-08
7.94304250626778e-09,-0.00283795288584474,-7.19594471811679e-08
7.92652882897863e-09,-0.00285379331558907,-7.45632050327275e-08
7.92172051976042e-09,-0.0028694900953037,-7.72245817955127e-08
7.9189766711428e-09,-0.0028850666966614,-7.99427366095125e-08
7.90900523782396e-09,-0.00290055460562453,-8.27379493264197e-08
7.89184703639434e-09,-0.00291599337511285,-8.55837844979053e-08
7.87896228194535e-09,-0.00293142990168842,-8.82993237865852e-08
7.89126261906082e-09,-0.002946917258758,-9.04711421038058e-08
7.9248472751826e-09,-0.00296251288238039,-9.18791176150542e-08
7.96447777594298e-09,-0.00297827615354652,-9.24945531962253e-08
7.99161915121715e-09,-0.00299426565563754,-9.24071732797567e-08
7.98790755122454e-09,-0.00301053544889016,-9.18788052003093e-08
7.95138088636927e-09,-0.00302713150475425,-9.11768977417149e-08
7.89192032343115e-09,-0.0030440897084477,-9.06007644354547e-08
7.83395136270493e-09,-0.00306143603479508,-9.01759119106556e-08
7.79263111345031e-09,-0.00307918834427554,-8.98012569568263e-08
7.76791078849022e-09,-0.00309735892495158,-8.93562659576421e-08
7.74966343755839e-09,-0.00311595748102103,-8.87241190156632e-08
7.73250319549058e-09,-0.00313499317076715,-8.78308912975733e-08
7.71404786407488e-09,-0.00315447630058745,-8.66724583997122e-08
7.69441859668011e-09,-0.00317441965182599,-8.5288424414177e-08
7.67460920591912e-09,-0.00319483926978874,-8.37375496330623e-08
7.64666813553305e-09,-0.00321575459979088,-8.20462885845012e-08
7.60358072146698e-09,-0.00323718821235851,-8.01752989096559e-08
7.55196092866236e-09,-0.00325916483463622,-7.80608367301045e-08
7.51803888207198e-09,-0.00328170998275358,-7.57116326561791e-08
7.5104280865225e-09,-0.0033048482235063,-7.32233446343781e-08
7.51340019265956e-09,-0.00332860128672496,-7.06807298604095e-08
7.51185777784675e-09,-0.00335298665340634,-6.81102835740326e-08
7.50057052087688e-09,-0.00337801671826869,-6.55043007779137e-08
7.47935131856554e-09,-0.00340369829642123,-6.28496058489662e-08
7.44348971903636e-09,-0.00343003128141161,-6.01213230191343e-08
7.40055113274794e-09,-0.00345700785943301,-5.72855052083706e-08
7.37291536450691e-09,-0.0034846124868755,-5.43583566703487e-08
7.35773372794145e-09,-0.00351282286273847,-5.13890895137961e-08
7.34740370522933e-09,-0.00354161138712771,-4.84078939573733e-08
7.33640152027611e-09,-0.0035709466607908,-4.54289828623536e-08
7.32269923531879e-09,-0.00360079512564368,-4.2508758943819e-08
7.30428015766542e-09,-0.00363112227766444,-3.98919834990163e-08
7.27326044232287e-09,-0.00366189270062411,-3.77885792999049e-08
7.22876739739625e-09,-0.00369306963722673,-3.62276471976271e-08
7.17436166408627e-09,-0.00372461432296628,-3.49976590028701e-08
7.1052322183022e-09,-0.0037564852941451,-3.40214542767241e-08
7.02481126768663e-09,-0.00378863717985632,-3.32846463698968e-08
6.95156727477456e-09,-0.00382101963030898,-3.27547237920198e-08
6.90730435800551e-09,-0.00385357650407666,-3.2252970242216e-08
6.89426502307246e-09,-0.00388624585810161,-3.16276791124262e-08
6.90508619309929e-09,-0.00391896037778726,-3.07595220130525e-08
6.9420359142204e-09,-0.00395164861343302,-2.9426002066287e-08
6.99997761057044e-09,-0.00398423620414944,-2.74846545039229e-08
7.06500656714341e-09,-0.00401664778404082,-2.49687786228782e-08
7.11512254210542e-09,-0.00404880929195553,-2.22091907063883e-08
7.13296175923673e-09,-0.00408065050003783,-1.96287183196947e-08
7.09777780043557e-09,-0.00411210804107603,-1.76835636341302e-08
7.01296450933084e-09,-0.00414312915329465,-1.66305143947127e-08
6.89944401707757e-09,-0.00417367455667465,-1.6518811244568e-08
6.78225618849293e-09,-0.0042037190168394,-1.72320108680268e-08
6.68715964795393e-09,-0.00423324965037178,-1.85028961888263e-08
6.62272675043293e-09,-0.00426226340881636,-2.00910375255708e-08
6.58100524691111e-09,-0.0042907642110434,-2.18625220324619e-08
6.5445609812267e-09,-0.00431876034144463,-2.38109531361912e-08
6.50002029303474e-09,-0.00434626254070541,-2.59868009436042e-08
6.43967420573562e-09,-0.00437328270734247,-2.84816096501849e-08
6.37191505084586e-09,-0.00439983283949932,-3.1330890381355e-08
6.32205210980619e-09,-0.00442592453607642,-3.43556573198923e-08
6.30033712183199e-09,-0.00445156890267828,-3.73518116050305e-08
6.30075237581445e-09,-0.00447677701239083,-4.01865062020869e-08
6.31043365744478e-09,-0.00450156077873261,-4.27991932331909e-08
6.32134195283995e-09,-0.00452593399416333,-4.51492489413874e-08
6.34046912562316e-09,-0.0045499134964186,-4.71054054997142e-08
6.371961294827e-09,-0.00457352006829519,-4.85544511744317e-08
6.40170269233712e-09,-0.00459677912866748,-4.95866471414273e-08
6.41508559508376e-09,-0.00461972093541935,-5.03978502547276e-08
6.41024337881327e-09,-0.00464238025345172,-5.11679063960395e-08
6.3937590086285e-09,-0.00466479541551472,-5.20269819173139e-08
6.37345868068271e-09,-0.00468700777026932,-5.30384955711305e-08
6.35389553265195e-09,-0.00470906073823311,-5.41909681071938e-08
6.3365476116815e-09,-0.00473099806020896,-5.54910418111729e-08
6.31316265161895e-09,-0.00475286042598311,-5.71365680030879e-08
6.27944249009454e-09,-0.00477468214206177,-5.9349894778574e-08
6.23329160189237e-09,-0.00479648946758019,-6.2251313206272e-08
6.19567152161998e-09,-0.00481830080208508,-6.54746043930838e-08
6.18227455110784e-09,-0.00484012825017014,-6.86288332178967e-08
6.19111386904948e-09,-0.00486197964873731,-7.15266983272918e-08
6.20768813684508e-09,-0.00488386095089021,-7.41962421608821e-08
6.21760597005723e-09,-0.00490577730778053,-7.6730903789198e-08
6.21587181012628e-09,-0.00492773404296551,-7.92037753395843e-08
6.20987988858569e-09,-0.00494973747861209,-8.16899092628164e-08
6.20557189452725e-09,-0.00497179568142751,-8.42767945673357e-08
6.19607867201119e-09,-0.00499391886967274,-8.70745773085746e-08
6.16572099919005e-09,-0.00501611937975856,-9.03970934893338e-08
6.11248740325357e-09,-0.00503841147059653,-9.44692986532437e-08
6.04931683428991e-09,-0.00506081072554931,-9.92741629056582e-08
6.00001624145178e-09,-0.00508333320779434,-1.0439945124036e-07
5.97427007384635e-09,-0.0051059942686638,-1.09435114363226e-07
5.96286628028813e-09,-0.00512880717457902,-1.14226149203363e-07
5.94460515682132e-09,-0.0051517814750433,-1.19011021430858e-07
5.92348471350623e-09,-0.0051749219665924,-1.23725963413901e-07
5.90945446328268e-09,-0.00519822786807295,-1.28248714919369e-07
5.90004499756148e-09,-0.00522169261265078,-1.32511574936931e-07
5.89028247706879e-09,-0.00524530412700536,-1.36475705451433e-07
5.87777666106053e-09,-0.00526904614044766,-1.40129817150537e-07
5.86285134458903e-09,-0.00529289911626622,-1.43485386751236e-07
5.84708451219124e-09,-0.00531684114050328,-1.46565935810707e-07
5.83179873201616e-09,-0.00534084864189842,-1.49395590910315e-07
5.81736369635795e-09,-0.00536489718433652,-1.51991701112471e-07
5.80336458774781e-09,-0.00538896218367716,-1.54362983208275e-07
5.78919868197134e-09,-0.00541301865680293,-1.56511705814095e-07
5.77460226475841e-09,-0.00543704081132751,-1.58437332099562e-07
5.76342048113648e-09,-0.00546100146356329,-1.60091456519799e-07
5.76519925460295e-09,-0.00548487209431618,-1.61307485789466e-07
5.77044415645676e-09,-0.00550862243301534,-1.62127322201238e-07
5.76997107722461e-09,-0.00553221991082476,-1.62661442536819e-07
5.75676139225176e-09,-0.0055556293722432,-1.63047991605154e-07
5.72178733996758e-09,-0.00557881314785434,-1.63509759125715e-07
5.68042276726914e-09,-0.00560173170614963,-1.64030150590024e-07
5.64706733200271e-09,-0.00562434423531253,-1.64503583145182e-07
5.62845298340595e-09,-0.00564660956109567,-1.64820042750228e-07
5.61831487578546e-09,-0.00566848727366436,-1.64945132909488e-07
5.58039884821406e-09,-0.00568993970412184,-1.65199380129343e-07
5.50963571740227e-09,-0.0057109345844763,-1.65778089557453e-07
5.42111305028588e-09,-0.00573144840737927,-1.66710764797519e-07
5.34173954678188e-09,-0.00575146838950213,-1.67841273654242e-07
5.29392467129489e-09,-0.00577099251575414,-1.68910314581828e-07
5.27991147290478e-09,-0.00579002810549038,-1.69724241297955e-07
5.287930129391e-09,-0.00580858954822448,-1.70196805605297e-07
5.30286707046827e-09,-0.00582669617559218,-1.70327009509766e-07
5.31388181264722e-09,-0.00584437051518516,-1.70163724549418e-07
5.31721091587362e-09,-0.00586163699997518,-1.69781540080007e-07
5.31174631668737e-09,-0.00587852094278781,-1.69248403755803e-07
5.29918739746376e-09,-0.00589504782162765,-1.68601520036324e-07
5.28274301628096e-09,-0.0059112427487042,-1.67853664035014e-07
5.26537479454616e-09,-0.00592713062807478,-1.67005376363663e-07
5.24882590967524e-09,-0.00594273642901789,-1.66053969009819e-07
5.23350636956316e-09,-0.00595808515751768,-1.6499788918907e-07
5.21892166531866e-09,-0.00597320215959743,-1.63837941448092e-07
5.20423890382427e-09,-0.00598811363761755,-1.62577137642195e-07
5.18871441304951e-09,-0.00600284730751503,-1.61220168567167e-07
5.17190086161674e-09,-0.00601743284121633,-1.59772814212368e-07
5.15368333035584e-09,-0.00603190191894819,-1.58241350548869e-07
5.13422957310242e-09,-0.00604628678207018,-1.56632012274247e-07
5.11389936918134e-09,-0.00606061764227648,-1.54950604990137e-07
5.09312067103165e-09,-0.00607492097149701,-1.53202328231963e-07
5.07224929181595e-09,-0.00608921842148754,-1.5139179559142e-07
5.05145446696831e-09,-0.00610352691009372,-1.49523174429081e-07
5.03067951758807e-09,-0.00611785923719595,-1.47600353345911e-07
5.00970187075428e-09,-0.00613222450677818,-1.45627071716659e-07
4.98826930452266e-09,-0.00614662780431141,-1.4360698668949e-07
4.96624560972249e-09,-0.00616106969889911,-1.41543686441276e-07
4.94368950869097e-09,-0.00617554568681098,-1.39440673396461e-07
4.92082610023863e-09,-0.00619004607225474,-1.37301339669141e-07
4.89792824507747e-09,-0.00620455621472553,-1.35128948831881e-07
4.87517472304724e-09,-0.0062190573421162,-1.32926628093226e-07
4.85256396043316e-09,-0.00623352748642502,-1.30697369012993e-07
4.82992983818113e-09,-0.00624794244264776,-1.28444032688585e-07
4.80704759432027e-09,-0.00626227652335762,-1.26169356227802e-07
4.78376749523522e-09,-0.00627650310937381,-1.23875959055848e-07
4.76010004682557e-09,-0.00629059536192854,-1.21566348854221e-07
4.73620630879411e-09,-0.00630452640032358,-1.19242927644064e-07
4.71230232433572e-09,-0.00631826930569629,-1.16907997823847e-07
4.68853493242264e-09,-0.00633179699351963,-1.14563767575973e-07
4.66490032913684e-09,-0.00634508222152306,-1.12212354880758e-07
4.64125015154133e-09,-0.00635809749448433,-1.09855789881694e-07
4.61737886411432e-09,-0.00637081506318657,-1.07496015961654e-07
4.59319030104637e-09,-0.006383207049801,-1.05135664781495e-07
4.56888911753697e-09,-0.00639524588903395,-1.02785151879356e-07
4.54471994466731e-09,-0.0064069049413243,-1.00463077438725e-07
4.52083166521335e-09,-0.00641815937827294,-9.81864173371141e-08
4.49720546681964e-09,-0.00642898840082148,-9.59589008896043e-08
4.47361916281463e-09,-0.00643937858874783,-9.37710611501731e-08
4.4432634652469e-09,-0.00644932630267726,-9.16839060779113e-08
4.38770151994983e-09,-0.00645883816423708,-8.99674152446991e-08
4.31729807931119e-09,-0.0064679299678407,-8.86707706680892e-08
4.24951890486e-09,-0.00647662490784269,-8.77019262899716e-08
4.2000382066228e-09,-0.00648495194783126,-8.68632984525756e-08
4.17119438842766e-09,-0.00649294461383677,-8.5977636339819e-08
4.1568976344218e-09,-0.00650064024125438,-8.49508658771865e-08
4.14823958404209e-09,-0.00650807920501607,-8.37763137002151e-08
4.13767561180505e-09,-0.00651530415916807,-8.24955986409645e-08
4.11920766875182e-09,-0.00652235940050162,-8.11532919018977e-08
4.09042680430136e-09,-0.006529289898003,-7.9696484282373e-08
4.06474676370273e-09,-0.00653614055621675,-7.7863110988904e-08
4.04950568369123e-09,-0.00654295505033662,-7.54346259635353e-08
4.04121549060924e-09,-0.00654977366632861,-7.23644486895514e-08
4.02919277387099e-09,-0.0065566311582188,-6.88918647193853e-08
4.00903701873373e-09,-0.00656355595955373,-6.52952371346773e-08
3.9849937821364e-09,-0.00657057087333582,-6.17804740574472e-08
3.9567842818928e-09,-0.00657769389845687,-5.84480046307329e-08
3.92519003502669e-09,-0.00658493864357967,-5.52941342145572e-08
3.89297508903194e-09,-0.00659231440305037,-5.22657198794545e-08
3.8627654114889e-09,-0.00659982588014437,-4.93073486000713e-08
3.84072989991976e-09,-0.00660747282369662,-4.62874747189944e-08
3.84405015336143e-09,-0.00661524981724803,-4.27602556348401e-08
3.87496315919666e-09,-0.00662314576935404,-3.83712762633808e-08
3.91713593199475e-09,-0.00663114354338762,-3.30793399300755e-08
3.93743841433735e-09,-0.00663921968895187,-2.73480617958521e-08
3.92406961706671e-09,-0.00664734457928952,-2.16339908621521e-08
3.88999141572057e-09,-0.0066554826225901,-1.61254394929325e-08
3.85222388083459e-09,-0.00666359241161203,-1.08447786969404e-08
3.81984718434349e-09,-0.0066716271137712,-5.75881364429703e-09
3.78930104025803e-09,-0.00667953509743455,-8.9434374901135e-10
3.75504234953166e-09,-0.00668726114312941,3.71276351035271e-09
3.71076554040387e-09,-0.00669474771914812,7.99521794009888e-09
3.6558907411415e-09,-0.00670193606249282,1.19121452106766e-08
3.59580366697545e-09,-0.00670876736647787,1.54775171431315e-08
3.5408418242115e-09,-0.00671518404992868,1.87865805077098e-08
3.4957016541176e-09,-0.00672113101235245,2.19322261681946e-08
3.45891512565422e-09,-0.00672655675399751,2.49716671319958e-08
3.42624293350648e-09,-0.00673141407805512,2.79277868100259e-08
3.39365472820141e-09,-0.00673566141250724,3.07997294295285e-08
3.3585557407955e-09,-0.00673926535247563,3.35730129560748e-08
3.32265907755757e-09,-0.00674220261028807,3.62321972848292e-08
3.29329814498966e-09,-0.00674446011484806,3.87893283359229e-08
3.26026555652e-09,-0.0067460339977989,4.11214842659863e-08
3.21714399815085e-09,-0.00674692754664492,4.3124162341879e-08
3.16454507137715e-09,-0.00674714930281014,4.47609223135457e-08
3.11147220051976e-09,-0.00674671187030345,4.60579657195722e-08
3.06527721404942e-09,-0.00674563122015012,4.70508794525017e-08
3.02924467561717e-09,-0.00674392656840403,4.77876382662281e-08
3.00152437535821e-09,-0.00674162023833915,4.83297359774537e-08
2.97811775631757e-09,-0.00673873756589538,4.87292636589761e-08
2.95595354520138e-09,-0.00673530668389102,4.90395559922051e-08
2.93229963370896e-09,-0.00673135877138986,4.93213496140043e-08
2.90532176464611e-09,-0.00672692807167025,4.9624050039927e-08
2.87453257437636e-09,-0.00672205161710712,4.9959048400508e-08
2.84154361091789e-09,-0.00671676906806259,5.03004568005345e-08
2.80882303132579e-09,-0.00671112239644936,5.05969606091117e-08
2.77876061221026e-09,-0.00670515520919461,5.07874317356765e-08
2.75232650351527e-09,-0.00669891219692024,5.08289945665288e-08
2.72843588717e-09,-0.00669243878672752,5.07221297263207e-08
2.70561019680312e-09,-0.00668578058443561,5.04964508108765e-08
2.68500005008804e-09,-0.00667898292439355,5.0198426786163e-08
2.67091619490284e-09,-0.00667209051722548,4.99119949461258e-08
2.65916010951362e-09,-0.00666514691068856,4.95998917726682e-08
2.64581785329625e-09,-0.00665819280076545,4.91849885799844e-08
2.6303416289984e-09,-0.00665126404393334,4.86016347011394e-08
2.61325620924601e-09,-0.00664439087518366,4.78077447395643e-08
2.59357199989838e-09,-0.00663759854251654,4.68082206353436e-08
2.57149203160476e-09,-0.00663090866295951,4.56499648341981e-08
2.54580470106481e-09,-0.00662434066471387,4.43378338469406e-08
2.50923072597019e-09,-0.00661791335894544,4.26939485729399e-08
2.460633309155e-09,-0.00661164483218492,4.05640749497011e-08
2.40518904101542e-09,-0.0066055522000666,3.79543388556494e-08
2.35585457233102e-09,-0.00659965122983445,3.51428813198961e-08
2.3208522304409e-09,-0.0065939557712698,3.24074700856856e-08
2.30109996072044e-09,-0.00658847690761173,2.9923527524043e-08
2.29425624271807e-09,-0.00658322210229719,2.78369228979344e-08
2.29373556437862e-09,-0.00657819428117408,2.6209421792729e-08
2.29032199116537e-09,-0.0065733913149078,2.49794946522279e-08
2.27412661384251e-09,-0.0065688057720581,2.38996488470304e-08
2.25093620465798e-09,-0.00656442536436007,2.28105502961826e-08
2.22868150631743e-09,-0.00656023312275846,2.16213771303708e-08
2.21026107112661e-09,-0.00655620782947195,2.02932701959538e-08
2.19212666545728e-09,-0.00655232435033537,1.8856869574585e-08
2.17183288259213e-09,-0.00654855405200519,1.73935943679982e-08
2.14955184422224e-09,-0.00654486518168304,1.59813217723422e-08
2.12673025652907e-09,-0.00654122380936795,1.46660603647821e-08
2.10496590437863e-09,-0.00653759449276214,1.34559519813613e-08
2.08456707345302e-09,-0.00653394071001737,1.23346141563126e-08
2.05078402500913e-09,-0.00653022545906007,1.11138391332413e-08
1.96790470434471e-09,-0.00652641176557898,9.19172590293969e-09
1.87531146720438e-09,-0.00652246316656365,6.69905498063108e-09
1.81025576396427e-09,-0.00651834371102871,4.00126595641628e-09
1.78821200223955e-09,-0.00651401813756809,1.39741216370423e-09
1.81687356467647e-09,-0.00650945219042472,-8.09424801306848e-10
1.87830014655842e-09,-0.00650461311390433,-2.47712848037648e-09
1.93204019893104e-09,-0.00649947038344334,-3.74795842201752e-09
1.95474588933294e-09,-0.00649399775582928,-4.82356322292065e-09
1.94008476747618e-09,-0.00648817645518108,-5.91624242275191e-09
1.88150915141807e-09,-0.00648199730469975,-7.38491813075584e-09
1.79022857340449e-09,-0.00647546047749401,-9.4883256876777e-09
1.69382564351371e-09,-0.00646857405673547,-1.22055919798147e-08
1.63617284550665e-09,-0.00646135228436159,-1.51276161702823e-08
1.62889778733588e-09,-0.00645381431264275,-1.78790375201049e-08
1.64435999168167e-09,-0.00644598344382984,-2.03855512592947e-08
1.63969259675768e-09,-0.00643788670078142,-2.28821117354579e-08
1.59645502515195e-09,-0.00642955419444681,-2.56185672573354e-08
1.52561381834358e-09,-0.00642101858712646,-2.86955425763683e-08
1.46053296911971e-09,-0.00641231450511615,-3.19394981774676e-08
1.42036959066845e-09,-0.00640347806030994,-3.51394700244723e-08
1.40494875151334e-09,-0.00639454639855143,-3.81527308592485e-08
1.40275168341084e-09,-0.00638555730528475,-4.09125647170119e-08
1.39887765457769e-09,-0.00637654886378405,-4.33896407537255e-08
1.38523039742219e-09,-0.00636755916684845,-4.55661356781756e-08
1.36368705903223e-09,-0.00635862612740453,-4.7459923223286e-08
1.33881836281393e-09,-0.00634978735282155,-4.91238579947654e-08
1.31072209426372e-09,-0.00634108031048343,-5.06591767617699e-08
1.26997859563015e-09,-0.0063325416218309,-5.23154605221559e-08
1.21629749116322e-09,-0.00632420488448558,-5.42668082139279e-08
1.16031568456194e-09,-0.0063160987347789,-5.64892866465355e-08
1.1139993504437e-09,-0.00630824621840779,-5.87860034542049e-08
1.08559965365445e-09,-0.00630066540680879,-6.09141657376569e-08
1.08244945348865e-09,-0.00629337013745359,-6.26856547366925e-08
1.09830083375244e-09,-0.00628637042965932,-6.40401274875918e-08
1.12997896386406e-09,-0.00627967221583769,-6.47796853180147e-08
1.16278316198231e-09,-0.00627327658768901,-6.48724834179215e-08
1.17924997369357e-09,-0.00626717906211708,-6.44745945293955e-08
1.1594591240142e-09,-0.00626136914276331,-6.40999360251182e-08
1.10390108520097e-09,-0.00625583068214574,-6.42045721731027e-08
1.02639372954637e-09,-0.00625054336173724,-6.50612342528457e-08
9.46381013544714e-10,-0.00624548618823745,-6.66833266790442e-08
8.76174583025052e-10,-0.00624064223966332,-6.89426523445758e-08
8.19827093452255e-10,-0.00623600422973773,-7.1648095505699e-08
7.78944122020892e-10,-0.00623157896677571,-7.45442810174408e-08
7.54179426910216e-10,-0.0062273891316262,-7.73695636900477e-08
7.5421170584734e-10,-0.00622347124476775,-7.97424278961627e-08
7.68696011746936e-10,-0.00621987046017656,-8.1528590919318e-08
7.83514053206314e-10,-0.00621663282761317,-8.27684754881696e-08
7.9027273637787e-10,-0.00621379648345519,-8.35692572428934e-08
7.85890834946193e-10,-0.00621138304393923,-8.4061779604069e-08
7.66449938171001e-10,-0.00620939041745627,-8.44231080462465e-08
7.26035032401745e-10,-0.00620778742279151,-8.48694399926012e-08
6.62498405212803e-10,-0.00620651110228146,-8.56016681252302e-08
5.99331706546495e-10,-0.00620546741478069,-8.65432868892803e-08
5.47772850581852e-10,-0.00620453614199692,-8.7582311359261e-08
4.89637577782625e-10,-0.00620357999132554,-8.88049722403423e-08
4.12389900284149e-10,-0.0062024558097359,-9.03137330357733e-08
3.22184868223943e-10,-0.00620102575876744,-9.21095532123032e-08
2.51901461953627e-10,-0.00619916575128718,-9.39605664476325e-08
2.2595807234733e-10,-0.00619677046418442,-9.55861538109913e-08
2.45082242696598e-10,-0.00619375388243816,-9.68113376457203e-08
2.92814273761911e-10,-0.00619004630717165,-9.75972104653775e-08
3.42510202314061e-10,-0.00618558965000396,-9.80450317281945e-08
3.77019447720001e-10,-0.00618033267491815,-9.8283516084409e-08
3.91403943727066e-10,-0.00617422584768726,-9.841147046377e-08
3.88812809811314e-10,-0.00616721544520493,-9.8484694817698e-08
3.80040293284484e-10,-0.00615923880465026,-9.84971994323454e-08
3.82578607918009e-10,-0.0061502222607728,-9.8358775157762e-08
3.9146489993508e-10,-0.00614008267127463,-9.80730454544419e-08
3.98757955561047e-10,-0.00612873204833456,-9.76776280426845e-08
4.00191758542446e-10,-0.00611608433800684,-9.7205069925439e-08
3.94756277972258e-10,-0.0061020627661166,-9.66767467349213e-08
3.83584285500406e-10,-0.00608660661417577,-9.61028127667845e-08
3.68740123811491e-10,-0.0060696761443939,-9.54853872023083e-08
3.5226054490686e-10,-0.00605125489220327,-9.48225437131982e-08
3.35581939759682e-10,-0.0060313494171383,-9.41115759841206e-08
3.19343443464318e-10,-0.00600998642487338,-9.33509355220785e-08
3.03480260257459e-10,-0.00598720780814323,-9.25409038566545e-08
2.87494028797049e-10,-0.00596306400700963,-9.16833978735643e-08
2.70781801300008e-10,-0.00593760663915453,-9.07813707479841e-08
2.5291295144106e-10,-0.00591088207824845,-8.98381711809879e-08
2.33772002041085e-10,-0.00588292718313584,-8.88570663479067e-08
2.13539446656593e-10,-0.00585376794050356,-8.78409906718945e-08
1.89905666833778e-10,-0.00582342100220346,-8.67936947236503e-08
1.54092987690671e-10,-0.00579189760394668,-8.57304886773724e-08
1.04826042263499e-10,-0.00575920917651113,-8.46786896316249e-08
5.03376560993084e-11,-0.00572537364783766,-8.36630129039267e-08
6.64175343139801e-12,-0.00569042153695077,-8.26882866625273e-08
-2.12438302821733e-11,-0.00565440074885408,-8.17398796109356e-08
-3.88153548167255e-11,-0.00561737967637866,-8.08007318452635e-08
-5.4431041339568e-11,-0.00557944788224475,-7.98607776795125e-08
-7.36649078023693e-11,-0.00554071389026903,-7.89171203345367e-08
-9.77117433195929e-11,-0.00550130025860262,-7.7970138909685e-08
-1.21762601284802e-10,-0.00546133660805098,-7.70177182448408e-08
-1.34045407779075e-10,-0.00542095198514263,-7.60327459727973e-08
-1.34679307082984e-10,-0.00538026844535284,-7.49626319114659e-08
-1.34266797038132e-10,-0.00533939666283066,-7.37594798774609e-08
-1.47134950756051e-10,-0.0052984342002334,-7.24152987436422e-08
-1.75369178550793e-10,-0.00525746629378113,-7.09617191575058e-08
-2.11616836407944e-10,-0.00521656873195691,-6.94358315415886e-08
-2.47554551974716e-10,-0.00517581192198817,-6.78610072691744e-08
-2.79053838793325e-10,-0.0051352648853284,-6.62462987539855e-08
-3.06606667390484e-10,-0.00509499807029604,-6.45941280897279e-08
-3.31672499103645e-10,-0.00505508565163598,-6.29024510587299e-08
-3.52859196869435e-10,-0.00501560756723382,-6.11006680724659e-08
-3.71826793188596e-10,-0.00497665051175887,-5.9010403002024e-08
-3.97248125229616e-10,-0.00493830777206546,-5.65666235120427e-08
-4.28293993367429e-10,-0.00490067605598566,-5.38155285003703e-08
-4.60743466652205e-10,-0.00486385068075107,-5.086850090175e-08
-4.94616922488906e-10,-0.0048279201547503,-4.78166238895106e-08
-5.3063436952482e-10,-0.00479296116861077,-4.46935779286086e-08
-5.68514934812067e-10,-0.00475903484802437,-4.15191382601259e-08
-6.06617036617193e-10,-0.00472618475808185,-3.83986238186399e-08
-6.40947648693157e-10,-0.00469443695215802,-3.54138771330578e-08
-6.63369651337208e-10,-0.00466380192587883,-3.2526759201236e-08
-6.73044323486057e-10,-0.00463427839431977,-2.96840068156656e-08
-6.76138222605967e-10,-0.00460585817037708,-2.68550178582539e-08
-6.81860026366297e-10,-0.00457853144348374,-2.40267217775627e-08
-6.94813467430451e-10,-0.00455229120540583,-2.1198586628276e-08
-7.14348956798827e-10,-0.00452713554768183,-1.83834244023754e-08
-7.37170011155317e-10,-0.00450306742215864,-1.56029580959106e-08
-7.59914096241125e-10,-0.00448009231004432,-1.28802698117762e-08
-7.805925352025e-10,-0.00445821448863595,-1.02336098379916e-08
-7.98850822112549e-10,-0.00443743243054243,-7.6739281300013e-09
-8.14839823964952e-10,-0.00441773391880316,-5.20635675965109e-09
-8.27607945085354e-10,-0.00439909213093321,-2.83802257598245e-09
-8.38306013365046e-10,-0.004381462055316,-5.80853565079185e-10
-8.54375154441631e-10,-0.00436477841587418,1.48957645683269e-09
-8.94728245318241e-10,-0.00434895576167599,3.08095467225906e-09
-9.63505703143829e-10,-0.00433389101468912,3.96155240378366e-09
-1.04203556693223e-09,-0.00431946829372361,4.15502818242786e-09
-1.08540170202657e-09,-0.00430556538312439,4.18923480546155e-09
-1.07723830980031e-09,-0.00429206034648338,4.56296721644096e-09
-1.03546760098868e-09,-0.00427883747837346,5.49778762054757e-09
-1.00025274653545e-09,-0.00426579167136338,6.83975320187692e-09
-9.94848849281853e-10,-0.00425283125257808,8.33916241575687e-09
-1.01986116950866e-09,-0.00423987874794827,9.79505161090723e-09
-1.0631302125102e-09,-0.00422687055916925,1.1091268291026e-08
-1.11042736672016e-09,-0.00421375649699689,1.21911503938447e-08
-1.15214340199234e-09,-0.00420049803172669,1.31117947382775e-08
-1.17111292245349e-09,-0.00418706474893919,1.4016063967853e-08
-1.12333225707762e-09,-0.00417343003593599,1.54679656594419e-08
-1.01248453630947e-09,-0.00415956725301105,1.784018771768e-08
-8.81489208811832e-10,-0.00414544787405604,2.11492544159647e-08
-8.00819472876926e-10,-0.00413104200529678,2.49038875334296e-08
-7.9717617242577e-10,-0.00411632115059429,2.86047108573249e-08
-8.50762594789512e-10,-0.00410126194155759,3.19729885669629e-08
-9.18778011036139e-10,-0.00408584998349658,3.50017067094322e-08
-9.74192752690685e-10,-0.00407008315783545,3.77581950230993e-08
-1.01341931220298e-09,-0.00405397370643977,4.02743739877783e-08
-1.04206534731646e-09,-0.00403754884962032,4.25809126986173e-08
-1.06723033021431e-09,-0.00402084969908813,4.47105948646427e-08
-1.09653452586013e-09,-0.00400392870810359,4.66881286183411e-08
-1.14002239644694e-09,-0.00398684586489043,4.85062461526141e-08
-1.19637936226135e-09,-0.0039696645057235,5.01255279841228e-08
-1.25490474924293e-09,-0.0039524473611299,5.15061267265756e-08
-1.30129891926736e-09,-0.00393525330131664,5.26450336815934e-08
-1.33169833440781e-09,-0.00391813538442556,5.35789355843252e-08
-1.34942958606914e-09,-0.00390114046298168,5.43619339953194e-08
-1.36230523326228e-09,-0.00388431031295457,5.50473669243431e-08
-1.37706715741416e-09,-0.0038676836786343,5.56954962553402e-08
-1.39769298903815e-09,-0.00385129809956436,5.63781365264741e-08
-1.42787447713244e-09,-0.0038351910590872,5.70008736811166e-08
-1.46581583091664e-09,-0.00381940112801942,5.74583542172061e-08
-1.50634610423517e-09,-0.003803969672466,5.77095720028639e-08
-1.54353371485274e-09,-0.00378894246426189,5.78010548530464e-08
-1.57548526946803e-09,-0.00377437045751202,5.77967959871895e-08
-1.60358798012264e-09,-0.00376030852261822,5.77447246646104e-08
-1.63265671707443e-09,-0.00374681278092041,5.7622942390574e-08
-1.67279602788736e-09,-0.00373393714995707,5.72228577829895e-08
-1.72327011541262e-09,-0.00372173001555151,5.64121864377303e-08
-1.77142510521828e-09,-0.0037102314835435,5.52769512930561e-08
-1.81007029822778e-09,-0.00369947179734117,5.37346989683931e-08
-1.83415453584281e-09,-0.00368947114192176,5.16579050152965e-08
-1.84972271447062e-09,-0.00368024063262543,4.91696931984435e-08
-1.86497352314609e-09,-0.00367178448179423,4.65032221611878e-08
-1.88522980915699e-09,-0.0036641029340563,4.38502646967896e-08
-1.9145626337185e-09,-0.00365719549551691,4.13296573236457e-08
-1.95147615457865e-09,-0.00365106364100896,3.89966331662237e-08
-1.98892031540943e-09,-0.00364571289925973,3.68360699184453e-08
-2.02364622196194e-09,-0.00364115362687586,3.47884414941237e-08
-2.05621717916102e-09,-0.00363740056148207,3.28068607506723e-08
-2.08068366432027e-09,-0.00363447099853856,3.08503984840548e-08
-2.09472824806817e-09,-0.00363238215483909,2.88668552264781e-08
-2.10381403886706e-09,-0.00363114751341517,2.68164593348887e-08
-2.1249751446289e-09,-0.00363077304064501,2.46638694745572e-08
-2.17061072587611e-09,-0.00363125411574229,2.22537980105717e-08
-2.23268725022647e-09,-0.003632573148597,1.9456721468293e-08
-2.29404067704587e-09,-0.00363469869751989,1.61642206347299e-08
-2.34827320030735e-09,-0.00363758615938665,1.2244143349929e-08
-2.39414715612517e-09,-0.00364117996905115,7.71663065800374e-09
-2.43803362080258e-09,-0.00364541642759521,2.6951089869466e-09
-2.48141261167659e-09,-0.00365022706655717,-2.6316192421075e-09
-2.51417283350068e-09,-0.00365554192323435,-7.93352687538983e-09
-2.53264335393142e-09,-0.00366129268041787,-1.29681409513039e-08
-2.54135244284028e-09,-0.00366741476931945,-1.76392578092375e-08
-2.54781671294096e-09,-0.00367384799210466,-2.19549691290021e-08
-2.55913765659001e-09,-0.00368053604394567,-2.59901766453238e-08
-2.58038374618572e-09,-0.00368742518343553,-2.9868523601135e-08
-2.60638903648211e-09,-0.003694463428698,-3.3631943971837e-08
-2.62710433734849e-09,-0.00370159865624233,-3.72528643970699e-08
-2.62371847283683e-09,-0.00370877747943258,-4.05462953735345e-08
-2.59136028223406e-09,-0.00371594607620346,-4.33532089934258e-08
-2.54281825655292e-09,-0.00372305296178886,-4.5634217416354e-08
-2.50779112130701e-09,-0.00373005135807539,-4.75785417360879e-08
-2.49761740837929e-09,-0.00373690109088534,-4.93758015285909e-08
-2.50278543856368e-09,-0.00374356953179596,-5.10940493292006e-08
-2.51118980125677e-09,-0.00375003225047555,-5.2677852082171e-08
-2.51825544977821e-09,-0.00375627391538469,-5.40507370234147e-08
-2.53339406342202e-09,-0.00376228916712282,-5.52042674500351e-08
-2.56278268730373e-09,-0.00376808300451602,-5.62470854918565e-08
-2.60560237157695e-09,-0.00377367041892705,-5.73334503305355e-08
-2.64714996838254e-09,-0.00377907540376604,-5.84633961232522e-08
-2.66588594093315e-09,-0.00378432868656266,-5.94129019189571e-08
-2.66116041804728e-09,-0.00378946499410949,-6.00349346699862e-08
-2.66112083158198e-09,-0.00379452041231165,-6.05513335456294e-08
-2.70484750625325e-09,-0.00379952998243945,-6.15684106126449e-08
-2.7905046994482e-09,-0.00380452627659843,-6.34843941982019e-08
-2.87161844247568e-09,-0.00380953877537828,-6.60722028480085e-08
-2.91412757105124e-09,-0.00381459392612524,-6.87881289762438e-08
-2.91643484980298e-09,-0.00381971384702609,-7.11875027937367e-08
-2.89780633453837e-09,-0.00382491584306977,-7.3056736542058e-08
-2.88378652548589e-09,-0.00383021362216858,-7.4445037382578e-08
-2.89018764553774e-09,-0.00383562008325677,-7.55089886002687e-08
-2.92349286021345e-09,-0.00384115004362195,-7.65246428580218e-08
-2.98764355358174e-09,-0.0038468222219733,-7.80257337724229e-08
-3.06182545758781e-09,-0.00385265969972599,-8.02143013612711e-08
-3.12515258896749e-09,-0.00385868904691215,-8.29714120175165e-08
-3.16724162140038e-09,-0.00386493857841613,-8.59377606345308e-08
-3.19038991296094e-09,-0.0038714363687031,-8.88370134942463e-08
-3.20312123005617e-09,-0.00387820828265922,-9.15437385904248e-08
-3.21375314251906e-09,-0.00388527637675686,-9.402037214432e-08
-3.22781163628915e-09,-0.00389265775608853,-9.62591707207756e-08
-3.24725637395787e-09,-0.00390036405858321,-9.82696512781563e-08
-3.27138631696317e-09,-0.00390840169558894,-1.00076565239019e-07
-3.2983105935552e-09,-0.00391677357167125,-1.01717631564691e-07
-3.32620237003541e-09,-0.00392548058533271,-1.03241124965535e-07
-3.35425357544279e-09,-0.0039345234451801,-1.04680577872257e-07
-3.38229115224489e-09,-0.00394390425677363,-1.06037806681928e-07
-3.41034836091286e-09,-0.00395362774747798,-1.07295354039889e-07
-3.43976632875839e-09,-0.00396370174463917,-1.08447707497071e-07
-3.47497868212395e-09,-0.00397413767578675,-1.09612600716644e-07
-3.51850869178236e-09,-0.00398494991891371,-1.10966670645443e-07
-3.56052950032046e-09,-0.00399615438514952,-1.12411718523016e-07
-3.59333913857557e-09,-0.00400776612784945,-1.13741102235843e-07
-3.6181827151663e-09,-0.00401979656112146,-1.14825263594464e-07
-3.64288221250923e-09,-0.00403225092227415,-1.15698258966714e-07
-3.67014802113864e-09,-0.00404512690649047,-1.1638491401567e-07
-3.70173873888034e-09,-0.0040584137158462,-1.1695241107231e-07
-3.74396996942813e-09,-0.00407209225086936,-1.17638717673684e-07
-3.79722533123111e-09,-0.00408613580183039,-1.18640352637549e-07
-3.85456689370932e-09,-0.00410051144735064,-1.19995023904892e-07
-3.90224190247882e-09,-0.00411518187657407,-1.21483263283822e-07
-3.93519821597154e-09,-0.00413010744242871,-1.22872879876674e-07
-3.95845323008511e-09,-0.00414524782352391,-1.2404520645283e-07
-3.98618604955857e-09,-0.00416056302705347,-1.25097438921535e-07
-4.03272007870898e-09,-0.00417601452622524,-1.26298010753372e-07
-4.09626760834468e-09,-0.004191565204483,-1.27808007191534e-07
-4.16450853997547e-09,-0.00420717862256754,-1.29629705105453e-07
-4.21713795614387e-09,-0.00422281804803582,-1.31528268456137e-07
-4.24716427151998e-09,-0.0042384456691944,-1.3327207579303e-07
-4.26037904449403e-09,-0.0042540214647282,-1.34727908327407e-07
-4.26563333662251e-09,-0.00426950260017336,-1.35840466479943e-07
-4.26353464715077e-09,-0.0042848434565551,-1.36530428802279e-07
-4.24674001560476e-09,-0.00429999731195342,-1.3664860041317e-07
-4.2151567224811e-09,-0.00431491971105504,-1.36108898362939e-07
-4.17968183020046e-09,-0.00432957263266915,-1.34958676965445e-07
-4.16348421811553e-09,-0.00434392743563113,-1.33468012752243e-07
-4.18402428683413e-09,-0.00435796605238185,-1.31986791958459e-07
-4.26489890277941e-09,-0.0043716807154544,-1.31094276017641e-07
-4.39101565344862e-09,-0.00438507277053743,-1.31098407717602e-07
-4.50196292400601e-09,-0.00439815147135733,-1.31646406705582e-07
-4.55062874813403e-09,-0.0044109325484498,-1.32097455196302e-07
-4.53826898501141e-09,-0.00442343691937746,-1.32011108060399e-07
-4.50450497996569e-09,-0.00443568923309573,-1.31372841084833e-07
-4.48334859150266e-09,-0.00444771641589495,-1.30342100014944e-07
-4.4888653707581e-09,-0.00445954623509265,-1.2909948468232e-07
-4.5215715877634e-09,-0.00447120613964986,-1.27833925669714e-07
-4.58141167962546e-09,-0.00448272260801997,-1.26841981641322e-07
-4.66136499452841e-09,-0.00449412056778866,-1.26375831998963e-07
-4.75312476208756e-09,-0.00450542197570023,-1.2664339052181e-07
-4.83204377900793e-09,-0.00451664446763471,-1.27439109414029e-07
-4.88184511297174e-09,-0.00452780171917061,-1.28377844220149e-07
-4.90589401684972e-09,-0.00453890453458156,-1.2916361703372e-07
-4.91928341782561e-09,-0.0045499627964718,-1.29670819246435e-07
-4.93389295972809e-09,-0.00456098731768753,-1.29911136925513e-07
-4.95513360357503e-09,-0.00457199087796818,-1.29956187477946e-07
-4.98240831349947e-09,-0.00458298824935125,-1.29879022249944e-07
-5.0131746919442e-09,-0.00459399536625477,-1.29728014984531e-07
-5.04497582074536e-09,-0.00460502833198466,-1.2953042092772e-07
-5.07622550732427e-09,-0.00461610228300968,-1.29298773466819e-07
-5.10640700272762e-09,-0.00462723041968089,-1.29034985341475e-07
-5.13585784797305e-09,-0.00463842310392654,-1.28733571773342e-07
-5.16638961835261e-09,-0.00464968749296784,-1.28409406246867e-07
-5.20121401347071e-09,-0.00466102769821823,-1.28137503917125e-07
-5.23741016827062e-09,-0.00467244545664453,-1.27892334382745e-07
-5.27193123581362e-09,-0.00468394117086363,-1.27618617473129e-07
-5.3037091656229e-09,-0.00469551506055751,-1.27275026649043e-07
-5.33326010750957e-09,-0.00470716840155027,-1.26840080098576e-07
-5.36188105980613e-09,-0.00471890452937918,-1.26309449730865e-07
-5.39108206672679e-09,-0.00473072951351419,-1.25692660722892e-07
-5.42187479478687e-09,-0.00474265207602312,-1.250349332647e-07
-5.45339717003994e-09,-0.00475468303736534,-1.24408702891504e-07
-5.48497629487335e-09,-0.00476683402269592,-1.23825724785775e-07
-5.51727048948933e-09,-0.00477911558473959,-1.23215816538534e-07
-5.55080917107815e-09,-0.00479153564132331,-1.22494676378317e-07
-5.58467123506249e-09,-0.00480409852593786,-1.21627199216629e-07
-5.61783837969864e-09,-0.00481680388826864,-1.20634032772237e-07
-5.65007612261558e-09,-0.00482964614831256,-1.19551228632898e-07
-5.68184058823497e-09,-0.00484261449909827,-1.18403030286919e-07
-5.71374315057442e-09,-0.00485569327423165,-1.17197125126183e-07
-5.74605914016799e-09,-0.00486886273226737,-1.15932214536381e-07
-5.77858338261898e-09,-0.00488210012356289,-1.14606462405272e-07
-5.81082824819566e-09,-0.00489538081803821,-1.13215617966687e-07
-5.84275477502252e-09,-0.00490867931633583,-1.11700777385802e-07
-5.87519771919076e-09,-0.00492197034970292,-1.09954071963859e-07
-5.90919686836555e-09,-0.00493522928874055,-1.07889920500134e-07
-5.9454381887991e-09,-0.00494843220145953,-1.05507353589035e-07
-5.98305417508307e-09,-0.00496155558960547,-1.02882538876155e-07
-6.02051861730414e-09,-0.00497457586389098,-1.0009699194964e-07
-6.05663492126414e-09,-0.00498746873241574,-9.71900713801504e-08
-6.09139619835604e-09,-0.00500020865935038,-9.41634957450584e-08
-6.12426840711313e-09,-0.00501276848487331,-9.10027250483983e-08
-6.15264733521921e-09,-0.00502511927900188,-8.76695007561895e-08
-6.18029362235895e-09,-0.00503723101059589,-8.42036154622113e-08
-6.21059703770822e-09,-0.00504907421980275,-8.06666448534398e-08
-6.24478852650845e-09,-0.00506062334507235,-7.71087922257996e-08
-6.28267402003295e-09,-0.00507186005820393,-7.35736004923322e-08
-6.32141331131576e-09,-0.00508277495685554,-7.0090958600348e-08
-6.35869085939517e-09,-0.00509336762130964,-6.66685795813113e-08
-6.39375462003966e-09,-0.0051036455610332,-6.33035902306758e-08
-6.42702904827147e-09,-0.00511362264445768,-5.99929792925621e-08
-6.45942236527552e-09,-0.00512331774632154,-5.67378152069138e-08
-6.49149176129979e-09,-0.00513275357150229,-5.35415983093701e-08
-6.52330677837992e-09,-0.00514195585875545,-5.03992094013721e-08
-6.55617956983243e-09,-0.00515095263445889,-4.73104916972451e-08
-6.5902871501053e-09,-0.00515977303472672,-4.42938494420984e-08
-6.62462694365781e-09,-0.00516844622373988,-4.13721114914267e-08
-6.6579168911216e-09,-0.00517699972411419,-3.8556630609089e-08
-6.68976125762301e-09,-0.00518545713793674,-3.58446710356443e-08
-6.72061000879858e-09,-0.00519383644036627,-3.32287946827675e-08
-6.75167997032034e-09,-0.00520214962821217,-3.07059058997754e-08
-6.78444418211791e-09,-0.00521040392047597,-2.82976599923334e-08
-6.81732807332081e-09,-0.00521860367297999,-2.60287960848333e-08
-6.84959381659091e-09,-0.00522675262801477,-2.38993480382829e-08
-6.88219266844874e-09,-0.00523485499313676,-2.19161172619632e-08
-6.91363512748084e-09,-0.0052429158048879,-2.00874489896447e-08
-6.94318688713658e-09,-0.00525094071813602,-1.84012362283904e-08
-6.97139504224197e-09,-0.00525893582032182,-1.68373460467846e-08
-6.99925822913674e-09,-0.00526690717351052,-1.53789245266309e-08
-7.02534690736963e-09,-0.00527486024326175,-1.39673667445664e-08
-7.04250922691005e-09,-0.00528279948349421,-1.23799261308934e-08
-7.04946435073075e-09,-0.00529072763490322,-1.04330959836212e-08
-7.05082392437968e-09,-0.00529864537407145,-8.06953569003282e-09
-7.0543312786936e-09,-0.0053065511757837,-5.37757299394697e-09
-7.06723217201406e-09,-0.00531444156642627,-2.4968105989682e-09
-7.09338691159266e-09,-0.00532231122829762,3.59644385554263e-10
-7.12965642368615e-09,-0.00533015326461861,3.03308100349889e-09
-7.17039045630163e-09,-0.00533795983814849,5.45708699398082e-09
-7.21255788927452e-09,-0.00534572282604564,7.6152277520442e-09
-7.25348948211924e-09,-0.00535343447804793,9.50481471918944e-09
-7.29132491553393e-09,-0.00536108787157242,1.11326597704331e-08
-7.3256797908461e-09,-0.0053686769652821,1.250968312484e-08
-7.35854741648938e-09,-0.00537619630834013,1.36192222692035e-08
-7.39331419692714e-09,-0.00538364047072409,1.43785320179577e-08
-7.42541627586589e-09,-0.00539100382600736,1.48237494691594e-08
-7.45259678159287e-09,-0.00539828019335511,1.50451773301215e-08
-7.47617418799372e-09,-0.00540546210876075,1.51207496170456e-08
-7.49987793466072e-09,-0.00541254042875371,1.50744482139135e-08
-7.53000352771868e-09,-0.00541950428588659,1.48199183743159e-08
-7.56799339216511e-09,-0.00542634153656292,1.42757415361233e-08
-7.61035557494634e-09,-0.0054330393484263,1.34213558822339e-08
-7.65080603566896e-09,-0.00543958508076349,1.23216430841282e-08
-7.68523642629507e-09,-0.00544596784164092,1.10606689879557e-08
-7.71059137447208e-09,-0.00545218164650274,9.74068616228523e-09
-7.72699422479141e-09,-0.00545822845953597,8.50636004892489e-09
-7.73961311116514e-09,-0.00546411917640043,7.46693711247832e-09
-7.7583313560589e-09,-0.00546987276256595,6.60416769419748e-09
-7.79455763709801e-09,-0.00547551422543827,5.66533972754635e-09
-7.84501762352802e-09,-0.0054810717905732,4.46715217952367e-09
-7.89248459316771e-09,-0.00548657310041512,3.11732572233252e-09
-7.92718177017455e-09,-0.00549204208864661,1.7927459854519e-09
-7.94984491899695e-09,-0.00549749751810438,6.20042410896296e-10
-7.968588207871e-09,-0.00550295311964716,-4.01469989086514e-10
-7.99620119378189e-09,-0.00550841854900706,-1.49631903202995e-09
-8.03384073043299e-09,-0.00551390013207448,-2.80129719251854e-09
-8.0706221465321e-09,-0.00551940113960481,-4.16110129378571e-09
-8.10364124614345e-09,-0.00552492170906096,-5.44870933356522e-09
-8.14241405739636e-09,-0.00553045897338651,-6.84231756423809e-09
-8.1894705316168e-09,-0.00553600733098117,-8.59942225996506e-09
-8.23632625872937e-09,-0.00554155885793515,-1.08111394403446e-08
-8.26971239047851e-09,-0.00554710359514998,-1.32384394384502e-08
-8.28718382348499e-09,-0.00555263006285415,-1.55970815153654e-08
-8.29512003943681e-09,-0.00555812540739573,-1.7707396838529e-08
-8.30464326669164e-09,-0.00556357525971266,-1.95666103263845e-08
-8.32957020669989e-09,-0.00556896345830754,-2.14322498642333e-08
-8.37117217180934e-09,-0.00557427165505444,-2.35107593604679e-08
-8.4190576224865e-09,-0.005579479139825,-2.57745678659076e-08
-8.46379743214549e-09,-0.00558456284754894,-2.8195357998248e-08
-8.49460650465083e-09,-0.00558949772550594,-3.07520837758377e-08
-8.50756238245391e-09,-0.00559425712820874,-3.33733663208796e-08
-8.508806379479e-09,-0.00559881344442159,-3.59729457068113e-08
-8.50780975762707e-09,-0.00560313879553572,-3.85000460719772e-08
-8.51105370105662e-09,-0.00560720635764829,-4.09486424666629e-08
-8.52006797136713e-09,-0.00561099225312569,-4.33374330010927e-08
-8.53298033792655e-09,-0.00561447876388786,-4.56856526481327e-08
-8.54715088511478e-09,-0.00561765691393267,-4.79998892326256e-08
-8.56093190925477e-09,-0.00562052716587698,-5.02734699649499e-08
-8.57398081188526e-09,-0.00562309834856921,-5.24925382374184e-08
-8.58355540494868e-09,-0.00562538569150158,-5.45943050702633e-08
-8.57959662420612e-09,-0.00562740890049165,-5.63504166290663e-08
-8.56092146929827e-09,-0.00562919062696464,-5.7574468367533e-08
-8.53700504444611e-09,-0.00563075546234522,-5.82363578067342e-08
-8.52679625464825e-09,-0.00563212835159443,-5.85625811906684e-08
-8.54006278172393e-09,-0.00563333231229751,-5.88147377520526e-08
-8.56564224130232e-09,-0.00563438647323439,-5.91171058539889e-08
-8.58299359500144e-09,-0.00563530578187581,-5.93022134968981e-08
-8.58338177866184e-09,-0.0056361015124473,-5.91555573163368e-08
-8.57304355096355e-09,-0.00563678252195648,-5.85682419958217e-08
-8.56438517860665e-09,-0.00563735644786888,-5.76335672938003e-08
-8.56774799208083e-09,-0.00563783102820358,-5.65693205462465e-08
-8.58552095572811e-09,-0.00563821441947483,-5.55520130975273e-08
-8.61754854280895e-09,-0.00563851510417762,-5.47163443848243e-08
-8.66011468092486e-09,-0.00563874167082511,-5.42079172628297e-08
-8.70166319043186e-09,-0.00563890261811288,-5.40203051174896e-08
-8.7314843186034e-09,-0.00563900605037686,-5.40588436229322e-08
-8.74905135347015e-09,-0.00563905934984225,-5.4206056283867e-08
-8.76296361335373e-09,-0.00563906888559092,-5.43969565217371e-08
-8.78367720506551e-09,-0.00563904003276409,-5.46855546570647e-08
-8.81257174977325e-09,-0.00563897710494549,-5.51650006057458e-08
-8.84425080967858e-09,-0.00563888342447388,-5.58879273246286e-08
-8.86951165181082e-09,-0.00563876157623554,-5.68029838985555e-08
-8.88617586757505e-09,-0.00563861391136367,-5.7815651192185e-08
-8.89786744910613e-09,-0.00563844274774531,-5.88474244194315e-08
-8.90909522973033e-09,-0.00563825067924648,-5.98549365906011e-08
-8.92194876170914e-09,-0.00563804090777807,-6.0823435920896e-08
-8.93477751436709e-09,-0.00563781743731624,-6.17430370097458e-08
-8.94260806190099e-09,-0.00563758480464723,-6.25334571919462e-08
-8.93898531166986e-09,-0.00563734730340864,-6.29262448586079e-08
-8.92855505558167e-09,-0.00563710830851148,-6.27444113617907e-08
-8.92966667941032e-09,-0.00563686978797885,-6.21263625283384e-08
-8.95481079605159e-09,-0.00563663187031567,-6.13399222137277e-08
-8.99735079795874e-09,-0.00563639263943002,-6.06443513805315e-08
-9.03725784587216e-09,-0.00563614806466812,-6.0162220582673e-08
-9.06097588975449e-09,-0.00563589203428655,-5.98430556223124e-08
-9.07281326546877e-09,-0.00563561650270175,-5.96007958430957e-08
-9.09267840578493e-09,-0.00563531177782456,-5.95518857091757e-08
-9.13006087904635e-09,-0.00563496678408054,-5.98482351305272e-08
-9.17893409937765e-09,-0.0056345694437194,-6.05286584656301e-08
-9.22288848391636e-09,-0.0056341070991934,-6.13877840616603e-08
-9.2563837560578e-09,-0.00563356697911646,-6.2225463713034e-08
-9.28222508886803e-09,-0.00563293649979753,-6.29514841364325e-08
-9.30663514905708e-09,-0.00563220390063304,-6.35827948213659e-08
-9.32734165527309e-09,-0.00563135818060897,-6.41755731894898e-08
-9.34350977014596e-09,-0.00563038942698691,-6.47787985252355e-08
-9.35804269227592e-09,-0.00562929188031107,-6.54272183738148e-08
-9.3640339472021e-09,-0.00562806597457002,-6.59289991135097e-08
-9.36827068523205e-09,-0.00562671799967511,-6.62708224930624e-08
-9.37722599442412e-09,-0.00562525919821469,-6.65180868924356e-08
-9.39135165893773e-09,-0.00562370473516975,-6.6711716668266e-08
-9.40668613063523e-09,-0.00562207217446232,-6.68270432133572e-08
-9.42295885244093e-09,-0.00562037913279707,-6.6883020797555e-08
-9.44041688964528e-09,-0.00561864074853148,-6.69045291776205e-08
-9.45875438671067e-09,-0.00561686855433937,-6.69029715714298e-08
-9.47736185860311e-09,-0.00561507088894839,-6.68786885345627e-08
-9.49619205025874e-09,-0.00561325398517707,-6.68264642637717e-08
-9.51610652246591e-09,-0.00561142310529519,-6.67492077094755e-08
-9.53319257271624e-09,-0.00560958321172403,-6.66026934322805e-08
-9.54124839145277e-09,-0.00560773908350852,-6.62110253147093e-08
-9.54705695376207e-09,-0.00560589524322759,-6.5601138507148e-08
-9.55717630128402e-09,-0.00560405556821035,-6.48700015600658e-08
-9.57438325334251e-09,-0.0056022229028471,-6.41222169601426e-08
-9.59933839691766e-09,-0.0056003985877442,-6.3490152029403e-08
-9.62589957228607e-09,-0.00559858212629987,-6.29706323501137e-08
-9.64900945265926e-09,-0.00559677081657943,-6.25044046113882e-08
-9.66732096697577e-09,-0.00559495946589496,-6.20324262177768e-08
-9.68220072370648e-09,-0.00559314061901956,-6.15128659296427e-08
-9.69593242961753e-09,-0.00559130507368679,-6.09253539499056e-08
-9.71026651538222e-09,-0.00558944241902404,-6.02670983110092e-08
-9.7258278928355e-09,-0.00558754156162029,-5.95457529316123e-08
-9.74000555114285e-09,-0.00558559115919574,-5.8724355653781e-08
-9.74424486437124e-09,-0.00558357990299503,-5.75962587984929e-08
-9.73903829379086e-09,-0.00558149684905639,-5.60381759554524e-08
-9.73694772902372e-09,-0.0055793316862779,-5.41974894829457e-08
-9.74538449214637e-09,-0.00557707556606307,-5.22646375778824e-08
-9.7626725014099e-09,-0.00557472353737449,-5.03470800719141e-08
-9.78123105886961e-09,-0.00557227691314747,-4.84225221393148e-08
-9.79945152067165e-09,-0.00556974398932872,-4.65170647504719e-08
-9.8172408091668e-09,-0.00556713726046791,-4.4658931894376e-08
-9.8344513098786e-09,-0.00556446930718174,-4.28558554476699e-08
-9.85102392819512e-09,-0.00556174992550676,-4.11022403279062e-08
-9.8670676922686e-09,-0.0055589856988859,-3.93868769131241e-08
-9.88281749992186e-09,-0.00555618077438169,-3.76987107069607e-08
-9.89850651335719e-09,-0.00555333820420363,-3.60299071825516e-08
-9.91375811874366e-09,-0.00555046107032571,-3.43758065573132e-08
-9.92744259253271e-09,-0.00554755305532762,-3.2727896299682e-08
-9.9409593320084e-09,-0.00554461849090902,-3.10792595840484e-08
-9.95532195181331e-09,-0.0055416621471131,-2.94327088129855e-08
-9.97043598573162e-09,-0.00553868899415494,-2.77954332976663e-08
-9.98572375009015e-09,-0.00553570401743838,-2.61736528801002e-08
-1.00007369598814e-08,-0.00553271207429002,-2.45706620026153e-08
-1.00153825732074e-08,-0.00552971774530222,-2.29874668217084e-08
-1.00297927543379e-08,-0.00552672517897378,-2.14242256911344e-08
-1.00420437150997e-08,-0.00552373793918815,-1.98329912598589e-08
-1.00472481129144e-08,-0.00552075888507267,-1.80458271597601e-08
-1.00512280232594e-08,-0.00551779045462564,-1.61020327566809e-08
-1.00591285693998e-08,-0.00551483462217162,-1.41080219636004e-08
-1.00719829388117e-08,-0.00551189275794942,-1.21485110689999e-08
-1.00881668265967e-08,-0.00550896522940877,-1.02720284470885e-08
-1.01053185055291e-08,-0.0055060512149745,-8.49369513410407e-09
-1.01216604818974e-08,-0.00550314864786016,-6.80636461307845e-09
-1.01364402032918e-08,-0.00550025439703374,-5.19297549976522e-09
-1.0149738384893e-08,-0.00549736452057028,-3.63597712776694e-09
-1.01620485628911e-08,-0.00549447446662619,-2.12247859318649e-09
-1.01739207948292e-08,-0.00549157914439919,-6.45640153874161e-10
-1.0185771850605e-08,-0.00548867287473244,7.96333631951259e-10
-1.01978300446445e-08,-0.00548574922309725,2.20218564279334e-09
-1.02113128612814e-08,-0.00548280085911141,3.54540423506733e-09
-1.02289363654996e-08,-0.00547981951140231,4.73948218050454e-09
-1.02471112105465e-08,-0.00547679611168259,5.80228886115277e-09
-1.02625955665187e-08,-0.00547372095468716,6.786212267449e-09
-1.02708471794743e-08,-0.00547058473995041,7.73945337437978e-09
-1.02629266719253e-08,-0.00546738135547492,8.74810757512177e-09
-1.02478716482878e-08,-0.00546411069917628,9.90796188015022e-09
-1.02378628020734e-08,-0.00546077967360057,1.12583888917959e-08
-1.02410200986283e-08,-0.00545740037505515,1.27751520782403e-08
-1.02533238502391e-08,-0.0054539863165611,1.44083099713783e-08
-1.02680082954597e-08,-0.0054505492507102,1.61268365947802e-08
-1.02825995450573e-08,-0.00544709786847585,1.7912079407287e-08
-1.0296295258256e-08,-0.00544363814998881,1.9744980390365e-08
-1.03089800124113e-08,-0.00544017441439245,2.1607758545879e-08
-1.03197886632225e-08,-0.00543671019666801,2.35096706928909e-08
-1.03263930942038e-08,-0.00543324855109895,2.55229027364833e-08
-1.03320500126472e-08,-0.00542979194822611,2.76178083818951e-08
-1.03396448698143e-08,-0.00542634225481671,2.97319871369101e-08
-1.03498948421437e-08,-0.0054229004487962,3.18143178135754e-08
-1.03620652376058e-08,-0.00541946658710619,3.3832321440895e-08
-1.03749141620928e-08,-0.00541603996999255,3.57710459147404e-08
-1.03873673195128e-08,-0.00541261937860135,3.76276770405306e-08
-1.03988085878761e-08,-0.00540920336994546,3.94053774871073e-08
-1.04098612041878e-08,-0.0054057905421288,4.11073024383385e-08
-1.04232168486381e-08,-0.00540237971718752,4.27232605229205e-08
-1.04388945556163e-08,-0.00539896999160284,4.4228968574464e-08
-1.045417611141e-08,-0.00539556069297433,4.56053034466827e-08
-1.04675003597354e-08,-0.00539215144659507,4.68462525532208e-08
-1.04786820409029e-08,-0.00538874202225895,4.79530016586889e-08
-1.04873998171224e-08,-0.00538533218399179,4.89329882993925e-08
-1.04943513102223e-08,-0.00538192153657205,4.97979958338456e-08
-1.05005994309949e-08,-0.00537850943570029,5.05582312298661e-08
-1.05084404161316e-08,-0.00537509496327716,5.12181772475838e-08
-1.05233161736222e-08,-0.00537167695466012,5.17565496044893e-08
-1.05435954551558e-08,-0.00536825402352804,5.21293471389554e-08
-1.05599451824561e-08,-0.00536482461146783,5.23190447920139e-08
-1.05683678757672e-08,-0.00536138738940403,5.23491134623737e-08
-1.05710336095261e-08,-0.00535794129460076,5.22552417760765e-08
-1.05737364447598e-08,-0.00535448559085183,5.20620940032679e-08
-1.05846690036536e-08,-0.00535101994489645,5.17576975862673e-08
-1.0602662189311e-08,-0.0053475444737945,5.12999970172583e-08
-1.06152772536548e-08,-0.00534405975503748,5.07197728902149e-08
-1.06124036874301e-08,-0.00534056681837805,5.02564962256997e-08
-1.06005941037778e-08,-0.00533706695263327,5.01017432319048e-08
-1.05907929867835e-08,-0.00533356148755702,5.02609018608599e-08
-1.05925564455639e-08,-0.0053300515612469,5.04782528838807e-08
-1.06013716425288e-08,-0.00532653839207803,5.05195204300622e-08
-1.06107540763215e-08,-0.00532302312623399,5.02783337876995e-08
-1.06174664037593e-08,-0.00531950670337378,4.97461856503983e-08
-1.06228515934939e-08,-0.00531598982764457,4.89650393642176e-08
-1.06333337082545e-08,-0.00531247297770742,4.79714076662851e-08
-1.06484234645243e-08,-0.00530895658255703,4.67773130581393e-08
-1.06593721421302e-08,-0.00530544116004492,4.54090000062939e-08
-1.06623510384152e-08,-0.0053019276042243,4.39186148478428e-08
-1.06595471915841e-08,-0.00529841709933077,4.23570461965932e-08
-1.0655120038479e-08,-0.00529491107867978,4.07568666887972e-08
-1.06519403499839e-08,-0.00529141121198864,3.91323630841199e-08
-1.06506446347361e-08,-0.00528791937749454,3.74884621337255e-08
-1.06504734175308e-08,-0.00528443754436425,3.58293849046237e-08
-1.06505307729944e-08,-0.00528096760851643,3.41626830910557e-08
-1.06504591995145e-08,-0.00527751127136412,3.24990181158892e-08
-1.06503487655266e-08,-0.00527406995813845,3.08500549405294e-08
-1.06502976323782e-08,-0.0052706447703667,2.92265168466922e-08
-1.06501278373221e-08,-0.00526723643405341,2.76372426469777e-08
-1.06478734980954e-08,-0.00526384530623496,2.60914742846112e-08
-1.06361176689912e-08,-0.00526047141480661,2.46687718605587e-08
-1.06102093531761e-08,-0.0052571144876185,2.35926699132006e-08
-1.0582072421451e-08,-0.00525377393676685,2.28741303144168e-08
-1.05645215143673e-08,-0.00525044846059008,2.24651480173732e-08
-1.05536787489414e-08,-0.00524713575923669,2.24683222078293e-08
-1.05406049539689e-08,-0.00524383239311085,2.29808104924011e-08
-1.05179973181534e-08,-0.0052405338584423,2.40165723311888e-08
-1.04950607870472e-08,-0.00523723476203193,2.53496622021568e-08
-1.04864215698799e-08,-0.00523392935554795,2.66126960741191e-08
-1.04945271850112e-08,-0.00523061330848751,2.7647104406049e-08
-1.05126189298307e-08,-0.00522728581440668,2.8485971974024e-08
-1.05335140339269e-08,-0.00522394938880435,2.91525523134142e-08
-1.05473872661525e-08,-0.00522060786914806,2.97621197658749e-08
-1.05491006752892e-08,-0.00521726435106532,3.04412022282647e-08
-1.05459650646386e-08,-0.00521392012540026,3.1218697893016e-08
-1.05496055192464e-08,-0.00521057470617579,3.19382927671761e-08
-1.05575991523591e-08,-0.0052072266290391,3.26072116988823e-08
-1.05652105649655e-08,-0.00520387412312617,3.32829157597636e-08
-1.05711592088755e-08,-0.00520051546824972,3.39985900675573e-08
-1.05735523677279e-08,-0.00519714903751789,3.48055007015462e-08
-1.0565835496448e-08,-0.00519377346281281,3.59042729323343e-08
-1.05465638243434e-08,-0.00519038750513327,3.74544109651216e-08
-1.05226275107898e-08,-0.00518698988238436,3.94671044251548e-08
-1.05051647754541e-08,-0.00518357916714161,4.17523008044778e-08
-1.04902324445508e-08,-0.00518015386358527,4.43289832776162e-08
-1.0470573538981e-08,-0.00517671230690114,4.73429263406743e-08
-1.04565691005886e-08,-0.00517325277373626,5.05530812121331e-08
-1.04524415702878e-08,-0.00516977331447436,5.36762308001717e-08
-1.04501308643712e-08,-0.00516627165807083,5.65663208730286e-08
-1.04460204487675e-08,-0.00516274514609302,5.92112162704609e-08
-1.04469573961725e-08,-0.00515919098657426,6.16268494171191e-08
-1.04602723265151e-08,-0.00515560644496507,6.36937876692966e-08
-1.04891351013887e-08,-0.00515198890561605,6.5160360500344e-08
-1.05248682823686e-08,-0.00514833610647823,6.59451984503968e-08
-1.05581045808568e-08,-0.00514464610526129,6.60881103248593e-08
-1.05846290788117e-08,-0.00514091724071291,6.57199997199161e-08
-1.06029616608422e-08,-0.0051371481336386,6.51684000412698e-08
-1.0608470447543e-08,-0.00513333790901755,6.48469150969502e-08
-1.06000829265801e-08,-0.00512948594479449,6.50047604454927e-08
-1.05786060293471e-08,-0.00512559170655046,6.56725355019219e-08
-1.05567563719484e-08,-0.00512165463147358,6.66075657065019e-08
-1.05444250948105e-08,-0.00511767414256558,6.75439427236146e-08
-1.05414787017351e-08,-0.00511364957237282,6.83494236447025e-08
-1.0537105914161e-08,-0.00510958047492559,6.91581521496841e-08
-1.05224313246451e-08,-0.00510546646907857,7.01482057485015e-08
-1.04946296599146e-08,-0.00510130716642674,7.14134765154956e-08
-1.04710880313313e-08,-0.0050971021522155,7.28127810889516e-08
-1.04603747859902e-08,-0.0050928511615319,7.42102950489904e-08
-1.04534939646059e-08,-0.00508855425173424,7.5699707090161e-08
-1.04404062204951e-08,-0.00508421179942874,7.74179606108863e-08
-1.04224305895912e-08,-0.00507982446344791,7.94075369492632e-08
-1.04098087173664e-08,-0.00507539312082936,8.14804777630585e-08
-1.04071411382398e-08,-0.00507091887706106,8.34408197790129e-08
-1.0412386012889e-08,-0.00506640296891805,8.51746311328831e-08
-1.04207299498994e-08,-0.00506184695415821,8.66474322241464e-08
-1.04278942114775e-08,-0.0050572525117546,8.78793079466321e-08
-1.04317055323009e-08,-0.00505262123676055,8.89154860418436e-08
-1.04299493077625e-08,-0.00504795445319707,8.98055808577775e-08
-1.04169382656566e-08,-0.00504325336453682,9.06578685730596e-08
-1.03981011768103e-08,-0.00503851919053843,9.16391908074319e-08
-1.0392504108245e-08,-0.00503375320800251,9.25010780734718e-08
-1.04078591678851e-08,-0.00502895659772704,9.29436943681881e-08
-1.04384749668111e-08,-0.00502413043102335,9.28299157874939e-08
-1.0464039304206e-08,-0.00501927565221211,9.23178192727411e-08
-1.04733145307719e-08,-0.0050143932349041,9.16290160151284e-08
-1.04676352091773e-08,-0.00500948430263642,9.09269740080665e-08
-1.04545640194729e-08,-0.00500455020248526,9.02936539568924e-08
-1.04415275727956e-08,-0.00499959239195795,8.97421043796055e-08
-1.04324820292329e-08,-0.0049946123222472,8.92448415944932e-08
-1.04277743326717e-08,-0.00498961130915563,8.87615490499165e-08
-1.04236181320706e-08,-0.00498459054680966,8.82598849023348e-08
-1.04132435894895e-08,-0.00497955108581124,8.77422266914313e-08
-1.04020922302348e-08,-0.00497449377314198,8.72254033395842e-08
-1.03949781613325e-08,-0.00496941922140721,8.67086985982257e-08
-1.03909680413331e-08,-0.00496432781538934,8.61837602911829e-08
-1.03840874479827e-08,-0.00495921975975181,8.56562494132509e-08
-1.0372866085927e-08,-0.00495409510629552,8.51486654561335e-08
-1.03614401892016e-08,-0.00494895372682058,8.46981299595808e-08
-1.03506256465115e-08,-0.00494379531318333,8.43817570729503e-08
-1.03430174776909e-08,-0.00493861979530427,8.41651663741934e-08
-1.0339065560675e-08,-0.00493342726819554,8.39828351761128e-08
-1.03372118970527e-08,-0.00492821788495346,8.37856847157804e-08
-1.03355905809036e-08,-0.00492299182088311,8.35467638410738e-08
-1.0333026583518e-08,-0.00491774924923463,8.32572188015675e-08
-1.03312495018404e-08,-0.00491249032958667,8.28708169283857e-08
-1.03400718594704e-08,-0.00490721519478553,8.21125438534447e-08
-1.03700041285695e-08,-0.00490192376340562,8.05206117570613e-08
-1.04150683016279e-08,-0.0048966157474527,7.78679732149173e-08
-1.04532016862342e-08,-0.00489129057062367,7.44305529897584e-08
-1.04710958255926e-08,-0.00488594755285372,7.0609958038026e-08
-1.046565524144e-08,-0.00488058602000142,6.68214681950802e-08
-1.04445047664669e-08,-0.0048752056441952,6.33262812855499e-08
-1.04177898680168e-08,-0.00486980617581841,6.02092634014968e-08
-1.03882058201023e-08,-0.00486438729584449,5.74945850469143e-08
-1.03551782505978e-08,-0.00485894850870823,5.52825522582171e-08
-1.03299703953891e-08,-0.00485348948181078,5.34488404279533e-08
-1.03176290711202e-08,-0.00484801011699714,5.18058011643785e-08
-1.03148012691979e-08,-0.00484251054630219,5.02137799859979e-08
-1.031506974895e-08,-0.00483699110051299,4.86011060800258e-08
-1.03113977164065e-08,-0.00483145222949915,4.70013814714419e-08
-1.02951194579183e-08,-0.00482589438385848,4.56499300222609e-08
-1.02660523993522e-08,-0.00482031803923623,4.47538652688409e-08
-1.02322310074684e-08,-0.00481472366669707,4.43619816413499e-08
-1.02091539406414e-08,-0.00480911171841528,4.42116736554997e-08
-1.02085705856419e-08,-0.00480348285532496,4.38519125790554e-08
-1.02279065391316e-08,-0.00479783774035521,4.29540551513232e-08
-1.02554762976187e-08,-0.00479217695612371,4.14304431902303e-08
-1.02777172586436e-08,-0.00478650100923337,3.94993814699046e-08
-1.02869577012471e-08,-0.00478081048424853,3.74113942801888e-08
-1.02793324825378e-08,-0.00477510612862729,3.53706565688911e-08
-1.02562700077586e-08,-0.00476938887558096,3.35857249941512e-08
-1.02263969977124e-08,-0.00476365994698716,3.21478252542605e-08
-1.02013789686042e-08,-0.00475792097662856,3.0960705382301e-08
-1.01863313466143e-08,-0.00475217376602944,2.9884316731501e-08
-1.01805520394599e-08,-0.00474642010515328,2.8785869704177e-08
-1.01807014555511e-08,-0.00474066167712606,2.75462521920494e-08
-1.01762021525487e-08,-0.00473490003880127,2.62792596228671e-08
-1.01633553624352e-08,-0.00472913673042082,2.51097597849385e-08
-1.01484725106324e-08,-0.0047233733371586,2.39981344421125e-08
-1.01364911876041e-08,-0.00471761144211316,2.28773173756055e-08
-1.01275453037932e-08,-0.00471185264125283,2.17306714775611e-08
-1.0118816063004e-08,-0.0047060984836303,2.05652759316173e-08
-1.0106057580247e-08,-0.0047003504790259,1.94052841451683e-08
-1.00920582616262e-08,-0.00469461013849812,1.82757408149789e-08
-1.00807541667546e-08,-0.00468887899514238,1.71610232014459e-08
-1.00751775482849e-08,-0.00468315862642435,1.59744798870351e-08
-1.00714804336909e-08,-0.00467745074377802,1.47302462559944e-08
-1.00658589761173e-08,-0.00467175716110501,1.34773706996451e-08
-1.00570840389612e-08,-0.00466607970827853,1.22559753620506e-08
-1.00459100427663e-08,-0.00466042008158322,1.10890710296744e-08
-1.00338250713611e-08,-0.00465477995896219,9.98311568430192e-09
-1.00220468559917e-08,-0.00464916105687368,8.93336142813749e-09
-1.00111237395121e-08,-0.00464356519577848,7.93018542159225e-09
-1.00010309053328e-08,-0.00463799405614335,6.96397185762051e-09
-9.99146360396628e-09,-0.00463244908673954,6.02769821249797e-09
-9.9820862439308e-09,-0.00462693152325401,5.11751624634612e-09
-9.97265087004258e-09,-0.00462144243881363,4.23211559823217e-09
-9.96301782027865e-09,-0.0046159828057176,3.37165366237949e-09
-9.95314388340972e-09,-0.00461055355358433,2.53678189430653e-09
-9.94307271669328e-09,-0.00460515561517652,1.72800699439249e-09
-9.93292152647578e-09,-0.00459978991571187,9.45408832169487e-10
-9.92284472425081e-09,-0.00459445728145621,1.8862334611575e-10
-9.91297299703158e-09,-0.00458915859719294,-5.43031721696951e-10
-9.90234183136256e-09,-0.00458389487110607,-1.22623091290754e-09
-9.88857153631191e-09,-0.00457866727250824,-1.75438811558099e-09
-9.87356988132658e-09,-0.00457347708115931,-2.0505714250529e-09
-9.85688723512249e-09,-0.00456832627550457,-2.11508573008647e-09
-9.84175414560268e-09,-0.0045632192406122,-2.06096482250681e-09
-9.82834564064849e-09,-0.00455816534475692,-1.99682397677394e-09
-9.8123880081554e-09,-0.00455318157539861,-2.01116092619242e-09
-9.79792290695342e-09,-0.00454829402708886,-2.24614862756997e-09
-9.78424826330864e-09,-0.00454353740235214,-2.61164680801414e-09
-9.77388814935409e-09,-0.00453895188543617,-2.97446399796666e-09
-9.76657643956374e-09,-0.00453457815106662,-3.25903594956465e-09
-9.75977957691572e-09,-0.00453045175710629,-3.43557818612694e-09
-9.75154793986114e-09,-0.00452659835627156,-3.50134136691786e-09
-9.74170068669243e-09,-0.0045230309330188,-3.46852541164589e-09
-9.73129455259081e-09,-0.00451974969948973,-3.35734849569707e-09
-9.72143912911919e-09,-0.00451674457610896,-3.19077479837508e-09
-9.71249764732199e-09,-0.00451399961167891,-2.98981646343803e-09
-9.70406948158148e-09,-0.00451149766392832,-2.77025270847218e-09
-9.6955069407329e-09,-0.00450922393947814,-2.54162508631347e-09
-9.68645240856073e-09,-0.00450716780525248,-2.30833312792006e-09
-9.67702664729878e-09,-0.00450532235648712,-2.07180230531681e-09
-9.66983333904087e-09,-0.0045036821524667,-1.8808969457802e-09
-9.67162731271718e-09,-0.0045022393954206,-1.92964936704104e-09
-9.67986206003313e-09,-0.00450097950028908,-2.29031764030202e-09
-9.68685261218809e-09,-0.00449987746937412,-2.90130796941277e-09
-9.68195558339799e-09,-0.00449889627220054,-3.5255032248319e-09
-9.66686399211169e-09,-0.0044979879686623,-4.04250124365309e-09
-9.64800603201447e-09,-0.00449709697114928,-4.42721472145272e-09
-9.63080486154849e-09,-0.00449616496897143,-4.70015820798869e-09
-9.61779214263325e-09,-0.00449513635436937,-4.90095526361903e-09
-9.60872988101899e-09,-0.00449396387533502,-5.06862880273424e-09
-9.59898250034462e-09,-0.0044926135630161,-5.22884792992645e-09
-9.57713961272352e-09,-0.00449106704426918,-5.41620478081609e-09
-9.54428903268315e-09,-0.0044893198992897,-5.77739843390084e-09
-9.51689436076519e-09,-0.00448737694527096,-6.36985714219398e-09
-9.50133977820202e-09,-0.00448524632576027,-6.99259882143076e-09
-9.4898600767218e-09,-0.00448293397727677,-7.33278789695971e-09
-9.48460428019832e-09,-0.00448043912019271,-7.35844615007677e-09
-9.4809192645782e-09,-0.00447775267394386,-7.15548671364813e-09
-9.47737189279841e-09,-0.00447485938763305,-6.78981869420539e-09
-9.47843109379349e-09,-0.00447174249138907,-6.24551965255906e-09
-9.47580502533328e-09,-0.00446838911086503,-5.5292896048397e-09
-9.46462551880844e-09,-0.00446479440856353,-4.66599045440394e-09
-9.43974507027495e-09,-0.00446096345346817,-3.42298899289501e-09
-9.41041308899109e-09,-0.00445691026148727,-1.60759643815829e-09
-9.37560901131665e-09,-0.00445265474093209,8.2312200128932e-10
-9.34114445632829e-09,-0.0044482185882722,3.70367720299251e-09
-9.31391909725455e-09,-0.00444362139826946,6.72314464639787e-09
-9.27991334082232e-09,-0.00443887783152251,9.83336848156646e-09
-9.23226111748373e-09,-0.0044339965563431,1.312076765324e-08
-9.17732509802014e-09,-0.00442898129675479,1.66841066498868e-08
-9.13196177540368e-09,-0.0044238335374242,2.05734394079516e-08
-9.09830826114717e-09,-0.00441855632062414,2.47198552377155e-08
-9.06627175803019e-09,-0.00441315774402886,2.88463765398323e-08
-9.04884715796287e-09,-0.00440765333659409,3.27280330480842e-08
-9.05261997526475e-09,-0.00440206663864075,3.62009976649328e-08
-9.07508356943458e-09,-0.00439642778815504,3.90789931966914e-08
-9.10363523904166e-09,-0.00439077040364485,4.13183080670008e-08
-9.12127743726929e-09,-0.00438512769082131,4.31479236511476e-08
-9.12647362612627e-09,-0.00437952868599079,4.48030406083117e-08
-9.13005024554539e-09,-0.00437399578695979,4.63921914498622e-08
-9.13762562081622e-09,-0.00436854409915345,4.79044513305003e-08
-9.1486485468083e-09,-0.00436318261809752,4.92310764981678e-08
-9.16668499635796e-09,-0.00435791684978182,5.01176276164646e-08
-9.18705633651646e-09,-0.00435275222681556,5.04450288058438e-08
-9.19653728592167e-09,-0.00434769710456479,5.02421249330129e-08
-9.18295650280154e-09,-0.00434276457682315,4.9713470741506e-08
-9.14954525186533e-09,-0.00433797259729232,4.90848729175717e-08
-9.10959725947707e-09,-0.00433334245369717,4.85104989200178e-08
-9.07816161358992e-09,-0.00432889602195864,4.80416192779319e-08
-9.05890310588423e-09,-0.00432465224187397,4.76515880553483e-08
-9.04443726112728e-09,-0.00432062403587863,4.7314618665642e-08
-9.02860057325319e-09,-0.00431681647878226,4.70422229492446e-08
-9.01042721123153e-09,-0.0043132269064783,4.68404754658544e-08
-8.99524305099599e-09,-0.00430984652546495,4.66279043471925e-08
-8.989087053663e-09,-0.00430666330512174,4.63107297417417e-08
-8.98823110045183e-09,-0.00430366518908101,4.58435817833468e-08
-8.98105645573008e-09,-0.00430084282199286,4.52825431282134e-08
-8.96962345273838e-09,-0.00429819120828125,4.45591974049055e-08
-8.95905759156968e-09,-0.00429570966625314,4.36546176061458e-08
-8.95045853941519e-09,-0.00429340032948278,4.27437347234551e-08
-8.94256711592019e-09,-0.00429126549067583,4.19736888929974e-08
-8.93528991531064e-09,-0.00428930470999297,4.13610921932828e-08
-8.93401978431093e-09,-0.00428751245084185,4.06936761476262e-08
-8.93776739024985e-09,-0.00428587710918502,3.98101649325436e-08
-8.93594671110138e-09,-0.00428438156172276,3.8831873210498e-08
-8.92209811628864e-09,-0.00428300496483023,3.79844421490928e-08
-8.901560472747e-09,-0.00428172554939581,3.7293992486308e-08
-8.88577657877459e-09,-0.00428052349124386,3.65455525517386e-08
-8.8930592047288e-09,-0.00427938335201376,3.55068092630393e-08
-8.92243698844731e-09,-0.0042782953430721,3.40421961042951e-08
-8.95221497650631e-09,-0.00427725511492569,3.22711183366698e-08
-8.96057242633747e-09,-0.00427626205458157,3.03799657725176e-08
-8.94638151498807e-09,-0.00427531675071469,2.84771338507548e-08
-8.92728797700326e-09,-0.00427441834847798,2.643144026147e-08
-8.91746816638875e-09,-0.0042735626821257,2.40774387728664e-08
-8.91848263633721e-09,-0.00427274161747416,2.13567663294119e-08
-8.91897499098008e-09,-0.0042719438431954,1.8449017941638e-08
-8.91081832139399e-09,-0.00427115645877642,1.55513655596411e-08
-8.8949801980858e-09,-0.0042703672858323,1.27389611852924e-08
-8.88194316696911e-09,-0.00426956722778798,9.84253391273505e-09
-8.87555946894303e-09,-0.00426875245312661,6.72403379117309e-09
-8.86836219233897e-09,-0.00426792533652091,3.49108461326402e-09
-8.85542817079959e-09,-0.00426709352729441,2.91149104411484e-10
-8.8347119097556e-09,-0.00426626792761417,-2.72922146746611e-09
-8.80073560707068e-09,-0.00426546004061711,-5.30911293094301e-09
-8.75268468483644e-09,-0.00426467980551931,-7.25807720635505e-09
-8.70178424281434e-09,-0.00426393396115721,-8.56240319640893e-09
-8.66322414661497e-09,-0.00426322551951362,-9.48094208155503e-09
-8.64123482585393e-09,-0.00426255435785864,-1.0284170170209e-08
-8.63072335794251e-09,-0.00426191883093298,-1.11417027350976e-08
-8.6238266545701e-09,-0.00426131790198426,-1.21189496334729e-08
-8.61670093272098e-09,-0.00426075347875768,-1.32090297211144e-08
-8.6136592647857e-09,-0.00426023164583926,-1.43919643151027e-08
-8.61443964089347e-09,-0.00425976279921843,-1.55971913891778e-08
-8.61318509349871e-09,-0.00425936063366389,-1.66104662787041e-08
-8.6053676694365e-09,-0.00425904043516004,-1.75235694605266e-08
-8.59051962047433e-09,-0.00425881664148011,-1.84843210320298e-08
-8.56922074334334e-09,-0.00425870061048123,-1.95777917513593e-08
-8.54333801565747e-09,-0.00425869917115173,-2.07795912081049e-08
-8.50987921806017e-09,-0.00425881456497585,-2.18622244682206e-08
-8.47107365920118e-09,-0.00425904535434859,-2.26688967793901e-08
-8.43506492312409e-09,-0.00425938821037659,-2.33079005800556e-08
-8.40236244246051e-09,-0.00425983992177654,-2.39104302461347e-08
-8.37665272231281e-09,-0.00426039910991465,-2.45520848486584e-08
-8.36030424374656e-09,-0.00426106717878348,-2.53209313918869e-08
-8.35494995255452e-09,-0.00426184855991157,-2.63913382008533e-08
-8.34932484402366e-09,-0.00426274971377849,-2.77016336973864e-08
-8.33092095415217e-09,-0.00426377723976326,-2.90864240381862e-08
-8.29812740377992e-09,-0.00426493580831212,-3.03777631796693e-08
-8.2584663902362e-09,-0.00426622646369785,-3.14575075663258e-08
-8.22395832572277e-09,-0.00426764575373306,-3.22915644722576e-08
-8.20084269847911e-09,-0.00426918589333331,-3.29185804196495e-08
-8.19198081146146e-09,-0.00427083589634843,-3.34207395278922e-08
-8.19296868746527e-09,-0.00427258341524004,-3.38927508893681e-08
-8.19477473792268e-09,-0.00427441676197648,-3.44047090044918e-08
-8.18632569274961e-09,-0.0042763265497907,-3.49730216992398e-08
-8.16570410074399e-09,-0.0042783065148814,-3.55687699775225e-08
-8.137115017272e-09,-0.00428035334048349,-3.61557021737286e-08
-8.10550168142129e-09,-0.00428246557970588,-3.67027657194512e-08
-8.07716420307787e-09,-0.00428464197448011,-3.71558672879496e-08
-8.04721777090436e-09,-0.00428687968332951,-3.73615423542144e-08
-8.02039475461367e-09,-0.00428917309882294,-3.7415021075231e-08
-8.00533315657217e-09,-0.00429151328493565,-3.75905277894548e-08
-7.99759308541197e-09,-0.00429388856679213,-3.79386303275728e-08
-7.98528136927927e-09,-0.00429628565106491,-3.83976564758576e-08
-7.96712157149876e-09,-0.0042986912729543,-3.888678489887e-08
-7.94565341647344e-09,-0.0043010939122104,-3.93520396544691e-08
-7.92280805967664e-09,-0.00430348521373031,-3.97702993535768e-08
-7.90082363520825e-09,-0.00430586057831213,-4.01846290874994e-08
-7.88925746918247e-09,-0.00430821882046218,-4.0862125465164e-08
-7.89708531877596e-09,-0.00431056086587944,-4.22041788442289e-08
-7.91879127446061e-09,-0.0043128881811877,-4.43978511639236e-08
-7.93668701799765e-09,-0.00431520119963574,-4.71897890629807e-08
-7.94464302395346e-09,-0.00431749826530336,-5.02715649359194e-08
-7.93562843119263e-09,-0.00431977527090135,-5.34048107666311e-08
-7.9080254542274e-09,-0.00432202613365729,-5.6356668016432e-08
-7.86917756353659e-09,-0.00432424423043927,-5.89959056478776e-08
-7.82917234153989e-09,-0.00432642383892421,-6.13026697809213e-08
-7.79294097556031e-09,-0.0043285614838208,-6.32781199929018e-08
-7.75640271794464e-09,-0.00433065681271938,-6.48030786927565e-08
-7.71970198999268e-09,-0.00433271291529944,-6.58728307503253e-08
-7.68487447935987e-09,-0.00433473572091567,-6.65468676374346e-08
-7.65557084829473e-09,-0.00433673270616832,-6.69265172904503e-08
-7.63161289249446e-09,-0.00433871122786275,-6.71867637353907e-08
-7.61067481652643e-09,-0.00434067724462154,-6.74522584318837e-08
-7.59067178955931e-09,-0.00434263454667145,-6.77719833324815e-08
-7.57050483427709e-09,-0.00434458440732643,-6.81426429872668e-08
-7.54977235559e-09,-0.00434652609007426,-6.8535265049079e-08
-7.52828480378763e-09,-0.00434845799969886,-6.89155412682258e-08
-7.50587305925309e-09,-0.00435037909199115,-6.9255583545895e-08
-7.48250324629429e-09,-0.00435229008911458,-6.95383660817128e-08
-7.45743853241154e-09,-0.00435419416867391,-6.97561106395265e-08
-7.42800448529722e-09,-0.00435609693064551,-6.98967187614963e-08
-7.3948778952299e-09,-0.00435800567006945,-6.99396691546737e-08
-7.36190253952448e-09,-0.00435992813551061,-6.98676801691882e-08
-7.33448381550251e-09,-0.00436187110542605,-6.96822008607041e-08
-7.31322538251229e-09,-0.00436383918625447,-6.94025584193499e-08
-7.29496786334851e-09,-0.00436583415268954,-6.9049079413524e-08
-7.27620483759537e-09,-0.00436785499273572,-6.86341305112035e-08
-7.25523270482743e-09,-0.00436989862469802,-6.81624833030115e-08
-7.23238294720415e-09,-0.00437196107029219,-6.76356387093589e-08
-7.20900561054039e-09,-0.00437403874831772,-6.70554726220044e-08
-7.18627404955752e-09,-0.00437612952674755,-6.6425537958179e-08
-7.16454555483928e-09,-0.00437823324440832,-6.57506060746936e-08
-7.14342530810919e-09,-0.00438035156594859,-6.50356840565659e-08
-7.12224793199315e-09,-0.00438248722449498,-6.42853364663314e-08
-7.10056931912362e-09,-0.00438464288284731,-6.35035026611609e-08
-7.07839167841269e-09,-0.00438681992569482,-6.26936216701859e-08
-7.05607104863222e-09,-0.00438901750900902,-6.1858819665236e-08
-7.03403764247475e-09,-0.00439123218326974,-6.10020264174602e-08
-7.01252477317336e-09,-0.00439345818017921,-6.01260070186999e-08
-6.99145433776236e-09,-0.00439568827411931,-5.92333513597867e-08
-6.97256473422276e-09,-0.00439791494472139,-5.83288046526154e-08
-6.96020625222576e-09,-0.00440013153400528,-5.74151995302798e-08
-6.94765311122512e-09,-0.00440233311077062,-5.64236432559211e-08
-6.92841585963308e-09,-0.00440451689862697,-5.53112885191522e-08
-6.89999505325036e-09,-0.00440668207977612,-5.41350739284868e-08
-6.86909533357122e-09,-0.00440882895885672,-5.2955135149175e-08
-6.8420115596993e-09,-0.00441095787736138,-5.18171383021231e-08
-6.82043074699992e-09,-0.00441306817753771,-5.07484577562738e-08
-6.80229874392476e-09,-0.00441515749148983,-4.97561106317074e-08
-6.78443372628863e-09,-0.00441722155579467,-4.8830515401495e-08
-6.76694528879452e-09,-0.00441925460399915,-4.79557723074971e-08
-6.75684341216644e-09,-0.00442125023218161,-4.71390956237147e-08
-6.75553124162346e-09,-0.00442320248064041,-4.64171441159124e-08
-6.75676809977344e-09,-0.00442510685141599,-4.58282203899606e-08
-6.74607153872652e-09,-0.00442696099534156,-4.53739819532399e-08
-6.71526642051909e-09,-0.00442876485864877,-4.49985469264688e-08
-6.67650920657092e-09,-0.00443052028381676,-4.46406819522999e-08
-6.64200481706807e-09,-0.00443223019590887,-4.42796286621393e-08
-6.61468461786913e-09,-0.00443389759141975,-4.39205294222363e-08
-6.58863216750947e-09,-0.00443552461878793,-4.35614071362346e-08
-6.55728924792801e-09,-0.00443711197831134,-4.31781369856304e-08
-6.51322225093662e-09,-0.00443865881540239,-4.27159872020914e-08
-6.45817813786334e-09,-0.00444016315080218,-4.2100017256591e-08
-6.40264616095032e-09,-0.00444162270109195,-4.12692827510086e-08
-6.36133763749144e-09,-0.00444303584789079,-4.02180478401644e-08
-6.32929236832769e-09,-0.00444440244383836,-3.89715370964859e-08
-6.2972241185618e-09,-0.00444572425886712,-3.75353091476193e-08
-6.26057335069246e-09,-0.00444700497583,-3.58959721132777e-08
-6.22011729282848e-09,-0.00444824970580385,-3.4035164431947e-08
-6.17915198844609e-09,-0.00444946415626341,-3.19398690868086e-08
-6.14239130736145e-09,-0.00445065365245313,-2.96074370850673e-08
-6.11775732457281e-09,-0.00445182231150525,-2.70653565037163e-08
-6.10641837998341e-09,-0.0044529725803358,-2.43761687896838e-08
-6.101900233355e-09,-0.00445410526059985,-2.16089295162355e-08
-6.09821494417307e-09,-0.00445521998999759,-1.88179395283223e-08
-6.09634999868612e-09,-0.00445631601971646,-1.60541627683681e-08
-6.0949566034397e-09,-0.00445739306980137,-1.33714660965122e-08
-6.08634805452896e-09,-0.004458452006162,-1.07953725840522e-08
-6.06882382335249e-09,-0.00445949516397927,-8.31657818824398e-09
-6.04602462999834e-09,-0.00446052621812984,-5.91853063174239e-09
-6.0222507627281e-09,-0.0044615496341081,-3.59391556587287e-09
-6.00081746403246e-09,-0.00446256985809571,-1.34698436417918e-09
-5.98520592250184e-09,-0.00446359047640283,8.01837578065746e-10
-5.97395502383941e-09,-0.00446461356664057,2.82217187002502e-09
-5.96111324352566e-09,-0.00446563941788201,4.69993408099632e-09
-5.94413369861903e-09,-0.0044666667003471,6.44396974658007e-09
-5.92412831306047e-09,-0.00446769302192524,8.07038511227666e-09
-5.90314382847714e-09,-0.00446871570280236,9.59122386175326e-09
-5.88227800239444e-09,-0.00446973254156298,1.10120526204954e-08
-5.86146875383672e-09,-0.00447074239930878,1.23347189427025e-08
-5.8403269871884e-09,-0.00447174537530325,1.35607199507848e-08
-5.81892261394155e-09,-0.00447274254526751,1.46928832812646e-08
-5.79886197760855e-09,-0.00447373576854568,1.57341743347959e-08
-5.78400752833552e-09,-0.00447472677742086,1.66763194706882e-08
-5.77449057986498e-09,-0.00447571635878696,1.74986320484649e-08
-5.76825130245619e-09,-0.00447670386360981,1.81800867888612e-08
-5.76515781411255e-09,-0.00447768710143594,1.86954859865518e-08
-5.76351406265273e-09,-0.00447866264325257,1.90144079835067e-08
-5.75907515107081e-09,-0.00447962643501779,1.91136193603557e-08
-5.74407880235825e-09,-0.00448057454576906,1.90022939849772e-08
-5.7187952173039e-09,-0.00448150382998247,1.87214156654729e-08
-5.69137049150691e-09,-0.00448241232755781,1.8311216644638e-08
-5.67434171152745e-09,-0.00448329963534424,1.77742762549362e-08
-5.66782715948421e-09,-0.00448416651257636,1.70775703331474e-08
-5.6576430825127e-09,-0.00448501423057564,1.62092179572307e-08
-5.63381772673612e-09,-0.00448584388684895,1.52083890989715e-08
-5.60301841901148e-09,-0.00448665580878611,1.41264590147714e-08
-5.58032225895321e-09,-0.00448744922147844,1.29703507892039e-08
-5.57107455944845e-09,-0.00448822224799845,1.17024784938369e-08
-5.56877662638641e-09,-0.00448897224594785,1.02817457102779e-08
-5.55900111440175e-09,-0.00448969634706044,8.70725351768104e-09
-5.53628460405636e-09,-0.00449039207198753,7.02069875973938e-09
-5.5065415192879e-09,-0.00449105817250223,5.26849407158556e-09
-5.48331321146823e-09,-0.00449169486198504,3.41312821434275e-09
-5.47118377561361e-09,-0.00449230375162608,1.23098912733371e-09
-5.46697535393249e-09,-0.00449288734516212,-1.44503438237555e-09
-5.46338931021108e-09,-0.00449344842631883,-4.61634119606312e-09
-5.4507952243351e-09,-0.00449398935437177,-8.00965148482881e-09
-5.43107227822739e-09,-0.00449451158165077,-1.13113552310408e-08
-5.41154538143792e-09,-0.00449501589181576,-1.44328766516716e-08
-5.39345448283993e-09,-0.00449550224864311,-1.74094823203841e-08
-5.36934482895401e-09,-0.00449596998818437,-2.02927404186079e-08
-5.33725700872956e-09,-0.00449641835199488,-2.31098054468847e-08
-5.29893121607812e-09,-0.00449684708663891,-2.58697040666925e-08
-5.25430185309857e-09,-0.00449725690134964,-2.85994613451368e-08
-5.21055340761548e-09,-0.00449764960293386,-3.14167176268097e-08
-5.16872628712175e-09,-0.00449802807571511,-3.42301973448167e-08
-5.13375944896238e-09,-0.00449839581293561,-3.69148643530764e-08
-5.10551864368079e-09,-0.00449875629054199,-3.94035764710749e-08
-5.07972881036328e-09,-0.00449911234520545,-4.16715905815543e-08
-5.05256885473635e-09,-0.00449946602734605,-4.37175328355293e-08
-5.02290534408075e-09,-0.00449981833652869,-4.55524157111743e-08
-4.98878210883386e-09,-0.00450016929043168,-4.71905230299439e-08
-4.94490565075386e-09,-0.00450051830980511,-4.8616881412837e-08
-4.9018017362648e-09,-0.00450086472192019,-4.98136304595814e-08
-4.86684775167178e-09,-0.00450120827362691,-5.07992024864847e-08
-4.83942914653413e-09,-0.0045015494995574,-5.16071497393774e-08
-4.81309606326606e-09,-0.00450188983762614,-5.22625476416224e-08
-4.7774598933999e-09,-0.00450223142281753,-5.27541235862471e-08
-4.73110958645137e-09,-0.00450257658537849,-5.30372673043402e-08
-4.68161757464771e-09,-0.00450292720938328,-5.30700358854548e-08
-4.64149981738346e-09,-0.00450328478466727,-5.28519788183417e-08
-4.61370238254098e-09,-0.00450364989635244,-5.24244600390931e-08
-4.59488292924685e-09,-0.00450402204086719,-5.18376274372082e-08
-4.5848129938841e-09,-0.00450439982353042,-5.11510852996121e-08
-4.57808962545444e-09,-0.00450478136687456,-5.04312423124781e-08
-4.56358272805261e-09,-0.00450516480977416,-4.97106812587784e-08
-4.53841865319247e-09,-0.00450554877612404,-4.89807192747745e-08
-4.50700764626719e-09,-0.00450593266908857,-4.82225572311612e-08
-4.47495765208973e-09,-0.00450631670712815,-4.74272075749841e-08
-4.4432149641531e-09,-0.00450670164386132,-4.65497446906032e-08
-4.40590745604047e-09,-0.00450708830096262,-4.54066139252046e-08
-4.36413107107223e-09,-0.00450747757985681,-4.39364118052091e-08
-4.32164250486013e-09,-0.00450786978654529,-4.21606989838984e-08
-4.28361454789402e-09,-0.0045082641952566,-4.01775759604132e-08
-4.25522098318828e-09,-0.00450865892310858,-3.82320236064105e-08
-4.22881157908289e-09,-0.00450905168151174,-3.64156769906132e-08
-4.2063886799416e-09,-0.00450944014432773,-3.47665664006097e-08
-4.19480983767929e-09,-0.00450982238357649,-3.34738686800955e-08
-4.19101710384422e-09,-0.00451019714584031,-3.2684512930482e-08
-4.18228431506703e-09,-0.00451056398478155,-3.23741122017565e-08
-4.16605473124961e-09,-0.00451092310358279,-3.22983317001743e-08
-4.15147773637616e-09,-0.00451127511689845,-3.2321325552753e-08
-4.13402498150326e-09,-0.00451162101866728,-3.23184738966371e-08
-4.11008958880691e-09,-0.00451196164755828,-3.22013171440053e-08
-4.08490806526885e-09,-0.00451229724927911,-3.20361661910144e-08
-4.07138258946908e-09,-0.00451262726600526,-3.21758024638069e-08
-4.06054545074395e-09,-0.00451295067200927,-3.25837528318792e-08
-4.04737262417834e-09,-0.00451326615548873,-3.314402799933e-08
-4.0456028168158e-09,-0.00451357248740747,-3.39685297869063e-08
-4.06514209753211e-09,-0.00451386884209699,-3.52349011825368e-08
-4.09385080633449e-09,-0.00451415504169799,-3.70285670300647e-08
-4.1058313654999e-09,-0.00451443162841473,-3.91646039668669e-08
-4.09135557906261e-09,-0.00451469977582763,-4.14105911416789e-08
-4.05483970880334e-09,-0.00451496092802362,-4.36032317597674e-08
-4.00877626955864e-09,-0.00451521693778054,-4.56650487950184e-08
-3.96454731649357e-09,-0.00451546944332881,-4.75914331412973e-08
-3.92746097004286e-09,-0.00451571942300656,-4.94171152847741e-08
-3.89521277433871e-09,-0.00451596703780474,-5.11809059408617e-08
-3.85929142748308e-09,-0.00451621202795238,-5.28858970992802e-08
-3.82003012553298e-09,-0.00451645388875507,-5.45038056992333e-08
-3.78070614083303e-09,-0.00451669216737591,-5.60065304472994e-08
-3.7441042640958e-09,-0.00451692679966397,-5.73744232030545e-08
-3.71315518664656e-09,-0.00451715834136917,-5.86049024827359e-08
-3.68653842625611e-09,-0.00451738798568749,-5.9710113156929e-08
-3.65891270565778e-09,-0.00451761739518362,-6.06542789329925e-08
-3.62336571562752e-09,-0.00451784840597648,-6.12754211753801e-08
-3.58584302960925e-09,-0.00451808285844471,-6.16142991259339e-08
-3.55274289878991e-09,-0.00451832214108754,-6.17780374583733e-08
-3.52387953288768e-09,-0.00451856689082165,-6.18052505931529e-08
-3.49239479233357e-09,-0.00451881689471936,-6.15794355065362e-08
-3.46056970736764e-09,-0.00451907148226445,-6.11582809869592e-08
-3.43077590821375e-09,-0.00451932980894036,-6.0643995859104e-08
-3.40524278999647e-09,-0.00451959114146713,-6.01549429079063e-08
-3.38813890728095e-09,-0.0045198550963864,-5.98929705307676e-08
-3.37299623649887e-09,-0.00452012191443269,-5.98241071891782e-08
-3.35426807933968e-09,-0.00452039238148721,-5.98311905067809e-08
-3.33258324639779e-09,-0.00452066754991904,-5.98622602460586e-08
-3.31388048377027e-09,-0.00452094838921718,-6.00246440867578e-08
-3.29409059990276e-09,-0.00452123597384508,-6.025784299351e-08
-3.26952596877502e-09,-0.00452153090978868,-6.04623127126134e-08
-3.24121635817719e-09,-0.00452183302443274,-6.05982697389719e-08
-3.21400226910242e-09,-0.00452214128450419,-6.07247357443693e-08
-3.18583423396591e-09,-0.00452245408015914,-6.07778557596538e-08
-3.1491397610996e-09,-0.00452276995932371,-6.05068075898652e-08
-3.10467797726748e-09,-0.0045230878002872,-5.97617526233793e-08
-3.06523734090456e-09,-0.00452340697197149,-5.87296442267361e-08
-3.04340683773607e-09,-0.00452372727515941,-5.7821883830337e-08
-3.03704729834788e-09,-0.00452404891167092,-5.73106244181033e-08
-3.03097779564041e-09,-0.00452437228028252,-5.71251951354682e-08
-3.01536962262626e-09,-0.0045246978031266,-5.70920598913865e-08
-2.98940003934937e-09,-0.00452502569114394,-5.70605809856931e-08
-2.95754153569759e-09,-0.00452535574388426,-5.69367877122245e-08
-2.92398724476279e-09,-0.00452568727082855,-5.66837319272067e-08
-2.8884775166855e-09,-0.00452601912395524,-5.62948106025726e-08
-2.85228940983259e-09,-0.00452634973678632,-5.57736628583718e-08
-2.81993542956331e-09,-0.0045266775078668,-5.5141037340762e-08
-2.79260016803504e-09,-0.00452700158156577,-5.44316413074014e-08
-2.76840784234933e-09,-0.00452732171314039,-5.36762086506061e-08
-2.74499868893449e-09,-0.00452763814056311,-5.28920956173277e-08
-2.72107702803527e-09,-0.00452795146201231,-5.20842356723678e-08
-2.69648619287227e-09,-0.00452826243891474,-5.12510890422293e-08
-2.67149016920037e-09,-0.00452857176462012,-5.03903087370075e-08
-2.64616147999584e-09,-0.00452887977703553,-4.95016815300621e-08
-2.62031581158673e-09,-0.00452918620578252,-4.858749274884e-08
-2.59384794119228e-09,-0.0045294906934328,-4.76515803198621e-08
-2.56704004370604e-09,-0.00452979269121114,-4.6698226240462e-08
-2.54254324536646e-09,-0.00453009145943233,-4.57797338466633e-08
-2.52779449002338e-09,-0.00453038613046815,-4.51166607517803e-08
-2.51986841802583e-09,-0.00453067621071461,-4.479421841041e-08
-2.50045187737077e-09,-0.00453096190995597,-4.44542428321035e-08
-2.46166075310168e-09,-0.00453124397532994,-4.37308872235548e-08
-2.40985688301693e-09,-0.00453152346447612,-4.24692532691738e-08
-2.36116933281615e-09,-0.00453180150804777,-4.08360949958058e-08
-2.3247272321265e-09,-0.00453207926569922,-3.90629559343401e-08
-2.3004717739415e-09,-0.0045323575677537,-3.73223491663066e-08
-2.27999583826538e-09,-0.00453263671511222,-3.56249002580248e-08
-2.24619914422577e-09,-0.00453291642660947,-3.36301094696793e-08
-2.19701884496654e-09,-0.00453319616189286,-3.10981770277797e-08
-2.14950865082839e-09,-0.00453347547812526,-2.82292371615287e-08
-2.11441454970049e-09,-0.00453375411380188,-2.53013739220593e-08
-2.0918260126336e-09,-0.00453403205949472,-2.25082005693717e-08
-2.076160741103e-09,-0.00453430956847988,-1.99410424836282e-08
-2.06138198349151e-09,-0.00453458739540557,-1.76091068720208e-08
-2.04391965618278e-09,-0.00453486656150091,-1.54740212020311e-08
-2.02302049453543e-09,-0.00453514808799905,-1.34820275322314e-08
-1.99960853172719e-09,-0.00453543275566469,-1.15856229832624e-08
-1.97394663246974e-09,-0.00453572090352339,-9.72918368957523e-09
-1.94349758943529e-09,-0.00453601247575194,-7.78934410939781e-09
-1.90819847871045e-09,-0.00453630706076394,-5.67408895194204e-09
-1.87137412001308e-09,-0.004536604007191,-3.37462872305076e-09
-1.83923293580867e-09,-0.00453690258987117,-1.0099646684391e-09
-1.81413073204637e-09,-0.00453720226827785,1.29763414627117e-09
-1.7943988728305e-09,-0.00453750290553281,3.47395461507915e-09
-1.77668541475366e-09,-0.0045378047033846,5.49294776032467e-09
-1.75799208714712e-09,-0.00453810810774555,7.36279147021439e-09
-1.73675160423018e-09,-0.00453841367723419,9.10851574698419e-09
-1.71294565801793e-09,-0.00453872190899496,1.07578259153951e-08
-1.68759981029878e-09,-0.00453903306863411,1.23327285649681e-08
-1.66205462453967e-09,-0.00453934703443131,1.38466680320877e-08
-1.63733131737976e-09,-0.00453966312984278,1.53054247980344e-08
-1.61378336643226e-09,-0.00453998033883013,1.67097577568993e-08
-1.59109372070568e-09,-0.00454029788354531,1.80582130545646e-08
-1.5685550465541e-09,-0.00454061512555643,1.93492134236792e-08
-1.54547719028734e-09,-0.00454093158015393,2.05821642208492e-08
-1.52253643709052e-09,-0.00454124700464996,2.17565491773057e-08
-1.50216555540875e-09,-0.00454156144275102,2.28622276249723e-08
-1.48165914771777e-09,-0.00454187514078021,2.38890900808664e-08
-1.45906001670844e-09,-0.00454218842599438,2.48406523464069e-08
-1.43463873937511e-09,-0.00454250156718161,2.57270118197625e-08
-1.41061157192632e-09,-0.00454281462980074,2.65331606371441e-08
-1.39126365397205e-09,-0.00454312736396136,2.71558715554642e-08
-1.37714560012119e-09,-0.00454343923857683,2.75079964599554e-08
-1.36473086906932e-09,-0.00454374954499358,2.75780952052638e-08
-1.34768862688691e-09,-0.00454405756363236,2.74812338076082e-08
-1.32392128623427e-09,-0.00454436268848625,2.73377970271454e-08
-1.29548361350016e-09,-0.00454466456260528,2.72230199266244e-08
-1.26579024722184e-09,-0.00454496312706892,2.71663183782449e-08
-1.23736141461176e-09,-0.00454525857512325,2.7164192722736e-08
-1.21095294923089e-09,-0.00454555117817178,2.71966570962131e-08
-1.18592621114369e-09,-0.00454584135599524,2.72407782482344e-08
-1.16118210602617e-09,-0.00454612967947026,2.72787351363262e-08
-1.13596937618277e-09,-0.00454641656337223,2.73006193561882e-08
-1.11019171476679e-09,-0.00454670212612172,2.73036293303319e-08
-1.08623943904062e-09,-0.0045469861630462,2.72872430109736e-08
-1.07112897907087e-09,-0.0045472682377666,2.7229318194917e-08
-1.06516906605414e-09,-0.00454754786096574,2.70830833698851e-08
-1.06125016163976e-09,-0.00454782467480627,2.68054347832351e-08
-1.04744650996585e-09,-0.00454809855190906,2.63914093903284e-08
-1.02000430623042e-09,-0.00454836956423062,2.58752861714383e-08
-9.81850823731338e-10,-0.00454863819696981,2.53064248049089e-08
-9.42904438148501e-10,-0.00454890521589775,2.47205250092721e-08
-9.0962171820249e-10,-0.00454917139026603,2.41253738094453e-08
-8.82424032554903e-10,-0.0045494372660895,2.35154545245094e-08
-8.5832575790075e-10,-0.00454970293064429,2.28861880649209e-08
-8.32142589758417e-10,-0.00454996827675433,2.22875476994384e-08
-7.97478110426566e-10,-0.00455023331565969,2.19406504279896e-08
-7.57977894314666e-10,-0.00455049797174726,2.20082148253302e-08
-7.14287875306272e-10,-0.00455076204775248,2.24969329759773e-08
-6.74123466091993e-10,-0.00455102529719268,2.31860559915823e-08
-6.420678036738e-10,-0.00455128762887162,2.38575354096648e-08
-6.17392914935383e-10,-0.00455154919895087,2.4382371703931e-08
-5.93831853847547e-10,-0.00455181036058834,2.47803342112035e-08
-5.58490982018174e-10,-0.00455207149852796,2.53559735985734e-08
-5.07770852408913e-10,-0.00455233301147736,2.63933399160892e-08
-4.49507561683982e-10,-0.00455259517567301,2.79776246288586e-08
-3.9851676233664e-10,-0.00455285806925357,2.98961314407678e-08
-3.55015746532981e-10,-0.00455312175272288,3.20767493912369e-08
-3.14594286105027e-10,-0.00455338608022204,3.45157332554448e-08
-2.75783928838248e-10,-0.00455365062294696,3.716772200556e-08
-2.43942672908169e-10,-0.00455391459942443,3.981720148171e-08
-2.18255424137632e-10,-0.00455417739143257,4.23301426562803e-08
-1.88735328138896e-10,-0.00455443886806865,4.48412740208248e-08
-1.50259985282366e-10,-0.0045546992272928,4.75269894778493e-08
-1.0717494937213e-10,-0.00455495882537402,5.04547458154135e-08
-7.28443089210312e-11,-0.00455521800115132,5.34430984203308e-08
-4.97257697565144e-11,-0.00455547702190757,5.62776133831679e-08
-3.55106217293995e-11,-0.00455573609336897,5.87756616965014e-08
-2.54766362370918e-11,-0.00455599518558358,6.08487732705531e-08
-1.54843210460793e-11,-0.00455625393648686,6.24877719115811e-08
-3.14828431735657e-12,-0.0045565116366937,6.37296914851116e-08
1.52450159735004e-11,-0.00455676779203481,6.47191670655335e-08
4.10306049372702e-11,-0.00455702206447802,6.55950306643323e-08
7.49718837233234e-11,-0.00455727426807588,6.64532432811988e-08
1.1203753988018e-10,-0.00455752433572982,6.73023574716175e-08
1.40833072077721e-10,-0.00455777226750855,6.79457109065038e-08
1.59263919597267e-10,-0.00455801814083815,6.82715181302819e-08
1.72728593304035e-10,-0.00455826201903754,6.83846298972008e-08
1.71736326580125e-10,-0.00455850422259034,6.798450152277e-08
1.52966383272809e-10,-0.00455874500257815,6.67624814573883e-08
1.21115903456866e-10,-0.00455898435846778,6.46503926754012e-08
9.80310992376324e-11,-0.00455922204578967,6.20344953817629e-08
9.96154607249428e-11,-0.00455945768868469,5.93620074005937e-08
1.35820327133839e-10,-0.00455969097021922,5.7105373296015e-08
1.95839805505572e-10,-0.00455992168212284,5.55508018704959e-08
2.62305452730898e-10,-0.00456014968074558,5.47135928569728e-08
3.15668429649216e-10,-0.00456037476903021,5.42989782214945e-08
3.42950937530785e-10,-0.00456059697177199,5.3936069477394e-08
3.31137655332581e-10,-0.00456081661508806,5.3100964717652e-08
2.98623453894821e-10,-0.00456103407554399,5.13077321085303e-08
2.7572000754457e-10,-0.00456124974665081,4.85483425773788e-08
2.65369062271192e-10,-0.00456146388850584,4.50691138538597e-08
2.67940141800148e-10,-0.0045616766145414,4.12701656072601e-08
2.82809409152545e-10,-0.00456188784810232,3.74579364191425e-08
3.11808564073799e-10,-0.00456209738576735,3.38013627469762e-08
3.50565659492855e-10,-0.00456230501064962,3.03683343031619e-08
3.8901324668178e-10,-0.00456251060013684,2.71011046956715e-08
4.15329666917297e-10,-0.00456271397486513,2.37610585160535e-08
4.31752014766756e-10,-0.00456291483395165,2.02670031926083e-08
4.47146468309163e-10,-0.00456311363083848,1.66895812025691e-08
4.67492562139348e-10,-0.00456331111105316,1.31260537476546e-08
4.92009872649253e-10,-0.00456350790926955,9.60519608783913e-09
5.13846182500139e-10,-0.0045637043746239,6.00362011302039e-09
5.35789270120116e-10,-0.00456390066308016,2.37546746467249e-09
5.58600679795796e-10,-0.00456409673656224,-1.22639798520423e-09
5.7545551596541e-10,-0.00456429246070473,-4.94876437351388e-09
5.83921229531894e-10,-0.00456448762143263,-8.93704711317987e-09
5.90660244727263e-10,-0.00456468198140813,-1.32100903980311e-08
6.11334267569771e-10,-0.00456487532240487,-1.75299869623856e-08
6.44188089855148e-10,-0.00456506754451085,-2.16459263547994e-08
6.80087265153941e-10,-0.00456525870027708,-2.54513282520615e-08
7.07505937187369e-10,-0.00456544912569709,-2.91402911408168e-08
7.27026999686599e-10,-0.00456563924411918,-3.29171495043065e-08
7.38808895335613e-10,-0.00456582936830654,-3.68494581489232e-08
7.51555423352519e-10,-0.00456601955996031,-4.07712527284643e-08
7.71256069548955e-10,-0.00456620971120913,-4.44564794634828e-08
8.00593298810759e-10,-0.0045663996612265,-4.76028229755842e-08
8.43833236984737e-10,-0.00456658916069683,-5.00180002545263e-08
8.95930723273042e-10,-0.00456677783413453,-5.1688237147853e-08
9.4632602071816e-10,-0.00456696506486035,-5.27240908277707e-08
1.00377074846056e-09,-0.00456715040233329,-5.27525879060343e-08
1.07626447681441e-09,-0.00456733372191297,-5.14820626186826e-08
1.14657645473809e-09,-0.00456751544104402,-4.92175682276843e-08
1.20181874921386e-09,-0.00456769610681677,-4.63717085548493e-08
1.24086868540225e-09,-0.00456787610930416,-4.32414902359118e-08
1.27387754045646e-09,-0.00456805534368044,-3.99326233576368e-08
1.31584173287201e-09,-0.00456823345095505,-3.63418216844706e-08
1.35502460902701e-09,-0.00456841021077077,-3.26221189910502e-08
1.3868071232114e-09,-0.00456858563280421,-2.87899789796816e-08
1.40963606832639e-09,-0.0045687597034927,-2.48131098033321e-08
1.42888695243416e-09,-0.00456893229132304,-2.07615970374942e-08
1.43524404486725e-09,-0.00456910306711137,-1.70829758546267e-08
1.42163920532035e-09,-0.00456927162222234,-1.42783311882669e-08
1.4025537921624e-09,-0.00456943761120566,-1.23556886261918e-08
1.40352246525702e-09,-0.00456960128828337,-1.0770269721915e-08
1.43269400389805e-09,-0.00456976312210111,-8.98956615952659e-09
1.48005175082168e-09,-0.00456992345607546,-6.74704758924022e-09
1.52521179543733e-09,-0.00457008230136768,-4.15563264545256e-09
1.55628163721958e-09,-0.00457023983216705,-1.4364240694511e-09
1.57260345899921e-09,-0.00457039612000418,1.22448785043758e-09
1.57998559340172e-09,-0.00457055105211564,3.71515022372461e-09
1.58540427898802e-09,-0.00457070441730819,5.99696382736114e-09
1.59563889607682e-09,-0.00457085598332714,8.13132593687725e-09
1.61706868756212e-09,-0.00457100554403295,1.03253402995176e-08
1.64292008217234e-09,-0.00457115309651947,1.25828479991277e-08
1.66601994402979e-09,-0.00457129880092588,1.48316820882339e-08
1.68350412651576e-09,-0.00457144294063918,1.70080609351047e-08
1.69604832480083e-09,-0.00457158580527465,1.90724617298151e-08
1.7100305922145e-09,-0.00457172758155805,2.11075150169204e-08
1.73943658123743e-09,-0.00457186823006802,2.35498732549885e-08
1.78306419501699e-09,-0.00457200766060284,2.67482091894476e-08
1.83912983744459e-09,-0.00457214582879978,3.07955682331083e-08
1.90145677074939e-09,-0.00457228287861634,3.54965812778516e-08
1.961687054908e-09,-0.00457241892290785,4.06322840779195e-08
2.01544019133729e-09,-0.0045725539280265,4.61304468490817e-08
2.06535059154578e-09,-0.0045726876007417,5.22179303839338e-08
2.10598626585139e-09,-0.0045728197061151,5.88535443728081e-08
2.12195603322355e-09,-0.00457295014952541,6.54715215313454e-08
2.12066611905549e-09,-0.00457307950078392,7.1688981497554e-08
2.12226978034881e-09,-0.0045732084537262,7.74032321769624e-08
2.13127800994469e-09,-0.00457333741227941,8.27808762830609e-08
2.15523648433442e-09,-0.00457346620981568,8.83033320355136e-08
2.18398792995805e-09,-0.00457359451752655,9.39674300289597e-08
2.21608610052614e-09,-0.00457372207594503,9.96375948675851e-08
2.23803305997354e-09,-0.0045738488437186,1.052088364361e-07
2.24411087326047e-09,-0.00457397500734618,1.10584689836e-07
2.24236029229908e-09,-0.00457410180365406,1.15782164082822e-07
2.25242252756428e-09,-0.00457423356887682,1.21143108181968e-07
2.28213466670403e-09,-0.00457438069116493,1.26979409368059e-07
2.32603570263384e-09,-0.00457456157399759,1.33411035057534e-07
2.37215526281097e-09,-0.0045748018569331,1.4031566699346e-07
2.41145541314018e-09,-0.00457512990633653,1.47518974990154e-07
2.44061833359329e-09,-0.00457557034331645,1.54879713716645e-07
2.46013462737401e-09,-0.00457613835681596,1.62298767613351e-07
2.4722257601009e-09,-0.00457683824544428,1.69667866875887e-07
2.47485001886684e-09,-0.00457766656484026,1.7674778749845e-07
2.46991683586396e-09,-0.00457861796118762,1.83363602742701e-07
2.46215142097675e-09,-0.00457969083062559,1.89455380025893e-07
2.4578308406995e-09,-0.00458088925766683,1.95091707153849e-07
2.46598814747893e-09,-0.00458222064357508,2.00548046745947e-07
2.48761531216282e-09,-0.00458368954767883,2.06066807092895e-07
2.51510475489326e-09,-0.00458529182659354,2.11723547203387e-07
2.53058810390881e-09,-0.00458701274855229,2.17225825792531e-07
2.5176553532895e-09,-0.0045888304447389,2.21990119230241e-07
2.48745358205792e-09,-0.00459072226733871,2.25842825306584e-07
-7.34084409950624e-09,-0.00459274536901338,4.20393667742029e-08
-6.67411994410944e-08,-0.00459528452524361,-1.29914812441068e-06
-2.03393980163355e-07,-0.00459890285015529,-5.15277717154763e-06
-4.01522976107508e-07,-0.00460411576846006,-1.27058454115738e-05
-6.2327283569789e-07,-0.00461129074632697,-2.47857376416646e-05
-8.43873135025583e-07,-0.00462064192654206,-4.18964868001096e-05
-1.06401250846053e-06,-0.00463227229982898,-6.43229962953663e-05
-1.29879698145694e-06,-0.00464624414938089,-9.22646301359747e-05
-1.55836235604836e-06,-0.00466262888761739,-0.000125914958791697
-1.83977071906214e-06,-0.00468151863423097,-0.000165479442704101
-2.13641430029676e-06,-0.00470302858725459,-0.000211206008751646
-2.44714298022545e-06,-0.0047272953296393,-0.000263407820062432
-2.77073814945312e-06,-0.00475444248272008,-0.000322384332429996
-3.10308223829383e-06,-0.00478455214516004,-0.000388349091789173
-3.44678154816902e-06,-0.00481770284922773,-0.000461519158743878
-3.80421452897509e-06,-0.00485398244126683,-0.000542121159980303
-4.16893358561865e-06,-0.00489345624284612,-0.000630297733238669
-4.53705285842659e-06,-0.0049361804796136,-0.000726156436416857
-4.90184388464521e-06,-0.00498215512750218,-0.000829664256644866
-5.26903008310703e-06,-0.00503137917392216,-0.000940808771337765
-5.64016812846517e-06,-0.00508384276909248,-0.00105956462774533
-6.00575121800438e-06,-0.00513949590051716,-0.00118580953759243
-6.35988332081543e-06,-0.00519825638679518,-0.00131935180046567
-6.70606050777077e-06,-0.00526004412054411,-0.00146000539213907
-7.03702705622572e-06,-0.00532472364087771,-0.00160742497324316
-7.34425418738259e-06,-0.0053920975891621,-0.00176110838605968
-7.62477885780487e-06,-0.00546191244718025,-0.00192043058376719
-7.88118861578282e-06,-0.00553388607391535,-0.00208471928053525
-8.11289325532167e-06,-0.00560770546103324,-0.00225324320027343
-8.31908668682797e-06,-0.00568305237113145,-0.00242527067355171
-8.50431902374075e-06,-0.00575965402786287,-0.00260018302980499
-8.67591842136076e-06,-0.0058373105574764,-0.00277752464937583
-8.83560272126566e-06,-0.0059158567982824,-0.00295690069902752
-8.98425485336852e-06,-0.00599516534420534,-0.00313799691101393
-9.12130912926234e-06,-0.00607511907507416,-0.0033205260417435
-9.24769940228152e-06,-0.00615561474712925,-0.00350424874550482
-9.36793177070439e-06,-0.00623658663178249,-0.00368903180264498
-9.48962297472319e-06,-0.00631803557967283,-0.0038749061746095
-9.61594258599315e-06,-0.00639999630072355,-0.00406196928928602
-9.7441547956414e-06,-0.0064825019218279,-0.00425029290875729
-9.86879695919058e-06,-0.00656555784996057,-0.00443986722369706
-9.98773345019046e-06,-0.00664915758860633,-0.00463065490274338
-1.00988284670306e-05,-0.00673326077595824,-0.0048225477812199
-1.01995124849854e-05,-0.0068177909902842,-0.00501536887393943
-1.02877725589605e-05,-0.00690264877879147,-0.00520890212828083
-1.03625529780203e-05,-0.00698772206355915,-0.00540290808265546
-1.04229307160546e-05,-0.0070728861445175,-0.00559711236452357
-1.04615571168462e-05,-0.00715792205509801,-0.0057910025893482
-1.04693822061567e-05,-0.00724249461018021,-0.00598378727485351
-1.04438044237739e-05,-0.00732623488227035,-0.00617460866268403
-1.03918971362909e-05,-0.00740887974952711,-0.00636288128964506
-1.03169263986304e-05,-0.00749016969242187,-0.00654804117795957
-1.02181194077288e-05,-0.00756980792651837,-0.00672944593002853
-1.00968484252913e-05,-0.00764752669422699,-0.00690652597271165
-9.9594950265635e-06,-0.0077231711396996,-0.00707897244392892
-9.81068088706213e-06,-0.00779658816188749,-0.00724646559889909
-9.65335927014792e-06,-0.0078675833553867,-0.00740857942997057
-9.49052232222602e-06,-0.00793594388508933,-0.00756484629129647
-9.32597840891694e-06,-0.00800152971552684,-0.00771497746185016
-9.16791345093408e-06,-0.00806420155225018,-0.00785870146110787
-9.03299783220693e-06,-0.0081237630980768,-0.00799562867817172
-8.93059248052692e-06,-0.0081800596961664,-0.00812544895412559
-8.86592720714782e-06,-0.00823301912878551,-0.00824802369761742
-8.84236348877721e-06,-0.00828264305275022,-0.00836336920236252
-8.86135763229161e-06,-0.00832897360475302,-0.00847158506601884
-8.9223054658196e-06,-0.00837206335338838,-0.00857279294471303
-9.02312009218577e-06,-0.00841195578442092,-0.00866709742313282
-9.16146734388242e-06,-0.00844867798455281,-0.00875456929458267
-9.33602746978289e-06,-0.00848224305166267,-0.00883524510897063
-9.54701465954777e-06,-0.00851265727429479,-0.00890913602092703
-9.79566321770839e-06,-0.00853992720475132,-0.00897623904920448
-1.00830564494345e-05,-0.0085640632593066,-0.0090365470198466
-1.04090018796167e-05,-0.00858507942589746,-0.00909005505079277
-1.07716683024213e-05,-0.00860299075678142,-0.00913676359003628
-1.11681588479083e-05,-0.00861781127157794,-0.00917667850861455
-1.15956686330788e-05,-0.00862955389846433,-0.00920980987740913
-1.20524448426599e-05,-0.00863823246561012,-0.00923617058070625
-1.2537944678903e-05,-0.00864386430577078,-0.00925577502650278
-1.30521656683915e-05,-0.00864647154636613,-0.00926863829735202
-1.35945744108336e-05,-0.00864607998955952,-0.00927477579090844
-1.41633506469947e-05,-0.00864271749186002,-0.00927420642011663
-1.47553069891633e-05,-0.00863646855795359,-0.00926708702082579
-1.53670797498633e-05,-0.00862748310889227,-0.00925373727542869
-1.59976478212153e-05,-0.00861591891843465,-0.0092345059305619
-1.66502909533737e-05,-0.00860192518688301,-0.00920972603347717
-1.7332015808617e-05,-0.0085856353141271,-0.00917969074692923
-1.80515353421071e-05,-0.0085671670663579,-0.00914464984802905
-1.88170502722138e-05,-0.0085466255489118,-0.00910481839903615
-1.9634631943278e-05,-0.00852410613423183,-0.00906038948960758
-2.05075642225612e-05,-0.00849969693794313,-0.0090115455677835
-2.1436488122295e-05,-0.00847348128502752,-0.00895846581204567
-2.24199352629694e-05,-0.00844554077450921,-0.00890132936285859
-2.34547728593368e-05,-0.00841595791459009,-0.00884031557673381
-2.45363926890236e-05,-0.00838481746447797,-0.00877560264526409
-2.56588225252845e-05,-0.00835220552482688,-0.00870736578491123
-2.68150483797297e-05,-0.00831820697734285,-0.0086357757647519
-2.79977255636269e-05,-0.00828290190662749,-0.00856099814695216
-2.92001298287985e-05,-0.00824636304691663,-0.0084831931884101
-3.04169930965192e-05,-0.00820865567138343,-0.00840251609700709
-3.16448762844526e-05,-0.00816983986913323,-0.00831911751280603
-3.28819248157299e-05,-0.00812997381420729,-0.00823314393843215
-3.41271856987311e-05,-0.00808911622537394,-0.0081447381383828
-3.53798720546952e-05,-0.00804732623089876,-0.00805403927509836
-3.66389174335515e-05,-0.00800466137673548,-0.00796118298116843
-3.79029733967966e-05,-0.00796117507745909,-0.00786630137036378
-3.91706897810864e-05,-0.00791691561720939,-0.00776952296674788
-4.04410181595592e-05,-0.00787192680756152,-0.00767097298727034
-4.17132829072392e-05,-0.00782625034370623,-0.00757077357880099
-4.29869908663314e-05,-0.00777992832036846,-0.00746904376324382
-4.42615171155401e-05,-0.00773300461688196,-0.0073658992239361
-4.55358896905928e-05,-0.00768552425295114,-0.00726145219355014
-4.68088751210146e-05,-0.00763753134900887,-0.00715581166483019
-4.80792692203301e-05,-0.00758906698515523,-0.00704908347277862
-4.93461926613501e-05,-0.00754016814602056,-0.00694137050062669
-5.06091680717836e-05,-0.00749086874353822,-0.00683277279564829
-5.18679538617329e-05,-0.00744120205638305,-0.00672338760564526
-5.312225499572e-05,-0.00739120302683216,-0.0066133092639975
-5.43714958907365e-05,-0.00734090902975817,-0.00650262919050155
-5.56148116730337e-05,-0.00729035864259459,-0.00639143598312553
-5.68512276333967e-05,-0.00723958949459178,-0.00627981549280274
-5.80799215692183e-05,-0.00718863632755994,-0.0061678508026079
-5.93004034831272e-05,-0.00713753049738048,-0.00605562218671107
-6.05124873021056e-05,-0.00708630136174,-0.00594320717342614
-6.17160528642913e-05,-0.00703497861904845,-0.00583068067167842
-6.29107883659119e-05,-0.00698359412247264,-0.00571811512186184
-6.40960796495171e-05,-0.00693218197861507,-0.00560558065609424
-6.5271118436361e-05,-0.00688077685157707,-0.00549314488915322
-6.64351557334899e-05,-0.00682941162178336,-0.00538087281914281
-6.75877210478858e-05,-0.00677811579742569,-0.00526882686605755
-6.8728673624001e-05,-0.0067269157865823,-0.00515706740451758
-6.98580224109383e-05,-0.00667583641169484,-0.00504565248166453
-7.09756917352388e-05,-0.0066249029205379,-0.00493463765120445
-7.20813460207684e-05,-0.00657414211819253,-0.00482407581829438
-7.31744310864076e-05,-0.00652358212196017,-0.00471401772260997
-7.4254358658623e-05,-0.00647325078985568,-0.00460451214521046
-7.53207168015564e-05,-0.00642317348615671,-0.00449560595696254
-7.63733747838463e-05,-0.00637337192823906,-0.00438734415193655
-7.74124321458191e-05,-0.00632386465666024,-0.00427976973754058
-7.84380215506296e-05,-0.00627466889394879,-0.00417292352809169
-7.94501285961531e-05,-0.00622580235216003,-0.00406684439271819
-8.04485133272105e-05,-0.00617728397780669,-0.0039615693854417
-8.1432797930486e-05,-0.00612913308771643,-0.00385713376419985
-8.24026507399965e-05,-0.00608136771196902,-0.00375357098311663
-8.33579609671241e-05,-0.00603400289234178,-0.00365091274981668
-8.4298857492319e-05,-0.00598705012427917,-0.00354918916912842
-8.52255625443167e-05,-0.00594051832868631,-0.00344842873031082
-8.61382247469982e-05,-0.00589441590141279,-0.00334865814168928
-8.70368249046184e-05,-0.00584875212118714,-0.00324990253986368
-8.79211951032193e-05,-0.00580353742933902,-0.00315218560888268
-8.87911656121993e-05,-0.00575878227084159,-0.0030555297892679
-8.96466627203043e-05,-0.00571449538002109,-0.0029599561587566
-9.048776700523e-05,-0.00567068252248837,-0.00286548439677679
-9.13146789454e-05,-0.00562734659634325,-0.00277213290895041
-9.21275955911154e-05,-0.00558448893579799,-0.00267991866210704
-9.29266008081935e-05,-0.0055421111490531,-0.0025888571041478
-9.37116552680858e-05,-0.00550021625420288,-0.0024989621600834
-9.44826699038596e-05,-0.00545880853557676,-0.00241024660839738
-9.52395975527834e-05,-0.00541789248762659,-0.00232272208541849
-9.59824987653075e-05,-0.0053774712107858,-0.00223639927249667
-9.67115338223846e-05,-0.00533754549417243,-0.00215128791437402
-9.74268913840985e-05,-0.00529811428629391,-0.00206739688283263
-9.8128696728783e-05,-0.00525917608201675,-0.00198473404746666
-9.88169665854823e-05,-0.00522073055529541,-0.00190330611480379
-9.94916276975684e-05,-0.00518277948328108,-0.00182311841816934
-0.000100152626862001,-0.00514532611403544,-0.00174417537462913
-0.000100800010305187,-0.00510837368659007,-0.00166648072355403
-0.000101433931212704,-0.00507192390941208,-0.0015900376461901
-0.000102054580033759,-0.00503597651516798,-0.00151484849073938
-0.000102662093195176,-0.00500053003923732,-0.00144091461804255
-0.000103256523399068,-0.00496558351065823,-0.00136823676777901
-0.000103837848976683,-0.00493113775095683,-0.00129681514606217
-0.000104409399383858,-0.00489719249437352,-0.00122665263813239
-0.000104990157101899,-0.00486372595969194,-0.00115779280685451
-0.00010561059856701,-0.0048306731715677,-0.00109038943740184
-0.000106279181400848,-0.00479793935025195,-0.001024719341081
-0.000106975327746617,-0.00476542148325679,-0.000961122542568054
-0.000107673866413046,-0.00473301399535868,-0.000899941110873823
-0.000108366802200861,-0.00470060531796117,-0.000841496545395013
-0.000109064018342331,-0.00466807684720888,-0.000786097483647284
-0.000109778390205549,-0.00463530271599602,-0.000734068026530006
-0.000110498290906867,-0.00460216616597771,-0.000685741868654708
-0.000111216013525472,-0.00456854555978393,-0.000641445894882243
-0.000111929782550111,-0.00453431524924699,-0.000601493421512801
-0.000112649063321276,-0.00449934353108595,-0.000566182303308097
-0.000113377492151659,-0.00446350143997377,-0.000535802443622692
-0.000114107614310263,-0.00442666778867004,-0.000510632213121724
-0.000114832877239753,-0.00438872525338255,-0.000490930861794478
-0.000115555349674437,-0.00434955888285761,-0.000476930219161785
-0.000116273949989344,-0.00430906476272137,-0.000468830302703378
-0.000116989663298333,-0.00426714747469493,-0.000466797115316114
-0.000117695613493728,-0.00422372466073908,-0.000470967007984219
-0.000118398067033636,-0.00417871235047989,-0.00048145387705406
-0.000119098259184188,-0.00413203585868434,-0.000498353466492153
-0.000119787276702405,-0.0040836329501024,-0.000521745588295701
-0.000120462462899918,-0.00403344371241334,-0.000551695946075033
-0.000121117258293407,-0.00398141622777684,-0.000588256746744269
-0.000121741095143992,-0.00392750692003636,-0.000631464178942578
-0.000122332772172683,-0.00387168055140197,-0.000681321868691385
-0.000122894140148011,-0.00381392456371015,-0.000737781727227203
-0.000123425202295513,-0.00375425596441967,-0.000800738793046496
-0.000123924406827915,-0.00369271785737891,-0.000870038194466739
-0.000124389568293182,-0.00362937420636299,-0.000945483133094086
-0.00012482277297458,-0.00356430141315418,-0.00102684308700999
-0.000125228073581063,-0.00349758396537112,-0.00111386263830946
-0.000125607700381389,-0.00342931300495552,-0.00120626607996194
-0.000125961187839077,-0.00335958677267269,-0.00130375510254073
-0.000126291117971315,-0.00328850540127611,-0.00140601323695466
-0.000126599425572476,-0.00321617148037617,-0.00151271245554945
-0.000126891779245301,-0.00314268487521103,-0.00162352335218983
-0.000127175419590747,-0.00306813717484408,-0.00173813552613038
-0.00012745218837571,-0.00299261340060245,-0.00185626437805476
-0.000127719256302333,-0.0029161943365995,-0.001977642136853
-0.000127973072378146,-0.00283895692241262,-0.00210200894576859
-0.000128210850524552,-0.00276097558768548,-0.00222910710698741
-0.000128431063863004,-0.00268232444523354,-0.00235867713754624
-0.000128633463886919,-0.00260307882629441,-0.00249045721528748
-0.000128818519611765,-0.00252331572944461,-0.00262418586402294
-0.000128986431351448,-0.002443114130163,-0.00275960327612045
-0.000129135899504426,-0.00236255501557783,-0.00289645099113113
-0.000129258382352141,-0.0022817311721795,-0.00303444915335874
-0.000129343253305115,-0.00220075571738174,-0.00317325966867557
-0.000129385872626283,-0.00211976022238227,-0.00331247905896555
-0.000129391037710606,-0.00203887760145862,-0.00345168817461206
-0.000129361785864537,-0.00195823995048859,-0.00359048092104904
-0.000129297969649601,-0.00187798852675044,-0.00372843698810668
-0.000129200371074119,-0.00179827540421579,-0.00386511027836889
-0.0001290724366367,-0.0017192508226896,-0.00400006522862973
-0.000128915495488461,-0.0016410601757623,-0.00413289058039765
-0.000128728897178867,-0.00156385139648117,-0.00426317281123449
-0.000128511236445046,-0.00148777897669644,-0.00439048342528855
-0.000128261211152484,-0.00141299635561528,-0.00451440630747033
-0.000127978638498218,-0.00133964735236061,-0.00463456339049155
-0.000127666518527367,-0.00126787088547864,-0.00475059522508969
-0.000127329439144223,-0.0011978122880016,-0.00486213343439979
-0.000126971074277181,-0.00112961617284002,-0.00496882537867474
-0.000126593415808565,-0.00106341514134311,-0.0050703639727785
-0.000126196679921304,-0.00099932618045892,-0.00516649255181102
-0.000125779757150688,-0.000937453124925783,-0.00525699463891439
-0.000125341032040023,-0.000877890888989942,-0.0053416816769433
-0.000124879218943405,-0.000820728500636152,-0.00542038536635015
-0.000124393811618744,-0.000766050105777745,-0.0054929549921007
-0.000123884981342847,-0.000713934573077832,-0.00555925729648808
-0.000123353036377162,-0.000664454701937244,-0.00561917655900355
-0.000122797827480192,-0.00061767677950189,-0.00567261385166835
-0.000122218470245691,-0.000573660742495047,-0.00571948555651241
-0.000121613562338118,-0.000532460831382532,-0.00575972164958798
-0.000120981746354807,-0.000494126379372529,-0.00579326415006546
-0.000120322289360447,-0.000458702425200187,-0.00582006587874037
-0.000119634737015011,-0.000426226309367317,-0.00584010002580252
-0.000118910715993579,-0.000396719629667234,-0.00585338986134291
-0.000118131240006263,-0.000370189469573051,-0.00586000633527542
-0.000117275019483159,-0.000346629668264243,-0.00586005118880206
-0.000116324075313662,-0.000326022843911055,-0.00585364427674404
-0.000115267555588669,-0.000308340907518012,-0.00584091872203154
-0.000114104188251975,-0.000293544498638279,-0.00582202140291286
-0.000112842838502703,-0.000281582907542657,-0.0057971146630051
-0.000111500812498225,-0.000272395270558932,-0.00576637668376176
-0.000110100378064799,-0.00026591292580678,-0.00573000012148866
-0.000108664468210635,-0.000262062217028239,-0.00568818983028633
-0.000107212803906991,-0.000260767001273469,-0.00564116058790856
-0.000105759381552602,-0.000261950474433476,-0.00558913526867634
-0.000104311712470436,-0.000265536174952291,-0.0055323434324761
-0.000102871655096172,-0.000271448195526822,-0.00547102009614043
-0.000101437299167421,-0.000279610865914558,-0.00540540449214177
-0.000100005221714264,-0.000289947977715682,-0.00533573875953564
-9.85724657227817e-05,-0.000302381747238866,-0.00526226661059498
-9.71377765466241e-05,-0.000316832162090948,-0.00518523203814706
-9.57018985539228e-05,-0.000333216991300726,-0.00510487811046394
-9.42670469804965e-05,-0.000351452549867246,-0.00502144587063714
-9.28359179118896e-05,-0.000371454943358664,-0.00493517333789058
-9.14107347107961e-05,-0.00039314125616195,-0.00484629459872995
-8.99927573087646e-05,-0.000416430156388134,-0.00475503899624714
-8.85824028320579e-05,-0.000441241756628591,-0.00466163041925309
-8.71798031367486e-05,-0.000467497304642787,-0.00456628669090664
-8.57854010850474e-05,-0.000495118751027061,-0.00446921904303837
-8.4400223499004e-05,-0.000524028653010692,-0.00437063166436578
-8.30256935265589e-05,-0.000554150708366967,-0.00427072133584261
-8.16631537358216e-05,-0.000585410529261151,-0.00416967713745969
-8.03134499496593e-05,-0.000617736239169363,-0.00406768027061742
-7.89768237241098e-05,-0.000651058585978097,-0.00396490395873051
-7.76531905525441e-05,-0.000685310560147849,-0.00386151338310384
-7.63425857054609e-05,-0.000720426834197009,-0.00375766563271892
-7.50455040435657e-05,-0.000756343452406439,-0.0036535097033115
-7.37628928447347e-05,-0.000792998031047235,-0.00354918658720521
-7.24958236291452e-05,-0.0008303303574919,-0.00344482939650824
-7.12450759022127e-05,-0.000868283030801175,-0.00334056351911511
-7.00108924384465e-05,-0.00090680170360478,-0.00323650680823257
-6.87930521539726e-05,-0.000945834749773057,-0.00313276979408178
-6.75911935182731e-05,-0.00098533274825635,-0.00302945589829432
-6.64051880171214e-05,-0.00102524801194313,-0.00292666164868719
-6.5235333130799e-05,-0.00106553437187619,-0.00282447691405956
-6.40822624785041e-05,-0.00110614742552683,-0.0027229851577727
-6.29466437587426e-05,-0.00114704503708862,-0.00262226370166604
-6.1828858776181e-05,-0.00118818803051459,-0.0025223839943061
-6.07288531100195e-05,-0.00122954006677086,-0.00242341187630619
-5.9646231799881e-05,-0.00127106707935172,-0.00232540784340538
-5.85805313685054e-05,-0.00131273655601136,-0.00222842730945081
-5.7531501459642e-05,-0.00135451716789652,-0.00213252088626535
-5.64992230355174e-05,-0.00139637883838549,-0.00203773463919359
-5.54840290010955e-05,-0.00143829321285325,-0.00194411030670514
-5.44862834972205e-05,-0.00148023407862687,-0.0018516855117785
-5.35061636150966e-05,-0.00152217749860978,-0.00176049403934195
-5.25435155644224e-05,-0.00156410153326875,-0.00167056609987788
-5.15979082030953e-05,-0.00160598595720894,-0.00158192851130246
-5.06688255855171e-05,-0.0016478115972977,-0.00149460479179765
-4.97559067984467e-05,-0.00168956000524659,-0.00140861523431139
-4.88590710497257e-05,-0.00173121346593179,-0.0013239773680466
-4.79784692634999e-05,-0.00177275539363007,-0.00124070629524456
-4.71143184184456e-05,-0.00181417068813992,-0.00115881497857914
-4.6266693817681e-05,-0.00185544586647229,-0.00107831416074382
-4.54354118886229e-05,-0.00189656900177772,-0.000999212378526857
-4.46200672092688e-05,-0.00193752909287106,-0.000921516085557432
-4.38201708105821e-05,-0.00197831552318518,-0.000845229841949649
-4.30353196852204e-05,-0.00201891793952006,-0.000770356501463087
-4.22653130851302e-05,-0.00205932640465491,-0.000696897370772438
-4.1510153591544e-05,-0.00209953180616312,-0.000624852340670764
-4.07699394730389e-05,-0.00213952619322622,-0.00055421999654991
-4.00447073750651e-05,-0.0021793027596849,-0.000484997714226347
-3.93343099511345e-05,-0.0022188554415413,-0.00041718172999953
-3.86383999597773e-05,-0.00225817845725949,-0.000350767242957524
-3.79564741350084e-05,-0.00229726586513075,-0.000285748500858842
-3.72879933160586e-05,-0.00233611154514951,-0.00022211872644341
-3.66325334507313e-05,-0.00237470966406725,-0.000159870306580516
-3.59898487640482e-05,-0.00241305513167461,-9.89949196490427e-05
-3.53598075162604e-05,-0.00245114387912814,-3.94836020756603e-05
-3.47422663276909e-05,-0.00248897266044401,1.86731707452673e-05
-3.4136951243191e-05,-0.00252653864790973,7.54853399824465e-05
-3.35434113968644e-05,-0.00256383888365883,0.000130963417570697
-3.29610683744415e-05,-0.00260087002825355,0.000185118513872057
-3.2389331590256e-05,-0.00263762844633335,0.000237962388149868
-3.18277446525987e-05,-0.00267411065509755,0.000289507158252522
-3.12760520659029e-05,-0.00271031364880718,0.000339765105091851
-3.07341538922065e-05,-0.00274623524958555,0.00038874871863834
-3.02019707682844e-05,-0.00278187397620823,0.000436470749399125
-2.96793081573904e-05,-0.00281722865080599,0.000482944294664364
-2.9165791995961e-05,-0.00285229801964616,0.000528182735211007
-2.86609231731943e-05,-0.00288708044752833,0.000572199681571978
-2.8164190118128e-05,-0.0029215740889933,0.000615008895666861
-2.76751933684801e-05,-0.00295577731850391,0.000656624228969161
-2.71937031361064e-05,-0.0029896890759128,0.000697059618026404
-2.67196386004289e-05,-0.00302330890559219,0.000736329090067445
-2.62529825198648e-05,-0.00305663661883847,0.00077444669259163
-2.57936355674602e-05,-0.00308967192288341,0.000811426696454863
-2.5341338254135e-05,-0.00312241423885549,0.000847283258045459
-2.48956710916927e-05,-0.00315486280251702,0.00088203070153534
-2.44561608337957e-05,-0.00318701699159097,0.000915683748144595
-2.4022427835712e-05,-0.00321887656077281,0.000948257321660422
-2.35942787195155e-05,-0.00325044183607372,0.000979766316770804
-2.31716918583043e-05,-0.003281713668497,0.00101022553748839
-2.27547115967564e-05,-0.00331269320322887,0.00103964971319101
-2.23433118307012e-05,-0.0033433813481886,0.00106805353780941
-2.19373072990149e-05,-0.00337377854024092,0.00109545170534389
-2.15363627104338e-05,-0.00340388481197434,0.00112185890600895
-2.11400930488693e-05,-0.00343370007146864,0.00114728973854775
-2.0748186072006e-05,-0.00346322495273248,0.00117175875296794
-2.03604896604864e-05,-0.00349246067658407,0.00119528059205002
-1.99770067933683e-05,-0.00352140867333774,0.00121787007160533
-1.95978025741015e-05,-0.00355007009793243,0.00123954231052093
-1.92229109984044e-05,-0.00357844592971181,0.00126031229220481
-1.88522259321536e-05,-0.00360653680279449,0.00128019480634814
-1.84854884962252e-05,-0.00363434309108788,0.00129920457222108
-1.81223650772225e-05,-0.00366186515640547,0.00131735646935677
-1.77625951331139e-05,-0.00368910371888079,0.00133466522600315
-1.74060910578473e-05,-0.00371605992773868,0.00135114512795135
-1.70529158062251e-05,-0.00374273526215053,0.00136681007933299
-1.67031750889838e-05,-0.00376913105036748,0.00138167408348483
-1.63569218320313e-05,-0.00379524813999072,0.00139575135164781
-1.60140813278845e-05,-0.00382108689255632,0.00140905615626076
-1.5674438943976e-05,-0.00384664750937129,0.00142160294684942
-1.53377118364027e-05,-0.00387193042218155,0.00143340660267536
-1.50036922293551e-05,-0.00389693644734119,0.00144448181064236
-1.46723318512816e-05,-0.00392166670778613,0.0014548426916297
-1.43437242766912e-05,-0.00394612224250084,0.00146450292239993
-1.40180101661495e-05,-0.00397030379589608,0.0014734761180069
-1.36952690776628e-05,-0.00399421176199369,0.00148177602408618
-1.33754551795553e-05,-0.004017846232023,0.00148941641865342
-1.30583992727358e-05,-0.00404120721264137,0.00149641106409637
-1.27438814519006e-05,-0.00406429489117228,0.00150277370217675
-1.24317408498853e-05,-0.00408711001043074,0.00150851786213023
-1.21219413149573e-05,-0.00410965358585384,0.00151365691897309
-1.18145692108694e-05,-0.0041319265356947,0.00151820416067237
-1.15097651463091e-05,-0.00415392938318108,0.00152217281155303
-1.12076348236977e-05,-0.00417566220160319,0.00152557581243827
-1.09081659807182e-05,-0.00419712494217668,0.00152842608657439
-1.06112202702343e-05,-0.00421831788154553,0.00153073684468246
-1.03166175652948e-05,-0.00423924167387641,0.00153252116170013
-1.00242298003983e-05,-0.0042598972747957,0.00153379178017798
-9.7340422163826e-06,-0.00428028569826712,0.00153456102852667
-9.44615135905258e-06,-0.00430040776521178,0.00153484105570297
-9.16070119320788e-06,-0.00432026389519744,0.00153464391698026
-8.8777903833387e-06,-0.00433985468675597,0.00153398180028789
-8.59742243523852e-06,-0.00435918082533296,0.00153286682904262
-8.31950452838514e-06,-0.00437824309221893,0.00153131084131954
-8.04390482779299e-06,-0.00439704234736788,0.00152932518848395
-7.77050817928864e-06,-0.00441557988833033,0.00152692149729286
-7.49929620885373e-06,-0.0044338572007557,0.00152411141874807
-7.23035698624832e-06,-0.00445187564546654,0.00152090643265181
-6.96382442936317e-06,-0.00446963632943683,0.00151731780954839
-6.69980131996308e-06,-0.00448714018332748,0.00151335662286497
-6.43830584994182e-06,-0.00450438818559737,0.0015090337721657
-6.17926846043803e-06,-0.00452138159069987,0.00150436000210852
-5.922578276813e-06,-0.00453812193767991,0.00149934591394687
-5.66815121871834e-06,-0.00455461081802304,0.00149400197081965
-5.41598131551865e-06,-0.00457085017267214,0.00148833849697893
-5.16614459330364e-06,-0.00458684186338954,0.00148236567751283
-4.91875717943967e-06,-0.0046025873953304,0.00147609355700082
-4.67391178771604e-06,-0.00461808783151495,0.00146953206982792
-4.4316274778552e-06,-0.00463334442596876,0.00146269116506348
-4.1918471794361e-06,-0.004648358885543,0.00145558078692698
-3.95448331379206e-06,-0.0046631332632448,0.00144821063842652
-3.71947261799908e-06,-0.00467766970916021,0.00144059012002828
-3.48682334281672e-06,-0.00469197024989981,0.00143272813732899
-3.25661149819163e-06,-0.00470603685817717,0.00142463322304142
-3.02893595500174e-06,-0.00471987123660547,0.00141631386745203
-2.80386917404556e-06,-0.00473347483354961,0.00140777865408663
-2.58141908477092e-06,-0.0047468489431408,0.00139903639281776
-2.36153618558597e-06,-0.00475999518963694,0.00139009591982135
-2.14415538467891e-06,-0.00477291557934583,0.00138096564187957
-1.92922806351264e-06,-0.00478561219123384,0.00137165360806183
-1.7167575008089e-06,-0.00479808685003056,0.00136216744678928
-1.50679760043716e-06,-0.00481034108137204,0.00135251454681033
-1.29941757962868e-06,-0.00482237641412187,0.00134270247947341
-1.0946760185842e-06,-0.00483419435077385,0.00133273884866025
-8.9259185580321e-07,-0.00484579647258173,0.0013226311647945
-6.93134411407852e-07,-0.00485718452954894,0.00131238678947721
-4.96241940105611e-07,-0.00486836039310574,0.00130201290736221
-3.01857123658908e-07,-0.00487932583323033,0.00129151654504787
-1.09959512110863e-07,-0.00489008227482569,0.00128090461593363
7.94170842921493e-08,-0.00490063087176877,0.00127018377047651
2.66207183800995e-07,-0.00491097274405414,0.00125936046259883
4.50349824696621e-07,-0.00492110926322932,0.00124844096401148
6.31824908334093e-07,-0.00493104205284918,0.00123743146124693
8.10664569989709e-07,-0.00494077295096834,0.00122633811825294
9.86932201378786e-07,-0.00495030385087388,0.00121516699394565
1.16068863498937e-06,-0.00495963651887168,0.00120392400022628
1.33196187343462e-06,-0.00496877246581421,0.00119261489237034
1.50073395662221e-06,-0.00497771295241648,0.00118124522280554
1.66695378778618e-06,-0.00498645912136442,0.00116982027710322
1.83058075792672e-06,-0.00499501233138438,0.00115834541082329
1.99160335316027e-06,-0.00500337422578867,0.00114682591761554
2.15004864993158e-06,-0.00501154667145468,0.00113526694561499
2.30597310807127e-06,-0.00501953160122492,0.00112367348529568
2.45943694141508e-06,-0.00502733083458019,0.0011120503727339
2.61047681636346e-06,-0.0050349459874282,0.00110040230054846
2.75909253141925e-06,-0.00504237852827158,0.00108873383026836
2.90525510490616e-06,-0.00504962992259346,0.00107704940248194
3.04893141365392e-06,-0.00505670179902577,0.00106535334336288
3.19011114357251e-06,-0.00506359602761442,0.00105364986781567
3.32882083134466e-06,-0.005070314657184,0.00104194308027045
3.46511739568217e-06,-0.00507685975524668,0.00103023697430822
3.5990652811497e-06,-0.00508323325331935,0.00101853543212452
3.73071045793624e-06,-0.00508943689426304,0.00100684222450363
3.8600659693191e-06,-0.00509547227215764,0.000995161011625224
3.98711681781195e-06,-0.00510134088846876,0.000983495344647139
4.11184085595259e-06,-0.00510704445117348,0.000971848667679508
4.23423366317092e-06,-0.00511258499692981,0.000960224319955448
4.35432325280902e-06,-0.00511796487833192,0.000948625537857243
4.47216662320693e-06,-0.00512318640910674,0.000937055456696451
4.58783044173503e-06,-0.0051282516580234,0.000925517112121914
4.7013672488467e-06,-0.00513316244280048,0.000914013441360791
4.81280075329289e-06,-0.00513792044667484,0.000902547284569344
4.92212822063088e-06,-0.00514252737963803,0.000891121386431281
5.02933811784969e-06,-0.00514698510391984,0.000879738397936619
5.1344326479892e-06,-0.00515129564065585,0.000868400878226597
5.23744229935564e-06,-0.00515546105825629,0.000857111296344244
5.33842439554638e-06,-0.00515948332218474,0.000845872032776212
5.43744689478197e-06,-0.00516336420669668,0.000834685380803017
5.53456700160193e-06,-0.0051671053283384,0.000823553547770549
5.6298168335737e-06,-0.00517070826031064,0.000812478656486877
5.72320110904319e-06,-0.0051741744546266,0.000801462742889326
5.81468383551988e-06,-0.00517750541539941,0.000790507718601914
5.90419730703276e-06,-0.00518070301509054,0.000779615358173176
5.99167596605572e-06,-0.00518376931050721,0.000768787329537579
6.0770692665685e-06,-0.00518670622259123,0.000758025213409499
6.16033476757628e-06,-0.00518951537700474,0.000747330513634242
6.24142444759162e-06,-0.00519219803114813,0.000736704665329023
6.32027515752739e-06,-0.00519475541957108,0.00072614905977534
6.3967977710253e-06,-0.00519718907576093,0.000715665048047066
6.47088958010374e-06,-0.00519950072189907,0.000705253913766603
6.54245512110939e-06,-0.00520169209516815,0.000694916840230523
6.61143316055091e-06,-0.00520376474472531,0.000684654912426659
6.67779605525521e-06,-0.0052057202095913,0.000674469152600091
6.74153177770612e-06,-0.00520755989198052,0.000664360540507265
6.80262283128473e-06,-0.0052092850430946,0.00065433001493676
6.8610330616224e-06,-0.00521089683397444,0.00064437846697517
6.91670793164203e-06,-0.00521239671656671,0.000634506734449533
6.96958656343146e-06,-0.00521378632436895,0.000624715600725144
7.01961819992855e-06,-0.00521506731741114,0.000615005796849887
7.06677398916005e-06,-0.00521624125269435,0.000605378004624822
7.11104800462403e-06,-0.00521730951568601,0.000595832858931894
7.15244747265205e-06,-0.00521827331313653,0.000586370948968847
7.19097700040969e-06,-0.00521913368492546,0.000576992817650553
7.22662692273474e-06,-0.00521989179818464,0.000567698952771006
7.25937819435989e-06,-0.00522054906744962,0.000558489798058884
7.28920429010828e-06,-0.00522110710003655,0.000549365768421535
7.31608270554899e-06,-0.00522156756171353,0.000540327244494739
7.34000891354119e-06,-0.00522193203837843,0.000531374614860601
7.36100059374212e-06,-0.00522220202941474,0.000522508392536038
7.3790777079895e-06,-0.00522237891017692,0.000513728988167795
7.3942597901732e-06,-0.00522246399901992,0.00050503659621136
7.40655716105839e-06,-0.00522245862055686,0.000496431127448652
7.41597892631679e-06,-0.00522236425804974,0.00048791248827013
7.42252445038595e-06,-0.00522218260500768,0.000479480680456725
7.42619013024989e-06,-0.00522191544164404,0.000471135757746828
7.4269884409843e-06,-0.00522156441044737,0.000462877782076443
7.42495347055353e-06,-0.00522113090881652,0.000454706815302914
7.42012775376313e-06,-0.00522061606210834,0.000446622908112897
7.41255056935488e-06,-0.00522002100432957,0.00043862607758635
7.40225052280475e-06,-0.00521934704605666,0.000430716294722821
7.38924470705639e-06,-0.00521859568584772,0.00042289348401203
7.3735446678094e-06,-0.00521776851269443,0.000415157530189171
7.35516587960548e-06,-0.00521686707215293,0.000407508286506213
7.33413359221617e-06,-0.00521589281824413,0.00039994557864897
7.31048435550159e-06,-0.00521484722483885,0.000392469189116156
7.28427168721114e-06,-0.00521373170024747,0.000385078874862301
7.25554097567752e-06,-0.00521254761651578,0.000377774363242635
7.22433647667079e-06,-0.00521129636176232,0.000370555338975074
7.19070223524835e-06,-0.00520997929318516,0.000363421492306066
7.15467117004191e-06,-0.00520859760447312,0.000356372541507734
7.11626634231376e-06,-0.00520715246139751,0.000349408196554768
7.07551522361649e-06,-0.00520564498150688,0.000342528143387561
7.03245918550685e-06,-0.00520407625112439,0.00033573204322423
6.98715252311441e-06,-0.00520244746588746,0.000329019547151206
6.93965287744021e-06,-0.00520075988306819,0.000322390286006578
6.89001072638807e-06,-0.00519901479802169,0.000315843867243868
6.83826292793981e-06,-0.00519721351770121,0.00030937986457335
6.78443770212636e-06,-0.00519535721266716,0.000302997759733621
6.72856369072233e-06,-0.00519344681765019,0.000296696836554516
6.67068773987547e-06,-0.00519148315779916,0.000290476414057347
6.61087831163118e-06,-0.00518946706368074,0.000284336000789674
6.54920264037021e-06,-0.00518739936395891,0.000278275381986656
6.48571518449435e-06,-0.00518528099905701,0.000272294329772799
6.42046231716818e-06,-0.00518311304433086,0.000266392496037361
6.35349051511459e-06,-0.00518089664953779,0.00026056945201171
6.28483062483048e-06,-0.00517863299170775,0.000254824676446639
6.21449651864098e-06,-0.00517632335367764,0.000249157408863119
6.14251436752185e-06,-0.00517396885600445,0.000243566831277793
6.06894415375093e-06,-0.00517157037763844,0.000238052225547181
5.99386761308475e-06,-0.00516912852095047,0.000232613139819423
5.91735909564206e-06,-0.00516664395703372,0.000227249163676716
5.8394854567229e-06,-0.0051641175259374,0.000221959850966687
5.76029624127694e-06,-0.00516155020951013,0.000216744782409201
5.67982034538807e-06,-0.00515894308439263,0.000211603659770752
5.59806548987118e-06,-0.00515629718281449,0.000206535988178639
5.51505124011226e-06,-0.00515361348590554,0.0002015408523385
5.43082571793881e-06,-0.00515089286432318,0.000196617157479767
5.34546750243353e-06,-0.00514813625202107,0.00019176412086235
5.25905190319687e-06,-0.00514534464099934,0.00018698115053724
5.17163865622833e-06,-0.00514251900846935,0.000182267722168517
5.08326763880823e-06,-0.00513966016350558,0.000177623314698924
4.9939672589555e-06,-0.00513676888576023,0.000173047382111031
4.90377179218785e-06,-0.00513384611339343,0.000168539405264735
4.8127207345772e-06,-0.00513089278907317,0.000164098812598838
4.72085381748824e-06,-0.00512790981826259,0.000159724886645927
4.62821264076655e-06,-0.00512489804236498,0.000155416653368367
4.53485579427455e-06,-0.00512185841201487,0.00015117334769762
4.44084123475757e-06,-0.00511879191531973,0.000146994329263078
4.34621919541956e-06,-0.00511569949022159,0.000142878994042686
4.25103480528709e-06,-0.00511258197541943,0.000138826763671771
4.15532164796105e-06,-0.00510944008520714,0.000134837069549433
4.05910782642963e-06,-0.00510627437486614,0.000130909320963031
3.96242563639748e-06,-0.00510308549084791,0.000127042887712844
3.8653208573519e-06,-0.00509987422040941,0.00012323708103391
3.76783570771638e-06,-0.00509664151326892,0.000119491060907975
3.67001224489498e-06,-0.00509338835500789,0.000115804031300834
3.57189170570185e-06,-0.00509011568000117,0.000112175334389042
3.47351999256264e-06,-0.00508682425350686,0.00010860454634844
3.37493586608867e-06,-0.00508351485762671,0.000105091250071057
3.2761711160255e-06,-0.00508018824013847,0.000101634944452693
3.17725817841326e-06,-0.00507684511330066,9.82350929523796e-05
3.07823521049702e-06,-0.0050734861589624,9.48912185239975e-05
2.97913143708612e-06,-0.00507011213135574,9.16025571622677e-05
2.87997355508175e-06,-0.00506672370890598,8.83681029894598e-05
2.78079663801756e-06,-0.00506332150806343,8.51869206956826e-05
2.68164180881406e-06,-0.00505990614511256,8.20582822054573e-05
2.58255309015059e-06,-0.00505647826042257,7.89817623061096e-05
2.48356459031506e-06,-0.0050530384764112,7.59569798330951e-05
2.3847026890685e-06,-0.00504958739349653,7.29834796594701e-05
2.28599602495253e-06,-0.00504612553302683,7.00607225725551e-05
2.18748359928714e-06,-0.00504265343340897,6.71881398053554e-05
2.0891963980094e-06,-0.00503917172367328,6.4365165897834e-05
1.99115379341455e-06,-0.00503568129604416,6.15912183951297e-05
1.89336710867501e-06,-0.0050321829836867,5.88656611385147e-05
1.79586218297941e-06,-0.00502867740033161,5.61878321502417e-05
1.69866703635418e-06,-0.00502516484641554,5.35571289392431e-05
1.6018164017061e-06,-0.00502164550040306,5.09730806268025e-05
1.5053404078799e-06,-0.00501811960341587,4.84350802899005e-05
1.40927981299798e-06,-0.00501458763536302,4.59426669415814e-05
1.31366665135212e-06,-0.00501105016761876,4.34954188790838e-05
1.21850694536817e-06,-0.0050075077360796,4.10927505481979e-05
1.1237929205645e-06,-0.00500396082023662,3.87336442230674e-05
1.02952862816344e-06,-0.00500040988712442,3.64170816426971e-05
9.35738461775579e-07,-0.00499685543344007,3.41422034198591e-05
8.42467684647887e-07,-0.00499329796859473,3.19083388081203e-05
7.4975706696003e-07,-0.00498973800602054,2.97149807641738e-05
6.57635914605426e-07,-0.00498617602418977,2.75617472428134e-05
5.66127890678768e-07,-0.00498261238787101,2.54484275366921e-05
4.7524614490268e-07,-0.00497904742262854,2.33747384916869e-05
3.84996133122932e-07,-0.00497548150036787,2.13401821976256e-05
2.95379422254235e-07,-0.00497191518521678,1.93439578166911e-05
2.06407692804563e-07,-0.00496834917416294,1.73854339639153e-05
1.18097802225553e-07,-0.00496478412343481,1.54640875623308e-05
3.04766128830877e-08,-0.00496122054409392,1.35795510509602e-05
-5.64257441889043e-08,-0.00495765878151732,1.17316302448255e-05
-1.42591102031933e-07,-0.00495409913813523,9.92001323768561e-06
-2.2801813164464e-07,-0.00495054198359688,8.14408375140242e-06
-3.12705274924141e-07,-0.00494698771108997,6.4031532257405e-06
-3.96647414145182e-07,-0.0049434367183397,4.69652772277029e-06
-4.79841811202496e-07,-0.00493988937232165,3.02341156397448e-06
-5.62280228915968e-07,-0.00493634608724738,1.3830928459909e-06
-6.43938175727052e-07,-0.00493280730553083,-2.24987934882847e-07
-7.24792376426512e-07,-0.00492927345146473,-1.80125405888498e-06
-8.04823564816704e-07,-0.00492574490598603,-3.34596377573662e-06
-8.84009873529141e-07,-0.00492222201173859,-4.85902774713407e-06
-9.62345267985564e-07,-0.00491870510336571,-6.34045414940077e-06
-1.03983942267188e-06,-0.00491519454111791,-7.79058604941857e-06
-1.11651309660582e-06,-0.00491169072406206,-9.21029211990746e-06
-1.19237028912664e-06,-0.0049081940766916,-1.06004692857532e-05
-1.26739792590381e-06,-0.00490470502384265,-1.19618325919718e-05
-1.34157571301736e-06,-0.00490122391152079,-1.32949079464833e-05
-1.41488024578652e-06,-0.00489775103544669,-1.46000300605045e-05
-1.48728579339909e-06,-0.0048942867417854,-1.58772860619575e-05
-1.55877745515931e-06,-0.00489083136785478,-1.7126780135456e-05
-1.6293495279826e-06,-0.00488738524323197,-1.83487356091589e-05
-1.69899882357128e-06,-0.00488394870280241,-1.95434864525944e-05
-1.76771953426185e-06,-0.00488052209079398,-2.07114391966211e-05
-1.83550113249818e-06,-0.00487710572480678,-2.18530302935741e-05
-1.90232911393327e-06,-0.00487369986043,-2.29686934537872e-05
-1.9681874027772e-06,-0.00487030467794577,-2.4058841770932e-05
-2.03306106023696e-06,-0.00486692032659657,-2.51238629064363e-05
-2.09693813261093e-06,-0.00486354698001317,-2.61641226307826e-05
-2.15981010229057e-06,-0.00486018486283923,-2.71799717960381e-05
-2.22167102477274e-06,-0.00485683424018989,-2.81717531279851e-05
-2.28251594209673e-06,-0.00485349538121037,-2.91398059712523e-05
-2.34234142181461e-06,-0.00485016850074694,-3.00845169030068e-05
-2.40114766068749e-06,-0.0048468536906497,-3.10064406348993e-05
-2.45892814288895e-06,-0.00484355101462816,-3.19060921710921e-05
-2.51566948504171e-06,-0.00484026059086692,-3.27838302551415e-05
-2.57135412094156e-06,-0.00483698267009069,-3.36397574437083e-05
-2.6259744194046e-06,-0.00483371755319007,-3.44739626267708e-05
-2.67953241165261e-06,-0.00483046553457196,-3.52866212113612e-05
-2.73203385591396e-06,-0.00482722687090782,-3.60779957507026e-05
-2.7834831613256e-06,-0.00482400177648775,-3.68484099086025e-05
-2.83388106074206e-06,-0.00482079041167662,-3.75982157854458e-05
-2.88322510675303e-06,-0.00481759288026896,-3.8327767172605e-05
-2.93151181207212e-06,-0.00481440927759687,-3.90374037063731e-05
-2.97873888416607e-06,-0.00481123974299599,-3.97274454133375e-05
-3.02490647971435e-06,-0.00480808448889359,-4.03981943639186e-05
-3.07001711538172e-06,-0.00480494376234299,-4.10499396347069e-05
-3.1140746287663e-06,-0.0048018177745652,-4.16829626043043e-05
-3.15708291343877e-06,-0.00479870667996016,-4.22975409116401e-05
-3.19904507770436e-06,-0.00479561059566313,-4.28939505816902e-05
-3.23996340910736e-06,-0.00479252964497595,-4.34724665786791e-05
-3.27984004338254e-06,-0.00478946396066493,-4.40333623807067e-05
-3.31867793727132e-06,-0.00478641369795137,-4.45769091663255e-05
-3.3564815170451e-06,-0.00478337903961547,-4.51033750447186e-05
-3.39325666151451e-06,-0.00478036017745637,-4.56130245400209e-05
-3.4290100763443e-06,-0.00477735728421901,-4.61061183677015e-05
-3.46374844332712e-06,-0.00477437049571757,-4.65829134422386e-05
-3.49747782774926e-06,-0.00477139991559384,-4.70436630197262e-05
-3.53020365617846e-06,-0.00476844563952695,-4.74886168865452e-05
-3.56193124367799e-06,-0.00476550778277385,-4.79180215327908e-05
-3.592666546915e-06,-0.0047625864968637,-4.83321202801985e-05
-3.6224167031855e-06,-0.00475968197594879,-4.87311533575992e-05
-3.65119003755438e-06,-0.00475679441879768,-4.91153579368751e-05
-3.67899557835624e-06,-0.00475392398778305,-4.9484968142781e-05
-3.70584235003977e-06,-0.00475107079615599,-4.98402150570597e-05
-3.73173883383535e-06,-0.00474823492419558,-5.01813267317342e-05
-3.75669091788424e-06,-0.00474541644804337,-5.05085258725258e-05
-3.78069981774302e-06,-0.0047426154565871,-5.08220086352512e-05
-3.80377346070033e-06,-0.00473983206205462,-5.11219436430054e-05
-3.82592758409201e-06,-0.00473706639249023,-5.14085013702298e-05
-3.8471834391982e-06,-0.00473431857450603,-5.16818889004444e-05
-3.86755406041163e-06,-0.00473158870367099,-5.19423496432521e-05
-3.88704504104024e-06,-0.00472887682363176,-5.21901293239195e-05
-3.9056603013427e-06,-0.00472618293924867,-5.24254569715188e-05
-3.92340594374873e-06,-0.00472350705768743,-5.26485444352962e-05
-3.94029109405837e-06,-0.00472084922178428,-5.28595941397202e-05
-3.95632686099055e-06,-0.0047182095264383,-5.30588059392968e-05
-3.97152499835752e-06,-0.00471558808397552,-5.32463796800706e-05
-3.98589718702465e-06,-0.00471298498078821,-5.34225144714124e-05
-3.99945491757648e-06,-0.00471040025840193,-5.35874069869491e-05
-4.01220954736458e-06,-0.00470783392257209,-5.37412503489232e-05
-4.02417223627985e-06,-0.00470528596985576,-5.38842339336335e-05
-4.03535379208626e-06,-0.00470275641009987,-5.4016543722041e-05
-4.04576464670233e-06,-0.00470024526107886,-5.4138362729081e-05
-4.05541511901638e-06,-0.00469775255086036,-5.42498712640295e-05
-4.06431584543936e-06,-0.00469527831038964,-5.4351247015203e-05
-4.07247812818827e-06,-0.00469282255558606,-5.44426650499032e-05
-4.0799141299565e-06,-0.0046903852796818,-5.45242980070062e-05
-4.08663674017736e-06,-0.00468796647181759,-5.45963178944771e-05
-4.09265814093538e-06,-0.0046855661292628,-5.46588962318024e-05
-4.0979893425659e-06,-0.00468318426785738,-5.47122016716302e-05
-4.10264032526338e-06,-0.00468082092654637,-5.47563971714117e-05
-4.10662147807014e-06,-0.00467847613806751,-5.47916400829388e-05
-4.10994401888197e-06,-0.00467614991735575,-5.48180850446565e-05
-4.11261988003593e-06,-0.00467384225946669,-5.48358856215654e-05
-4.11466142950333e-06,-0.004671553141634,-5.48451943974919e-05
-4.11608307295318e-06,-0.0046692824580246,-5.48461647288141e-05
-4.11690335654605e-06,-0.00466702992192547,-5.48389714657234e-05
-4.11713395797496e-06,-0.00466479560672243,-5.4823811755716e-05
-4.11677911450432e-06,-0.0046625797251154,-5.48008758475921e-05
-4.11583826689343e-06,-0.00466038247594836,-5.47703125845052e-05
-4.114319794499e-06,-0.00465820399212342,-5.47322298621456e-05
-4.11223998140575e-06,-0.00465604432325608,-5.46867287239957e-05
-4.10961685178801e-06,-0.0046539034539931,-5.46339224089636e-05
-4.10646792611722e-06,-0.00465178133613866,-5.45739392092668e-05
-4.10281172819773e-06,-0.00464967790114068,-5.45069360074062e-05
-4.09865828718997e-06,-0.00464759305792493,-5.44330925224076e-05
-4.09401020731626e-06,-0.00464552665659517,-5.4352579496266e-05
-4.08886606892547e-06,-0.00464347876595296,-5.4265524753831e-05
-4.08323400034043e-06,-0.0046414495224785,-5.41720152928047e-05
-4.07713010456319e-06,-0.00463943901814771,-5.40721324981872e-05
-4.0705699690337e-06,-0.00463744728157946,-5.39659690879819e-05
-4.06356200795056e-06,-0.00463547429183999,-5.38536080960168e-05
-4.0561194421989e-06,-0.00463351997518262,-5.3735116097236e-05
-4.04826482202043e-06,-0.00463158416385563,-5.36105867626168e-05
-4.04001667507905e-06,-0.00462966687540485,-5.34801716898172e-05
-4.0313759093914e-06,-0.00462776818238669,-5.33440327005352e-05
-4.02234267874971e-06,-0.00462588812318503,-5.32022950923464e-05
-4.01292351055081e-06,-0.00462402669187836,-5.30550580965496e-05
-4.00312821326743e-06,-0.00462218388634498,-5.29023668006034e-05
-3.99296270876564e-06,-0.00462035976718133,-5.27441020825463e-05
-3.98243569885116e-06,-0.00461855436021914,-5.25801781754883e-05
-3.97156437178543e-06,-0.00461676762498945,-5.24106535674502e-05
-3.96037568143924e-06,-0.00461499942747955,-5.22358429854616e-05
-3.94889311506461e-06,-0.00461324964076767,-5.20561089599094e-05
-3.93711737930516e-06,-0.00461151815870894,-5.18717413273099e-05
-3.92504413627677e-06,-0.0046098048889951,-5.16829125100615e-05
-3.91267442324168e-06,-0.00460810967876324,-5.14897084006953e-05
-3.90001603876355e-06,-0.00460643219692566,-5.12921759920762e-05
-3.8870809519155e-06,-0.00460477247124119,-5.10903596842849e-05
-3.87388199960574e-06,-0.00460313067921424,-5.08843190006212e-05
-3.86043078270742e-06,-0.00460150697400397,-5.06741315642079e-05
-3.84673910886212e-06,-0.00459990142406244,-5.04598908822806e-05
-3.83282193715479e-06,-0.00459831399738245,-5.02417212065112e-05
-3.81868737769884e-06,-0.0045967445364025,-5.0019773312724e-05
-3.80433656029391e-06,-0.00459519271645997,-4.97941918650899e-05
-3.78976617928929e-06,-0.00459365848618391,-4.95650791170072e-05
-3.77498188090222e-06,-0.00459214189695168,-4.93324949115962e-05
-3.75999692586079e-06,-0.00459064298989316,-4.90964911298478e-05
-3.74482396142163e-06,-0.00458916177152472,-4.88571291152112e-05
-3.72947041783519e-06,-0.00458769820942396,-4.86144620261178e-05
-3.71395290738966e-06,-0.00458625222635857,-4.83685502043413e-05
-3.69828906514255e-06,-0.00458482372617843,-4.81195038958998e-05
-3.68248510072507e-06,-0.00458341261784652,-4.78674683012734e-05
-3.66653833371255e-06,-0.00458201882689667,-4.76125800985839e-05
-3.65044219957316e-06,-0.00458064221086527,-4.73549286236218e-05
-3.63420056161902e-06,-0.00457928243219308,-4.70945586749199e-05
-3.617825966308e-06,-0.00457793948853089,-4.68315083633636e-05
-3.60133257866332e-06,-0.00457661350559082,-4.65658303501536e-05
-3.58473156612496e-06,-0.00457530453955934,-4.62975925726233e-05
-3.56803030634979e-06,-0.00457401247229661,-4.60268697488076e-05
-3.55123399557784e-06,-0.00457273725411884,-4.57537357855762e-05
-3.53434757770999e-06,-0.00457147884619514,-4.54782609342105e-05
-3.51737668406835e-06,-0.00457023720398971,-4.52005125986376e-05
-3.50032556648071e-06,-0.00456901229637338,-4.4920554896347e-05
-3.48319605774884e-06,-0.00456780409537607,-4.46384310370704e-05
-3.46599845992916e-06,-0.00456661251819171,-4.43541814388603e-05
-3.44873709013639e-06,-0.00456543734882268,-4.40678501680831e-05
-3.43141774636552e-06,-0.00456427852171766,-4.37794699417842e-05
-3.41405263070494e-06,-0.0045631360415768,-4.34890787346098e-05
-3.39666564893331e-06,-0.00456200981829645,-4.31968343514713e-05
-3.3792705116124e-06,-0.00456089948196946,-4.29031129344978e-05
-3.36185520779929e-06,-0.00455980507755393,-4.26080151256077e-05
-3.34440741178382e-06,-0.00455872677158973,-4.23115225739086e-05
-3.32692524148797e-06,-0.00455766466486991,-4.20136175237737e-05
-3.30941400413985e-06,-0.00455661877306569,-4.17143138789648e-05
-3.2918784700463e-06,-0.00455558905393963,-4.14136438927114e-05
-3.27432854536484e-06,-0.00455457545106027,-4.11116459632463e-05
-3.25677644339851e-06,-0.00455357783028035,-4.08083740921331e-05
-3.23923298644414e-06,-0.00455259586675545,-4.05039243198621e-05
-3.22168943434503e-06,-0.00455162946825074,-4.01984074496937e-05
-3.2041315033973e-06,-0.00455067863204516,-3.98918988297207e-05
-3.18654457047494e-06,-0.00454974335254846,-3.95844294722547e-05
-3.16891728483069e-06,-0.00454882360851591,-3.92759817976172e-05
-3.15125143835324e-06,-0.00454791935216328,-3.89665176145719e-05
-3.13355835541813e-06,-0.00454703050267459,-3.86560377326173e-05
-3.11584097126578e-06,-0.00454615696062444,-3.8344594663254e-05
-3.09809467663019e-06,-0.00454529862381779,-3.80322603586599e-05
-3.08031597590221e-06,-0.00454445539890013,-3.77191222821589e-05
-3.06249694497019e-06,-0.0045436271155252,-3.7405278780457e-05
-3.04462824477966e-06,-0.004542813396513,-3.70908178622211e-05
-3.02670282354115e-06,-0.00454201419556277,-3.67758109269348e-05
-3.00871275158359e-06,-0.00454122959104007,-3.64603130430494e-05
-2.99064319437946e-06,-0.00454045962569648,-3.61443274723824e-05
-2.97249047027899e-06,-0.00453970422406963,-3.58277592661554e-05
-2.95425979458296e-06,-0.00453896326594336,-3.55103539357211e-05
-2.93597316474992e-06,-0.00453823664231628,-3.5192020912806e-05
-2.91764893819283e-06,-0.00453752427759922,-3.48731159522841e-05
-2.89929319865402e-06,-0.0045368259741374,-3.45543369083157e-05
-2.88088393225013e-06,-0.00453614160381599,-3.4236046178505e-05
-2.86239192651429e-06,-0.00453547108395852,-3.39183100016967e-05
-2.84380190009294e-06,-0.0045348143288817,-3.3600989054651e-05
-2.82510888141117e-06,-0.00453417122834702,-3.3283732747077e-05
-2.80631982495967e-06,-0.00453354181781899,-3.29662570550655e-05
-2.78744576959587e-06,-0.00453292613267961,-3.2648434446738e-05
-2.76849497581329e-06,-0.00453232414309435,-3.23302659292896e-05
-2.74947082161638e-06,-0.00453173568450249,-3.20118286311008e-05
-2.73037271139905e-06,-0.00453116036054005,-3.16932274175619e-05
-2.71119791054587e-06,-0.00453059810243399,-3.13745626526143e-05
-2.6919451511702e-06,-0.00453004898819481,-3.10559633607863e-05
-2.67261848301059e-06,-0.00452951314914062,-3.07377053444257e-05
-2.65321726806018e-06,-0.00452899065234849,-3.04200091012812e-05
-2.63373515580424e-06,-0.00452848144597349,-3.0102931798158e-05
-2.61416134072342e-06,-0.00452798533109506,-2.97862750641078e-05
-2.59449532177773e-06,-0.00452750198049076,-2.94698348050318e-05
-2.5747485758695e-06,-0.00452703084810727,-2.91535248608337e-05
-2.55492827224056e-06,-0.00452657188980528,-2.8837378761188e-05
-2.53503254605022e-06,-0.00452612525788289,-2.85214932239271e-05
-2.51505022835614e-06,-0.00452569098351779,-2.82059270764587e-05
-2.49497470103126e-06,-0.00452526878081108,-2.78906253938641e-05
-2.47481345034666e-06,-0.00452485866737252,-2.75756551170451e-05
-2.45457577842847e-06,-0.00452446073775312,-2.72611250530321e-05
-2.43427023995212e-06,-0.00452407499417257,-2.694720939607e-05
-2.41390572413533e-06,-0.00452370129016689,-2.66342558106858e-05
-2.39347099534702e-06,-0.00452333956855898,-2.6322240268423e-05
-2.37295571822396e-06,-0.00452298979200308,-2.60110091040214e-05
-2.35235747590921e-06,-0.00452265179991493,-2.57004379274261e-05
-2.3316836404091e-06,-0.00452232511349249,-2.53905608109318e-05
-2.31094933555792e-06,-0.00452200954853116,-2.50817141571257e-05
-2.29014783918898e-06,-0.00452170522654624,-2.47738636350754e-05
-2.26927216282114e-06,-0.00452141229857061,-2.44668614568828e-05
-2.24832411477482e-06,-0.00452113078544081,-2.41606539311875e-05
-2.22731274146869e-06,-0.00452086047091377,-2.38553721732412e-05
-2.20623744639053e-06,-0.00452060131522937,-2.35509958986585e-05
-2.18509691189386e-06,-0.00452035331890186,-2.32474724559306e-05
-2.16389193334813e-06,-0.00452011634823819,-2.29447842571174e-05
-2.14262470496933e-06,-0.00451988999250796,-2.26429479070115e-05
-2.12129801460085e-06,-0.00451967420230525,-2.23420036820125e-05
-2.09991466114947e-06,-0.00451946905802916,-2.20420029176142e-05
-2.07847709324471e-06,-0.00451927457443925,-2.17429979263565e-05
-2.05698720214333e-06,-0.00451909057037602,-2.14450361737163e-05
-2.03544626438212e-06,-0.00451891687038828,-2.1148158400023e-05
-2.01385507969561e-06,-0.00451875347668981,-2.0852399383242e-05
-1.99221430129228e-06,-0.00451860040946119,-2.05577898847899e-05
-1.97052484539944e-06,-0.00451845764140178,-2.02643586622233e-05
-1.94878819233975e-06,-0.0045183251005105,-1.99721339352616e-05
-1.92700842960151e-06,-0.00451820266698895,-1.96811924173249e-05
-1.90519476760334e-06,-0.00451809013979597,-1.93917799424941e-05
-1.88334642820984e-06,-0.00451798729045865,-1.91040077652057e-05
-1.86144741477871e-06,-0.00451789379422492,-1.88175441915068e-05
-1.83949392752238e-06,-0.00451780944733003,-1.85320979816439e-05
-1.81749870439615e-06,-0.00451773436313431,-1.8247708807569e-05
-1.79547312681467e-06,-0.00451766869802626,-1.79645303639415e-05
-1.77342311727528e-06,-0.00451761244076393,-1.76827375410679e-05
-1.75135319422129e-06,-0.00451756524407964,-1.74025756993568e-05
-1.72926553268932e-06,-0.00451752699406355,-1.71243095994011e-05
-1.70715728904488e-06,-0.00451749767998859,-1.68480953086988e-05
-1.68502192361006e-06,-0.00451747730518914,-1.65739244195716e-05
-1.66284967192418e-06,-0.00451746591658469,-1.63015465935221e-05
-1.64063933827502e-06,-0.00451746351893814,-1.60307207079715e-05
-1.6183971612664e-06,-0.00451747005508372,-1.57613139863346e-05
-1.59613154442281e-06,-0.00451748542632126,-1.5493296720702e-05
-1.57384929314575e-06,-0.00451750951638572,-1.52267094295135e-05
-1.5515542187401e-06,-0.00451754220829132,-1.49616248513169e-05
-1.52924755051081e-06,-0.0045175833911409,-1.46981181790131e-05
-1.50693113683758e-06,-0.00451763294025267,-1.44362985634987e-05
-1.48460936348268e-06,-0.00451769064490923,-1.41763762887449e-05
-1.46227643944264e-06,-0.00451775621421797,-1.39183380498761e-05
-1.43992804249016e-06,-0.00451782938935131,-1.36620928244667e-05
-1.41756476746505e-06,-0.00451791024651575,-1.34075665841815e-05
-1.39519043577678e-06,-0.00451799893779707,-1.31547210773212e-05
-1.37280975434605e-06,-0.00451809555245274,-1.29035532435324e-05
-1.35042655362118e-06,-0.00451820009247237,-1.26540845047265e-05
-1.32804306986839e-06,-0.0045183124825224,-1.24063477736514e-05
-1.30566014007552e-06,-0.0045184325980469,-1.21603770104203e-05
-1.28327789220087e-06,-0.00451856029707203,-1.19162011585689e-05
-1.26089649228491e-06,-0.00451869540588314,-1.16738421672166e-05
-1.2385166408981e-06,-0.0045188376701913,-1.14333157616344e-05
-1.21613969459057e-06,-0.00451898702756754,-1.11946334607028e-05
-1.19376745486383e-06,-0.00451914350890513,-1.09578046717088e-05
-1.17140179036368e-06,-0.00451930707884559,-1.07228382294664e-05
-1.14904428478711e-06,-0.00451947750869516,-1.04897431990397e-05
-1.1266960774922e-06,-0.00451965459579279,-1.02585290642418e-05
-1.10435794472095e-06,-0.00451983834365468,-1.00292055390807e-05
-1.08203054966845e-06,-0.00452002879885641,-9.80178223424542e-06
-1.05971471616281e-06,-0.00452022590728021,-9.57626834909563e-06
-1.03741157841431e-06,-0.00452042933280976,-9.35267246776582e-06
-1.01512253777902e-06,-0.00452063880417694,-9.13100247947375e-06
-9.92849059168451e-07,-0.00452085439879939,-8.91126558663728e-06
-9.70592428231484e-07,-0.00452107627215088,-8.69346835332538e-06
-9.48353612188089e-07,-0.00452130449991352,-8.47761677190969e-06
-9.26133290284028e-07,-0.00452153906108177,-8.26371632346818e-06
-9.03932033894956e-07,-0.00452177986696791,-8.05177202004633e-06
-8.81750528227109e-07,-0.00452202679597347,-7.84178842822547e-06
-8.59589708250489e-07,-0.00452227971908789,-7.63376967807149e-06
-8.37450734577885e-07,-0.0045225384508154,-7.42771946225131e-06
-8.15334829467862e-07,-0.00452280260372322,-7.22364103040694e-06
-7.9324307505813e-07,-0.00452307191299671,-7.02153719450184e-06
-7.71176278619787e-07,-0.0045233464543384,-6.82141033550714e-06
-7.49134983745663e-07,-0.00452362637371669,-6.62326240538066e-06
-7.27119620011608e-07,-0.00452391172141306,-6.42709493442955e-06
-7.05128731926605e-07,-0.00452420232627456,-6.23290669841772e-06
-6.83156624661796e-07,-0.00452449799963193,-6.04067249166607e-06
-6.61204076826017e-07,-0.00452479872305564,-5.85034209890344e-06
-6.39278804025937e-07,-0.0045251045045305,-5.66186963299887e-06
-6.17392912894624e-07,-0.00452541529129175,-5.47524825594983e-06
-5.95549438472033e-07,-0.00452573088172166,-5.29050987729621e-06
-5.73743737043527e-07,-0.00452605109330736,-5.10769112678666e-06
-5.51969861825509e-07,-0.00452637593027144,-4.92681432103701e-06
-5.30224700662269e-07,-0.00452670544154511,-4.74788694804989e-06
-5.08508634925079e-07,-0.00452703963714635,-4.57090938623797e-06
-4.86823962002908e-07,-0.00452737833980234,-4.39588172502179e-06
-4.65172983501164e-07,-0.00452772141741442,-4.22280629715209e-06
-4.43556990406127e-07,-0.00452806884590433,-4.0516869220077e-06
-4.21976306258383e-07,-0.00452842061413709,-3.8825271806702e-06
-4.00430869882773e-07,-0.00452877669061347,-3.71532927881222e-06
-3.78920755456424e-07,-0.00452913702542261,-3.55009383142562e-06
-3.57446333234691e-07,-0.0045295015718758,-3.38682018961679e-06
-3.36010811195698e-07,-0.00452987022470757,-3.22557122171318e-06
-3.14623719160484e-07,-0.0045302427551683,-3.06663419292767e-06
-2.93283894059686e-07,-0.00453061891996508,-2.91018050779969e-06
-2.71976098884869e-07,-0.00453099845539249,-2.75599949313358e-06
-2.50690737693091e-07,-0.00453138124644773,-2.60377901582941e-06
-2.29431167495706e-07,-0.00453176743454541,-2.45335213516124e-06
-2.0820528003008e-07,-0.0045321571803134,-2.30466612131689e-06
-1.87019644555729e-07,-0.00453255050082696,-2.15773446400944e-06
-1.65877310751174e-07,-0.00453294711019932,-2.01260082716798e-06
-1.44781213070378e-07,-0.00453334672081582,-1.86938355401491e-06
-1.23740877882656e-07,-0.00453374927482918,-1.72844206190907e-06
-1.02756399603505e-07,-0.00453415480037861,-1.59001404893801e-06
-8.18159643752307e-08,-0.00453456337002696,-1.45397190001109e-06
-6.09111634583672e-08,-0.00453497499090943,-1.32000689224055e-06
-4.00444898136152e-08,-0.00453538963200407,-1.18784314763894e-06
-1.92243200817e-08,-0.00453580728008893,-1.05726329451061e-06
1.53788057953751e-09,-0.00453622789528725,-9.28165850728867e-07
2.22342072715032e-08,-0.00453665135894625,-8.00495030176947e-07
4.28629619475993e-08,-0.00453707736854011,-6.7412656287461e-07
6.34118251531665e-08,-0.00453750560898116,-5.49248855913854e-07
8.38751348890116e-08,-0.00453793595289576,-4.26056058513019e-07
1.04258886850933e-07,-0.0045383686800498,-3.04490683275151e-07
1.24566028551687e-07,-0.00453880408191184,-1.84441204224329e-07
1.44791093088604e-07,-0.00453924223260164,-6.58950571287764e-08
1.64916194155576e-07,-0.00453968281348704,5.08793719729044e-08
1.84930010485254e-07,-0.0045401254584752,1.65643860563234e-07
2.04852133498487e-07,-0.00454057005394442,2.78537307307626e-07
2.24695506140134e-07,-0.00454101657686197,3.89799852632921e-07
2.44455836450822e-07,-0.00454146504312036,4.99564455471435e-07
2.64115812590108e-07,-0.00454191553883292,6.07703369338196e-07
2.83661630288065e-07,-0.00454236814114299,7.139986200776e-07
3.03080970116752e-07,-0.0045428229005531,8.18049287403248e-07
3.2236677964521e-07,-0.00454327969935534,9.19333593450371e-07
3.41533347251874e-07,-0.00454373835547299,1.01772924193523e-06
3.6060829783106e-07,-0.00454419855707224,1.11370553753259e-06
3.79601909829118e-07,-0.00454466004511867,1.20778463845187e-06
3.98506728248619e-07,-0.0045451227815979,1.3003157899432e-06
4.17308298988046e-07,-0.00454558707688704,1.39145818286662e-06
4.35994194223265e-07,-0.0045460532131784,1.48122695581424e-06
4.54558091562234e-07,-0.00454652127373689,1.56955943105375e-06
4.72999363497672e-07,-0.00454699105788236,1.65637288916572e-06
4.91318405136899e-07,-0.00454746231447645,1.74155280716389e-06
5.09511154729372e-07,-0.00454793490370442,1.8248470369719e-06
5.27578234938111e-07,-0.00454840874991256,1.90607160311265e-06
5.45526001034318e-07,-0.00454888377511127,1.9852168443737e-06
5.63365630185334e-07,-0.00454935967792712,2.06253547673876e-06
5.81100379711775e-07,-0.00454983616463483,2.13829100316012e-06
5.9872602502335e-07,-0.00455031309906751,2.21265243507438e-06
6.16237886932011e-07,-0.0045507906160114,2.28569450253922e-06
6.3363719622317e-07,-0.00455126888488299,2.35744579973947e-06
6.50919940276253e-07,-0.00455174799710675,2.42792203776657e-06
6.68071431077635e-07,-0.00455222795526267,2.49710175593976e-06
6.8507762942022e-07,-0.00455270871484932,2.564888870441e-06
7.01949114169855e-07,-0.00455319020044873,2.63116634375718e-06
7.18701974714279e-07,-0.00455367232103585,2.6958702403842e-06
7.35347245670566e-07,-0.00455415494882064,2.75899110870899e-06
7.51891924308513e-07,-0.00455463783186084,2.82056827529103e-06
7.68332126792864e-07,-0.00455512074106185,2.88066766128735e-06
7.84659118686458e-07,-0.00455560357107302,2.9393452948223e-06
8.00866630485928e-07,-0.00455608643688565,2.99663508421919e-06
8.16953345415459e-07,-0.00455656948017552,3.05255517515646e-06
8.32921422561203e-07,-0.00455705273801989,3.10711885829584e-06
8.48771814267397e-07,-0.00455753606739445,3.16033911372815e-06
8.64500024276273e-07,-0.00455801941951918,3.21220880357046e-06
8.80106679719683e-07,-0.00455850276621651,3.2626980460184e-06
8.95598878805844e-07,-0.00455898606380809,3.31178161736371e-06
9.10988528699968e-07,-0.00455946926706806,3.35947268094739e-06
9.26275087209493e-07,-0.00455995225020273,3.40572584240287e-06
9.41442563939807e-07,-0.0045604346280483,3.450210160292e-06
9.56491403834437e-07,-0.00456091622176487,3.49286839439211e-06
9.7143635645561e-07,-0.00456139719545343,3.53396936063579e-06
9.86285876044413e-07,-0.00456187774736285,3.57380542203242e-06
1.00103881625029e-06,-0.00456235794707215,3.61253156888473e-06
1.01568383984534e-06,-0.00456283757990055,3.64998299026906e-06
1.03020587212344e-06,-0.00456331631706608,3.68581924662159e-06
1.04461635933057e-06,-0.00456379407455508,3.72012815241056e-06
1.05892909443357e-06,-0.00456427106107549,3.75321056978286e-06
1.07314410417879e-06,-0.00456474751059349,3.78528765669107e-06
1.0872680465513e-06,-0.00456522349195004,3.81642315605217e-06
1.10129728503466e-06,-0.00456569875700522,3.84648271262841e-06
1.11522902278741e-06,-0.0045661730595702,3.87541077061813e-06
1.12906269065882e-06,-0.00456664632640441,3.90322977915009e-06
1.14280208220514e-06,-0.00456711871323336,3.93006406111961e-06
1.15645023119211e-06,-0.00456759036961299,3.95602942169554e-06
1.17000846641705e-06,-0.00456806135073057,3.98124098152704e-06
1.18347650595875e-06,-0.00456853162105918,4.00587220092053e-06
1.19685267218174e-06,-0.00456900119402709,4.02985538962233e-06
1.21014032175759e-06,-0.00456947005579535,4.05311878193262e-06
1.22334727068683e-06,-0.00456993821062412,4.07580212803325e-06
1.2364750626682e-06,-0.00457040565062466,4.09805090804572e-06
1.24951886375204e-06,-0.00457087232093788,4.11988958509937e-06
1.26246912855485e-06,-0.0045713379129297,4.1411103983238e-06
1.27532424613963e-06,-0.00457180211059949,4.16150610376033e-06
1.28808752420439e-06,-0.00457226477340783,4.18091409235798e-06
1.30075905781647e-06,-0.00457272610525167,4.19909101090156e-06
1.31334288941536e-06,-0.0045731863567504,4.21589083879657e-06
1.32584753317407e-06,-0.00457364560365936,4.23134727195003e-06
1.33828559769885e-06,-0.00457410358938837,4.24574734162904e-06
1.35066175765642e-06,-0.0045745600147194,4.25937465311965e-06
1.36296818696647e-06,-0.00457501473229265,4.27235317899332e-06
1.3751837890676e-06,-0.00457546792201174,4.28449503993017e-06
1.38730793783949e-06,-0.00457591980241832,4.29555140121668e-06
1.39935760167952e-06,-0.00457637048275418,4.30541621245658e-06
1.41136150030945e-06,-0.00457681991607205,4.31430022076534e-06
1.42331867367468e-06,-0.00457726791454207,4.32242696010704e-06
1.43521417341129e-06,-0.00457771414533109,4.32984838012291e-06
1.44704933566891e-06,-0.00457815863235929,4.33688433256328e-06
1.45882367185756e-06,-0.00457860156101452,4.34380225911431e-06
1.47053321002272e-06,-0.00457904307864942,4.35065337930741e-06
1.48216560242243e-06,-0.00457948309229428,4.35714211294575e-06
1.49371278831912e-06,-0.00457992121413454,4.36276968683697e-06
1.50518236142406e-06,-0.0045803570914847,4.36716902873857e-06
1.51659338658795e-06,-0.00458079059864121,4.37020569274807e-06
1.52795782579513e-06,-0.00458122202801442,4.37193258832069e-06
1.53927813600748e-06,-0.00458165171136921,4.37249104161095e-06
1.55055386924487e-06,-0.00458207982779355,4.37208181196032e-06
1.56178863664273e-06,-0.00458250633976507,4.37104607717697e-06
1.57298136391075e-06,-0.00458293111203836,4.36964834020116e-06
1.58412719471782e-06,-0.00458335399446057,4.36801496709574e-06
1.5952193746283e-06,-0.00458377486445342,4.36616430946111e-06
1.60625129698029e-06,-0.00458419365289295,4.36403432217341e-06
1.6172284174758e-06,-0.00458461028680647,4.36149562448856e-06
1.62815439280094e-06,-0.00458502449618165,4.358334263742e-06
1.6390392746275e-06,-0.004585436031872,4.35457749681253e-06
1.64988873474578e-06,-0.00458584503685421,4.35033940630053e-06
1.66070245214336e-06,-0.00458625174446414,4.3457205356456e-06
1.67147726355823e-06,-0.00458665623170694,4.34078721670881e-06
1.68221215769853e-06,-0.00458705818979061,4.33561993319342e-06
1.69291078214015e-06,-0.00458745742433452,4.33039534979565e-06
1.7035683290543e-06,-0.00458785393685782,4.32507042672986e-06
1.7141802397892e-06,-0.00458824778963147,4.31948326526318e-06
1.72474378388173e-06,-0.00458863896203653,4.31337519391271e-06
1.73526899996977e-06,-0.00458902733029246,4.30673501457396e-06
1.74576472806232e-06,-0.00458941278180069,4.29965631117559e-06
1.75623178735596e-06,-0.00458979528365173,4.29218806258915e-06
1.76666182973445e-06,-0.00459017494550709,4.28418568843221e-06
1.77705311437636e-06,-0.00459055192081954,4.27555826825358e-06
1.78741642032667e-06,-0.00459092636101672,4.2664934494042e-06
1.79776293531386e-06,-0.004591298298138,4.25731987006898e-06
1.80809253677456e-06,-0.0045916676701804,4.24822827490579e-06
1.81839539411639e-06,-0.00459203438877729,4.23914225864135e-06
1.82867014976992e-06,-0.00459239866800648,4.23005757457924e-06
1.8389176845582e-06,-0.00459276071256014,4.22098481289161e-06
1.84913893902969e-06,-0.00459312056599408,4.21192271710504e-06
1.85933228109697e-06,-0.00459347806470028,4.20280728995878e-06
1.8694861356686e-06,-0.0045938331272644,4.19325250843455e-06
1.8795952022534e-06,-0.00459418567609396,4.18280896703433e-06
1.88967019928308e-06,-0.00459453568027624,4.17129982120561e-06
1.89973497044097e-06,-0.00459488325096396,4.15903616104399e-06
1.90980098675218e-06,-0.00459522850311473,4.14640173552653e-06
1.91986126741343e-06,-0.0045955714814283,4.13356711517113e-06
1.9298946644872e-06,-0.00459591203771746,4.12027415447462e-06
1.93989742084955e-06,-0.00459625005981485,4.10639868914866e-06
1.94987700300941e-06,-0.00459658551155089,4.09197323573913e-06
1.95984736688969e-06,-0.0045969184888674,4.07724088516251e-06
1.96981488255696e-06,-0.00459724909665567,4.06242695618703e-06
1.97977776407444e-06,-0.00459757733242231,4.04765437026089e-06
1.98973068390965e-06,-0.00459790296946155,4.03295483538246e-06
1.99966875898226e-06,-0.00459822568909807,4.01830131145725e-06
2.0095895001608e-06,-0.00459854532302167,4.00364228100146e-06
2.01949215973403e-06,-0.00459886201320231,3.98892603449112e-06
2.02937652201292e-06,-0.00459917595876492,3.97411359079002e-06
2.03924233726616e-06,-0.00459948723417681,3.95918261366183e-06
2.04908672031878e-06,-0.00459979573006837,3.94407633491191e-06
2.05890100577153e-06,-0.00460010168738946,3.92857755805604e-06
2.06868142554979e-06,-0.00460040537988414,3.91251038486124e-06
2.07843072503606e-06,-0.00460070691783407,3.8958520163346e-06
2.08815725049927e-06,-0.00460100621372298,3.87883002773582e-06
2.09786204229125e-06,-0.00460130310545178,3.86167919858622e-06
2.1075391565391e-06,-0.00460159740295739,3.84454183026667e-06
2.11718059663743e-06,-0.00460188895332839,3.82746809111876e-06
2.12677659703725e-06,-0.00460217765151947,3.81036251828116e-06
2.13630957883093e-06,-0.00460246340789467,3.79281339916658e-06
2.14577134051752e-06,-0.00460274622985273,3.77451699407769e-06
2.15518214887998e-06,-0.00460302629754462,3.75560786513396e-06
2.16456701343025e-06,-0.00460330380154941,3.73634840739718e-06
2.17393129662425e-06,-0.00460357885593649,3.71698081262321e-06
2.18326068353925e-06,-0.00460385147279563,3.69765793248926e-06
2.19253790562198e-06,-0.00460412159901646,3.67842428031356e-06
2.20175267575524e-06,-0.00460438916960299,3.65924999567335e-06
2.21090299540793e-06,-0.00460465416002168,3.64007686988922e-06
2.21998858858197e-06,-0.00460491657465356,3.62084884539383e-06
2.2290028112747e-06,-0.00460517640959786,3.60149519302742e-06
2.23794837132906e-06,-0.00460543364853963,3.58193155251093e-06
2.24683872433533e-06,-0.00460568826653072,3.56211602074609e-06
2.25568253642224e-06,-0.00460594022585805,3.54207329240516e-06
2.26447663403434e-06,-0.0046061893588306,3.52183719877243e-06
2.27321246610137e-06,-0.00460643535079819,3.50138124638399e-06
2.28188605650743e-06,-0.00460667828556355,3.48076813853672e-06
2.29049478185834e-06,-0.00460691837836065,3.46007533368166e-06
2.2990354498919e-06,-0.00460715577766949,3.43935006553052e-06
2.30750927303896e-06,-0.00460739036562622,3.418611961386e-06
2.31592349005056e-06,-0.00460762204598523,3.39788895939646e-06
2.32427914827534e-06,-0.00460785089647591,3.37722894391096e-06
2.33256941372383e-06,-0.00460807702313931,3.35667411359072e-06
2.3407812908885e-06,-0.00460830048939858,3.33622030708032e-06
2.34891237024033e-06,-0.00460852119212059,3.31581679366568e-06
2.35697129192351e-06,-0.00460873901341118,3.29540947970779e-06
2.36497506307181e-06,-0.0046089538608002,3.27499620460122e-06
2.37292783796244e-06,-0.00460916568125113,3.25463256844619e-06
2.3808201418493e-06,-0.00460937446800827,3.23438067345571e-06
2.38863598611444e-06,-0.00460958024030335,3.21425812720732e-06
2.39636826808752e-06,-0.00460978306487334,3.19423193589024e-06
2.40401303883583e-06,-0.00460998314015809,3.17423123514736e-06
2.41156990041366e-06,-0.00461018064001819,3.15413931635219e-06
2.41905591574312e-06,-0.00461037561290872,3.13383751159e-06
2.42649850614536e-06,-0.00461056792724209,3.11334302841814e-06
2.43390820694361e-06,-0.00461075751799341,3.09290507877404e-06
2.44127079479502e-06,-0.00461094439720365,3.07266447475501e-06
2.44856686559233e-06,-0.0046111285654262,3.05262386875888e-06
2.45578330964685e-06,-0.00461131003808303,3.03264040454258e-06
2.46292009005224e-06,-0.00461148883258655,3.01257053517048e-06
2.46998902810827e-06,-0.00461166493641009,2.99243008857372e-06
2.4770056355258e-06,-0.00461183822985479,2.97253671349109e-06
2.48395552785997e-06,-0.00461200873027809,2.95281286953162e-06
2.49082809982205e-06,-0.00461217649243399,2.93303972158234e-06
2.49762654575299e-06,-0.00461234156021524,2.91304527019838e-06
2.50436484318839e-06,-0.004612503989663,2.8927587373576e-06
2.51105111509118e-06,-0.00461266383508572,2.87220309400938e-06
2.51768550987036e-06,-0.00461282110798274,2.8514413843194e-06
2.52426435176367e-06,-0.00461297571017156,2.83053688162665e-06
2.53078389947651e-06,-0.00461312753794272,2.80953710484675e-06
2.53724211794032e-06,-0.00461327651651675,2.78847342496632e-06
2.54363881792381e-06,-0.00461342255065546,2.76736609881517e-06
2.5499751359873e-06,-0.00461356558989237,2.74622893385616e-06
2.55625297884582e-06,-0.00461370563698644,2.72507215063333e-06
2.56247554086861e-06,-0.00461384269734909,2.70392816430432e-06
2.5686471718558e-06,-0.00461397671744275,2.68288879755667e-06
2.57476614802817e-06,-0.00461410778842537,2.66194232424897e-06
2.58083012883617e-06,-0.00461423604733378,2.64104381619662e-06
2.5868381227919e-06,-0.00461436164107991,2.62015944761388e-06
2.5927903930696e-06,-0.00461448479788907,2.59927338755031e-06
2.59868818821917e-06,-0.004614605678859,2.57838601087592e-06
2.60453344690664e-06,-0.00461472434767627,2.55750803716702e-06
2.61032840235101e-06,-0.00461484080018328,2.53665423783368e-06
2.61607505463719e-06,-0.0046149549966106,2.51583876152951e-06
2.62177533543279e-06,-0.00461506684191068,2.49508878572548e-06
2.62743114072989e-06,-0.00461517609174581,2.47446804312423e-06
2.63304007517191e-06,-0.00461528257104668,2.45396829107355e-06
2.63859390755501e-06,-0.00461538624286739,2.4335040503836e-06
2.6440746430953e-06,-0.00461548726002921,2.41278253225604e-06
2.64949310697219e-06,-0.00461558582888131,2.39158596944049e-06
2.65487916755716e-06,-0.00461568214902689,2.37003492347795e-06
2.66024663389001e-06,-0.00461577633383752,2.3483570519543e-06
2.66558737285971e-06,-0.00461586840279825,2.32668593778431e-06
2.67087343652355e-06,-0.00461595828489069,2.30485887679437e-06
2.67608770616709e-06,-0.00461604590761699,2.28258400067395e-06
2.68125407191272e-06,-0.00461613119846836,2.25981068330595e-06
2.68640706709755e-06,-0.00461621400340289,2.23694691480779e-06
2.69154918359388e-06,-0.00461629441447779,2.21424582589972e-06
2.69666256335248e-06,-0.00461637262051803,2.19174931713704e-06
2.70172134801997e-06,-0.00461644887460138,2.16921601236232e-06
2.70672166357107e-06,-0.00461652336754843,2.14638221840579e-06
2.71167497275112e-06,-0.00461659613618386,2.12309957575883e-06
2.71659885062955e-06,-0.00461666694510842,2.09939663317236e-06
2.72150752760856e-06,-0.0046167354592471,2.07556148054711e-06
2.72640289213601e-06,-0.00461680142502065,2.05187812145937e-06
2.73128086775703e-06,-0.00461686466818271,2.02853792398606e-06
2.73612691533788e-06,-0.00461692510991882,2.00562495093794e-06
2.74093053607727e-06,-0.00461698272966593,1.98303004624055e-06
2.74568552705314e-06,-0.00461703769544809,1.96028494317465e-06
2.75039984254835e-06,-0.00461709023563876,1.93711841010444e-06
2.7550940537386e-06,-0.00461714066557247,1.91382318504459e-06
2.75977153560844e-06,-0.00461718923956838,1.89076631086813e-06
2.76442823871262e-06,-0.00461723602990751,1.86817625496741e-06
2.76905805072519e-06,-0.00461728078328968,1.84614289310687e-06
2.77364930952148e-06,-0.0046173232187566,1.82456453409576e-06
2.77819047937714e-06,-0.00461736324637542,1.80298617354743e-06
2.78268461490792e-06,-0.00461740085781471,1.78091375755989e-06
2.78715440042247e-06,-0.00461743608508887,1.7581720524592e-06
2.79162703963322e-06,-0.00461746885794266,1.73515772185743e-06
2.79610586506917e-06,-0.0046174991524754,1.71232644061652e-06
2.80057322922174e-06,-0.0046175271467404,1.68994691885007e-06
2.80501467720228e-06,-0.00461755316406457,1.66808640683398e-06
2.80942795321679e-06,-0.00461757745817031,1.64668789802579e-06
2.81382249241095e-06,-0.0046176001251587,1.62566843186545e-06
2.81820168673858e-06,-0.00461762094536613,1.6049682553938e-06
2.82256229903908e-06,-0.00461763943574445,1.58453061549562e-06
2.82691209151979e-06,-0.00461765542955961,1.56428669144534e-06
2.83124740694024e-06,-0.00461766930124998,1.54406148873632e-06
2.83556078239074e-06,-0.00461768149182369,1.52373749606636e-06
2.83984418124755e-06,-0.00461769226939669,1.50331592637499e-06
2.84409992921344e-06,-0.00461770153020335,1.48298445634246e-06
2.84833733134913e-06,-0.0046177092751339,1.46290386128448e-06
2.85256488538472e-06,-0.0046177154987033,1.44315432558732e-06
2.85678584418348e-06,-0.00461772015941882,1.42375075857735e-06
2.86100050376672e-06,-0.0046177232230772,1.4046640214402e-06
2.86521178978531e-06,-0.00461772468459538,1.3858623766386e-06
2.86941749916293e-06,-0.00461772455672814,1.36733207045919e-06
2.87361185159193e-06,-0.00461772280311038,1.34904144492238e-06
2.87778933862236e-06,-0.00461771925390098,1.33089943100562e-06
2.88195269029655e-06,-0.00461771394148018,1.31292137755039e-06
2.88610611699354e-06,-0.00461770697149804,1.29516193554207e-06
2.89025199170815e-06,-0.00461769842171084,1.27771635437176e-06
2.89439294780168e-06,-0.00461768829309435,1.26081175918518e-06
2.89853144473832e-06,-0.00461767654963228,1.24452163221519e-06
2.90265193553613e-06,-0.00461766317081591,1.22844089611488e-06
2.90674073609904e-06,-0.00461764823366232,1.21199336388137e-06
2.91080411965066e-06,-0.00461763189127617,1.19485044704152e-06
2.91487135925735e-06,-0.00461761430817636,1.17722484551201e-06
2.91896746987505e-06,-0.00461759544484664,1.15983488297531e-06
2.92308197878291e-06,-0.00461757517749029,1.14323539959895e-06
2.9271841319615e-06,-0.0046175533602923,1.12747321524469e-06
2.93126097285136e-06,-0.0046175299632881,1.11235584248136e-06
2.93532202877747e-06,-0.00461750504332702,1.09767450537277e-06
2.93937818710205e-06,-0.00461747863890139,1.08329282305742e-06
2.94343635850676e-06,-0.00461745063770174,1.06923909965562e-06
2.94750468643521e-06,-0.0046174210812187,1.05587964708964e-06
2.95158314042921e-06,-0.00461739012646227,1.04337083385762e-06
2.95565440651753e-06,-0.00461735798942488,1.0313911314465e-06
2.95970201678331e-06,-0.00461732473254939,1.01933926285805e-06
2.96372420473766e-06,-0.00461729031837054,1.00685688071183e-06
2.96773339175299e-06,-0.00461725461245212,9.94080403388952e-07
2.97174556038704e-06,-0.00461721753812015,9.81280455432202e-07
2.97576568204153e-06,-0.00461717909942041,9.68699744822391e-07
2.97978860228159e-06,-0.00461713947678028,9.56499289556429e-07
2.98380043294846e-06,-0.00461709887023368,9.44746272038381e-07
2.98778155316102e-06,-0.00461705735387755,9.33508180005669e-07
2.99174093054205e-06,-0.00461701477852663,9.23077532783944e-07
2.99567687674479e-06,-0.00461697114962371,9.13201389590529e-07
2.99959789923489e-06,-0.004616926506968,9.03534947364589e-07
3.00350370505058e-06,-0.00461688083381165,8.93798939655517e-07
3.00737473507863e-06,-0.00461683398483646,8.83548808193431e-07
3.01119570985122e-06,-0.00461678580479032,8.72496756169827e-07
3.01498600569062e-06,-0.00461673605982818,8.60767325418293e-07
3.01876696276361e-06,-0.00461668458435505,8.48619885185991e-07
3.02255107587462e-06,-0.00461663131020344,8.36321553680165e-07
3.02633449235419e-06,-0.00461657630643072,8.24135886256502e-07
3.030102121394e-06,-0.00461651998089839,8.12220618519106e-07
3.03383943056052e-06,-0.00461646274296849,8.00616131462855e-07
3.03754040870139e-06,-0.00461640474960889,7.89312911367235e-07
3.04120592210358e-06,-0.00461634570006635,7.78287963078383e-07
3.04483019131309e-06,-0.00461628553830362,7.67254262686607e-07
3.04841300913483e-06,-0.00461622431485193,7.55951681968211e-07
3.05196283460771e-06,-0.00461616205371524,7.44354323453305e-07
3.05549385274334e-06,-0.0046160986355244,7.32838989745636e-07
3.05899721238218e-06,-0.00461603384451363,7.21583747108761e-07
3.06246385999736e-06,-0.00461596751206496,7.10594841940903e-07
3.06589370816288e-06,-0.00461589955613368,6.99814872797619e-07
3.06929629977683e-06,-0.00461582994538364,6.89216822425268e-07
3.07267279772452e-06,-0.00461575877314396,6.78771370478149e-07
3.07600501428153e-06,-0.0046156863740913,6.68072605558431e-07
3.07928998197608e-06,-0.00461561312694894,6.56928637504702e-07
3.0825318942857e-06,-0.00461553925732723,6.45374955602406e-07
3.08573178315552e-06,-0.0046154647616389,6.33622678480773e-07
3.08889271796546e-06,-0.00461538949201115,6.21712819674871e-07
3.0920309368669e-06,-0.00461531326991736,6.09683488590581e-07
3.0951563844067e-06,-0.00461523590558505,5.97736302985316e-07
3.09826370160361e-06,-0.00461515725400403,5.86049409435869e-07
3.1013387996949e-06,-0.00461507732504756,5.74656800714506e-07
3.10436528982189e-06,-0.00461499641874194,5.63344113325307e-07
3.10733878563007e-06,-0.00461491483811771,5.51893728460092e-07
3.11026832597019e-06,-0.00461483273581492,5.40266854621974e-07
3.11317102020157e-06,-0.00461475007034233,5.28737766451617e-07
3.11604536028455e-06,-0.00461466688012355,5.17356894099548e-07
3.11888509257699e-06,-0.00461458320943249,5.06077887527452e-07
3.1216876932578e-06,-0.00461449908622738,4.9488670446008e-07
3.12445705860805e-06,-0.00461441456862175,4.83898059965278e-07
3.12719430303448e-06,-0.00461432971580666,4.73220111077711e-07
3.12989629232437e-06,-0.00461424457143934,4.62896352129868e-07
3.13256389298749e-06,-0.00461415905728731,4.52923049786085e-07
3.135197482444e-06,-0.00461407300538252,4.43280557518751e-07
3.13779613215846e-06,-0.00461398609222277,4.33944174407224e-07
3.14035687230689e-06,-0.00461389820352361,4.24841186493049e-07
3.14287280800418e-06,-0.00461380954434881,4.15734018191182e-07
3.14534382857014e-06,-0.00461372035147036,4.06429273439241e-07
3.1477772991256e-06,-0.00461363076460033,3.96893154156955e-07
3.15018596388953e-06,-0.00461354077662125,3.87348680064882e-07
3.15257424923399e-06,-0.0046134503526365,3.78030236959398e-07
3.15493846922288e-06,-0.00461335944671532,3.69081104684642e-07
3.15727221256235e-06,-0.00461326793471821,3.60551704072409e-07
3.15957065484412e-06,-0.0046131757103395,3.52425595087476e-07
3.16183228339152e-06,-0.00461308276774485,3.44652756439356e-07
3.1640583334264e-06,-0.00461298944691063,3.3717710259001e-07
3.16625115253715e-06,-0.00461289609406453,3.29952953487738e-07
3.16841270844378e-06,-0.00461280289927441,3.22950855512781e-07
3.17054390739869e-06,-0.0046127099090198,3.16156058134417e-07
3.17264474983598e-06,-0.00461261703116212,3.09563532572438e-07
3.17471690376694e-06,-0.0046125239671134,3.03174939646264e-07
3.17676577375311e-06,-0.00461243044981277,2.97014673168322e-07
3.1787887310299e-06,-0.0046123363614317,2.9111811479007e-07
3.18078073166304e-06,-0.00461224183069814,2.85502403583913e-07
3.18273690943422e-06,-0.00461214710934871,2.80156302919111e-07
3.18465785112229e-06,-0.00461205240222278,2.75048637796978e-07
3.1865475054781e-06,-0.00461195781798056,2.70149001954623e-07
3.18840951792541e-06,-0.00461186337876151,2.65437113567984e-07
3.19024555845056e-06,-0.00461176904988352,2.60901488766342e-07
3.1920556765504e-06,-0.00461167477313881,2.56534341876584e-07
3.19383948786143e-06,-0.00461158049283483,2.52327774062462e-07
3.19559702466489e-06,-0.00461148615035668,2.48272649553448e-07
3.19732881596516e-06,-0.00461139163683106,2.44359214723011e-07
3.19903546964517e-06,-0.00461129689362946,2.40578067608657e-07
3.20071728457889e-06,-0.00461120199362443,2.36920694619828e-07
3.20237422934748e-06,-0.00461110703940492,2.33379497570991e-07
3.2040062571294e-06,-0.00461101207130165,2.29947575304783e-07
3.20561367252526e-06,-0.00461091696465974,2.26618514041376e-07
3.20719726149732e-06,-0.00461082163549965,2.23386288668596e-07
3.20875808948747e-06,-0.00461072620499275,2.20245252901056e-07
3.21029710621502e-06,-0.00461063083117376,2.17190157070451e-07
3.21181481634071e-06,-0.00461053557837405,2.14216152403195e-07
3.21331122231666e-06,-0.00461044024287448,2.11318773388996e-07
3.21478606957538e-06,-0.00461034466845302,2.08493908907261e-07
3.21623924021612e-06,-0.00461024900451542,2.05737773110684e-07
3.21767105903423e-06,-0.00461015343953612,2.03046880250015e-07
3.21908233564719e-06,-0.00461005801601328,2.00418022821694e-07
3.22047412541846e-06,-0.00460996245331291,1.97848250443354e-07
3.22184735502132e-06,-0.00460986656218514,1.95334848670008e-07
3.22320253089817e-06,-0.0046097702727453,1.92875318838331e-07
3.2245396943179e-06,-0.00460967364833014,1.90467361040714e-07
3.2258586407911e-06,-0.0046095770182753,1.88108860803838e-07
3.2271592706883e-06,-0.0046094806891128,1.85797878073455e-07
3.22843687465236e-06,-0.00460938479761146,1.83457853790562e-07
3.22967850315264e-06,-0.00460928925230318,1.8076208626997e-07
3.23089341779045e-06,-0.00460919392668617,1.7752464070926e-07
3.23209624306563e-06,-0.00460909870107668,1.73773803918203e-07
3.23330003141905e-06,-0.00460900343141066,1.69793126269928e-07
3.23450377943673e-06,-0.00460890808366622,1.65853991289669e-07
3.23569309229843e-06,-0.00460881283029423,1.62088872759667e-07
3.23685807609448e-06,-0.00460871785523921,1.58490429946697e-07
3.23800467757041e-06,-0.00460862322245864,1.54986004265258e-07
3.2391495804957e-06,-0.00460852875224414,1.51540712091349e-07
3.24029097745412e-06,-0.00460843424154178,1.48162489697764e-07
3.24141885780003e-06,-0.00460833960126787,1.44848799469676e-07
3.2425217564189e-06,-0.00460824481278517,1.41562222767467e-07
3.24359922505141e-06,-0.00460814989679032,1.38241210185291e-07
3.24465856343564e-06,-0.00460805489631273,1.34835795643066e-07
3.24570921418853e-06,-0.00460795989496187,1.31323784922473e-07
3.24676113004416e-06,-0.00460786505267443,1.27725533471218e-07
3.2478141548149e-06,-0.00460777050209196,1.24092356041928e-07
3.24886173988676e-06,-0.00460767630148061,1.2047099747576e-07
3.24989792564753e-06,-0.0046075823953723,1.16888222804823e-07
3.2509166814835e-06,-0.00460748868002674,1.13349660798218e-07
3.25190565037898e-06,-0.00460739497424365,1.09791179277653e-07
3.25286834740036e-06,-0.00460730130888086,1.06048610234117e-07
3.253828157128e-06,-0.00460720777951299,1.02025341572684e-07
3.25479721738549e-06,-0.00460711445951527,9.77585519627753e-08
3.25577420209443e-06,-0.00460702137808535,9.33935167629737e-08
3.25675249210851e-06,-0.00460692862864636,8.91086601311455e-08
3.25772830795791e-06,-0.0046068365143207,8.51904522342151e-08
3.25868916758779e-06,-0.00460674527234418,8.18039097992369e-08
3.25962637868413e-06,-0.00460665498028027,7.88866500382168e-08
3.26054084021227e-06,-0.00460656554735473,7.61120600546151e-08
3.26145206053282e-06,-0.00460647682756558,7.3229633233647e-08
3.26237097204274e-06,-0.00460638858505059,7.02049270050685e-08
3.26329488346344e-06,-0.00460630062099196,6.71027639890624e-08
3.26421596560147e-06,-0.00460621276797291,6.39920726137119e-08
3.26512787556692e-06,-0.0046061248588736,6.0884122439703e-08
3.26603003584443e-06,-0.0046060371029981,5.77794537423418e-08
3.26692313173262e-06,-0.00460594982718002,5.464121926232e-08
3.26780255731384e-06,-0.00460586336724929,5.12741109627802e-08
3.26866557186615e-06,-0.00460577792738878,4.75227378450665e-08
3.26951096284956e-06,-0.00460569349326452,4.33593659690637e-08
3.27034807904403e-06,-0.00460560983725688,3.89301028898022e-08
3.27118217235985e-06,-0.00460552665530427,3.42204911857574e-08
3.27202357402277e-06,-0.00460544373367415,2.92305703209741e-08
3.27287972184753e-06,-0.00460536087636832,2.41393167383891e-08
3.27374893769073e-06,-0.00460527799071297,1.91786739728566e-08
3.27462237575289e-06,-0.00460519507370483,1.44982073950883e-08
3.27549089930639e-06,-0.00460511221106707,1.0150362079595e-08
3.27634959630882e-06,-0.00460502964660515,6.12307173247403e-09
3.27719815362524e-06,-0.00460494759170489,2.37593392919334e-09
3.27803895504661e-06,-0.00460486610939983,-1.11065437476264e-09
3.2788749309247e-06,-0.00460478498730008,-4.29553806674842e-09
3.27970766880979e-06,-0.00460470386805801,-7.22753067752729e-09
3.28053633837473e-06,-0.00460462247883535,-9.96428377825036e-09
3.28136002920283e-06,-0.00460454070098131,-1.25370954185535e-08
3.28218066942953e-06,-0.00460445856462697,-1.49583406058185e-08
3.28298843019486e-06,-0.00460437621604048,-1.72925907453506e-08
3.28376224291466e-06,-0.00460429381389534,-1.96312619440672e-08
3.28449410952337e-06,-0.0046042114582464,-2.20763136024038e-08
3.28520008523323e-06,-0.00460412923701899,-2.46371100065396e-08
3.28590783378607e-06,-0.00460404748217701,-2.72664970163282e-08
3.28663868286074e-06,-0.00460396649336049,-2.98513434539944e-08
3.28738410746403e-06,-0.00460388638926589,-3.2253014571247e-08
3.28811644433578e-06,-0.00460380693016517,-3.43846603669067e-08
3.28882026441079e-06,-0.00460372762424459,-3.61585638915198e-08
3.28949787687539e-06,-0.00460364865314654,-3.74250733831114e-08
3.29015601877785e-06,-0.00460357038817077,-3.80882600158412e-08
3.29080067546222e-06,-0.00460349305420956,-3.81695941225229e-08
3.29143649036011e-06,-0.00460341645554046,-3.78647236433375e-08
3.29205323221392e-06,-0.00460334032595638,-3.73249888897152e-08
3.29262925443289e-06,-0.00460326458021064,-3.66597237148402e-08
3.29315069485876e-06,-0.00460318938126353,-3.59902556691051e-08
3.29362889618291e-06,-0.00460311493213719,-3.5427032735552e-08
3.29409174792158e-06,-0.00460304134723555,-3.49965539530702e-08
3.29455294532352e-06,-0.00460296851849607,-3.46400586289293e-08
3.29500854615514e-06,-0.00460289628685323,-3.42807173201623e-08
3.29544691734392e-06,-0.00460282455686277,-3.38698028085049e-08
3.29585839401023e-06,-0.00460275342617761,-3.33957377507283e-08
3.29623947195209e-06,-0.00460268302542068,-3.28705841990185e-08
3.29659167666827e-06,-0.00460261344115319,-3.23127258911628e-08
3.29691814057443e-06,-0.00460254470437524,-3.17362707473107e-08
3.29721757515218e-06,-0.00460247680229477,-3.11523588912193e-08
3.2974793474567e-06,-0.00460240971136638,-3.06065462911004e-08
3.29770217337434e-06,-0.00460234340799394,-3.01834095269308e-08
3.29789564218379e-06,-0.00460227787439351,-2.9960318602549e-08
3.29807608735092e-06,-0.00460221311853281,-2.99573314797196e-08
3.29824576595705e-06,-0.00460214914521476,-3.01863437005218e-08
3.29839206218399e-06,-0.00460208589080398,-3.08183670271007e-08
3.29850636476405e-06,-0.00460202328503436,-3.20207341060984e-08
3.29858406294411e-06,-0.00460196121980337,-3.39511521427064e-08
3.29863237019346e-06,-0.00460189961577826,-3.65534967685185e-08
3.29867502531104e-06,-0.00460183848965963,-3.92528012404151e-08
3.29871961654895e-06,-0.00460177793986382,-4.1505562227828e-08
3.29874422937166e-06,-0.00460171804061436,-4.31342483322521e-08
3.29871941850967e-06,-0.00460165881034707,-4.45564700739836e-08
3.29864203337009e-06,-0.00460160023743139,-4.62550570401799e-08
3.29853385239412e-06,-0.00460154232233441,-4.85004411520475e-08
3.29840407690618e-06,-0.00460148508855201,-5.13501775415958e-08
3.29825573603936e-06,-0.0046014285455114,-5.4703201752872e-08
3.29809358384857e-06,-0.00460137264589663,-5.82618699226966e-08
3.29791719859694e-06,-0.00460131743627917,-6.17849886090216e-08
3.29772416146229e-06,-0.00460126303187542,-6.50212423456281e-08
3.29749836362293e-06,-0.0046012094894485,-6.78295079214553e-08
3.29724133342936e-06,-0.00460115673439675,-7.01576620677111e-08
3.29695509657357e-06,-0.00460110459639981,-7.21961159786582e-08
3.29664589160847e-06,-0.00460105294603844,-7.41459737184494e-08
3.2963085848992e-06,-0.00460100174138068,-7.62062250757333e-08
3.29593195880758e-06,-0.00460095103066832,-7.87745209103626e-08
3.29552300320409e-06,-0.00460090091852546,-8.20574236691221e-08
3.2951008752308e-06,-0.00460085160785647,-8.57990893653436e-08
3.29467163956848e-06,-0.00460080325512427,-8.96609648707269e-08
3.29422505748125e-06,-0.00460075582112171,-9.34220992233919e-08
3.29375347371922e-06,-0.00460070901113529,-9.69827544775382e-08
3.29326109443556e-06,-0.0046006629392632,-1.00251307279559e-07
3.29275801801994e-06,-0.00460061783148333,-1.03161565077594e-07
3.29223348429179e-06,-0.00460057373533404,-1.0576887111461e-07
3.29166869822753e-06,-0.00460053027564746,-1.08448118068593e-07
3.2910613859031e-06,-0.00460048705744487,-1.11544129962695e-07
3.29042690184306e-06,-0.00460044389109269,-1.15172400984458e-07
3.28978398685186e-06,-0.00460040094858637,-1.19113143574271e-07
3.28913817432738e-06,-0.00460035847710443,-1.23090560672737e-07
3.28848394678501e-06,-0.00460031666415941,-1.269077209518e-07
3.28781257554227e-06,-0.00460027561009785,-1.30466821011193e-07
3.28711454857306e-06,-0.00460023527165269,-1.33753204581493e-07
3.28637458352045e-06,-0.00460019530150264,-1.36931749435274e-07
3.28558858260574e-06,-0.00460015554207244,-1.40448236167814e-07
3.28478091787656e-06,-0.00460011611816536,-1.44306762662898e-07
3.2839752522998e-06,-0.00460007721702833,-1.48315499523255e-07
3.28317572761576e-06,-0.00460003888803171,-1.52257901202581e-07
3.28237359107761e-06,-0.00460000079093667,-1.55939317909341e-07
3.28155609723732e-06,-0.00459996270810163,-1.59277430897891e-07
3.28071967300823e-06,-0.00459992463821382,-1.62145178763474e-07
3.27986465311968e-06,-0.00459988667025852,-1.644527769684e-07
3.27899124200914e-06,-0.00459984895560951,-1.66186269579524e-07
3.27809322303922e-06,-0.00459981180710481,-1.67551889179218e-07
3.27716857178953e-06,-0.00459977546030787,-1.6876025443804e-07
3.2762194661929e-06,-0.00459973992733926,-1.69952270254166e-07
3.27524896305715e-06,-0.00459970481758208,-1.71226724217478e-07
3.27426708630087e-06,-0.00459966980160184,-1.7246019267206e-07
3.27329141526118e-06,-0.00459963487292484,-1.73142708432451e-07
3.27232247814572e-06,-0.00459960017584529,-1.72893390326681e-07
3.2713394584007e-06,-0.00459956589287555,-1.71830253003414e-07
3.27031725200648e-06,-0.00459953206200546,-1.70516246436406e-07
3.26925660378846e-06,-0.00459949885551159,-1.69280040924598e-07
3.26816985501326e-06,-0.00459946642191789,-1.68234979952597e-07
3.26706906228827e-06,-0.00459943480160647,-1.6737296455192e-07
3.26596116238645e-06,-0.00459940389389787,-1.6662324138959e-07
3.26484849406577e-06,-0.00459937357712385,-1.65877809229477e-07
3.26373457326938e-06,-0.00459934376785317,-1.64905132899379e-07
3.26262453744586e-06,-0.00459931433494867,-1.63324343264936e-07
3.26151282225592e-06,-0.00459928516175241,-1.60926448119504e-07
3.26038268350004e-06,-0.00459925616931397,-1.57885878808386e-07
3.25922118749103e-06,-0.00459922747759715,-1.54581022067564e-07
3.25802866800861e-06,-0.00459919923236616,-1.51323064191532e-07
3.25681395486416e-06,-0.00459917149964143,-1.48278840774664e-07
3.25558694388339e-06,-0.00459914420044606,-1.4548931665284e-07
3.25435392409882e-06,-0.0045991172717899,-1.42915941021682e-07
3.2531154579523e-06,-0.00459909076917577,-1.40512558985893e-07
3.25186637599853e-06,-0.00459906478411947,-1.38320358867594e-07
3.25060335623307e-06,-0.00459903937353122,-1.36382091982958e-07
3.24932737239804e-06,-0.00459901455291485,-1.34687929389494e-07
3.24804376118261e-06,-0.00459899030861575,-1.33120987871276e-07
3.24675534178075e-06,-0.00459896662735489,-1.31570710626129e-07
3.24546171573286e-06,-0.00459894347173185,-1.29975610430855e-07
3.24416098709562e-06,-0.00459892079469545,-1.28318623315164e-07
3.24285128365565e-06,-0.00459889859133199,-1.26611809840423e-07
3.24153154640001e-06,-0.00459887698640682,-1.24879803456226e-07
3.24020164328802e-06,-0.00459885611054885,-1.23147368432128e-07
3.23886211441029e-06,-0.00459883603766712,-1.21432733096033e-07
3.23751382725415e-06,-0.00459881678232299,-1.19745916328413e-07
3.23615768298876e-06,-0.00459879829865341,-1.18090189541084e-07
3.23479440731667e-06,-0.00459878051795377,-1.16464781082004e-07
3.23342147012148e-06,-0.00459876338550362,-1.1487097317373e-07
3.23203031439996e-06,-0.00459874684196029,-1.13344568660301e-07
3.23062380198207e-06,-0.00459873070434484,-1.11947646481468e-07
3.2292109198689e-06,-0.00459871480718005,-1.10725286139845e-07
3.22780285277005e-06,-0.00459869904003455,-1.09677266710716e-07
3.22640086868411e-06,-0.00459868339708622,-1.08765325719907e-07
3.2249990473651e-06,-0.00459866801871065,-1.07949661681461e-07
3.22359113044026e-06,-0.00459865306641373,-1.07206998180377e-07
3.22217427265065e-06,-0.00459863872367352,-1.06529158423649e-07
3.22074900898431e-06,-0.00459862513324341,-1.05914097757268e-07
3.21931725221326e-06,-0.00459861236324824,-1.05358865717538e-07
3.21788046469617e-06,-0.00459860030817724,-1.04857454754498e-07
3.21643906899432e-06,-0.00459858856559748,-1.04401996458758e-07
3.21499291045554e-06,-0.00459857713962659,-1.03984717045645e-07
3.21354197343027e-06,-0.00459856619573644,-1.03599095065802e-07
3.21208669342785e-06,-0.00459855588429548,-1.0323999921126e-07
3.21062772903853e-06,-0.00459854629252975,-1.02903286106196e-07
3.20916550039406e-06,-0.00459853744225585,-1.02585367906181e-07
3.20769990982431e-06,-0.00459852931230921,-1.022829844279e-07
3.20623045818327e-06,-0.00459852187001273,-1.01993165418055e-07
3.20475600351258e-06,-0.00459851504373366,-1.01714053208792e-07
3.20327435149263e-06,-0.00459850866176138,-1.01452017449642e-07
3.20178598196227e-06,-0.00459850272339896,-1.01221995665689e-07
3.20029402784079e-06,-0.00459849729567704,-1.01037682190373e-07
3.19880304245941e-06,-0.00459849240378275,-1.00899917127325e-07
3.19731415521882e-06,-0.00459848791088446,-1.00796758383325e-07
3.19582738271588e-06,-0.00459848367374014,-1.007124920338e-07
3.1943462286966e-06,-0.00459847961891246,-1.00613005947783e-07
3.19286859791743e-06,-0.00459847585554697,-1.00445011044498e-07
3.19138689392733e-06,-0.00459847251759444,-1.00162570635496e-07
3.1898900653178e-06,-0.00459846962260324,-9.97593972528157e-08
3.18837670466942e-06,-0.00459846693080913,-9.92670326276883e-08
3.18685361008647e-06,-0.00459846443854763,-9.87156976164494e-08
3.18532652949269e-06,-0.00459846230334181,-9.81155336167313e-08
3.18379613274101e-06,-0.00459846067134568,-9.74637782157857e-08
3.18225841699978e-06,-0.00459845964462977,-9.67612170511906e-08
3.18070805607742e-06,-0.00459845923778071,-9.60211414806782e-08
3.17913761470585e-06,-0.00459845939237912,-9.52844597522187e-08
3.17754760583327e-06,-0.00459846002721149,-9.46151245297504e-08
3.17594574568212e-06,-0.00459846107326613,-9.40689124281924e-08
3.17434356873972e-06,-0.00459846243933407,-9.36594943234751e-08
3.17274083631604e-06,-0.00459846386999526,-9.33625771404954e-08
3.17112482701632e-06,-0.00459846516101775,-9.31721401561412e-08
3.1694892782583e-06,-0.00459846622163966,-9.31191407827099e-08
3.16783973243352e-06,-0.00459846704841564,-9.32298614101592e-08
3.16618294024338e-06,-0.00459846772172505,-9.3496685932118e-08
3.1645197478651e-06,-0.00459846834485447,-9.38901798903546e-08
3.1628486928996e-06,-0.00459846903610626,-9.43333495739049e-08
3.16117246490648e-06,-0.00459846998412668,-9.45911630238731e-08
3.15948954717696e-06,-0.0045984713213603,-9.44760499928531e-08
3.15779424085978e-06,-0.00459847308204701,-9.39565645950099e-08
3.15607746151331e-06,-0.00459847519873013,-9.32427394892618e-08
3.15433250512292e-06,-0.00459847761050814,-9.25520265070661e-08
3.15256057523395e-06,-0.0045984802884134,-9.20237034337912e-08
3.15076761438857e-06,-0.00459848322903267,-9.17126527182069e-08
3.14895852835925e-06,-0.00459848642923362,-9.16099483783759e-08
3.14713318695343e-06,-0.00459848982623598,-9.16835335420344e-08
3.14529081502153e-06,-0.0045984934018775,-9.19222318159429e-08
3.14343061063333e-06,-0.00459849726730007,-9.23788057625874e-08
3.14155569782507e-06,-0.0045985015104825,-9.30902679781986e-08
3.13966792962735e-06,-0.00459850615318672,-9.40382223507133e-08
3.13776838233491e-06,-0.00459851115972722,-9.51276819580579e-08
3.13585772530146e-06,-0.00459851655778397,-9.62236359776215e-08
3.13394113285949e-06,-0.00459852260934235,-9.70593150241136e-08
3.13202124958811e-06,-0.00459852957759234,-9.74287208298132e-08
3.13009533083823e-06,-0.00459853752168127,-9.72748844929258e-08
3.12814969097437e-06,-0.00459854627750543,-9.67853869379002e-08
3.12617235316714e-06,-0.00459855557462742,-9.61905913970566e-08
3.12415465456278e-06,-0.00459856501687196,-9.57134078169446e-08
3.12210620627811e-06,-0.00459857444718666,-9.53718706408965e-08
3.12004067572387e-06,-0.0045985838624907,-9.50943528021315e-08
3.11796565504894e-06,-0.00459859333433591,-9.48093079275928e-08
3.11588020723314e-06,-0.00459860306334654,-9.4505923420278e-08
3.11378016391137e-06,-0.00459861322692818,-9.41969162835899e-08
3.11165985518895e-06,-0.00459862391678324,-9.39488645921748e-08
3.10951097969213e-06,-0.00459863508020634,-9.39971367733759e-08
3.10733522329145e-06,-0.00459864657653887,-9.44864255806844e-08
3.10514521442769e-06,-0.00459865819384933,-9.52814709359852e-08
3.10294746077883e-06,-0.00459866975365941,-9.61975062395032e-08
3.10073943982545e-06,-0.00459868109496805,-9.71148773536036e-08
3.09851976490751e-06,-0.00459869205440064,-9.79827609588595e-08
3.09628805325093e-06,-0.00459870256235733,-9.87444116196694e-08
3.09405103203045e-06,-0.00459871267564856,-9.9136119370302e-08
3.09181243279075e-06,-0.00459872244326633,-9.88317287954403e-08
3.08955337276166e-06,-0.00459873213408528,-9.8100675103937e-08
3.08725960773081e-06,-0.00459874222231296,-9.74868148701302e-08
3.08492277931814e-06,-0.00459875305002937,-9.7400128996312e-08
3.08254525396655e-06,-0.00459876467655973,-9.80212612001827e-08
3.08014567658305e-06,-0.0045987766679906,-9.92124736960739e-08
3.07773715671436e-06,-0.00459878838973204,-1.00771390937403e-07
3.07532957500643e-06,-0.00459879953333014,-1.02547548520248e-07
3.07293736455545e-06,-0.00459881004489507,-1.04407361209036e-07
3.07055591486296e-06,-0.0045988200095699,-1.06222672161643e-07
3.06815669048796e-06,-0.00459882957164273,-1.08113609550119e-07
3.06569043979053e-06,-0.0045988389217292,-1.10860040692641e-07
3.06316801756571e-06,-0.00459884841826276,-1.14677132806629e-07
3.06063097406789e-06,-0.00459885844725608,-1.19199308790132e-07
3.0581058190116e-06,-0.00459886923307154,-1.24000261688673e-07
3.05559722364321e-06,-0.00459888078985854,-1.28782359232951e-07
3.05309882366124e-06,-0.0045988928867479,-1.33388374526764e-07
3.0505954577227e-06,-0.00459890526360945,-1.37777289271598e-07
3.04807910796808e-06,-0.0045989177808461,-1.41956556078031e-07
3.04555053280648e-06,-0.00459893056900294,-1.45868109469658e-07
3.04301251622682e-06,-0.00459894381546006,-1.49454015014164e-07
3.04045776455195e-06,-0.00459895765323829,-1.52720736860212e-07
3.03787709516491e-06,-0.00459897210713127,-1.55806483964144e-07
3.0352634422317e-06,-0.00459898713127167,-1.5886891340019e-07
3.03262147345393e-06,-0.004599002655142,-1.62037562457811e-07
3.02997110427764e-06,-0.00459901860069296,-1.65360417478421e-07
3.02732350073346e-06,-0.00459903490266984,-1.68797416165356e-07
3.02467760329919e-06,-0.00459905146833302,-1.72278348610557e-07
3.02202662583651e-06,-0.00459906805512407,-1.75745931641399e-07
3.01936515298466e-06,-0.00459908447624626,-1.79167970300391e-07
3.01669315417496e-06,-0.00459910059505416,-1.82520798160639e-07
3.01401041328478e-06,-0.00459911629964693,-1.85777723529216e-07
3.01131288742997e-06,-0.00459913154869916,-1.88918238644366e-07
3.00859026908637e-06,-0.00459914633672461,-1.91963678612928e-07
3.00584188106257e-06,-0.00459916064165814,-1.95002305522507e-07
3.00307798604883e-06,-0.00459917473977054,-1.98131645691255e-07
3.00032354879944e-06,-0.00459918899733401,-2.01130611750368e-07
2.9975842270361e-06,-0.0045992036665058,-2.03784960077572e-07
2.99484164968819e-06,-0.00459921890188253,-2.06205447897585e-07
2.99207171169267e-06,-0.00459923465293563,-2.08797810634541e-07
2.98926510727449e-06,-0.0045992506833364,-2.11977083119318e-07
2.98644166553866e-06,-0.00459926673142519,-2.15627265341853e-07
2.98361934827415e-06,-0.00459928288439206,-2.19469797108174e-07
2.98080416023096e-06,-0.00459929930448555,-2.2327094718589e-07
2.97799441290221e-06,-0.00459931606587595,-2.26862790856339e-07
2.97518777601532e-06,-0.00459933305566547,-2.30075715551655e-07
2.9723762774861e-06,-0.00459935014768053,-2.32822395555355e-07
2.96954645389664e-06,-0.00459936728110125,-2.35299642678444e-07
2.96667689075577e-06,-0.00459938453851297,-2.38339781174509e-07
2.96377905436176e-06,-0.00459940215696371,-2.42309257843304e-07
2.96087758410961e-06,-0.00459942038808581,-2.46980743321322e-07
2.95798825061597e-06,-0.00459943926426544,-2.51787802916348e-07
2.95511697486871e-06,-0.00459945860655548,-2.56143388109653e-07
2.9522509438336e-06,-0.00459947817545233,-2.59865978576259e-07
2.94937517130324e-06,-0.00459949792705607,-2.63014089837898e-07
2.9464881388767e-06,-0.00459951791213248,-2.65726250140539e-07
2.94360207191057e-06,-0.00459953813623619,-2.68120000475541e-07
2.9407159140848e-06,-0.00459955845843179,-2.70291444493415e-07
2.93781645265234e-06,-0.00459957877474858,-2.72222169779398e-07
2.93488673950141e-06,-0.00459959907591011,-2.73971484296501e-07
2.93192862204763e-06,-0.00459961944481536,-2.75804853079358e-07
2.92895553141203e-06,-0.00459963995477959,-2.77924869523471e-07
2.92598136264757e-06,-0.00459966058185226,-2.80355396260224e-07
2.92301848908927e-06,-0.00459968106444973,-2.82861772571429e-07
2.92006966691445e-06,-0.00459970119300795,-2.8519882278281e-07
2.91712986758462e-06,-0.00459972100952768,-2.87210795802696e-07
2.91419725488464e-06,-0.00459974066526382,-2.88768576257675e-07
2.91126672214372e-06,-0.00459976038212597,-2.89641959515348e-07
2.90833112099937e-06,-0.0045997803280626,-2.89702480467703e-07
2.90538154030276e-06,-0.0045998005301004,-2.8898632155223e-07
2.9024131580332e-06,-0.00459982082731628,-2.87701457329282e-07
2.89942872935913e-06,-0.00459984104522928,-2.86058840154497e-07
2.89643134553602e-06,-0.00459986115306951,-2.84272942417206e-07
2.89341526857095e-06,-0.00459988143532685,-2.8274273889459e-07
2.89037918778494e-06,-0.00459990216101455,-2.81773035758365e-07
2.88733260243331e-06,-0.00459992344377053,-2.81450519653859e-07
2.8842931318478e-06,-0.00459994521051658,-2.81559254181284e-07
2.88127106096794e-06,-0.00459996723304547,-2.8183439171383e-07
2.8782628396785e-06,-0.00459998897475923,-2.8208273582756e-07
2.87525774810009e-06,-0.00460001013183946,-2.82210760536704e-07
2.87224624588012e-06,-0.00460003073388338,-2.82210320957657e-07
2.86922442018914e-06,-0.00460005093324443,-2.82123404270876e-07
2.86619385901463e-06,-0.00460007083577688,-2.82006714338587e-07
2.86315875730912e-06,-0.00460009040086029,-2.81907891426417e-07
2.86012272874951e-06,-0.00460010988879561,-2.81855732527167e-07
2.85708704284171e-06,-0.00460012956702706,-2.81860860463051e-07
2.85405071618568e-06,-0.00460014957487428,-2.81921512094207e-07
2.8510118307111e-06,-0.00460016993591746,-2.82030101268832e-07
2.84796902676274e-06,-0.00460019055833971,-2.82178175648156e-07
2.84492030366196e-06,-0.00460021116215957,-2.82407402234356e-07
2.84186007781634e-06,-0.00460023144521035,-2.82930860403249e-07
2.83878632000883e-06,-0.0046002512450113,-2.83990074324296e-07
2.83569517830974e-06,-0.00460027057849947,-2.85947726104401e-07
2.83259049973292e-06,-0.00460028954882716,-2.89032415572185e-07
2.82948289629522e-06,-0.00460030825924867,-2.93220386005267e-07
2.82638776909387e-06,-0.00460032673022897,-2.98136662145383e-07
2.82331096902995e-06,-0.0046003449682594,-3.03352794769392e-07
2.82025317988442e-06,-0.00460036304064559,-3.08410079150574e-07
2.8172065534932e-06,-0.00460038100585088,-3.13027881592274e-07
2.81416244758469e-06,-0.00460039887138922,-3.17082910508928e-07
2.81111450258089e-06,-0.00460041657456532,-3.20546049994543e-07
2.80804222805689e-06,-0.00460043414200911,-3.23933667148913e-07
2.80493914071801e-06,-0.00460045161853133,-3.27765061179777e-07
2.80181652525203e-06,-0.0046004689873691,-3.32250731951642e-07
2.79869612184484e-06,-0.00460048612405778,-3.37153830485554e-07
2.79558229931038e-06,-0.00460050311940135,-3.42325467790948e-07
2.79247116063814e-06,-0.00460052010269839,-3.47688891799546e-07
2.78935958498555e-06,-0.00460053710902794,-3.53149563612952e-07
2.78625060757845e-06,-0.00460055398599141,-3.5847030505108e-07
2.78314334832892e-06,-0.00460057067042118,-3.6346856769663e-07
2.78003315885737e-06,-0.00460058721435247,-3.68073764937908e-07
2.77691506860649e-06,-0.00460060381773044,-3.72298711198651e-07
2.77378609681662e-06,-0.00460062064639527,-3.76200087580555e-07
2.77064587717807e-06,-0.00460063771496049,-3.7984451105869e-07
2.76749390938419e-06,-0.00460065479764648,-3.83335698354608e-07
2.76432543724092e-06,-0.00460067183587387,-3.86926768955573e-07
2.76114194418574e-06,-0.00460068884776656,-3.90790185637406e-07
2.75795227219437e-06,-0.00460070587953287,-3.94871963234481e-07
2.75476461544071e-06,-0.00460072293708305,-3.98963016591668e-07
2.75157942940975e-06,-0.00460074003142457,-4.02877333431635e-07
2.74839189043994e-06,-0.00460075724961882,-4.06510892696675e-07
2.74519651946042e-06,-0.00460077465894235,-4.09835909681181e-07
2.74199008280611e-06,-0.00460079227669419,-4.1287558452011e-07
2.73877212746583e-06,-0.00460081008436319,-4.1567579507169e-07
2.73554389175942e-06,-0.00460082804632769,-4.18283357530234e-07
2.73230681210122e-06,-0.0046008461247121,-4.20734070536982e-07
2.72906156377713e-06,-0.00460086424815483,-4.23049423063493e-07
2.72580794679858e-06,-0.0046008821739029,-4.25238866834194e-07
2.72254537173835e-06,-0.00460089958140611,-4.27304398048467e-07
2.71927345293394e-06,-0.00460091638557319,-4.29245052814538e-07
2.71599230310724e-06,-0.00460093270226209,-4.31060069628931e-07
2.71270240719782e-06,-0.00460094874343142,-4.32750438893024e-07
2.70940423398089e-06,-0.00460096483789686,-4.34319154633312e-07
2.70609787749011e-06,-0.00460098123943812,-4.35770709461024e-07
2.7027829625783e-06,-0.00460099806620586,-4.37110336182102e-07
2.69945886066259e-06,-0.00460101533068859,-4.38343336976192e-07
2.69612704026781e-06,-0.00460103298381786,-4.3947231323437e-07
2.69279385865766e-06,-0.00460105094215479,-4.40475749865132e-07
2.68945985946662e-06,-0.00460106912328666,-4.41307001312132e-07
2.68611895028719e-06,-0.00460108747096896,-4.41923755373187e-07
2.68276041873076e-06,-0.00460110596620095,-4.42322901489246e-07
2.67938201546705e-06,-0.00460112461309746,-4.42540336449496e-07
2.67598849977764e-06,-0.00460114342068669,-4.4261698549383e-07
2.67258556347537e-06,-0.00460116239349307,-4.42579778071661e-07
2.66917619875417e-06,-0.00460118153168214,-4.42441122790492e-07
2.66576045491175e-06,-0.00460120082149069,-4.42206606131357e-07
2.66233644229939e-06,-0.00460122013919877,-4.41882574054999e-07
2.65890111440959e-06,-0.00460123921582805,-4.41485728431964e-07
2.65545437262133e-06,-0.0046012578388614,-4.41042710608497e-07
2.65199882418049e-06,-0.00460127591002736,-4.40578597929396e-07
2.6485383296655e-06,-0.00460129347391027,-4.40104191388482e-07
2.64507527409857e-06,-0.00460131086377433,-4.39613555718682e-07
2.64161382254121e-06,-0.00460132836719884,-4.39074441964361e-07
2.63815178594926e-06,-0.00460134611614349,-4.38433993380938e-07
2.63468166045362e-06,-0.00460136411954574,-4.37648485941908e-07
2.63119304238908e-06,-0.00460138228101299,-4.36715532390695e-07
2.6276839912449e-06,-0.004601400344131,-4.35672643147228e-07
2.62415875060481e-06,-0.00460141809581883,-4.34571177204912e-07
2.62062821867264e-06,-0.00460143537341237,-4.33442136350771e-07
2.61709750601602e-06,-0.00460145209120301,-4.32281974510585e-07
2.61356422736614e-06,-0.00460146822495719,-4.31074825209246e-07
2.61002244375168e-06,-0.00460148381197453,-4.29815515667235e-07
2.60646930363336e-06,-0.00460149896314093,-4.28514782468105e-07
2.60290393996524e-06,-0.00460151397483668,-4.27191496712481e-07
2.59932264128081e-06,-0.00460152910298682,-4.25885520784323e-07
2.59572912333667e-06,-0.00460154447645388,-4.24653871639339e-07
2.59213463057779e-06,-0.00460156011965688,-4.2352392502826e-07
2.58854288091307e-06,-0.00460157599226161,-4.2248124501192e-07
2.58495010664203e-06,-0.00460159203864728,-4.21499336098486e-07
2.58135291067789e-06,-0.00460160816793904,-4.2055805347449e-07
2.57775492753495e-06,-0.00460162411488813,-4.19626198356044e-07
2.5741593959045e-06,-0.00460163967606398,-4.18651775165277e-07
2.57056952248905e-06,-0.0046016548488892,-4.17511444659606e-07
2.56697194124228e-06,-0.0046016697718907,-4.15950984072819e-07
2.56335216372527e-06,-0.00460168455757599,-4.13850724038918e-07
2.55970775542239e-06,-0.0046016992380617,-4.11291337334593e-07
2.55604220666264e-06,-0.00460171371847955,-4.08585785256515e-07
2.55236931398727e-06,-0.00460172786304063,-4.05993850961144e-07
2.54869748371535e-06,-0.00460174161732694,-4.0363159917227e-07
2.54502724231276e-06,-0.00460175497799496,-4.01516279045015e-07
2.54135561478143e-06,-0.00460176797062014,-3.99617282155155e-07
2.53767979501323e-06,-0.00460178067524056,-3.97889513538578e-07
2.53399537590159e-06,-0.00460179322330793,-3.96293646554116e-07
2.53029214249198e-06,-0.00460180572928723,-3.94835056915318e-07
2.5265725255615e-06,-0.00460181834117173,-3.93564154153193e-07
2.52285323619865e-06,-0.00460183113794357,-3.92503465079966e-07
2.51914218129983e-06,-0.00460184412935415,-3.91623239501553e-07
2.51543670436606e-06,-0.0046018573264503,-3.90880229753206e-07
2.5117324983467e-06,-0.00460187075210338,-3.90196589119094e-07
2.50803168894004e-06,-0.00460188448156621,-3.89343245749627e-07
2.50433460305871e-06,-0.00460189855595254,-3.88136959974423e-07
2.50063852344354e-06,-0.00460191288278635,-3.8653595285268e-07
2.49693215738372e-06,-0.00460192709671224,-3.84734472242219e-07
2.4932081659029e-06,-0.00460194079770542,-3.82935350500859e-07
2.48946471242802e-06,-0.00460195377408712,-3.81269627841891e-07
2.4857076918285e-06,-0.00460196608623372,-3.79797798669005e-07
2.48194598499013e-06,-0.00460197788483964,-3.78519601973487e-07
2.47818596503873e-06,-0.00460198933532974,-3.77397009193199e-07
2.47442910115775e-06,-0.00460200065903143,-3.76380243168249e-07
2.47067279981056e-06,-0.00460201201148822,-3.75427137976943e-07
2.46691101409678e-06,-0.0046020234575784,-3.74560179086547e-07
2.46313403716085e-06,-0.0046020349328563,-3.73986637546658e-07
2.45934247953937e-06,-0.00460204632207374,-3.73838010206122e-07
2.45554904904559e-06,-0.0046020574675361,-3.73976294220374e-07
2.45176333417368e-06,-0.00460206823717836,-3.7419387618472e-07
2.44798867327966e-06,-0.00460207847178771,-3.74278326882414e-07
2.44421807907914e-06,-0.00460208810034008,-3.74164488320985e-07
2.44044660366201e-06,-0.00460209722498008,-3.73798162016593e-07
2.43667863130725e-06,-0.00460210601623747,-3.73165535737026e-07
2.43290862580717e-06,-0.00460211478519287,-3.72346067800537e-07
2.42912061185343e-06,-0.00460212378798862,-3.71491142289061e-07
2.42529692398351e-06,-0.00460213322173764,-3.70937741791785e-07
2.421440302628e-06,-0.00460214318261187,-3.70993514235543e-07
2.4175826138825e-06,-0.00460215363166625,-3.71746215745978e-07
2.41375044172332e-06,-0.00460216410753156,-3.72934272789387e-07
2.40994558515502e-06,-0.00460217378203706,-3.7425034172619e-07
2.40615500050811e-06,-0.00460218223243585,-3.75490521603191e-07
2.40236648039797e-06,-0.00460218977119298,-3.76560631901246e-07
2.39857185049829e-06,-0.00460219689679022,-3.77442260541875e-07
2.39476275972219e-06,-0.00460220400138162,-3.78120637909513e-07
2.39092620468068e-06,-0.00460221127760713,-3.7849158935468e-07
2.38707785888516e-06,-0.00460221873028206,-3.7853078356192e-07
2.38323361834421e-06,-0.00460222636189775,-3.7850374442033e-07
2.37940571552168e-06,-0.00460223415386288,-3.7863003929111e-07
2.37559516550009e-06,-0.00460224207628761,-3.7897375066979e-07
2.37178582131188e-06,-0.00460225010238296,-3.79517427440045e-07
2.36796663941146e-06,-0.00460225818728165,-3.80217618243084e-07
2.3641393502452e-06,-0.00460226625654443,-3.80973227171245e-07
2.36030930195989e-06,-0.00460227425126457,-3.81691170967393e-07
2.35647800215085e-06,-0.00460228203381312,-3.8233580081608e-07
2.35264637906997e-06,-0.00460228918044737,-3.82959332133877e-07
2.34881157402776e-06,-0.00460229581997655,-3.836162043368e-07
2.34496545454757e-06,-0.00460230224849308,-3.84359615684625e-07
2.34110735234734e-06,-0.0046023086936044,-3.85246812704443e-07
2.33724534828664e-06,-0.00460231528705851,-3.86316316610699e-07
2.33339294172677e-06,-0.00460232203949232,-3.87559223806104e-07
2.32955405103104e-06,-0.00460232863843272,-3.88924599656292e-07
2.3257233801553e-06,-0.00460233452728675,-3.90357502417356e-07
2.32189489170738e-06,-0.00460233930066673,-3.91818187101514e-07
2.31806948119947e-06,-0.00460234300982487,-3.93262213459319e-07
2.31424770445542e-06,-0.00460234590205263,-3.94592515674262e-07
2.31043182963065e-06,-0.00460234828706417,-3.95573417440942e-07
2.30662195151444e-06,-0.00460235037837343,-3.95927967389386e-07
2.30281549149946e-06,-0.00460235221773969,-3.95411667480731e-07
2.29898415152932e-06,-0.00460235391060058,-3.9441450656954e-07
2.29512193294797e-06,-0.00460235569488148,-3.93360935649833e-07
2.29124261835857e-06,-0.00460235773859657,-3.92516971508266e-07
2.28737116761253e-06,-0.0046023600638016,-3.91878443955955e-07
2.28353046119183e-06,-0.00460236247059812,-3.90969381302032e-07
2.2797160376683e-06,-0.00460236466534635,-3.89435971402732e-07
2.27589788700422e-06,-0.00460236629265091,-3.87516106782469e-07
2.27205371340488e-06,-0.00460236750118975,-3.85695068037114e-07
2.26818255007891e-06,-0.00460236857050971,-3.84343021391588e-07
2.26429757004674e-06,-0.00460236967010737,-3.8359535377002e-07
2.26041652400031e-06,-0.00460237077678206,-3.83296738816765e-07
2.25654729491938e-06,-0.00460237200599594,-3.83223989494907e-07
2.25268788690171e-06,-0.0046023734645155,-3.83201426128513e-07
2.24883029576147e-06,-0.00460237516887223,-3.8317716188188e-07
2.24496269866602e-06,-0.00460237701055304,-3.83336556160414e-07
2.24108206114622e-06,-0.0046023788618364,-3.83871608015547e-07
2.23719474763125e-06,-0.00460238057185428,-3.84840096519379e-07
2.23331148223891e-06,-0.00460238184262151,-3.86050011687643e-07
2.2294303345022e-06,-0.00460238252799742,-3.87313779590899e-07
2.22554479296654e-06,-0.00460238283850508,-3.88550386500584e-07
2.22164463939399e-06,-0.00460238304203634,-3.89789597564289e-07
2.21773396200118e-06,-0.0046023833098774,-3.91041177915853e-07
2.21383653905283e-06,-0.00460238365261152,-3.91987109755459e-07
2.20997237716348e-06,-0.00460238402362589,-3.92329662959837e-07
2.20613714417906e-06,-0.00460238442410926,-3.92040425416112e-07
2.20229311269673e-06,-0.00460238507594418,-3.91719426798902e-07
2.19841794123736e-06,-0.00460238618647014,-3.91953365936922e-07
2.19452439866297e-06,-0.00460238779407071,-3.92872896316634e-07
2.19064890404283e-06,-0.00460238959247222,-3.93722045663566e-07
2.18678533115765e-06,-0.00460239119718306,-3.93896203583619e-07
2.18290407703529e-06,-0.00460239218808137,-3.9363482722331e-07
2.17900052660866e-06,-0.00460239246579341,-3.93327788468531e-07
2.17510413858557e-06,-0.00460239228027483,-3.92882097364856e-07
2.17122577614721e-06,-0.00460239189567589,-3.9204100764416e-07
2.16735998524095e-06,-0.00460239142979941,-3.90610748033817e-07
2.16348195223506e-06,-0.00460239095999101,-3.88980922444869e-07
2.15958353397789e-06,-0.00460239055497362,-3.87628425007912e-07
2.1556618747041e-06,-0.00460239029588877,-3.87029937910179e-07
2.1517191866033e-06,-0.00460239016792918,-3.87557541664222e-07
2.14776762280461e-06,-0.00460239005365862,-3.89274528818577e-07
2.14382682784878e-06,-0.00460238968660434,-3.91816481976653e-07
2.13990463182034e-06,-0.00460238885486117,-3.94764413527461e-07
2.13599143318942e-06,-0.00460238752216266,-3.97899871308034e-07
2.13206019373216e-06,-0.00460238585183805,-4.01450727403652e-07
2.12810210722634e-06,-0.00460238401670431,-4.05719400447836e-07
2.12413323969684e-06,-0.00460238208367685,-4.10789520629815e-07
2.12018397757865e-06,-0.0046023799159064,-4.16252673710489e-07
2.11626401270168e-06,-0.00460237742708529,-4.21666835310529e-07
2.1123637482976e-06,-0.00460237486634734,-4.26759264088409e-07
2.10846783268179e-06,-0.00460237250036767,-4.31430402788566e-07
2.10456500724606e-06,-0.00460237040247252,-4.35701448511283e-07
2.10065334930562e-06,-0.00460236822648738,-4.39600931030507e-07
2.09674132445664e-06,-0.00460236570997746,-4.42993581088867e-07
2.09283164817933e-06,-0.00460236274659021,-4.45808473977871e-07
2.08891451223159e-06,-0.00460235938064925,-4.48268061079455e-07
2.08497863227249e-06,-0.00460235566137162,-4.50785451402075e-07
2.08102819980301e-06,-0.00460235170030603,-4.53567526994594e-07
2.07708493818078e-06,-0.0046023477401671,-4.56304321382432e-07
2.07315762688269e-06,-0.00460234398721491,-4.58672945054925e-07
2.06923633606633e-06,-0.00460234061076214,-4.60654721236118e-07
2.06531061452031e-06,-0.00460233767225819,-4.62340516619631e-07
2.06137442651536e-06,-0.0046023350896812,-4.63859465116992e-07
2.05742511092521e-06,-0.00460233256512976,-4.65396923460357e-07
2.05347186742243e-06,-0.00460232985417974,-4.66918900683389e-07
2.04952841347305e-06,-0.00460232675670932,-4.68149706691721e-07
2.0455998054042e-06,-0.00460232319513884,-4.68816677747578e-07
2.04168564004946e-06,-0.00460231927874013,-4.68657411121958e-07
2.03777894157438e-06,-0.00460231515498074,-4.67542033368626e-07
2.03386671785563e-06,-0.00460231087860011,-4.65582906086637e-07
2.02992742859597e-06,-0.00460230632144659,-4.63364560136814e-07
2.0259540536222e-06,-0.00460230159083889,-4.61501730890397e-07
2.02195688321949e-06,-0.00460229683942152,-4.60353124094042e-07
2.01795414946146e-06,-0.00460229218074373,-4.59968512140392e-07
2.01396511171376e-06,-0.00460228773982386,-4.60054865281412e-07
2.00999558890281e-06,-0.0046022835987442,-4.60280193543326e-07
2.00603979577965e-06,-0.00460227976046151,-4.60414911039554e-07
2.00208793029544e-06,-0.00460227605418266,-4.60351012968404e-07
1.99813213153349e-06,-0.0046022722712339,-4.60077161930009e-07
1.99416898508204e-06,-0.00460226821396672,-4.59637523364359e-07
1.99019905081605e-06,-0.00460226403475588,-4.59093849259883e-07
1.98622492965858e-06,-0.00460225995821912,-4.58500238348696e-07
1.98224931159902e-06,-0.0046022561061312,-4.57891920368316e-07
1.97827381404004e-06,-0.00460225235100733,-4.57284728898653e-07
1.97429874615807e-06,-0.00460224843990609,-4.56680402454781e-07
1.97032351017228e-06,-0.0046022442382555,-4.56073448401473e-07
1.96634722455657e-06,-0.00460223971878716,-4.55456852705535e-07
1.96236923598078e-06,-0.00460223487370201,-4.54825525617105e-07
1.95838935425448e-06,-0.00460222966066507,-4.54177547917591e-07
1.95440780618543e-06,-0.00460222442345238,-4.5351388750955e-07
1.95042501228857e-06,-0.00460221952627343,-4.52837384948569e-07
1.94644133148785e-06,-0.0046022151802531,-4.52151642307604e-07
1.94245689649302e-06,-0.00460221138700976,-4.5146018096532e-07
1.93847159798961e-06,-0.00460220789553583,-4.50765984887715e-07
1.93448519874935e-06,-0.00460220446570573,-4.50071380259504e-07
1.93049749975025e-06,-0.00460220104076119,-4.49378129105461e-07
1.92650846504843e-06,-0.00460219764340517,-4.48687610532923e-07
1.92251824350108e-06,-0.00460219430484266,-4.48000997315316e-07
1.9185270849689e-06,-0.00460219104831439,-4.47319380292056e-07
1.91453520521827e-06,-0.00460218797990255,-4.46643830104561e-07
1.91054267793574e-06,-0.00460218520011887,-4.45975408692286e-07
1.90655037745946e-06,-0.00460218272172477,-4.45336953807264e-07
1.90255980387462e-06,-0.00460218038100543,-4.44844250010648e-07
1.89856828819943e-06,-0.00460217794821562,-4.44625474828221e-07
1.89457851195901e-06,-0.00460217523127705,-4.44538414072325e-07
1.89058587661946e-06,-0.00460217214911947,-4.44412723949614e-07
1.88658845897558e-06,-0.00460216877657158,-4.44160311879332e-07
1.88258819870991e-06,-0.00460216542814205,-4.43756792516907e-07
1.87858757493088e-06,-0.00460216239190133,-4.43213684789259e-07
1.87458751083024e-06,-0.00460215982541639,-4.42558769170067e-07
1.87058735073608e-06,-0.00460215776851265,-4.41824696160924e-07
1.86658601956783e-06,-0.00460215611448866,-4.41042228299085e-07
1.8625830647881e-06,-0.00460215449247145,-4.40236055804643e-07
1.85857887890128e-06,-0.004602152585686,-4.3942292013814e-07
1.85457421672397e-06,-0.00460215022656944,-4.3861206975641e-07
1.85056956304102e-06,-0.00460214736921762,-4.37807426417512e-07
1.8465648368781e-06,-0.00460214404672893,-4.37010316941995e-07
1.8425615304764e-06,-0.00460214041731625,-4.36219364247863e-07
1.8385656155329e-06,-0.00460213666216311,-4.35410445369261e-07
1.83457713534285e-06,-0.00460213303352477,-4.345358735804e-07
1.83058966743745e-06,-0.00460212970314237,-4.33553351687314e-07
1.82659247944371e-06,-0.00460212675128615,-4.32460126828214e-07
1.82258356911828e-06,-0.00460212417129143,-4.31292217969085e-07
1.81856803876669e-06,-0.00460212182367593,-4.30090123450113e-07
1.81455182338337e-06,-0.00460211955291263,-4.28879724800734e-07
1.81053793557614e-06,-0.00460211721965217,-4.27671841218574e-07
1.80652622511906e-06,-0.00460211464408582,-4.26470066464297e-07
1.80251515523995e-06,-0.00460211176126976,-4.25277702534081e-07
1.7985035724437e-06,-0.00460210861627744,-4.24100372799666e-07
1.7944893715988e-06,-0.00460210542811959,-4.22947663777954e-07
1.79046658333455e-06,-0.00460210240963303,-4.21852678457809e-07
1.78643734825977e-06,-0.00460209964759118,-4.20869602559502e-07
1.78241362890071e-06,-0.00460209700994422,-4.20024071677172e-07
1.77840302290898e-06,-0.00460209436447874,-4.19288356377667e-07
1.7744016587662e-06,-0.00460209170861245,-4.1861075767346e-07
1.77039990436971e-06,-0.00460208909058081,-4.17959318505159e-07
1.76639544716137e-06,-0.00460208655240053,-4.17322744204897e-07
1.76238850250791e-06,-0.00460208411726676,-4.16691685291501e-07
1.75837746377151e-06,-0.0046020817930293,-4.1606634665256e-07
1.7543609167326e-06,-0.00460207963706552,-4.15460883952352e-07
1.75033422411069e-06,-0.00460207768407217,-4.14913123252899e-07
1.74629855812263e-06,-0.0046020758489284,-4.14479838834673e-07
1.74226112093325e-06,-0.00460207382198634,-4.14208031748804e-07
1.73823326041594e-06,-0.00460207165156018,-4.14103213825054e-07
1.73421760015302e-06,-0.00460206955593189,-4.14132030531945e-07
1.73020945880986e-06,-0.004602067662079,-4.14257000745402e-07
1.72620276322742e-06,-0.0046020659227945,-4.14455169454911e-07
1.72219370321375e-06,-0.00460206424542079,-4.1471799594418e-07
1.71818329612526e-06,-0.00460206254749004,-4.15040928831929e-07
1.71417971346039e-06,-0.00460206074688328,-4.15394137502333e-07
1.71018455167207e-06,-0.00460205893667384,-4.15711981067856e-07
1.70618453015882e-06,-0.00460205722484156,-4.15952227776726e-07
1.70217313136739e-06,-0.0046020556076379,-4.16126382827761e-07
1.69815360243566e-06,-0.0046020538438227,-4.16265781602441e-07
1.69413278099748e-06,-0.00460205177365831,-4.16393889064454e-07
1.69011616604548e-06,-0.00460204935314366,-4.16518127883549e-07
1.68610737666607e-06,-0.00460204658436327,-4.16612237836225e-07
1.6821060491098e-06,-0.00460204345962189,-4.16599737485481e-07
1.67810562557192e-06,-0.00460203996327384,-4.16477206635165e-07
1.6740997271295e-06,-0.00460203618170333,-4.1627955531894e-07
1.67008803995032e-06,-0.00460203239385308,-4.16048771181895e-07
1.66607444159007e-06,-0.00460202881463352,-4.15816248787345e-07
1.66206303556747e-06,-0.00460202549638512,-4.15596756114769e-07
1.65805567366199e-06,-0.00460202226104143,-4.15392098356055e-07
1.65405175953646e-06,-0.0046020189107397,-4.15198182521214e-07
1.65004756178382e-06,-0.0046020153683198,-4.15058998942386e-07
1.64603497594223e-06,-0.00460201174469525,-4.15189762398995e-07
1.64201300402472e-06,-0.00460200820058266,-4.15770105290593e-07
1.63798887222508e-06,-0.00460200481757185,-4.1682772364358e-07
1.63397738744962e-06,-0.00460200154363,-4.18136514858642e-07
1.62998859569453e-06,-0.00460199830636809,-4.19453494658324e-07
1.62601666231184e-06,-0.00460199508119973,-4.20646247394028e-07
1.62204317860501e-06,-0.00460199186900781,-4.21685518436237e-07
1.61805667761601e-06,-0.00460198871398246,-4.22616884742537e-07
1.61406281355587e-06,-0.00460198576125016,-4.23467755278607e-07
1.61006845712488e-06,-0.00460198313697356,-4.24296195761556e-07
1.6060758500725e-06,-0.00460198096781621,-4.25318202410673e-07
1.6020975322869e-06,-0.00460197933262816,-4.26664777065523e-07
1.59813406086668e-06,-0.00460197819353658,-4.28272859153011e-07
1.59417112615091e-06,-0.00460197728008923,-4.29883671626565e-07
1.59019680800643e-06,-0.00460197629773391,-4.31327534327944e-07
1.5862123413649e-06,-0.00460197504184645,-4.3256583528521e-07
1.58222729569144e-06,-0.00460197343025127,-4.33627932912622e-07
1.57825316143123e-06,-0.00460197149421842,-4.34551286298377e-07
1.57429201754658e-06,-0.00460196929520571,-4.35360455221179e-07
1.57033886120112e-06,-0.00460196688126358,-4.36079152054106e-07
1.56638609849552e-06,-0.00460196428083289,-4.36737522894953e-07
1.5624247682781e-06,-0.00460196155210062,-4.37388199994218e-07
1.5584552596e-06,-0.00460195888431849,-4.38100279608637e-07
1.55448589314692e-06,-0.00460195643665191,-4.38927351442324e-07
1.5505287906812e-06,-0.00460195426866377,-4.39875294589492e-07
1.54658613176956e-06,-0.00460195221595601,-4.40907425863186e-07
1.54265228378891e-06,-0.00460195002993747,-4.41982625563862e-07
1.53872094788032e-06,-0.00460194766169826,-4.43076254143323e-07
1.5347933111279e-06,-0.0046019451595076,-4.44175865222298e-07
1.53088305305475e-06,-0.00460194254377839,-4.45229894963929e-07
1.52699250083678e-06,-0.00460193961989998,-4.46137626941848e-07
1.52310726546036e-06,-0.00460193619703344,-4.46806979034832e-07
1.51919789846064e-06,-0.00460193222654847,-4.472457218861e-07
1.51525825100887e-06,-0.00460192801076268,-4.47563696405006e-07
1.51130978852296e-06,-0.00460192387269704,-4.47870470144041e-07
1.50739391342271e-06,-0.00460191998388934,-4.48146281407552e-07
1.50351638065509e-06,-0.00460191617497861,-4.48244628463194e-07
1.49964391508365e-06,-0.00460191220628617,-4.48054592778326e-07
1.49575605097059e-06,-0.0046019081185958,-4.47596897181576e-07
1.49185622551156e-06,-0.00460190420414983,-4.47141284407277e-07
1.4879559282944e-06,-0.00460190072367323,-4.46877994989827e-07
1.48406392928145e-06,-0.00460189781088347,-4.46788711772478e-07
1.48017114328878e-06,-0.00460189542172185,-4.46634829104452e-07
1.47627046761982e-06,-0.0046018934422404,-4.46247241520507e-07
1.47235928993257e-06,-0.00460189173037157,-4.45543240980186e-07
1.46844392583914e-06,-0.00460189012395346,-4.4442825576066e-07
1.46452951000871e-06,-0.00460188859036003,-4.43061154216459e-07
1.46062717864592e-06,-0.00460188718093728,-4.41634833692517e-07
1.45673769240853e-06,-0.00460188591921708,-4.40290158471182e-07
1.45284587350891e-06,-0.0046018846553523,-4.39248634663586e-07
1.44892653543932e-06,-0.00460188329623058,-4.38894554588974e-07
1.44497719838255e-06,-0.00460188180423875,-4.39561229634858e-07
1.44102135803999e-06,-0.00460188017720712,-4.41332622169416e-07
1.43710146494928e-06,-0.00460187843110142,-4.43823101362218e-07
1.43322764229731e-06,-0.00460187661435296,-4.4661748816075e-07
1.42937501528013e-06,-0.00460187482765577,-4.49665858609972e-07
1.42551226216364e-06,-0.00460187320286865,-4.53231603507836e-07
1.4216266342735e-06,-0.00460187182906638,-4.57571899880315e-07
1.41772746520545e-06,-0.00460187075629328,-4.62769898874308e-07
1.41384100125508e-06,-0.00460186993947535,-4.68545743873685e-07
1.40998376288299e-06,-0.00460186931880413,-4.7430465338993e-07
1.40616051482869e-06,-0.00460186872898584,-4.79329334038843e-07
1.4023477066707e-06,-0.00460186815688466,-4.83483444952059e-07
1.39853593014015e-06,-0.00460186767173161,-4.86917776661395e-07
1.39472605140372e-06,-0.00460186730509453,-4.89774152900423e-07
1.39092156736333e-06,-0.00460186698212468,-4.91990713298947e-07
1.38711818081729e-06,-0.0046018665742352,-4.93428856032631e-07
1.38329840627187e-06,-0.00460186614084094,-4.94422476102165e-07
1.37945100178531e-06,-0.00460186585780605,-4.9552300103828e-07
1.37557984564565e-06,-0.00460186588439029,-4.97125168636255e-07
1.37170699763626e-06,-0.00460186628568873,-4.99336240598628e-07
1.36786010700264e-06,-0.00460186698791622,-5.01880108193654e-07
1.36404623650503e-06,-0.00460186788201951,-5.04397181781225e-07
1.36025820211768e-06,-0.0046018688486664,-5.0660516702271e-07
1.35648123442755e-06,-0.00460186975058659,-5.08335546006201e-07
1.35269842853532e-06,-0.00460187057913459,-5.09532392501508e-07
1.34888938239093e-06,-0.00460187140688647,-5.10261799283679e-07
1.34505532720606e-06,-0.00460187224998941,-5.10585737808248e-07
1.34121952881743e-06,-0.00460187290573098,-5.10329985097465e-07
1.33738808525295e-06,-0.00460187303018896,-5.09681252790844e-07
1.33356588902796e-06,-0.00460187244761379,-5.08882231045298e-07
1.32975190753859e-06,-0.00460187141156354,-5.08075075149304e-07
1.32594148140747e-06,-0.00460187024577811,-5.07321830007368e-07
1.32213058674149e-06,-0.0046018691181768,-5.06651251818146e-07
1.31831653588702e-06,-0.00460186782736799,-5.06121811022032e-07
1.31450092547222e-06,-0.00460186611915715,-5.05751719901986e-07
1.3106883449662e-06,-0.00460186375985397,-5.05466983807065e-07
1.30688053802417e-06,-0.00460186064920422,-5.0518475782374e-07
1.3030762696861e-06,-0.00460185713222064,-5.04851095265004e-07
1.29927358754974e-06,-0.00460185362148733,-5.04444431147383e-07
1.29547157034687e-06,-0.00460185033160253,-5.03967937246514e-07
1.29167061962547e-06,-0.0046018471139842,-5.03437905090141e-07
1.28787159700559e-06,-0.00460184401796692,-5.02873453621096e-07
1.28407477360948e-06,-0.00460184114264613,-5.02290098999147e-07
1.28027942881617e-06,-0.00460183846753428,-5.01697358020621e-07
1.27648497762308e-06,-0.00460183557617422,-5.01083120521301e-07
1.27269212047939e-06,-0.00460183216827541,-5.00391412870743e-07
1.26889901925207e-06,-0.00460182843206886,-4.99633557336358e-07
1.26510507472568e-06,-0.00460182466766274,-4.98843046204907e-07
1.26131141636812e-06,-0.00460182103523856,-4.98046793898726e-07
1.25752355270279e-06,-0.00460181733460147,-4.9716395240765e-07
1.25375168533913e-06,-0.00460181348412614,-4.95862258677512e-07
1.24998243830468e-06,-0.0046018096257874,-4.94217562923285e-07
1.246199912527e-06,-0.00460180592447874,-4.92495615272038e-07
1.24239797094014e-06,-0.00460180236101272,-4.91075974479702e-07
1.23858484443402e-06,-0.00460179869435483,-4.90137374212921e-07
1.23477609951256e-06,-0.00460179463920437,-4.89564730560068e-07
1.23097729161155e-06,-0.00460179000132816,-4.89190910540081e-07
1.2271791714706e-06,-0.00460178473812377,-4.88953492738927e-07
1.22338176519561e-06,-0.00460177915829961,-4.88785555016134e-07
1.21959728959723e-06,-0.00460177363712328,-4.88540627972993e-07
1.2158304465943e-06,-0.00460176840580583,-4.88033100559071e-07
1.21207800750425e-06,-0.00460176342483557,-4.87044614638209e-07
1.20831960095236e-06,-0.00460175840099559,-4.85786817931067e-07
1.20454631330681e-06,-0.00460175307091777,-4.84500048131572e-07
1.20076143659534e-06,-0.00460174728718869,-4.83333700874565e-07
1.19697306115513e-06,-0.00460174107489688,-4.82349720633729e-07
1.19318784729462e-06,-0.00460173477028355,-4.81541591577039e-07
1.18940810467517e-06,-0.0046017287294064,-4.808655722406e-07
1.18563236696855e-06,-0.00460172317805729,-4.80269045499892e-07
1.18185780023489e-06,-0.00460171819699941,-4.79708532050744e-07
1.17808245928598e-06,-0.00460171376277053,-4.79156634697677e-07
1.17430619687364e-06,-0.00460170980207669,-4.78601032148185e-07
1.17053015708172e-06,-0.00460170622906655,-4.78039637644543e-07
1.16675558197275e-06,-0.00460170293191745,-4.77475221620521e-07
1.1629828376464e-06,-0.00460169966767123,-4.7691134088213e-07
1.15921121094377e-06,-0.00460169623510714,-4.76350118373415e-07
1.15543946059656e-06,-0.0046016925765165,-4.75791608440581e-07
1.15166666684089e-06,-0.0046016888600203,-4.75234157587999e-07
1.14789281742059e-06,-0.00460168528480269,-4.74675177020015e-07
1.14411879405207e-06,-0.00460168190416033,-4.7411190888347e-07
1.14034581009648e-06,-0.00460167844997281,-4.73541967580054e-07
1.13657466747117e-06,-0.00460167483148088,-4.72963600532915e-07
1.13280528036049e-06,-0.00460167121249581,-4.72375715873778e-07
1.12903674011771e-06,-0.00460166777445587,-4.71777756891096e-07
1.12526792212904e-06,-0.00460166461458729,-4.71169437693436e-07
1.12149820419378e-06,-0.00460166171189651,-4.70550552856386e-07
1.11772786069156e-06,-0.0046016588608489,-4.69920940874538e-07
1.11395798125574e-06,-0.00460165588148223,-4.69280475606338e-07
1.11018861297697e-06,-0.00460165266996105,-4.68661272819409e-07
1.10641624714854e-06,-0.00460164913774416,-4.68208046640388e-07
1.10264185113198e-06,-0.00460164529773968,-4.68007949823966e-07
1.09887227840358e-06,-0.00460164140164332,-4.67965520638387e-07
1.09511079530337e-06,-0.00460163769802862,-4.67955052201392e-07
1.09135633017263e-06,-0.00460163433016486,-4.67889334280862e-07
1.08760620375916e-06,-0.00460163123140128,-4.67727441358883e-07
1.08385841747696e-06,-0.00460162800644357,-4.67465478870082e-07
1.08011251579887e-06,-0.00460162465132495,-4.67120941466326e-07
1.07636917344043e-06,-0.00460162134333079,-4.66718196038048e-07
1.07262927257383e-06,-0.00460161822056768,-4.66278755841312e-07
1.06889322493236e-06,-0.00460161534338876,-4.65816909581324e-07
1.06516088711472e-06,-0.00460161271569813,-4.65339458051184e-07
1.06143194766781e-06,-0.00460161031974604,-4.64847709852158e-07
1.05770640003459e-06,-0.00460160813136489,-4.64340103070946e-07
1.05398474420976e-06,-0.00460160607014827,-4.63814405515632e-07
1.05026779764383e-06,-0.00460160386039321,-4.63269058512544e-07
1.04655626640769e-06,-0.00460160131413635,-4.62703678690573e-07
1.04285036942987e-06,-0.00460159856125099,-4.62118967531849e-07
1.03914975756378e-06,-0.00460159584192804,-4.61516331283248e-07
1.03545377586442e-06,-0.00460159331444729,-4.60897455434275e-07
1.03176190597078e-06,-0.00460159093730007,-4.60263977991562e-07
1.02807412305227e-06,-0.0046015887501902,-4.59617310978211e-07
1.02439161598712e-06,-0.00460158680657221,-4.58957814496007e-07
1.02071669735895e-06,-0.00460158513869749,-4.58278537443411e-07
1.01704796215867e-06,-0.00460158368559727,-4.57572031678733e-07
1.01338398382827e-06,-0.00460158216829218,-4.56839770381768e-07
1.00972440965089e-06,-0.00460158060020008,-4.56087690286017e-07
1.00606945271745e-06,-0.00460157909318157,-4.55321272059679e-07
1.00241941393223e-06,-0.00460157770456088,-4.54543639903458e-07
9.98774553558155e-07,-0.00460157633326106,-4.53756044920078e-07
9.9513321879816e-07,-0.00460157486867201,-4.52961433450261e-07
9.9148940897237e-07,-0.00460157327365541,-4.5218653310123e-07
9.87843392307692e-07,-0.00460157168890381,-4.51483082112713e-07
9.84202063976254e-07,-0.00460157026710583,-4.50898294318586e-07
9.80576426471929e-07,-0.00460156907238614,-4.50439886481396e-07
9.76968315934085e-07,-0.00460156797270681,-4.50076259071824e-07
9.73371615819397e-07,-0.00460156685230712,-4.49771125601341e-07
9.69778245668613e-07,-0.00460156578824483,-4.49507927223042e-07
9.66184966172699e-07,-0.00460156489244254,-4.49290664122311e-07
9.62593915706865e-07,-0.00460156418590087,-4.49128870851553e-07
9.59010750247877e-07,-0.00460156344914925,-4.49006026932774e-07
9.55437448893588e-07,-0.00460156252164685,-4.48855382547602e-07
9.51864706614716e-07,-0.0046015614883846,-4.48699634975285e-07
9.48288357925287e-07,-0.00460156048024491,-4.48611824856768e-07
9.44713046539691e-07,-0.00460155953202223,-4.4865770927079e-07
9.41150223397324e-07,-0.00460155844266811,-4.48854512549501e-07
9.37603844503631e-07,-0.00460155705478365,-4.49170133232314e-07
9.34070469288506e-07,-0.00460155544032241,-4.49559876360406e-07
9.30544643861934e-07,-0.00460155372878033,-4.49989588540432e-07
9.27022689925286e-07,-0.00460155202605222,-4.50439711125749e-07
9.23503622745872e-07,-0.00460155039998652,-4.50899605717613e-07
9.19988159401963e-07,-0.00460154886259102,-4.5136128928537e-07
9.16477383528201e-07,-0.00460154732527034,-4.51816490117817e-07
9.12972024323706e-07,-0.00460154567705473,-4.52256613836811e-07
9.09472419232254e-07,-0.00460154383588618,-4.52673729385553e-07
9.05978739045534e-07,-0.00460154176773806,-4.53061217780825e-07
9.02491090685189e-07,-0.00460153949590821,-4.53413764207268e-07
8.99009421656587e-07,-0.00460153707435229,-4.53726998079475e-07
8.95533398257946e-07,-0.00460153460028795,-4.53997158012736e-07
8.92062451461722e-07,-0.00460153228003396,-4.54220951064251e-07
8.88596022523299e-07,-0.00460153026782573,-4.54395572436172e-07
8.85133860747464e-07,-0.0046015285536334,-4.54518774283269e-07
8.81676166019509e-07,-0.00460152684944437,-4.54588899988783e-07
8.7822346506257e-07,-0.00460152503421216,-4.54604860510434e-07
8.74776283287975e-07,-0.00460152309995925,-4.54566072146066e-07
8.71334808243485e-07,-0.00460152102486414,-4.54472383500482e-07
8.67899754187983e-07,-0.00460151872762229,-4.5429986375645e-07
8.64474897993181e-07,-0.00460151626133042,-4.5391635188445e-07
8.61063463569192e-07,-0.00460151400038244,-4.53124648056473e-07
8.57664124337998e-07,-0.00460151230359379,-4.51798731580739e-07
8.54269790449057e-07,-0.00460151132049424,-4.49950816945326e-07
8.50861280106684e-07,-0.00460151093666073,-4.47850997191591e-07
8.47434225325988e-07,-0.00460151090494934,-4.45795953391587e-07
8.43999146973275e-07,-0.00460151085669556,-4.43996353552515e-07
8.4057210487914e-07,-0.00460151049869283,-4.42582905547198e-07
8.37160978004163e-07,-0.0046015096974665,-4.41550571486436e-07
8.33767964512071e-07,-0.00460150850456047,-4.40763667198183e-07
8.30392281393691e-07,-0.00460150718287612,-4.40061027595563e-07
8.27021995137488e-07,-0.00460150597238492,-4.39327409472137e-07
8.23649205684801e-07,-0.00460150500358853,-4.38522425589123e-07
8.20272535145049e-07,-0.00460150431321286,-4.37653960758364e-07
8.16890188758496e-07,-0.00460150385708772,-4.36760081083215e-07
8.13498685330827e-07,-0.00460150342265345,-4.35913066628119e-07
8.10100854376149e-07,-0.00460150279055674,-4.35203400052087e-07
8.06706603776541e-07,-0.0046015017619423,-4.34703102906305e-07
8.03331823402692e-07,-0.00460150024112751,-4.34418556985756e-07
7.99977010294508e-07,-0.00460149818838985,-4.34296611131435e-07
7.96625558342118e-07,-0.00460149542306359,-4.34302619079361e-07
7.93261429254513e-07,-0.00460149170578285,-4.34472464381432e-07
7.89884019300962e-07,-0.00460148703347964,-4.34887314134193e-07
7.86504348720812e-07,-0.00460148199732338,-4.35618922145373e-07
7.83139723924976e-07,-0.0046014771935326,-4.36683494874612e-07
7.79804490487844e-07,-0.00460147292953365,-4.38019219359042e-07
7.76502822209243e-07,-0.0046014691238402,-4.39487251962816e-07
7.73212323826919e-07,-0.00460146547594305,-4.40955361939472e-07
7.69914644010834e-07,-0.00460146165532537,-4.42368506563246e-07
7.6660738624555e-07,-0.00460145729800199,-4.43719128890897e-07
7.63298622240815e-07,-0.00460145224582958,-4.44995141001011e-07
7.59989015049868e-07,-0.00460144671521942,-4.46180059304359e-07
7.56676537792871e-07,-0.00460144099044834,-4.47274073242202e-07
7.53355679905836e-07,-0.00460143526913181,-4.48305672776895e-07
7.50027650077738e-07,-0.00460142968128218,-4.49325520274868e-07
7.46700724634266e-07,-0.00460142441459337,-4.50376216799779e-07
7.43387519338006e-07,-0.00460141959178144,-4.51459807704816e-07
7.40095099495537e-07,-0.00460141515999114,-4.52443706295644e-07
7.3682950032147e-07,-0.0046014107394064,-4.52902863993911e-07
7.33573924224474e-07,-0.00460140612816667,-4.52769544636614e-07
7.3029994921632e-07,-0.00460140155597933,-4.52501359107905e-07
7.26998117174504e-07,-0.00460139731129093,-4.52548818620721e-07
7.23679926693545e-07,-0.00460139352397968,-4.5309121291473e-07
7.20369470544587e-07,-0.00460139005565023,-4.53890148046504e-07
7.17076781978126e-07,-0.00460138691617093,-4.54722126313127e-07
7.13800195033951e-07,-0.0046013841590961,-4.55446541186262e-07
7.10536862868768e-07,-0.00460138174092874,-4.55897661101134e-07
7.07293247927132e-07,-0.00460137944302688,-4.55630078449831e-07
7.04067993515101e-07,-0.0046013770615122,-4.54261183528186e-07
7.00852973053269e-07,-0.00460137448718952,-4.51541897268272e-07
6.97627334300521e-07,-0.00460137179579497,-4.47758141515434e-07
6.94373598769209e-07,-0.00460136903780415,-4.43597400972429e-07
6.91090406138596e-07,-0.00460136631488389,-4.39704414717752e-07
6.87790499525803e-07,-0.00460136370405494,-4.36441473084875e-07
6.84490568311093e-07,-0.00460136123937773,-4.33874979510734e-07
6.81204287944031e-07,-0.00460135893233424,-4.31811679045862e-07
6.77934661922816e-07,-0.0046013567902394,-4.30003268746666e-07
6.74672509592462e-07,-0.00460135481356738,-4.28351685869242e-07
6.71396800020309e-07,-0.00460135311750941,-4.27179555405578e-07
6.68101093527546e-07,-0.00460135181954263,-4.2679231570505e-07
6.64797244267695e-07,-0.00460135103032363,-4.27229302822718e-07
6.61506829436808e-07,-0.00460135075893711,-4.28189203282155e-07
6.58240732629533e-07,-0.00460135096528394,-4.2923688155165e-07
6.54995109705543e-07,-0.00460135157290941,-4.30065782179299e-07
6.51762912860874e-07,-0.00460135248156888,-4.3054122962092e-07
6.48546682031763e-07,-0.00460135354000666,-4.30613496697317e-07
6.45342306843602e-07,-0.00460135457944518,-4.30138416265704e-07
6.42140509738946e-07,-0.00460135526917491,-4.28662910455985e-07
6.3892227918153e-07,-0.00460135544178284,-4.26116652844406e-07
6.35673421127067e-07,-0.00460135518879506,-4.22974845301563e-07
6.32390376635591e-07,-0.00460135476634902,-4.20073343588175e-07
6.29090617681162e-07,-0.00460135443161055,-4.17989908545773e-07
6.25797998625056e-07,-0.00460135435131895,-4.16753206863199e-07
6.22534828098554e-07,-0.00460135445179748,-4.15818852445903e-07
6.19305607355744e-07,-0.0046013545017975,-4.14678826389167e-07
6.16092223208971e-07,-0.0046013542129455,-4.13195799755632e-07
6.12875191259981e-07,-0.00460135389749748,-4.11412451012794e-07
6.09640887516915e-07,-0.00460135400308343,-4.09446933302977e-07
6.06393569101649e-07,-0.00460135475274846,-4.07356241327679e-07
6.03151931158247e-07,-0.0046013559337714,-4.04955963951325e-07
5.99914946374268e-07,-0.00460135749597491,-4.02347706326791e-07
5.96677212847564e-07,-0.00460135942450482,-3.99704028235336e-07
5.9343646065308e-07,-0.00460136168191787,-3.97144446499976e-07
5.90194003160279e-07,-0.00460136423198983,-3.94727745741076e-07
5.86953145498908e-07,-0.00460136704487931,-3.92463627423345e-07
5.83716935770154e-07,-0.00460137009231119,-3.90332010666345e-07
5.80486642183315e-07,-0.0046013733427902,-3.88301742739798e-07
5.77261609791723e-07,-0.00460137668293986,-3.86344060914189e-07
5.74040252179487e-07,-0.00460137979786808,-3.84439387026236e-07
5.70821372255191e-07,-0.00460138271275352,-3.82578426756772e-07
5.67604995907839e-07,-0.00460138559641931,-3.8075976043031e-07
5.64392329633614e-07,-0.0046013885122965,-3.7898620745083e-07
5.61185009007981e-07,-0.00460139116016015,-3.7726161072482e-07
5.57984175119482e-07,-0.00460139330952082,-3.75588816021216e-07
5.54789937490681e-07,-0.00460139485597286,-3.73968896670871e-07
5.51601495537496e-07,-0.00460139578397011,-3.72401267719484e-07
5.48417787769707e-07,-0.00460139611201011,-3.70884231727892e-07
5.45238250080351e-07,-0.00460139591080957,-3.69415589130713e-07
5.42063236799943e-07,-0.00460139557740675,-3.67993105466365e-07
5.38893880694596e-07,-0.00460139547238554,-3.66614771591065e-07
5.35726801772515e-07,-0.00460139573644845,-3.65391565870787e-07
5.3255163294398e-07,-0.00460139624532224,-3.64715906731317e-07
5.29382054125416e-07,-0.00460139699092432,-3.64497448147125e-07
5.26229344888386e-07,-0.00460139800100705,-3.64489390971111e-07
5.23091435632868e-07,-0.00460139926460961,-3.6454517761785e-07
5.19950490066616e-07,-0.00460140067181918,-3.64835151229479e-07
5.16798375962687e-07,-0.00460140208654577,-3.65656194246892e-07
5.13656171478666e-07,-0.00460140354085991,-3.66858589616819e-07
5.10538100106223e-07,-0.00460140510862532,-3.681760237709e-07
5.07439294769427e-07,-0.00460140680003385,-3.69526998206605e-07
5.04340598779204e-07,-0.00460140848899514,-3.71211156197193e-07
5.01247134777522e-07,-0.00460141025494513,-3.73128125570625e-07
4.98166896498562e-07,-0.00460141218450232,-3.75044116915456e-07
4.95103675655385e-07,-0.00460141425431731,-3.76729112544266e-07
4.92052311530457e-07,-0.00460141637079771,-3.78132794736102e-07
4.89007144035814e-07,-0.00460141844395379,-3.79299654372095e-07
4.85965657954257e-07,-0.00460142039620559,-3.80299386039898e-07
4.82928247161573e-07,-0.00460142221073002,-3.81195865558551e-07
4.7989667212664e-07,-0.00460142399554115,-3.82032194113848e-07
4.76872523316272e-07,-0.00460142586714279,-3.82828584440369e-07
4.73856466251518e-07,-0.00460142790607894,-3.83587751571938e-07
4.70848344215723e-07,-0.00460143005275211,-3.84302803991624e-07
4.67847735643578e-07,-0.00460143213953708,-3.84964216443978e-07
4.64854458547842e-07,-0.00460143382802821,-3.85564302039038e-07
4.6186871417245e-07,-0.0046014350002001,-3.86099052340296e-07
4.58890871843811e-07,-0.00460143592617119,-3.86568039817437e-07
4.55921123983489e-07,-0.00460143689847291,-3.86973317532614e-07
4.52959280529111e-07,-0.00460143807560159,-3.87318105327541e-07
4.50004840334599e-07,-0.00460143944024388,-3.87605744963331e-07
4.47057280783972e-07,-0.00460144092087279,-3.87839101945402e-07
4.44116369946702e-07,-0.00460144239104431,-3.88020379308411e-07
4.41182301263231e-07,-0.00460144371500821,-3.88151205593808e-07
4.38255567920184e-07,-0.0046014448330442,-3.88232844780577e-07
4.35336655261913e-07,-0.00460144588833605,-3.88266411534581e-07
4.32425736099617e-07,-0.00460144706979583,-3.88253027489744e-07
4.29522548088297e-07,-0.00460144851378232,-3.88193899902108e-07
4.26626521013365e-07,-0.00460145026153171,-3.88090335109125e-07
4.23737075851964e-07,-0.00460145228020849,-3.87943712670108e-07
4.20853920824654e-07,-0.00460145445720739,-3.87755446361895e-07
4.17977175738088e-07,-0.00460145651404311,-3.87526950489846e-07
4.15107258695787e-07,-0.00460145822738683,-3.87259619625834e-07
4.12244605681623e-07,-0.00460145951040436,-3.86954822246166e-07
4.09389386715836e-07,-0.00460146048197789,-3.86613903118493e-07
4.06539736458514e-07,-0.00460146132708174,-3.86240141466297e-07
4.03691422702399e-07,-0.00460146228175245,-3.85854507100562e-07
4.00849794208667e-07,-0.00460146352748694,-3.85478037772801e-07
3.98020116966332e-07,-0.00460146514083692,-3.85102174954711e-07
3.95200379989074e-07,-0.0046014670913176,-3.84706766033281e-07
3.92387127660926e-07,-0.00460146929358429,-3.8428176197172e-07
3.89578593283558e-07,-0.00460147166691185,-3.83827464016344e-07
3.86774854777998e-07,-0.00460147416617216,-3.83348351375054e-07
3.83976770136098e-07,-0.00460147671285121,-3.82848092973484e-07
3.81184909673283e-07,-0.00460147924997642,-3.82327927348501e-07
3.78399183339823e-07,-0.00460148181841074,-3.81787411327006e-07
3.75619132972756e-07,-0.00460148448041928,-3.81225752025285e-07
3.72844432392031e-07,-0.00460148726385442,-3.80642623828863e-07
3.70075153506294e-07,-0.00460149004687199,-3.80038295053869e-07
3.67311649604815e-07,-0.00460149257596054,-3.79413383488721e-07
3.64554210780673e-07,-0.00460149494611528,-3.78768588635619e-07
3.61802773355737e-07,-0.00460149735138202,-3.78104562589231e-07
3.59056885617814e-07,-0.0046014999000725,-3.77421908255692e-07
3.56315937145535e-07,-0.00460150249251479,-3.76721227797644e-07
3.53579488625095e-07,-0.00460150503434699,-3.76003160465227e-07
3.50847489206538e-07,-0.00460150761318918,-3.752683916959e-07
3.48120252375593e-07,-0.00460151032422336,-3.74517643635586e-07
3.45398214428215e-07,-0.00460151317219531,-3.73751662385473e-07
3.42681626873256e-07,-0.00460151598832106,-3.72971210213912e-07
3.3997036528819e-07,-0.00460151862649416,-3.72177062146446e-07
3.37263961294139e-07,-0.00460152096194243,-3.71370003478973e-07
3.34561831113125e-07,-0.0046015229771917,-3.70550825398086e-07
3.31863563238749e-07,-0.00460152490586432,-3.69720319216975e-07
3.29170084945156e-07,-0.00460152700042328,-3.68878099841663e-07
3.26485867028268e-07,-0.0046015294144307,-3.68010808245468e-07
3.23814582667542e-07,-0.00460153216674499,-3.67080969812268e-07
3.21154149171911e-07,-0.0046015351875007,-3.66039976334617e-07
3.18497707086832e-07,-0.00460153838133656,-3.64850668133308e-07
3.15834897249406e-07,-0.00460154161951996,-3.6351464556634e-07
3.13164100072916e-07,-0.0046015446165338,-3.62069104605232e-07
3.10489926233899e-07,-0.00460154716038178,-3.60554306415481e-07
3.07816952723579e-07,-0.00460154917438694,-3.59002680255641e-07
3.05150550582392e-07,-0.00460155067536138,-3.57432833271416e-07
3.02492514286866e-07,-0.00460155172637169,-3.55848212915281e-07
2.9984341534062e-07,-0.00460155241902756,-3.54199844645712e-07
2.97207701717334e-07,-0.00460155294595496,-3.52272918058226e-07
2.94584606026997e-07,-0.00460155346529787,-3.4989470782239e-07
2.91967211693617e-07,-0.00460155403293979,-3.47047728703897e-07
2.89343496821901e-07,-0.00460155456829516,-3.43966353603703e-07
2.86708295055553e-07,-0.00460155500956228,-3.40916944741819e-07
2.84061739375319e-07,-0.00460155543732161,-3.38157883440204e-07
2.81409733360044e-07,-0.0046015559577458,-3.35836074972429e-07
2.78760707804204e-07,-0.00460155659709981,-3.33955927549715e-07
2.76123133269948e-07,-0.00460155717747743,-3.32362946761544e-07
2.73498911203125e-07,-0.00460155756786172,-3.30892142677846e-07
2.70883818697285e-07,-0.00460155776156696,-3.29450211212965e-07
2.68270339424659e-07,-0.00460155787879362,-3.28061490517199e-07
2.65654135513556e-07,-0.00460155800695483,-3.26784259381083e-07
2.63035702679488e-07,-0.00460155817330691,-3.25650921450764e-07
2.604196161932e-07,-0.0046015583587945,-3.24616313147541e-07
2.57808975989106e-07,-0.00460155859435305,-3.2362680063097e-07
2.5520425132442e-07,-0.0046015590705062,-3.22648894710543e-07
2.5260418480997e-07,-0.00460155995512715,-3.21669764644236e-07
2.50006951181136e-07,-0.00460156134281137,-3.20691475260989e-07
2.47411034459144e-07,-0.00460156325666636,-3.19723556661898e-07
2.44815658039317e-07,-0.004601565605007,-3.18776839908371e-07
2.4222082231711e-07,-0.00460156812481007,-3.17859752911686e-07
2.39627077999512e-07,-0.00460157058648083,-3.16977000633928e-07
2.37035168707286e-07,-0.00460157281098688,-3.16129900247029e-07
2.34445671492895e-07,-0.00460157464050506,-3.15317504269039e-07
2.31858754433455e-07,-0.00460157628651729,-3.14537822150395e-07
2.29280091529867e-07,-0.00460157806432747,-3.13735764876898e-07
2.26726812735458e-07,-0.00460158028940227,-3.12642993628408e-07
2.24189178717011e-07,-0.00460158313771236,-3.11008894069789e-07
2.21639079236052e-07,-0.00460158652720854,-3.08789242164647e-07
2.19062835241077e-07,-0.00460159001807126,-3.06186711592076e-07
2.16468765850992e-07,-0.00460159314987141,-3.03461622929779e-07
2.13876257758557e-07,-0.00460159551049681,-3.00854830692153e-07
2.11292623077891e-07,-0.00460159694169894,-2.98480465158256e-07
2.08716268006115e-07,-0.00460159746182747,-2.9635752244739e-07
2.0614700992568e-07,-0.0046015972152608,-2.94453291337801e-07
2.03594978029654e-07,-0.00460159652881049,-2.92671549708366e-07
2.01062071004939e-07,-0.00460159573644607,-2.90864711895215e-07
1.98543133800928e-07,-0.00460159519432373,-2.8887836531478e-07
1.96016801129053e-07,-0.0046015951093022,-2.86616065466561e-07
1.9346288501403e-07,-0.00460159545300417,-2.84098192253835e-07
1.90880287526791e-07,-0.00460159580735902,-2.81430250099275e-07
1.88283437329105e-07,-0.00460159574931914,-2.78726047305337e-07
1.85689013000945e-07,-0.00460159500601632,-2.76060106133528e-07
1.83108271061269e-07,-0.00460159352202571,-2.73456028826569e-07
1.80541243507346e-07,-0.00460159137779409,-2.70905106652081e-07
1.77977669909141e-07,-0.0046015886480393,-2.68401416841242e-07
1.753986395494e-07,-0.00460158524689863,-2.65997700292274e-07
1.72803945717926e-07,-0.00460158136535815,-2.63756439643906e-07
1.70214540314054e-07,-0.00460157758992957,-2.61558825670302e-07
1.67650412277394e-07,-0.00460157441171157,-2.59256550468566e-07
1.65113915275297e-07,-0.00460157191073699,-2.56782481188191e-07
1.62586761048397e-07,-0.00460156945995571,-2.54295664361464e-07
1.60053392026879e-07,-0.00460156666575031,-2.51982020626471e-07
1.57510013712465e-07,-0.00460156367276755,-2.49963812308566e-07
1.54966936702879e-07,-0.00460156076145452,-2.48282112782524e-07
1.52446553979158e-07,-0.00460155812696487,-2.4685818492167e-07
1.49946680210275e-07,-0.00460155571822735,-2.45537303518815e-07
1.47444442008099e-07,-0.00460155361472925,-2.44213488488158e-07
1.44916488503202e-07,-0.00460155189563694,-2.42903339250196e-07
1.42365126890804e-07,-0.00460155058559563,-2.41708933968329e-07
1.39814656621568e-07,-0.00460154967454079,-2.40715604393713e-07
1.37294732991028e-07,-0.00460154911349464,-2.39910216794357e-07
1.34808975561274e-07,-0.00460154872184614,-2.39199848484532e-07
1.32337772562377e-07,-0.00460154835724819,-2.38513151962252e-07
1.29864821332384e-07,-0.00460154787040597,-2.37841299684807e-07
1.27385728948312e-07,-0.00460154703819128,-2.37207861812894e-07
1.24907939871646e-07,-0.00460154572049305,-2.36631525753641e-07
1.22445248724476e-07,-0.00460154383666898,-2.36080371298875e-07
1.19991372462036e-07,-0.00460154120120181,-2.35507981109583e-07
1.17539223780916e-07,-0.00460153824178281,-2.34908564294566e-07
1.15088003143566e-07,-0.00460153545539535,-2.34300709712328e-07
1.12643031983302e-07,-0.0046015331244446,-2.33656215520424e-07
1.10214838626518e-07,-0.00460153126440998,-2.32768932241021e-07
1.07806028053331e-07,-0.00460152976017837,-2.314623809974e-07
1.05413742248513e-07,-0.00460152844467323,-2.29613593446875e-07
1.03034884417651e-07,-0.00460152701984864,-2.27087447297621e-07
1.00652485214494e-07,-0.00460152506964095,-2.24162009268444e-07
9.82497576756414e-08,-0.00460152268572825,-2.21431947284509e-07
9.58283736779182e-08,-0.00460152011754872,-2.19352574491379e-07
9.34038790346112e-08,-0.00460151748376171,-2.1807678926248e-07
9.09970569837907e-08,-0.00460151453000945,-2.17387263259983e-07
8.86166171428511e-08,-0.00460151103816606,-2.16990225117749e-07
8.62610046385585e-08,-0.00460150703515189,-2.16614001700996e-07
8.39281518546576e-08,-0.00460150309032746,-2.15919784301585e-07
8.16111500519822e-08,-0.0046014997678513,-2.14695807398723e-07
7.93001072496805e-08,-0.00460149737946037,-2.12940213889017e-07
7.69814513882684e-08,-0.00460149588000462,-2.10974681783684e-07
7.464660071446e-08,-0.00460149498829977,-2.09297469231933e-07
7.22958872035007e-08,-0.00460149441827652,-2.08269013668893e-07
6.99324765684534e-08,-0.00460149393202614,-2.08037498896216e-07
6.75888051336203e-08,-0.00460149319697055,-2.08398299342792e-07
6.52852775292355e-08,-0.00460149208187354,-2.08949879350653e-07
6.30159512906365e-08,-0.00460149060141882,-2.09363674680739e-07
6.07553427978839e-08,-0.0046014887852481,-2.09519986537558e-07
5.84806565532652e-08,-0.00460148657122484,-2.09617497670792e-07
5.61952518034775e-08,-0.00460148419939295,-2.1006593409635e-07
5.39114232002376e-08,-0.00460148193296571,-2.11129002997338e-07
5.1637190915423e-08,-0.00460147993119362,-2.12787752202933e-07
4.93720931185562e-08,-0.00460147819403579,-2.1479158054637e-07
4.71295487866704e-08,-0.00460147655651133,-2.16903247758022e-07
4.49103217043153e-08,-0.00460147463096125,-2.19034883017827e-07
4.26970574374796e-08,-0.00460147240044149,-2.21472237086111e-07
4.04792602944908e-08,-0.00460147005669521,-2.24389885921324e-07
3.8261002642069e-08,-0.00460146775420856,-2.27746812389457e-07
3.60603142841899e-08,-0.00460146540638496,-2.31133413832068e-07
3.38799881608412e-08,-0.00460146274525922,-2.3431032975123e-07
3.17139194599325e-08,-0.00460145963382241,-2.37205998074711e-07
2.95538750541785e-08,-0.00460145638541482,-2.39860771936914e-07
2.73948874655293e-08,-0.0046014533584611,-2.42351653703476e-07
2.52354326504115e-08,-0.00460145077698857,-2.44771784226152e-07
2.30745979444133e-08,-0.00460144869678821,-2.47273606124294e-07
2.09151847328436e-08,-0.00460144709833221,-2.49963315363746e-07
1.87625349866722e-08,-0.00460144585265244,-2.52849875337804e-07
1.66230582877841e-08,-0.00460144455519426,-2.55805197157562e-07
1.44978405863021e-08,-0.00460144289312414,-2.58694159785736e-07
1.23835876266032e-08,-0.0046014407309078,-2.61430233913382e-07
1.02760514768029e-08,-0.00460143805256643,-2.63977946759333e-07
8.17284407750931e-09,-0.00460143482769984,-2.66331484185627e-07
6.0742915955661e-09,-0.00460143107322385,-2.68484732627197e-07
3.98048561636049e-09,-0.00460142690448853,-2.70470678277591e-07
1.89192493204498e-09,-0.00460142243942468,-2.72328760493751e-07
-1.90870271543709e-10,-0.00460141774202479,-2.74086561016172e-07
-2.26786152351581e-09,-0.00460141291071845,-2.75757957017881e-07
-4.33944666645373e-09,-0.00460140830390152,-2.77346145820119e-07
-6.4060630222059e-09,-0.00460140422239959,-2.78848377757527e-07
-8.46713640182594e-09,-0.00460140071285333,-2.8024412642442e-07
-1.05160404042218e-08,-0.00460139742297016,-2.8136111984359e-07
-1.25383361454595e-08,-0.00460139414099477,-2.81704513092534e-07
-1.45329506667551e-08,-0.00460139079464604,-2.80885145816377e-07
-1.65141936812597e-08,-0.00460138732121016,-2.7884652158048e-07
-1.85111309321046e-08,-0.00460138358510403,-2.76144559012117e-07
-2.05337042538183e-08,-0.00460137977641456,-2.73333329883176e-07
-2.25707704383129e-08,-0.00460137617662418,-2.70659104600385e-07
-2.46040199617367e-08,-0.00460137295134723,-2.68091567822831e-07
-2.66149317050586e-08,-0.00460137002706227,-2.65289675990474e-07
-2.86037212354882e-08,-0.00460136720498472,-2.62053940035189e-07
-3.05737288431333e-08,-0.00460136438334651,-2.58163118263832e-07
-3.25342812033891e-08,-0.00460136154892273,-2.53543838805e-07
-3.44972251390244e-08,-0.00460135871529232,-2.48318754096444e-07
-3.64778975800663e-08,-0.00460135592884305,-2.42940418556342e-07
-3.84776189586556e-08,-0.00460135337764972,-2.37805076671078e-07
-4.04867222191415e-08,-0.00460135121415666,-2.33116405744519e-07
-4.2493554676404e-08,-0.0046013494589795,-2.28913078073512e-07
-4.4490381100014e-08,-0.00460134792354075,-2.25131397783428e-07
-4.64750692640128e-08,-0.00460134641387805,-2.2166846921202e-07
-4.84497184636925e-08,-0.00460134484212913,-2.18427373564591e-07
-5.04181260124714e-08,-0.00460134332977311,-2.15339705337116e-07
-5.2383605581997e-08,-0.00460134203159344,-2.12369540300767e-07
-5.43445094417584e-08,-0.00460134103732863,-2.09425879978623e-07
-5.628953425813e-08,-0.00460134026746181,-2.0615090386515e-07
-5.82161432241185e-08,-0.00460133960509346,-2.02255112805483e-07
-6.01335634424743e-08,-0.00460133891295801,-1.97703212803068e-07
-6.20597167066946e-08,-0.00460133798549453,-1.92844005050263e-07
-6.39972583969433e-08,-0.00460133673446824,-1.87924963370863e-07
-6.59418885101365e-08,-0.00460133524031508,-1.83096507547361e-07
-6.78915424116628e-08,-0.004601333825965,-1.78537820783754e-07
-6.98426012224057e-08,-0.00460133279086274,-1.7434956876879e-07
-7.17910556881939e-08,-0.00460133225901404,-1.70540770672874e-07
-7.37343214330182e-08,-0.00460133210454901,-1.67066134708277e-07
-7.56716809133122e-08,-0.00460133227673892,-1.63861806885683e-07
-7.76038266570998e-08,-0.00460133275923508,-1.60869933336382e-07
-7.95321017651528e-08,-0.00460133349656279,-1.58050165441862e-07
-8.1457840631011e-08,-0.00460133423236585,-1.55380884041937e-07
-8.3381965716632e-08,-0.00460133457046089,-1.52854589661469e-07
-8.53048389928994e-08,-0.00460133442415757,-1.50471509427494e-07
-8.72263131774827e-08,-0.00460133393342137,-1.48234088910192e-07
-8.91459246350455e-08,-0.00460133328947733,-1.46143535043499e-07
-9.10631597255065e-08,-0.00460133268898268,-1.44198438312176e-07
-9.29777064758459e-08,-0.00460133240728381,-1.42394888864811e-07
-9.48895983358639e-08,-0.0046013326379153,-1.40727343624934e-07
-9.67972201050133e-08,-0.00460133345084222,-1.39187290172238e-07
-9.86946461603838e-08,-0.00460133481307013,-1.37742782897723e-07
-1.00582153481571e-07,-0.00460133664024932,-1.36337837538143e-07
-1.02466634157324e-07,-0.0046013388455788,-1.34921886459053e-07
-1.04359181385357e-07,-0.00460134137197146,-1.33484411460856e-07
-1.06262833135435e-07,-0.00460134418867437,-1.320556275632e-07
-1.08175438291455e-07,-0.00460134726639617,-1.30682883389367e-07
-1.10090752614612e-07,-0.00460135057622677,-1.29412002926864e-07
-1.12002170852962e-07,-0.00460135410042988,-1.28272024971773e-07
-1.13904334793723e-07,-0.00460135785330315,-1.27265533874291e-07
-1.15798015712461e-07,-0.00460136181267594,-1.26375636461199e-07
-1.17688088325983e-07,-0.00460136581885118,-1.25586306148754e-07
-1.19580312803842e-07,-0.0046013698996035,-1.24898245037132e-07
-1.21476021928278e-07,-0.00460137413790028,-1.24327772506728e-07
-1.23372439277774e-07,-0.00460137859884128,-1.23892047520353e-07
-1.25264861461245e-07,-0.00460138332341729,-1.23593859806195e-07
-1.27152082724034e-07,-0.00460138832165137,-1.23420783363481e-07
-1.29036007898788e-07,-0.00460139355873199,-1.2335728846843e-07
-1.30919066350658e-07,-0.00460139897534809,-1.23392168988913e-07
-1.32802417114093e-07,-0.00460140451351604,-1.23519327138239e-07
-1.34685710238715e-07,-0.00460141012854642,-1.23735275304931e-07
-1.36567943228153e-07,-0.0046014157411138,-1.24036673130052e-07
-1.38448468444079e-07,-0.00460142111442369,-1.2441929584749e-07
-1.40327438822851e-07,-0.00460142605854271,-1.24878194754553e-07
-1.4220548127154e-07,-0.0046014305481988,-1.25408159157247e-07
-1.4408306247914e-07,-0.00460143484420223,-1.26004098029499e-07
-1.45960060316338e-07,-0.00460143919284913,-1.26661246819225e-07
-1.4783374441485e-07,-0.00460144372110749,-1.27372794641011e-07
-1.49696625004027e-07,-0.00460144844908305,-1.28108542300935e-07
-1.51547691451834e-07,-0.00460145333005192,-1.28813810060781e-07
-1.53392353997513e-07,-0.00460145824433552,-1.29437604683766e-07
-1.55239803419244e-07,-0.00460146293000803,-1.29957913561897e-07
-1.57095951458651e-07,-0.00460146723762689,-1.30391516322422e-07
-1.58958364074517e-07,-0.00460147112949802,-1.30773956534554e-07
-1.60820529730569e-07,-0.00460147462276217,-1.31133725568544e-07
-1.62676976857151e-07,-0.00460147777260123,-1.31484322060096e-07
-1.64525405344702e-07,-0.00460148065490316,-1.31829111233278e-07
-1.66363132654402e-07,-0.00460148335370338,-1.32096439523586e-07
-1.68182342638666e-07,-0.00460148601878693,-1.31987399001413e-07
-1.69986239308499e-07,-0.0046014887819077,-1.31347040214595e-07
-1.71784199284081e-07,-0.00460149167659689,-1.30208362206509e-07
-1.7358870847219e-07,-0.00460149460847135,-1.28845441606023e-07
-1.75402910611583e-07,-0.00460149749977328,-1.27522572712697e-07
-1.77221732354588e-07,-0.00460150030166163,-1.26395381592314e-07
-1.79037552417407e-07,-0.00460150293344041,-1.25516171616766e-07
-1.80844450196534e-07,-0.00460150536331904,-1.24866605456455e-07
-1.82639911421895e-07,-0.00460150761702568,-1.24395421928607e-07
-1.84424428743726e-07,-0.00460150979912498,-1.24047933193737e-07
-1.86200070683144e-07,-0.00460151205908638,-1.23782656512424e-07
-1.87967030161861e-07,-0.00460151456062801,-1.23573982786229e-07
-1.89720179723228e-07,-0.00460151734803467,-1.23388328385723e-07
-1.91459542340425e-07,-0.00460152038740638,-1.23177203926682e-07
-1.93191140801403e-07,-0.00460152369741058,-1.22900611428094e-07
-1.94925151108803e-07,-0.00460152736010777,-1.22557514764506e-07
-1.96663076752463e-07,-0.00460153142836305,-1.2218340458208e-07
-1.9839948939379e-07,-0.00460153585659552,-1.21815873797944e-07
-2.00128348281004e-07,-0.00460154050273407,-1.21476232081846e-07
-2.01846742850888e-07,-0.00460154505369085,-1.21170011692933e-07
-2.03555057231779e-07,-0.00460154917699224,-1.20895607105448e-07
-2.05255071654658e-07,-0.00460155280336156,-1.20651696030567e-07
-2.06948070574795e-07,-0.00460155598607709,-1.20440024570384e-07
-2.08634141766832e-07,-0.00460155876591804,-1.20264653560563e-07
-2.10312629609946e-07,-0.0046015611121167,-1.20130103109566e-07
-2.11982988739764e-07,-0.00460156327719842,-1.20040047919766e-07
-2.13645294346447e-07,-0.00460156553801599,-1.19996961114745e-07
-2.15301140218594e-07,-0.00460156805007238,-1.20026500051237e-07
-2.16953512256329e-07,-0.0046015707909783,-1.20213975777502e-07
-2.18598576197774e-07,-0.00460157356328811,-1.20516698241376e-07
-2.20230884331729e-07,-0.00460157613554551,-1.20797890973507e-07
-2.21852158134003e-07,-0.00460157829400009,-1.21034764171511e-07
-2.23465344500752e-07,-0.00460157983871703,-1.21255795050353e-07
-2.25074215846909e-07,-0.00460158071745716,-1.21543325108069e-07
