-56.7546383334,1.731491545,-0.0464
-56.7379722988296,1.73149154500106,-0.0464007465757646
-56.7213092656247,1.73149154500786,-0.0464016293582172
-56.7046508180466,1.73149154502307,-0.0464015903364955
-56.6879977031107,1.73149154504337,-0.0464006441029694
-56.6713502399394,1.73149154506455,-0.0463994250282654
-56.654708542957,1.7314915450838,-0.0463987281453137
-56.6380726366581,1.73149154509981,-0.0463992021826674
-56.6214425100866,1.73149154511229,-0.0464012314104389
-56.6048181410633,1.73149154512163,-0.0464049591033265
-56.5881995065913,1.73149154512919,-0.046410376852657
-56.5715865877647,1.73149154513708,-0.0464174173006331
-56.5549793722345,1.73149154514577,-0.0464260176309398
-56.5383778548631,1.73149154515475,-0.0464361485512978
-56.5217820373934,1.73149154516342,-0.0464478174145168
-56.5051919274178,1.73149154517151,-0.0464610580411179
-56.4886075371512,1.73149154517879,-0.0464759171966687
-56.4720288816621,1.73149154518474,-0.0464924433491792
-56.4554559772378,1.73149154518888,-0.0465106797157723
-56.4388888399796,1.73149154519127,-0.0465306613650548
-56.4223274849943,1.73149154519239,-0.0465524151730215
-56.4057719257139,1.73149154519211,-0.0465759613845503
-56.3892221737976,1.73149154518883,-0.0466013157006197
-56.3726782397454,1.73149154518308,-0.0466284906607295
-56.356140133676,1.7314915451765,-0.0466574969313544
-56.3396078662773,1.73149154517096,-0.0466883438776969
-56.3230814497278,1.73149154516774,-0.0467210395816331
-56.3065608984113,1.73149154516696,-0.0467555906185746
-56.2900462294953,1.73149154516787,-0.0467920017773971
-56.2735374630093,1.73149154516899,-0.0468302758430006
-56.257034621718,1.73149154516732,-0.0468704134989355
-56.2405377307578,1.73149154516069,-0.0469124134696659
-56.2240468172705,1.73149154514939,-0.0469562727313086
-56.2075619098721,1.73149154513886,-0.0470019868050058
-56.1910830386365,1.73149154513542,-0.0470495495149853
-56.1746102351159,1.73149154514084,-0.0470989530454259
-56.1581435327536,1.73149154515393,-0.0471501881924495
-56.1416829677127,1.73149154517088,-0.0472032445374155
-56.1252285800811,1.73149154518803,-0.0472581104323613
-56.1087804152582,1.73149154520264,-0.0473147730354637
-56.0923385256066,1.73149154521287,-0.0473732183631905
-56.0759029721371,1.7314915452202,-0.0474334312528129
-56.0594738262305,1.73149154522778,-0.0474953954773653
-56.0430511713766,1.73149154523813,-0.0475590938863496
-56.0266351050235,1.73149154525165,-0.047624508496073
-56.0102257400907,1.7314915452646,-0.0476916205748265
-55.9938232061913,1.73149154527476,-0.0477604104532727
-55.9774276490678,1.7314915452809,-0.0478308575931293
-55.9610392258615,1.73149154528249,-0.0479029406614645
-55.944658086969,1.73149154527983,-0.0479766375317371
-55.9282843113111,1.73149154527383,-0.0480519255258859
-55.9119176840305,1.73149154526621,-0.0481287816198138
-55.8955572003434,1.73149154525976,-0.0482071826333022
-55.8792009846236,1.73149154525425,-0.0482871046532566
-55.8628472386844,1.7314915452482,-0.0483685222518027
-55.846494986613,1.73149154524031,-0.0484514071899731
-55.8301441345475,1.73149154522985,-0.0485357275040303
-55.8137951536477,1.73149154521665,-0.0486214477484381
-55.7974486525796,1.73149154520088,-0.0487085304098606
-55.7811050800636,1.73149154518261,-0.0487969379056341
-55.7647646366863,1.7314915451617,-0.0488866343455904
-55.7484273366466,1.73149154513951,-0.0489775862455271
-55.7320931256743,1.73149154511753,-0.049069762605169
-55.7157619795956,1.73149154509661,-0.0491631344150343
-55.6994339492233,1.73149154507678,-0.0492576739793644
-55.6831091569745,1.73149154505761,-0.0493533539152235
-55.6667877698176,1.73149154503821,-0.0494501469606541
-55.6504699729826,1.73149154501771,-0.049548026088268
-55.634155956731,1.73149154499564,-0.0496469647616397
-55.6178459156177,1.73149154497387,-0.0497469369844994
-55.6015400501247,1.73149154495414,-0.04984791745967
-55.5852385480693,1.7314915449366,-0.0499498816874288
-55.5689414810811,1.73149154491895,-0.0500528060578165
-55.5526484066709,1.73149154489976,-0.0501566678493963
-55.5363577691691,1.73149154487761,-0.0502614452930301
-55.5200674613587,1.73149154485065,-0.0503671163378322
-55.5037760308847,1.73149154481821,-0.0504736564511507
-55.4874830710504,1.73149154478033,-0.0505810370499013
-55.4711890117446,1.73149154473627,-0.0506892255317755
-55.454894623934,1.73149154468558,-0.0507981870519414
-55.4386005687773,1.73149154462885,-0.050907887167235
-55.422307203722,1.73149154456863,-0.0510182942181919
-55.4060146061765,1.7314915445087,-0.0511293802972576
-55.3897227066192,1.7314915444511,-0.0512411212439305
-55.3734314366736,1.73149154439575,-0.0513534958068696
-55.3571408266698,1.73149154434052,-0.0514664845317647
-55.3408510309826,1.73149154428521,-0.0515800687267591
-55.3245622975683,1.73149154423024,-0.0516942300750697
-55.3082749143473,1.73149154417648,-0.0518089507143426
-55.2919891589265,1.73149154412561,-0.0519242135459933
-55.2757052631199,1.73149154407792,-0.0520400020002686
-55.2594233905703,1.73149154403265,-0.052156300582013
-55.2431436221404,1.73149154398905,-0.0522730950885128
-55.2268659442178,1.7314915439475,-0.0523903725015805
-55.2105902390605,1.7314915439049,-0.0525081202804247
-55.1943162800199,1.73149154385874,-0.0526263260128282
-55.1780437376643,1.73149154380842,-0.0527449770746259
-55.1617722019001,1.73149154375543,-0.0528640603165273
-55.1455012188626,1.73149154370408,-0.0529835618187163
-55.1292303334842,1.73149154365493,-0.0531034664702552
-55.1129591257766,1.73149154360739,-0.0532237579781845
-55.0966872336215,1.73149154356109,-0.0533444189728599
-55.08041436157,1.73149154351585,-0.0534654311919914
-55.0641402791218,1.73149154347175,-0.0535867757600488
-55.0478648121696,1.73149154342916,-0.0537084335090349
-55.031587829791,1.73149154338857,-0.0538303852923126
-55.0153092273407,1.73149154335054,-0.0539526122545569
-54.9990289067088,1.73149154331551,-0.0540750960341841
-54.9827467554667,1.73149154328383,-0.0541978188862569
-54.9664626277007,1.73149154325572,-0.054320763722896
-54.9501763298688,1.73149154323132,-0.0544439140757074
-54.9338876145402,1.73149154321073,-0.0545672539920714
-54.9175961833744,1.73149154319404,-0.0546907678847114
-54.901301698651,1.73149154318131,-0.054814440360664
-54.8850038008078,1.73149154317259,-0.0549382560595218
-54.8687021284432,1.73149154316794,-0.0550621995296872
-54.852396337277,1.73149154316737,-0.0551862551647717
-54.8360861153886,1.73149154317092,-0.0553104072113827
-54.8197711934432,1.73149154317857,-0.0554346398469425
-54.803451350932,1.73149154319032,-0.055558937315232
-54.7871264205759,1.73149154320613,-0.0556832841006383
-54.7707962909265,1.73149154322595,-0.0558076651199466
-54.754460906633,1.73149154324974,-0.0559320659127649
-54.7381202664245,1.73149154327744,-0.0560564728163722
-54.721774419666,1.73149154330897,-0.0561808731157107
-54.705423462734,1.73149154334428,-0.0563052551634519
-54.6890675362963,1.73149154338327,-0.0564296084685606
-54.6727068240425,1.73149154342589,-0.0565539237548307
-54.6563415527519,1.73149154347203,-0.0566781929934373
-54.6399719930218,1.73149154352162,-0.0568024094152935
-54.6235984596398,1.73149154357458,-0.056926567509433
-54.6072213106287,1.7314915436308,-0.0570506630125586
-54.5908409441277,1.73149154369021,-0.0571746928922259
-54.5744577882289,1.73149154375271,-0.0572986553189044
-54.5580722787566,1.7314915438182,-0.0574225496140551
-54.5416848367797,1.7314915438866,-0.0575463761672794
-54.5252958590598,1.73149154395782,-0.0576701363196884
-54.5089057240303,1.73149154403177,-0.0577938322135859
-54.492514809079,1.73149154410836,-0.0579174666197444
-54.4761235114144,1.73149154418752,-0.0580410427658206
-54.4597322632838,1.73149154426916,-0.0581645641934385
-54.4433415329166,1.73149154435321,-0.0582880346628151
-54.4269518071252,1.73149154443958,-0.0584114581049921
-54.4105635601021,1.7314915445282,-0.0585348386004198
-54.3941772204627,1.73149154461901,-0.0586581803479871
-54.3777931476799,1.73149154471194,-0.0587814875865458
-54.3614116210174,1.73149154480691,-0.0589047644434766
-54.345032841153,1.73149154490387,-0.0590280147132913
-54.3286569415268,1.73149154500276,-0.0591512415942961
-54.3122840046346,1.73149154510353,-0.0592744474239547
-54.2959140797669,1.73149154520612,-0.0593976334538146
-54.2795472005408,1.73149154531049,-0.0595207996943949
-54.2631834014297,1.73149154585784,-0.0596439386959237
-54.24682273264,1.73149154797546,-0.0597670434528922
-54.230465271819,1.73149155101235,-0.0598901137178194
-54.2141111308623,1.73149155299602,-0.0600131479338622
-54.1977604564697,1.73149155131785,-0.0601361423987795
-54.1814134239164,1.73149154309326,-0.0602590912802522
-54.1650702250564,1.7314915253489,-0.0603819871094566
-54.1487310526781,1.73149149511841,-0.0605048214064261
-54.1323960837526,1.73149144949032,-0.060627585203159
-54.1160654638442,1.73149138563104,-0.0607502693573152
-54.0997392943152,1.73149130079519,-0.0608728646489304
-54.083417623354,1.73149119232926,-0.0609953617103954
-54.0671004414765,1.7314910576722,-0.0611177508598671
-54.0507876819389,1.73149089435407,-0.0612400219027577
-54.03447922625,1.73149069999392,-0.0613621639484928
-54.0181749144734,1.73149047229708,-0.0614841652705806
-54.0018745592653,1.73149020905219,-0.0616060132227791
-53.9855779617973,1.7314899081282,-0.0617276942142941
-53.9692849272337,1.73148956747136,-0.0618491937413775
-53.9529952774933,1.73148918510234,-0.0619704964693866
-53.9367088596028,1.7314887591136,-0.0620915863565742
-53.9204255487733,1.73148828766701,-0.0622124468079547
-53.9041452461452,1.73148776899173,-0.062333060844673
-53.8878678717892,1.73148720138236,-0.0624534112722283
-53.8715933540207,1.73148658319732,-0.0625734808318263
-53.8553216164131,1.7314859128573,-0.062693252320722
-53.8390525640928,1.73148518884389,-0.0628127086714473
-53.8227860709733,1.73148440969815,-0.062931832985247
-53.8065219695284,1.73148357401926,-0.0630506085208656
-53.790260044497,1.73148268046298,-0.0631690186453117
-53.7740000315137,1.73148172774026,-0.0632870467577919
-53.757741621026,1.73148071461567,-0.0634046762011592
-53.7414844670443,1.73147963990595,-0.0635218901766591
-53.725228199459,1.73147850247849,-0.0636386716772986
-53.7089724381154,1.73147730124987,-0.0637550034528057
-53.6927168067391,1.73147603518446,-0.0638708680150406
-53.6764609450923,1.73147470329302,-0.0639862476873315
-53.6602045182169,1.73147330463136,-0.0641011246952858
-53.6439472220873,1.73147183829907,-0.0642154812911671
-53.6276887853608,1.73147030343831,-0.0643292998998267
-53.6114289672255,1.73146869923251,-0.0644425632719765
-53.5951675516668,1.73146702490528,-0.0645552546303731
-53.5789043390497,1.73146527971931,-0.0646673577962095
-53.5626391382214,1.73146346297735,-0.0647788572881591
-53.5463717623456,1.73146157402656,-0.0648897383908394
-53.5301020256714,1.73145961226306,-0.0649999871885214
-53.5138297386708,1.73145757713293,-0.0651095905657354
-53.4975547024891,1.73145546812971,-0.0652185361828532
-53.4812767053133,1.73145328479008,-0.0653268124359284
-53.4649955227012,1.73145102668954,-0.0654344084084
-53.448710922281,1.73144869343929,-0.0655413138210015
-53.4324226717377,1.73144628468447,-0.0656475189864993
-53.4161305483059,1.73144380010307,-0.0657530147766874
-53.3998343480702,1.73144123940497,-0.0658577926087475
-53.3835338939078,1.73143860233077,-0.065961844455771
-53.3672290418429,1.73143588865048,-0.0660651628827665
-53.3509196876165,1.7314330981642,-0.0661677411073839
-53.3346057750334,1.73143023070634,-0.0662695730816355
-53.3182873041177,1.73142728615146,-0.0663706535864106
-53.3019643364555,1.73142426441933,-0.0664709783311457
-53.2856369958794,1.73142116547767,-0.0665705440525669
-53.2693054637973,1.7314179893427,-0.0666693486063386
-53.2529699696231,1.73141473607805,-0.0667673910438136
-53.2366307779372,1.73141140579281,-0.0668646716645483
-53.2202881749834,1.7314079986393,-0.0669611920354897
-53.2039424574349,1.73140451481075,-0.0670569549705556
-53.1875939256679,1.73140095453895,-0.0671519644694942
-53.171242882323,1.73139731809173,-0.0672462256213737
-53.1548896354109,1.73139360577024,-0.067339744484148
-53.1385345042591,1.73138981790606,-0.067432527955617
-53.1221778263482,1.73138595485815,-0.0675245836513988
-53.1058199632918,1.73138201700953,-0.0676159198020664
-53.0894613045541,1.73137800476397,-0.0677065451754311
-53.0731022678054,1.73137391854232,-0.0677964690228738
-53.0567432942652,1.73136975877775,-0.0678857010409641
-53.040384836666,1.73136552590791,-0.0679742513328471
-53.0240273415327,1.73136122036441,-0.0680621303557292
-53.0076712323145,1.73135684256368,-0.0681493488469231
-52.9913168971091,1.73135239290086,-0.0682359177205667
-52.9749646776365,1.73134787174358,-0.0683218479244221
-52.9586148623572,1.73134327942754,-0.0684071502657285
-52.9422676846503,1.73133861625459,-0.068491835219431
-52.9259233245239,1.73133388249249,-0.0685759127323189
-52.9095819124632,1.73132907837554,-0.0686593920375556
-52.8932435348936,1.73132420410537,-0.0687422814930293
-52.8769082412691,1.73131925985194,-0.0688245884535091
-52.8605760527097,1.73131424575454,-0.0689063191820822
-52.8442469716458,1.73130916192303,-0.0689874788022718
-52.8279209914896,1.73130400843897,-0.0690680712893022
-52.8115981051837,1.73129878535691,-0.0691480994970195
-52.7952783116219,1.73129349270541,-0.0692275652153991
-52.7789616192742,1.73128813048793,-0.0693064692520018
-52.7626480467509,1.73128269868345,-0.0693848115292078
-52.7463376204356,1.73127719724679,-0.0694625911879451
-52.7300303696503,1.73127162610864,-0.0695398066883682
-52.7137263200852,1.7312659851754,-0.0696164558987708
-52.6974254864036,1.73126027432882,-0.0696925361659291
-52.681127864992,1.73125449342564,-0.0697680443628009
-52.6648334277805,1.73124864229725,-0.0698429769126683
-52.6485421179035,1.73124272074972,-0.0699173297919802
-52.6322538477457,1.73123672856411,-0.0699910985169003
-52.6159684996322,1.73123066549738,-0.0700642781205798
-52.5996859290995,1.73122453128385,-0.0701368631292153
-52.5834059703554,1.73121832563714,-0.07020884754494
-52.5671284432462,1.73121204825264,-0.070280224842586
-52.550853160853,1.73120569881012,-0.0703509879854919
-52.5345799367712,1.73119927697632,-0.070421129463059
-52.5183085911998,1.73119278240729,-0.070490641349977
-52.5020389551465,1.73118621475025,-0.0705595153842736
-52.4857708723115,1.73117957364477,-0.0706277430589464
-52.4695041985026,1.73117285872331,-0.0706953157202204
-52.4532387987305,1.73116606961101,-0.0707622246646598
-52.4369745424135,1.73115920592488,-0.0708284612275419
-52.4207112973561,1.73115226727254,-0.0708940168560175
-52.4044489233173,1.73114525325084,-0.0709588831624669
-52.3881872660417,1.73113816344443,-0.0710230519558692
-52.3719261525536,1.73113099742484,-0.0710865152516278
-52.3556653883483,1.73112375475006,-0.0711492652628266
-52.3394047568491,1.73111643496499,-0.0712112943780271
-52.3231440211991,1.73110903760262,-0.071272595132181
-52.3068829281451,1.73110156218606,-0.0713331601778613
-52.2906212135177,1.73109400823107,-0.0713929822637184
-52.274358608628,1.73108637524899,-0.0714520542259037
-52.2580948468348,1.73107866274959,-0.0715103689963369
-52.2418296695596,1.73107087024377,-0.0715679196293811
-52.2255628311318,1.73106299724562,-0.0716246993460411
-52.2092941020205,1.73105504327391,-0.0716807015925819
-52.1930232709134,1.73104700785364,-0.0717359201097502
-52.1767501485548,1.73103889052128,-0.0717903490113052
-52.1604745725243,1.73103069083283,-0.0718439828657386
-52.1441964080514,1.73102240836858,-0.0718968167713171
-52.1279155432381,1.73101404273197,-0.0719488464204138
-52.1116318805479,1.7310055935441,-0.0720000681518915
-52.0953453276919,1.73099706043696,-0.0720504789888125
-52.0790557904616,1.73098844304809,-0.0721000766569624
-52.0627631686931,1.73097974101771,-0.0721488595805981
-52.0464673553387,1.73097095398827,-0.0721968268556678
-52.0301682379694,1.73096208160546,-0.0722439782055879
-52.0138657019032,1.73095312351994,-0.0722903139282664
-51.9975596344825,1.7309440793893,-0.0723358348444183
-51.9812499312429,1.7309349488817,-0.072380542257438
-51.9649365048632,1.73092573168282,-0.0724244379327423
-51.9486192952746,1.73091642750442,-0.0724675240986563
-51.9322982787888,1.7309070360921,-0.0725098034685689
-51.9159734747647,1.73089755723067,-0.072551279282933
-51.8996449492234,1.73088799074681,-0.0725919553678448
-51.8833128154109,1.73087833650923,-0.0726318362043166
-51.8669772315606,1.73086859442723,-0.072670926999957
-51.8506383962015,1.73085876444792,-0.0727092337536046
-51.8342965414977,1.73084884655261,-0.0727467633039367
-51.8179519253859,1.7308388407494,-0.0727835278692542
-51.8016048232913,1.73082874754252,-0.0728195392510762
-51.7852555204963,1.7308185684284,-0.0728548042287483
-51.7689043060968,1.73080830546501,-0.0728893305244874
-51.7525514688407,1.73079796094451,-0.0729231274596431
-51.7361972948443,1.73078753721981,-0.0729562059761456
-51.7198420668089,1.73077703661436,-0.0729885782889957
-51.7034860641984,1.73076646137646,-0.0730202574179947
-51.6871295637996,1.73075581365773,-0.0730512567662019
-51.670772840111,1.73074509550402,-0.0730815898216916
-51.6544161650561,1.7307343088527,-0.0731112699888821
-51.6380598064737,1.73072345553283,-0.0731403105161401
-51.6217040233415,1.73071253726491,-0.073168724471627
-51.6053490563657,1.73070155565832,-0.0731965247252514
-51.5889951192901,1.73069051220989,-0.0732237239177969
-51.5726423947709,1.73067940830622,-0.0732503344093779
-51.5562910342449,1.73066824522889,-0.0732763682052847
-51.5399411593545,1.73065702416077,-0.0733018368646378
-51.5235928630421,1.73064574619174,-0.0733267514029215
-51.5072462098717,1.73063441232349,-0.0733511222005248
-51.4909012362327,1.73062302347364,-0.0733749589261842
-51.4745579513503,1.73061158047995,-0.0733982704792423
-51.4582163396518,1.73060008410501,-0.0734210649506062
-51.4418763644854,1.7305885350417,-0.073443349600534
-51.4255379727864,1.73057693391885,-0.0734651308516119
-51.4092011001437,1.73056528130726,-0.0734864142963233
-51.3928656757392,1.73055357772528,-0.0735072047193221
-51.3765316267185,1.73054182364397,-0.0735275061343558
-51.3601988816226,1.73053001949148,-0.0735473218348151
-51.3438673725889,1.73051816565637,-0.0735666544555506
-51.3275370361311,1.73050626248987,-0.0735855060423583
-51.3112078124586,1.7304943103069,-0.0736038781247098
-51.2948796434728,1.73048230938612,-0.073621771787044
-51.2785524697585,1.73047025996906,-0.0736391877342476
-51.262226227016,1.7304581622588,-0.0736561263477674
-51.2459008424508,1.73044601641861,-0.0736725877300208
-51.2295762316188,1.73043382257081,-0.0736885717362419
-51.2132522961485,1.73042158079637,-0.0737040779944487
-51.1969289226289,1.73040929113538,-0.0737191059156414
-51.1806059827921,1.73039695358853,-0.0737336546974524
-51.1642833349566,1.73038456811964,-0.0737477233251254
-51.1479608265411,1.73037213465903,-0.0737613105738244
-51.1316382973331,1.73035965310745,-0.0737744150158704
-51.1153155831164,1.73034712334032,-0.0737870350356495
-51.098992519227,1.73033454521182,-0.0737991688537586
-51.0826689436273,1.73032191855859,-0.0738108145606202
-51.0663446991574,1.73030924320258,-0.0738219701584712
-51.0500196347242,1.73029651895309,-0.0738326336094777
-51.0336936053198,1.73028374560769,-0.073842802886884
-51.017366470904,1.73027092295226,-0.0738524760256516
-51.0010380943236,1.73025805076009,-0.0738616511690429
-50.9847083385703,1.73024512879061,-0.0738703266080309
-50.9683770645936,1.73023215678863,-0.0738785008125919
-50.9520441321049,1.73021913448705,-0.0738861724571804
-50.9357094039638,1.73020606161331,-0.0738933404420672
-50.9193727501877,1.73019293789554,-0.0739000039081447
-50.9030340483372,1.73017976306435,-0.0739061622460171
-50.8866931813014,1.73016653685155,-0.0739118151051771
-50.8703500347787,1.73015325898797,-0.0739169624065718
-50.8540044962386,1.73013992920273,-0.0739216043576428
-50.8376564558785,1.73012654722427,-0.073925741466681
-50.8213058090284,1.73011311278296,-0.0739293745540852
-50.804952459022,1.73009962561424,-0.073932504760502
-50.7885963196534,1.73008608546119,-0.0739351335538789
-50.7722373167038,1.73007249207627,-0.0739372627379882
-50.7558753888426,1.73005884522238,-0.0739388944646861
-50.7395104895176,1.73004514467538,-0.0739400312522105
-50.7231425899165,1.73003139022801,-0.0739406760081861
-50.7067716815028,1.73001758169357,-0.0739408320538215
-50.6903977770435,1.73000371890814,-0.0739405031471421
-50.6740209099335,1.72998980173086,-0.0739396935042885
-50.6576411323379,1.72997583004288,-0.0739384078178991
-50.6412585129598,1.72996180374587,-0.0739366512709281
-50.6248731351425,1.72994772276072,-0.073934429543874
-50.6084850957122,1.72993358702689,-0.0739317488138864
-50.5920945046539,1.72991939650249,-0.0739286157454818
-50.5757014854803,1.72990515116499,-0.0739250374740993
-50.5593061760386,1.72989085101218,-0.0739210215848467
-50.5429087294549,1.72987649606314,-0.0739165760891558
-50.5265093149151,1.72986208635894,-0.0739117094016466
-50.5101081179889,1.72984762196286,-0.073906430318501
-50.4937053402278,1.7298331029598,-0.0739007479974136
-50.4773011978105,1.72981852945473,-0.0738946719380146
-50.4608959190929,1.72980390157011,-0.0738882119607603
-50.444489741035,1.72978921944221,-0.07388137818177
-50.4280829046244,1.7297744832163,-0.0738741809809789
-50.4116756495548,1.72975969304129,-0.07386663096126
-50.3952682085267,1.72974484906371,-0.0738587388968021
-50.3788608015902,1.72972995142184,-0.0738505156699459
-50.3624536302434,1.72971500023917,-0.0738419721955657
-50.346046869221,1.72969999561472,-0.0738331193299008
-50.3296406576765,1.72968493761202,-0.0738239677673634
-50.3132350948709,1.729669826253,-0.0738145279344956
-50.296830242327,1.72965466151955,-0.0738048098863636
-50.2804261302022,1.72963944336013,-0.0737948232077678
-50.2640227649411,1.72962417169821,-0.0737845769247826
-50.2476201361618,1.72960884644011,-0.0737740794345516
-50.2312182220114,1.72959346748112,-0.0737633384602193
-50.2148169930763,1.72957803471002,-0.07375236103377
-50.1984164151765,1.72956254801231,-0.0737411535045997
-50.1820164512611,1.72954700727229,-0.073729721568006
-50.1656170624456,1.7295314123743,-0.0737180703063467
-50.1492182081776,1.72951576320296,-0.0737062042361022
-50.1328198455977,1.72950005964264,-0.0736941273555964
-50.1164219282904,1.72948430157627,-0.0736818431898529
-50.1000244047274,1.72946848888403,-0.0736693548305272
-50.0836272167323,1.72945262144192,-0.0736566649699733
-50.0672302982567,1.72943669912087,-0.0736437759293696
-50.0508335746766,1.72942072178633,-0.0736306896815496
-50.0344369627202,1.72940468929852,-0.0736174078697922
-50.0180403710527,1.72938860151344,-0.0736039318242732
-50.0016437014579,1.72937245828446,-0.0735902625780992
-49.9852468504902,1.72935625946438,-0.073576400884797
-49.9688497114152,1.72934000490777,-0.0735623472388217
-49.9524521762177,1.72932369447339,-0.0735481019001293
-49.9360541374449,1.72930732802629,-0.0735336649232102
-49.9196554896702,1.72929090543959,-0.0735190361902841
-49.903256130403,1.7292744265955,-0.0735042154477046
-49.8868559603398,1.72925789138567,-0.0734892023440802
-49.8704548829307,1.7292412997108,-0.0734739964682596
-49.8540528033218,1.72922465147944,-0.0734585973851898
-49.8376496268095,1.7292079466064,-0.0734430046677588
-49.8212452570076,1.72919118501076,-0.0734272179230703
-49.8048395939598,1.72917436661388,-0.073411236812127
-49.7884325324336,1.7291574913376,-0.073395061062558
-49.7720239608196,1.72914055910318,-0.0733786904750862
-49.7556137629076,1.72912356983403,-0.0733621249283227
-49.7392018242419,1.72910652346443,-0.0733453643868716
-49.722788038867,1.7290894199488,-0.0733284089105581
-49.7063723127024,1.72907225926609,-0.0733112586652581
-49.6899545633002,1.72905504141932,-0.0732939139396293
-49.6735347177506,1.72903776643227,-0.0732763751701731
-49.6571127106333,1.72902043434612,-0.0732586429724461
-49.6406884829871,1.72900304521742,-0.073240718172986
-49.6242619824142,1.72898559911766,-0.0732226018366964
-49.6078331646746,1.72896809613498,-0.0732042952881488
-49.5914019969594,1.72895053637837,-0.0731858001283236
-49.5749684612586,1.72893291998219,-0.0731671182478858
-49.5585325564368,1.72891524710903,-0.073148251839275
-49.5420942985572,1.72889751795033,-0.0731292034100415
-49.5256537197997,1.72887973272513,-0.0731099757983159
-49.5092108666636,1.72886189167776,-0.0730905721890339
-49.4927657980951,1.72884399507547,-0.0730709961279201
-49.4763185839306,1.72882604320641,-0.0730512515300064
-49.4598693037949,1.72880803637814,-0.0730313426805201
-49.4434180464246,1.72878997491663,-0.0730112742276534
-49.4269649093202,1.72877185916562,-0.0729910511682802
-49.4105099986158,1.72875368948618,-0.0729706788286261
-49.394053429052,1.72873546625638,-0.0729501628420981
-49.3775953239334,1.72871718987079,-0.0729295091260909
-49.361135814937,1.72869886072542,-0.0729087243507212
-49.3446750416143,1.72868047949256,-0.0728878152848619
-49.3282131504471,1.72866204749065,-0.0728667882751676
-49.3117502933888,1.72864356641447,-0.0728456498789764
-49.2952866258513,1.72862503811898,-0.0728244069195094
-49.2788223041595,1.72860646450376,-0.0728030664707117
-49.2623574825745,1.7285878474513,-0.0727816357987729
-49.2458923100459,1.72856918879435,-0.0727601222856902
-49.2294269269019,1.72855049029876,-0.0727385333519729
-49.2129614615583,1.72853175365457,-0.0727168763861799
-49.1964960255574,1.72851298046986,-0.0726951586791024
-49.1800307052646,1.72849417226337,-0.0726733873562915
-49.1635655550637,1.72847533046017,-0.0726515693112784
-49.1471005959165,1.72845645639359,-0.0726297111403509
-49.1306358189745,1.72843755131285,-0.0726078190770485
-49.1141711918052,1.72841861639298,-0.0725858989275481
-49.0977066648347,1.72839965274478,-0.0725639560128037
-49.0812421766497,1.72838066142302,-0.0725419951253103
-49.0647776578466,1.72836164343273,-0.0725200205064729
-49.0483130336899,1.72834259973407,-0.0724980358462634
-49.0318482259504,1.7283235312461,-0.0724760443024954
-49.0153831541661,1.72830443884974,-0.0724540485343113
-48.9989177364169,1.72828532339009,-0.0724320507438001
-48.9824518896384,1.72826618567808,-0.0724100527205311
-48.9659855295217,1.72824702649146,-0.0723880558853463
-48.9495185701054,1.72822784657539,-0.0723660613312931
-48.9330509232127,1.72820864664276,-0.0723440698607409
-48.916582497899,1.7281894273744,-0.0723220820184754
-48.9001132000585,1.72817018941954,-0.0723000981210123
-48.8836429322956,1.72815093339655,-0.0722781182826568
-48.8671715941145,1.72813165989396,-0.0722561424390343
-48.8506990824357,1.72811236947195,-0.0722341703689549
-48.8342252923972,1.72809306266414,-0.0722122017155243
-48.8177501183615,1.72807373997952,-0.0721902360073639
-48.8012734550197,1.72805440190459,-0.0721682726806288
-48.784795198468,1.72803504890536,-0.0721463111022538
-48.7683152471275,1.72801568142914,-0.0721243505945159
-48.7518335023976,1.72799629990598,-0.0721023904606465
-48.7353498691017,1.72797690474987,-0.0720804300111229
-48.7188642579201,1.72795749636197,-0.0720584685934509
-48.7023765929251,1.72793807513939,-0.0720365056301852
-48.6858868204195,1.72791864148533,-0.0720145406610617
-48.6693949143521,1.72789919581532,-0.0719925733865794
-48.6529008770215,1.72787973855829,-0.0719706037153016
-48.6364047364057,1.72786027015399,-0.0719486318165625
-48.6199065423015,1.72784079104917,-0.0719266581758057
-48.6034063629709,1.72782130169438,-0.071904683646312
-48.5869042829778,1.72780180254224,-0.0718827094912658
-48.5704004020681,1.72778229404681,-0.0718607374102261
-48.5538948345617,1.72776277666358,-0.0718387695491332
-48.5373877087513,1.72774325084942,-0.0718168084961708
-48.5208791660076,1.72772371706227,-0.0717948572689512
-48.5043693595061,1.72770417576034,-0.0717729192960725
-48.4878584526052,1.72768462740091,-0.0717509983950699
-48.4713466169112,1.72766507243883,-0.0717290987474858
-48.4548340300365,1.72764551132456,-0.0717072248707362
-48.4383208730281,1.72762594450187,-0.0716853815859099
-48.4218073274541,1.72760637240512,-0.0716635739805659
-48.4052935721797,1.72758679545607,-0.0716418073658231
-48.3887797799181,1.72756721406053,-0.0716200872274077
-48.3722661136878,1.72754762860483,-0.071598419170718
-48.3557527231991,1.72752803945229,-0.071576808860125
-48.3392397394283,1.72750844693758,-0.0715552619501292
-48.3227272657454,1.72748885135746,-0.0715337840058442
-48.3062153706347,1.72746925296339,-0.0715123804196294
-48.289704085961,1.72744965196052,-0.0714910563281533
-48.2731934103771,1.72743004851245,-0.0714698165300397
-48.2566833152981,1.72741044274878,-0.071448665406114
-48.2401737509786,1.72739083477244,-0.0714276068482232
-48.2236646513805,1.72737122466555,-0.0714066442042239
-48.2071559376364,1.72735161249362,-0.0713857802446933
-48.1906475204873,1.72733199830854,-0.0713650171526733
-48.1741393021356,1.72731238215095,-0.0713443565336149
-48.1576311777608,1.72729276405226,-0.0713237994402459
-48.1411230367525,1.72727314403626,-0.0713033464066807
-48.1246147636299,1.72725352212039,-0.0712829974871041
-48.1081062386303,1.72723389831648,-0.0712627522959056
-48.091597338009,1.72721427263124,-0.0712426100475145
-48.0750879341397,1.72719464506631,-0.0712225695951098
-48.0585778955232,1.72717501561838,-0.0712026294678639
-48.0420670868067,1.72715538427918,-0.0711827879066008
-48.0255553688964,1.72713575103573,-0.0711630428978665
-48.0090425992222,1.72711611587065,-0.0711433922065143
-47.992528632186,1.72709647876281,-0.0711238334070222
-47.9760133197991,1.72707683968816,-0.0711043639138663
-47.9594965124836,1.72705719862079,-0.0710849810113366
-47.9429780599871,1.72703755553408,-0.071065681883187
-47.9264578123391,1.72701791040195,-0.0710464636424329
-47.909935620873,1.72699826320012,-0.071027323361637
-47.8934113409294,1.72697861390927,-0.0710082581063158
-47.87688483892,1.72695896252286,-0.0709892649760284
-47.860356002607,1.7269393090585,-0.0709703411535479
-47.8438247493198,1.72691965356688,-0.0709514839589017
-47.827291029787,1.72689999613585,-0.0709326909099994
-47.8107548281951,1.72688033689033,-0.0709139597921486
-47.7942161602922,1.72686067599014,-0.0708952887347249
-47.7776750711626,1.72684101362739,-0.0708766762888175
-47.7611316335101,1.72682135002458,-0.070858121497889
-47.7445859465158,1.72680168543322,-0.0708396239549266
-47.7280381349238,1.72678202013282,-0.0708211838428886
-47.7114883479565,1.72676235442953,-0.0708028019586242
-47.6949367578228,1.72674268865457,-0.0707844797225791
-47.6783835577813,1.72672302316197,-0.0707662191771559
-47.6618289598377,1.72670335832609,-0.0707480229760005
-47.6452731921805,1.72668369453882,-0.0707298943654316
-47.6287164964144,1.72666403220654,-0.0707118371583236
-47.6121591245918,1.72664437174694,-0.0706938557002633
-47.5956013360135,1.72662471358545,-0.0706759548277285
-47.5790433937673,1.72660505815152,-0.0706581398182219
-47.5624855610121,1.72658540587447,-0.0706404163325376
-47.5459280970508,1.7265657571792,-0.0706227903495584
-47.5293712532759,1.72654611248168,-0.0706052680941324
-47.5128152690953,1.72652647218452,-0.0705878559587045
-47.4962603678412,1.72650683667249,-0.0705705604193437
-47.4797067511951,1.72648720630646,-0.0705533879445715
-47.4631545910196,1.72646758141464,-0.0705363448954899
-47.446604023192,1.72644796228613,-0.0705194374236265
-47.4300551465989,1.72642834917043,-0.0705026713706117
-47.4135080265272,1.72640874228178,-0.0704860521706827
-47.3969626999996,1.72638914180557,-0.0704695847589021
-47.3804191809533,1.72636954790434,-0.0704532734910887
-47.3638774643152,1.72634996072236,-0.0704371220821235
-47.3473375289973,1.72633038038898,-0.0704211335668223
-47.3307993402415,1.72631080702118,-0.07040531028358
-47.314262851673,1.72629124072581,-0.0703896538775418
-47.2977280071826,1.72627168160166,-0.0703741653183587
-47.281194742573,1.72625212974135,-0.0703588449276532
-47.2646629868638,1.72623258523263,-0.0703436924124276
-47.2481326632141,1.72621304815939,-0.0703287069019489
-47.2316036895073,1.72619351860216,-0.0703138869866272
-47.2150759786954,1.7261739966383,-0.0702992307579366
-47.1985494390077,1.72615448234207,-0.0702847358486473
-47.1820239741045,1.72613497578462,-0.0702703994727454
-47.1654994832328,1.72611547703396,-0.0702562184645373
-47.1489758614188,1.72609598615503,-0.0702421893166074
-47.132452999723,1.72607650320981,-0.0702283082164915
-47.1159307855783,1.72605702825758,-0.0702145710820965
-47.0994091032178,1.72603756135529,-0.0702009735960126
-47.0828878341833,1.72601810255799,-0.0701875112389208
-47.0663668578917,1.7259986519194,-0.0701741793222954
-47.0498460522131,1.72597920949245,-0.0701609730205573
-47.0333252940141,1.72595977532983,-0.0701478874027494
-47.0168044596127,1.72594034948435,-0.0701349174636964
-47.0002834251054,1.72592093200928,-0.0701220581544891
-46.9837620665385,1.72590152295837,-0.0701093044120168
-46.9672402599145,1.72588212238579,-0.0700966511871776
-46.9507178810455,1.72586273034582,-0.0700840934713479
-46.9341948052819,1.72584334689242,-0.0700716263206935
-46.9176709071576,1.72582397207871,-0.0700592448779669
-46.9011460600047,1.72580460595641,-0.0700469443915451
-46.8846201355754,1.72578524856935,-0.0700347190574531
-46.8680930037676,1.72576590008704,-0.0700225635398947
-46.8515645324584,1.72574656097565,-0.0700104741719732
-46.8350345876397,1.72572723186878,-0.0699984473981838
-46.8185030355159,1.72570791346932,-0.0699864795928054
-46.8019697455639,1.72568860649964,-0.0699745670409197
-46.7854345873528,1.72566931166993,-0.0699627060088998
-46.768897417421,1.72565002964904,-0.069950892837675
-46.7523580598355,1.72563076103593,-0.0699391240138931
-46.73581628927,1.72561150633761,-0.0699273961951872
-46.7192718252765,1.72559226596125,-0.0699157061821985
-46.7027243406573,1.72557304022265,-0.069904050842901
-46.6861734817405,1.72555382936846,-0.0698924270093217
-46.6696188954847,1.72553463360664,-0.0698808313783185
-46.6530602578559,1.7255154531387,-0.0698692604514932
-46.6364972991196,1.72549628818899,-0.0698577105427528
-46.6199298236635,1.72547713902815,-0.069846177867866
-46.6033577240582,1.7254580059906,-0.069834658713653
-46.5867809909693,1.72543888948771,-0.0698231496705249
-46.5701997220936,1.72541979002045,-0.0698116479046075
-46.5536141342558,1.72540070819619,-0.0698001514458228
-46.5370245821999,1.72538164475322,-0.0697886594744793
-46.5204315827622,1.72536260059089,-0.0697771725965244
-46.5038358305454,1.72534357678854,-0.0697656930994344
-46.4872381734402,1.725324574577,-0.0697542251696617
-46.4706395145718,1.72530559522909,-0.0697427750313797
-46.4540406680798,1.7252866399012,-0.0697313509811668
-46.4374422527608,1.72526770951755,-0.0697199632993096
-46.420844672907,1.72524880475121,-0.0697086239821546
-46.4042481705624,1.72522992608398,-0.0696973462601253
-46.3876529032292,1.7252110738941,-0.0696861439553925
-46.3710590109184,1.72519224853158,-0.069675030816794
-46.3544666596078,1.72517345036707,-0.0696640199840317
-46.3378760645013,1.72515467981812,-0.0696531236783012
-46.3212875014243,1.72513593736227,-0.0696423531343244
-46.3047013114187,1.7251172235426,-0.0696317187208884
-46.2881178973,1.72509853896478,-0.0696212301632211
-46.2715377110553,1.72507988428425,-0.0696108967863745
-46.2549612334078,1.72506126018455,-0.069600727721878
-46.238388948081,1.72504266734964,-0.0695907320425441
-46.221821314526,1.72502410643445,-0.0695809188096189
-46.2052587430934,1.72500557803839,-0.0695712970307167
-46.188701575548,1.72498708268511,-0.0695618755370572
-46.1721500723448,1.72496862081,-0.0695526627962082
-46.1556044070729,1.72495019275575,-0.0695436666824387
-46.1390646681496,1.72493179877595,-0.0695348942303718
-46.1225308678195,1.72491343904637,-0.0695263513982634
-46.1060029582234,1.72489511368367,-0.0695180428650184
-46.0894808533608,1.72487682276992,-0.0695099718806547
-46.0729644542938,1.72485856638022,-0.0695021401841922
-46.0564536736172,1.72484034460883,-0.0694945479964406
-46.0399484548939,1.72482215758943,-0.0694871940880095
-46.0234487837719,1.724804005506,-0.0694800759149833
-46.0069546894403,1.72478588859292,-0.0694731898064497
-45.9904662371223,1.72476780712535,-0.0694665311807695
-45.9739835137614,1.72474976140244,-0.0694600947630594
-45.9575066096545,1.72473175172647,-0.0694538747764217
-45.941035598627,1.72471377838108,-0.0694478650842903
-45.9245705187406,1.72469584161057,-0.0694420592697484
-45.9081113548587,1.72467794160187,-0.0694364506477215
-45.8916580240283,1.72466007847005,-0.0694310322154041
-45.8752103648678,1.72464225224822,-0.0694257965536396
-45.8587681330054,1.7246244628838,-0.0694207356967479
-45.8423310054716,1.72460671024387,-0.0694158409907477
-45.8258985964398,1.7245889941319,-0.0694111029606627
-45.8094704836677,1.72457131431535,-0.0694065112073309
-45.7930462404232,1.72455367055873,-0.0694020543533051
-45.7766254648261,1.72453606265381,-0.0693977200552988
-45.7602077998143,1.72451849044003,-0.0693934950947102
-45.7437929412047,1.72450095381234,-0.0693893655459845
-45.7273806353114,1.72448345271817,-0.0693853170068668
-45.7109706692754,1.7244659871467,-0.0693813348607873
-45.6945628569427,1.7244485571136,-0.0693774045354324
-45.6781570221873,1.72443116264306,-0.0693735117246939
-45.6617529811053,1.72441380374886,-0.0693696425511197
-45.6453505247236,1.72439648041599,-0.069365783658311
-45.6289494043677,1.72437919258515,-0.0693619222338674
-45.612549322072,1.72436194014241,-0.0693580459719251
-45.5961499280042,1.72434472291607,-0.0693541429901822
-45.5797508257279,1.72432754068156,-0.069350201720253
-45.5633515845205,1.72431039317351,-0.0693462107925825
-45.5469517564932,1.72429328010283,-0.0693421589376558
-45.5305508955227,1.72427620117583,-0.0693380349231066
-45.5141485751886,1.72425915611252,-0.0693338275410833
-45.4977444037288,1.7242421446622,-0.0693295256523667
-45.4813380359686,1.72422516661577,-0.0693251182855064
-45.4649291847136,1.72420822181651,-0.0693205947828232
-45.4485176291781,1.72419131016745,-0.0693159449772893
-45.4321032160352,1.72417443163204,-0.0693111593824994
-45.4156858519771,1.72415758622751,-0.0693062293804118
-45.3992654894024,1.72414077401171,-0.0693011473918438
-45.3828421080924,1.72412399506588,-0.0692959070137961
-45.3664156960763,1.72410724947578,-0.0692905031084185
-45.3499862327534,1.72409053731446,-0.069284931832529
-45.3335536768197,1.72407385862937,-0.0692791906039548
-45.3171179606457,1.72405721343588,-0.0692732780101467
-45.3006789924503,1.72404060171844,-0.0692671936740291
-45.2842366674681,1.72402402344008,-0.0692609380996799
-45.2677908850739,1.72400747855783,-0.0692545125222506
-45.2513415676656,1.72399096704044,-0.0692479187859142
-45.2348886786521,1.72397448888641,-0.0692411592692209
-45.2184322384767,1.7239580441409,-0.0692342368684616
-45.2019723385613,1.72394163291129,-0.0692271550393152
-45.1855091530116,1.72392525538069,-0.0692199178883027
-45.1690429468711,1.72390891181769,-0.0692125303001637
-45.1525740781036,1.72389260257914,-0.0692049980849727
-45.1361029895316,1.72387632810227,-0.0691973281279031
-45.1196301884253,1.72386008888381,-0.0691895285230605
-45.1031562159019,1.72384388544885,-0.0691816086701704
-45.0866816132985,1.7238277183171,-0.06917357931099
-45.0702068941457,1.72381158797529,-0.0691654524849749
-45.0537325270575,1.72379549486106,-0.069157241394031
-45.0372589296698,1.72377943935824,-0.0691489601829603
-45.0207864703214,1.72376342180024,-0.0691406236595631
-45.0043154736721,1.72374744247748,-0.0691322469892378
-44.9878462271136,1.7237315016459,-0.0691238453991206
-44.9713789850624,1.72371559953425,-0.0691154339173622
-44.9549139721795,1.72369973635076,-0.0691070271622312
-44.9384513907442,1.72368391229232,-0.0690986391867973
-44.9219914311638,1.72366812755509,-0.0690902833737888
-44.9055342818225,1.72365238234311,-0.0690819723724647
-44.8890801343313,1.723636676872,-0.0690737180701644
-44.8726291822728,1.72362101136628,-0.0690655315913545
-44.8561816139618,1.72360538605148,-0.0690574233146714
-44.839737601405,1.72358980114299,-0.069049402895168
-44.8232972881454,1.72357425683448,-0.069041479277461
-44.8068607782965,1.72355875328765,-0.0690336606875088
-44.790428128363,1.72354329062502,-0.0690259545962283
-44.7739993428098,1.72352786892613,-0.0690183676554287
-44.7575743739133,1.72351248822774,-0.0690109056134725
-44.7411531260782,1.72349714852804,-0.0690035732230588
-44.7247354643541,1.7234818497944,-0.0689963741558377
-44.7083212262801,1.72346659197411,-0.0689893109383042
-44.69191023553,1.72345137500644,-0.0689823849210338
-44.6755023153936,1.7234361988346,-0.0689755962893553
-44.6590973001114,1.72342106341556,-0.0689689441184644
-44.6426950424978,1.72340596872655,-0.0689624264703197
-44.6262954169927,1.72339091476744,-0.0689560405241352
-44.6098983180269,1.72337590155882,-0.0689497827277798
-44.5935036542426,1.72336092913651,-0.0689436489547347
-44.5771113395918,1.72334599754326,-0.0689376346509341
-44.5607212826568,1.72333110681899,-0.0689317349578177
-44.5443333756904,1.72331625699089,-0.0689259448018177
-44.5279474848877,1.72330144806464,-0.068920258945552
-44.5115634432604,1.72328668001801,-0.0689146720014058
-44.4951810471912,1.7232719527977,-0.06890917841322
-44.478800057279,1.72325726631975,-0.0689037724158783
-44.4624202034621,1.72324262047376,-0.0688984479852784
-44.446041193714,1.72322801513009,-0.0688931987922017
-44.4296627250197,1.72321345014899,-0.0688880181728395
-44.4132844950258,1.72319892538801,-0.0688828988728201
-44.3969062128014,1.72318444073703,-0.0688778334029529
-44.3805276074328,1.72316999616669,-0.068872814360853
-44.3641484335921,1.72315559170628,-0.0688678341882581
-44.3477684736472,1.72314122742386,-0.0688628852473699
-44.331387536278,1.72312690341389,-0.0688579599430684
-44.3150054529849,1.72311261978822,-0.0688530508649755
-44.2986220761912,1.72309837666977,-0.0688481509268348
-44.2822372775315,1.72308417418711,-0.068843253484495
-44.26585094268,1.72307001246783,-0.0688383524217756
-44.2494629626668,1.72305589163077,-0.068833442203114
-44.2330732244548,1.72304181177889,-0.0688285178960789
-44.2166816040311,1.72302777299456,-0.0688235751670809
-44.2002879640425,1.72301377533857,-0.0688186102537172
-44.1838921562476,1.72299981885268,-0.068813619919182
-44.1674940277014,1.72298590356511,-0.0688086013974422
-44.1510934290105,1.72297202949773,-0.068803552340415
-44.1346902230578,1.72295819667386,-0.0687984707785092
-44.1182842929831,1.72294440512575,-0.0687933551031812
-44.1018755486065,1.72293065490102,-0.0687882040754577
-44.0854639307639,1.72291694606738,-0.0687830168591457
-44.0690494135566,1.72290327871557,-0.0687777930733285
-44.0526320056894,1.72288965296051,-0.0687725328569152
-44.0362117510597,1.72287606894102,-0.0687672369365694
-44.0197887272553,1.72286252681706,-0.06876190668927
-44.0033630410214,1.72284902676478,-0.0687565441927052
-43.9869348209859,1.72283556896959,-0.0687511522585111
-43.9705042091084,1.72282215361869,-0.0687457344444161
-43.9540713528551,1.72280878089457,-0.0687402950423346
-43.9376363998441,1.72279545097081,-0.0687348390413662
-43.9211994958917,1.72278216401072,-0.0687293720678258
-43.9047607864416,1.72276892016896,-0.0687239003082316
-43.8883204206343,1.72275571959535,-0.0687184304243588
-43.8718785568986,1.7227425624401,-0.0687129694708478
-43.8554353688613,1.72272944885945,-0.0687075248248998
-43.8389910504448,1.72271637902063,-0.0687021041345524
-43.8225458191463,1.72270335310552,-0.0686967152877492
-43.806099916656,1.72269037131207,-0.0686913663999169
-43.7896536062312,1.72267743385319,-0.0686860658139051
-43.7732071666457,1.7226645409528,-0.068680822103488
-43.7567608830727,1.7226516928397,-0.0686756440704318
-43.740315035675,1.7226388897396,-0.0686705407253385
-43.7238698854328,1.72262613186604,-0.0686655212424386
-43.7074256572218,1.72261341941052,-0.0686605948810242
-43.6909825264618,1.72260075253524,-0.0686557708754652
-43.674540613879,1.72258813137046,-0.0686510582985742
-43.6580999880285,1.72257555601613,-0.0686464659054006
-43.641660672731,1.72256302654631,-0.0686420019699405
-43.6252226565161,1.72255054301465,-0.068637674131759
-43.6087859022319,1.72253810546044,-0.0686334892696082
-43.5923503560385,1.72252571391436,-0.0686294534144719
-43.5759159555089,1.72251336840422,-0.0686255717072308
-43.5594826365811,1.72250106895981,-0.0686218483990678
-43.543050338921,1.72248881561685,-0.0686182868876437
-43.5266190091771,1.72247660841918,-0.0686148897794361
-43.5101886017325,1.72246444741915,-0.0686116589679414
-43.4937590768883,1.72245233267596,-0.0686085957179138
-43.4773303968075,1.72244026425242,-0.0686057007468736
-43.4609025199066,1.72242824221058,-0.0686029742965361
-43.4444753946163,1.72241626660691,-0.0686004161886175
-43.4280489534952,1.72240433748785,-0.068598025861725
-43.4116231085919,1.7223924548863,-0.0685958023886512
-43.3951977487403,1.72238061881941,-0.068593744476144
-43.3787727391805,1.72236882928814,-0.0685918504517139
-43.3623479235607,1.72235708627843,-0.068590118243904
-43.34592312805,1.72234538976378,-0.0685885453633698
-43.3294981669979,1.72233373970905,-0.0685871288919571
-43.3130728494162,1.72232213607469,-0.0685858654858101
-43.2966469865345,1.72231057882147,-0.0685847513978204
-43.2802204026615,1.72229906791612,-0.0685837825250351
-43.2637929463121,1.72228760333649,-0.0685829544790631
-43.2473644963242,1.72227618507418,-0.0685822626739022
-43.2309349613773,1.72226481313418,-0.0685817024271373
-43.2145042744545,1.72225348753199,-0.0685812690686698
-43.1980723848711,1.72224220828965,-0.0685809580471593
-43.1816392500752,1.72223097543118,-0.0685807650220409
-43.1652048284773,1.72221978897849,-0.0685806859304622
-43.1487690737945,1.72220864894774,-0.0685807170232884
-43.132331931038,1.72219755534659,-0.0685808548703624
-43.1158933342231,1.72218650817263,-0.0685810963403682
-43.0994532059037,1.72217550741293,-0.0685814385637195
-43.083011458568,1.72216455304505,-0.0685818788877717
-43.0665679977397,1.72215364503916,-0.0685824148329024
-43.0501227263911,1.72214278336105,-0.0685830440563353
-43.033675550064,1.72213196797573,-0.0685837643285397
-43.0172263819988,1.722121198851,-0.0685845735248953
-43.0007751475846,1.72211047596059,-0.0685854696331832
-42.9843217876855,1.72209979928659,-0.0685864507756007
-42.9678662611074,1.72208916882107,-0.0685875152429581
-42.9514085468109,1.72207858456693,-0.0685886615378268
-42.9349486454196,1.72206804653789,-0.0685898884216964
-42.9184865789428,1.72205755475729,-0.0685911949607704
-42.9020223884263,1.72204710925582,-0.0685925805663741
-42.8855561300095,1.7220367100686,-0.0685940450267503
-42.8690878703757,1.72202635723209,-0.0685955885274553
-42.8526176826689,1.72201605078148,-0.0685972116581849
-42.8361456437038,1.72200579074902,-0.0685989154051492
-42.8196718328855,1.72199557716343,-0.0686007011300695
-42.8031963328471,1.72198541005044,-0.0686025705390126
-42.786719231505,1.72197528943431,-0.0686045256459308
-42.7702406250404,1.72196521534001,-0.068606568736429
-42.7537606212225,1.72195518779563,-0.0686087023367484
-42.7372793424658,1.72194520683475,-0.0686109291914139
-42.7207969280351,1.72193527249837,-0.0686132522508462
-42.7043135348871,1.72192538483594,-0.0686156746679475
-42.6878293367714,1.72191554390548,-0.0686181998006532
-42.6713445214157,1.72190574977245,-0.0686208312159688
-42.6548592858779,1.72189600250768,-0.0686235726902661
-42.6383738304199,1.72188630218435,-0.0686264282006295
-42.6218883514928,1.72187664887468,-0.0686294019028156
-42.6054030344217,1.72186704264649,-0.0686324980926173
-42.588918044643,1.72185748355972,-0.0686357211466254
-42.5724335163952,1.72184797166305,-0.0686390754398642
-42.5559495442323,1.72183850699194,-0.0686425652480467
-42.5394661814514,1.72182908956937,-0.0686461946418052
-42.5229834449357,1.72181971940852,-0.0686499673777589
-42.5065013235233,1.72181039651642,-0.0686538867934086
-42.4900197869815,1.72180112089745,-0.0686579557160751
-42.4735387937924,1.72179189255644,-0.0686621763963944
-42.457058297117,1.72178271150087,-0.0686665504732502
-42.4405782489767,1.72177357774272,-0.0686710789711324
-42.424098602854,1.72176449129946,-0.0686757623252765
-42.4076193148334,1.72175545219459,-0.0686806004263555
-42.3911403433344,1.72174646045718,-0.068685592675431
-42.3746616475371,1.72173751612085,-0.0686907380407638
-42.3581831847585,1.721728619222,-0.0686960351100274
-42.3417049072089,1.72171976979768,-0.0687014821336634
-42.325226758671,1.72171096788347,-0.0687070770571673
-42.3087486716488,1.72170221351157,-0.0687128175418681
-42.2922705654435,1.72169350670947,-0.0687187009752913
-42.2757923454535,1.7216848474992,-0.0687247244734709
-42.2593139038037,1.7216762358974,-0.0687308848785392
-42.2428351212197,1.72166767191596,-0.0687371787554689
-42.2263558698936,1.72165915556323,-0.0687436023918757
-42.2098760170752,1.72165068684558,-0.0687501518044743
-42.1933954306289,1.72164226576937,-0.0687568227573086
-42.176913988225,1.72163389234341,-0.0687636107969452
-42.1604315865847,1.72162556658117,-0.0687705113020202
-42.1439481461293,1.72161728850164,-0.0687775195430428
-42.1274636102408,1.72160905812894,-0.0687846307515079
-42.1109779407842,1.72160087549108,-0.0687918401956035
-42.09449111219,1.72159274061825,-0.0687991432557938
-42.0780031057745,1.72158465354114,-0.0688065354910029
-42.0615139050223,1.72157661428924,-0.0688140126870491
-42.0450234919016,1.72156862288934,-0.0688215708827996
-42.0285318440829,1.72156067936421,-0.0688292063742697
-42.0120389330174,1.72155278373163,-0.0688369157007066
-41.9955447229706,1.72154493600397,-0.0688446956186703
-41.9790491711323,1.72153713618826,-0.0688525430703688
-41.9625522288235,1.72152938428689,-0.0688604551516511
-41.9460538436434,1.72152168029498,-0.0688684293608261
-41.9295539622228,1.72151402416122,-0.0688764632215428
-41.9130525332885,1.72150641577124,-0.0688845539890894
-41.8965495113701,1.72149885497945,-0.0688926990174733
-41.8800448613253,1.72149134163014,-0.0689008958134339
-41.8635385623322,1.72148387556858,-0.0689091420618923
-41.8470306101985,1.72147645664662,-0.0689174356366102
-41.8305210176337,1.72146908472487,-0.0689257746087677
-41.8140098127917,1.72146175967299,-0.0689341572605226
-41.7974970367047,1.72145448136899,-0.0689425821041285
-41.7809827402501,1.72144724969789,-0.0689510479025978
-41.7644669811683,1.72144006455036,-0.0689595536862435
-41.7479498215023,1.72143292582142,-0.0689680987603768
-41.7314313257058,1.72142583340943,-0.0689766827018325
-41.7149115595651,1.72141878721548,-0.0689853053446807
-41.6983905899857,1.72141178714319,-0.0689939667575889
-41.6818684855808,1.72140483309896,-0.0690026672164598
-41.6653453178915,1.72139792499247,-0.0690114071761695
-41.6488211629645,1.72139106273748,-0.0690201872446898
-41.6322961029529,1.72138424625258,-0.0690290081618588
-41.6157702273858,1.72137747546189,-0.0690378707838299
-41.5992436337869,1.72137075029554,-0.0690467760729786
-41.5827164274015,1.72136407068979,-0.0690557250919406
-41.5661887199082,1.72135743658674,-0.0690647189996036
-41.5496606271281,1.72135084793371,-0.0690737590463799
-41.5331322658831,1.72134430468236,-0.0690828465659731
-41.516603750277,1.72133780678752,-0.0690919829611559
-41.500075187011,1.72133135420597,-0.069101169679561
-41.4835466674682,1.72132494689502,-0.06911040817544
-41.4670182572712,1.72131858481144,-0.0691196998595381
-41.4504899901636,1.72131226791101,-0.0691290460381971
-41.4339618679988,1.7213059961492,-0.069138447845752
-41.4174338654999,1.72129976948222,-0.0691479061730251
-41.4009059370102,1.72129358786822,-0.0691574215971222
-41.3843780229985,1.72128745126825,-0.0691669943209339
-41.3678500552818,1.72128135964696,-0.0691766241308396
-41.3513219608764,1.72127531297323,-0.0691863103777943
-41.3347936647799,1.72126931122063,-0.0691960519820828
-41.3182650919492,1.72126335436791,-0.0692058474577559
-41.301736168551,1.72125744239916,-0.0692156949504435
-41.2852068224401,1.72125157530372,-0.0692255922819584
-41.2686769828304,1.72124575307579,-0.0692355369961711
-41.252146579233,1.7212399757137,-0.069245526402209
-41.2356155398646,1.72123424321894,-0.0692555576125035
-41.2190837898272,1.72122855559521,-0.0692656275743655
-41.2025512493853,1.72122291284746,-0.0692757330946428
-41.1860178326547,1.72121731498112,-0.0692858708577653
-41.169483447626,1.72121176200157,-0.069296037439259
-41.1529480005166,1.72120625391398,-0.0693062293211554
-41.1364114035814,1.72120079072339,-0.0693164429114353
-41.1198735813501,1.72119537243489,-0.0693266745655468
-41.1033344729551,1.72118999905365,-0.0693369206127241
-41.0867940313032,1.72118467058517,-0.069347177390914
-41.070252221034,1.72117938703559,-0.0693574412903815
-41.0537090170938,1.72117414841218,-0.0693677088019947
-41.0371644054003,1.72116895472375,-0.0693779765653422
-41.0206183850966,1.72116380598085,-0.0693882414115788
-41.0040709705713,1.72115870219561,-0.0693985003979475
-40.9875221919949,1.72115364338129,-0.0694087508346226
-40.9709720941182,1.72114862955149,-0.0694189903061858
-40.9544207338113,1.72114366071938,-0.0694292166892524
-40.9378681770812,1.72113873689698,-0.0694394281658692
-40.921314496196,1.72113385809445,-0.0694496232308408
-40.9047597672942,1.72112902431971,-0.0694598006909502
-40.8882040686193,1.72112423557812,-0.0694699596550242
-40.871647479381,1.72111949187241,-0.0694800995153298
-40.8550900791742,1.72111479320279,-0.0694902199221674
-40.8385319478553,1.72111013956718,-0.0695003207543166
-40.8219731657339,1.72110553096165,-0.0695104020880771
-40.8054138139059,1.72110096738085,-0.0695204641671853
-40.788853974521,1.72109644881852,-0.069530507375103
-40.772293730777,1.72109197526785,-0.0695405322102979
-40.7557331664659,1.72108754672183,-0.0695505392643149
-40.7391723649628,1.7210831631734,-0.0695605292017829
-40.7226114076304,1.72107882461547,-0.0695705027410553
-40.7060503709169,1.72107453104086,-0.0695804606327069
-40.6894893194386,1.72107028244235,-0.0695904036295849
-40.672928295539,1.72106607881298,-0.0696003324460357
-40.6563673125086,1.72106192014652,-0.0696102477127121
-40.6398063534776,1.72105780643782,-0.069620149925683
-40.6232453747617,1.72105373768287,-0.0696300393886471
-40.6066843109565,1.72104971387869,-0.0696399161512175
-40.5901230796925,1.72104573502294,-0.0696497799508906
-40.573561585264,1.7210418011137,-0.0696596301674502
-40.5569997213245,1.72103791214938,-0.0696694657958681
-40.5404373731789,1.72103406812888,-0.069679285439255
-40.5238744200404,1.72103026905186,-0.0696890873194834
-40.5073107372994,1.72102651491913,-0.0696988693010596
-40.4907461986108,1.72102280573282,-0.0697086289236681
-40.4741806776939,1.72101914149647,-0.069718363439993
-40.4576140514521,1.72101552221481,-0.069728069859232
-40.4410462064259,1.72101194789303,-0.069737744998583
-40.4244770450961,1.72100841853575,-0.0697473855383467
-40.4079064881958,1.72100493414622,-0.0697569880774828
-40.3913344733403,1.72100149472574,-0.0697665491915308
-40.3747609526647,1.72099810027333,-0.0697760654943073
-40.3581858913339,1.72099475078546,-0.069785533700103
-40.3416092671911,1.72099144625597,-0.0697949506805274
-40.3250310712919,1.72098818667582,-0.0698043135120196
-40.3084513088747,1.72098497203309,-0.069813619513121
-40.2918700004311,1.72098180231295,-0.0698228662732348
-40.2752871827087,1.7209786774977,-0.0698320516757833
-40.2587029095783,1.72097559756702,-0.0698411739184535
-40.242117252702,1.72097256249813,-0.0698502315321707
-40.2255303018862,1.7209695722661,-0.0698592233992129
-40.2089421649677,1.72096662684403,-0.0698681487698796
-40.1923529670803,1.72096372620321,-0.0698770072765023
-40.1757628492024,1.72096087031318,-0.069885798943276
-40.1591719659688,1.72095805914173,-0.0698945241903167
-40.1425804828195,1.72095529265484,-0.0699031838304342
-40.1259885726375,1.72095257081661,-0.0699117790573371
-40.1093964120802,1.72094989358923,-0.0699203114243581
-40.0928041778286,1.72094726093295,-0.0699287828132956
-40.0762120429716,1.72094467280627,-0.0699371953935761
-40.0596201737066,1.72094212916612,-0.0699455515725913
-40.0430287264866,1.72093962996828,-0.0699538539386567
-40.0264378455397,1.72093717516789,-0.0699621051982968
-40.0098476587727,1.72093476472048,-0.0699703081068207
-39.9932582701421,1.72093239858379,-0.0699784653906885
-39.9766697535742,1.72093007671978,-0.0699865796691996
-39.960082152389,1.72092779909608,-0.0699946533798417
-39.9434954836076,1.72092556568663,-0.0700026887068211
-39.9269097442757,1.72092337647151,-0.0700106875137472
-39.910324917156,1.72092123143636,-0.0700186512852294
-39.89374097448,1.72091913057158,-0.0700265810836227
-39.87715787974,1.72091707387168,-0.0700344775250323
-39.8605755881681,1.72091506133475,-0.070042340774454
-39.8439940466204,1.72091309296213,-0.0700501705560519
-39.8274131933504,1.72091116875817,-0.0700579661726577
-39.8108329578976,1.72090928873001,-0.0700657265288938
-39.7942532611728,1.7209074528873,-0.0700734501540868
-39.7776740157712,1.7209056612419,-0.0700811352233091
-39.7610951265473,1.72090391380765,-0.0700887795766379
-39.7445164914644,1.72090221060002,-0.0700963807377466
-39.7279380026986,1.72090055163595,-0.070103935933255
-39.711359547923,1.72089893693371,-0.0701114421134501
-39.6947810116593,1.72089736651273,-0.0701188959763432
-39.6782022765664,1.72089584039344,-0.0701262939971281
-39.6616232245399,1.72089435859718,-0.0701336324584184
-39.6450437375219,1.72089292114614,-0.0701409074824623
-39.6284636980877,1.7208915280631,-0.0701481150653755
-39.6118829915431,1.72089017937095,-0.0701552511149702
-39.5953015117185,1.72088887509108,-0.0701623114945811
-39.5787191670836,1.72088761524158,-0.0701692920689314
-39.5621358829536,1.72088639983617,-0.0701761887490504
-39.5455515993657,1.72088522888404,-0.0701829975378362
-39.5289662665861,1.72088410239043,-0.0701897145769822
-39.5123798405986,1.72088302035745,-0.0701963361922834
-39.4957922800217,1.72088198278479,-0.0702028589318049
-39.4792035447398,1.72088098967018,-0.070209279591402
-39.46261359581,1.72088004100308,-0.0702155957693064
-39.4460223963043,1.72087913668688,-0.0702218051977794
-39.4294299135866,1.72087827649783,-0.0702279051998349
-39.4128361227678,1.72087746014474,-0.0702338933696366
-39.3962410100224,1.72087668730881,-0.0702397676663879
-39.3796445749178,1.72087595766374,-0.0702455265004206
-39.3630468316035,1.72087527088514,-0.0702511684774494
-39.3464478089778,1.72087462665488,-0.0702566924872998
-39.3298475502639,1.72087402466343,-0.0702620977587655
-39.3132461122279,1.72087346461137,-0.0702673838530414
-39.2966435641353,1.72087294620977,-0.0702725506615671
-39.2800399864145,1.72087246917936,-0.0702775984935231
-39.2634354690889,1.72087203324957,-0.0702825282257656
-39.2468301101808,1.7208716381582,-0.0702873408341538
-39.2302240138639,1.72087128365178,-0.0702920375004365
-39.2136172887367,1.72087096948451,-0.0702966197125491
-39.197010046294,1.72087069541581,-0.0703010892937867
-39.180402399655,1.72087046121375,-0.070305448301729
-39.1637944624717,1.72087026665707,-0.0703096988731732
-39.1471863478461,1.72087011153402,-0.0703138433979178
-39.130578167395,1.72086999564159,-0.0703178845404656
-39.113970030346,1.7208699187858,-0.0703218252081679
-39.097362042575,1.7208698807795,-0.070325668423048
-39.0807543054218,1.72086988144225,-0.0703294172634253
-39.064146913501,1.72086992060125,-0.0703330748109452
-39.0475399485994,1.72086999809224,-0.070336644142219
-39.0309334708322,1.7208701137606,-0.0703401284329948
-39.0143275129,1.72087026746601,-0.0703435306767633
-38.9977220799719,1.72087045908486,-0.0703468535143589
-38.9811171534884,1.72087068850679,-0.0703500992766064
-38.9645126962826,1.72087095563133,-0.0703532699913743
-38.9479086569276,1.72087126036442,-0.0703563673521464
-38.931304972539,1.72087160262019,-0.0703593927290017
-38.9147015704264,1.72087198232131,-0.0703623471476773
-38.8980983692939,1.72087239940184,-0.0703652311721834
-38.8814952803899,1.72087285380683,-0.0703680449265635
-38.864892208865,1.72087334548856,-0.0703707882066482
-38.8482890553072,1.72087387440429,-0.070373460630612
-38.8316857172534,1.72087444051513,-0.0703760618874437
-38.8150820908118,1.72087504378312,-0.0703785910940156
-38.7984780714721,1.72087568417523,-0.070381046906817
-38.7818735545847,1.72087636166633,-0.0703834276283049
-38.7652684355318,1.72087707623682,-0.0703857313319308
-38.7486626097232,1.72087782787093,-0.0703879559536324
-38.73205597261,1.72087861655558,-0.070390099376888
-38.715448422135,1.72087944228105,-0.0703921593747793
-38.6988398650419,1.72088030503814,-0.0703941335662351
-38.6822302225777,1.72088120481547,-0.070396019624955
-38.6656194321985,1.72088214159864,-0.0703978153933194
-38.6490074456211,1.72088311537092,-0.0703995189642544
-38.6323942262264,1.72088412611384,-0.0704011285028572
-38.6157797483582,1.72088517380725,-0.0704026422194108
-38.5991639984836,1.72088625842848,-0.0704040584327978
-38.5825469771768,1.72088737995065,-0.0704053756092035
-38.5659287008443,1.72088853834502,-0.0704065924821833
-38.5493092026568,1.72088973358293,-0.0704077080927919
-38.5326885319545,1.72089096563323,-0.0704087218918336
-38.5160667503376,1.72089223445712,-0.0704096335908222
-38.4994439219488,1.72089354001212,-0.0704104432425087
-38.4828200982021,1.72089488225526,-0.070411151320321
-38.4661953005901,1.72089626114544,-0.0704117587646443
-38.4495695072208,1.72089767664317,-0.0704122666180011
-38.4329426478376,1.7208991287102,-0.0704126760193724
-38.4163146099376,1.72090061730883,-0.0704129882159805
-38.3996852552169,1.72090214240159,-0.0704132046119306
-38.3830544431831,1.72090370394614,-0.0704133264311615
-38.3664220575992,1.7209053018908,-0.0704133545455376
-38.3497880320025,1.72090693617104,-0.0704132894348254
-38.3331523715034,1.72090860671042,-0.0704131313458934
-38.3165151687378,1.72091031341932,-0.0704128804205599
-38.2998766120353,1.720912056197,-0.0704125369861575
-38.2832369828957,1.72091383493527,-0.0704121017980844
-38.2665966407173,1.7209156495207,-0.0704115763575348
-38.2499559954133,1.72091749983509,-0.0704109629635837
-38.2333154728814,1.72091938575495,-0.0704102648266736
-38.21667548115,1.72092130715379,-0.070409486111725
-38.2000363847336,1.72092326390485,-0.070408631870562
-38.1833984913507,1.72092525588675,-0.0704077080020841
-38.1667620513636,1.72092728298646,-0.0704067210603281
-38.1501272672729,1.72092934509961,-0.0704056779897533
-38.1334943082055,1.72093144212914,-0.0704045858431212
-38.1168633247297,1.72093357398357,-0.07040345150673
-38.100234464996,1.72093574057777,-0.0704022815458145
-38.0836078917562,1.72093794183191,-0.070401082194746
-38.066983796285,1.7209401776677,-0.0703998595419521
-38.0503624049831,1.72094244801134,-0.070398619158702
-38.0337439751275,1.72094475279543,-0.0703973659994054
-38.0171287804666,1.72094709195539,-0.0703961046681312
-38.0005170905611,1.72094946543037,-0.0703948395694247
-37.983909148447,1.72095187316728,-0.0703935749160761
-37.9673051507406,1.72095431512366,-0.0703923148557691
-37.9507052333871,1.72095679127075,-0.0703910634985381
-37.9341094645034,1.72095930159561,-0.0703898248210476
-37.9175178455433,1.72096184609845,-0.0703886019003764
-37.9009303195318,1.72096442479418,-0.0703873971163671
-37.8843467865832,1.72096703771082,-0.0703862122791021
-37.8677671243639,1.72096968488608,-0.0703850487614882
-37.851191210458,1.72097236636303,-0.0703839068101116
-37.8346189413941,1.7209750821822,-0.070382785273293
-37.8180502447454,1.72097783238013,-0.0703816819436948
-37.8014850828971,1.72098061698936,-0.0703805938473927
-37.7849234481249,1.72098343603972,-0.0703795174788635
-37.7683653504415,1.72098628955548,-0.0703784488041085
-37.7518108003873,1.72098917756081,-0.0703773834770843
-37.7352597899165,1.72099210008488,-0.0703763170639793
-37.7187122741406,1.72099505716575,-0.0703752452054858
-37.7021681566196,1.72099804885389,-0.0703741630894751
-37.685627279685,1.72100107521474,-0.0703730655912691
-37.6690894222633,1.72100413632942,-0.0703719474021842
-37.6525543066317,1.7210072322928,-0.0703708031380226
-37.6360216138724,1.72101036320899,-0.0703696267654605
-37.6194910047831,1.72101352918788,-0.0703684115358293
-37.602962142376,1.72101673033962,-0.0703671499967316
-37.586434711367,1.721019966768,-0.0703658340051342
-37.5699084311586,1.7210232385712,-0.0703644548439044
-37.5533830608615,1.7210265458438,-0.0703630032926062
-37.5368583964365,1.72102988867194,-0.0703614699611985
-37.520334261429,1.72103326713185,-0.0703598455660058
-37.5038104940148,1.72103668129002,-0.0703581211666485
-37.4872869347888,1.7210401312127,-0.0703562880287486
-37.4707634178845,1.72104361696538,-0.0703543377439459
-37.4542397639482,1.72104713861234,-0.0703522623368905
-37.4377157737735,1.72105069621841,-0.0703500543303743
-37.4211912250535,1.72105428984743,-0.0703477066072523
-37.4046658748052,1.72105791956135,-0.0703452122442775
-37.388139468268,1.721061585419,-0.0703425646257892
-37.3716117529221,1.72106528747299,-0.0703397575021147
-37.3550824945974,1.72106902576474,-0.0703367850531478
-37.3385514924545,1.72107280032365,-0.0703336416892442
-37.322018590086,1.72107661116709,-0.0703303220495388
-37.3054836814218,1.72108045830002,-0.070326821073192
-37.2889467106183,1.7210843417159,-0.0703231341077316
-37.2724076659197,1.7210882613968,-0.0703192571129269
-37.255866568231,1.72109221731645,-0.0703151867887722
-37.2393234560737,1.72109620944219,-0.0703109207111551
-37.2227783696404,1.72110023773881,-0.0703064574255816
-37.2062313375782,1.72110430217208,-0.0703017965182841
-37.1896823703273,1.72110840270887,-0.0702969383880337
-37.1731314610014,1.72111253931954,-0.0702918841432331
-37.1565785926495,1.72111671197387,-0.0702866355855902
-37.1400237499627,1.72112092063717,-0.0702811952042959
-37.1234669332996,1.72112516526262,-0.0702755660550393
-37.1069081732658,1.72112944578944,-0.0702697513352359
-37.0903475438946,1.72113376214098,-0.0702637545673905
-37.0737851730903,1.72113811422253,-0.0702575797075889
-37.057221248492,1.72114250192007,-0.070251231205817
-37.040656016991,1.72114692510086,-0.0702447140873369
-37.0240897770199,1.7211513836159,-0.070238034043508
-37.0075228640682,1.72115587730374,-0.0702311975090879
-36.9909556316288,1.72116040599538,-0.0702242116944437
-36.9743884309392,1.72116496952217,-0.0702170851910373
-36.9578215929409,1.72116956766018,-0.0702098271750927
-36.9412554150218,1.72117420005836,-0.0702024467136142
-36.9246901537081,1.72117886629875,-0.0701949534204663
-36.9081260230681,1.72118356594289,-0.0701873573660578
-36.8915631960819,1.72118829855645,-0.0701796688837701
-36.8750018061939,1.72119306372278,-0.0701718983306233
-36.8584419527061,1.72119786104885,-0.0701640558658894
-36.8418837117494,1.7212026901653,-0.070156151297713
-36.8253271497233,1.72120755072325,-0.0701481940156025
-36.8087723345432,1.72121244239021,-0.0701401927433749
-36.7922193409238,1.72121736484746,-0.0701321554421245
-36.7756682485583,1.72122231778957,-0.0701240892767029
-36.7591191343035,1.7212273009259,-0.0701160008504928
-36.7425720609365,1.72123231398342,-0.0701078963911063
-36.7260270652743,1.72123735670988,-0.0700997819120796
-36.709484148552,1.72124242887655,-0.0700916625805401
-36.69294326985,1.72124753028017,-0.0700835429631022
-36.6764043443851,1.7212526607432,-0.0700754271379523
-36.6598672466663,1.72125782011234,-0.0700673186670339
-36.6433318183075,1.72126300825501,-0.0700592203950208
-36.626797879188,1.7212682250538,-0.0700511342504534
-36.6102652400467,1.72127347040425,-0.0700430613607425
-36.5937337145816,1.72127874421156,-0.0700350021435563
-36.5772031290147,1.72128404638802,-0.0700269564225034
-36.5606733277624,1.7212893768479,-0.0700189232667901
-36.544144174149,1.72129473550569,-0.0700109010907801
-36.527615546611,1.72130012227708,-0.0700028878150224
-36.5110873319842,1.72130553708104,-0.0699948810528742
-36.4945594202667,1.72131097984106,-0.0699868783369729
-36.4780317018536,1.72131645048493,-0.0699788770240885
-36.4615040636835,1.72132194894514,-0.0699708742245184
-36.4449763836488,1.72132747516044,-0.0699628670023023
-36.4284485255574,1.72133302907765,-0.0699548524868115
-36.4119203375093,1.72133861065242,-0.069946827979219
-36.3953916552245,1.72134421984822,-0.0699387907460514
-36.3788623097348,1.72134985663357,-0.0699307378453632
-36.3623321374945,1.72135552097834,-0.069922666273634
-36.345800990628,1.72136121284992,-0.0699145730486715
-36.3292687451472,1.7213669322099,-0.0699064552362197
-36.3127353057545,1.72137267901233,-0.0698983099786547
-36.2962006065887,1.72137845320409,-0.0698901345462226
-36.2796646080135,1.72138425472621,-0.0698819264186924
-36.2631272900229,1.72139008351616,-0.0698736834407739
-36.2465886434168,1.72139593951106,-0.0698654040407833
-36.2300486603225,1.72140182265089,-0.0698570870310179
-36.2135073255683,1.72140773288125,-0.0698487314123362
-36.1969646104569,1.72141367015536,-0.069840336576029
-36.1804204700821,1.72141963443504,-0.0698319024237779
-36.1638748445484,1.72142562569031,-0.0698234294596048
-36.1473276640672,1.72143164389659,-0.0698149185163288
-36.1307788580399,1.72143768903052,-0.0698063705661415
-36.1142283667744,1.72144376106569,-0.0697977866863143
-36.0976761532829,1.72144985996768,-0.0697891680595989
-36.0811222129873,1.72145598569,-0.069780515968391
-36.06456657992,1.72146213817192,-0.0697718317650695
-36.0480093286895,1.72146831733815,-0.069763117117825
-36.0314505722251,1.72147452309978,-0.0697543741184689
-36.0148904558518,1.72148075535581,-0.0697456053245484
-35.9983291484222,1.72148701399608,-0.0697368138228263
-35.9817668319203,1.7214932989051,-0.0697280033287802
-35.9652036912094,1.7214996099658,-0.0697191782489318
-35.9486399056692,1.72150594706313,-0.069710343358693
-35.9320756436241,1.72151231008704,-0.0697015038320334
-35.9155110602086,1.7215186989337,-0.0696926652318391
-35.8989462984792,1.72152511350508,-0.069683833440069
-35.8823814930244,1.72153155370738,-0.0696750145368164
-35.8658167749468,1.72153801944905,-0.0696662146129202
-35.8492522768088,1.72154451063924,-0.0696574398257793
-35.8326881356348,1.72155102718733,-0.0696486964122641
-35.8161244901419,1.72155756900496,-0.0696399907349121
-35.7995614721721,1.72156413601095,-0.0696313291036384
-35.782999199039,1.72157072813536,-0.0696227177279216
-35.7664377688759,1.72157734532154,-0.0696141625968246
-35.7498772581741,1.72158398752657,-0.0696056694471681
-35.7333177197852,1.72159065472133,-0.0695972437562018
-35.7167591805403,1.72159734689051,-0.0695888905376809
-35.7002016386495,1.72160406403343,-0.0695806144292832
-35.6836450623236,1.72161080616406,-0.0695724197245092
-35.6670893907763,1.72161757330916,-0.0695643103717537
-35.6505345381288,1.72162436550836,-0.0695562898148877
-35.6339803996861,1.72163118281204,-0.0695483609173918
-35.6174268596877,1.72163802527878,-0.0695405259540639
-35.6008737992576,1.72164489297113,-0.0695327863886326
-35.584321103,1.72165178595075,-0.0695251430527559
-35.5677686633424,1.72165870427458,-0.0695175962902515
-35.5512163823253,1.72166564799188,-0.0695101461051686
-35.5346641730504,1.72167261714963,-0.0695027920452026
-35.5181119625288,1.7216796117902,-0.0694955333227244
-35.5015596923101,1.721686631949,-0.0694883689354403
-35.4850073143215,1.72169367765084,-0.0694812976317194
-35.4684547830552,1.72170074891598,-0.0694743180094468
-35.4519020472957,1.72170784576566,-0.0694674286571844
-35.4353490443645,1.72171496822907,-0.069460628179739
-35.4187956984235,1.72172211634035,-0.0694539148551546
-35.4022419225414,1.72172929013632,-0.0694472869064535
-35.3856876236798,1.72173648965446,-0.069440742683187
-35.369132709043,1.72174371492945,-0.0694342808046289
-35.3525770924812,1.72175096598912,-0.0694278997587261
-35.3360206996162,1.72175824285495,-0.0694215978206029
-35.3194634710682,1.72176554554243,-0.0694153730404036
-35.3029053633735,1.72177287405987,-0.0694092234439343
-35.2863463475806,1.72178022840878,-0.0694031471689885
-35.2697864057506,1.72178760858524,-0.069397142571855
-35.2532255259501,1.72179501458,-0.0693912082120907
-35.2366636965833,1.72180244638431,-0.0693853426340475
-35.2201009009306,1.72180990399113,-0.0693795445917732
-35.2035371130056,1.72181738739585,-0.0693738132059703
-35.1869722954104,1.72182489659714,-0.0693681480069683
-35.1704063996049,1.72183243159956,-0.0693625485138818
-35.1538393683583,1.72183999241184,-0.0693570142839215
-35.1372711403318,1.72184757904383,-0.0693515449905587
-35.1207016569233,1.72185519150228,-0.0693461404809755
-35.1041308703641,1.72186282978536,-0.0693408005568529
-35.0875587509788,1.72187049388134,-0.0693355250116923
-35.0709852922707,1.72187818376738,-0.0693303137295547
-35.0544105131922,1.72188589940932,-0.0693251667129458
-35.0378344577915,1.72189364075887,-0.0693200839346406
-35.0212571923571,1.72190140775409,-0.0693150655661399
-35.0046788007996,1.72190920032228,-0.0693101122099102
-34.9880993790232,1.72191701838365,-0.0693052250166207
-34.9715190293635,1.72192486185089,-0.0693004052517129
-34.9549378555938,1.72193273063382,-0.0692956544286896
-34.9383559593858,1.72194062464248,-0.0692909744406953
-34.9217734386254,1.72194854378817,-0.0692863676446139
-34.9051903877132,1.7219564879827,-0.0692818366379968
-34.8886068994065,1.72196445713739,-0.0692773841734744
-34.8720230676428,1.72197245116215,-0.0692730132545329
-34.8554389907395,1.72198046996391,-0.069268726974448
-34.838854774082,1.72198851344469,-0.0692645280234561
-34.8222705311997,1.72199658150279,-0.0692604190391352
-34.8056863831908,1.72200467403441,-0.0692564028359681
-34.7891024550579,1.72201279093776,-0.0692524825215764
-34.772518865922,1.72202093211695,-0.0692486612490281
-34.7559357162752,1.72202909748581,-0.0692449421192542
-34.7393530788746,1.72203728697352,-0.0692413281602907
-34.7227709954664,1.72204550052605,-0.0692378222371497
-34.7061894778999,1.72205373810814,-0.0692344270666458
-34.6896085114292,1.72206199970292,-0.0692311451587577
-34.6730280585308,1.72207028530937,-0.0692279787271467
-34.6564480627567,1.72207859493882,-0.0692249296181336
-34.6398684527737,1.7220869286114,-0.0692219992638353
-34.6232891468104,1.72209528635343,-0.0692191886354832
-34.6067100572958,1.72210366819503,-0.0692164982276265
-34.5901310952256,1.7221120741665,-0.0692139281150176
-34.5735521736174,1.72212050429878,-0.0692114779142898
-34.5569732094316,1.7221289586233,-0.0692091468150071
-34.5403941247993,1.72213743717115,-0.0692069336455369
-34.5238148507539,1.72214593996906,-0.0692048368815709
-34.507235331346,1.72215446703694,-0.0692028546853529
-34.4906555238737,1.72216301837964,-0.0692009857216548
-34.4740753946927,1.72217159390154,-0.0691992284680853
-34.4574949127998,1.7221801933566,-0.0691975806839086
-34.4409140441806,1.72218881641514,-0.0691960398902806
-34.4243327485472,1.72219746271873,-0.0691946036809236
-34.407750979176,1.7222061319098,-0.0691932698469519
-34.3911686851837,1.72221482364552,-0.06919203640748
-34.3745858151603,1.72222353759845,-0.0691909012517711
-34.3580023209076,1.72223227345099,-0.069189862232202
-34.3414181606394,1.72224103089307,-0.0691889172304416
-34.3248333011186,1.72224980962196,-0.0691880641590464
-34.3082477184285,1.72225860934121,-0.0691873009128766
-34.2916613973157,1.72226742975937,-0.069186625314271
-34.2750743291745,1.72227627059552,-0.0691860352940183
-34.2584865090655,1.72228513158103,-0.0691855289927094
-34.2418979322049,1.72229401245878,-0.0691851047816277
-34.225308590501,1.72230291298631,-0.0691847611483642
-34.2087184697098,1.72231183293708,-0.0691844966672995
-34.1921275476965,1.72232077210072,-0.069184310018591
-34.1755357940998,1.72232973028334,-0.069184200065869
-34.1589431717716,1.72233870730282,-0.0691841658360384
-34.1423496406278,1.72234770298399,-0.0691842062685449
-34.1257551629916,1.72235671715793,-0.0691843202413679
-34.1091597088633,1.7223657496597,-0.0691845066144155
-34.0925632601011,1.72237480032609,-0.0691847641999921
-34.0759658131258,1.72238386899525,-0.0691850916599953
-34.0593673800663,1.72239295550327,-0.0691854877836649
-34.0427679885923,1.72240205968211,-0.0691859516385777
-34.0261676805362,1.72241118135745,-0.0691864826718536
-34.0095665095321,1.72242032035477,-0.069187080536742
-33.9929645378827,1.72242947650265,-0.0691877450238426
-33.976361833127,1.7224386496339,-0.0691884760760663
-33.9597584648565,1.72244783958663,-0.0691892738155874
-33.9431545022759,1.7224570462078,-0.0691901384519294
-33.9265500127575,1.72246626935026,-0.0691910703758934
-33.909945061608,1.72247550887077,-0.0691920701824684
-33.8933397129056,1.72248476462877,-0.0691931386861515
-33.8767340311171,1.72249403648735,-0.0691942768716335
-33.8601280830278,1.72250332431199,-0.0691954857530632
-33.8435219394193,1.72251262797088,-0.0691967663624427
-33.8269156760994,1.72252194733453,-0.0691981197507517
-33.8103093739487,1.72253128227662,-0.0691995469532311
-33.793703117652,1.72254063267675,-0.0692010489008243
-33.777096990917,1.72254999841796,-0.0692026265634926
-33.7604910663047,1.72255937939086,-0.0692042810004243
-33.7438853950231,1.7225687755,-0.0692060133995223
-33.7272800016717,1.72257818667143,-0.0692078249873793
-33.7106748844168,1.72258761285072,-0.069209716804027
-33.6940700183759,1.72259705400356,-0.0692116896017963
-33.6774653598784,1.72260651011102,-0.0692137438628329
-33.6608608504117,1.72261598116593,-0.069215879862844
-33.6442564199666,1.72262546717056,-0.0692180977937116
-33.6276519902109,1.72263496813463,-0.0692203974104269
-33.6110474774158,1.72264448407336,-0.069222777970419
-33.5944427953093,1.72265401500601,-0.0692252381794094
-33.5778378577492,1.72266356095446,-0.0692277764046714
-33.5612325832792,1.72267312194009,-0.0692303908005216
-33.5446269025717,1.72268269797858,-0.0692330793714546
-33.5280207641078,1.72269228907586,-0.0692358399917629
-33.5114141347121,1.72270189522743,-0.0692386704132466
-33.4948069954478,1.72271151642076,-0.0692415683042311
-33.4781993354128,1.72272115263905,-0.0692445313016395
-33.4615911460049,1.72273080386482,-0.069247557062648
-33.4449824171306,1.72274047008278,-0.069250643324291
-33.4283731356305,1.7227501512826,-0.0692537879937378
-33.4117632854962,1.72275984745662,-0.0692569890859118
-33.3951528491643,1.72276955859327,-0.0692602445202112
-33.3785418092233,1.7227792846802,-0.069263552265121
-33.3619301502676,1.72278902570528,-0.0692669104238986
-33.3453178605396,1.72279878165582,-0.0692703173084723
-33.3287049331985,1.72280855251754,-0.0692737712825071
-33.3120913669126,1.7228183382739,-0.0692772706898763
-33.295477165918,1.72282813890558,-0.0692808137822439
-33.2788623401824,1.72283795438989,-0.0692843988931951
-33.2622469054865,1.72284778470034,-0.0692880245113382
-33.2456308825858,1.72285762980695,-0.0692916892896869
-33.2290142953551,1.72286748967745,-0.0692953920401285
-33.2123971684496,1.72287736427882,-0.0692991317073715
-33.1957795251994,1.72288725357862,-0.0693029073487603
-33.179161386341,1.72289715754573,-0.0693067181303585
-33.1625427697989,1.72290707615058,-0.0693105633553441
-33.1459236914324,1.72291700936482,-0.0693144425516352
-33.1293041665161,1.72292695716089,-0.0693183553333433
-33.112684211512,1.72293691950901,-0.069322301269773
-33.0960638457812,1.72294689637697,-0.069326279654675
-33.0794430927867,1.72295688772987,-0.0693302897769767
-33.0628219807402,1.72296689352977,-0.069334331047345
-33.0462005425,1.72297691373558,-0.0693384030144404
-33.0295788146743,1.72298694830375,-0.069342505339969
-33.0129568360016,1.72299699718947,-0.0693466377498193
-32.9963346450827,1.72300706034739,-0.069350800028161
-32.9797122755456,1.72301713773329,-0.0693549920622632
-32.9630897464332,1.72302722931342,-0.0693592137973672
-32.9464670531699,1.72303733507275,-0.0693634652618121
-32.9298441642056,1.72304745501471,-0.0693677462984496
-32.9132210235164,1.7230575891585,-0.0693720564460662
-32.8965975565673,1.72306773753517,-0.0693763950752165
-32.879973679089,1.72307790018185,-0.0693807614726893
-32.8633493086761,1.72308807713441,-0.0693851549279994
-32.8467243746915,1.72309826841938,-0.0693895744961756
-32.8300988228049,1.72310847404945,-0.069394018849277
-32.8134726144678,1.72311869402849,-0.0693984863809859
-32.7968457238035,1.72312892835227,-0.0694029753878617
-32.7802181348275,1.72313917700936,-0.0694074841559264
-32.7635898405425,1.72314943998173,-0.0694120110189841
-32.7469608429562,1.72315971724494,-0.0694165543898143
-32.7303311528283,1.7231700087681,-0.0694211127881906
-32.7137007886948,1.72318031451384,-0.0694256849220671
-32.6970697754489,1.72319063444104,-0.0694302697644438
-32.6804381430793,1.72320096850375,-0.0694348664078185
-32.6638059259117,1.72321131665113,-0.069439474005114
-32.6471731625926,1.72322167882881,-0.0694440916855333
-32.6305398966484,1.72323205497885,-0.0694487186608633
-32.6139061773843,1.72324244503896,-0.0694533542600388
-32.597272060741,1.72325284894192,-0.0694579978577912
-32.5806376097242,1.72326326661571,-0.0694626490419011
-32.5640028943185,1.7232736979837,-0.0694673076293262
-32.5473679906546,1.7232841429651,-0.0694719736235356
-32.5307329794833,1.72329460147633,-0.0694766472230513
-32.5140979440508,1.72330507343108,-0.0694813288187179
-32.4974629675852,1.723315558741,-0.0694860189967083
-32.4808281304605,1.72332605731883,-0.0694907182679879
-32.4641935049886,1.72333656908274,-0.0694954271407272
-32.4475591459956,1.72334709396331,-0.0695001461619081
-32.430925082519,1.72335763190936,-0.0695048759090843
-32.4142913152655,1.72336818288921,-0.0695096169363756
-32.3976578197797,1.72337874688688,-0.0695143696662887
-32.3810245525438,1.72338932390024,-0.0695191343704246
-32.3643914571187,1.72339991393812,-0.0695239111291454
-32.3477584687623,1.72341051701803,-0.0695286998348031
-32.3311255174712,1.72342113316117,-0.0695335001021466
-32.3144925322755,1.72343176238821,-0.0695383112788074
-32.2978594486634,1.7234424047141,-0.0695431323858042
-32.2812262147013,1.72345306014419,-0.0695479621835588
-32.2645927926272,1.72346372867381,-0.0695527992998398
-32.2479591563444,1.7234744102882,-0.0695576419356915
-32.2313252867332,1.72348510496674,-0.0695624881358838
-32.2146911672993,1.7234958126863,-0.0695673359798916
-32.198056781366,1.72350653342235,-0.0695721836875093
-32.1814221109638,1.72351726715195,-0.0695770295403043
-32.1647871368352,1.72352801385463,-0.0695818718522199
-32.1481518390742,1.72353877351273,-0.0695867089780846
-32.1315161980314,1.72354954610813,-0.0695915391586943
-32.1148801952136,1.72356033162041,-0.0695963606422733
-32.0982438140618,1.72357113002568,-0.0696011717803995
-32.0816070406297,1.72358194129533,-0.0696059711472928
-32.0649698641041,1.72359276539859,-0.0696107572259105
-32.0483322768687,1.72360360230367,-0.0696155284909989
-32.0316942741291,1.72361445197789,-0.0696202834688976
-32.0150558531305,1.72362531438785,-0.0696250207657084
-31.9984170121232,1.72363618948992,-0.0696297394967663
-31.9817777491773,1.7236470771334,-0.0696344388139877
-31.9651380609844,1.72365797702268,-0.0696391175893021
-31.9484979421133,1.72366888879335,-0.0696437743685491
-31.9318573845584,1.72367981205376,-0.0696484077565949
-31.9152163785294,1.72369074640605,-0.0696530166218714
-31.8985749146169,1.7237016914559,-0.0696576001354102
-31.8819329862089,1.7237126468177,-0.0696621576002569
-31.8652905912657,1.72372361211642,-0.0696666883661946
-31.848647733324,1.72373458699013,-0.069671191703131
-31.832004421948,1.72374557108938,-0.0696756667460107
-31.8153606728356,1.72375656407624,-0.0696801126975432
-31.7987165077477,1.72376756562344,-0.069684528948045
-31.7820719541853,1.72377857541369,-0.0696889151385776
-31.7654270447702,1.72378959313941,-0.069693270894439
-31.7487818161564,1.72380061850272,-0.0696975959159143
-31.7321363076863,1.72381165121447,-0.0697018901193737
-31.7154905600032,1.72382269099281,-0.0697061537616152
-31.698844613898,1.72383373757237,-0.0697103868722803
-31.682198509191,1.72384479070098,-0.0697145894694059
-31.6655522840659,1.72385585013762,-0.0697187617363968
-31.64890597485,1.72386691565211,-0.069722904091102
-31.6322596144686,1.72387798702396,-0.0697270168457491
-31.6156132226746,1.72388906404926,-0.0697311003034853
-31.5989668007548,1.72390014654559,-0.0697351548902533
-31.5823203326711,1.72391123435213,-0.0697391812241628
-31.5656737875498,1.72392232732021,-0.0697431795397969
-31.5490271225112,1.7239334253151,-0.0697471498638653
-31.5323802871225,1.72394452821621,-0.0697510921872062
-31.5157332311265,1.72395563591243,-0.0697550065621556
-31.4990859122297,1.72396674829087,-0.0697588927426107
-31.4824382994224,1.72397786523683,-0.0697627502807934
-31.4657903718275,1.72398898663796,-0.0697665786121615
-31.4491421150895,1.7240001123897,-0.0697703771679268
-31.4324935177671,1.7240112423907,-0.0697741452934679
-31.4158445690975,1.72402237654108,-0.0697778822656109
-31.3991952584424,1.7240335147419,-0.0697815874301274
-31.3825455759347,1.72404465689729,-0.0697852601622096
-31.3658955135924,1.72405580291447,-0.0697888994468736
-31.3492450662224,1.72406695270463,-0.0697925042762573
-31.3325942326221,1.72407810618292,-0.0697960738597431
-31.3159430172133,1.72408926326792,-0.0697996076760621
-31.2992914314678,1.72410042387692,-0.0698031051731275
-31.2826394941679,1.72411158792511,-0.069806565864328
-31.265987230586,1.7241227553261,-0.0698099893627274
-31.2493346710136,1.72413392599331,-0.0698133753770921
-31.2326818491015,1.72414509984132,-0.0698167237112966
-31.2160288003268,1.72415627678606,-0.0698200342852625
-31.1993755606923,1.72416745674289,-0.0698233072254463
-31.182722165846,1.7241786396323,-0.0698265426803741
-31.1660686504671,1.72418982538319,-0.0698297406753175
-31.1494150477087,1.72420101392866,-0.0698329013059762
-31.1327613864127,1.72421220520594,-0.0698360248524001
-31.1161076834328,1.72422339916045,-0.0698391119039865
-31.0994539363074,1.7242345957528,-0.069842163030026
-31.0828001220435,1.72424579496186,-0.0698451785516311
-31.0661462051989,1.72425699677709,-0.0698481585068949
-31.0494921500641,1.72426820118908,-0.0698511028546346
-31.0328379292448,1.7242794081841,-0.0698540115605093
-31.0161835258348,1.72429061774416,-0.069856884634391
-30.9995289307688,1.72430182984709,-0.0698597220864386
-30.9828741384597,1.72431304446798,-0.0698625239908973
-30.9662191433397,1.72432426157662,-0.0698652900859051
-30.9495639380386,1.72433548114551,-0.0698680199673782
-30.932908513149,1.7243467031544,-0.0698707131649237
-30.9162528577741,1.72435792759196,-0.0698733690963547
-30.8995969602243,1.72436915444946,-0.06987598723807
-30.8829408086424,1.72438038371881,-0.0698785671911006
-30.8662843915493,1.7243916153945,-0.0698811086616844
-30.8496276982596,1.72440284946943,-0.069883611421875
-30.8329707192693,1.72441408593163,-0.0698860752550494
-30.8163134465828,1.724425324763,-0.0698885000493078
-30.7996558739699,1.7244365659448,-0.0698908856541157
-30.7829979969734,1.7244478094574,-0.0698932318173208
-30.7663398127212,1.72445905527533,-0.0698955381255313
-30.7496813198763,1.72447030337515,-0.0698978041397827
-30.733022519692,1.72448155373671,-0.0699000294637348
-30.7163634170461,1.72449280634229,-0.0699022138065101
-30.6997040206018,1.72450406117728,-0.0699043570219285
-30.6830443422456,1.7245153182244,-0.0699064587599163
-30.6663843961434,1.7245265774619,-0.0699085187211284
-30.6497241981088,1.72453783886365,-0.0699105368201251
-30.6330637654703,1.72454910239931,-0.0699125132568035
-30.6164031174112,1.72456036803872,-0.069914448103442
-30.5997422753289,1.72457163575081,-0.0699163414339987
-30.583081263163,1.72458290550282,-0.0699181934793544
-30.5664201075349,1.72459417725896,-0.0699200047985832
-30.5497588377429,1.72460545097756,-0.0699217758779068
-30.5330974851778,1.72461672661716,-0.0699235070922496
-30.5164360799648,1.72462800414017,-0.0699251987518874
-30.4997746423972,1.72463928352059,-0.0699268510568107
-30.4831131743059,1.72465056474459,-0.0699284642840026
-30.4664516561765,1.72466184780974,-0.0699300388487108
-30.4497900527896,1.72467313271993,-0.0699315752875065
-30.433128324862,1.72468441948041,-0.069933074089547
-30.4164664387073,1.72469570809277,-0.0699345356029282
-30.3998043701818,1.72470699855265,-0.0699359600176339
-30.3831421036079,1.72471829085009,-0.0699373473911443
-30.3664796285636,1.72472958497054,-0.0699386977107728
-30.3498169371362,1.7247408808978,-0.0699400108861568
-30.3331540227388,1.72475217861566,-0.0699412867492946
-30.3164908802931,1.72476347811087,-0.0699425249708841
-30.2998275068884,1.72477477936789,-0.0699437252427853
-30.2831639022751,1.72478608236676,-0.0699448873647931
-30.2665000688567,1.72479738708341,-0.0699460112499215
-30.2498360111638,1.72480869349065,-0.0699470968893547
-30.2331717350362,1.72482000155953,-0.0699481442933962
-30.2165072467219,1.72483131126041,-0.0699491534652017
-30.1998425521924,1.7248426225648,-0.0699501244580515
-30.1831776567187,1.72485393544725,-0.0699510574504215
-30.1665125647319,1.72486524987806,-0.069951952496755
-30.1498472797922,1.7248765658264,-0.069952809630298
-30.1331818047488,1.72488788326149,-0.0699536289437311
-30.1165161420401,1.72489920215119,-0.069954410647816
-30.0998502941047,1.72491052246448,-0.0699551549694729
-30.083184263751,1.72492184417345,-0.069955862072211
-30.0665180544571,1.72493316725041,-0.0699565321237739
-30.0498516705035,1.72494449166609,-0.069957165299811
-30.0331851169151,1.72495581738929,-0.0699577617833041
-30.0165183992698,1.72496714438716,-0.0699583217813931
-29.9998515233692,1.72497847262583,-0.0699588455645274
-29.9831844948558,1.72498980207102,-0.0699593335285125
-29.9665173187758,1.72500113268848,-0.0699597861208822
-29.9498499991378,1.72501246444432,-0.0699602036772425
-29.9331825386073,1.72502379730529,-0.069960586323958
-29.9165149383479,1.72503513123877,-0.069960934188917
-29.8998471981484,1.72504646621284,-0.0699612475047293
-29.8831793166032,1.72505780219636,-0.069961526676902
-29.8665112914996,1.72506913915856,-0.0699617721107468
-29.8498431202403,1.72508047706844,-0.0699619841488175
-29.8331748002527,1.72509181589467,-0.0699621631089042
-29.8165063293526,1.72510315560548,-0.0699623093607961
-29.7998377059817,1.72511449616837,-0.0699624232263341
-29.7831689292842,1.7251258375499,-0.0699625048855041
-29.766499998998,1.72513717971596,-0.0699625542372602
-29.7498309151652,1.72514852263197,-0.0699625711991773
-29.7331616778403,1.72515986626315,-0.0699625558098632
-29.7164922867474,1.72517121057477,-0.069962508213289
-29.6998227409971,1.72518255553228,-0.0699624286298027
-29.6831530388801,1.72519390110155,-0.0699623173559112
-29.6664831777721,1.72520524724896,-0.0699621748463482
-29.649813154233,1.72521659394139,-0.0699620015874129
-29.6331429642345,1.72522794114663,-0.0699617979422438
-29.6164726035158,1.72523928883425,-0.0699615639888592
-29.5998020678907,1.72525063697008,-0.0699612996166398
-29.5831313535994,1.72526198551845,-0.0699610047531116
-29.5664604576617,1.72527333444351,-0.0699606794753129
-29.5497893781251,1.72528468370928,-0.0699603240935701
-29.533118114205,1.72529603327923,-0.0699599389311609
-29.5164466661984,1.72530738311619,-0.0699595241868806
-29.4997750343018,1.72531873439883,-0.0699590035076865
-29.4831032186946,1.72533010110368,-0.0699583223023706
-29.4664312204988,1.72534151445552,-0.0699575254090744
-29.4497590441513,1.72535301447286,-0.0699566546551787
-29.4330866994951,1.72536464452944,-0.0699557363458896
-29.4164142013378,1.72537644856203,-0.0699547794962533
-29.3997415677211,1.7253884696919,-0.0699537800556292
-29.3830688182923,1.72540074957896,-0.069952727068973
-29.3663959726274,1.72541332815145,-0.0699516077946966
-29.3497230450663,1.72542624356262,-0.0699504111166074
-29.3330500400046,1.72543953224328,-0.0699491290208694
-29.316376952311,1.72545322895286,-0.0699477565711123
-29.2997037725008,1.7254673668051,-0.0699462910582148
-29.2830304925575,1.72548197728415,-0.06994473086501
-29.266357109271,1.7254970902808,-0.069943074547307
-29.249683624444,1.72551273415657,-0.0699413204802289
-29.2330100432876,1.72552893582358,-0.0699394667700003
-29.216336372433,1.72554572082603,-0.0699375114084539
-29.199662618567,1.72556311341469,-0.0699354523806796
-29.1829887878082,1.72558113661251,-0.0699332877479764
-29.1663148856858,1.72559981227246,-0.0699310157815838
-29.1496409174294,1.72561916112624,-0.0699286350422337
-29.1329668882536,1.72563920282815,-0.0699261444131735
-29.1162928036155,1.72565995600439,-0.0699235428846102
-29.0996186693612,1.72568143829401,-0.0699208296158643
-29.0829444919317,1.72570366638913,-0.0699180039359165
-29.0662702784084,1.72572665607456,-0.0699150653022892
-29.049596036563,1.72575042226575,-0.0699120133005856
-29.0329217748553,1.72577497904503,-0.0699088476573343
-29.0162475023599,1.72580033969651,-0.0699055682401253
-28.999573228548,1.72582651673941,-0.0699021750424482
-28.9828989629835,1.72585352196068,-0.0698986682215668
-28.9662247149749,1.72588136644626,-0.0698950481601544
-28.9495504932858,1.72591006060754,-0.0698913150811857
-28.9328763058309,1.72593961421198,-0.0698874692253756
-28.9162021595336,1.72597003641154,-0.0698835109793457
-28.8995280603639,1.72600133576881,-0.0698794409075778
-28.8828540133911,1.72603352028447,-0.0698752597027931
-28.8661800229276,1.72606659742086,-0.0698709681637762
-28.8495060927543,1.7261005741243,-0.0698665672666498
-28.8328322265342,1.72613545685117,-0.0698620578227258
-28.8161584278767,1.72617125159088,-0.0698574405795874
-28.799484700436,1.72620796388663,-0.0698527163257445
-28.7828110479906,1.72624559885476,-0.0698478859342321
-28.7661374744655,1.72628416120815,-0.0698429503622447
-28.7494639837691,1.72632365527827,-0.0698379106460773
-28.7327905795698,1.7263640850356,-0.0698327679232331
-28.7161172651123,1.72640545410489,-0.0698275233046429
-28.6994440430229,1.72644776578478,-0.0698221778998357
-28.6827709150603,1.72649102306573,-0.0698167328651357
-28.6660978820224,1.72653522864651,-0.0698111894570781
-28.6494249438319,1.72658038496056,-0.0698055487468463
-28.632752099638,1.72662649418673,-0.0697998118076258
-28.6160793480073,1.72667355826194,-0.069793979797267
-28.5994066871809,1.72672157889638,-0.0697880539545493
-28.5827341153574,1.72677055758877,-0.0697820355770733
-28.5660616309369,1.72682049564072,-0.0697759259901708
-28.5493892326815,1.7268713941704,-0.0697697265235891
-28.5327169198047,1.72692325412529,-0.0697634385242959
-28.5160446920033,1.7269760762936,-0.0697570633836443
-28.4993725493142,1.72702986132064,-0.0697506024518929
-28.4827004919614,1.72708460972375,-0.0697440570223856
-28.4660285202017,1.72714032190217,-0.0697374283221769
-28.4493566341952,1.72719699814708,-0.0697307175966705
-28.4326848337979,1.72725463865206,-0.0697239261641763
-28.4160131184538,1.72731324352327,-0.0697170555166184
-28.3993414872551,1.72737281279025,-0.0697101071537487
-28.3826699391236,1.72743334641717,-0.0697030824765268
-28.3659984728711,1.72749484430869,-0.0696959828925836
-28.3493270873878,1.72755730632025,-0.0696888097913116
-28.3326557818736,1.7276207322668,-0.0696815645537152
-28.315984556098,1.72768512193057,-0.0696742485474976
-28.2993134105011,1.72775047506897,-0.0696668630683221
-28.2826423462344,1.72781679142385,-0.0696594093240362
-28.2659713651057,1.72788407072743,-0.0696518885915306
-28.2493004695134,1.72795231270727,-0.0696443023233721
-28.2326296623271,1.728021517091,-0.069636652235721
-28.2159589467443,1.72809168361788,-0.0696289399723719
-28.199288325978,1.7281628120454,-0.0696211671082966
-28.1826178030919,1.72823490215132,-0.0696133350596048
-28.1659473809093,1.7283079537398,-0.0696054450309357
-28.1492770619597,1.72838196664865,-0.0695974982671202
-28.1326068485138,1.72845694075493,-0.0695894961986585
-28.1159367427473,1.72853287597808,-0.0695814404998761
-28.099266746915,1.72860977227967,-0.069573332652445
-28.0825968634211,1.72868762966993,-0.069565174076887
-28.0659270949479,1.72876644821356,-0.0695569662835727
-28.0492574446315,1.72884622803305,-0.0695487109425532
-28.032587916091,1.72892696930761,-0.069540409475204
-28.0159185133167,1.72900867227793,-0.0695320632245102
-27.9992492405588,1.7290913372506,-0.0695236736066036
-27.9825801021983,1.72917496460192,-0.0695152422216319
-27.9659111025968,1.72925955478232,-0.069506770674399
-27.9492422458951,1.72934510831312,-0.0694982604910656
-27.9325735358565,1.72943162578828,-0.0694897131778658
-27.9159049757361,1.72951910787616,-0.0694811302541579
-27.8992365682772,1.72960755532359,-0.0694725130866002
-27.882568315637,1.72969696896095,-0.0694638629946582
-27.8659002194662,1.72978734970491,-0.0694551813267699
-27.849232281083,1.72987869855983,-0.0694464694718288
-27.8325645017248,1.72997101661231,-0.0694377287742569
-27.8158968826269,1.73006430503239,-0.0694289605598538
-27.7992294250482,1.73015856507517,-0.0694201661697354
-27.782562130307,1.73025379808216,-0.0694113470610224
-27.7658949998364,1.73035000547794,-0.0694025048311994
-27.7492280352257,1.73044718876902,-0.0693936409800236
-27.732561238012,1.73054534954456,-0.0693847567858343
-27.7158946094683,1.73064448948052,-0.0693758533881679
-27.6992281504573,1.73074461034115,-0.0693669317866563
-27.6825618613391,1.73084571397909,-0.0693579930385194
-27.6658957419213,1.73094780233524,-0.0693490383382338
-27.6492297914408,1.73105087743871,-0.0693400690453311
-27.6325640085999,1.73115494140679,-0.0693310864360486
-27.6158983916495,1.73125999644072,-0.0693220916770423
-27.5992329385364,1.73136604482324,-0.0693130857681857
-27.5825676470524,1.73147308891765,-0.0693040697136934
-27.5659025149841,1.73158113116621,-0.0692950445921863
-27.5492375402317,1.73169017408734,-0.0692860115874371
-27.5325727208908,1.73180022027665,-0.0692769719321794
-27.5159080552653,1.7319112724071,-0.0692679269146805
-27.499243541882,1.73202333322688,-0.0692588775125455
-27.4825791793463,1.73213640555747,-0.0692498246153205
-27.4659149662173,1.73225049229192,-0.0692407691628436
-27.4492509009136,1.73236559639293,-0.0692317121942512
-27.4325869816005,1.73248172089432,-0.0692226547555042
-27.4159232061388,1.73259886890015,-0.0692135978688711
-27.3992595720795,1.73271704358389,-0.0692045425645172
-27.3825960767024,1.73283624818859,-0.0691954899646225
-27.3659327171378,1.73295648601984,-0.0691864411429007
-27.3492694904708,1.73307776044205,-0.069177397079085
-27.3326063938582,1.73320007487673,-0.0691683586824543
-27.315943424706,1.73332343279876,-0.0691593267985806
-27.2992805807116,1.73344783773453,-0.0691503022795989
-27.2826178599421,1.73357329326313,-0.0691412858501179
-27.265955260826,1.73369980301541,-0.0691322782563429
-27.2492927821444,1.73382737067277,-0.0691232803597933
-27.232630422967,1.73395599996637,-0.0691142931716319
-27.2159681825965,1.7340856946675,-0.0691053175597797
-27.1993060603719,1.73421645859024,-0.0690963543332938
-27.1826440555402,1.73434829559336,-0.0690874043493914
-27.1659821672177,1.73448120957898,-0.0690784686140412
-27.1493203943972,1.73461520448071,-0.0690695480722484
-27.1326587359588,1.7347502842731,-0.0690606434602376
-27.1159971906748,1.73488645296882,-0.0690517554841593
-27.0993357572843,1.73502371461376,-0.0690428849220634
-27.0826744342339,1.73516207328598,-0.0690340326555043
-27.0660132177822,1.7353015331126,-0.0690251995002405
-27.0493520968732,1.73544209830769,-0.0690163862218603
-27.032691045349,1.73558377323407,-0.0690075935652618
-27.0160300139974,1.73572656246713,-0.0689988222981188
-26.999368926051,1.73587047096176,-0.068990064054524
-26.9827076792275,1.73601550544045,-0.0689813129156012
-26.9660461546457,1.73616167485769,-0.0689725747137385
-26.9493842318323,1.7363089892433,-0.0689638548287707
-26.9327218056224,1.73645745890818,-0.0689551564689042
-26.9160588004265,1.73660709399354,-0.0689464802138494
-26.8993951783608,1.73675790423961,-0.0689378247909511
-26.8827309394915,1.73690989890598,-0.0689291880959794
-26.8660661142653,1.73706308679757,-0.0689205680755973
-26.849400750518,1.73721747636262,-0.0689119630636806
-26.8327348995049,1.73737307579522,-0.0689033719359109
-26.8160686047851,1.73752989310755,-0.0688947941734967
-26.7994018963891,1.7376879361639,-0.0688862297734439
-26.7827347916562,1.73784721266966,-0.0688776790412229
-26.7660673025788,1.73800773010708,-0.0688691425933046
-26.7493994478398,1.73816949563767,-0.0688606213111437
-26.7327312662016,1.73833251598904,-0.0688521161596528
-26.7160628273596,1.73849679736396,-0.0688436281016836
-26.6993942368938,1.73866234540596,-0.0688351582160763
-26.6827256335987,1.73882916523239,-0.0688267077899291
-26.6660571794593,1.73899726153816,-0.068818278410208
-26.6493890445727,1.73916663875444,-0.0688098721099797
-26.632721390647,1.7393373012319,-0.0688014912917425
-26.6160543548086,1.73950925345367,-0.0687931386216349
-26.5993880346259,1.73968250029847,-0.0687848167545809
-26.5827224808313,1.73985704722698,-0.0687765284656753
-26.566057701986,1.74003290028888,-0.0687682766061184
-26.5493936787519,1.74021006596784,-0.0687600640290775
-26.53273038186,1.74038855094344,-0.0687518934809891
-26.5160677896813,1.74056836181683,-0.0687437674875938
-26.4994059022317,1.74074950484062,-0.0687356882600638
-26.4827447456734,1.74093198577333,-0.068727657681027
-26.4660843656694,1.74111580991322,-0.0687196774048281
-26.4494248131198,1.74130098226575,-0.0687117488873524
-26.4327661281505,1.74148750776428,-0.0687038733879225
-26.4161083276806,1.74167539145559,-0.0686960519522684
-26.3994513998262,1.74186463860171,-0.068688285492321
-26.3827953061329,1.74205525467217,-0.0686805748509493
-26.3661399903335,1.74224724524706,-0.0686729207754365
-26.3494853906733,1.74244061587103,-0.0686653238462299
-26.3328314521411,1.74263537190632,-0.0686577844212657
-26.3161781352032,1.74283151842767,-0.0686503026396278
-26.2995254188623,1.74302906018213,-0.0686428783257484
-26.282873297398,1.74322800163739,-0.0686355109673763
-26.2662217719864,1.7434283470877,-0.0686281998760747
-26.2495708396687,1.74363010079525,-0.068620944278786
-26.2329204826341,1.74383326713029,-0.0686137433640352
-26.2162706609232,1.74403785066949,-0.0686065963330332
-26.1996213105808,1.74424385622533,-0.0685995024613208
-26.1829723478765,1.74445128879183,-0.0685924610266457
-26.1663236785243,1.74466015342925,-0.0685854711292385
-26.1496752094121,1.74487045511345,-0.0685785315755471
-26.133026859656,1.74508219859628,-0.0685716409348193
-26.1163785681168,1.74529538831107,-0.0685647975884984
-26.0997302955587,1.74551002834331,-0.0685579999115953
-26.0830820210769,1.74572612247044,-0.0685512462081782
-26.0664337340783,1.74594367426679,-0.0685445348007759
-26.0497854242435,1.74616268724372,-0.0685378640746217
-26.0331370723229,1.74638316497709,-0.0685312325493516
-26.0164886443935,1.74660511118719,-0.0685246389678913
-25.9998400912096,1.74682852974475,-0.0685180821670753
-25.9831913528338,1.74705342460478,-0.0685115609705614
-25.9665423672445,1.74727979969586,-0.0685050741361626
-25.9498930805172,1.74750765877766,-0.0684986204674774
-25.933243455853,1.74773700531386,-0.0684921988604855
-25.9165934789735,1.74796784239632,-0.0684858083318254
-25.8999431584993,1.74820017274261,-0.0684794480052746
-25.8832925212717,1.74843399876567,-0.0684731171399738
-25.8666416039965,1.74866932269379,-0.0684668150644819
-25.8499904434234,1.74890614670931,-0.0684605412826708
-25.8333390678295,1.74914447307182,-0.0684542955406488
-25.8166874920708,1.74938430418908,-0.0684480777704307
-25.8000357174144,1.74962564262209,-0.0684418881562257
-25.7833837361312,1.74986849102077,-0.0684357270929641
-25.7667315392476,1.75011285200902,-0.0684295950964141
-25.7500791252716,1.75035872805419,-0.0684234927950459
-25.7334265073357,1.75060612136036,-0.0684174209608889
-25.7167737167303,1.75085503380683,-0.0684113802441431
-25.7001208016725,1.75110546697054,-0.0684053712927886
-25.6834678217357,1.75135742221363,-0.0683993948497167
-25.66681483941,1.75161090081375,-0.0683934518182089
-25.6501619110295,1.75186590410484,-0.0683875433229001
-25.6335090795027,1.75212243359705,-0.0683816705892851
-25.6168563706351,1.75238049103549,-0.0683758349663888
-25.6002037939475,1.75264007838909,-0.0683700378935885
-25.5835513475412,1.75290119777392,-0.0683642808389231
-25.5668990256039,1.75316385133231,-0.0683585652591012
-25.5502468263481,1.75342804110397,-0.0683528925647763
-25.5335947580577,1.75369376892716,-0.0683472640842118
-25.516942841519,1.75396103639943,-0.0683416810747718
-25.5002911082449,1.75422984490877,-0.06833614480571
-25.4836395950095,1.75450019571976,-0.0683306564631752
-25.4669883362342,1.75477209010668,-0.0683252170648121
-25.4503373563077,1.75504552948418,-0.0683198275479282
-25.4336866639577,1.7553205155042,-0.0683144887776953
-25.4170362501653,1.755597050098,-0.0683092016269696
-25.4003860901933,1.75587513544446,-0.0683039669778252
-25.3837361491576,1.75615477387334,-0.0682987857191407
-25.3670863895945,1.75643596773099,-0.0682936587562002
-25.3504367789663,1.75671871925831,-0.068288586735078
-25.3337872949325,1.75700303049763,-0.068283570165129
-25.3171379271194,1.75728890325417,-0.0682786093518733
-25.3004886750343,1.75757633912796,-0.0682737043901523
-25.2838395429105,1.75786533960932,-0.068268855085347
-25.2671905329182,1.75815590621081,-0.0682640611365887
-25.2505416388383,1.75844804058238,-0.0682593223339888
-25.2338928418607,1.75874174458765,-0.0682546386494453
-25.2172441098656,1.75903702031554,-0.0682500101487491
-25.2005954003408,1.75933387002175,-0.0682454368047508
-25.1839466661903,1.759632296022,-0.0682409185435063
-25.1672978628003,1.75993230056547,-0.068236455218928
-25.1506489545387,1.76023388571816,-0.0682320466733054
-25.1339999189751,1.76053705327372,-0.0682276923600233
-25.1173507476185,1.76084180474708,-0.0682233915135763
-25.1007014432276,1.76114814142541,-0.0682191433777174
-25.0840520145291,1.76145606446685,-0.0682149472873117
-25.0674024698878,1.76176557502071,-0.0682108026971904
-25.0507528117189,1.76207667433395,-0.0682067092213555
-25.0341030332088,1.76238936381356,-0.068202666691502
-25.0174531183021,1.76270364502617,-0.0681986749195181
-25.0008030448218,1.76301951964079,-0.0681947336769283
-24.9841527899014,1.76333698932625,-0.0681908426925334
-24.9675023361121,1.76365605562878,-0.0681870017810559
-24.9508516766754,1.76397671985894,-0.068183210661303
-24.9342008181574,1.7642989830394,-0.0681794691556396
-24.9175497800775,1.76462284592232,-0.0681757770893465
-24.9008985914589,1.76494830905936,-0.0681721343705837
-24.8842472853506,1.76527537290926,-0.068168540904458
-24.8675958927313,1.76560403795721,-0.0681649966612357
-24.8509444375445,1.76593430481527,-0.068161501721893
-24.8342929341336,1.7662661742756,-0.068158056319274
-24.8176413877161,1.76659964730155,-0.0681546608806621
-24.8009897976929,1.76693472495993,-0.0681513157502757
-24.7843381626712,1.76727140831678,-0.0681480212433194
-24.7676864857702,1.7676096983237,-0.0681447776668504
-24.7510347786654,1.76794959573335,-0.0681415854487491
-24.7343830632199,1.76829110107191,-0.0681384449430947
-24.7177313702219,1.76863421466515,-0.0681353564415663
-24.7010797355736,1.76897893671935,-0.0681323201969082
-24.6844281949594,1.76932526743298,-0.0681293366036645
-24.6677767784858,1.76967320710852,-0.0681264062413092
-24.6511255067556,1.77002275623178,-0.0681235297789164
-24.6344743892453,1.77037391550631,-0.0681207077833362
-24.6178234254668,1.77072668584246,-0.0681179406910831
-24.6011726084949,1.7710810682892,-0.0681152286857533
-24.5845219298162,1.77143706391933,-0.0681125719425677
-24.5678713841633,1.77179467371727,-0.0681099707271047
-24.5512209729343,1.77215389850058,-0.0681074254102894
-24.5345707052373,1.77251473889944,-0.0681049363466235
-24.5179205963555,1.77287719539343,-0.068102503795061
-24.5012706639474,1.77324126762467,-0.0681001837396816
-24.484620921726,1.77360694604044,-0.0680980162851509
-24.4679713763361,1.77397420870041,-0.0680959691266211
-24.4513220235695,1.77434302760913,-0.0680940120191524
-24.4346728482341,1.77471337258776,-0.0680921258534987
-24.4180238272682,1.77508521318408,-0.0680903041085871
-24.4013749343295,1.77545851956209,-0.0680885498490624
-24.3847261444944,1.77583326287283,-0.0680868712595215
-24.3680774381705,1.776209415374,-0.0680852777205863
-24.3514288032917,1.77658695044966,-0.0680837773624767
-24.3347802354948,1.7769658426121,-0.0680823760194558
-24.3181317362593,1.77734606751222,-0.0680810771607171
-24.3014833094673,1.77772760197642,-0.0680798825409142
-24.2848349572109,1.77811042404989,-0.0680787930927235
-24.2681866762112,1.77849451302823,-0.0680778096087314
-24.2515384557893,1.778879849451,-0.0680769329728691
-24.2348902779375,1.7792664150523,-0.0680761642689704
-24.218242119511,1.77965419266173,-0.0680755046782866
-24.201593956023,1.78004316606807,-0.068074955333187
-24.1849457659743,1.78043331986978,-0.0680745172575179
-24.1682975344672,1.78082463934503,-0.068074191352452
-24.1516492551762,1.7812171103644,-0.068073978457378
-24.135000930239,1.78161071936115,-0.0680738790666058
-24.1183525680411,1.78200545334863,-0.068073893453344
-24.1017041795873,1.78240129997715,-0.0680740218029226
-24.0850557745805,1.78279824760154,-0.0680742643254546
-24.0684073582429,1.78319628533588,-0.0680746211939364
-24.05175892973,1.78359540306652,-0.0680750924006379
-24.0351104825693,1.78399559141093,-0.0680756777690465
-24.0184620069369,1.78439684163685,-0.0680763771382221
-24.0018134932104,1.78479914555195,-0.0680771902854463
-23.9851649356585,1.78520249538304,-0.0680781169700941
-23.9685163352879,1.78560688367924,-0.0680791569349578
-23.9518677009845,1.78601230326015,-0.0680803098513419
-23.9352190486651,1.786418747215,-0.0680815752557963
-23.9185703986847,1.786826208952,-0.0680829526327333
-23.9019217722132,1.78723468227347,-0.0680844415060159
-23.8852731876433,1.78764416145122,-0.0680860415592447
-23.8686246579594,1.78805464127491,-0.0680877524850479
-23.8519761896543,1.78846611706326,-0.0680895739241109
-23.8353277835524,1.78887858461828,-0.0680915052946767
-23.8186794371761,1.78929204015118,-0.0680935459325577
-23.8020311479627,1.78970648018509,-0.0680956952027002
-23.7853829164548,1.79012190145761,-0.0680979526075464
-23.7687347485467,1.79053830083783,-0.0681003175521991
-23.7520866560105,1.79095567529536,-0.0681027893575054
-23.7354386552814,1.79137402191917,-0.0681053673437104
-23.7187907648325,1.7917933379826,-0.0681080506184488
-23.7021430018124,1.79221362101683,-0.0681108382053818
-23.6854953789512,1.79263486887796,-0.0681137291727634
-23.6688479025879,1.79305707978408,-0.0681167226519827
-23.6522005722028,1.79348025232428,-0.0681198177574274
-23.6355533816383,1.79390438541703,-0.0681230135733626
-23.6189063216396,1.79432947823018,-0.0681263092017869
-23.6022593830377,1.7947555300794,-0.0681297036283582
-23.5856125595913,1.79518254033986,-0.0681331955012218
-23.5689658496482,1.79561050838665,-0.0681367833899953
-23.5523192563248,1.79603943357884,-0.0681404658971011
-23.5356727861756,1.79646931528749,-0.0681442416676912
-23.5190264467234,1.79690015295606,-0.0681481093743721
-23.5023802435452,1.79733194617206,-0.0681520677012139
-23.4857341777588,1.79776469472597,-0.0681561153407349
-23.4690882446321,1.79819839864832,-0.0681602509462295
-23.4524424337251,1.79863305820143,-0.0681644730521745
-23.4357967304272,1.79906867382492,-0.0681687801574717
-23.4191511185689,1.79950524605304,-0.0681731707564158
-23.4025055833603,1.7999427754241,-0.0681776433307487
-23.3858601138358,1.80038126240426,-0.0681821963454073
-23.369214704149,1.80082070734359,-0.0681868282660491
-23.3525693534178,1.80126111047549,-0.0681915375332422
-23.3359240642228,1.80170247195448,-0.0681963225475487
-23.3192788401861,1.80214479191955,-0.0682011816704141
-23.3026336833814,1.80258807056354,-0.0682061132076766
-23.2859885922419,1.80303230818664,-0.0682111154832885
-23.2693435606386,1.80347750521812,-0.068216186886538
-23.2526985783785,1.80392366219597,-0.0682213258108712
-23.2360536329375,1.80437077971306,-0.0682265306821151
-23.2194087119263,1.8048188583404,-0.0682318000077415
-23.2027638056514,1.80526789855164,-0.0682371323120997
-23.1861189090473,1.80571790066306,-0.0682425260648298
-23.1694740224266,1.80616886480825,-0.0682479796560854
-23.15282915089,1.80662079095182,-0.0682534913806198
-23.1361843025937,1.80707367893695,-0.0682590595349517
-23.1195394863367,1.80752752855284,-0.0682646824410651
-23.1028947091948,1.80798233960034,-0.0682703584975647
-23.0862499748185,1.80843811193818,-0.0682760862091706
-23.0696052828785,1.8088948454957,-0.0682818642043131
-23.0529606297894,1.80935254025283,-0.0682876910896537
-23.0363160104293,1.80981119618604,-0.0682935654818711
-23.0196714203955,1.81027081319937,-0.0682994860173961
-23.0030268581251,1.81073139105992,-0.068305451338697
-22.9863823262884,1.81119292935541,-0.0683114600843034
-22.9697378320485,1.81165542748511,-0.0683175108953037
-22.9530933861195,1.81211888468659,-0.0683236024527384
-22.936449000929,1.81258330008801,-0.0683297334590357
-22.9198046883545,1.81304867277376,-0.068335902638515
-22.9031604576541,1.81351500184432,-0.0683421087357676
-22.8865163141536,1.81398228645795,-0.0683483504960907
-22.8698722590191,1.81445052583708,-0.0683546267222132
-22.8532282901696,1.81491971924042,-0.0683609363088163
-22.836584404058,1.81538986590502,-0.0683672781001435
-22.8199405977253,1.81586096498564,-0.0683736509263308
-22.8032968705917,1.81633301550182,-0.0683800536327491
-22.786653225472,1.81680601630764,-0.068386485092712
-22.7700096685397,1.81727996609061,-0.0683929441551279
-22.7533662082382,1.81775486340474,-0.0683994296952009
-22.7367228534582,1.81823070672773,-0.0684059405932635
-22.7200796114998,1.8187074945256,-0.0684124757604909
-22.7034364863945,1.81918522530246,-0.0684190341901704
-22.6867934780726,1.81966389761952,-0.0684256147709141
-22.6701505824919,1.82014351009384,-0.0684322163725875
-22.6535077927973,1.82062406136564,-0.0684388378876059
-22.6368651011409,1.82110555004354,-0.0684454781929102
-22.62022250057,1.82158797464777,-0.0684521361760857
-22.6035799865527,1.82207133356391,-0.0684588107536355
-22.5869375577225,1.82255562502239,-0.0684655007970444
-22.5702952155811,1.8230408471075,-0.0684722051657422
-22.5536529633327,1.82352699779414,-0.0684789227717177
-22.5370108042332,1.82401407499837,-0.0684856525392552
-22.5203687398819,1.82450207662705,-0.0684923932455518
-22.5037267688327,1.82499100062487,-0.0684991436822307
-22.4870848860923,1.82548084499161,-0.0685059027979734
-22.4704430836246,1.82597160777105,-0.0685126696818264
-22.4538013517052,1.82646328701047,-0.0685194433943396
-22.4371596806591,1.82695588070703,-0.068526222912592
-22.4205180625572,1.8274493867497,-0.0685330070819881
-22.4038764923773,1.82794380288608,-0.068539794712568
-22.3872349684087,1.82843912671312,-0.0685465846366423
-22.3705934917784,1.82893535569371,-0.0685533757273244
-22.3539520652323,1.82943248719568,-0.0685601669016375
-22.3373106915263,1.82993051854245,-0.0685669571354445
-22.3206693718828,1.83042944706189,-0.0685737455126474
-22.30402810502,1.83092927012357,-0.0685805311581734
-22.2873868870151,1.8314299851408,-0.0685873131831792
-22.2707457118487,1.83193158955078,-0.0685940906646823
-22.2541045726704,1.83243408077312,-0.0686008626834173
-22.2374634634263,1.83293745616748,-0.0686076283033766
-22.220822380267,1.83344171299405,-0.0686143865331973
-22.2041813224195,1.83394684838726,-0.0686211363248837
-22.1875402922642,1.83445285935083,-0.0686278766876871
-22.1708992946673,1.8349597427782,-0.0686346067342258
-22.1542583356518,1.83546749549447,-0.0686413256947131
-22.1376174208679,1.83597611431035,-0.0686480328184257
-22.120976554253,1.83648559606807,-0.0686547274404308
-22.104335737317,1.83699593766267,-0.068661408928663
-22.0876949691009,1.83750713604015,-0.0686680766126155
-22.0710542468903,1.83801918817722,-0.0686747298193709
-22.054413567512,1.83853209104295,-0.0686813679257407
-22.0377729287618,1.83904584155962,-0.0686879902319605
-22.0211323305247,1.83956043656644,-0.0686945959901209
-22.0044917745555,1.84007587159955,-0.0687011671326983
-21.9878512632885,1.84059212942343,-0.0687076905346574
-21.9712108001154,1.84110917578381,-0.0687141755001408
-21.9545703884598,1.84162696783425,-0.0687206306295667
-21.9379300317325,1.84214545941413,-0.0687270611584067
-21.9212897327215,1.84266460377237,-0.068733468570349
-21.9046494925995,1.84318435494752,-0.0687398514928899
-21.8880093103544,1.84370466843294,-0.0687462069924311
-21.8713691830971,1.84422550144916,-0.0687525317762664
-21.8547291071224,1.84474681300103,-0.0687588227267084
-21.8380890791784,1.84526856384263,-0.0687650773669845
-21.821449097608,1.84579071639877,-0.0687712939782003
-21.8048091629804,1.84631323468776,-0.0687774712466082
-21.7881692778583,1.84683608425448,-0.068783608140464
-21.7715294458724,1.84735923212701,-0.0687897038490208
-21.7548896705321,1.84788264678139,-0.0687957575373623
-21.7382499540088,1.84840629811198,-0.0688017682072434
-21.7216102961803,1.84893015739969,-0.068807734931491
-21.7049706943624,1.84945419726577,-0.0688136569201868
-21.688331143783,1.8499783916132,-0.0688195333179542
-21.6716916385757,1.85050271553246,-0.0688253631724431
-21.6550521729231,1.8510271452128,-0.0688311455415574
-21.6384127421568,1.85155165785926,-0.0688368795169117
-21.6217733434759,1.85207623163203,-0.0688425641878057
-21.6051339761092,1.85260084560006,-0.0688481987135134
-21.5884946409239,1.85312547971623,-0.0688537823365035
-21.5718553395192,1.85365011480953,-0.0688593145130647
-21.5552160731684,1.85417473257864,-0.0688647947046055
-21.5385768418019,1.85469931559239,-0.0688702223980254
-21.5219376433989,1.85522384727907,-0.0688755971354904
-21.5052984739737,1.85574831190107,-0.0688809183256821
-21.4886593280727,1.85627269450356,-0.0688861853364847
-21.4720201997118,1.85679698085472,-0.0688913976847894
-21.4553810834459,1.85732115738045,-0.0688965551892037
-21.4387419753713,1.85784521111154,-0.0689016577081073
-21.4221028736633,1.8583691296419,-0.0689067050378258
-21.4054637785544,1.85889290110407,-0.0689116969545092
-21.3888246917819,1.85941651416274,-0.0689166332923581
-21.3721856157052,1.8599399580117,-0.068921513702176
-21.3555465522627,1.86046322238915,-0.0689263377439661
-21.3389075021225,1.86098629758513,-0.0689311050299637
-21.3222684642691,1.8615091744366,-0.0689358152002885
-21.3056294361025,1.8620318442951,-0.068940467946861
-21.2889904140115,1.86255429898674,-0.068945063143263
-21.27235139434,1.863076530761,-0.0689496009147653
-21.2557123743396,1.86359853224593,-0.0689540814095405
-21.2390733528895,1.86412029640772,-0.0689585046919862
-21.2224343308033,1.86464181652255,-0.0689628707036788
-21.2057953106459,1.86516308616253,-0.0689671793912245
-21.1891562961199,1.86568409919826,-0.0689714307757636
-21.1725172911613,1.8662048498079,-0.0689756248330199
-21.1558782989972,1.86672533249361,-0.0689797615770828
-21.1392393214618,1.86724554208945,-0.0689838411782631
-21.1226003587717,1.86776547375622,-0.0689878639360616
-21.1059614097562,1.86828512295774,-0.0689918300135749
-21.089322472458,1.86880448543023,-0.0689957393843436
-21.0726835449137,1.86932355713898,-0.0689995920188217
-21.0560446259798,1.8698423342362,-0.069003387960564
-21.039405715921,1.87036081302896,-0.0690071273382749
-21.0227668166122,1.87087898996017,-0.0690108103514609
-21.0061279312535,1.8713968616059,-0.0690144372366369
-20.9894890636836,1.8719144246876,-0.0690180082724277
-20.9728502175137,1.87243167609192,-0.0690215238458615
-20.9562113953426,1.87294861288109,-0.0690249843127838
-20.9395725982271,1.87346523229891,-0.0690283899834137
-20.922933825561,1.87398153176603,-0.0690317411887054
-20.9062950754612,1.8744975088543,-0.0690350382157425
-20.8896563453816,1.87501316125593,-0.0690382813277338
-20.8730176329123,1.875528486749,-0.0690414705820996
-20.8563789364788,1.87604348317004,-0.0690446060487463
-20.8397402557493,1.87655814839418,-0.0690476878688045
-20.8231015916982,1.87707248032489,-0.0690507161945042
-20.8064629462164,1.87758647689472,-0.0690536912536216
-20.7898243215094,1.87810013607581,-0.0690566133774334
-20.7731857193395,1.8786134558977,-0.069059483035271
-20.7565471404125,1.87912643446481,-0.0690623007650029
-20.7399085840099,1.87963906995871,-0.0690650670683631
-20.7232700479773,1.88015136062943,-0.0690677824597917
-20.7066315291083,1.88066330478213,-0.0690704473089992
-20.6899930238213,1.88117490074997,-0.0690730618075474
-20.6733545289065,1.88168614686008,-0.0690756260399613
-20.6567160421263,1.88219704140947,-0.0690781401395659
-20.6400775625364,1.8827075826502,-0.069080604343197
-20.6234390904337,1.88321776879117,-0.069083018828146
-20.6068006269533,1.88372759800101,-0.0690853837697531
-20.590162173436,1.88423706842354,-0.06908769937764
-20.5735237307329,1.88474617819556,-0.069089965842948
-20.5568852986639,1.88525492546199,-0.0690921834441179
-20.5402468758003,1.88576330838042,-0.0690943526441714
-20.5236084596535,1.88627132512184,-0.0690964738660988
-20.506970047115,1.88677897384233,-0.0690985474121652
-20.490331635064,1.8872862526575,-0.069100573562408
-20.4736932209925,1.88779315961774,-0.0691025526197414
-20.457054803519,1.88829969269719,-0.0691044848331963
-20.4404163825585,1.8888058497871,-0.0691063704773937
-20.42377795913,1.88931162869979,-0.0691082099570386
-20.4071395349279,1.88981702717666,-0.0691100037855351
-20.3905011118083,1.89032204290736,-0.0691117523300078
-20.3738626911026,1.89082667354642,-0.0691134558844735
-20.3572242731555,1.89133091672406,-0.0691151147836826
-20.3405858572149,1.89183477004647,-0.069116729526905
-20.3239474416973,1.89233823109302,-0.069118300580016
-20.3073090246531,1.89284129740459,-0.069119828211506
-20.2906706042834,1.89334396646117,-0.0691213126528511
-20.2740321794596,1.8938462356621,-0.0691227541939104
-20.2573937500927,1.89434810231349,-0.0691241532689569
-20.2407553172732,1.89484956362769,-0.0691255104139152
-20.2241168830133,1.89535061672919,-0.0691268261267051
-20.2074784497661,1.89585125866554,-0.0691281007417406
-20.1908400198604,1.89635148642939,-0.0691293345309624
-20.1742015949412,1.89685129697927,-0.0691305277116762
-20.1575631756269,1.89735068724774,-0.0691316805470658
-20.1409247614822,1.89784965413987,-0.0691327934204719
-20.1242863512864,1.89834819452333,-0.0691338668851223
-20.107647943555,1.89884630522192,-0.069134901357832
-20.0910095370196,1.89934398299818,-0.0691358972510225
-20.0743711310905,1.89984122453318,-0.0691368549300577
-20.0577327260864,1.90033802641987,-0.0691377748228429
-20.041094323263,1.90083438516715,-0.0691386573462798
-20.0244559245135,1.90133029721349,-0.0691395028409564
-20.0078175318535,1.90182575894322,-0.069140311717259
-19.9911791469162,1.90232076669974,-0.069141084486296
-19.9745407705444,1.9028153167949,-0.0691418217778681
-19.957902402625,1.90330940551853,-0.0691425241107412
-19.9412640421391,1.90380302913982,-0.0691431917032417
-19.9246256873992,1.90429618389823,-0.0691438246657293
-19.9079873364742,1.90478886599278,-0.0691444231993036
-19.8913489876737,1.9052810715695,-0.0691449877044622
-19.8747106399851,1.90577279671524,-0.0691455187237023
-19.8580722932852,1.90626403744597,-0.0691460167232338
-19.8414339482311,1.90675478971162,-0.0691464821117091
-19.8247956059693,1.90724504940718,-0.0691469152571846
-19.8081572676424,1.90773481238902,-0.069147316553331
-19.7915189339437,1.90822407448806,-0.0691476863718622
-19.7748806048105,1.90871283151702,-0.0691480249392615
-19.7582422792827,1.90920107928035,-0.0691483325073654
-19.7416039556002,1.90968881357358,-0.0691486094634041
-19.7249656315595,1.91017603017756,-0.0691488562669515
-19.7083273049786,1.91066272484547,-0.0691490733358142
-19.6916889741304,1.9111488932908,-0.0691492609509834
-19.6750506380233,1.91163453117837,-0.0691494193797256
-19.6584122965071,1.91211963412128,-0.0691495489112738
-19.6417739500995,1.91260419768745,-0.0691496498573063
-19.6251355996857,1.91308821741112,-0.0691497225584924
-19.6084972461131,1.91357168880758,-0.0691497673835919
-19.591858889828,1.91405460738605,-0.0691497847170197
-19.5752205306078,1.91453696865937,-0.0691497749390852
-19.5585821674964,1.91501876814687,-0.0691497384123065
-19.5419437989458,1.91550000137105,-0.0691496754809571
-19.5253054231516,1.91598066384875,-0.0691495865006929
-19.5086670382939,1.91646075070886,-0.0691494464033859
-19.4920286431208,1.91694025287091,-0.0691492372928691
-19.4753902369179,1.91741915560573,-0.0691489743613213
-19.4587518200775,1.91789744130098,-0.0691486717667981
-19.4421133941444,1.91837509120729,-0.0691483386463136
-19.4254749612128,1.91885208635532,-0.0691479783365229
-19.4088365231368,1.91932840802634,-0.0691475896149324
-19.392198080897,1.91980403797804,-0.0691471688649294
-19.3755596344417,1.92027895854165,-0.0691467118863514
-19.3589211828415,1.92075315265625,-0.0691462151045153
-19.3422827246542,1.92122660386505,-0.069145676049775
-19.3256442583517,1.92169929629325,-0.0691450933482324
-19.3090057827451,1.92217121461387,-0.0691444663672425
-19.2923672972975,1.92264234401471,-0.0691437948709725
-19.2757288022469,1.92311267017592,-0.0691430786169994
-19.2590902984685,1.92358217925051,-0.0691423172890888
-19.2424517872364,1.92405085784974,-0.0691415105329975
-19.2258132699243,1.92451869302758,-0.0691406578643067
-19.2091747476384,1.92498567227313,-0.0691397588027921
-19.192536220941,1.92545178350155,-0.0691388129996318
-19.1758976897739,1.92591701504725,-0.0691378200592201
-19.1592591534865,1.92638135564496,-0.0691367796381884
-19.1426206110492,1.92684479440731,-0.0691356914884225
-19.1259820613549,1.92730732080264,-0.0691345554487757
-19.1093435035574,1.92776892463312,-0.0691333714325795
-19.092704937331,1.92822959601614,-0.0691321394001134
-19.0760663629225,1.92868932537179,-0.0691308593426014
-19.0594277810672,1.929148103414,-0.0691295312913513
-19.0427891927707,1.92960592114501,-0.0691281553549303
-19.0261505990162,1.93006276985224,-0.0691267317611998
-19.0095120005092,1.93051864111164,-0.06912526067761
-18.9928733974284,1.93097352678256,-0.0691237422573758
-18.9762347892946,1.93142741900067,-0.0691221766747404
-18.9595961750718,1.93188031016649,-0.0691205641464113
-18.9429575534297,1.93233219293019,-0.0691189049405358
-18.9263189230609,1.93278306017519,-0.0691171993724939
-18.9096802829668,1.93323290500318,-0.0691154478020166
-18.893041632669,1.93368172072069,-0.0691136506233935
-18.8764029722282,1.9341295008296,-0.0691118082682196
-18.8597643021094,1.93457623902178,-0.0691099212628906
-18.8431256230089,1.93502192918158,-0.0691079901520269
-18.8264869355055,1.93546656539538,-0.0691060154422521
-18.8098482398256,1.93591014194298,-0.0691039975890276
-18.7932095356801,1.93635265328923,-0.069101936962364
-18.7765708222576,1.93679409408011,-0.0690998339894616
-18.7599320983606,1.93723445913766,-0.069097689155451
-18.7432933626332,1.93767374345152,-0.0690955029840861
-18.7266546138306,1.93811194216103,-0.069093275947973
-18.7100158510489,1.93854905054391,-0.0690910085655992
-18.6933770739142,1.93898506400459,-0.0690887014700404
-18.6767382825771,1.93941997807203,-0.069086355333439
-18.6600994775501,1.9398537884015,-0.0690839709127238
-18.6434606595224,1.94028649077104,-0.0690815489175449
-18.6268218290721,1.94071808108477,-0.0690790898298063
-18.6101829863855,1.94114855536924,-0.0690765939783033
-18.5935441311187,1.94157790977451,-0.0690740617657199
-18.5769052625176,1.9420061405688,-0.0690714937385441
-18.560266379609,1.94243324413029,-0.0690688905417738
-18.5436274813876,1.94285921693749,-0.0690662528597421
-18.5269885670343,1.94328405555801,-0.0690635813839338
-18.5103496361118,1.94370775664754,-0.0690608768022102
-18.4937106886811,1.94413031693853,-0.069058139785067
-18.4770717252362,1.94455173323509,-0.0690553709768542
-18.4604327465569,1.94497200241354,-0.0690525710068343
-18.4437937534491,1.9453911214268,-0.0690497405232618
-18.4271547465174,1.94580908730465,-0.0690468802042904
-18.4105157259913,1.946225897154,-0.069043990837425
-18.3938766917375,1.94664154816229,-0.0690410731645831
-18.3772376433063,1.94705603758465,-0.0690381277351317
-18.3605985800253,1.94746936274058,-0.0690351550445885
-18.343959501182,1.947881521007,-0.0690321555608541
-18.3273204062382,1.94829250981274,-0.0690291298239844
-18.3106812950203,1.94870232663209,-0.0690260785170758
-18.294042167749,1.94911096898289,-0.0690230025876815
-18.2774030250399,1.94951843442141,-0.0690199029760927
-18.2607638677404,1.94992472053913,-0.0690167804164153
-18.2441246967019,1.95032982496889,-0.0690136355315204
-18.2274855125016,1.95073374539511,-0.0690104688241704
-18.2108463152645,1.95113647955486,-0.0690072809097825
-18.1942071046936,1.95153802522661,-0.069004072411739
-18.1775678801681,1.95193838022397,-0.069000844012269
-18.1609286409584,1.9523375423917,-0.0689975962312069
-18.1442893863768,1.95273550960626,-0.0689943295574724
-18.1276501159355,1.95313227977396,-0.0689910445178705
-18.1110108294759,1.953527850827,-0.0689877418545149
-18.0943715272049,1.95392222071436,-0.0689844223923967
-18.0777322096027,1.95431538739482,-0.0689810869390388
-18.0610928772632,1.95470734884562,-0.0689777362025014
-18.044453530707,1.95509810306952,-0.0689743707441818
-18.0278141701694,1.95548764809561,-0.0689709911032754
-18.0111747955406,1.95587598197501,-0.0689675977662196
-17.9945354063073,1.95626310278357,-0.0689641912482129
-17.977896001686,1.95664900862236,-0.0689607720294991
-17.9612565807815,1.95703369761125,-0.0689573406160708
-17.944617142788,1.95741716788252,-0.0689538975795013
-17.9279776871533,1.95779941757712,-0.0689504435930107
-17.911338213694,1.95818044483783,-0.0689469793391742
-17.8946987225622,1.95856024780679,-0.0689435054834578
-17.8780592141398,1.9589388246322,-0.0689400226268877
-17.8614196888487,1.95931617347516,-0.068936531298865
-17.8447801469858,1.95969229251113,-0.068933032094938
-17.828140588612,1.96006717992286,-0.0689295255132392
-17.8115010134382,1.96044083390422,-0.0689260121183906
-17.7948614208913,1.96081325266779,-0.0689224923472951
-17.7782218102058,1.96118443443926,-0.0689189666196622
-17.7615821805737,1.96155437745182,-0.0689154353984227
-17.7449425313417,1.96192307994068,-0.0689118991893466
-17.7283028621537,1.96229054013951,-0.0689083585371861
-17.7116631729838,1.96265675628063,-0.068904814040711
-17.6950234640865,1.96302172659256,-0.0689012662770261
-17.6783837358827,1.96338544930196,-0.0688977158381919
-17.6617439882253,1.96374792265486,-0.0688941632759988
-17.6451042176319,1.96410914497465,-0.0688906091248882
-17.6284644109357,1.9644691147895,-0.0688870537760302
-17.611824536907,1.96482783101056,-0.0688834975763154
-17.595184540658,1.96518529305224,-0.0688799408411852
-17.5785443462218,1.96554150077896,-0.0688763838416842
-17.5619038691863,1.96589645424032,-0.0688728267907562
-17.5452630355443,1.96625015327582,-0.0688692697868556
-17.5286217982531,1.96660259716937,-0.0688657127371542
-17.5119801430463,1.96695378452439,-0.0688621554523981
-17.4953380802188,1.96730371342343,-0.0688585975207915
-17.4786956265068,1.9676523818064,-0.0688550385953603
-17.4620527873774,1.96799978784682,-0.0688514783741639
-17.4454095499057,1.96834593010233,-0.0688479167875162
-17.4287658907392,1.96869080734738,-0.0688443538787197
-17.4121217943234,1.96903441820215,-0.0688407898611231
-17.3954772703923,1.96937676078069,-0.0688372250259857
-17.3788323600346,1.96971783256996,-0.0688336596577167
-17.3621871264953,1.97005763061714,-0.068830093958059
-17.3455416360396,1.97039615190655,-0.0688265282422579
-17.3288959402875,1.97073339371066,-0.0688229630694435
-17.3122500704499,1.97106935370733,-0.068819399339423
-17.29560404642,1.97140402980339,-0.0688158380703909
-17.2789578943687,1.97173741979471,-0.0688122803836133
-17.2623116614358,1.97206952108226,-0.0688087275056588
-17.2456654180257,1.97240033062985,-0.0688051807849827
-17.2290192460052,1.97272984518951,-0.0688016416376821
-17.2123732198309,1.9730580616607,-0.06879811156889
-17.1957273919502,1.97338497737194,-0.0687945919426319
-17.1790817907077,1.97371059012072,-0.0687910841359731
-17.1624364315912,1.97403489796191,-0.0687875896356367
-17.1457913342485,1.97435789889002,-0.068784110074881
-17.1291465343077,1.97467959061576,-0.0687806471192233
-17.112502082465,1.97499997058064,-0.0687772024028722
-17.095858031456,1.97531903619779,-0.068773777413245
-17.0792144187882,1.97563678516981,-0.0687703735319476
-17.0625712558545,1.97595321568947,-0.0687669919871545
-17.0459285298783,1.97626832640091,-0.0687636339614163
-17.029286217261,1.9765821161528,-0.0687603005581738
-17.0126443000295,1.97689458364347,-0.0687569899531787
-16.9960027753037,1.97720572690703,-0.0687536972537948
-16.9793616874136,1.97751553920534,-0.0687502836257403
-16.962721160382,1.97782399858976,-0.0687461081964067
-16.94608118442,1.97813108461901,-0.068740544688964
-16.9294416204417,1.97843678556632,-0.068733227084827
-16.9128023272598,1.97874109599458,-0.0687239832503725
-16.8961632224839,1.97904401516188,-0.068712798218603
-16.8795242901862,1.97934554406852,-0.0686997214282923
-16.8628855354453,1.97964568445861,-0.0686848344032981
-16.8462469486877,1.97994443859251,-0.0686682407849976
-16.8296085064172,1.9802418080638,-0.0686500161974536
-16.8129701701323,1.98053779367904,-0.0686301952736685
-16.7963318843053,1.98083239622122,-0.0686087966691287
-16.7796935861785,1.9811256168384,-0.068585842118666
-16.7630552234063,1.98141745670403,-0.0685613526090951
-16.7464167631314,1.98170791675333,-0.0685353456025645
-16.7297781863388,1.98199699829004,-0.0685078600080873
-16.7131394873834,1.98228470256769,-0.0684789360808249
-16.6965006599574,1.98257103106778,-0.0684486178332391
-16.6798616974259,1.98285598426264,-0.0684168986879984
-16.6632225751338,1.98313956243144,-0.0683837498592537
-16.6465832477829,1.98342176716753,-0.0683491849011915
-16.6299436746591,1.98370260156785,-0.0683132784473819
-16.6133038406741,1.98398207006457,-0.0682761686257951
-16.5966637788111,1.98426017525864,-0.0682379360549269
-16.5800236905957,1.98453692991957,-0.0681982649588223
-16.5633839951365,1.98481238555605,-0.0681555767462948
-16.5467443856483,1.98508658226769,-0.068108526754533
-16.5301044139263,1.98535953477904,-0.0680564659179831
-16.5134640660037,1.98563124367037,-0.0679992302262075
-16.4968235455672,1.9859016974321,-0.067937076006804
-16.4801829806639,1.98617087718292,-0.0678704495377898
-16.4635423729602,1.98643876372314,-0.0677998378663107
-16.4469017049758,1.98670534147633,-0.0677256765301653
-16.4302610042596,1.98697059970634,-0.0676483148953214
-16.4136203175154,1.98723453268203,-0.0675680510043359
-16.3969796783319,1.98749713764838,-0.0674851383282923
-16.3803391043845,1.98775841237575,-0.0673997821438134
-16.3636986063009,1.98801835544875,-0.0673122086808091
-16.347058211218,1.98827696541702,-0.0672226631721977
-16.3304179567874,1.98853424215408,-0.0671314483286023
-16.3137778670465,1.98879018389922,-0.0670392614245272
-16.2971379194663,1.98904478138492,-0.0669480298062242
-16.2804980987424,1.98929803288217,-0.0668593278660282
-16.2638583875123,1.9895499505961,-0.0667739590038526
-16.2472187889891,1.98980055491994,-0.0666920337597941
-16.2305793348108,1.99004986921659,-0.066613231311213
-16.2139400773937,1.99029791557985,-0.0665370836105978
-16.1973010738222,1.99054471178034,-0.0664631662980425
-16.1806623634342,1.99079033263859,-0.0663913444245452
-16.1640239493151,1.99103499702507,-0.0663221981844138
-16.1473858142458,1.99127880331366,-0.0662563097480062
-16.130747927036,1.99152177325306,-0.06619398933731
-16.1141102561997,1.9917639096874,-0.0661353906433981
-16.0974727785426,1.99200520679403,-0.0660805188342851
-16.0808354793294,1.99224565483657,-0.0660292766778293
-16.0641983458288,1.99248524332691,-0.065981515647102
-16.0475613579967,1.99272396052441,-0.0659370323041231
-16.0309244803507,1.99296179132711,-0.0658956332353618
-16.0142876650592,1.99319871867984,-0.0658571555355439
-15.9976508657155,1.99343472584732,-0.0658214665581993
-15.9810140488441,1.99366979657545,-0.0657884577061722
-15.9643771984397,1.99390391490271,-0.0657580350528141
-15.9477403119497,1.99413706504529,-0.06573011099222
-15.9311033903187,1.9943692314132,-0.0657045988644963
-15.9144664279458,1.99460039868979,-0.065681410697281
-15.8978294082211,1.99483055188468,-0.0656604572582512
-15.8811923068827,1.99505967630889,-0.0656416493151226
-15.8645551006095,1.9952877574909,-0.0656248989945201
-15.8479177751101,1.99551478108802,-0.0656101209994848
-15.8312803276599,1.99574073285966,-0.0655972332753887
-15.814642762615,1.99596559872362,-0.0655861571823905
-15.7980050829773,1.99618936485994,-0.0655768173807022
-15.7813672835966,1.99641201779135,-0.065569141453465
-15.764729350449,1.99663354439664,-0.0655630596387925
-15.7480912666643,1.99685393184424,-0.0655585046167212
-15.7314530216536,1.99707316749012,-0.0655554113544713
-15.7148146178154,1.99729123880647,-0.0655537170806646
-15.6981760707905,1.99750813338343,-0.0655533612667578
-15.681537403233,1.9977238390022,-0.0655542855953882
-15.6648986359584,1.99793834373662,-0.0655564339135741
-15.6482597818411,1.99815163602275,-0.0655597522001308
-15.6316208460464,1.99836370465575,-0.0655641885518594
-15.6149818321026,1.99857453871862,-0.0655696930940875
-15.5983427496697,1.99878412749344,-0.0655762178998711
-15.5817036189175,1.99899246041175,-0.0655837169250793
-15.5650644686898,1.99919952707177,-0.0655921459354159
-15.5484253294368,1.9994053173181,-0.0656014624162094
-15.5317862251763,1.99960982133108,-0.065611625525971
-15.5151471693804,1.99981302967161,-0.0656225960932867
-15.4985081670976,2.00001493325838,-0.0656343364725153
-15.4818692216976,2.00021552329304,-0.0656468104895843
-15.4652303418206,2.00041479118453,-0.0656599833615059
-15.4485915441032,2.00061272852097,-0.0656738216610721
-15.431952849964,2.00080932710156,-0.0656882933238236
-15.4153142784584,2.00100457900863,-0.0657033676009501
-15.3986758395852,2.00119847667408,-0.0657190149863776
-15.3820375321682,2.00139101289835,-0.0657352071361369
-15.3653993473974,2.00158218081331,-0.0657519168229854
-15.3487612758556,2.00177197380689,-0.0657691178670026
-15.3321233135342,2.00196038546208,-0.0657867851061529
-15.3154854631872,2.00214740953991,-0.0658048943704514
-15.2988477302222,2.00233304001757,-0.0658234223473255
-15.2822101158282,2.00251727115429,-0.0658423464727386
-15.2655726117576,2.00270009753774,-0.0658616450268528
-15.2489352001018,2.00288151408468,-0.0658812972242596
-15.2322978582382,2.0030615159873,-0.0659012831213198
-15.2156605658272,2.00324009864155,-0.0659215835298358
-15.1990233095747,2.00341725759885,-0.0659421799413969
-15.1823860830115,2.00359298856232,-0.0659630543997113
-15.1657488816515,2.00376728743026,-0.0659841895727196
-15.1491116967762,2.00394015034947,-0.0660055688071446
-15.1324745118499,2.00411157374522,-0.0660271760623384
-15.1158373038711,2.00428155430977,-0.0660489958429499
-15.0992000488966,2.00445008894783,-0.0660710132501826
-15.0825627283665,2.00461717471515,-0.0660932139957709
-15.0659253323999,2.00478280878031,-0.0661155842341393
-15.0492878581393,2.00494698843487,-0.06613811061872
-15.0326503044098,2.00510971113643,-0.0661607803177555
-15.0160126661474,2.00527097455421,-0.0661835810005923
-14.9993749321569,2.0054307765864,-0.0662065008485272
-14.9827370876125,2.00558911533502,-0.0662295285563894
-14.9660991197364,2.00574598905574,-0.0662526533297503
-14.9494610231193,2.00590139610087,-0.0662758646671218
-14.9328228012522,2.00605533490563,-0.0662991523407532
-14.9161844634848,2.00620780400901,-0.0663225064824393
-14.8995460193821,2.00635880209559,-0.0663459175959166
-14.8829074739887,2.00650832803246,-0.0663693765897872
-14.8662688269058,2.00665638087308,-0.0663928748090675
-14.8496300756529,2.00680295982647,-0.0664164040280808
-14.8329912211094,2.00694806420904,-0.0664399564092624
-14.8163522714558,2.00709169340874,-0.0664635244448099
-14.7997132421144,2.00723384688165,-0.0664871009385045
-14.7830741517073,2.00737452418108,-0.0665106790755095
-14.7664350165565,2.00751372499353,-0.0665342524163121
-14.749795847043,2.00765144916075,-0.0665578147155322
-14.7331566479735,2.00778769667093,-0.066581359849432
-14.7165174225526,2.00792246762622,-0.066604881893933
-14.6998781773443,2.00805576221146,-0.0666283750432301
-14.6832389249162,2.00818758066789,-0.0666518337354913
-14.6665996824887,2.00831792329793,-0.0666752526468766
-14.6499604673912,2.00844679049087,-0.0666986267611007
-14.6333212921832,2.00857418275099,-0.0667219513778198
-14.616682162327,2.00870010070858,-0.0667452221351366
-14.6000430778002,2.00882454510858,-0.0667684349423255
-14.5834040375718,2.00894751678595,-0.0667915856847637
-14.5667650439492,2.00906901662804,-0.0668146703410775
-14.5501261040607,2.00918904555827,-0.0668376850628401
-14.5334872275934,2.00930760454269,-0.0668606260532051
-14.5168484221852,2.00942469478327,-0.0668835014880456
-14.5002096892049,2.00954031950342,-0.0669063162235406
-14.4835710232053,2.00965448464426,-0.0669290597957245
-14.4669324142351,2.00976719755673,-0.0669517224120931
-14.4502938524291,2.00987846616156,-0.0669742969587988
-14.4336553319465,2.00998829850355,-0.0669967792550487
-14.4170168516196,2.01009670253907,-0.067019167307214
-14.4003784121042,2.01020368605087,-0.067041460061976
-14.3837400114072,2.01030925662436,-0.0670636567056874
-14.3671016418512,2.01041342164386,-0.0670857562803899
-14.3504632904068,2.01051618828502,-0.0671077575697134
-14.3338249421581,2.01061756350134,-0.0671296589143646
-14.3171865846677,2.01071755400466,-0.0671514583731396
-14.3005482106412,2.01081616625174,-0.0671731537630321
-14.283909817225,2.01091340646,-0.0671947429826156
-14.2672714026214,2.01100928063854,-0.0672162240705315
-14.2506329621888,2.0111037946185,-0.0672375952252622
-14.2339944865947,2.01119695407095,-0.0672588548600237
-14.2173559632952,2.01128876450002,-0.0672800014252513
-14.2007173803195,2.01137923123224,-0.0673010333150294
-14.1840787300384,2.01146835940289,-0.0673219489602677
-14.1674400106193,2.01155615395468,-0.0673427469520362
-14.1508012243614,2.01164261964561,-0.0673634259776372
-14.1341623740071,2.0117277610723,-0.0673839845981301
-14.1175234763583,2.01181158238996,-0.0674044186328651
-14.1008845969829,2.01189408587818,-0.0674246942060327
-14.0842457787225,2.01197527198135,-0.0674447230174525
-14.067606978601,2.01205514057016,-0.0674643795374407
-14.05096812165,2.01213369187497,-0.0674835346392075
-14.0343291733049,2.01221092678301,-0.0675020775297411
-14.0176901593676,2.01228684673137,-0.0675199181313981
-14.0010511166015,2.01236145362307,-0.0675369793675473
-13.984412052883,2.01243474986701,-0.0675531935931298
-13.9677729638418,2.01250673826871,-0.0675685008970155
-13.9511338526877,2.01257742181923,-0.0675828445291415
-13.9344947251011,2.01264680365108,-0.0675961691552065
-13.9178555822517,2.01271488717912,-0.0676084253693189
-13.9012164344713,2.01278167615993,-0.0676195741040543
-13.8845773083173,2.0128471744956,-0.0676295813760395
-13.8679382092782,2.01291138625231,-0.0676384149435312
-13.8512991296347,2.01297431574755,-0.0676460485752347
-13.8346600724209,2.01303596742654,-0.0676524606629434
-13.8180210424919,2.01309634580357,-0.0676576310909449
-13.8013820432201,2.01315545549324,-0.0676615418324555
-13.7847430726562,2.01321330128454,-0.0676641801012789
-13.7681041285031,2.01326988819684,-0.0676655418357724
-13.7514652230228,2.01332522148057,-0.0676656319388466
-13.7348265254036,2.01337930710717,-0.0676644341606965
-13.7181883293025,2.01343215511202,-0.067661814800949
-13.7015503673651,2.01348378039327,-0.0676575217750723
-13.6849122853143,2.0135341971624,-0.0676512987322692
-13.6682741328456,2.01358341562196,-0.0676429461193166
-13.6516360630663,2.01363144322347,-0.0676323207235248
-13.6349981005621,2.01367828636633,-0.0676193165483027
-13.618360179588,2.01372395077916,-0.0676038457878787
-13.601722254431,2.01376844139296,-0.0675858322552863
-13.5850843344592,2.0138117622507,-0.0675652136368687
-13.568446436963,2.01385391655871,-0.0675419445141599
-13.5518085545554,2.01389490679073,-0.0675159982933796
-13.5351706603479,2.01393473486525,-0.0674873686416808
-13.5185327310057,2.01397340238023,-0.0674560723981186
-13.5018947621305,2.01401091064991,-0.0674221478719946
-13.4852567557176,2.01404726068615,-0.0673856494632262
-13.4686186877544,2.01408245576401,-0.0673466567776085
-13.4519804738851,2.01411650644413,-0.0673053953318903
-13.4353420653092,2.01414942028765,-0.0672622542758846
-13.4187034555046,2.01418120293731,-0.0672176332862097
-13.4020646613822,2.01421186117341,-0.0671718523989785
-13.3854257107374,2.01424140318227,-0.0671251485777397
-13.3687866339225,2.0142698370754,-0.0670777095916787
-13.3521474524474,2.01429716975474,-0.0670297054717916
-13.3355081739377,2.0143234066137,-0.0669813036029509
-13.3188687932175,2.0143485592103,-0.0669326739845948
-13.3022292975849,2.0143726655333,-0.0668840369287999
-13.2855896728307,2.01439576226662,-0.0668356657353538
-13.2689499150243,2.01441790647165,-0.0667878201959291
-13.2523100479466,2.01443920276274,-0.0667407266369072
-13.2356700763401,2.01445968987104,-0.066694582016323
-13.2190299886981,2.0144793780644,-0.0666495518925392
-13.2023897676283,2.01449826770784,-0.0666057749674319
-13.185749395766,2.01451635457285,-0.0665633696423373
-13.1691088592644,2.01453363194782,-0.0665224385098278
-13.152468149738,2.01455009160018,-0.0664830702365282
-13.1358272651254,2.01456572426224,-0.0664453398415171
-13.1191862097372,2.01458051990357,-0.066409308521711
-13.102544993685,2.01459446792151,-0.0663750240376576
-13.0859036319548,2.01460755729563,-0.0663425219529518
-13.0692621434352,2.01461977670639,-0.0663118270083928
-13.0526205499208,2.01463111462279,-0.0662829543840248
-13.0359788749931,2.01464155936549,-0.0662559104753987
-13.0193371425214,2.0146510991518,-0.0662306935967895
-13.0026953748363,2.01465972212729,-0.0662072947424408
-12.9860535909663,2.01466741639211,-0.0661856983237284
-12.9694118055107,2.01467417002488,-0.0661658828753295
-12.9527700286429,2.01467997110771,-0.0661478216338889
-12.9361282672697,2.01468480774502,-0.0661314832238128
-12.9194865269225,2.01468866808202,-0.066116832237797
-12.9028448135036,2.01469154032124,-0.0661038297104565
-12.886203134023,2.0146934127404,-0.0660924336744188
-12.8695614960684,2.01469427370667,-0.0660825996529222
-12.8529199064103,2.01469411168883,-0.0660742811278144
-12.8362783696779,2.01469291526454,-0.0660674298555216
-12.8196368879156,2.01469067312847,-0.0660619961883921
-12.802995461299,2.01468737410138,-0.0660579293722401
-12.7863540895054,2.01468300714328,-0.0660551779486015
-12.7697127728412,2.01467756136441,-0.0660536901181189
-12.7530715123558,2.01467102603249,-0.0660534140977222
-12.736430308873,2.01466339057783,-0.06605429816903
-12.7197891615228,2.01465464459697,-0.0660562907908311
-12.7031480668205,2.01464477785261,-0.0660593408772762
-12.6865070189545,2.01463378027728,-0.0660633979860958
-12.6698660112094,2.01462164197967,-0.0660684124392468
-12.6532250376566,2.01460835325496,-0.066074335546257
-12.6365840940864,2.01459390459214,-0.0660811197689007
-12.6199431776232,2.01457828667699,-0.0660887188560422
-12.6033022853194,2.01456149038783,-0.0660970878226679
-12.5866614126557,2.014543506792,-0.0661061829702394
-12.5700205530301,2.01452432714525,-0.0661159619321653
-12.5533796986204,2.01450394289705,-0.0661263837838181
-12.5367388421604,2.01448234569706,-0.066137409110633
-12.5200979784877,2.01445952740045,-0.06614900003582
-12.503457104974,2.0144354800667,-0.0661611201549522
-12.4868162205789,2.01441019595858,-0.0661737346131794
-12.4701753241954,2.01438366753741,-0.0661868101366323
-12.4535344133982,2.01435588745847,-0.0662003150236742
-12.4368934844004,2.01432684856969,-0.066214219134618
-12.4202525332489,2.01429654391407,-0.0662284939226786
-12.403611557554,2.01426496673797,-0.0662431123635505
-12.3869705576307,2.01423211049347,-0.0662580488420955
-12.3703295363671,2.01419796883622,-0.0662732790473776
-12.3536884978198,2.01416253561476,-0.0662887799908203
-12.3370474455149,2.01412580486295,-0.0663045300704028
-12.320406381514,2.01408777079529,-0.0663205090609847
-12.3037653067704,2.01404842780716,-0.0663366980706112
-12.2871242225239,2.01400777047914,-0.0663530795016292
-12.2704831317933,2.01396579358293,-0.0663696370116607
-12.2538420400255,2.01392249208362,-0.0663863552956806
-12.2372009543779,2.01387786112748,-0.0664032200338066
-12.2205598821286,2.01383189603282,-0.0664202179851887
-12.2039188292011,2.01378459228159,-0.0664373370407432
-12.1872777996319,2.01373594551946,-0.0664545661319771
-12.1706367962859,2.01368595155468,-0.0664718950465362
-12.1539958222784,2.01363460635966,-0.0664893143009407
-12.1373548821414,2.01358190607546,-0.0665068152027254
-12.1207139820021,2.01352784701012,-0.066524389879497
-12.1040731286426,2.01347242563476,-0.0665420311170947
-12.0874323279569,2.01341563857033,-0.0665597323571268
-12.070791583745,2.01335748257728,-0.0665774876726183
-12.0541508976096,2.01329795455184,-0.0665952917305005
-12.0375102699577,2.01323705152868,-0.0666131397501717
-12.0208697014502,2.01317477082536,-0.0666310370313073
-12.0042291937469,2.01311111147571,-0.0666489866080755
-11.9875887495475,2.01304607477986,-0.0666669795036066
-11.9709483712519,2.01297966324716,-0.0666850074951709
-11.9543080595402,2.01291187992613,-0.0667030647110376
-11.9376678127938,2.01284272806416,-0.0667211478005095
-11.9210276276049,2.01277221093657,-0.0667392552350613
-11.9043875000815,2.01270033176319,-0.0667573865241722
-11.8877474270847,2.01262709367805,-0.0667755416210175
-11.8711074067809,2.01255249971826,-0.0667937205138478
-11.8544674381862,2.01247655281814,-0.0668119230290966
-11.8378275199717,2.01239925580367,-0.0668301488001936
-11.8211876493019,2.0123206113894,-0.0668483973330952
-11.8045478214619,2.01224062218235,-0.066866668108169
-11.7879080305357,2.01215929069362,-0.0668849606852523
-11.7712682707207,2.01207661935463,-0.0669032747787334
-11.7546285375173,2.01199261052737,-0.0669216101337745
-11.7379888280231,2.01190726651434,-0.0669399665597041
-11.7213491403021,2.01182058955964,-0.0669583439191749
-11.7047094721603,2.01173258184517,-0.0669767420902357
-11.6880698202223,2.01164324548863,-0.0669951609553937
-11.6714301798882,2.01155258254747,-0.0670136004385544
-11.6547905462278,2.01146059502801,-0.0670320605668331
-11.6381509152527,2.0113672848963,-0.0670505412387885
-11.6215112847335,2.01127265408947,-0.0670690422383472
-11.6048716541323,2.01117670451898,-0.06708756328253
-11.588232023736,2.01107943806736,-0.0671061040402127
-11.5715923935439,2.01098085658355,-0.0671246641089959
-11.5549527625883,2.01088096187821,-0.067143243120157
-11.5383131291734,2.0107797557271,-0.0671618407644799
-11.5216734917863,2.01067723987672,-0.0671804566277829
-11.50503385013,2.0105734160565,-0.0671990902322883
-11.4883942056422,2.01046828598642,-0.0672177410771001
-11.471754561181,2.01036185137659,-0.0672364086422309
-11.4551149200105,2.01025411392065,-0.0672550923977407
-11.4384752847848,2.01014507528752,-0.0672737918387013
-11.4218356570514,2.01003473712295,-0.0672925064298961
-11.405196037664,2.00992310105298,-0.0673112355167959
-11.3885564277536,2.00981016869231,-0.0673299782880252
-11.3719168296101,2.00969594165293,-0.0673487337202605
-11.3552772469013,2.00958042154678,-0.0673675007579058
-11.338637684048,2.00946360998079,-0.0673862783804745
-11.3219981451465,2.00934550854882,-0.0674050656416686
-11.3053586331287,2.00922611883076,-0.0674238615751668
-11.288719149641,2.00910544238812,-0.0674426651368153
-11.2720796956613,2.00898348076911,-0.0674614752364375
-11.2554402723946,2.0088602355177,-0.0674802907728593
-11.2388008819491,2.00873570818473,-0.0674991105190998
-11.2221615272875,2.00860990032398,-0.067517933103018
-11.2055222114908,2.00848281348694,-0.0675367571095471
-11.1888829367775,2.00835444921566,-0.0675555811145524
-11.1722437039075,2.00822480903863,-0.0675744036893949
-11.1556045123147,2.00809389447343,-0.067593223439087
-11.1389653608986,2.00796170703406,-0.0676120390759806
-11.1223262489282,2.00782824823892,-0.0676308492143042
-11.1056871764885,2.00769351961405,-0.0676496522683996
-11.0890481442143,2.00755752269354,-0.0676684465537078
-11.0724091525024,2.00742025901336,-0.0676872303601078
-11.0557702006964,2.00728173010448,-0.0677060019994682
-11.0391312867896,2.00714193748699,-0.0677247596757881
-11.0224924078042,2.00700088267683,-0.0677435015011962
-11.005853560608,2.00685856719256,-0.067762225620805
-10.9892147427307,2.00671499256327,-0.0677809302692853
-10.972575952652,2.00657016033132,-0.0677996138112518
-10.9559371894239,2.00642407205263,-0.0678182746470936
-10.9392984518313,2.0062767292863,-0.0678369110583506
-10.9226597376835,2.00612813358649,-0.0678555212003193
-10.906021043756,2.00597828650239,-0.0678741031712806
-10.8893823664165,2.00582718958604,-0.0678926550512374
-10.872743702521,2.0056748444031,-0.0679111748611274
-10.8561050499673,2.0055212525363,-0.0679296606245517
-10.83946640767,2.00536641558433,-0.0679481103751638
-10.8228277750158,2.00521033515463,-0.0679665221160175
-10.8061891511163,2.00505301285822,-0.0679848938961026
-10.7895505343601,2.00489445030621,-0.0680032238282466
-10.7729119225502,2.00473464911135,-0.0680215100821949
-10.7562733135856,2.00457361089616,-0.068039750877562
-10.7396347061724,2.00441133730144,-0.0680579444750977
-10.7229961001802,2.00424782998568,-0.0680760890436071
-10.7063574964068,2.0040830906235,-0.0680941827382141
-10.6897188959752,2.0039171209007,-0.0681122237668467
-10.6730802996594,2.00374992250747,-0.0681302104043544
-10.6564417075685,2.00358149713042,-0.0681481408577355
-10.6398031194021,2.00341184645618,-0.0681660133496021
-10.6231645351181,2.00324097217941,-0.0681838261877695
-10.6065259555698,2.00306887601466,-0.0682015776370478
-10.5898873826181,2.0028955596964,-0.0682192659729378
-10.5732488187533,2.00272102497263,-0.0682368895164035
-10.5566102663988,2.00254527359618,-0.0682544466491444
-10.539971727331,2.00236830731859,-0.0682719358436781
-10.5233332025876,2.00219012788595,-0.0682893555547081
-10.5066946928557,2.00201073704406,-0.0683067042297498
-10.4900561990983,2.00183013654682,-0.0683239803426707
-10.4734177230233,2.00164832816153,-0.0683411824201582
-10.4567792670306,2.00146531366447,-0.0683583089991675
-10.4401408337028,2.00128109483935,-0.0683753585998831
-10.4235024251384,2.00109567347142,-0.0683923296934413
-10.4068640425348,2.00090905133938,-0.0684092207979187
-10.3902256862938,2.00072123021545,-0.068426030501775
-10.3735873565305,2.00053221187029,-0.0684427574329187
-10.3569490536188,2.00034199807924,-0.0684594002383028
-10.3403107784873,2.00015059062632,-0.0684759575930831
-10.3236725324749,1.99995799130336,-0.0684924282214032
-10.3070343168049,1.99976420190322,-0.0685088109286595
-10.2903961319874,1.99956922420923,-0.0685251045661896
-10.2737579776043,1.99937305999511,-0.0685413078845753
-10.2571198525427,1.99917571102455,-0.0685574195090587
-10.2404817555498,1.99897717906094,-0.068573438015178
-10.2238436857534,1.99877746587242,-0.0685893620547987
-10.2072056428314,1.99857657323267,-0.0686051904013157
-10.1905676267185,1.99837450291617,-0.0686209220001434
-10.173929637093,1.9981712566951,-0.0686365559283165
-10.1572916729492,1.99796683633122,-0.0686520912859657
-10.1406537325477,1.99776124357676,-0.0686675270094894
-10.1240158137559,1.99755448017493,-0.0686828618953979
-10.1073779146139,1.99734654786841,-0.0686980947365241
-10.0907400337496,1.99713744840538,-0.0687132243698613
-10.0741021703917,1.99692718353942,-0.0687282496897837
-10.0574643240132,1.99671575502465,-0.0687431696406302
-10.0408264938302,1.99650316460911,-0.0687579831820963
-10.0241886784739,1.99628941402916,-0.0687726893327027
-10.0075508760732,1.99607450501114,-0.0687872872266959
-9.99091308472144,1.99585843927413,-0.0688017760292749
-9.97427530301511,1.99564121853641,-0.0688161548162974
-9.95763753031531,1.99542284452282,-0.0688304226310038
-9.94099976663868,1.99520331896477,-0.0688445784742505
-9.92436201216469,1.99498264359036,-0.0688586213900844
-9.9077242667549,1.99476082011522,-0.0688725505053002
-9.89108652978742,1.99453785023781,-0.0688863650434953
-9.87444880036193,1.99431373564889,-0.0689000643652734
-9.85781107777356,1.99408847803623,-0.0689136479137053
-9.8411733619627,1.99386207909212,-0.0689271150762911
-9.82453565363737,1.99363454051572,-0.0689404651202618
-9.80789795401014,1.99340586400565,-0.0689536972905524
-9.79126026429188,1.99317605125114,-0.0689668108518903
-9.77462258526758,1.99294510392576,-0.0689798051080831
-9.75798491722564,1.99271302368682,-0.0689926794157869
-9.74134726025288,1.99247981218038,-0.0690054331893533
-9.72470961471664,1.99224547104834,-0.0690180658912462
-9.70807198159395,1.99201000193298,-0.0690305770121305
-9.69143436244748,1.99177340647607,-0.0690429660558376
-9.6747967590581,1.99153568631307,-0.0690552325413126
-9.65815917297699,1.99129684306627,-0.0690673760037234
-9.64152160519929,1.99105687833997,-0.0690793959893016
-9.62488405618771,1.99081579372057,-0.0690912920608674
-9.60824652622432,1.99057359078178,-0.0691030638054366
-9.59160901584276,1.99033027109097,-0.0691147108364075
-9.57497152605538,1.99008583621256,-0.0691262327920754
-9.55833405822804,1.98984028770583,-0.0691376293391713
-9.54169661370511,1.98959362711912,-0.0691489001777934
-9.52505919344826,1.98934585625527,-0.0691600641253081
-9.50842179743435,1.9890969800205,-0.0691711346476386
-9.49178442507842,1.98884700754439,-0.0691821003920518
-9.47514707533949,1.98859595009217,-0.0691929506909462
-9.45850974713318,1.9883438197572,-0.0692036787209121
-9.4418724398009,1.98809062879098,-0.0692142820135658
-9.42523515317643,1.98783638926297,-0.0692247614355691
-9.40859788726993,1.98758111289073,-0.06923511965886
-9.39196064183913,1.98732481095999,-0.0692453598050218
-9.37532341615808,1.98706749429438,-0.0692554845788825
-9.35868620911533,1.98680917325464,-0.0692654959233346
-9.34204901956022,1.98654985775454,-0.0692753950579626
-9.32541184664652,1.98628955728267,-0.0692851827012532
-9.30877468992429,1.98602828092213,-0.0692948593114002
-9.29213754911234,1.98576603736479,-0.0693044252628647
-9.27550042370879,1.98550283492273,-0.0693138809533536
-9.25886331274546,1.98523868154128,-0.0693232268556568
-9.2422262148573,1.98497358481626,-0.0693324635079707
-9.22558912856142,1.98470755201398,-0.0693415914732076
-9.2089520526266,1.98444059009129,-0.0693506113047622
-9.19231498629556,1.98417270571241,-0.069359523523339
-9.17567792922327,1.98390390526058,-0.0693683286115638
-9.15904088120304,1.98363419484508,-0.0693770270140774
-9.14240384183297,1.98336358030639,-0.069385619135333
-9.1257668103523,1.9830920672235,-0.0693941053377455
-9.10912978573184,1.98281966092574,-0.0694024859492992
-9.09249276699281,1.98254636650797,-0.0694107612847357
-9.07585575356136,1.98227218884602,-0.0694189316555562
-9.05921874540047,1.98199713260828,-0.0694269973636889
-9.04258174285772,1.98172120226124,-0.0694349586893997
-9.02594474631925,1.98144440207114,-0.069442815888826
-9.00930775592114,1.98116673610671,-0.0694505692036681
-8.9926707714808,1.98088820824563,-0.0694582188688493
-8.9760337926764,1.98060882218518,-0.0694657651157579
-8.95939681936068,1.98032858145501,-0.0694732081769705
-8.94275985182723,1.98004748942823,-0.0694805482803071
-8.92612289081049,1.97976554932766,-0.0694877856454517
-8.90948593728859,1.97948276422895,-0.0694949204829072
-8.89284899214313,1.97919913706119,-0.0695019529915323
-8.8762120559292,1.97891467060887,-0.0695088833655549
-8.85957512888098,1.97862936751761,-0.0695157118002987
-8.84293821113482,1.97834323030392,-0.0695224384964227
-8.82630130302863,1.97805626136579,-0.0695290636569553
-8.80966440525731,1.97776846299073,-0.0695355874876968
-8.7930275188272,1.97747983736013,-0.0695420101997471
-8.77639064479982,1.97719038655031,-0.0695483320099748
-8.75975378401577,1.97690011253213,-0.0695545531335477
-8.74311693691668,1.97660901717224,-0.0695606737764003
-8.72648010361877,1.97631710223916,-0.0695666941398741
-8.7098432841717,1.97602436941272,-0.0695726144203455
-8.69320647879873,1.97573082029294,-0.0695784348112813
-8.67656968800462,1.9754364564063,-0.0695841555157657
-8.65993291248733,1.97514127920755,-0.0695897767449615
-8.64329615285598,1.97484529007819,-0.0695952987144611
-8.62665940940607,1.97454849032641,-0.0696007216406232
-8.61002268202176,1.97425088118903,-0.0696060457542744
-8.5933859703084,1.97395246383678,-0.0696112713350996
-8.57674927388153,1.97365323938668,-0.0696163985942176
-8.56011259258355,1.97335320890759,-0.0696214277310447
-8.54347592650926,1.97305237342342,-0.0696263589653746
-8.52683927586591,1.97275073391354,-0.0696311925369747
-8.51020264072646,1.97244829131068,-0.0696359286842475
-8.49356602080296,1.97214504649991,-0.0696405676362163
-8.47692941545868,1.97184100032241,-0.0696451096071101
-8.46029282392273,1.97153615358369,-0.0696495547613906
-8.44365624555364,1.97123050705897,-0.0696539032905668
-8.42701967998153,1.97092406149763,-0.0696581554507769
-8.41038312708584,1.97061681762413,-0.0696623116011822
-8.3937465868255,1.97030877613978,-0.0696663721084904
-8.37711005900776,1.9699999377216,-0.0696703373109873
-8.36047354317058,1.96969030302189,-0.0696742075152306
-8.34383703862413,1.96937987267061,-0.0696779830085855
-8.32720054468631,1.96906864728194,-0.0696816640726649
-8.3105640608928,1.96875662746049,-0.0696852509891933
-8.29392758708933,1.96844381380473,-0.0696887440510842
-8.27729112334414,1.96813020690674,-0.0696921435891727
-8.26065466978689,1.96781580735002,-0.069695449987847
-8.24401822642285,1.96750061570903,-0.0696986635974989
-8.22738179302085,1.96718463254789,-0.0697017847493646
-8.21074536921017,1.96686785842376,-0.0697048137791884
-8.19410895470023,1.96655029389401,-0.0697077510797253
-8.17747254949977,1.96623193952298,-0.0697105971395681
-8.16083615395729,1.96591279587532,-0.0697133522737501
-8.14419976857229,1.96559286351688,-0.0697160168064812
-8.12756339380041,1.96527214301828,-0.0697185910458693
-8.1109270299001,1.96495063495217,-0.0697210753712904
-8.0942906769282,1.96462833989236,-0.0697234702159867
-8.07765433489494,1.96430525841756,-0.0697257760579117
-8.06101800395395,1.96398139111637,-0.0697279934285418
-8.04438168453849,1.96365673858617,-0.0697301228050353
-8.02774537731332,1.96333130143364,-0.0697321647002278
-8.01110908302199,1.96300508027933,-0.0697341195076933
-7.99447280226089,1.96267807575131,-0.0697359875998231
-7.97783653537583,1.96235028848213,-0.0697377693846752
-7.96120028251417,1.96202171911091,-0.0697394653423641
-7.94456404377283,1.96169236828883,-0.0697410760723426
-7.92792781941438,1.96136223667613,-0.0697426020645572
-7.91129160990594,1.96103132494418,-0.069744043858444
-7.89465541589193,1.96069963377971,-0.0697454019329564
-7.87801923797129,1.9603671638846,-0.0697466767598627
-7.86138307653346,1.96003391597354,-0.0697478688417351
-7.84474693169729,1.9596998907766,-0.0697489786299121
-7.82811080339891,1.95936508903342,-0.069750006590887
-7.81147469154612,1.95902951149327,-0.0697509532607252
-7.79483859618973,1.95869315891652,-0.069751819308377
-7.77820251757122,1.95835603208078,-0.0697526054123738
-7.76156645604055,1.95801813178355,-0.0697533121945763
-7.74493041186487,1.95767945883549,-0.0697539400863487
-7.72829438504434,1.95734001405522,-0.0697544894974694
-7.7116583753058,1.9569997982685,-0.0697549609140568
-7.69502238223552,1.95665881231006,-0.0697553549524291
-7.67838640548077,1.95631705703134,-0.0697556722910518
-7.66175044489636,1.95597453330539,-0.0697559136748858
-7.64511450051771,1.95563124202238,-0.0697560798189493
-7.62847857242072,1.95528718408513,-0.0697561713002397
-7.61184266053073,1.95494236040731,-0.0697561886541012
-7.59520676456737,1.9545967719136,-0.0697561324436116
-7.57857088407904,1.95425041954275,-0.0697560032597704
-7.56193501859212,1.95390330424523,-0.0697558015279486
-7.54529916772945,1.95355542698465,-0.0697555276883098
-7.52866333129559,1.95320678873943,-0.0697551822874686
-7.51202750924287,1.95285739050084,-0.069754766022361
-7.49539170155768,1.95250723327361,-0.0697542796640835
-7.478755908132,1.95215631807854,-0.0697537239585571
-7.46212012870825,1.95180464595104,-0.069753099493449
-7.44548436290147,1.95145221793356,-0.0697524068256007
-7.42884861037476,1.95109903507639,-0.0697516465582935
-7.41221287096046,1.95074509843945,-0.0697508193791048
-7.39557714473705,1.95039040909629,-0.0697499259045476
-7.37894143191008,1.95003496813413,-0.069748966589695
-7.36230573262571,1.94967877665032,-0.0697479419168651
-7.34567004686927,1.94932183574903,-0.0697468524848781
-7.32903437448719,1.9489641465397,-0.0697456990443806
-7.3123987153006,1.94860571014095,-0.069744482409566
-7.29576306927449,1.94824652768357,-0.0697432034225851
-7.27912743659068,1.94788660031534,-0.0697418628170706
-7.26249181759241,1.9475259291974,-0.0697404613013353
-7.24585621266834,1.94716451549552,-0.0697389995032371
-7.22922062210641,1.94680236037736,-0.0697374780833381
-7.21258504605125,1.9464394650169,-0.0697358976783259
-7.19594948454409,1.94607583059417,-0.0697342589792585
-7.17931393761958,1.94571145829229,-0.0697325626213768
-7.16267840540327,1.94534634930072,-0.0697308092382562
-7.14604288816331,1.94498050481655,-0.0697289995141737
-7.12940738627996,1.94461392604265,-0.0697271342352116
-7.11277190017047,1.94424661418833,-0.0697252142097967
-7.09613643013994,1.94387857046775,-0.0697232402591747
-7.07950097633854,1.94350979609674,-0.0697212131126723
-7.06286553878353,1.94314029229019,-0.0697191334087851
-7.04623011748006,1.94277006026278,-0.0697170016692604
-7.02959471259517,1.94239910147974,-0.0697148349664584
-7.01295932414125,1.94202742012206,-0.0697126458073164
-6.99632395200173,1.9416550240372,-0.0697104254000199
-6.97968859587044,1.94128192294587,-0.0697081654118706
-6.96305325515839,1.94090812729671,-0.0697058607904724
-6.94641792912755,1.94053364767739,-0.0697035102779726
-6.92978261710107,1.94015849451947,-0.0697011155978562
-6.91314731863116,1.93978267796007,-0.0696986801227098
-6.89651203354855,1.93940620778364,-0.0696962076327195
-6.87987676189782,1.93902909339292,-0.0696937013535938
-6.86324150373649,1.93865134380475,-0.0696911637493987
-6.846606258973,1.9382729676558,-0.0696885966165489
-6.82997102730396,1.93789397321416,-0.0696860012970517
-6.81333580826258,1.93751436839521,-0.0696833789078554
-6.79670060134077,1.93713416077937,-0.0696807305214888
-6.7800654061145,1.93675335762925,-0.0696780572808116
-6.76343022232122,1.93637196590778,-0.0696753603534569
-6.74679504983307,1.93598999229331,-0.0696726408286117
-6.73015988852187,1.93560744318559,-0.0696698998067288
-6.71352473814989,1.9352243247139,-0.0696671384510169
-6.69688959833911,1.93484064274893,-0.0696643580170076
-6.6802544686724,1.93445640291873,-0.0696615595727296
-6.66361934875893,1.93407161061509,-0.0696587440624839
-6.6469842383184,1.93368627100113,-0.0696559123174993
-6.63034913718234,1.93330038902322,-0.0696530652348362
-6.61371404526412,1.93291396942421,-0.0696502037765328
-6.5970789624688,1.93252701675311,-0.0696473290040894
-6.58044388865397,1.93213953536664,-0.069644441855741
-6.56380882359427,1.93175152943278,-0.0696415431471546
-6.54717376702965,1.93136300293701,-0.0696386335747421
-6.53053871873807,1.93097395969282,-0.0696357138410251
-6.51390367861958,1.93058440335271,-0.0696327846566918
-6.49726864670686,1.93019433741536,-0.0696298467279954
-6.48063362309989,1.92980376522996,-0.0696269007497556
-6.46399860787203,1.92941268999939,-0.0696239473986257
-6.4473636010044,1.9290211147834,-0.069620987347604
-6.43072860238971,1.92862904250261,-0.0696180213118099
-6.41409361192333,1.92823647594828,-0.0696150499687352
-6.39745862958451,1.92784341779067,-0.0696120739523305
-6.38082365546929,1.92744987058597,-0.0696090939101986
-6.36418868978149,1.92705583677856,-0.0696061104301479
-6.3475537327533,1.92666131870336,-0.0696031240046503
-6.33091878454687,1.92626631858717,-0.0696001350792235
-6.31428384521564,1.92587083855312,-0.069597144069422
-6.29764891473593,1.92547488062439,-0.0695941513868766
-6.28101399311063,1.9250784467266,-0.0695911572951058
-6.26437908040253,1.92468153869868,-0.069588162086913
-6.2477441767562,1.9242841583003,-0.0695851661598993
-6.23110928236518,1.92388630721614,-0.0695821700394219
-6.21447439741725,1.92348798705519,-0.0695791742647092
-6.19783952202496,1.92308919935111,-0.0695761793333472
-6.18120465620078,1.92268994556476,-0.0695731856911738
-6.16456979989607,1.92229022708857,-0.0695701937390076
-6.14793495307525,1.92189004525199,-0.0695672038463379
-6.13130011577277,1.92148940132614,-0.0695642163741916
-6.1146652880951,1.92108829652659,-0.0695612317083192
-6.09803047017603,1.92068673201688,-0.0695582502332518
-6.08139566209768,1.9202847089106,-0.0695552723437508
-6.06476086384565,1.91988222827181,-0.0695522984079395
-6.04812607531505,1.91947929111751,-0.0695493287498422
-6.03149129636861,1.91907589842226,-0.0695463636344238
-6.01485652689945,1.91867205112116,-0.0695434033176849
-5.99822176687631,1.91826775011293,-0.0695404480582551
-5.98158701633577,1.91786299626169,-0.0695374980942971
-5.96495227531477,1.91745779039907,-0.0695345536780482
-5.94831754378467,1.91705213332547,-0.0695316150822006
-5.93168282162016,1.91664602581146,-0.0695286825911202
-5.9150481086259,1.91623946860059,-0.0695257564963802
-5.89841340462506,1.91583246241275,-0.0695228370937024
-5.88177870950076,1.91542500794632,-0.0695199246849861
-5.8651440232228,1.91501710588292,-0.0695170195264092
-5.84850934580882,1.91460875688781,-0.0695141218750761
-5.83187467727105,1.91419996160776,-0.0695112319562625
-5.81524001755228,1.91379072067115,-0.0695083500183737
-5.79860536652347,1.91338103469166,-0.0695054763095971
-5.78197072402587,1.9129709042725,-0.0695026110556841
-5.76533608993599,1.91256033000625,-0.0694997544376947
-5.74870146420557,1.91214931247752,-0.0694969066348967
-5.73206684686686,1.91173785226476,-0.0694940678409011
-5.71543223798794,1.91132594994055,-0.0694912382628158
-5.6987976376108,1.9109136060717,-0.0694884181237822
-5.68216304574551,1.91050082121971,-0.0694856076491998
-5.66552846234053,1.91008759594078,-0.0694828070496204
-5.64889388731903,1.9096739307878,-0.0694800165295891
-5.63225932064373,1.90925982631271,-0.0694772363094156
-5.61562476236904,1.90884528306962,-0.0694744666014639
-5.59899021263548,1.90843030161573,-0.0694717075992453
-5.58235567159402,1.90801488250997,-0.0694689594865611
-5.56572113934432,1.90759902631239,-0.0694662224457929
-5.54908661590774,1.90718273358483,-0.0694634966823554
-5.53245210128203,1.90676600489206,-0.0694607823572611
-5.51581759548256,1.90634884080139,-0.0694580795848599
-5.49918309857168,1.90593124188511,-0.0694553884859037
-5.48254861066964,1.90551320872199,-0.0694527092038729
-5.46591413193205,1.90509474189728,-0.069450041907625
-5.44927966252338,1.90467584200234,-0.0694473867882055
-5.4326452025465,1.90425650963299,-0.06944474406577
-5.41601075203343,1.90383674539117,-0.0694421139461904
-5.3993763109771,1.90341654988761,-0.0694394966085563
-5.38274187938454,1.90299592374062,-0.069436892201279
-5.36610745731092,1.90257486757531,-0.0694343008369715
-5.34947304485154,1.90215338202424,-0.0694317226643608
-5.33283864216547,1.90173146773121,-0.0694291578213924
-5.31620424936729,1.90130912534965,-0.0694266064762637
-5.29956986648949,1.90088635553992,-0.0694240688067147
-5.28293549349902,1.90046315896664,-0.0694215449040499
-5.26630113032461,1.90003953630154,-0.0694190348461348
-5.24966677690762,1.89961548822565,-0.069416538752937
-5.23303243324739,1.89919101542996,-0.0694140568150593
-5.21639809941627,1.89876611861934,-0.0694115891552787
-5.19976377548961,1.89834079850881,-0.0694091358723964
-5.18312946148525,1.89791505582051,-0.0694066970794494
-5.16649515734183,1.89748889128249,-0.0694042729216799
-5.1498608629429,1.89706230563145,-0.0694018635224845
-5.13322657814916,1.89663529961375,-0.0693994690324946
-5.11659230290192,1.89620787398492,-0.0693970895743699
-5.09995803721182,1.89578002950984,-0.0693947252472468
-5.0833237811015,1.89535176696233,-0.0693923761398515
-5.06668953455963,1.8949230871242,-0.0693900423439172
-5.05005529751736,1.89449399078368,-0.0693877239501789
-5.03342106988663,1.89406447873416,-0.0693854210046429
-5.01678685154204,1.89363455177562,-0.0693831335951089
-5.00015264236302,1.89320421071862,-0.0693808618454576
-4.98351844228456,1.89277345638851,-0.069378605923676
-4.96688425129233,1.89234228962141,-0.0693763660050734
-4.95025006939913,1.89191071125868,-0.0693741422077391
-4.93361589658852,1.89147872214458,-0.0693719346586668
-4.91698173282155,1.89104632312887,-0.0693697434778451
-4.90034757802624,1.89061351506946,-0.0693675687674175
-4.88371343213943,1.89018029883148,-0.069365410615163
-4.86707929509934,1.88974667528554,-0.0693632691180754
-4.85044516688053,1.88931264530496,-0.0693611443430504
-4.83381104750696,1.88887820977145,-0.0693590362847281
-4.817176937021,1.88844336957408,-0.0693569449720393
-4.80054283543183,1.88800812560866,-0.069354870543272
-4.78390874273158,1.88757247877472,-0.0693528131397321
-4.76727465891609,1.88713642997287,-0.0693507728067077
-4.75064058396092,1.88669998010584,-0.0693487495812387
-4.73400651784601,1.88626313007973,-0.069346743557687
-4.71737246060262,1.88582588080929,-0.06934475477517
-4.70073841233243,1.88538823321595,-0.0693427832579717
-4.68410437312198,1.88495018822361,-0.0693408290298284
-4.66747034300036,1.88451174675677,-0.0693388921245437
-4.65083632193618,1.88407290973991,-0.0693369725988593
-4.63420230990138,1.88363367809908,-0.0693350705292609
-4.61756830691293,1.8831940527634,-0.0693331859665315
-4.60093431301718,1.88275403466354,-0.0693313188785253
-4.58430032826888,1.88231362473225,-0.0693294692410422
-4.56766635270877,1.88187282390355,-0.0693276371092895
-4.55103238639344,1.88143163311391,-0.0693258226674681
-4.53439842948612,1.8809900535188,-0.0693240401670954
-4.51776448191224,1.88054808859371,-0.069322299801552
-4.50113054326251,1.8801057449356,-0.0693205934565475
-4.48449661302371,1.87966303073839,-0.069318913453953
-4.46786269068537,1.87921995482119,-0.0693172549732043
-4.45122877587917,1.87877652612345,-0.0693156163376586
-4.43459486837352,1.87833275345194,-0.0693139983149498
-4.41796096803019,1.87788864535776,-0.0693124030109925
-4.40132707470543,1.87744421007894,-0.0693108329104305
-4.38469318822841,1.87699945551885,-0.0693092903006243
-4.36805930843333,1.87655438925215,-0.0693077767643939
-4.35142543514327,1.87610901852967,-0.0693062932759226
-4.33479156818414,1.8756633502892,-0.0693048404144335
-4.31815770741721,1.8752173911692,-0.0693034185396359
-4.30152385269335,1.87477114752159,-0.069302027975867
-4.28489000382298,1.87432462542739,-0.0693006691324227
-4.26825616059381,1.87387783070145,-0.0692993424063895
-4.25162232278902,1.87343076890354,-0.0692980482025044
-4.23498849021094,1.87298344534843,-0.069296786887971
-4.21835466270653,1.87253586512398,-0.0692955588741502
-4.20172084014122,1.87208803310221,-0.0692943647016256
-4.18508702241895,1.87163995395851,-0.0692932048714017
-4.16845320943253,1.87119163216941,-0.0692920797714575
-4.15181940107594,1.87074307201007,-0.0692909894767851
-4.13518559720008,1.87029427756671,-0.0692899339881851
-4.11855179760596,1.86984525274824,-0.069288913400233
-4.10191800207978,1.86939600129796,-0.0692879280381526
-4.08528421048732,1.86894652679399,-0.0692869781621554
-4.06865042277086,1.86849683265543,-0.0692860639440498
-4.05201663888704,1.86804692214766,-0.0692851855122781
-4.0353828587708,1.86759679838709,-0.0692843430220535
-4.01874908237106,1.86714646435159,-0.0692835365411134
-4.00211530962069,1.86669592288908,-0.069282765946589
-3.9854815404023,1.86624517671835,-0.0692820311544734
-3.96884777460336,1.86579422842915,-0.06928133212678
-3.95221401215069,1.86534308048141,-0.0692806688695488
-3.9355802530178,1.86489173522121,-0.0692800413914357
-3.91894649721698,1.86444019489092,-0.0692794496638818
-3.90231274478664,1.86398846163975,-0.0692788934708136
-3.88567899570138,1.86353653751486,-0.0692783725393644
-3.86904524988363,1.86308442445892,-0.0692778865882553
-3.85241150722761,1.86263212431547,-0.0692774354620109
-3.83577776766079,1.86217963883839,-0.0692770190790612
-3.8191440312076,1.86172696969916,-0.0692766373812184
-3.80251029792866,1.86127411849075,-0.0692762902847743
-3.78587656786662,1.86082108672868,-0.0692759777149737
-3.76924284101051,1.86036787584705,-0.0692756995419773
-3.75260911733213,1.85991448721108,-0.0692754554909223
-3.73597539678366,1.85946092212355,-0.0692752452371708
-3.71934167932575,1.85900718182731,-0.0692750686017364
-3.70270796498828,1.85855326750006,-0.0692749252931666
-3.68607425382598,1.85809918025827,-0.0692748149879971
-3.66944054586695,1.85764492116078,-0.0692747373864604
-3.65280684110714,1.8571904912122,-0.0692746922383621
-3.63617313951316,1.85673589136586,-0.0692746793617258
-3.61953944105639,1.85628112253126,-0.0692746985005736
-3.60290574570139,1.85582618557562,-0.069274749404122
-3.58627205340835,1.85537108132583,-0.0692748319217619
-3.56963836418589,1.85491581056311,-0.0692749457650501
-3.55300467807967,1.85446037403292,-0.0692750905298981
-3.53637099511161,1.85400477244857,-0.0692752658520948
-3.51973731525335,1.85354900649597,-0.0692754714811149
-3.50310363848651,1.85309307682631,-0.0692757070588363
-3.48646996476711,1.85263698405805,-0.0692759722353378
-3.46983629403398,1.85218072877971,-0.0692762667605326
-3.45320262623599,1.85172431155465,-0.06927659043529
-3.43656896134642,1.85126773292312,-0.0692769431282108
-3.41993529941784,1.85081099341303,-0.0692773245113651
-3.40330164047859,1.85035409353573,-0.0692777342345955
-3.38666798449893,1.84989703378187,-0.0692781719268359
-3.37003433140708,1.84943981462076,-0.0692786371746335
-3.35340068112869,1.84898243650611,-0.0692791295887116
-3.336767033608,1.84852489988014,-0.0692796488440361
-3.32013338881089,1.84806720517692,-0.0692801947283203
-3.3034997467506,1.84760935281984,-0.069280766967196
-3.28686610745757,1.84715134322029,-0.0692813651820688
-3.27023247092552,1.84669317677938,-0.0692819890252871
-3.25359883712242,1.84623485389179,-0.0692826381743982
-3.23696520599817,1.84577637494731,-0.0692833123308044
-3.2203315775041,1.84531774033305,-0.0692840111864868
-3.20369795161493,1.84485895043658,-0.0692847344240608
-3.18706432832884,1.84440000564768,-0.0692854817680455
-3.17043070769296,1.84394090635044,-0.0692862527934811
-3.15379708973749,1.84348165292483,-0.0692870470526633
-3.13716347445825,1.84302224574918,-0.0692878641413177
-3.12052986182839,1.84256268520192,-0.0692887036977123
-3.10389625180582,1.84210297166266,-0.0692895653986731
-3.08726264435272,1.84164310551299,-0.0692904489700281
-3.07062903946085,1.84118308713866,-0.0692913541444661
-3.05399543715049,1.8407229169297,-0.0692922806644027
-3.03736183746484,1.84026259528243,-0.0692932282335041
-3.02072824045094,1.83980212260121,-0.069294196477889
-3.00409464613105,1.83934149929355,-0.0692951849757814
-2.98746105448387,1.83888072577025,-0.0692961933524364
-2.97082746546674,1.83841980244676,-0.0692972213564446
-2.95419387906807,1.83795872974159,-0.0692982687277494
-2.93756029531468,1.83749750808146,-0.0692993351535136
-2.92092671424976,1.83703613790485,-0.0693004202495598
-2.90429313590778,1.83657461965961,-0.0693015236782485
-2.88765956031584,1.83611295379821,-0.0693026450548853
-2.87102598747214,1.83565114077879,-0.0693037840018124
-2.85439241735011,1.83518918106683,-0.0693049401830859
-2.8377588499157,1.83472707513685,-0.0693061133218922
-2.8211252851563,1.83426482347209,-0.069307303140529
-2.80449172308795,1.83380242656385,-0.0693085093142072
-2.787858163734,1.83333988491212,-0.0693097315108171
-2.77122460711271,1.8328771990261,-0.0693109694179654
-2.75459105322162,1.8324143694243,-0.0693122227574178
-2.73795750204226,1.83195139663267,-0.0693134912226467
-2.7213239535519,1.8314882811857,-0.0693147745004563
-2.70469040772146,1.8310250236269,-0.0693160722808203
-2.68805686452529,1.83056162450919,-0.0693173842619087
-2.6714233239624,1.83009808439534,-0.0693187101480808
-2.65478978604352,1.82963440385726,-0.0693200496416424
-2.63815625076585,1.82917058347499,-0.0693214024420995
-2.62152271810152,1.82870662383693,-0.0693227682691125
-2.60488918799889,1.82824252554092,-0.0693241469024865
-2.58825566041374,1.82777828919209,-0.0693255380788141
-2.57162213530906,1.82731391540308,-0.0693269415071579
-2.55498861266452,1.82684940479505,-0.0693283568992668
-2.53835509247384,1.82638475799822,-0.0693297839801262
-2.52172157474737,1.8259199756495,-0.0693312224044993
-2.50508805947952,1.82545505839306,-0.0693326718234914
-2.48845454663001,1.82499000688024,-0.0693341319177935
-2.4718210361454,1.82452482177015,-0.0693356023971368
-2.45518752796451,1.82405950372967,-0.0693370829926453
-2.43855402204007,1.82359405343316,-0.0693385734700971
-2.42192051835869,1.82312847156131,-0.0693400736425022
-2.40528701693447,1.82266275880406,-0.0693415832321431
-2.38865351776909,1.82219691585811,-0.069343101937829
-2.3720200208372,1.82173094342559,-0.0693446294987421
-2.35538652609991,1.82126484221172,-0.0693461656635334
-2.33875303351358,1.8207986129271,-0.0693477101682366
-2.32211954303931,1.82033225628918,-0.0693492627178359
-2.3054860546645,1.81986577302163,-0.0693508230254431
-2.28885256839229,1.81939916385366,-0.0693523908172091
-2.27221908422035,1.81893242951924,-0.0693539658322697
-2.25558560214219,1.81846557075711,-0.0693555478393841
-2.23895212213357,1.8179985883107,-0.0693571366593687
-2.22231864417637,1.81753148292508,-0.0693587320360212
-2.20568516824726,1.81706425534808,-0.0693603336884847
-2.18905169432527,1.81659690633119,-0.0693619413501901
-2.17241822240283,1.81612943662911,-0.0693635547841126
-2.15578475247226,1.81566184699974,-0.0693651737576304
-2.13915128452921,1.81519413820486,-0.0693667980418427
-2.12251781856274,1.81472631101101,-0.0693684274221754
-2.10588435455932,1.81425836618732,-0.069370061687619
-2.08925089250732,1.81379030450359,-0.0693717006300853
-2.07261743238084,1.81332212672862,-0.0693733440673002
-2.05598397416036,1.81285383363178,-0.0693749918180484
-2.03935051777101,1.81238542615885,-0.0693766391266797
-2.02271706309696,1.81191690712695,-0.0693782824738156
-2.00608361001608,1.81144828186778,-0.0693799242306956
-1.98945015836257,1.81097955699548,-0.0693815666132382
-1.97281670796643,1.81051073962492,-0.0693832109353522
-1.95618325865023,1.81004183696764,-0.0693848574596865
-1.93954981022122,1.8095728561261,-0.069386505686837
-1.92291636250265,1.80910380399516,-0.0693881547295566
-1.90628291534182,1.80863468721821,-0.0693898036107439
-1.88964946857897,1.80816551217108,-0.0693914514605
-1.87301602204008,1.80769628496129,-0.0693930976124872
-1.85638257554834,1.80722701143715,-0.0693947415476251
-1.83974912891648,1.80675769719698,-0.0693963828926705
-1.8231156819875,1.80628834759799,-0.0693980213150284
-1.80648223463371,1.80581896776774,-0.0693996564916166
-1.78984878672686,1.80534956261486,-0.0694012881028325
-1.77321533813505,1.80488013683952,-0.0694029158467715
-1.75658188874196,1.80441069494142,-0.0694045393823418
-1.73994843844098,1.80394124122893,-0.0694061583567805
-1.72331498710247,1.80347177982641,-0.0694077724453648
-1.70668153457063,1.80300231468115,-0.0694093813983212
-1.69004808072047,1.80253284957642,-0.0694109849209548
-1.67341462545119,1.8020633881369,-0.0694125827273688
-1.65678116867329,1.80159393383349,-0.0694141745863741
-1.64014771031027,1.80112448998656,-0.0694157602790355
-1.62351425028187,1.8006550597735,-0.0694173395746035
-1.60688078849506,1.80018564623643,-0.0694189122348185
-1.59024732485565,1.79971625228786,-0.0694204781006892
-1.57361385927888,1.79924688071196,-0.0694220369826567
-1.55698039170252,1.79877753416654,-0.0694235885404438
-1.54034692204634,1.79830821519179,-0.0694251324500812
-1.52371345021088,1.79783892621688,-0.069426668495466
-1.50707997612291,1.79736966956739,-0.069428196627683
-1.49044649971009,1.79690044746721,-0.0694297169221784
-1.47381302093554,1.79643126204056,-0.0694312294079318
-1.45717953976907,1.79596211531385,-0.0694327340068562
-1.44054605616674,1.7954930092189,-0.0694342305258479
-1.42391257006933,1.79502394559966,-0.0694357187172139
-1.40727908143367,1.79455492621589,-0.0694371983485987
-1.39064559022788,1.79408595274481,-0.0694386691973871
-1.37401209642415,1.79361702678475,-0.0694401310833016
-1.35737859997732,1.79314814985836,-0.0694415838711205
-1.34074510082222,1.79267932341653,-0.0694430274654303
-1.32411159888473,1.79221054884262,-0.0694444618072481
-1.30747809412551,1.79174182745661,-0.0694458868623904
-1.29084458656814,1.79127316051717,-0.0694473025815668
-1.27421107621839,1.79080454922134,-0.0694487088802912
-1.2575775630398,1.79033599470727,-0.0694501056613357
-1.24094404695769,1.78986749805883,-0.0694514928713378
-1.22431052793399,1.78939906031042,-0.0694528705529056
-1.20767700596328,1.78893068244413,-0.0694542387216249
-1.191043481045,1.78846236539613,-0.0694555972886216
-1.17440995316936,1.78799411005823,-0.0694569461502366
-1.15777642232447,1.78752591727989,-0.069458285223793
-1.14114288850645,1.78705778787099,-0.0694596144492477
-1.12450935167807,1.78658972260221,-0.0694609338126327
-1.10787581180045,1.78612172220817,-0.06946224332388
-1.0912422688433,1.78565378738846,-0.0694635430049151
-1.07460872280048,1.7851859188123,-0.0694648327975078
-1.05797517366587,1.78471811711925,-0.0694661126345637
-1.04134162144238,1.78425038292219,-0.0694673824765791
-1.02470806611663,1.78378271680774,-0.0694686422830702
-1.00807450766445,1.78331511933675,-0.0694698920218638
-0.991440946035056,1.78284759104516,-0.0694711316942241
-0.974807381193557,1.78238013244414,-0.0694723612534864
-0.958173813150523,1.78191274402556,-0.0694735806523786
-0.941540241906381,1.78144542626393,-0.0694747898512793
-0.924906667427507,1.78097817961683,-0.0694759888391125
-0.908273089675447,1.78051100452498,-0.069477177670052
-0.891639508640296,1.78004390141627,-0.0694783564237522
-0.875005924308837,1.77957687070855,-0.069479525229877
-0.858372336664999,1.77910991280646,-0.0694806841166874
-0.841738745734531,1.77864302810618,-0.0694818329875309
-0.825105151516354,1.7781762169928,-0.0694829717345896
-0.808471553975778,1.77770947984089,-0.0694841002956669
-0.791837953076794,1.77724281701453,-0.0694852185780894
-0.775204348777365,1.77677622886997,-0.0694863265432433
-0.758570741055635,1.77630971575725,-0.0694874242647817
-0.741937129902752,1.77584327802392,-0.0694885118172671
-0.725303515306166,1.77537691601758,-0.0694895892339752
-0.708669897277588,1.77491063008683,-0.0694906565628642
-0.692036275830162,1.77444442057623,-0.0694917138170079
-0.675402650947305,1.77397828782475,-0.0694927609474041
-0.658769022585517,1.77351223216901,-0.0694937979106826
-0.642135390735248,1.77304625394736,-0.0694948246854645
-0.625501755388811,1.77258035350141,-0.0694958412512899
-0.608868116530118,1.77211453117115,-0.0694968475718304
-0.592234474132766,1.77164878729438,-0.0694978436742378
-0.575600828149163,1.77118312220521,-0.0694988297565053
-0.558967178590237,1.7707175362428,-0.0694998060033135
-0.542333525464429,1.77025202975271,-0.0695007725126748
-0.525699868776115,1.76978660308646,-0.0695017293162981
-0.509066208536964,1.7693212565997,-0.0695026763754189
-0.492432544764071,1.76885599065005,-0.0695036135156618
-0.475798877452434,1.76839080560144,-0.0695045405224705
-0.459165206553408,1.76792570182369,-0.0695054573078852
-0.442531532027189,1.76746067969497,-0.0695063639564402
-0.425897853885218,1.76699573959874,-0.0695072604605413
-0.409264172121254,1.76653088192062,-0.0695081468037193
-0.392630486712335,1.76606610704896,-0.0695090230253093
-0.375996797624666,1.76560141537446,-0.0695098892786484
-0.359363104843055,1.76513680729312,-0.0695107457818697
-0.342729408373685,1.76467228321024,-0.0695115926942981
-0.32609570820793,1.76420784354094,-0.0695124301219347
-0.309462004353861,1.76374348871056,-0.0695132581627566
-0.292828296815813,1.76327921914871,-0.0695140767992936
-0.276194585593018,1.76281503529074,-0.0695148859771858
-0.259560870665609,1.76235093757937,-0.0695156856617636
-0.242927152003801,1.76188692646642,-0.0695164758598531
-0.226293429593227,1.76142300240865,-0.0695172565274868
-0.209659703427562,1.76095916586939,-0.0695180276057798
-0.193025973489483,1.76049541731785,-0.0695187890798188
-0.176392239756325,1.76003175722893,-0.0695195409989234
-0.159758502204156,1.75956818608283,-0.0695202834946263
-0.143124760819106,1.75910470436881,-0.0695210166829559
-0.126491015580172,1.75864131258505,-0.0695217406859543
-0.109857266476965,1.7581780112345,-0.0695224555311683
-0.0932235134962554,1.7577148008258,-0.0695231612193561
-0.0765897566407574,1.75725168187687,-0.0695238576974391
-0.059955995906023,1.75678865491281,-0.069524544937397
-0.0433222312628061,1.75632572046346,-0.0695252229251127
-0.026688462685172,1.75586287906402,-0.0695258916736696
-0.0100546901478396,1.75540013125436,-0.069526551198896
0.0065790863656332,1.75493747757825,-0.0695272014645052
0.0232128668898639,1.7544749185837,-0.0695278425136399
0.039846651472601,1.75401245482203,-0.0695284745926365
0.0564804401056023,1.75355008686147,-0.0695290977983771
0.0731142327816059,1.7530878152776,-0.0695297121423977
0.0897480295143112,1.75262564064839,-0.0695303176110426
0.106381830329198,1.75216356355323,-0.0695309141664172
0.12301563524916,1.75170158457472,-0.0695315017934295
0.139649444298882,1.75123970429954,-0.0695320805182152
0.156283257505592,1.75077792331957,-0.0695326504246401
0.172917074888701,1.75031624223118,-0.0695332116040407
0.189550896462478,1.74985466163464,-0.0695337641325596
0.20618472224875,1.74939318213468,-0.0695343081061885
0.222818552279548,1.74893180434159,-0.0695348436919794
0.239452386548777,1.74847052886441,-0.0695353708566589
0.256086225064777,1.74800935631393,-0.0695358895257081
0.272720067847061,1.74754828730629,-0.0695363997137803
0.289353914931368,1.7470873224641,-0.0695369015870733
0.305987766308945,1.74662646240786,-0.0695373951123491
0.322621621984212,1.74616570775904,-0.0695378802203579
0.339255481970881,1.74570505914346,-0.0695383568865625
0.355889346299179,1.74524451719329,-0.069538825127387
0.372523215003852,1.74478408254228,-0.0695392849913561
0.38915708811119,1.74432375582398,-0.0695397365456325
0.405790965639454,1.74386353767115,-0.0695401798815105
0.422424847611964,1.74340342871436,-0.0695406151529173
0.43905873404988,1.74294342958426,-0.0695410425166949
0.455692625047718,1.74248354104047,-0.0695414537380725
0.472326520690046,1.74202376523805,-0.0695418428376299
0.488960421023151,1.74156410620265,-0.069542214653444
0.505594326089721,1.74110456891075,-0.0695425736524898
0.522228235919442,1.74064515871036,-0.0695429226548453
0.538862150548951,1.74018588102136,-0.0695432626564301
0.555496070059547,1.73972674118396,-0.0695435933108353
0.572129994567646,1.7392677443829,-0.0695439135018093
0.58876392421881,1.7388088956136,-0.0695442219095599
0.60539785918067,1.73835019967018,-0.0695445174210791
0.622031799605281,1.73789166114971,-0.0695447991833183
0.638665745602012,1.73743328445807,-0.0695450665906493
0.655299697273463,1.73697507381424,-0.0695453192559821
0.671933654726629,1.73651703325748,-0.0695455569347
0.688567618075226,1.73605916665592,-0.0695457794678921
0.705201587436477,1.73560147771537,-0.069545986795811
0.721835562915288,1.73514396998374,-0.0695461788958343
0.738469544598487,1.73468664686,-0.0695463556744978
0.755103532549896,1.7342295116018,-0.0695465169245141
0.771737526814675,1.73377256733164,-0.0695466622667676
0.788371527456945,1.73331581704135,-0.0695467913466181
0.805005534562397,1.73285926359706,-0.0695469039098911
0.821639548226116,1.7324029097446,-0.0695469998013973
0.838273568527342,1.73194675811484,-0.069547078937467
0.854907595532396,1.73149081122838,-0.0695471412700599
0.871541629306364,1.73103507149964,-0.0695471867649405
0.888175669914546,1.7305795412416,-0.0695472154186396
0.904809717424939,1.73012422267111,-0.0695472273258945
0.921443771893564,1.72966911790897,-0.0695472225905667
0.938077833352267,1.72921422898336,-0.0695472012127191
0.954711901818413,1.72875955783388,-0.0695471630470277
0.97134597733411,1.72830510631582,-0.0695471079564752
0.987980059967128,1.72785087620434,-0.0695470358944926
1.00461414978878,1.72739686919945,-0.0695469469498736
1.02124824686108,1.72694308692577,-0.0695468412858754
1.03788235123112,1.72648953093112,-0.0695467191675286
1.05451646290935,1.72603620269313,-0.069546580743474
1.07115058190077,1.72558310362595,-0.0695464260608909
1.08778470821434,1.72513023508493,-0.0695462550622723
1.10441884187838,1.72467759836637,-0.069546067670379
1.12105298294088,1.72422519470703,-0.0695458638716408
1.13768713145531,1.7237730252864,-0.0695456437278203
1.15432128746835,1.72332109123067,-0.0695454073598601
1.17095545100571,1.72286939361376,-0.0695451549302646
1.18758962209849,1.72241793345833,-0.06954488668007
1.20422380079329,1.72196671173456,-0.069544602969175
1.22085798710647,1.72151572936872,-0.0695443040856644
1.23749218103411,1.72106498724752,-0.0695439902091894
1.25412638256171,1.72061448622238,-0.0695436613723201
1.27076059168822,1.72016422710167,-0.0695433174586975
1.28739480843392,1.71971421065442,-0.0695429584119835
1.30402903281674,1.71926443761362,-0.0695425842817343
1.32066326488034,1.71881490867788,-0.0695421952159007
1.33729750469749,1.71836562451455,-0.0695417915087598
1.35393175234738,1.71791658575912,-0.0695413735608317
1.37056600784415,1.71746779301986,-0.0695409417035047
1.38720027114701,1.71701924688121,-0.069540496117744
1.4038345422219,1.71657094790169,-0.0695400369392142
1.42046882105907,1.71612289661407,-0.0695395643094058
1.43710310765621,1.71567509352383,-0.0695390782627598
1.45373740204369,1.71522753911372,-0.0695385788535859
1.47037170426802,1.7147802338476,-0.0695380662231331
1.48700601437909,1.71433317817261,-0.0695375406158322
1.50364033239825,1.71388637251735,-0.0695370022313549
1.52027465833824,1.71343981729399,-0.0695364512622239
1.53690899218998,1.71299351290018,-0.0695358879075456
1.55354333394992,1.71254745971911,-0.0695353123629286
1.57017768362451,1.71210165811985,-0.069534724803334
1.58681204122043,1.71165610845743,-0.0695341253390233
1.60344640675372,1.71121081107642,-0.0695335140782063
1.62008078024215,1.71076576631467,-0.0695328911243524
1.63671516172272,1.71032097450229,-0.0695322566944793
1.65334955123058,1.7098764359588,-0.0695316110747212
1.66998394877824,1.70943215099256,-0.0695309546155768
1.686618354367,1.70898811990452,-0.0695302876352542
1.70325276797797,1.70854434299041,-0.0695296103891902
1.71988718960493,1.70810082054057,-0.0695289230785846
1.73652161926357,1.70765755284038,-0.0695282258788172
1.75315605697517,1.70721454017133,-0.0695275189626738
1.76979050275702,1.70677178281184,-0.0695268025119079
1.78642495661559,1.7063292810388,-0.0695260767392373
1.80305941857334,1.70588703512863,-0.0695253419259013
1.81969388861766,1.70544504535386,-0.0695245982516571
1.83632836674133,1.7050033119843,-0.0695238458602523
1.85296285295627,1.70456183528866,-0.0695230849053479
1.86959734728552,1.70412061553569,-0.0695223155617571
1.88623184973628,1.70367965299523,-0.0695215380183858
1.90286636031648,1.7032389479379,-0.0695207524662014
1.91950087903726,1.70279850063538,-0.0695199590964306
1.93613540591143,1.70235831136072,-0.0695191581007102
1.95276994095487,1.70191838038849,-0.0695183496743019
1.96940448417979,1.70147870799522,-0.0695175340165462
1.9860390356027,1.70103929445994,-0.0695167113339015
2.00267359521457,1.70060014006513,-0.0695158818338024
2.01930816299699,1.70016124509639,-0.0695150457071929
2.03594273895085,1.69972260984202,-0.0695142031278423
2.05257732308945,1.69928423459323,-0.0695133542613701
2.06921191543428,1.69884611964442,-0.0695124992727564
2.08584651600853,1.69840826529359,-0.0695116383319912
2.10248112483616,1.69797067184246,-0.0695107716197652
2.11911574192047,1.69753333959777,-0.0695098993067526
2.13575036724615,1.69709626887338,-0.0695090214965138
2.15238500080936,1.69665945998732,-0.0695081383000712
2.16901964262313,1.69622291325991,-0.0695072498806962
2.18565429271152,1.69578662901245,-0.0695063564924306
2.20228895109308,1.69535060757039,-0.0695054583883369
2.21892361777734,1.69491484926503,-0.0695045557863219
2.2355582927663,1.69447935443406,-0.0695036488704621
2.25219297606002,1.69404412342057,-0.0695027378160977
2.26882766767849,1.69360915657072,-0.0695018228300963
2.28546236764711,1.6931744542368,-0.0695009040490962
2.3020970759718,1.69274001677626,-0.0694999816028969
2.3187317926461,1.69230584455118,-0.0694990556358223
2.33536651766195,1.69187193792762,-0.0694981262833892
2.35200125100707,1.69143829727439,-0.0694971936202892
2.36863599267326,1.69100492296495,-0.0694962577280626
2.38527074267682,1.69057181537862,-0.0694953187208096
2.40190550106836,1.69013897490241,-0.0694943767695448
2.41854026789755,1.68970640192816,-0.069493432068053
2.43517504316117,1.68927409685226,-0.069492484815156
2.4518098268551,1.68884206007354,-0.0694915352336712
2.46844461898148,1.68841029199352,-0.0694905835061845
2.48507941955947,1.68797879301547,-0.069489629776043
2.50171422861412,1.68754756354446,-0.0694886742067813
2.51834904612842,1.68711660399166,-0.0694877168255433
2.53498387208988,1.68668591477416,-0.0694867576530768
2.55161870651246,1.68625549631386,-0.0694857967985068
2.56825354943936,1.68582534903645,-0.0694848345504307
2.58488840090207,1.68539547337257,-0.0694838712398115
2.60152326091902,1.68496586975864,-0.0694829072357453
2.61815812946074,1.68453653862963,-0.0694819427126016
2.63479300649796,1.68410748042311,-0.0694809777073804
2.65142789201307,1.68367869558389,-0.0694800121466147
2.66806278603468,1.68325018456095,-0.0694790460484054
2.68469768859836,1.6828219478034,-0.0694780794637951
2.70133259972205,1.68239398575669,-0.0694771123711468
2.71796751942858,1.681966298866,-0.0694761448633853
2.73460244774607,1.68153888758213,-0.0694751771406537
2.75123738469487,1.68111175236494,-0.069474209547441
2.76787233027174,1.68068489367749,-0.0694732423760339
2.7845072844524,1.68025831198305,-0.0694722757807746
2.80114224722935,1.67983200774546,-0.0694713098129074
2.81777721858367,1.67940598143077,-0.0694703443974897
2.83441219852077,1.67898023350495,-0.0694693794744881
2.85104718705949,1.67855476443389,-0.0694684150488351
2.86768218422893,1.67812957468314,-0.0694674511642943
2.88431719006714,1.67770466471644,-0.0694664878619608
2.90095220464462,1.67728003499542,-0.0694655253278996
2.91758722795646,1.67685568598546,-0.0694645638628177
2.93422225997168,1.6764316181597,-0.0694636037373499
2.95085730071403,1.67600783207824,-0.0694626396366518
2.96749235022814,1.67558432920991,-0.0694616677690398
2.98412740853847,1.67516111224103,-0.0694606913405798
3.00076247566251,1.67473818447805,-0.0694597133144054
3.01739755158042,1.67431554947295,-0.0694587355263521
3.03403263627702,1.67389321082724,-0.0694577586384357
3.05066772976737,1.67347117208533,-0.0694567823879078
3.06730283212283,1.67304943668503,-0.0694558060817477
3.08393794342194,1.67262800793592,-0.0694548290582343
3.10057306374922,1.67220688901723,-0.0694538507400289
3.11720819319325,1.67178608298023,-0.0694528706442602
3.13384333183933,1.67136559275229,-0.0694518883177775
3.15047847974105,1.67094542114166,-0.0694509034666558
3.16711363691475,1.67052557084006,-0.069449915943743
3.18374880341382,1.67010604442393,-0.0694489257067426
3.20038397930803,1.66968684436461,-0.0694479326806509
3.21701916468024,1.66926797303381,-0.069446936842496
3.23365435959656,1.66884943270517,-0.0694459381838018
3.25028956411097,1.66843122555556,-0.0694449367325206
3.26692477826028,1.66801335367076,-0.069443932468129
3.28356000205332,1.66759581904966,-0.0694429252634159
3.30019523550958,1.66717862360989,-0.0694419149799971
3.31683047867395,1.66676176919266,-0.0694409015379267
3.33346573159099,1.66634525756886,-0.0694398849662349
3.35010099428941,1.66592909043649,-0.0694388652874289
3.36673626677188,1.66551326942003,-0.0694378424133509
3.38337154905859,1.66509779607548,-0.0694368162154637
3.40000684120139,1.66468267189384,-0.0694357866328408
3.41664214327531,1.6642678983057,-0.069434753749341
3.43327745531928,1.66385347668223,-0.0694337176778404
3.44991277732795,1.66343940833542,-0.0694326784228815
3.46654810927275,1.66302569451963,-0.0694316357736192
3.4831834511516,1.66261233643585,-0.0694305895610332
3.49981880300206,1.66219933523481,-0.0694295397725286
3.51645416489845,1.66178669201857,-0.069428486626323
3.53308953689113,1.66137440784302,-0.0694274303772711
3.54972491899957,1.66096248371933,-0.0694263712294178
3.56636031123506,1.66055092061499,-0.0694253093318138
3.58299571360187,1.66013971945522,-0.0694242447982828
3.59963112609498,1.65972888112559,-0.0694231777597288
3.61626654870874,1.65931840647503,-0.0694221084231383
3.63290198141473,1.65890829631104,-0.0694210368194462
3.64953742422101,1.65849855140345,-0.0694199629262482
3.6661728771652,1.65808917248793,-0.0694188867525354
3.68280834028687,1.65768016026827,-0.0694178083536143
3.69944381361844,1.65727151541673,-0.0694167278609643
3.71607929718577,1.65686323857343,-0.0694156455225831
3.73271479097269,1.65645533035625,-0.0694145614532625
3.74935029497178,1.65604779135779,-0.0694134757435421
3.76598580918491,1.65564062213865,-0.0694123883961111
3.78262133363529,1.65523382323028,-0.0694112995303157
3.79925686831861,1.65482739514729,-0.0694102092154627
3.81589241324028,1.65442133838716,-0.0694091176472174
3.83252796841022,1.65401565342413,-0.0694080250119527
3.84916353383367,1.65361034070739,-0.0694069313893765
3.86579910953081,1.65320540066467,-0.0694058368454966
3.88243469551742,1.6528008337053,-0.0694047414723731
3.89907029180695,1.65239664022089,-0.0694036453898262
3.91570589840275,1.65199282058603,-0.0694025487557652
3.93234151530619,1.65158937515958,-0.0694014517617025
3.9489771424934,1.65118630429207,-0.0694003544534492
3.96561277992886,1.65078360832135,-0.06939925683133
3.98224842761135,1.65038128756765,-0.0693981588760147
3.99888408558529,1.64997934233482,-0.0693970606879667
4.01551975389832,1.64957777291633,-0.0693959624543123
4.03215543259175,1.64917657959869,-0.0693948644814542
4.0487911216897,1.64877576266086,-0.0693937671120373
4.06542682118925,1.64837532236907,-0.0693926705969944
4.08206253105367,1.6479752589808,-0.0693915750951253
4.09869825123693,1.64757557274779,-0.0693904806770713
4.11533398167492,1.6471762639155,-0.0693893873534841
4.13196972235464,1.64677733272002,-0.0693882950471478
4.14860547331587,1.64637877939133,-0.0693872036853039
4.1652412346188,1.64598060415463,-0.0693861132984173
4.18187700631805,1.64558280723219,-0.0693850240653489
4.19851278844381,1.64518538884126,-0.0693839362245136
4.21514858100134,1.64478834919225,-0.0693828500683454
4.23178438395301,1.64439168849227,-0.0693817658336751
4.24842019724301,1.64399540694737,-0.0693806836400441
4.26505602085447,1.64359950476084,-0.0693796035499465
4.28169185479337,1.64320398213302,-0.0693785256270836
4.29832769906417,1.64280883926084,-0.0693774499700718
4.31496355368587,1.64241407633927,-0.0693763766948428
4.33159941868617,1.64201969356374,-0.0693753059682301
4.34823529406913,1.64162569112839,-0.0693742379087427
4.36487117982512,1.64123206922661,-0.0693731726013441
4.38150707594086,1.6408388280522,-0.0693721101086564
4.39814298240032,1.64044596780125,-0.0693710504379211
4.41477889919044,1.64005348866747,-0.0693699935396743
4.43141482631441,1.63966139084348,-0.0693689394032566
4.44805076378002,1.63926967452244,-0.0693678880825262
4.46468671160915,1.63887833989907,-0.0693668397201809
4.48132266982064,1.63848738716928,-0.0693657945253614
4.49795863842297,1.63809681652951,-0.0693647526383506
4.51459461740581,1.63770662817771,-0.0693637141133169
4.53123060675976,1.6373168223147,-0.0693626789597264
4.54786660647628,1.63692739914339,-0.0693616472069484
4.56450261655095,1.63653835886853,-0.0693606189160952
4.58113863698563,1.63614970169677,-0.0693595941724363
4.59777466778606,1.63576142783679,-0.069358573075837
4.61441070895803,1.63537353749937,-0.0693575557321431
4.63104676050463,1.63498603089761,-0.0693565422465891
4.64768282242605,1.63459890824696,-0.0693555327196787
4.66431889472101,1.6342121697654,-0.06935452724556
4.6809549773884,1.63382581567346,-0.0693535259124092
4.69759107042833,1.63343984619428,-0.0693525288039592
4.71422717384183,1.6330542615537,-0.0693515360012569
4.73086328763031,1.63266906198024,-0.0693505475840009
4.74749941179486,1.63228424770518,-0.0693495636312088
4.76413554633794,1.63189981896221,-0.0693485842306599
4.78077169126593,1.63151577598674,-0.0693476095021588
4.79740784658192,1.63113211901748,-0.0693466395667033
4.81404401228905,1.63074884829741,-0.0693456745567692
4.83068018838399,1.63036596407258,-0.0693447145801109
4.84731637485828,1.62998346659129,-0.0693437597040047
4.86395257169872,1.62960135610362,-0.0693428099326494
4.88058877889694,1.62921963286319,-0.0693418652348436
4.89722499645742,1.62883829712622,-0.0693409256052497
4.9138612243968,1.62845734915116,-0.0693399910786855
4.93049746273735,1.62807678919899,-0.0693390617284007
4.94713371146611,1.62769661753392,-0.0693381376440499
4.96376997057111,1.62731683442187,-0.0693372189159748
4.98040624005185,1.62693744012978,-0.0693363056551681
4.99704251990111,1.62655843492766,-0.0693353979507192
5.01367881012109,1.6261798190883,-0.0693344958685643
5.03031511072329,1.62580159288664,-0.0693335994703126
5.04695142171266,1.62542375660191,-0.0693327087443203
5.06358774308477,1.62504631051554,-0.0693318236801385
5.08022407483161,1.62466925491025,-0.0693309442939039
5.09686041694756,1.62429259007005,-0.069330070623245
5.11349676943532,1.62391631628014,-0.0693292027200707
5.13013313230492,1.6235404338269,-0.0693283406487254
5.14676950554889,1.62316494299907,-0.0693274844844799
5.16340588916289,1.62278984408793,-0.0693266343154398
5.18004228313602,1.62241513738549,-0.0693257901794855
5.19667868745391,1.62204082318487,-0.069324952089262
5.21331510211817,1.62166690178015,-0.0693241200515028
5.2299515271436,1.62129337346665,-0.0693232940793353
5.24658796254586,1.62092023854199,-0.0693224741833846
5.2632244083096,1.62054749730809,-0.069321660320397
5.27986086442182,1.62017515006762,-0.0693208524607941
5.29649733088908,1.61980319712181,-0.0693200506317287
5.31313380773402,1.61943163876915,-0.0693192549598032
5.32977029495694,1.61906047530944,-0.06931846555843
5.34640679253461,1.61868970704633,-0.0693176824367206
5.36304330045456,1.61831933428406,-0.0693169055816665
5.37967981869568,1.61794935732645,-0.0693161350046577
5.39631634726922,1.61757977647439,-0.0693153707956846
5.41295288620563,1.61721059202772,-0.06931461307678
5.4295894355383,1.61684180428759,-0.0693138619500147
5.44622599528584,1.61647341359598,-0.0693131149340828
5.46286256543389,1.61610542072183,-0.0693123702567862
5.47949914595004,1.61573782700902,-0.0693116293758088
5.49613573680762,1.61537063409269,-0.0693108936467997
5.51277233798409,1.61500384372169,-0.069310163967462
5.52940894945449,1.61463745766535,-0.0693094406618064
5.5460455712001,1.61427147766531,-0.0693087235726659
5.56268220321678,1.61390590541395,-0.0693080122925493
5.57931884555144,1.6135407425443,-0.069307306361062
5.59595549827021,1.61317599062825,-0.0693066053933241
5.612592161443,1.61281165117739,-0.0693059091434587
5.62922883509701,1.61244772564498,-0.0693052175081629
5.64586551921502,1.61208421542902,-0.0693045304101093
5.66250221377771,1.61172112187229,-0.069303847778778
5.67913891877402,1.61135844626423,-0.0693031695363744
5.69577563422932,1.61099618984324,-0.0693024956108734
5.71241236019081,1.61063435380007,-0.0693018259755796
5.72904909667685,1.61027293927731,-0.0693011605284861
5.74568584368798,1.60991194737274,-0.0693004991421562
5.76232260124384,1.60955137914109,-0.0692998417027094
5.77895936937158,1.60919123559637,-0.0692991881293828
5.79559614808255,1.60883151771467,-0.0692985383741561
5.81223293736603,1.60847222643626,-0.0692978924038099
5.82886973721267,1.60811336266597,-0.0692972501850491
5.84550654762913,1.6077549272728,-0.0692966117105136
5.86214336863176,1.60739692109024,-0.0692959770338088
5.87878020020436,1.60703934492488,-0.0692953460530139
5.89541704235354,1.60668219955332,-0.0692947186390111
5.91205389507734,1.60632548572186,-0.0692940947086451
5.92869075839016,1.6059692041462,-0.0692934742624564
5.94532763231817,1.60561335551489,-0.0692928573521289
5.96196451686716,1.60525794048892,-0.0692922438964646
5.97860141200989,1.6049029597022,-0.0692916337855854
5.99523831771232,1.60454841376124,-0.0692910268894622
6.01187523398514,1.60419430324684,-0.0692904231823028
6.02851216086054,1.60384062871924,-0.0692898226994401
6.04514909837967,1.60348739072233,-0.0692892255645683
6.06178604655638,1.60313458978267,-0.0692886319869603
6.07842300536447,1.60278222640087,-0.06928804201129
6.09505997478648,1.60243030105287,-0.06928745568527
6.11169695480619,1.60207881419746,-0.0692868729752514
6.12833394540709,1.60172776627641,-0.069286293827574
6.14497094657203,1.60137715771457,-0.0692857181995268
6.16160795830264,1.60102698891993,-0.0692851460632031
6.17824498061637,1.60067726028435,-0.0692845774110558
6.19488201353772,1.60032797218466,-0.0692840122600096
6.21151905706631,1.5999791249838,-0.0692834506444849
6.22815611118033,1.59963071903166,-0.0692828926311243
6.24479317587017,1.59928275466572,-0.069282338343104
6.26143025110474,1.59893523220408,-0.0692817876651699
6.27806733688948,1.59858815195104,-0.0692812404505007
6.29470443324905,1.59824151420242,-0.0692806966789916
6.3113415402034,1.59789531924896,-0.069280156550852
6.32797865769457,1.59754956736774,-0.0692796201094029
6.34461578569444,1.59720425882238,-0.0692790873005033
6.36125292422329,1.5968593938653,-0.0692785580596084
6.3778900733289,1.59651497273917,-0.0692780323535817
6.39452723302499,1.59617099567888,-0.0692775101895032
6.41116440329542,1.59582746291345,-0.0692769916122309
6.42780158411428,1.59548437466841,-0.0692764766870483
6.44443877543144,1.5951417311561,-0.0692759652943146
6.46107597724682,1.59479953257664,-0.0692754573622504
6.47771318963223,1.59445777911771,-0.0692749531337453
6.4943504126006,1.59411647096777,-0.0692744529408698
6.5109876460845,1.5937756083146,-0.0692739567624484
6.52762489003649,1.59343519134049,-0.0692734644580208
6.54426214445152,1.59309522022054,-0.0692729759263181
6.56089940936971,1.59275569511984,-0.0692724912291035
6.57753668484706,1.59241661619378,-0.0692720106075096
6.59417397084549,1.59207798360049,-0.069271534143923
6.61081126730046,1.59173979750211,-0.0692710616992836
6.62744857416443,1.5914020580576,-0.069270593134252
6.64408589143673,1.59106476541699,-0.0692701283409976
6.66072321916083,1.59072791972197,-0.069269667315504
6.67736055737636,1.59039152111249,-0.0692692100481959
6.69399790607523,1.59005556972719,-0.0692687565510807
6.71063526523163,1.58972006570205,-0.0692683068510659
6.72727263482365,1.58938500917018,-0.0692678609767231
6.74391001484673,1.58905040026096,-0.0692674189911444
6.7605474053169,1.58871623909808,-0.0692669810669259
6.7771848062272,1.58838252580669,-0.069266547280907
6.79382221755891,1.58804926051396,-0.0692661176282363
6.81045963925681,1.58771644335251,-0.069265691988011
6.82709707128296,1.58738407445076,-0.0692652701648567
6.84373451364792,1.5870521539299,-0.0692648520687773
6.86037196642512,1.58672068190043,-0.0692644378931773
6.87700942964629,1.58638965847371,-0.0692640278273582
6.8936469032855,1.58605908376883,-0.0692636218572993
6.91028438729957,1.58572895790734,-0.0692632199190527
6.92692188165525,1.58539928100937,-0.0692628219483497
6.9435593863282,1.58507005319052,-0.0692624278812391
6.96019690132215,1.58474127456245,-0.0692620377832621
6.97683442662637,1.58441294524279,-0.0692616516311962
6.99347196223773,1.58408506535271,-0.0692612694480911
7.01010950815618,1.58375763501262,-0.069260891268954
7.02674706439208,1.58343065434177,-0.0692605171396712
7.0433846309711,1.58310412346015,-0.0692601471850791
7.06002220788925,1.58277804248689,-0.0692597815086653
7.0766597951239,1.58245241153897,-0.0692594201487727
7.09329739264072,1.58212723073247,-0.0692590631072559
7.10993500041094,1.58180250018432,-0.0692587103835785
7.12657261843012,1.5814782200133,-0.0692583620160171
7.14321024669731,1.58115439033597,-0.0692580180007286
7.15984788523899,1.58083101126515,-0.0692576784379612
7.17648553406322,1.58050808291692,-0.0692573433998087
7.19312319313384,1.58018560541585,-0.0692570128281187
7.20976086242608,1.57986357889098,-0.0692566867403952
7.22639854191424,1.57954200346844,-0.0692563651104665
7.24303623155318,1.57922087926676,-0.0692560476937884
7.25967393133749,1.57890020640254,-0.069255734316061
7.27631164130939,1.57857998499186,-0.0692554250789068
7.29294936150337,1.57826021516198,-0.0692551201489371
7.30958709191476,1.57794089704631,-0.069254819576502
7.32622483252948,1.57762203077756,-0.0692545233470637
7.34286258331906,1.57730361648565,-0.0692542313999867
7.35950034424427,1.57698565429841,-0.0692539436557197
7.37613811526755,1.57666814434121,-0.0692536599803929
7.39277589638115,1.57635108673995,-0.069253380265058
7.4094136876033,1.57603448162252,-0.0692531044531501
7.42605148895075,1.57571832911862,-0.0692528325138199
7.44268930042122,1.5754026293576,-0.0692525643951165
7.45932712201588,1.5750873824685,-0.0692523001322366
7.47596495372852,1.57477258858355,-0.0692520397935869
7.49260279555052,1.57445824784008,-0.0692517834728811
7.50924064746454,1.57414436037673,-0.0692515312306733
7.52587850944772,1.57383092633202,-0.0692512830690207
7.54251638147527,1.57351794584499,-0.0692510389137236
7.55915426353846,1.57320541905419,-0.0692507987028976
7.57579215564344,1.57289334609828,-0.0692505624461233
7.59243005777924,1.57258172711356,-0.0692503300991909
7.6090679699345,1.57227056223582,-0.0692501016114398
7.62570589210529,1.57195985160124,-0.0692498769605764
7.64234382429912,1.57164959534583,-0.0692496561771565
7.6589817665143,1.57133979360726,-0.0692494392927939
7.67561971872868,1.57103044652608,-0.0692492262939926
7.69225768092049,1.57072155424374,-0.0692490171558718
7.70889565307648,1.57041311690156,-0.0692488118599371
7.72553363517561,1.57010513464077,-0.0692486103908401
7.74217162720433,1.5697976076021,-0.0692484127285086
7.75880962916379,1.56949053592597,-0.069248218850954
7.7754476410627,1.56918391975331,-0.0692480287583753
7.79208566291061,1.56887775922673,-0.0692478425118904
7.80872369469353,1.56857205448789,-0.0692476601273366
7.82536173639075,1.56826680567768,-0.0692474815867804
7.8419997879906,1.56796201293667,-0.0692473068710427
7.85863784948668,1.56765767640609,-0.069247135993733
7.87527592086613,1.56735379622654,-0.0692469689456023
7.89191400210554,1.56705037253644,-0.0692468056372286
7.90855209318008,1.56674740547456,-0.0692466459774918
7.9251901940801,1.56644489518122,-0.0692464898825463
7.9418283047961,1.56614284179305,-0.0692463376467316
7.9584664253301,1.56584124537738,-0.0692461894825271
7.97510455569051,1.56554010590681,-0.0692460451335869
7.99174269589173,1.56523942330313,-0.0692459044675316
8.00838084593633,1.56493919746865,-0.0692457674584768
8.02501900580471,1.56463942830418,-0.0692456340940067
8.04165717547272,1.56434011571549,-0.0692455043806034
8.05829535492012,1.56404125961593,-0.0692453783398404
8.07493354413171,1.56374285992767,-0.0692452559964803
8.09157174309576,1.56344491658188,-0.0692451373707538
8.1082099518018,1.56314742951877,-0.0692450224750848
8.12484817023548,1.56285039868779,-0.0692449113135075
8.14148639837281,1.56255382404725,-0.0692448038773888
8.15812463620433,1.56225770556289,-0.069244700147422
8.17476288373759,1.56196204320721,-0.0692446001091672
8.19140114096507,1.56166683695992,-0.0692445037587935
8.20803940785758,1.56137208680834,-0.0692444110898505
8.22467768439279,1.56107779274659,-0.0692443220859331
8.24131597056369,1.56078395477476,-0.0692442367267427
8.25795426637865,1.56049057289797,-0.0692441549998128
8.2745925718377,1.56019764712641,-0.0692440769062597
8.29123088692249,1.55990517747554,-0.0692440024527614
8.30786921161062,1.55961316396619,-0.0692439316514856
8.32450754588818,1.55932160662466,-0.0692438645428392
8.34114588972969,1.55903050548186,-0.0692438011514663
8.35778424311799,1.55873986057208,-0.0692437414624428
8.3744226060459,1.55844967193202,-0.0692436854121782
8.39106097850684,1.55815993960208,-0.0692436329403031
8.40769936049136,1.55787066362701,-0.0692435840216805
8.42433775199756,1.55758184405628,-0.0692435386907152
8.44097615300646,1.55729348094061,-0.0692434969108881
8.45761456350085,1.55700557433304,-0.0692434586248657
8.47425298347132,1.55671812428956,-0.0692434237852391
8.49089141291367,1.5564311308688,-0.069243392359723
8.50752985181389,1.55614459413225,-0.069243364325889
8.52416830015775,1.5558585141438,-0.0692433396625387
8.54080675793391,1.55557289096937,-0.0692433183474311
8.55744522513611,1.55528772467715,-0.069243300375809
8.57408370176255,1.55500301533809,-0.0692432857888658
8.59072218779062,1.55471876302253,-0.0692432745461392
8.60736068320249,1.55443496780141,-0.0692432665800729
8.62399918799295,1.55415162974714,-0.0692432618361327
8.64063770214193,1.553868748934,-0.069243260273609
8.65727622563357,1.55358632543735,-0.0692432618564747
8.6739147584599,1.5533043593334,-0.0692432665526146
8.69055330061545,1.5530228506992,-0.0692432743335311
8.70719185209794,1.55274179961238,-0.0692432851737305
8.72383041291195,1.55246120615062,-0.0692432990573606
8.74046898303304,1.55218107039294,-0.0692433159739012
8.75710756241583,1.55190139241958,-0.0692433358966524
8.77374615103986,1.55162217231027,-0.0692433587793752
8.79038474891122,1.55134341014394,-0.069243384573714
8.80702335603212,1.55106510599937,-0.0692434132393545
8.82366197238169,1.55078725995594,-0.0692434447357332
8.84030059793245,1.55050987209319,-0.0692434790101588
8.85693923267773,1.55023294248992,-0.0692435160016976
8.87357787663332,1.5499564712238,-0.069243555659035
8.8902165298085,1.54968045837221,-0.0692435979523855
8.90685519218788,1.54940490401291,-0.0692436428641988
8.92349386375561,1.54912980822375,-0.0692436903844518
8.94013254446813,1.54885517108244,-0.0692437404980238
8.95677123430744,1.54858099266451,-0.0692437931794621
8.97340993325616,1.54830727304429,-0.0692438483988241
8.99004864130973,1.54803401229594,-0.0692439061390764
9.00668735847391,1.54776121049423,-0.069243966429717
9.02332608473264,1.54748886771117,-0.0692440292222658
9.0399648200668,1.54721698401719,-0.0692440944441943
9.05660356446164,1.54694555948186,-0.0692441620320045
9.07324231790396,1.54667459417463,-0.0692442319171351
9.08988108037765,1.54640408816611,-0.0692443039795728
9.10651985186881,1.54613404152565,-0.0692443781238426
9.1231586323569,1.54586445431991,-0.0692444543079495
9.13979742184583,1.54559532661075,-0.0692445325749036
9.15643622034416,1.54532665845849,-0.0692446129687504
9.17307502785755,1.5450584499235,-0.0692446955086344
9.18971384436907,1.54479070106653,-0.0692447801907978
9.2063526698513,1.54452341194743,-0.0692448670079863
9.222991504283,1.54425658262348,-0.0692449559839262
9.23963034763439,1.54399021315296,-0.0692450470558666
9.2562691998867,1.54372430359321,-0.0692451401364029
9.27290806103296,1.54345885399961,-0.0692452351521441
9.28954693106627,1.54319386442572,-0.0692453320581481
9.30618580996877,1.54292933492266,-0.0692454308492225
9.32282469774329,1.54266526553878,-0.0692455315231382
9.33946359442365,1.54240165632022,-0.0692456340864349
9.35610249999033,1.5421385073172,-0.0692457384554156
9.37274141438436,1.54187581857955,-0.0692458445383429
9.3893803375591,1.54161359015392,-0.0692459522859997
9.4060192695149,1.54135182208164,-0.0692460617448656
9.4226582102653,1.54109051439908,-0.0692461728976435
9.43929715984565,1.54082966714007,-0.069246285721043
9.45593611823307,1.54056928033901,-0.0692464002093242
9.47257508537054,1.54030935403206,-0.0692465163437163
9.48921406121084,1.54004988825587,-0.0692466340802236
9.50585304574804,1.53979088304514,-0.0692467533676456
9.52249203900672,1.53953233843155,-0.0692468741960497
9.53913104099145,1.53927425444614,-0.0692469965960842
9.55577005169017,1.5390166311183,-0.0692471205918493
9.57240907108593,1.53875946847508,-0.0692472462099516
9.58904809914729,1.53850276654447,-0.0692473733928213
9.60568713584505,1.53824652535077,-0.0692475019867994
9.62232618118217,1.53799074491504,-0.0692476318621321
9.6389652351495,1.53773542525762,-0.0692477629646237
9.65560429773983,1.5374805663999,-0.0692478953416103
9.67224336892713,1.53722616836295,-0.0692480290388007
9.68888244868135,1.53697223116599,-0.0692481640551425
9.70552153699867,1.5367187548245,-0.0692483003328188
9.72216063390732,1.53646573934835,-0.0692484377503169
9.73879973940971,1.53621318474605,-0.069248576227587
9.75543885343693,1.53596109102793,-0.0692487157165296
9.77207797593921,1.53570945820442,-0.0692488561663028
9.78871710689967,1.53545828628488,-0.0692489975231198
9.80535624633549,1.53520757527614,-0.0692491397197278
9.82199539427282,1.53495732518109,-0.0692492826467452
9.83863455070633,1.53470753600198,-0.0692494262450705
9.85527371562725,1.53445820774041,-0.0692495705751616
9.87191288902537,1.53420934040014,-0.0692497157700517
9.88855207087927,1.5339609339851,-0.0692498619067011
9.90519126116783,1.53371298849897,-0.0692500089573571
9.92183045986532,1.53346550394358,-0.0692501568614627
9.93846966694765,1.53321848031774,-0.0692503055686795
9.9551088824096,1.53297191761685,-0.0692504550983385
9.97174810624965,1.53272581583757,-0.0692506055015638
9.98838733843262,1.53248017497921,-0.0692507566511345
10.0050265789295,1.53223499503663,-0.0692509083304935
10.0216658277582,1.53199027599907,-0.0692510604266379
10.0383050849417,1.53174601784964,-0.0692512130525345
10.0549443504586,1.5315022205723,-0.0692513663449072
10.0715836242836,1.53125888415465,-0.0692515203813612
10.0882229063591,1.5310160085895,-0.0692516751586535
10.1048621966528,1.53077359386697,-0.0692518305771757
10.1215014951822,1.53053163997352,-0.0692519865218856
10.138140802006,1.53029014689275,-0.0692521429368088
10.1547801171162,1.53004911460836,-0.0692522998337838
10.1714194404432,1.52980854310252,-0.0692524571602201
10.1880587719315,1.52956843235649,-0.069252614841497
10.204698111568,1.52932878235071,-0.0692527728142218
10.2213374593602,1.52908959306503,-0.06925293103601
10.237976815308,1.52885086447895,-0.0692530894780834
10.2546161794131,1.52861259657181,-0.0692532481340985
10.2712555516806,1.52837478932413,-0.0692534070651305
10.2878949320922,1.52813744271531,-0.0692535663077148
10.3045343206069,1.52790055672199,-0.0692537258171793
10.3211737172063,1.52766413131823,-0.0692538855114708
10.3378131218788,1.5274281664763,-0.0692540452841457
10.3544525346225,1.52719266216878,-0.0692542050552335
10.37109195543,1.52695761837047,-0.0692543647833867
10.3877313842767,1.52672303505949,-0.0692545244147672
10.4043708211168,1.52648891220961,-0.0692546837708143
10.4210102659506,1.52625524979134,-0.0692548427421768
10.4376497187797,1.52602204772159,-0.0692550047784489
10.4542891795937,1.52578930536762,-0.0692551724102567
10.470928648386,1.52555702135252,-0.0692553437768529
10.4875681251679,1.52532519391947,-0.069255517083237
10.5042076099773,1.52509382116267,-0.0692556911653824
10.5208471028452,1.52486290114719,-0.0692558655983538
10.5374866037764,1.52463243197028,-0.0692560405458169
10.5541261127577,1.52440241179139,-0.0692562165290384
10.5707656297406,1.52417283884206,-0.0692563940540449
10.5874051546671,1.52394371143337,-0.0692565734774096
10.604044687477,1.52371502795459,-0.0692567550529432
10.6206842281354,1.52348678686955,-0.0692569389738018
10.6373237766374,1.52325898671265,-0.0692571254475193
10.6539633329804,1.52303162608897,-0.0692573146498774
10.670602897132,1.52280470367267,-0.0692575067058812
10.6872424690451,1.52257821820392,-0.0692577016743558
10.7038820486828,1.52235216848403,-0.0692578996016334
10.7205216360326,1.52212655337001,-0.0692581006077239
10.7371612310958,1.52190137176957,-0.0692583050008409
10.7538008338332,1.52167662265104,-0.0692585129178903
10.770440444193,1.52145230503347,-0.0692587243243442
10.7870800621399,1.52122841798336,-0.0692589391603813
10.8037196876485,1.52100496061339,-0.0692591573879332
10.8203593207113,1.52078193208038,-0.0692593789966393
10.8369989613311,1.52055933158324,-0.0692596040032552
10.8536386095156,1.52033715836112,-0.0692598324484236
10.8702782652533,1.52011541169203,-0.0692600643879021
10.8869179285037,1.51989409089255,-0.0692602998537064
10.9035575992174,1.51967319531771,-0.0692605387933098
10.9201972773669,1.51945272435662,-0.069260781150265
10.9368369629475,1.51923267742964,-0.0692610269152197
10.953476655969,1.51901305398578,-0.069261276170503
10.9701163564269,1.5187938535045,-0.0692615289997165
10.9867560643006,1.51857507549565,-0.0692617854497033
11.0033957795621,1.51835671949811,-0.069262045529919
11.02003550219,1.51813878507794,-0.069262309250073
11.0366752321767,1.51792127182607,-0.0692625766843029
11.0533149694943,1.51770417935873,-0.0692628478049747
11.0699547141111,1.51748750731708,-0.0692631225059452
11.0865944660083,1.51727125536464,-0.0692634006829474
11.1032342251769,1.51705542318571,-0.069263682258539
11.1198739916101,1.51684001048445,-0.0692639671815759
11.1365137652987,1.51662501698411,-0.0692642554185343
11.1531535462295,1.51641044242631,-0.0692645469431257
11.1697933343877,1.5161962865702,-0.069264841728408
11.1864331297614,1.51598254919178,-0.0692651397452063
11.203072932333,1.51576923008317,-0.0692654409612004
11.2197127420793,1.51555632905166,-0.069265745337592
11.2363525589743,1.51534384591871,-0.0692660528255847
11.2529923830047,1.51513178051889,-0.0692663633682976
11.2696322141688,1.51492013269906,-0.069266676912293
11.2862720524461,1.51470890231843,-0.069266993406172
11.3029118978154,1.51449808924787,-0.0692673127926983
11.3195517502609,1.5142876933689,-0.0692676350108751
11.3361916097699,1.51407771457292,-0.0692679599989627
11.3528314763298,1.51386815276056,-0.0692682876958443
11.3694713499261,1.51365900784104,-0.069268618040844
11.3861112305432,1.5134502797317,-0.0692689509729522
11.4027511181679,1.5132419683573,-0.0692692864308987
11.4193910127921,1.51303407364947,-0.0692696243585027
11.4360309143883,1.51282659554654,-0.0692699646996832
11.4526708229358,1.51261953399209,-0.0692703074089733
11.4693107384316,1.51241288893293,-0.0692706525019741
11.4859506608634,1.51220666032187,-0.0692709999612916
11.5025905902019,1.51200084811939,-0.0692713496654175
11.5192305264241,1.5117954522904,-0.0692717014764202
11.5358704695175,1.51159047280233,-0.0692720552880519
11.5525104194788,1.51138590962384,-0.0692724110529453
11.5691503762984,1.51118176272628,-0.0692727687278471
11.5857903399556,1.51097803208459,-0.0692731282283125
11.6024303104321,1.51077471767581,-0.0692734894647129
11.6190702877201,1.51057181947706,-0.0692738523943242
11.6357102718234,1.51036933746366,-0.0692742170778788
11.6523502627091,1.51016727161674,-0.0692745834232099
11.6689902603468,1.50996562191949,-0.0692749512891591
11.6856302647197,1.50976438835481,-0.069275320551396
11.7022702758198,1.50956357090478,-0.0692756911120539
11.7189102936394,1.50936316955029,-0.0692760628877571
11.7355503181681,1.50916318427043,-0.069276435778386
11.752190349402,1.50896361504376,-0.0692768097038197
11.7688303873243,1.50876446184955,-0.069277184633555
11.7854704319329,1.5085657246688,-0.0692775606416358
11.8021104832054,1.50836740348029,-0.0692779377255449
11.818750541084,1.50816949825822,-0.0692783156239814
11.8353906055415,1.50797200897402,-0.0692786940685133
11.8520306765885,1.5077749355973,-0.0692790729197704
11.8686707542639,1.50757827809539,-0.0692794522749053
11.8853108385866,1.50738203643219,-0.0692798323265898
11.9019509295379,1.50718621057034,-0.0692802131999764
11.9185910270794,1.50699080047229,-0.0692805949054777
11.935231131142,1.50679580610121,-0.0692809773081852
11.9518712416751,1.5066012274175,-0.069281360228296
11.9685113586713,1.50640706437733,-0.0692817435013217
11.9851514821507,1.50621331693248,-0.0692821270031961
12.0017916121423,1.50601998502993,-0.0692825106766476
12.0184317486646,1.50582706861164,-0.0692828945859153
12.0350718917078,1.50563456761908,-0.0692832788285773
12.051712041198,1.50544248199234,-0.069283663313213
12.0683521970841,1.50525081166784,-0.0692840478874624
12.0849923593614,1.50505955657723,-0.0692844324409442
12.1016325280392,1.5048687166472,-0.0692848169841926
12.1182727031264,1.50467829180405,-0.0692852015879995
12.1349128845998,1.50448828197314,-0.0692855862029729
12.1515530724224,1.50429868707395,-0.0692859706651657
12.1681932665772,1.50410950702113,-0.0692863548194626
12.1848334670656,1.50392074172658,-0.0692867385975916
12.2014736739032,1.50373239110216,-0.0692871220959672
12.2181138870526,1.50354445505481,-0.069287505334288
12.2347541064637,1.50335693348458,-0.0692878881729343
12.2513943321217,1.50316982628752,-0.0692882704530617
12.2680345640425,1.50298313335678,-0.069288652063086
12.2846748022192,1.50279685458317,-0.0692890329387702
12.301315046636,1.50261098985486,-0.0692894130399121
12.3179552972764,1.50242553905734,-0.0692897923360374
12.3345955541255,1.50224050207318,-0.0692901707982962
12.3512358171728,1.50205587878117,-0.0692905484142454
12.3678760864178,1.50187166905532,-0.0692909252156069
12.3845163618498,1.50168787276879,-0.0692913011593365
12.4011566434396,1.50150448979251,-0.0692916761804051
12.4177969311622,1.50132151999387,-0.0692920502173396
12.4344372250058,1.50113896323707,-0.0692924232390748
12.4510775249556,1.5009568193849,-0.069292795285734
12.467717831,1.50077508829674,-0.0692931663808874
12.4843581431337,1.50059376982782,-0.0692935365110969
12.5009984613576,1.50041286382984,-0.0692939056429376
12.5176387856614,1.50023237015112,-0.0692942737549672
12.5342791160314,1.50005228863537,-0.0692946408868641
12.5509194524392,1.4998726191241,-0.0692950070333913
12.567559794838,1.49969336145695,-0.0692953720500873
12.584200143195,1.4995145154723,-0.0692957357783185
12.6008404975125,1.49933608100756,-0.0692960981173773
12.6174808578155,1.49915805790023,-0.0692964590789847
12.6341212241069,1.49898044598539,-0.0692968186692785
12.6507615963545,1.49880324509422,-0.0692971767747752
12.6674019745271,1.49862645505497,-0.0692975332745529
12.6840423586023,1.49845007569408,-0.0692978880967705
12.7006827485863,1.49827410683699,-0.0692982412444934
12.7173231444846,1.49809854830553,-0.0692985926530967
12.7339635462934,1.4979233999215,-0.0692989421969828
12.7506039539994,1.4977486615058,-0.0692992897926168
12.7672443675641,1.49757433287732,-0.0692996354202701
12.7838847869722,1.49740041385067,-0.0692999791448047
12.8005252122334,1.49722690423865,-0.0693003210668059
12.8171656433824,1.49705380385366,-0.0693006613717173
12.8338060803957,1.49688111250968,-0.0693010001117421
12.8504465232143,1.49670883002033,-0.0693013372541989
12.867086971763,1.49653695619733,-0.0693016727230572
12.8837274260227,1.49636549084735,-0.0693020064366597
12.9003678860219,1.49619443377583,-0.0693023383215797
12.9170083518086,1.49602378478814,-0.069302668335114
12.9336488233348,1.49585354360043,-0.0693030023878999
12.9502893005488,1.49568370894759,-0.0693033446664293
12.9669297834653,1.49551427824297,-0.0693036917243516
12.983570272144,1.49534524822426,-0.0693040403659596
13.0002107666812,1.49517661536242,-0.069304388624214
13.0168512671391,1.49500837607653,-0.069304735850359
13.0334917735356,1.49484052684209,-0.0693050823797359
13.0501322858464,1.49467306424319,-0.0693054290850872
13.0667728040085,1.49450598499567,-0.0693057769384077
13.0834133279315,1.49433928595436,-0.0693061266858057
13.1000538575362,1.49417296411645,-0.0693064787820194
13.1166943927899,1.4940070166165,-0.0693068335333503
13.1333349336876,1.49384144072164,-0.0693071912686017
13.1499754802288,1.4936762338225,-0.0693075524168563
13.1666160323859,1.49351139342663,-0.0693079173598255
13.1832565900802,1.49334691715817,-0.0693082862015167
13.1998971532262,1.49318280274669,-0.0693086588503499
13.2165377217861,1.4930190480229,-0.0693090352273826
13.2331782957602,1.49285565091617,-0.0693094153977744
13.2498188751252,1.49269260945497,-0.0693097994324467
13.2664594598691,1.49252992176101,-0.0693101874029488
13.2831000499946,1.49236758604498,-0.0693105793444168
13.2997406455323,1.49220560059975,-0.0693109753416067
13.3163812464488,1.49204396379649,-0.0693113755481367
13.3330218526998,1.49188267407973,-0.0693117801817806
13.3496624642486,1.49172172996646,-0.0693121894435686
13.3663030810743,1.49156113004353,-0.0693126035181673
13.3829437031481,1.49140087296897,-0.0693130224599517
13.3995843304469,1.49124095746728,-0.0693134462649466
13.416224962958,1.49108138232497,-0.0693138749389175
13.4328656006724,1.49092214638685,-0.069314308540128
13.4495062435545,1.49076324855768,-0.0693147470499383
13.4661468915775,1.49060468779738,-0.0693151904036984
13.4827875447255,1.49044646311627,-0.0693156384805549
13.4994282030095,1.49028857357425,-0.0693160912133203
13.5160688664422,1.49013101827958,-0.0693165486583198
13.5327095350104,1.48997379639237,-0.0693170108919858
13.5493502086793,1.48981690711866,-0.0693174779566276
13.565990887425,1.48966034970722,-0.0693179498894788
13.582631571263,1.48950412344965,-0.0693184268298559
13.5992722602178,1.48934822767308,-0.0693189089099005
13.6159129542418,1.48919266173737,-0.0693193961954227
13.632553653231,1.48903742503598,-0.0693198884548812
13.6491943571381,1.48888251699709,-0.069320385400667
13.6658350659741,1.48872793708302,-0.0693208868158374
13.68247577977,1.48857368478877,-0.0693213925700457
13.6991164985454,1.48841975964015,-0.0693219025998837
13.7157572222971,1.48826616119173,-0.0693224168760727
13.7323979510047,1.48811288902491,-0.0693229353743917
13.7490386846372,1.48795994274625,-0.0693234580574782
13.7656794231599,1.48780732198593,-0.0693239848722048
13.7823201665601,1.48765502639563,-0.0693245157742585
13.7989609148391,1.4875030556491,-0.0693250507112304
13.8156016680046,1.48735140944253,-0.0693255896303205
13.8322424260324,1.48720008748896,-0.0693261323996424
13.8488831888871,1.48704908951891,-0.0693266788557254
13.8655239565336,1.48689841528169,-0.0693272287874744
13.8821647289622,1.48674806454197,-0.0693277820187735
13.898805506194,1.48659803707776,-0.0693283384766588
13.9154462882373,1.4864483326795,-0.069328898246953
13.9320870750617,1.48629895114799,-0.0693294613500012
13.9487278666451,1.48614989229444,-0.0693300277984564
13.9653686629679,1.48600115594283,-0.0693305975572677
13.9820094640076,1.48585274193009,-0.0693311705194184
13.9986502697386,1.48570465010541,-0.0693317464990955
14.0152910801557,1.48555688032473,-0.0693323253780591
14.0319318952542,1.48540943245106,-0.0693329070653981
14.0485727150203,1.48526230635495,-0.0693334914513317
14.0652135394284,1.48511550191513,-0.0693340783560662
14.0818543684618,1.48496901901535,-0.0693346676088514
14.0984952021134,1.48482285754294,-0.0693352590752436
14.1151360403788,1.4846770173885,-0.069335852650701
14.1317768832585,1.48453149844565,-0.0693364482859729
14.1484177307589,1.48438630061189,-0.0693370460323821
14.1650585828454,1.48424142379127,-0.069337645779874
14.1816994394853,1.48409686788904,-0.0693382473606301
14.1983403006685,1.48395263280839,-0.0693388506548183
14.2149811664086,1.48380871844833,-0.0693394556787779
14.2316220366907,1.48366512470985,-0.0693400623595729
14.2482629114819,1.48352185149402,-0.0693406705085574
14.2649037907628,1.48337889870287,-0.069341279935632
14.2815446745274,1.48323626623937,-0.0693418904880864
14.2981855627745,1.48309395400653,-0.0693425020501478
14.3148264555069,1.48295196190658,-0.069343114542176
14.3314673527346,1.48281028984053,-0.0693437279372408
14.3481082544445,1.48266893770597,-0.0693443422201108
14.3647491606004,1.48252790539541,-0.0693449573590854
14.3813900711645,1.48238719280099,-0.0693455732160512
14.3980309861276,1.48224679981332,-0.0693461896476207
14.4146719055093,1.48210672632134,-0.069346806600354
14.4313128293089,1.4819669722094,-0.0693474240187973
14.4479537574951,1.48182753735511,-0.0693480417692243
14.4645946900493,1.48168842163087,-0.0693486597392816
14.4812356269797,1.48154962490659,-0.0693492778817109
14.4978765683236,1.48141114705086,-0.0693498963140565
14.5145175140377,1.48127298792661,-0.0693505150397771
14.531158464059,1.48113514739079,-0.0693511338866477
14.5477994183532,1.48099762529734,-0.0693517526145857
14.5644403769183,1.48086042149673,-0.0693523710066365
14.5810813397599,1.48072353583598,-0.0693529888723663
14.5977223068809,1.48058696815704,-0.0693536060757041
14.6143632782819,1.48045071829618,-0.0693542225274843
14.6310042539644,1.48031478608417,-0.069354838166774
14.6476452339355,1.48017917134663,-0.0693554529524565
14.6642862181694,1.48004387390471,-0.0693560668506878
14.6809272066005,1.47990889357468,-0.0693566797996721
14.6975681992004,1.47977423016711,-0.0693572917000492
14.7142091959883,1.47963988348647,-0.069357902460261
14.7308501970217,1.47950585333028,-0.0693585120673751
14.747491202325,1.47937213949273,-0.0693591205035423
14.76413221186,1.47923874176481,-0.0693597277338779
14.7807732255532,1.47910565993416,-0.0693603336737381
14.7974142433343,1.47897289378333,-0.0693609382140174
14.814055265188,1.47884044308879,-0.069361541241387
14.8306962911377,1.47870830762116,-0.0693621426596829
14.8473373212096,1.47857648714575,-0.069362742397067
14.8639783554151,1.47844498142299,-0.0693633404001161
14.8806193937572,1.47831379020839,-0.0693639366292036
14.897260436218,1.47818291325306,-0.0693645310556002
14.9139014827429,1.47805235030434,-0.0693651236394392
14.9305425332985,1.47792210110515,-0.0693657143170455
14.9471835878878,1.47779216539378,-0.0693663030156941
14.9638246465393,1.47766254290333,-0.0693668896600064
14.9804657092387,1.47753323336112,-0.0693674741302585
14.9971067759385,1.47740423649125,-0.0693680563138799
15.0137478466198,1.47727555201537,-0.0693686361366116
15.0303889212989,1.47714717965375,-0.0693692136142562
15.0470299999929,1.47701911912286,-0.0693697887716771
15.0636710827087,1.47689137013465,-0.0693703616153026
15.0803121694128,1.47676393239673,-0.0693709321240749
15.0969532600719,1.47663680561217,-0.0693715002445878
15.1135943546682,1.47650998948004,-0.0693720659055589
15.1302354531966,1.47638348369607,-0.0693726290333192
15.146876555657,1.47625728795306,-0.0693731895611589
15.1635176620468,1.47613140194111,-0.0693737474319138
15.1801587723588,1.47600582534765,-0.0693743025962738
15.1967998865837,1.47588055785731,-0.0693748550159701
15.2134410047172,1.47575559915141,-0.0693754046775574
15.2300821267569,1.47563094890868,-0.0693759515698192
15.2467232526795,1.47550660680597,-0.0693764956724798
15.2633643824663,1.47538257251812,-0.0693770369583121
15.2800055161092,1.47525884571843,-0.0693775753791267
15.2966466536093,1.47513542607956,-0.0693781108527646
15.313287794961,1.47501231327237,-0.0693786433103009
15.3299289401526,1.4748895069654,-0.0693791727050085
15.3465700891708,1.4747670068249,-0.0693796990050614
15.3632112420049,1.47464481251513,-0.0693802221865603
15.3798523986511,1.47452292369873,-0.0693807422293659
15.3964935591144,1.47440134003674,-0.0693812591203012
15.4131347233825,1.47428006118912,-0.0693817728514997
15.4297758913442,1.47415908669456,-0.0693822912799168
15.4464170629563,1.47403841478499,-0.0693828199402119
15.4630582383026,1.47391804193474,-0.0693833541358245
15.4796994175173,1.47379796372245,-0.0693838895325871
15.4963406007254,1.47367817537569,-0.0693844234880946
15.512981787971,1.47355867205498,-0.0693849551275113
15.5296229792338,1.47343944899547,-0.0693854848268584
15.5462641744666,1.47332050157788,-0.0693860136728741
15.5629053736115,1.47320182535974,-0.0693865429714294
15.5795465766101,1.47308341608662,-0.0693870739474122
15.5961877833875,1.47296526968989,-0.0693876075091926
15.6128289938809,1.47284738228073,-0.0693881442206528
15.6294702080505,1.4727297501431,-0.0693886843962336
15.6461114258791,1.47261236972626,-0.0693892282233754
15.6627526473508,1.47249523763789,-0.0693897758575691
15.679393872453,1.47237835063741,-0.0693903274798716
15.6960351011366,1.47226170562991,-0.0693908833044524
15.7126763333536,1.47214529965939,-0.0693914435570626
15.7293175690738,1.47202912990215,-0.0693920084630643
15.7459588082829,1.47191319366042,-0.069392578240671
15.7626000509703,1.47179748835748,-0.0693931531129355
15.7792412971251,1.47168201153386,-0.0693937333285729
15.7958825467093,1.47156676083931,-0.0693943190302399
15.8125237996822,1.47145173402996,-0.069394910303624
15.8291650560332,1.47133692896479,-0.0693955072204609
15.8458063157565,1.47122234360207,-0.0693961098383889
15.8624475788378,1.47110797599618,-0.069396718157311
15.8790888452598,1.47099382429133,-0.0693973321931064
15.8957301150094,1.4708798867168,-0.0693979520109498
15.9123713880829,1.47076616158246,-0.0693985777586146
15.9290126644609,1.47065264727771,-0.0693992095849534
15.9456539441269,1.47053934226853,-0.069399847628053
15.9622952270481,1.47042624509865,-0.0694004918915029
15.9789365132235,1.47031335438574,-0.0694011423569118
15.9955778026733,1.47020066881849,-0.0694017990988084
16.012219095393,1.47008818714577,-0.0694024620543809
16.0288603913558,1.46997590817687,-0.0694031311373237
16.0455016905028,1.46986383078101,-0.0694038062934371
16.0621429927939,1.46975195388463,-0.0694044875173256
16.0787842982237,1.4696402764726,-0.0694051747503594
16.09542560682,1.46952879758318,-0.0694058679218899
16.112066918592,1.46941751630511,-0.069406566975471
16.1287082335174,1.46930643177314,-0.0694072717763592
16.1453495515645,1.46919554316786,-0.0694079821720714
16.1619908727232,1.46908484971376,-0.0694086980408434
16.1786321970057,1.46897435067621,-0.0694094193276942
16.1952735244158,1.46886404536287,-0.0694101459215133
16.2119148549448,1.46875393312016,-0.0694108777025463
16.2285561885801,1.46864401333033,-0.0694116145662113
16.2451975252899,1.46853428540992,-0.0694123564135201
16.2618388650565,1.46842474880805,-0.0694131031404598
16.2784802078928,1.4683154030038,-0.0694138546765735
16.2951215538003,1.46820624750326,-0.0694146110284372
16.3117629027323,1.46809728184342,-0.0694153720716982
16.3284042546521,1.46798850558882,-0.0694161376396178
16.3450456095626,1.46787991832931,-0.0694169076102684
16.3616869674738,1.46777151967501,-0.069417681803162
16.3783283284081,1.46766330925662,-0.0694184600495872
16.3949696923557,1.4675552867252,-0.0694192422342229
16.4116110593062,1.46744745175014,-0.0694200283037281
16.4282524292533,1.46733980402163,-0.0694208181418032
16.4448938021815,1.46723234324834,-0.0694216116399243
16.4615351780791,1.46712506915483,-0.0694224087415314
16.478176556917,1.46701798147508,-0.0694232093072903
16.4948179386422,1.46691107995497,-0.0694240131631183
16.5114593232515,1.46680436435218,-0.069424820168621
16.5281007107855,1.46669783443528,-0.0694256303035396
16.544742101247,1.46659148998841,-0.0694264434088702
16.561383494621,1.46648533080544,-0.069427259265602
16.5780248908821,1.46637935668538,-0.0694280776065615
16.5946662900176,1.46627356743354,-0.0694288982012229
16.6113076920353,1.46616796286168,-0.0694297209158824
16.6279490969693,1.4660625427879,-0.0694305458125012
16.6445905048348,1.46595730703729,-0.0694313729814403
16.6612319155915,1.4658522554391,-0.069432202297927
16.6778733291999,1.4657473878252,-0.0694330335593554
16.6945147456356,1.46564270402948,-0.0694338665982018
16.7111561649057,1.46553820388698,-0.0694347013563892
16.7277975869884,1.46543388723421,-0.0694355376361495
16.7444390118715,1.46532975390877,-0.0694363751683486
16.7610804395493,1.46522580374873,-0.0694372135871081
16.7777218700503,1.46512203659175,-0.0694380526065457
16.7943633033915,1.46501845227473,-0.0694388920972768
16.8110047396025,1.46491505063341,-0.0694397321585729
16.8276461786706,1.46481183150297,-0.0694405729228843
16.844287620541,1.46470879471299,-0.0694414142931811
16.8609290651828,1.46460594009049,-0.0694422560825094
16.8775705126092,1.46450326746176,-0.0694430981452304
16.8942119628491,1.46440077665413,-0.0694439404796062
16.9108534158887,1.46429846748978,-0.0694447830182922
16.9274948716925,1.46419633978612,-0.0694456256398548
16.9441363302414,1.46409439335613,-0.0694464682007996
16.9607777915352,1.46399262800814,-0.0694473105559283
16.9774192555802,1.46389104354578,-0.069448152570601
16.9940607223873,1.46378963976781,-0.069448994124495
17.0107021919767,1.46368841646814,-0.0694498351567072
17.0273436643314,1.46358737343663,-0.0694506756980669
17.0439851393923,1.46348651045958,-0.0694515155722584
17.0606266171314,1.46338582731714,-0.0694523545440858
17.0772680975869,1.46328532378117,-0.0694531924539872
17.0939095807782,1.46318499961421,-0.0694540292984185
17.1105510666995,1.46308485457361,-0.0694548650810223
17.127192555331,1.46298488841341,-0.0694556997401012
17.1438340466429,1.46288510088531,-0.0694565331051517
17.1604755406228,1.46278549173542,-0.0694573649924133
17.1771170372756,1.46268606070286,-0.0694581952502051
17.1937585366072,1.46258680752023,-0.0694590237814491
17.210400038628,1.46248773191433,-0.0694598505960578
17.2270415433463,1.46238883360281,-0.0694606757419725
17.243683050725,1.46229011229753,-0.0694614991183487
17.2603245607425,1.46219156770451,-0.0694623205631221
17.2769660733902,1.46209319952231,-0.0694631399213985
17.2936075886781,1.46199500744109,-0.069463957156835
17.3102491065981,1.46189699114692,-0.0694647722167622
17.3268906271367,1.46179915032212,-0.0694655850034842
17.3435321502854,1.46170148464607,-0.069466395344326
17.3601736760648,1.46160399379264,-0.069467203093199
17.3768152044626,1.46150667742922,-0.0694680081568732
17.3934567354465,1.46140953521603,-0.0694688104625029
17.4100982689953,1.46131256680618,-0.0694696099275768
17.4267398051052,1.46121577184594,-0.0694704064344484
17.4433813437824,1.46111914997663,-0.0694711998716925
17.4600228850436,1.4610227008361,-0.0694719901756636
17.4766644289124,1.46092642406047,-0.0694727773986299
17.4933059753829,1.4608303192801,-0.0694735615628023
17.5099475244208,1.46073438611701,-0.0694743425669586
17.5265890759998,1.46063862418746,-0.0694751202747863
17.5432306301107,1.4605430331033,-0.0694758945607878
17.5598721867556,1.46044761247245,-0.0694766653220305
17.5765137459463,1.46035236189846,-0.0694774324978117
17.5931553077066,1.46025728097886,-0.0694781961165426
17.6097968720338,1.46016236930862,-0.0694789562342386
17.6264384389079,1.46006762648334,-0.0694797128988495
17.6430800082615,1.4599730520965,-0.0694804658659157
17.6597215800663,1.45987864573633,-0.0694812148532871
17.6763631543478,1.45978440698482,-0.0694819597202044
17.6930047311662,1.45969033541649,-0.0694827005946859
17.7096463105295,1.45959643060132,-0.0694834375434476
17.7262878924054,1.4595026921099,-0.0694841704940754
17.7429294767644,1.45940911951196,-0.0694848993390827
17.7595710635929,1.45931571237513,-0.0694856239796699
17.7762126528929,1.45922247026504,-0.0694863443555797
17.7928542446803,1.45912939274653,-0.0694870604929407
17.8094958389554,1.45903647938091,-0.0694877724002447
17.8261374356932,1.45894372972418,-0.0694884799874653
17.8427790348665,1.45885114332968,-0.0694891831424739
17.8594206364707,1.45875871974935,-0.0694898817666867
17.8760622405197,1.45866645853435,-0.0694905757866286
17.8927038470395,1.45857435923606,-0.0694912651782089
17.9093454560409,1.45848242140678,-0.0694919499881658
17.9259870674564,1.45839064445601,-0.0694926347788544
17.9426286812563,1.45829902630627,-0.0694933227811569
17.9592702974893,1.45820756288718,-0.0694940112850723
17.9759119162261,1.45811624911268,-0.069494697792692
17.9925535375175,1.45802507950195,-0.069495380719519
18.0091951613687,1.45793404850033,-0.0694960594759575
18.025836787748,1.45784315063926,-0.0694967342621779
18.0424784166016,1.45775238061359,-0.069497405718589
18.0591200478682,1.45766173331577,-0.0694980746036565
18.0757616814933,1.45757120384773,-0.0694987415871904
18.0924033174276,1.45748078752158,-0.0694994071627811
18.1090449556294,1.45739047985482,-0.0695000716468985
18.1256865960668,1.45730027656292,-0.0695007352267095
18.14232823871,1.45721017355104,-0.069501398018829
18.1589698835275,1.45712016690561,-0.0695020601132094
18.1756115304967,1.45703025288618,-0.0695027216098205
18.1922531796041,1.45694042791797,-0.069503382655832
18.2088948308291,1.456850688583,-0.0695040433959491
18.2255364841403,1.45676103161208,-0.0695047039276523
18.2421781395097,1.45667145387954,-0.0695053643357378
18.2588197969152,1.45658195239763,-0.0695060247052199
18.2754614563398,1.45649252431089,-0.0695066851202793
18.2921031177642,1.45640316689065,-0.0695073456607899
18.3087447811613,1.45631387753003,-0.0695080063933436
18.325386446515,1.45622465373878,-0.0695086673683351
18.3420281138211,1.45613549313827,-0.0695093286272963
18.3586697830901,1.45604639345661,-0.0695099902145174
18.3753114543201,1.45595735252427,-0.0695106521871389
18.3919531274555,1.45586836827086,-0.0695113145917336
18.4085948024561,1.45577943872146,-0.0695119774439485
18.4252364793163,1.45569056199291,-0.0695126407420023
18.4418781580539,1.45560173629023,-0.0695133044869814
18.4585198386753,1.45551295990347,-0.069513968699154
18.4751615211727,1.45542423120469,-0.069514633432996
18.4918032055248,1.45533554864348,-0.0695152987292907
18.5084448917026,1.45524691074368,-0.0695159645712525
18.5250865796711,1.4551583161013,-0.0695166308192617
18.5417282694189,1.45506976338045,-0.0695172973402359
18.5583699609567,1.4549812513099,-0.0695179640738024
18.5750116543059,1.45489277867923,-0.0695186310720098
18.5916533494705,1.45480434433897,-0.0695192984005296
18.6082950464407,1.45471594719939,-0.0695199661120912
18.6249367452081,1.4546275862291,-0.0695206342882928
18.6415784457554,1.45453926044983,-0.0695213029667954
18.6582201480552,1.4544509689319,-0.0695219720893322
18.6748618520766,1.45436271078899,-0.069522641433768
18.6915035578291,1.45427448518061,-0.0695233108216304
18.7081452653057,1.45418629131358,-0.0695239801862418
18.7247869745135,1.45409812844227,-0.0695246496213811
18.7414286854569,1.45400999586184,-0.0695253191886604
18.7580703981348,1.45392189290263,-0.0695259888674968
18.7747121125393,1.45383381892627,-0.0695266585317296
18.7913538286611,1.45374577332672,-0.0695273280480248
18.8079955464951,1.45365775553002,-0.0695279973154979
18.8246372660213,1.45356976499349,-0.0695286662597276
18.8412789872355,1.45348180120416,-0.0695293348190177
18.8579207101551,1.45339386367699,-0.0695300029508096
18.8745624347622,1.45330595195277,-0.0695306706186077
18.8912041610412,1.45321806559549,-0.0695313377717051
18.9078458889934,1.45313020419092,-0.0695320043489579
18.9244876186319,1.45304236734531,-0.069532670291221
18.9411293499531,1.45295455468462,-0.0695333355431584
18.9577710829462,1.45286676585365,-0.0695340000552548
18.9744128176004,1.4527790005147,-0.0695346637940067
18.9910545539019,1.45269125834368,-0.0695353266608617
19.0076962918384,1.45260353902846,-0.0695359884780474
19.0243380314152,1.45251584227065,-0.0695366490909384
19.0409797726429,1.45242816778595,-0.0695373084142291
19.057621515539,1.452340515304,-0.0695379664661563
19.0742632601073,1.45225288456461,-0.0695386232723098
19.0909050063384,1.45216527531557,-0.069539278825252
19.1075467542191,1.45207768731162,-0.0695399330832516
19.1241885037463,1.45199012031403,-0.0695405859900239
19.1408302549331,1.45190257409044,-0.0695412375187329
19.1574720077596,1.45181504841209,-0.0695418876250092
19.1741137622038,1.45172754305522,-0.0695425362038121
19.1907555182662,1.45164005780021,-0.0695431831413314
19.2073972759659,1.45155259243009,-0.0695438283559259
19.2240390353078,1.45146514672963,-0.0695444718201277
19.2406807962888,1.45137772048585,-0.0695451135073613
19.2573225589066,1.45129031348773,-0.069545753365775
19.2739643231597,1.45120292552577,-0.069546391302271
19.2906060890339,1.45111555639022,-0.0695470272227905
19.3072478565265,1.45102820587024,-0.0695476610428998
19.3238896256492,1.45094087375347,-0.0695482926960784
19.3405313963962,1.45085355982536,-0.0695489221270764
19.3571731687652,1.45076626386828,-0.069549549289149
19.3738149427725,1.45067898566079,-0.0695501741690446
19.3904567184406,1.45059172497868,-0.0695507967605086
19.4070984957381,1.45050448159603,-0.06955141703127
19.4237402746217,1.45041725528523,-0.069552034878652
19.4403820550842,1.45033004581441,-0.0695526501807167
19.4570238371517,1.45024285294716,-0.0695532628513878
19.4736656208775,1.45015567644321,-0.0695538729225637
19.4903074063016,1.45006851605426,-0.0695544804964294
19.5069491934076,1.44998137152418,-0.0695550855857996
19.5235909821155,1.44989424259279,-0.0695556881389257
19.5402327723807,1.44980712899598,-0.0695562880669248
19.5568745642138,1.44972003046474,-0.0695568852871901
19.573516357648,1.44963294672539,-0.0695574797117098
19.5901581526907,1.44954587749941,-0.0695580712486397
19.6067999493231,1.44945882250417,-0.0695586597516395
19.6234417475205,1.44937178145064,-0.0695592451021743
19.6400835472945,1.44928475404292,-0.0695598272590282
19.6567253486648,1.44919773997502,-0.0695604061369224
19.6733671516701,1.44911073893285,-0.0695609816664308
19.69000895632,1.44902375059622,-0.0695615538214376
19.70665076257,1.44893677463901,-0.0695621225856517
19.7232925703861,1.44884981072865,-0.069562687926363
19.7399343797739,1.44876285852689,-0.0695632498198508
19.7565761907748,1.44867591769075,-0.0695638083081258
19.7732180033833,1.44858898786861,-0.0695643633888245
19.7898598175779,1.44850206870164,-0.0695649150262271
19.8065016333485,1.44841515982503,-0.0695654632044534
19.8231434507056,1.44832826086913,-0.069566007997793
19.8397852696371,1.44824137145975,-0.0695665493784554
19.8564270901243,1.44815449121405,-0.0695670872085557
19.8730689121728,1.44806761974214,-0.0695676213645234
19.889710735784,1.44798075664791,-0.0695681517750569
19.9063525609413,1.44789390152952,-0.0695686784009956
19.9229943876492,1.44780705397965,-0.0695692012532487
19.9396362159543,1.44772021358647,-0.0695697205216864
19.9562780459108,1.44763337993593,-0.0695702365156279
19.9729198774968,1.44754655260693,-0.0695707493921058
19.9895617106205,1.44745973116907,-0.0695712589622198
20.0062035452156,1.44737291518552,-0.0695717649603928
20.0228453812803,1.44728610421346,-0.0695722671755497
20.039487218848,1.44719929780245,-0.0695727654628609
20.0561290579502,1.4471124955007,-0.0695732596896109
20.0727708986246,1.44702569685482,-0.0695737498126723
20.0894127408969,1.44693890140916,-0.069574235943693
20.1060545847606,1.44685210870139,-0.069574718301107
20.1226964301963,1.4467653182641,-0.0695751971129574
20.1393382771614,1.44667852962879,-0.0695756723976174
20.1559801256466,1.44659174232265,-0.0695761440861183
20.172621975654,1.44650495586824,-0.0695766121396638
20.1892638271776,1.4464181697827,-0.0695770765187213
20.2059056801814,1.44633138357952,-0.0695775370399519
20.2225475346583,1.44624459676919,-0.069577993526683
20.2391893906282,1.4461578088594,-0.0695784458745093
20.2558312481142,1.44607101935522,-0.069578894045234
20.2724731071304,1.44598422775987,-0.0695793380617771
20.2891149676811,1.44589743357502,-0.0695797780265701
20.3057568297467,1.4458106362955,-0.0695802139662212
20.3223986932819,1.44572383541221,-0.0695806456596978
20.3390405582843,1.4456370304163,-0.0695810728961376
20.3556824247615,1.44555022080045,-0.0695814955846001
20.3723242927362,1.44546340605918,-0.0695819137807056
20.388966162227,1.44537658568507,-0.0695823276058494
20.405608033241,1.44528975916601,-0.0695827372166144
20.4222499058423,1.44520292584617,-0.0695831334138559
20.4388917800682,1.44511608355904,-0.0695835095373284
20.4555336558552,1.4450292281133,-0.0695838708769493
20.4721755331456,1.4449423542873,-0.0695842226329175
20.4888174118185,1.44485545645703,-0.0695845681557028
20.5054592916807,1.44476852891968,-0.069584908540453
20.522101172598,1.44468156605956,-0.0695852431842451
20.5387430545478,1.44459456242863,-0.0695855706714284
20.5553849376013,1.44450751278278,-0.0695858895883589
20.5720268217398,1.44442041208358,-0.0695861985747281
20.5886687069002,1.4443332555087,-0.0695864964062272
20.6053105930417,1.44424603844433,-0.0695867821558731
20.6219524801626,1.4441587564784,-0.0695870552498807
20.6385943682833,1.44407140539313,-0.0695873153913961
20.6552362574316,1.4439839811576,-0.0695875624860441
20.6718781475978,1.44389647991789,-0.0695877965017056
20.688520038747,1.44380889798775,-0.0695880174628826
20.7051619308152,1.44372123183228,-0.0695882252069163
20.7218038237192,1.44363347807407,-0.0695884192480633
20.7384457174305,1.4435456334835,-0.0695885990884929
20.7550876119828,1.44345769496936,-0.0695887644291239
20.7717295074226,1.44336965957007,-0.0695889152773628
20.788371403718,1.44328152445805,-0.0695890515746597
20.8050133007956,1.44319328692754,-0.0695891730454387
20.8216551986059,1.44310494439288,-0.0695892793407824
20.8382970971504,1.44301649438314,-0.0695893702157308
20.8549389964561,1.44292793453776,-0.0695894456254195
20.8715808965445,1.44283926259887,-0.0695895056995823
20.8882227974242,1.44275047640862,-0.0695895506812013
20.9048646990565,1.44266157390608,-0.0695895806722937
20.9215066013821,1.44257255312629,-0.0695895955941647
20.9381485043647,1.44248341219492,-0.0695895953335869
20.9547904079999,1.44239414932467,-0.0695895798431852
20.9714323122903,1.44230476281034,-0.0695895491112196
20.9880742172277,1.44221525102419,-0.0695895031089873
21.0047161227833,1.44212561241022,-0.0695894417020881
21.02135802895,1.44203584548531,-0.0695893648302976
21.0379999357354,1.44194594884017,-0.0695892725269291
21.0546418431523,1.44185592113867,-0.0695891649141197
21.0712837511941,1.44176576111091,-0.0695890421455433
21.0879256598482,1.4416754675476,-0.0695889043846258
21.1045675690896,1.44158503929315,-0.0695887517174341
21.1212094788902,1.44149447525021,-0.069588584138084
21.1378513892498,1.4414037743784,-0.0695884017015833
21.1544933002046,1.44131293569374,-0.0695882046875887
21.1711352117636,1.44122195825856,-0.0695879933824848
21.1877771238865,1.44113084118066,-0.0695877678654265
21.2044190365412,1.44103958361236,-0.0695875281603235
21.2210609497194,1.44094818474856,-0.0695872743245457
21.2377028634338,1.44085664382466,-0.0695870064978776
21.2543447776996,1.44076496011665,-0.0695867248841544
21.2709866925189,1.4406731329383,-0.0695864296872754
21.2876286078793,1.44058116163868,-0.0695861210708651
21.304270523757,1.44048904560006,-0.06958579911221
21.3209124401431,1.44039678423585,-0.0695854638901781
21.3375543570467,1.44030437698906,-0.0695851155232101
21.354196274476,1.44021182333077,-0.0695847541683444
21.3708381924276,1.44011912275852,-0.0695843800063458
21.3874801108812,1.44002627479487,-0.0695839932185553
21.4041220298325,1.43993327898571,-0.0695835939761941
21.420763949295,1.43984013489869,-0.0695831824480445
21.4374058692987,1.43974684212154,-0.0695827588498447
21.454047789864,1.43965340026088,-0.069582323503065
21.4706897109611,1.43955980894139,-0.0695818765722147
21.4873316325689,1.43946606780452,-0.0695814181728258
21.5039735546768,1.43937217650721,-0.069580948440823
21.5206154772755,1.43927813472036,-0.0695804675374362
21.5372574003469,1.43918394212718,-0.0695799756331678
21.5538993239015,1.43908959842179,-0.0695794729003563
21.5705412479689,1.43899510330892,-0.069578959522057
21.5871831725868,1.4389004565038,-0.0695784357039726
21.6038250977542,1.43880565773152,-0.0695779016689901
21.6204670234431,1.43871070672527,-0.0695773576356039
21.6371089496189,1.43861560322464,-0.0695768038029599
21.6537508762753,1.43852034697502,-0.0695762403704747
21.6703928034318,1.438424937728,-0.0695756675797352
21.6870347310944,1.43832937523747,-0.0695750855966563
21.7036766592638,1.43823365926041,-0.0695744945671044
21.7203185879432,1.43813778955761,-0.0695738946674847
21.7369605171427,1.43804176589438,-0.0695732861543399
21.7536024468597,1.43794558803722,-0.069572669269115
21.7702443770783,1.43784925575142,-0.0695720441760485
21.7868863077875,1.43775276880189,-0.0695714110131006
21.8035282389832,1.43765612695296,-0.0695707699043016
21.8201701706713,1.43755932996877,-0.0695701209921669
21.8368121028597,1.43746237761312,-0.0695694644471594
21.8534540355362,1.43736526964859,-0.0695688004517648
21.870095968698,1.43726800583553,-0.0695681291859481
21.8867379023578,1.43717058593197,-0.0695674508385819
21.9033798365399,1.437073009694,-0.0695667656295932
21.9200217712422,1.43697527687365,-0.0695660737467177
21.9366637064492,1.436877387219,-0.069565375363057
21.9533056421485,1.4367793404743,-0.0695646706581765
21.9699475783382,1.43668113638019,-0.0695639598352496
21.9865895150162,1.43658277467177,-0.0695632430603453
22.0032314521902,1.4364842550789,-0.0695625205024645
22.0198733898711,1.43638557732621,-0.0695617923921069
22.0365153280577,1.43628674113516,-0.069561058994196
22.0531572667219,1.4361877462209,-0.0695603204206311
22.0697992058409,1.43608859229072,-0.0695595766819787
22.086441145423,1.43598927904634,-0.0695588278253888
22.103083085487,1.43588980618517,-0.0695580739870037
22.1197250260514,1.43579017340167,-0.0695573154192849
22.136366967125,1.43569038038517,-0.069556552403935
22.1530089087178,1.43559042681979,-0.0695557852555814
22.169650850829,1.43549031238179,-0.0695550142442693
22.1862927934261,1.43539003673881,-0.069554239553616
22.202934736475,1.43528959954898,-0.0695534612543907
22.2195766799744,1.43518900046294,-0.0695526794355335
22.2362186239425,1.43508823912621,-0.0695518942171275
22.2528605683921,1.4349873151797,-0.0695511057431805
22.2695025133246,1.4348862282592,-0.0695503141810997
22.2861444587347,1.43478497799429,-0.0695495197319966
22.3027864046102,1.43468356400981,-0.0695487225553831
22.3194283509358,1.43458198592768,-0.0695479226876004
22.3360702977318,1.43448024336308,-0.06954712018963
22.3527122450158,1.43437833592326,-0.0695463152472138
22.3693541927862,1.43427626320448,-0.0695455081653665
22.3859961410193,1.43417402479584,-0.069544699166797
22.4026380896874,1.43407162028386,-0.0695438883401217
22.4192800387846,1.43396904925065,-0.0695430757500888
22.4359219883211,1.4338663112741,-0.0695422615199867
22.4525639383165,1.4337634059293,-0.0695414458913473
22.4692058887425,1.43366033278161,-0.0695406289588603
22.4858478395852,1.43355709138953,-0.0695398107687977
22.502489790855,1.43345368130681,-0.0695389913923902
22.5191317425496,1.43335010208282,-0.0695381709305171
22.5357736946661,1.43324635326247,-0.0695373495004832
22.5524156472039,1.43314243438634,-0.0695365272284086
22.5690576001619,1.43303834499078,-0.0695357042433498
22.5856995535368,1.43293408460793,-0.069534880672921
22.6023415073341,1.4328296527657,-0.0695340566788944
22.618983461577,1.43272504898739,-0.0695332325376514
22.635625416238,1.43262027279126,-0.0695324084117224
22.6522673712735,1.43251532369385,-0.0695315843230922
22.6689093266703,1.43241020120849,-0.0695307602787235
22.6855512824519,1.43230490484424,-0.0695299363481479
22.7021932386255,1.43219943410546,-0.0695291127018788
22.7188351951668,1.43209378849509,-0.0695282894695444
22.7354771520565,1.43198796751455,-0.0695274667151035
22.7521191092942,1.43188197066229,-0.0695266444972877
22.7687610668934,1.43177579743331,-0.0695258229203378
22.7854030248808,1.43166944731938,-0.0695250021870954
22.8020449832753,1.43156291981208,-0.0695241824383615
22.8186869420712,1.43145621440136,-0.0695233637894684
22.8353289012054,1.43134933057371,-0.0695225463233902
22.8519708606309,1.43124226781199,-0.069521730142375
22.8686128203571,1.43113502559735,-0.0695209153947683
22.8852547804153,1.43102760341284,-0.0695201022532222
22.9018967407772,1.43092000074151,-0.0695192907234623
22.9185387015096,1.4308122169343,-0.0695184723751132
22.9351806626577,1.43070424995362,-0.0695176412121044
22.9518226241818,1.43059609589947,-0.0695168022258247
22.9684645859744,1.43048774992725,-0.0695159600651093
22.98510654786,1.43037920682423,-0.0695151177062737
23.0017485096196,1.43027046130722,-0.0695142762338496
23.0183904710864,1.43016150817263,-0.0695134352696854
23.03503243218,1.4300523423688,-0.0695125936478861
23.0516743928724,1.42994295902833,-0.0695117500083113
23.0683163531586,1.42983335347915,-0.0695109031652029
23.0849583130463,1.42972352124525,-0.0695100522601401
23.1016002725376,1.42961345804222,-0.0695091967696809
23.1182422316166,1.42950315977027,-0.0695083364311559
23.1348841902473,1.42939262250826,-0.0695074710707959
23.1515261483986,1.42928184250467,-0.069506600553778
23.1681681060015,1.42917081616925,-0.0695057247440221
23.1848100629649,1.42905954006513,-0.0695048434560661
23.2014520192498,1.42894801090182,-0.0695039564569125
23.2180939748669,1.42883622552845,-0.0695030635357609
23.2347359298481,1.42872418092702,-0.0695021645898575
23.2513778841762,1.42861187421218,-0.069501259462225
23.2680198378117,1.42849930262391,-0.0695003480122152
23.2846617906799,1.42838646352206,-0.0694994301555644
23.3013037427141,1.4282733543782,-0.0694985057136326
23.3179456938975,1.42815997277227,-0.0694975744913436
23.3345876442555,1.4280463163907,-0.0694966363004116
23.351229593785,1.42793238302059,-0.0694956910428581
23.3678715424494,1.42781817054385,-0.0694947387313574
23.3845134902321,1.42770367693075,-0.0694937795451493
23.4011554371308,1.42758890024184,-0.0694928136568108
23.4177973831602,1.42747383862611,-0.0694918412196131
23.4344393282323,1.42735849031658,-0.0694908623951098
23.4510812722709,1.42724285362876,-0.0694898772517684
23.4677232152369,1.42712692695955,-0.0694888857419476
23.4843651571181,1.42701070877859,-0.0694878876611912
23.5010070979288,1.42689419762357,-0.0694868828477142
23.5176490376982,1.42677739209822,-0.0694858712537378
23.5342909764476,1.4266602908705,-0.069484852933529
23.5509329141872,1.4265428926704,-0.0694838280237187
23.56757485083,1.42642519628892,-0.0694827966968767
23.5842167863236,1.42630720057595,-0.0694817591329453
23.6008587206671,1.42618890443374,-0.0694807154183809
23.6175006539095,1.42607030681525,-0.0694796656561591
23.6341425860435,1.42595140672627,-0.0694786099582681
23.6507845170451,1.42583220322386,-0.0694775484844313
23.6674264468492,1.42571269540918,-0.0694764813298628
23.6840683754386,1.42559288242447,-0.069475408611188
23.7007103028297,1.42547276345538,-0.0694743304085979
23.7173522290579,1.42535233772957,-0.0694732467842732
23.7339941541382,1.42523160451332,-0.0694721578431092
23.7506360780693,1.42511056310902,-0.0694710637385824
23.7672780008073,1.42498921285369,-0.0694699646546366
23.7839199223209,1.42486755311736,-0.0694688607916461
23.8005618425987,1.42474558329953,-0.0694677523030215
23.8172037616531,1.4246233028286,-0.06946663933246
23.8338456795016,1.42450071116098,-0.0694655220729859
23.8504875961605,1.42437780778018,-0.0694644008393919
23.8671295115986,1.4242545921962,-0.0694632758492624
23.8837714257806,1.42413106394089,-0.0694621472244799
23.9004133386888,1.42400722256508,-0.0694610149930465
23.9170552503366,1.42388306764022,-0.0694598791996811
23.9336971607484,1.42375859875886,-0.069458739965669
23.9503390699505,1.42363381553384,-0.0694575975471118
23.9669809779314,1.4235087175929,-0.0694564522361382
23.9836228846501,1.42338330457866,-0.0694553041371511
24.0002647900984,1.42325757614825,-0.0694541533080267
24.0169066943181,1.42313153197345,-0.0694529998701852
24.0335485973333,1.42300517174086,-0.0694518440608515
24.0501904991082,1.42287849514669,-0.0694506861108801
24.0668323996191,1.42275150189431,-0.0694495262571242
24.0834742988507,1.42262419169667,-0.0694483646279653
24.1001161968067,1.42249656427702,-0.069447201292401
24.1167580935039,1.42236861936692,-0.069446036346176
24.1333999889509,1.422240356705,-0.0694448699279094
24.1500418831478,1.42211177603504,-0.0694437022328109
24.1666837760914,1.42198287710349,-0.0694425335457806
24.1833256677676,1.42185365966352,-0.0694413640696833
24.1999675581689,1.42172412347331,-0.0694401939544865
24.2166094472967,1.42159426829431,-0.069439023339907
24.2332513351533,1.42146409389039,-0.0694378523661864
24.2498932217271,1.42133360002924,-0.0694366811066436
24.2665351070127,1.42120278647949,-0.0694355096406193
24.2831769910162,1.42107165300934,-0.0694343380822224
24.2998188737579,1.42094019938651,-0.0694331665818062
24.3164607552492,1.42080842537752,-0.0694319953392007
24.3331026354655,1.42067633074672,-0.0694308246018835
24.3497445143739,1.42054391525974,-0.0694296545155583
24.3663863919655,1.42041117868139,-0.0694284851845532
24.3830282682494,1.42027812077439,-0.0694273167160541
24.3996701432375,1.42014474129891,-0.0694261492308236
24.4163120169392,1.42001104001171,-0.0694249828815081
24.4329538893606,1.41987701666511,-0.0694238178755744
24.4495957604843,1.41974267101068,-0.0694226543422933
24.4662376302942,1.41960800279717,-0.0694214923830607
24.4828794987841,1.41947301176923,-0.0694203321043552
24.4995213659545,1.41933769766711,-0.0694191736231975
24.5161632318153,1.41920206022703,-0.0694180170858592
24.5328050963871,1.41906609918268,-0.0694168627166062
24.549446959661,1.41892981426232,-0.0694157107471949
24.5660888216176,1.41879320518686,-0.0694145613698652
24.5827306822118,1.4186562716738,-0.06941341452581
24.5993725414366,1.41851901343576,-0.069412270142346
24.6160143993038,1.41838143017917,-0.069411128251302
24.6326562558413,1.41824352160233,-0.06940998904427
24.6492981110718,1.4181052873967,-0.0694088528135467
24.6659399649847,1.41796672725091,-0.0694077197984078
24.6825818175474,1.41782784085248,-0.069406590098789
24.6992236687384,1.4176886278845,-0.0694054637675884
24.7158655185531,1.41754908802404,-0.0694043408603853
24.7325073669948,1.41740922094178,-0.0694032214495713
24.7491492140698,1.41726902630214,-0.0694021056263808
24.7657910597866,1.41712850376307,-0.0694009935174295
24.7824329041438,1.41698765297564,-0.0693998853036539
24.7990747471192,1.41684647358794,-0.0693987810827363
24.8157165887013,1.41670496524391,-0.0693976809399006
24.8323584289031,1.4165631275844,-0.0693965850514218
24.8490002677336,1.41642096024402,-0.0693954936563921
24.865642105181,1.41627846284386,-0.0693944069120635
24.8822839412044,1.41613563500324,-0.069393324779525
24.8989257757839,1.41599247633875,-0.0693922472047668
24.915567608897,1.41584898646272,-0.0693911741843054
24.9322094405338,1.41570516498235,-0.0693901057531937
24.9488512707084,1.41556101149946,-0.0693890419758683
24.9654930994437,1.41541652561095,-0.0693879829402473
24.9821349267609,1.41527170690917,-0.0693869287620918
24.9987767526606,1.41512655498191,-0.0693858795888223
25.015418577123,1.41498106941424,-0.069384835526257
25.0320604001167,1.41483524978761,-0.0693837966597183
25.0487022216128,1.41468909567903,-0.069382763065356
25.0653440415909,1.41454260666071,-0.0693817348113898
25.0819858600467,1.41439578230029,-0.0693807119622958
25.0986276769837,1.41424862216158,-0.0693796945850453
25.1152694924052,1.41410112580544,-0.069378682760348
25.1319113063117,1.41395329279026,-0.0693776765951807
25.1485531186887,1.41380512267029,-0.069376676158623
25.1651949295043,1.41365661499658,-0.0693756815004428
25.1818367387342,1.41350776931771,-0.0693746926597547
25.198478546379,1.41335858518016,-0.0693737096922256
25.2151203524628,1.41320906212921,-0.069372732710848
25.2317621569924,1.41305919970528,-0.0693717617701481
25.2484039599385,1.41290899744556,-0.0693707969106223
25.2650457612564,1.41275845488549,-0.069369838168676
25.2816875609234,1.41260757155916,-0.0693688855757294
25.2983293589457,1.41245634699926,-0.0693679391683624
25.3149711553454,1.41230478073741,-0.0693669990037846
25.3316129501004,1.41215287230407,-0.0693660651477834
25.3482547431847,1.41200062122778,-0.0693651376529854
25.3648965345837,1.41184802703546,-0.0693642165609919
25.3815383242908,1.41169508925297,-0.0693633019090314
25.3981801123013,1.41154180740538,-0.0693623937342033
25.414821898669,1.4113881809084,-0.0693614849837559
25.4314636833888,1.41123420800774,-0.0693605706152855
25.448105466378,1.41107988537773,-0.0693596547813031
25.4647472475036,1.41092520889381,-0.0693587413709551
25.4813890265785,1.41077017412083,-0.0693578328646158
25.4980308033644,1.41061477656462,-0.0693569301381649
25.5146725776705,1.41045901179798,-0.0693560328253204
25.5313143493935,1.4103028755215,-0.0693551398902051
25.5479561185051,1.41014636359059,-0.0693542501403671
25.5645978849949,1.4099894720256,-0.0693533625487326
25.5812396488369,1.40983219701298,-0.0693524763715498
25.5978814099906,1.40967453490185,-0.0693515911306387
25.6145231684139,1.40951648219799,-0.0693507065433234
25.6311649240674,1.40935803555749,-0.0693498224534876
25.6478066769092,1.40919919177923,-0.0693489387390362
25.6644484268849,1.40903994779805,-0.0693480552555129
25.6810901739328,1.40888030067799,-0.0693471718038842
25.6977319179986,1.408720247607,-0.0693462881628553
25.7143736590407,1.40855978589184,-0.0693454041145525
25.7310153970324,1.40839891295321,-0.0693445194628168
25.7476571319445,1.4082376263214,-0.0693436340458544
25.7642988637143,1.40807592363195,-0.0693427477219813
25.7809405922915,1.40791380262067,-0.069341860354869
25.7975823176449,1.40775126111932,-0.0693409718198103
25.8142240397504,1.40758829705185,-0.0693400820094338
25.8308657585811,1.40742490843095,-0.0693391908340627
25.8475074741036,1.40726109335474,-0.069338298218622
25.8641491862809,1.40709685000347,-0.0693374040992548
25.880790895076,1.40693217663638,-0.0693365084214699
25.8974326004583,1.40676707158862,-0.069335611158648
25.9140743024051,1.40660153326831,-0.0693347123408901
25.9307160008766,1.40643556015406,-0.0693338119281912
25.9473576958361,1.40626915079192,-0.0693329098640615
25.96399938726,1.4061023037927,-0.0693320061102675
25.9806410751371,1.40593501782922,-0.0693311006598927
25.9972827594274,1.4057672916345,-0.0693301935277974
26.0139244400946,1.40559912399954,-0.0693292847330725
26.0305661171158,1.40543051377078,-0.0693283742987344
26.0472077904747,1.40526145984769,-0.0693274622542806
26.0638494601551,1.40509196118059,-0.0693265486364697
26.0804911261412,1.4049220167686,-0.0693256334888734
26.0971327884201,1.40475162565747,-0.0693247168659978
26.113774446961,1.40458078693791,-0.0693237988292092
26.1304161017377,1.40440949974383,-0.069322879439136
26.1470577527374,1.40423776325022,-0.0693219587713862
26.1636993999366,1.40406557667065,-0.0693210369361264
26.180341043313,1.40389293925711,-0.0693201140398602
26.1969826828431,1.4037198503004,-0.0693191901767715
26.2136243185047,1.4035463091235,-0.0693182653500059
