0,0,0
8.61246810075533e-13,-2.46630883535294e-07,7.89785414994469e-12
5.98864562097217e-12,-1.63603571550647e-06,5.91980675683765e-11
2.20477763530759e-11,-4.29255646776367e-06,1.77514043116834e-10
6.72485176054683e-11,-7.59770256250834e-06,3.64413666839785e-10
1.53861628565206e-10,-1.06799817781103e-05,6.37853038201196e-10
2.87652272668677e-10,-1.2742162577995e-05,1.02299183827132e-09
4.70979224769895e-10,-1.32144238477791e-05,1.54109371085134e-09
6.99192045185353e-10,-1.17823855158845e-05,2.20631212698701e-09
9.50972216774659e-10,-8.3442861853204e-06,3.00820089020794e-09
1.2109875838954e-09,-2.93782318540824e-06,3.91233601316114e-09
1.47124264838122e-09,4.33536590338152e-06,4.88573767063193e-09
1.72763013495155e-09,1.33693532847766e-05,5.90820845720331e-09
1.97798977852903e-09,2.40893398498109e-05,6.96982397675966e-09
2.22111001872923e-09,3.64631776427654e-05,8.0640149648247e-09
2.45627204142946e-09,5.04955452103638e-05,9.18292081358229e-09
2.68305529511827e-09,6.6213316106992e-05,1.0316571656616e-08
2.90124117117543e-09,8.36509756242901e-05,1.14543124203583e-08
3.11074605420931e-09,0.000102839939253709,1.2586428735156e-08
3.3115693725963e-09,0.000123803094798691,1.37049199291497e-08
3.50375830456617e-09,0.000146553683151421,1.48034138164126e-08
3.68537446738458e-09,0.000171096622065707,1.58609869435667e-08
3.84437845289695e-09,0.00019743101111766,1.67710563747589e-08
3.97131906097556e-09,0.000225552348212171,1.74241936427128e-08
4.10181430197008e-09,0.000255454458678938,1.81001231844691e-08
4.26459790274308e-09,0.000287131459664489,1.91007480833743e-08
4.48197092266978e-09,0.000320579054250134,2.05956623401167e-08
4.78235600679454e-09,0.000355795470507972,2.26030315552174e-08
5.16095494200359e-09,0.000392782179319261,2.49139210250092e-08
5.60891293128187e-09,0.00043154395181027,2.7315607853272e-08
6.0992595892002e-09,0.000472089411334393,2.96290541149043e-08
6.54236258700807e-09,0.00051443146978524,3.15504225744178e-08
6.8737775774803e-09,0.000558587445292727,3.28288849612986e-08
7.06488998028447e-09,0.000604577143518678,3.33562007216264e-08
7.12316970137613e-09,0.000652411298497664,3.31649361936914e-08
7.08302854232698e-09,0.000702027791704711,3.24216839400904e-08
7.06027055172095e-09,0.000753050974903318,3.14665692546066e-08
7.13563312501197e-09,0.000804682981287706,3.05657965125149e-08
7.29577382093641e-09,0.000856204319047919,2.98413381954492e-08
7.50582483536652e-09,0.000907304588442177,2.93236823512289e-08
7.70776215433302e-09,0.000958055545922441,2.89826161170333e-08
7.85795520380772e-09,0.00100868565569662,2.87248840161895e-08
7.95512501323011e-09,0.0010593541802369,2.84190205037501e-08
8.00946921807864e-09,0.00111007244530508,2.78870517549102e-08
8.03401248676898e-09,0.00116074816546922,2.69875244681971e-08
8.03445587319909e-09,0.00121127340014923,2.55739116703234e-08
8.01212006732196e-09,0.00126158494237619,2.35704136214181e-08
7.97338627877545e-09,0.00131167200631308,2.09873096722252e-08
7.92316905961824e-09,0.00136155034773127,1.78912979787159e-08
7.86668657586772e-09,0.00141123393101764,1.4364521248788e-08
7.80975646093227e-09,0.00146072248133261,1.0478555755809e-08
7.75867413276161e-09,0.00151000516104227,6.33304108500889e-09
7.72110834749681e-09,0.00155907078980459,2.17657831223321e-09
7.69643353516519e-09,0.00160791496608409,-1.79206998012809e-09
7.67914451759469e-09,0.00165654139732599,-5.48459562720201e-09
7.66500593481991e-09,0.00170495945092187,-8.89771807302388e-09
7.65353850630419e-09,0.0017531816438824,-1.20752362217647e-08
7.64702426534029e-09,0.00180122314405838,-1.50741819116384e-08
7.64827277852643e-09,0.00184910392013861,-1.79428662173183e-08
7.66106327804821e-09,0.00189685221740183,-2.06637534832693e-08
7.69226040493563e-09,0.00194450854344257,-2.30341323187542e-08
7.74174494361819e-09,0.00199213000256193,-2.48763765490385e-08
7.80503490071009e-09,0.00203979174480952,-2.61109584296554e-08
7.88036132166664e-09,0.00208753619960308,-2.67392465201174e-08
7.94501479289275e-09,0.00213489530199117,-2.67992741902304e-08
7.95659265070677e-09,0.00218071745059676,-2.63251300049071e-08
7.93070525912061e-09,0.00222413463259259,-2.53582611638863e-08
7.88337870310975e-09,0.00226468902609085,-2.40051955874062e-08
7.81674708637741e-09,0.00230215462459025,-2.2535487149756e-08
7.73766300982895e-09,0.00233643379760519,-2.11630387658214e-08
7.65584321604032e-09,0.00236752805224341,-1.99790329108021e-08
7.57830626440665e-09,0.00239556196301961,-1.89722235707187e-08
7.52828876693571e-09,0.00242080353446574,-1.80803249927401e-08
7.50684660036071e-09,0.00244358003876586,-1.72199586659294e-08
7.50133874581935e-09,0.00246412279863301,-1.63013264558283e-08
7.4923773960084e-09,0.00248249777450695,-1.52554741067619e-08
7.46483686377738e-09,0.00249865378051429,-1.40434078319999e-08
7.42029380680507e-09,0.00251250273158715,-1.26521273950261e-08
7.38548581290173e-09,0.00252396790856464,-1.11039247916772e-08
7.37332654274608e-09,0.00253299535378444,-9.49616584210527e-09
7.37615213598961e-09,0.00253954781529153,-8.09053576258386e-09
7.39044439940703e-09,0.00254359762851655,-7.09470187287617e-09
7.43027660110957e-09,0.00254512576673149,-6.54429700373432e-09
7.50877769134837e-09,0.00254412697501539,-6.17300233637263e-09
7.61733844761853e-09,0.00254061730214573,-5.71593622565444e-09
7.7345103239093e-09,0.00253464180518305,-5.01955445936404e-09
7.83048042999714e-09,0.00252628092630988,-4.08507390995829e-09
7.85925462735462e-09,0.00251565363702608,-3.22606562208235e-09
7.82420968435424e-09,0.00250291464297855,-2.72928446105035e-09
7.77003308679631e-09,0.00248824332282072,-2.75402900978819e-09
7.73743532604667e-09,0.00247182621577019,-3.30430939020532e-09
7.74929982222658e-09,0.00245383941278393,-4.13650284225578e-09
7.79533242005308e-09,0.00243443765692598,-5.00175952857652e-09
7.85306542411566e-09,0.00241375113262138,-5.75713261684898e-09
7.91129038540774e-09,0.00239188718911201,-6.32155997367009e-09
7.98169431236571e-09,0.00236893362535274,-6.57548736328757e-09
8.05097367061667e-09,0.00234496153596937,-6.6458139939716e-09
8.10291806012097e-09,0.00232002868837229,-6.77305752168542e-09
8.11552735126078e-09,0.00229418394654828,-7.32043185090256e-09
8.08596466120992e-09,0.00226747176000103,-8.53836931979196e-09
8.02660431641591e-09,0.00223993576064963,-1.04900955103113e-08
7.95858574193621e-09,0.00221162239423064,-1.31042816638798e-08
7.90914508062562e-09,0.00218258502177491,-1.6192493534599e-08
7.91834340667526e-09,0.00215288706812287,-1.93503401880489e-08
7.98552548762587e-09,0.00212260204359269,-2.22562526138214e-08
8.09223792638368e-09,0.00209181023029489,-2.46778811117925e-08
8.22981201953446e-09,0.00206059253180254,-2.63549512709513e-08
8.32606737958333e-09,0.00202902312077912,-2.75853831490518e-08
8.3491294950056e-09,0.00199716284281208,-2.87733458828715e-08
8.31926362085946e-09,0.00196505408173321,-3.0193166842116e-08
8.27512301840598e-09,0.00193271761297428,-3.19667041278499e-08
8.25262625350887e-09,0.0019001516364363,-3.40449143509555e-08
8.28281590321311e-09,0.00186733258530181,-3.61190491361195e-08
8.35460199877272e-09,0.00183421810260664,-3.7896590266318e-08
8.4267137056929e-09,0.00180075187805048,-3.92864371999626e-08
8.47404040131396e-09,0.00176687004063581,-4.03056223093885e-08
8.50108188549268e-09,0.00173250791858756,-4.10374312733077e-08
8.52239601636602e-09,0.00169760635918856,-4.15966025824143e-08
8.54606588582105e-09,0.00166211699845298,-4.2072116266241e-08
8.56993893620546e-09,0.00162600596462016,-4.24549654721749e-08
8.60132407765419e-09,0.00158925548227206,-4.25853003299592e-08
8.64600064149769e-09,0.0015518633543397,-4.22851236405791e-08
8.71090145170014e-09,0.00151384024848358,-4.13687690517134e-08
8.79390206160421e-09,0.00147520499919185,-3.97769784544758e-08
8.87174707583171e-09,0.00143597872962043,-3.75916621067545e-08
8.92116123077872e-09,0.00139617867954423,-3.50152480708222e-08
8.95852882217013e-09,0.00135581240447788,-3.20381494034915e-08
9.00293878071791e-09,0.00131487344195038,-2.85847946833503e-08
9.06028412796872e-09,0.00127333875962859,-2.4606332157413e-08
9.1291437189427e-09,0.00123116817894916,-2.01219715558017e-08
9.20322588744247e-09,0.0011883058028949,-1.52136442159656e-08
9.27691943356035e-09,0.00114468324691787,-9.97444339863079e-09
9.34413314470991e-09,0.00110022420896816,-4.52616042493097e-09
9.39185779910616e-09,0.00105485034374307,8.74737301440987e-10
9.42323593061266e-09,0.00100848926012221,6.035105438064e-09
9.45129607468553e-09,0.000961082198112518,1.08707570338244e-08
9.48566020088621e-09,0.000912588607676385,1.53752500174905e-08
9.52760956913094e-09,0.00086298747197942,1.95849570309373e-08
9.57359472305811e-09,0.000812276500448653,2.35624378835095e-08
9.6211199323059e-09,0.000760469465883268,2.74073517587755e-08
9.66790563970918e-09,0.000707592992016629,3.11955924541843e-08
9.71258612456561e-09,0.000653682238367978,3.49610196368211e-08
9.75197363487336e-09,0.000598775626364219,3.86442857916352e-08
9.77953766086304e-09,0.000542909301842629,4.20055054049577e-08
9.80724515843595e-09,0.0004861122539994,4.50626952337227e-08
9.8506409315052e-09,0.000428403947133161,4.81234993228761e-08
9.9027786433597e-09,0.000369793967106584,5.14402687929705e-08
9.93339757225718e-09,0.000310282585028492,5.47179253130283e-08
9.93573109695363e-09,0.000249862666131731,5.76442241676018e-08
9.9294759191389e-09,0.000188522594135959,6.02274308138359e-08
9.94357163138214e-09,0.000126250407176348,6.26240881863449e-08
9.99105682473029e-09,6.30386883219053e-05,6.51383015607812e-08
1.00590392515265e-08,-1.11066462760498e-06,6.80043099353515e-08
1.01211998498169e-08,-6.61820868056612e-05,7.12276807146537e-08
1.01496292708962e-08,-0.000132142889968563,7.43884456864673e-08
1.01532351787142e-08,-0.000198941488306663,7.71758391397068e-08
1.01480871689252e-08,-0.000266507247499596,7.96443736111541e-08
1.01474514648563e-08,-0.000334752278043614,8.19870673192264e-08
1.0159379408501e-08,-0.000403575112201918,8.44172747353615e-08
1.01857667623154e-08,-0.000472865838660693,8.71493267810376e-08
1.02051370594507e-08,-0.000542512166100047,9.0138909709718e-08
1.02036340245816e-08,-0.000612404882206537,9.32741234337749e-08
1.01878234396259e-08,-0.000682442537524955,9.64711521967298e-08
1.01713701358196e-08,-0.000752534942994292,9.96782989441631e-08
1.01659224119461e-08,-0.000822605257816319,1.02856659491728e-07
1.0171271982136e-08,-0.000892590586738223,1.05970007638732e-07
1.01799649365854e-08,-0.000962441106414587,1.0899750287232e-07
1.01856615952869e-08,-0.00103211796854878,1.11934303296958e-07
1.0186887661222e-08,-0.00110159125978612,1.14782437514717e-07
1.01858063552612e-08,-0.00117083940622558,1.17541465930501e-07
1.01884196597439e-08,-0.00123984743484335,1.20228398467173e-07
1.02087332318394e-08,-0.00130860328438175,1.22936449018166e-07
1.02528647671627e-08,-0.00137709329574542,1.25714819568084e-07
1.03108113652533e-08,-0.00144529900808302,1.28537426926424e-07
1.03675058702574e-08,-0.00151319639979572,1.31342071620977e-07
1.04088927504773e-08,-0.00158075733943436,1.3402188903391e-07
1.04187440508632e-08,-0.00164795239776062,1.36358383043938e-07
1.04053666872764e-08,-0.00171475467591985,1.38256768352621e-07
1.03875843396497e-08,-0.00178114337353166,1.39732966207986e-07
1.03781620291563e-08,-0.00184710692757832,1.4084584534199e-07
1.03777810954129e-08,-0.00191264523650987,1.41669858862096e-07
1.03807395674399e-08,-0.00197777044142274,1.42279520692714e-07
1.03813461930528e-08,-0.00204250671903578,1.42733724601925e-07
1.03770927383757e-08,-0.00210688898441776,1.43072090413181e-07
1.03707925972639e-08,-0.00217096055119635,1.43315841644382e-07
1.03726407709243e-08,-0.00223476998858684,1.43469546591445e-07
1.03857100953585e-08,-0.00229836748001033,1.43612510090382e-07
1.04044799690593e-08,-0.00236180127655345,1.43840899149671e-07
1.04213493977288e-08,-0.00242511441899791,1.44207600496257e-07
1.04292325731118e-08,-0.00248834204390767,1.44682793180922e-07
1.04287152356432e-08,-0.0025515102391643,1.45213059337253e-07
1.04233485335995e-08,-0.00261463606423283,1.45738322707675e-07
1.04097365745138e-08,-0.00267772889408968,1.46190369538723e-07
1.03950646275942e-08,-0.00274079212031779,1.46532521919783e-07
1.03855604436668e-08,-0.00280382589866174,1.46745503389909e-07
1.03812735295723e-08,-0.00286683056135535,1.46826706223498e-07
1.03788953152115e-08,-0.00292980991274908,1.46787449736125e-07
1.03756068884598e-08,-0.00299277282482207,1.46645559843575e-07
1.03706670287643e-08,-0.00305573232406111,1.46417486221515e-07
1.03640017941865e-08,-0.00311870452458759,1.46114765299169e-07
1.03538762867308e-08,-0.00318170880905705,1.45754031310906e-07
1.03405822853847e-08,-0.00324476829471305,1.45359769414794e-07
1.03269587215592e-08,-0.00330790904486182,1.4495250312326e-07
1.03176983455195e-08,-0.00337115766328317,1.4453355233747e-07
1.03150847680313e-08,-0.00343453721328944,1.44083738033451e-07
1.03229385779632e-08,-0.00349806285562882,1.43559246227881e-07
1.03380093321542e-08,-0.00356173893379617,1.42899520285285e-07
1.03537485875625e-08,-0.0036255566343593,1.42054107151924e-07
1.03665118414593e-08,-0.00368949315094434,1.40992010260671e-07
1.03750587045403e-08,-0.00375351210531898,1.39699057429021e-07
1.03762762245858e-08,-0.00381756495788403,1.38164437153841e-07
1.03757230125662e-08,-0.00388159334440514,1.36369892601313e-07
1.0387834270278e-08,-0.00394553264150656,1.34563902693321e-07
1.04146914815328e-08,-0.00400931539816766,1.33002773313758e-07
1.04448718151844e-08,-0.00407287480825487,1.31781301792088e-07
1.04592087664284e-08,-0.00413614780020326,1.30717742212551e-07
1.04525422427509e-08,-0.00419907720381086,1.29526767928032e-07
1.0422130240805e-08,-0.00426161298403863,1.27806454995152e-07
1.03767548829993e-08,-0.00432371263566314,1.25282407237274e-07
1.03455942055944e-08,-0.00438534055238176,1.22080694043963e-07
1.03817089029608e-08,-0.00444646649502342,1.1901081678058e-07
1.04421635012417e-08,-0.00450706403418183,1.16288109201756e-07
1.04787197549542e-08,-0.00456710848269115,1.13815083950954e-07
1.04732246129391e-08,-0.00462657488788709,1.11389899754627e-07
1.0420659875672e-08,-0.00468543655769672,1.08652158430641e-07
1.03361692175745e-08,-0.0047436652567633,1.05294137065092e-07
1.02450234605402e-08,-0.00480123428734306,1.01179948209891e-07
1.0166659445148e-08,-0.00485812146231204,9.6335018712334e-08
1.01098190436629e-08,-0.00491431002827127,9.09128312614035e-08
1.00689008717052e-08,-0.00496978843837266,8.50842234546978e-08
1.00319683708955e-08,-0.00502455056924666,7.89832781149064e-08
9.99403974590583e-09,-0.00507859692016711,7.27640434435582e-08
9.96432092790106e-09,-0.00513193638856263,6.66811974858346e-08
9.92899306171927e-09,-0.00518458766858022,6.07539002314276e-08
9.8790709227349e-09,-0.00523657966751068,5.49072828149618e-08
9.81660708871596e-09,-0.00528795097266094,4.90548874153091e-08
9.74785234404184e-09,-0.00533874852155688,4.30645569731493e-08
9.6860853694958e-09,-0.00538902565083352,3.68935744859012e-08
9.65327486518278e-09,-0.00543883959225026,3.07707396467524e-08
9.64081477851467e-09,-0.0054882489055236,2.48413409850361e-08
9.62178491025121e-09,-0.005537310887135,1.90410265946608e-08
9.58699967885807e-09,-0.00558607944884499,1.3290346611046e-08
9.55036186076794e-09,-0.00563460352609666,7.64460743418815e-09
9.52366739467242e-09,-0.00568292608271043,2.18694616888796e-09
9.51083903650609e-09,-0.00573108391602452,-2.97829129105683e-09
9.50581178498301e-09,-0.00577910816431907,-7.79048886493353e-09
9.50002512887747e-09,-0.00582702426628623,-1.22437904286323e-08
9.49003703157665e-09,-0.00587484947106571,-1.63522052505306e-08
9.47969377276238e-09,-0.00592259147065942,-2.00890911086705e-08
9.47230438942764e-09,-0.00597024942640994,-2.34319977476857e-08
9.46928947255384e-09,-0.00601781692983026,-2.63563169115363e-08
9.46447673126321e-09,-0.0060652846242583,-2.89319893737894e-08
9.44084025873148e-09,-0.00611264146890134,-3.15038798295521e-08
9.39788206321256e-09,-0.00615987437142745,-3.43722436979547e-08
9.34777082110802e-09,-0.00620696707406001,-3.76829645486345e-08
9.30700710024441e-09,-0.00625389880180776,-4.13727084937971e-08
9.29617944814603e-09,-0.00630064285406511,-4.50134343124509e-08
9.31360400569356e-09,-0.00634716542221789,-4.82050532742488e-08
9.34296992508495e-09,-0.00639342432120304,-5.07530821365475e-08
9.36442840303187e-09,-0.00643936789309895,-5.26943076730538e-08
9.3669297865176e-09,-0.00648493485876036,-5.42013080181007e-08
9.34298234934616e-09,-0.00653005503994974,-5.55920110855094e-08
9.30083948939617e-09,-0.00657465013532255,-5.71178996714554e-08
9.25464870996311e-09,-0.00661863552869631,-5.88912615284837e-08
9.21483701254235e-09,-0.00666192291162586,-6.09110396230942e-08
9.18734921119469e-09,-0.0067044232945645,-6.30990170113197e-08
9.17863057418261e-09,-0.0067460501441969,-6.52858747174018e-08
9.18450097065251e-09,-0.00678672257198435,-6.73321987163764e-08
9.19540895726421e-09,-0.00682636805573929,-6.91675560312494e-08
9.19736193871306e-09,-0.00686492486200626,-7.08275438379726e-08
9.15839030022943e-09,-0.00690234521767724,-7.26001798525602e-08
9.05399707368575e-09,-0.00693859822493869,-7.49182159220682e-08
8.89895656680236e-09,-0.00697366948834898,-7.80706366353853e-08
8.73463541499041e-09,-0.00700755786711452,-8.21009609658277e-08
8.61957573154463e-09,-0.00704027132556088,-8.66947258804595e-08
8.59015800545973e-09,-0.00707182331407246,-9.13366221873811e-08
8.6285490998183e-09,-0.00710223035700376,-9.56417972338324e-08
8.69033635908048e-09,-0.00713151036330707,-9.94361686898619e-08
8.73844492881268e-09,-0.00715968142806688,-1.02711612568021e-07
8.75841211303954e-09,-0.00718676119931616,-1.05553958215039e-07
8.75562441804341e-09,-0.00721276715552275,-1.08077370920549e-07
8.74384328924189e-09,-0.00723771715753148,-1.10381094451726e-07
8.73459355518298e-09,-0.00726163042896779,-1.12530562124768e-07
8.73203323088591e-09,-0.0072845287666869,-1.14559240157118e-07
8.73397340406208e-09,-0.00730643769238368,-1.16499368842602e-07
8.73826859533263e-09,-0.00732738736877408,-1.18390429539526e-07
8.74395622562344e-09,-0.00734741381423902,-1.20219341492697e-07
8.74752792053111e-09,-0.00736655920964911,-1.21910585794747e-07
8.74620781164964e-09,-0.00738487164826853,-1.23383929109233e-07
8.74042475373705e-09,-0.00740240436473106,-1.24590516043721e-07
8.73340568089067e-09,-0.00741921448559019,-1.25535414162806e-07
8.72793496656376e-09,-0.00743536138319453,-1.26264676780383e-07
8.72634135792497e-09,-0.00745090513088371,-1.26811220524226e-07
8.73746152266546e-09,-0.00746590507702852,-1.27124729706402e-07
8.7697546519729e-09,-0.00748041880956257,-1.27063471648935e-07
8.81656605593757e-09,-0.00749450081094979,-1.26536527193628e-07
8.86384985422804e-09,-0.00750820178110704,-1.25532793514279e-07
8.8959718265534e-09,-0.0075215685468375,-1.24125228928122e-07
8.90047587968722e-09,-0.0075346443530236,-1.22560470994446e-07
8.88541298090483e-09,-0.00754747034051188,-1.21054393195902e-07
8.86752217555913e-09,-0.00756008677543715,-1.19722024770342e-07
8.85754685002912e-09,-0.00757253197296336,-1.18590391192343e-07
8.85631686052741e-09,-0.00758484053132064,-1.17627645879043e-07
8.85901028729717e-09,-0.00759704338609105,-1.16775302744414e-07
8.86157166117746e-09,-0.00760916970601445,-1.15975455555794e-07
8.86454273646969e-09,-0.0076212489933477,-1.15196727308455e-07
8.86951344794067e-09,-0.00763331206816359,-1.14440679548109e-07
8.87897067482986e-09,-0.00764539039076193,-1.13735869824446e-07
8.8925487294185e-09,-0.00765751325287517,-1.13125325685306e-07
8.90819099395919e-09,-0.00766970476038282,-1.12647324157003e-07
8.92452108077848e-09,-0.00768198175027974,-1.12327785276214e-07
8.94231411003426e-09,-0.0076943525018617,-1.12165791347675e-07
8.96652015347839e-09,-0.00770681574793169,-1.12066016932614e-07
8.99808084829973e-09,-0.00771936041285601,-1.11876600040145e-07
9.01897439908217e-09,-0.00773196569070727,-1.11648682605218e-07
9.0232022651086e-09,-0.00774460091989677,-1.11466479717439e-07
9.01855845041163e-09,-0.00775722619959132,-1.11381385183085e-07
9.01640215886487e-09,-0.00776979369699924,-1.11388369886129e-07
9.02653742558716e-09,-0.00778224936717154,-1.11371473016311e-07
9.04436108785518e-09,-0.0077945350683673,-1.11255098524314e-07
9.0516446390286e-09,-0.0078065906015409,-1.11147032160005e-07
9.04155205760026e-09,-0.00781835546809792,-1.11162792586446e-07
9.01775359744339e-09,-0.00782977030946625,-1.11337228130122e-07
8.99104205201772e-09,-0.00784077798033203,-1.11611086568407e-07
8.97407122680822e-09,-0.0078513242588843,-1.11836192397976e-07
8.96859668606193e-09,-0.00786135806409054,-1.11877883592553e-07
8.96818891627005e-09,-0.00787083142212218,-1.11651271827991e-07
8.96593895945014e-09,-0.00787969926163065,-1.11115441752271e-07
8.95928050928853e-09,-0.00788791910925541,-1.10260638234089e-07
8.95066098661053e-09,-0.00789545081532162,-1.09115133816208e-07
8.94264803090056e-09,-0.00790225670760069,-1.07736623684165e-07
8.93590710953155e-09,-0.00790830352538777,-1.06179914327741e-07
8.92995196079577e-09,-0.00791356545815534,-1.04481463867611e-07
8.92429193695895e-09,-0.0079180257939767,-1.02660883755558e-07
8.91885149541335e-09,-0.00792167618559074,-1.00729220602699e-07
8.91377025180121e-09,-0.00792451490950799,-9.86960178698771e-08
8.90912478868292e-09,-0.00792654590076536,-9.65723813525196e-08
8.90485156121406e-09,-0.0079277787683973,-9.43709588918936e-08
8.89755354461978e-09,-0.00792822921180024,-9.2128840843123e-08
8.87634161199296e-09,-0.00792791924853552,-8.99665545585247e-08
8.84106331086501e-09,-0.00792687719183246,-8.79868244769119e-08
8.80443759109176e-09,-0.00792513715467146,-8.62384522700252e-08
8.78626697408858e-09,-0.00792273816240382,-8.4668543692571e-08
8.78985860636478e-09,-0.00791972305142187,-8.32135725474694e-08
8.80275331714515e-09,-0.00791613719025615,-8.18073349137752e-08
8.81244958615794e-09,-0.00791202714189319,-8.03806857790707e-08
8.81398537970585e-09,-0.00790743937195673,-7.88912062182146e-08
8.80449027929063e-09,-0.00790241920704552,-7.73786992410366e-08
8.775422937646e-09,-0.00789701048119775,-7.61036179073234e-08
8.73134203362652e-09,-0.00789125485819091,-7.5329386346154e-08
8.68481470669867e-09,-0.0078851916592363,-7.52060774415724e-08
8.64534088233147e-09,-0.00787885815942274,-7.57668098680887e-08
8.61755521839472e-09,-0.00787229016662385,-7.6898578707604e-08
8.61333755176475e-09,-0.0078655227872043,-7.8268550063257e-08
8.62877740364594e-09,-0.00785859143704882,-7.95907385720457e-08
8.64774637021438e-09,-0.00785153269973508,-8.07178665317278e-08
8.65492920941131e-09,-0.00784438489324883,-8.15989085069626e-08
8.65130836243106e-09,-0.0078371886816055,-8.22487303353771e-08
8.6458318270091e-09,-0.00782998722251262,-8.27323350955508e-08
8.64725190180957e-09,-0.0078228259499279,-8.31673351828157e-08
8.65197289711394e-09,-0.00781575170983782,-8.37585911255001e-08
8.6558936176539e-09,-0.00780880978226892,-8.46625741700307e-08
8.65471781071852e-09,-0.00780204016243013,-8.60198838834551e-08
8.63503375374916e-09,-0.00779547561587969,-8.81548453677587e-08
8.59532836256867e-09,-0.00778914111172836,-9.1223437603391e-08
8.55659227749925e-09,-0.00778305362735119,-9.50177822614554e-08
8.53412787891948e-09,-0.00777722158182639,-9.92561817893686e-08
8.53083375628814e-09,-0.00777164425542429,-1.03742741216822e-07
8.53923960235659e-09,-0.00776631154341115,-1.08344436212062e-07
8.55903391579217e-09,-0.00776120430328702,-1.1278419933167e-07
8.59412671829644e-09,-0.00775629568465943,-1.16686050413365e-07
8.6394232692535e-09,-0.00775155219121699,-1.19822464401208e-07
8.68482176554375e-09,-0.00774693487819132,-1.22145985129207e-07
8.71588997441408e-09,-0.0077424005498754,-1.2377935339962e-07
8.71641489812716e-09,-0.00773790277262766,-1.25126138065271e-07
8.69418834076368e-09,-0.00773339307936086,-1.26545648379478e-07
8.66983762250441e-09,-0.00772882193110741,-1.28213782626235e-07
8.66273579166856e-09,-0.0077241394631559,-1.30073231316024e-07
8.67516206496425e-09,-0.00771929579674451,-1.3198312919903e-07
8.69757863342144e-09,-0.00771424122387771,-1.33809249551898e-07
8.71953315499005e-09,-0.00770892633478071,-1.35458305086412e-07
8.73537213595009e-09,-0.00770330212917782,-1.36874254192518e-07
8.75034239482909e-09,-0.00769732014658827,-1.37968953617766e-07
8.77989567757587e-09,-0.00769093285561292,-1.3854594751567e-07
8.81000491097273e-09,-0.00768409466547637,-1.38632995662187e-07
8.82868428983003e-09,-0.00767676258674856,-1.38359220808876e-07
8.83676910612255e-09,-0.00766889812550709,-1.37857185653908e-07
8.84171944296977e-09,-0.00766047100516049,-1.37194467712983e-07
8.84883749605185e-09,-0.00765146177830694,-1.36360726880645e-07
8.85916221054355e-09,-0.0076418619730173,-1.35309441369009e-07
8.87122082645179e-09,-0.00763167248917713,-1.33993940365411e-07
8.87431409369392e-09,-0.0076209019392466,-1.32455344437721e-07
8.84394191328736e-09,-0.00760956577390795,-1.30957170677339e-07
8.79852516115203e-09,-0.00759768591367802,-1.29571986498373e-07
8.76236389290598e-09,-0.00758529028330211,-1.28283837139937e-07
8.74482886678668e-09,-0.00757241208320418,-1.27057564646833e-07
8.74407455107889e-09,-0.00755908872449248,-1.25832270286225e-07
8.75905455465108e-09,-0.00754536055730217,-1.24475805305336e-07
8.78216223103918e-09,-0.0075312700993903,-1.22893752071202e-07
8.80579698666925e-09,-0.00751686105306832,-1.21039235682348e-07
8.83066756004036e-09,-0.007502177404231,-1.18854443187337e-07
8.85714084311836e-09,-0.00748726272728655,-1.16320087120353e-07
8.88319021126539e-09,-0.00747215980227167,-1.13477858314408e-07
8.90488278321544e-09,-0.00745691058881062,-1.10473897758384e-07
8.91913818205898e-09,-0.00744155615619419,-1.07450199601955e-07
8.92525583804561e-09,-0.0074261368903176,-1.0445543368027e-07
8.92889721079129e-09,-0.0074106929588145,-1.01461792264096e-07
8.94138423427474e-09,-0.00739526491813549,-9.84624996657115e-08
8.96551451701598e-09,-0.00737989405266525,-9.55097665843985e-08
8.99486880708132e-09,-0.00736462271562481,-9.26679400381745e-08
9.01959270221561e-09,-0.00734949453918155,-8.99606563008e-08
9.0361194599603e-09,-0.00733455392677598,-8.73629177887251e-08
9.04396392750456e-09,-0.0073198435247598,-8.48170312889864e-08
9.05016170326987e-09,-0.00730540116187363,-8.2259430044544e-08
9.06871192843239e-09,-0.00729125871111721,-7.96914753018441e-08
9.09771414177863e-09,-0.00727744256797168,-7.71778079517654e-08
9.12174050551243e-09,-0.00726397391563362,-7.47848282156366e-08
9.13191607061815e-09,-0.00725086786560966,-7.25860648059875e-08
9.13681892416049e-09,-0.00723813211319388,-7.05108368826349e-08
9.14701548407227e-09,-0.00722576582677145,-6.83898232845074e-08
9.16963202294604e-09,-0.0072137593262223,-6.6098045557406e-08
9.20085949150121e-09,-0.00720209439429269,-6.36004004462711e-08
9.23205413508571e-09,-0.00719074502362161,-6.09181528309227e-08
9.25815924708478e-09,-0.00717967836217666,-5.80923446766199e-08
9.28008186038452e-09,-0.00716885545671029,-5.5162225298916e-08
9.30170854236293e-09,-0.00715823216875023,-5.2157673100733e-08
9.32826862746626e-09,-0.00714776022557659,-4.90670635417835e-08
9.36767008234522e-09,-0.00713738829292588,-4.5759558352043e-08
9.41836107407937e-09,-0.00712706308727989,-4.21244898165697e-08
9.46871826096347e-09,-0.00711673033690021,-3.81655903251233e-08
9.49886147584481e-09,-0.00710633557663035,-3.4106836477128e-08
9.50655174419124e-09,-0.00709582465975364,-3.01534610785053e-08
9.50383953950629e-09,-0.0070851441975464,-2.64036687668009e-08
9.50356358988442e-09,-0.00707424199232323,-2.28693482410005e-08
9.5115056177562e-09,-0.00706306742999713,-1.95120012311338e-08
9.52596816659921e-09,-0.00705157182963715,-1.62763497626879e-08
9.54176287266433e-09,-0.00703970923722406,-1.31283327212037e-08
9.55402460542657e-09,-0.00702743730018537,-1.00757517901642e-08
9.55582272087642e-09,-0.00701471974146254,-7.18819694305235e-09
9.54760829419635e-09,-0.0070015296651469,-4.52390531694293e-09
9.53526230424819e-09,-0.00698785090324047,-2.10862448459412e-09
9.53052786162235e-09,-0.00697367697730139,1.04537910391157e-10
9.55726193915221e-09,-0.00695900916195028,2.36022741271189e-09
9.62165549308843e-09,-0.0069438549237053,4.92607164157963e-09
9.70690140435833e-09,-0.00692822734193378,7.95190566804535e-09
9.78580739764329e-09,-0.00691214509191281,1.14195466231748e-08
9.82829886836691e-09,-0.00689563246630277,1.50759162890504e-08
9.83348834940227e-09,-0.00687871871401006,1.86849974263814e-08
9.82153023036373e-09,-0.00686143721710964,2.21144467085786e-08
9.81330945249669e-09,-0.00684382467333643,2.53202532513094e-08
9.81893804735661e-09,-0.00682592024859289,2.83158851337087e-08
9.83671292018724e-09,-0.0068077647042651,3.11449358106732e-08
9.85912711246474e-09,-0.00678939975372242,3.38525910948944e-08
9.8809117662556e-09,-0.00677086740349979,3.64810365579973e-08
9.90345769988395e-09,-0.00675220996723732,3.90985880316871e-08
9.92782420053518e-09,-0.00673346975394133,4.17518344178707e-08
9.95344204005727e-09,-0.00671468884987651,4.44535603596953e-08
9.97929178820551e-09,-0.00669590907834653,4.71924755785899e-08
1.00020131858188e-08,-0.00667717207405248,4.99096280152561e-08
1.00147255777302e-08,-0.00665851949128906,5.24430280113416e-08
1.00242521911616e-08,-0.00663999360767881,5.47480387908733e-08
1.00378902922319e-08,-0.00662163731955139,5.68465111242017e-08
1.00572319731224e-08,-0.0066034930181291,5.87765488720347e-08
1.00797365767415e-08,-0.00658559962382991,6.05742950397829e-08
1.01022414152848e-08,-0.00656799056531321,6.22648714368083e-08
1.01232751482073e-08,-0.00655069401956404,6.38607992788944e-08
1.0144505870922e-08,-0.00653373431626683,6.53888331016046e-08
1.01710262636029e-08,-0.00651713298875842,6.69541699122337e-08
1.02028792520221e-08,-0.00650090955520677,6.8641556765829e-08
1.0234997080864e-08,-0.00648508099938057,7.0460577526315e-08
1.02605957360606e-08,-0.00646965995158076,7.22965077723402e-08
1.02792895224144e-08,-0.00645465309290427,7.40238720773658e-08
1.02887416750725e-08,-0.00644006039559894,7.55625577002946e-08
1.02882044486302e-08,-0.00642587512535037,7.6832853241481e-08
1.02839092797536e-08,-0.00641208419079322,7.78087870755536e-08
1.02884243020693e-08,-0.00639866858395921,7.85384487227342e-08
1.03137460643549e-08,-0.00638560389792577,7.91915312698645e-08
1.03507778038278e-08,-0.00637286087114709,7.98014923106188e-08
1.03802747270177e-08,-0.00636040580752515,8.02916655968259e-08
1.0378928675699e-08,-0.00634820133043246,8.04953379928276e-08
1.03530697175881e-08,-0.00633620712397184,8.03359059684005e-08
1.03235797938322e-08,-0.00632438066820729,7.97658782555215e-08
1.03071517390508e-08,-0.00631267787486368,7.87931183801931e-08
1.03162905419157e-08,-0.00630105348746311,7.762288672986e-08
1.0345343177541e-08,-0.00628946185765111,7.64372273998622e-08
1.03799250609984e-08,-0.00627785760129567,7.53058822678514e-08
1.04094933267737e-08,-0.0062661960349563,7.42119596245686e-08
1.04314251488006e-08,-0.00625443352508481,7.30978725966272e-08
1.04483308719914e-08,-0.00624252792355238,7.18976846979759e-08
1.04639475762576e-08,-0.00623043902658016,7.05506611084929e-08
1.04810677552652e-08,-0.00621812926481602,6.90106847396659e-08
1.05014039217679e-08,-0.00620556528204212,6.72708052204868e-08
1.05232205434902e-08,-0.00619272143131784,6.53618734375823e-08
1.05447332084106e-08,-0.00617958226590335,6.33172903274158e-08
1.05696685534465e-08,-0.00616614222277289,6.11774340294583e-08
1.0593949760829e-08,-0.00615240417748097,5.89040142092084e-08
1.06147072935965e-08,-0.00613837760810353,5.64400400842465e-08
1.06338329726446e-08,-0.0061240771218416,5.37701179562897e-08
1.06522902677574e-08,-0.00610952194112898,5.09300786525049e-08
1.06696182285163e-08,-0.0060947357355314,4.79609251651169e-08
1.06858939918729e-08,-0.00607974631810887,4.4870133359671e-08
1.07027126889248e-08,-0.00606458509014869,4.16371532304214e-08
1.07211927753722e-08,-0.0060492863322082,3.82563159269811e-08
1.07402998694931e-08,-0.00603388651199908,3.4759151551723e-08
1.07580895059962e-08,-0.00601842369481297,3.11960625267515e-08
1.07735587974009e-08,-0.00600293691774306,2.76113461188533e-08
1.07870760169447e-08,-0.00598746572659983,2.40339214966439e-08
1.07994763128122e-08,-0.00597204976753778,2.04814851178584e-08
1.08108768133367e-08,-0.00595672835239754,1.69746130103321e-08
1.08209940092476e-08,-0.00594154061885985,1.35423191361131e-08
1.08302544091028e-08,-0.00592652582066417,1.02143420422608e-08
1.08419807617586e-08,-0.00591172308472101,6.98429888606596e-09
1.08572766030967e-08,-0.00589717084826128,3.80247717239363e-09
1.08745628642275e-08,-0.00588290453810708,6.15476717204837e-10
1.08905723646581e-08,-0.00586895391228774,-2.60767857125869e-09
1.08998481710063e-08,-0.00585534267363238,-5.84025399953059e-09
1.09022899146299e-08,-0.00584208986393042,-9.00514873795153e-09
1.09025734662396e-08,-0.00582921156096042,-1.20301078203455e-08
1.09062883842014e-08,-0.00581672190628154,-1.48927542664396e-08
1.09128593956843e-08,-0.00580463236408028,-1.76067438294496e-08
1.09214401639392e-08,-0.00579294995862946,-2.01979923090593e-08
1.09306756980852e-08,-0.00578167586505763,-2.26996163521662e-08
1.09394878340694e-08,-0.00577080490691291,-2.51365939097513e-08
1.09477462256597e-08,-0.00576032585066752,-2.75222771306827e-08
1.09535463034121e-08,-0.00575022176022274,-2.98978008155547e-08
1.09489760475456e-08,-0.00574047022638541,-3.24286746137896e-08
1.09376088189093e-08,-0.00573104351832438,-3.51868854270149e-08
1.09436389002973e-08,-0.0057219090419342,-3.78239621751228e-08
1.09740209524485e-08,-0.00571302953648927,-3.99890758616798e-08
1.10187523716475e-08,-0.00570436368726003,-4.15159149572098e-08
1.10737059268089e-08,-0.00569586697379043,-4.2304052930919e-08
1.11591436566404e-08,-0.00568749253185802,-4.19571083214726e-08
1.12677893325873e-08,-0.00567919235242397,-4.03138803369253e-08
1.13777449098255e-08,-0.00567091823345261,-3.74605192118646e-08
1.14603164238692e-08,-0.00566262262897732,-3.37603230418109e-08
1.14990825696098e-08,-0.00565425926651247,-2.97188510886436e-08
1.14983946058818e-08,-0.00564578380400214,-2.57954402390856e-08
1.14568396601583e-08,-0.00563715429876178,-2.25504881256039e-08
1.14011014775255e-08,-0.00562833185935305,-2.01988912093182e-08
1.13568231632617e-08,-0.00561928174720911,-1.86796883349962e-08
1.13321567369427e-08,-0.00560997524523138,-1.78060080050143e-08
1.13210283974506e-08,-0.00560039272093509,-1.73668053224927e-08
1.13162238141767e-08,-0.00559052482449173,-1.71585094920954e-08
1.13196951420749e-08,-0.00558037107669256,-1.69450654135335e-08
1.13245000254279e-08,-0.00556993746104661,-1.66296644004977e-08
1.13244690711867e-08,-0.00555923470917656,-1.62114055061159e-08
1.13201760237802e-08,-0.00554827752614018,-1.57118581822795e-08
1.13176201336127e-08,-0.00553708455512209,-1.51188132411724e-08
1.13146444125154e-08,-0.00552567890060196,-1.44762177311717e-08
1.13088681636209e-08,-0.00551408750231432,-1.38321617686575e-08
1.13003923785757e-08,-0.00550234053940364,-1.32121666722213e-08
1.12908243531469e-08,-0.00549047092773964,-1.26198492252873e-08
1.12821948677096e-08,-0.00547851384540713,-1.20355501391147e-08
1.12752438712489e-08,-0.00546650655970528,-1.14100590937501e-08
1.126832980353e-08,-0.00545448821750338,-1.06790461297728e-08
1.12595319903097e-08,-0.00544249956203234,-9.78881631868199e-09
1.12481278334975e-08,-0.00543058256555611,-8.70803673189235e-09
1.12316755787133e-08,-0.00541878002693093,-7.49278242418507e-09
1.12019404984393e-08,-0.00540713479957957,-6.39932977600637e-09
1.11611937291254e-08,-0.00539568768422618,-5.64638373353999e-09
1.11182786182119e-08,-0.00538447430416121,-5.33318151961061e-09
1.10801248284049e-08,-0.00537352360749198,-5.46257656693422e-09
1.1048369149359e-08,-0.00536285857572173,-5.98464940481426e-09
1.1020722207283e-08,-0.00535249799502659,-6.83569347190131e-09
1.09940095178535e-08,-0.00534245794798395,-7.96197755870285e-09
1.09674898110858e-08,-0.00533275250451852,-9.30455973896743e-09
1.09446083719996e-08,-0.00532339379432569,-1.0738383859486e-08
1.09255332378039e-08,-0.00531439160164322,-1.2169335836446e-08
1.09087428001941e-08,-0.00530575263611143,-1.35373978880608e-08
1.08953643513488e-08,-0.00529747980929004,-1.4741442969928e-08
1.08856964693932e-08,-0.00528957182021748,-1.56885414739236e-08
1.08814363334382e-08,-0.00528202310694881,-1.62214950488792e-08
1.08798766657563e-08,-0.00527482400440932,-1.6222025292069e-08
1.08765772452301e-08,-0.00526796072323973,-1.56942220801275e-08
1.08697050413173e-08,-0.00526141525054382,-1.47418872046755e-08
1.08760741569062e-08,-0.00525516555700954,-1.31426966831467e-08
1.09003051575095e-08,-0.00524918558018787,-1.06732058063899e-08
1.09337121876702e-08,-0.00524344539577551,-7.2281519837181e-09
1.09661141563644e-08,-0.00523791156680919,-2.80269316615266e-09
1.09864786038791e-08,-0.00523254756652334,2.4226400364484e-09
1.09746403326671e-08,-0.00522731425471547,7.87838785967463e-09
1.09322545153928e-08,-0.00522217067758134,1.3047684927206e-08
1.08725677042437e-08,-0.00521707479186277,1.7571456766273e-08
1.08121183227562e-08,-0.00521198433916408,2.13200787357947e-08
1.07604844790257e-08,-0.00520685774021923,2.43455262419595e-08
1.07178863792424e-08,-0.00520165507572201,2.67826766707042e-08
1.06794145761246e-08,-0.00519633839839278,2.87734581413163e-08
1.06401313216437e-08,-0.00519087221292357,3.04266541796268e-08
1.06000409726399e-08,-0.00518522440822323,3.18313240233653e-08
1.05670452777545e-08,-0.00517936870027335,3.31235866135985e-08
1.05427244238329e-08,-0.00517328824924497,3.43976166186339e-08
1.05225520395234e-08,-0.00516697679165631,3.56856376475973e-08
1.05013373837475e-08,-0.00516043707767819,3.69780844371052e-08
1.04766235825423e-08,-0.00515367816874787,3.82464006459763e-08
1.0448967131763e-08,-0.00514671354667609,3.94607384972651e-08
1.04173633694019e-08,-0.00513956020771953,4.05678818164352e-08
1.03739332092919e-08,-0.0051322383776759,4.14143750229308e-08
1.03207199118279e-08,-0.00512477143172058,4.18964061594246e-08
1.02703467455866e-08,-0.00511718559647757,4.20456309323555e-08
1.02342253271708e-08,-0.00510950947570239,4.1982008245746e-08
1.02106138695628e-08,-0.00510177377511012,4.17953948941098e-08
1.018779039575e-08,-0.00509401107344018,4.1484745055612e-08
1.01592035388782e-08,-0.00508625561219738,4.1046691213328e-08
1.01285502724006e-08,-0.00507854314545071,4.05374895164844e-08
1.00966696255605e-08,-0.00507091077165813,3.99587243831482e-08
1.00545614164248e-08,-0.0050633966759321,3.91177030961544e-08
1.00021003275471e-08,-0.00505603856652768,3.78381527055834e-08
9.95222565219456e-09,-0.00504887059637752,3.61114871712482e-08
9.92947927379415e-09,-0.00504192131130377,3.43206410650741e-08
9.93439992757351e-09,-0.00503521338639033,3.28244832651694e-08
9.94978119972309e-09,-0.00502876499453915,3.18063950691765e-08
9.95591611459545e-09,-0.00502259119283497,3.12318849960677e-08
9.93687327550817e-09,-0.00501670439757823,3.07799774222051e-08
9.90402922622948e-09,-0.00501111492667842,3.03125593123671e-08
9.88751043196794e-09,-0.00500583094457607,3.0152720690682e-08
9.89582647697532e-09,-0.00500085750035034,3.06359136134943e-08
9.91709531887203e-09,-0.00499619551563383,3.19448001884466e-08
9.93598705108714e-09,-0.00499184132774075,3.41214749860267e-08
9.93922529683466e-09,-0.00498778676804999,3.6994384564624e-08
9.9098944953203e-09,-0.00498401944574267,3.99205796745394e-08
9.85616522861364e-09,-0.00498052342252138,4.23571986458984e-08
9.80207072470685e-09,-0.00497727974938212,4.40903609369109e-08
9.76314493369579e-09,-0.00497426639131583,4.50925308574075e-08
9.74000103073203e-09,-0.00497145832789916,4.54572626657129e-08
9.72516270396562e-09,-0.00496882782902935,4.53617449125689e-08
9.71444091724988e-09,-0.00496634481232192,4.50502912217335e-08
9.70436742631951e-09,-0.00496397730535022,4.46932938122945e-08
9.69505833233757e-09,-0.00496169190319343,4.43804492078453e-08
9.69400239212348e-09,-0.00495945424054344,4.42352180005615e-08
9.70455784668686e-09,-0.00495722936317816,4.43911280798167e-08
9.72489917016639e-09,-0.0049549821497762,4.50045011527397e-08
9.74345000027958e-09,-0.00495267785117208,4.61097111428084e-08
9.73665984746989e-09,-0.00495028263966541,4.74444557978004e-08
9.69864041351564e-09,-0.00494776430506046,4.87208159491183e-08
9.64504699382853e-09,-0.00494509302876427,4.97418852984385e-08
9.59535039313324e-09,-0.00494224290070792,5.04322225910278e-08
9.56003119129334e-09,-0.00493919532040703,5.08256671514278e-08
9.5363043091515e-09,-0.0049359415196082,5.10169484601202e-08
9.51563971860946e-09,-0.00493248231305428,5.11032613540307e-08
9.49198632468314e-09,-0.00492882592870675,5.11520320466501e-08
9.46442563310171e-09,-0.00492498598806707,5.11959820681196e-08
9.43513369554676e-09,-0.00492098029757804,5.12432536611859e-08
9.40631116845101e-09,-0.00491683045382537,5.12904645644739e-08
9.37868361753529e-09,-0.00491256179287956,5.13321043109897e-08
9.35181664877782e-09,-0.00490820293706838,5.13649721673438e-08
9.32509905678584e-09,-0.0049037851953742,5.13890731440649e-08
9.29833835798028e-09,-0.00489934193600385,5.14068388340523e-08
9.27171149933353e-09,-0.00489490804885143,5.14219383808388e-08
9.24541506975675e-09,-0.00489051965965291,5.14382504703817e-08
9.21942709137073e-09,-0.00488621334065729,5.14591538222229e-08
9.19606945562627e-09,-0.00488202340882748,5.15338714913831e-08
9.17926597065334e-09,-0.00487797895155403,5.17944855156307e-08
9.15600916557289e-09,-0.00487410327092346,5.20709946318763e-08
9.12087738440809e-09,-0.00487041505689211,5.21462646136109e-08
9.08270374990976e-09,-0.00486693014806558,5.19570839077985e-08
9.06079029634997e-09,-0.00486366277332059,5.17870514772149e-08
9.0576642459537e-09,-0.00486062564117677,5.19353742646603e-08
9.06234890230962e-09,-0.00485782970930975,5.25743625134619e-08
9.06340420360437e-09,-0.00485528393844831,5.3757778210355e-08
9.05373574140644e-09,-0.00485299474520695,5.54136739994979e-08
9.028018031363e-09,-0.00485096524262188,5.72634218326489e-08
8.99356171610724e-09,-0.00484919486555319,5.91002973943805e-08
8.96726354394873e-09,-0.00484767934764076,6.09950440910406e-08
8.95500614884859e-09,-0.00484641075124624,6.30850991800195e-08
8.95138538331937e-09,-0.00484537755024697,6.54743533883263e-08
8.94819080479347e-09,-0.00484456469042726,6.82141831048714e-08
8.93815752493192e-09,-0.00484395359207117,7.12597151059614e-08
8.91306422353326e-09,-0.00484352216303456,7.43665217494156e-08
8.87573275655987e-09,-0.0048432453310086,7.73143028992395e-08
8.83521257560014e-09,-0.00484309551350797,7.99877297127773e-08
8.79849391434178e-09,-0.00484304312313928,8.23628679099733e-08
8.76725803909076e-09,-0.00484305706241924,8.4473389510387e-08
8.7392933421248e-09,-0.00484310520421943,8.63757455928374e-08
8.70985150878602e-09,-0.00484315483568963,8.8099918116686e-08
8.67159538343344e-09,-0.00484317318067467,8.95767871418552e-08
8.62253375031633e-09,-0.00484312794447004,9.07142987488709e-08
8.5621165774642e-09,-0.0048429879583661,9.13754511476564e-08
8.49630060094534e-09,-0.00484272350392557,9.14832298516071e-08
8.43134398176686e-09,-0.00484230678412536,9.10418051860212e-08
8.36991755518449e-09,-0.00484171351048634,9.01040159010828e-08
8.3156030991816e-09,-0.00484092635641937,8.87875724440276e-08
8.27977680315235e-09,-0.00483993740675314,8.73737308264328e-08
8.26057433021252e-09,-0.00483874789177156,8.60923675588387e-08
8.25055475931292e-09,-0.00483736598714928,8.51017705981918e-08
8.25216225525279e-09,-0.00483580485859807,8.4632263327131e-08
8.26207347053799e-09,-0.00483408123262875,8.48223525155623e-08
8.2742557490306e-09,-0.00483221497155626,8.57032649893847e-08
8.27787911056852e-09,-0.00483022904464541,8.71958010895899e-08
8.25621278799325e-09,-0.00482814935317586,8.8999014860375e-08
8.21302537387043e-09,-0.00482600447498355,9.08193572663211e-08
8.16765698518288e-09,-0.00482382529521201,9.25296895236149e-08
8.1423219500518e-09,-0.00482164463893006,9.42884827274355e-08
8.13828805325732e-09,-0.00481949602843311,9.62960024335561e-08
8.14230706773531e-09,-0.0048174109094701,9.86810436812734e-08
8.13912312345345e-09,-0.00481541593833939,1.01439245349441e-07
8.11634117685554e-09,-0.00481353233395024,1.04332053694445e-07
8.07766572074142e-09,-0.00481177722484194,1.07121850366203e-07
8.03483441389175e-09,-0.00481016526721262,1.09659264656714e-07
7.99728074367857e-09,-0.00480870942017511,1.11879173921086e-07
7.96791585222122e-09,-0.00480742100861597,1.13783258378982e-07
7.94525202236982e-09,-0.00480630949894231,1.15432568088943e-07
7.92470062073103e-09,-0.00480538240747708,1.16928650756228e-07
7.90201292569492e-09,-0.00480464533613754,1.1836977427632e-07
7.8754906593841e-09,-0.00480410164373905,1.19819894842469e-07
7.84517855254806e-09,-0.00480375182067419,1.21286146515235e-07
7.81379296830419e-09,-0.00480359311015975,1.22730636239103e-07
7.78380817163558e-09,-0.00480361954519592,1.24110822524398e-07
7.75555045037594e-09,-0.00480382221932263,1.25400646097254e-07
7.72782907497642e-09,-0.00480418957406384,1.265910474195e-07
7.69953816112057e-09,-0.00480470761332624,1.27681693209206e-07
7.66932244683813e-09,-0.00480535997772136,1.28649654486413e-07
7.6350934948478e-09,-0.00480612797010696,1.29410560747814e-07
7.60191119002362e-09,-0.00480699120306954,1.29981850618525e-07
7.57351551439136e-09,-0.00480792775830237,1.30419944244877e-07
7.54881248421316e-09,-0.00480891438052554,1.30777420350101e-07
7.52601537839601e-09,-0.00480992674055692,1.31113259105374e-07
7.50523544361245e-09,-0.00481093972982946,1.31524686312484e-07
7.47937071744478e-09,-0.00481192805722627,1.31975670141533e-07
7.44834973772844e-09,-0.00481286644240642,1.32383801523843e-07
7.41576822642404e-09,-0.00481372993132284,1.32690962183688e-07
7.38426302937217e-09,-0.0048144943548021,1.32870196216552e-07
7.35437473298142e-09,-0.00481513692180104,1.3291720377157e-07
7.32537882622105e-09,-0.00481563768885246,1.32839425241867e-07
7.2964518609934e-09,-0.00481598310573854,1.32648070327074e-07
7.26792512091428e-09,-0.00481616867055883,1.32354979243127e-07
7.2418468430105e-09,-0.00481619866791246,1.31981426452503e-07
7.21772554938333e-09,-0.00481608411608111,1.31558324126667e-07
7.19303527419837e-09,-0.00481584079028268,1.31112059391408e-07
7.16490725797511e-09,-0.00481548810009361,1.30647998713621e-07
7.13430326037761e-09,-0.00481504877552398,1.30151429396317e-07
7.10335614113904e-09,-0.00481454880939899,1.29603972502231e-07
7.07198045543287e-09,-0.00481401719562914,1.28982930923206e-07
7.0413631689654e-09,-0.00481348483555995,1.28277128347499e-07
7.01585321986803e-09,-0.00481298143806906,1.27538561967788e-07
6.99753247101721e-09,-0.00481253234449135,1.26836998110059e-07
6.98192336352543e-09,-0.00481215763691457,1.262342416941e-07
6.96490350563794e-09,-0.00481187338827555,1.25778289624058e-07
6.94320394169646e-09,-0.00481169318414728,1.25457960086065e-07
6.91841566632426e-09,-0.00481162905859474,1.25209318147942e-07
6.89501697413364e-09,-0.00481169164344052,1.24984092993237e-07
6.87665889955179e-09,-0.00481188993503614,1.24788989512367e-07
6.857479640694e-09,-0.00481223123137074,1.24488136515834e-07
6.83303663691891e-09,-0.00481272126035021,1.23969645751245e-07
6.80415711828523e-09,-0.00481336382671195,1.23188948119738e-07
6.77349788321517e-09,-0.00481416016099528,1.22124111863048e-07
6.74068065292273e-09,-0.00481510851735018,1.20697238101813e-07
6.70682883703357e-09,-0.00481620422990205,1.18870267756904e-07
6.67445526583006e-09,-0.00481743995752679,1.16686662521075e-07
6.64719771304904e-09,-0.00481880589430361,1.14282370503943e-07
6.63384986365452e-09,-0.00482028994581327,1.1201244913752e-07
6.63272264704445e-09,-0.00482187769656606,1.10164503437407e-07
6.63438429260851e-09,-0.00482355248973333,1.08844556042888e-07
6.62848403266624e-09,-0.00482529566690006,1.07956325950723e-07
6.61070975407594e-09,-0.00482708675397891,1.07327343489703e-07
6.58132440808052e-09,-0.00482890368307149,1.06722718889863e-07
6.54665787470268e-09,-0.00483072318680241,1.05974352651022e-07
6.51344097360202e-09,-0.0048325212236426,1.05015595362446e-07
6.48455211821358e-09,-0.00483427341255611,1.03856371171031e-07
6.45916414202123e-09,-0.00483595533729231,1.02546776908848e-07
6.43509589300268e-09,-0.00483754294351424,1.01145481009058e-07
6.41079543451633e-09,-0.00483901303770717,9.97002334301692e-08
6.38587033889575e-09,-0.00484034410082177,9.82406452941462e-08
6.36058113050723e-09,-0.00484151984443597,9.67795737537059e-08
6.33855753364166e-09,-0.00484253227692849,9.53665291935978e-08
6.33048813156409e-09,-0.00484338175518884,9.42132660434923e-08
6.33217968562758e-09,-0.00484407548070457,9.34450099147203e-08
6.32425617531872e-09,-0.00484462548021441,9.29168582479471e-08
6.30056811711814e-09,-0.00484504756415432,9.24533066780906e-08
6.27024079848747e-09,-0.00484536101947615,9.19799550330711e-08
6.24305205054859e-09,-0.00484558826687322,9.14827788587232e-08
6.22242696608198e-09,-0.00484575438252486,9.09768421715432e-08
6.20287782724968e-09,-0.00484588517909997,9.04279249144175e-08
6.1728489136415e-09,-0.0048460037393914,8.96380956738756e-08
6.13896595274446e-09,-0.00484612839722648,8.86157926248504e-08
6.1093276554032e-09,-0.00484627272118575,8.74527483784866e-08
6.08592903780425e-09,-0.00484644702804038,8.62328940044344e-08
6.06622075289756e-09,-0.00484665982638971,8.50123559375541e-08
6.04558908272267e-09,-0.00484691839400259,8.37928405866275e-08
6.01854771924121e-09,-0.0048472286896237,8.24691740525486e-08
5.98657381387016e-09,-0.00484759518173888,8.09664669709421e-08
5.95719872385384e-09,-0.00484802082264881,7.93423576246668e-08
5.93259230128523e-09,-0.00484850737456666,7.76777065060092e-08
5.90763770996796e-09,-0.00484905566257917,7.60114411114429e-08
5.87894148208498e-09,-0.00484966584092206,7.43285583558529e-08
5.85049141314161e-09,-0.0048503374732398,7.25900324356555e-08
5.83285880612216e-09,-0.00485106942162,7.0801631995113e-08
5.8288554979133e-09,-0.00485185963011072,6.91236808164214e-08
5.84295029589208e-09,-0.00485270458934474,6.80575390994421e-08
5.8748775305055e-09,-0.00485359871808535,6.80753084428913e-08
5.92594900290877e-09,-0.00485453437340888,6.95413068436122e-08
5.96027345255571e-09,-0.00485550248245596,7.2083967668516e-08
5.96177866007797e-09,-0.0048564927163857,7.52470858160836e-08
5.94287133118163e-09,-0.00485749370292048,7.88876061592374e-08
5.92024971807949e-09,-0.00485849313347872,8.29786070834072e-08
5.90312910078802e-09,-0.00485947793050878,8.75227608825001e-08
5.88465003115273e-09,-0.00486043451837232,9.25018146261426e-08
5.86254247837671e-09,-0.0048613489668076,9.78201862186668e-08
5.83118380712545e-09,-0.00486220691289584,1.03218291205939e-07
5.79112247877331e-09,-0.00486299580539122,1.08476731895307e-07
5.74751353220231e-09,-0.00486370867094693,1.13462733359021e-07
5.70493615454086e-09,-0.00486434684970344,1.18077758485651e-07
5.66802479007693e-09,-0.00486491916045867,1.22285322534296e-07
5.63730549689351e-09,-0.00486543751188501,1.26114138712521e-07
5.61095886855532e-09,-0.00486591216491501,1.29656363340855e-07
5.58605631036609e-09,-0.00486634944981102,1.32994503591054e-07
5.56124807419908e-09,-0.00486675269626729,1.36180653563395e-07
5.53391264804148e-09,-0.0048671241621945,1.39233753890345e-07
5.50505322836275e-09,-0.0048674662339045,1.42166449586148e-07
5.4810069257603e-09,-0.00486778149074338,1.45086066225371e-07
5.46628837463018e-09,-0.00486807262582979,1.48165955179118e-07
5.4576644083111e-09,-0.00486834188430625,1.5151633676778e-07
5.44873470494528e-09,-0.0048685909167256,1.55162495804103e-07
5.43338314154285e-09,-0.00486882093882381,1.59023141314738e-07
5.40516968579877e-09,-0.00486903289616513,1.62822296808524e-07
5.36724336208361e-09,-0.0048692276652629,1.66320000255667e-07
5.32588378303873e-09,-0.0048694061131597,1.69391149980466e-07
5.28141135164172e-09,-0.00486956909478167,1.7198756896441e-07
5.23641568596881e-09,-0.00486971743660004,1.74099068348078e-07
5.19402229618249e-09,-0.00486985192986891,1.75742039189037e-07
5.15459421922878e-09,-0.00486997332936532,1.76945505673156e-07
5.11611424470208e-09,-0.00487008222896,1.77736169617452e-07
5.0766183977797e-09,-0.00487017874494008,1.78129013675641e-07
5.03585000997683e-09,-0.00487026314841873,1.78126005838234e-07
4.99592482173955e-09,-0.00487033643446805,1.77721930031382e-07
4.96086652988399e-09,-0.00487039961669775,1.76921443515349e-07
4.93011412624055e-09,-0.00487045339958828,1.75744626178698e-07
4.90113235088755e-09,-0.00487049809725899,1.74217024986998e-07
4.87510842418208e-09,-0.00487053357823564,1.72374583521272e-07
4.85413813972623e-09,-0.0048705595279362,1.7027439334422e-07
4.83676994074937e-09,-0.00487057556115687,1.67987236175614e-07
4.81817443765059e-09,-0.00487058117014816,1.65577674874041e-07
4.79265181084612e-09,-0.00487057589652059,1.63079738345741e-07
4.76575049787376e-09,-0.00487055935065683,1.60502215461697e-07
4.75410436613444e-09,-0.00487053114188802,1.57894517438182e-07
4.7568592297308e-09,-0.00487049080751956,1.55352604556053e-07
4.76093692200355e-09,-0.00487043773766279,1.52951813082479e-07
4.75869824316261e-09,-0.00487037133269279,1.50780112020617e-07
4.74704722665373e-09,-0.00487029091501249,1.48903779432613e-07
4.71908748791361e-09,-0.00487019568692446,1.47319877593907e-07
4.6842836629381e-09,-0.00487008467496612,1.46057679884876e-07
4.66042087999227e-09,-0.00486995662101799,1.45394563088619e-07
4.6425284192128e-09,-0.00486981019920307,1.45293661721209e-07
4.62508682247064e-09,-0.00486964395741963,1.45685775117317e-07
4.61683335260719e-09,-0.00486945640001729,1.46844532252309e-07
4.61879123253036e-09,-0.00486924584279931,1.49004145369448e-07
4.62689191522588e-09,-0.00486901033418463,1.52288520441914e-07
4.63973813763116e-09,-0.00486874765185549,1.56808771375357e-07
4.64278804492646e-09,-0.00486845550047356,1.6219869347995e-07
4.61661026391458e-09,-0.00486813133021578,1.67646680630105e-07
4.55959722749946e-09,-0.00486777242500504,1.72343962982012e-07
4.49126587954737e-09,-0.00486737602945037,1.7586836372763e-07
4.4354992477742e-09,-0.00486693962654164,1.78270372114541e-07
4.40044382816528e-09,-0.00486646267181065,1.79818838309847e-07
4.37747956983112e-09,-0.00486594928645384,1.80803622452077e-07
4.35120349490974e-09,-0.00486541270996217,1.81430396054367e-07
4.31890278647238e-09,-0.00486488009549969,1.81830298212607e-07
4.29207397482974e-09,-0.00486439590858621,1.82194265119495e-07
4.27307048143613e-09,-0.00486402317017742,1.82634234995729e-07
4.25368028292314e-09,-0.00486384183074138,1.83078865287416e-07
4.22950142280663e-09,-0.00486394455151462,1.83401811574495e-07
4.19945742539979e-09,-0.00486443058126453,1.83458522770006e-07
4.16044258165142e-09,-0.0048653980587761,1.8299114192264e-07
4.1198136795584e-09,-0.00486693544112182,1.81869686454347e-07
4.0979218941064e-09,-0.00486911349695676,1.80237998630101e-07
4.09271556968667e-09,-0.00487197857347444,1.78273093618328e-07
4.07457697622097e-09,-0.00487554778264393,1.76141058641264e-07
4.03212646292276e-09,-0.00487980642229525,1.73997054991151e-07
3.97351151504178e-09,-0.00488470806397048,1.71895450520055e-07
3.90542960459609e-09,-0.00489017749614629,1.69660794816163e-07
3.8396664266288e-09,-0.00489611652727015,1.67159066700106e-07
3.79496074705339e-09,-0.00490241169861328,1.64485382487861e-07
3.76929938845492e-09,-0.00490894237747153,1.61766860542876e-07
3.74874720449074e-09,-0.00491558797466508,1.59144952204528e-07
3.72436802928028e-09,-0.00492223345466438,1.56771882279477e-07
3.69497766582728e-09,-0.00492877267356148,1.54757751107373e-07
3.66113734424815e-09,-0.00493510948056968,1.53146650878458e-07
3.61989955748077e-09,-0.00494115735616738,1.51880371219893e-07
3.57409032533807e-09,-0.00494683658096654,1.50824267482814e-07
3.53032699652447e-09,-0.00495207015243862,1.49864854593789e-07
3.49137810361776e-09,-0.00495677935751962,1.48950619977253e-07
3.45543483417724e-09,-0.00496087951716603,1.48072449161437e-07
3.41927142079278e-09,-0.00496427734245659,1.4723334439178e-07
3.39640650721195e-09,-0.00496687141052066,1.4652756504866e-07
3.43939600137935e-09,-0.00496855521157503,1.46387296768536e-07
3.55772942430514e-09,-0.00496922027328029,1.47177413447978e-07
3.71662137075315e-09,-0.00496875863663015,1.49008710111941e-07
3.85045068435993e-09,-0.00496706563352312,1.51638382667771e-07
3.9237060445785e-09,-0.00496404388869536,1.54712010396678e-07
3.91491338409701e-09,-0.00495960791676141,1.57743771246514e-07
3.84843545458207e-09,-0.00495368829560274,1.60472037018305e-07
3.77723078880495e-09,-0.00494623484856674,1.6307674940851e-07
3.74094385501254e-09,-0.00493721807210402,1.65806448053202e-07
3.75595110344561e-09,-0.0049266287716346,1.68882121134065e-07
3.81169987983989e-09,-0.00491447591525452,1.72480513383048e-07
3.82765705430985e-09,-0.0049007828713865,1.7624103141066e-07
3.76877607960328e-09,-0.0048855822756477,1.79740830396575e-07
3.6584843802857e-09,-0.00486891040549633,1.82697690187439e-07
3.51849179562946e-09,-0.00485080183517241,1.8490659445438e-07
3.37486069847659e-09,-0.00483128515210656,1.86287485968591e-07
3.24728540446608e-09,-0.00481038048740538,1.86869603208812e-07
3.13981933443203e-09,-0.00478809898888688,1.86740154460641e-07
3.04977196451215e-09,-0.00476444416356793,1.86047080220225e-07
2.98417888035621e-09,-0.00473941466165663,1.85089603391802e-07
2.9363198795665e-09,-0.00471300822933336,1.84100820028774e-07
2.89178286862034e-09,-0.00468522621741419,1.83182976791363e-07
2.84062897552222e-09,-0.00465607809066029,1.82337838946557e-07
2.7798821032663e-09,-0.00462558542236212,1.81496425302347e-07
2.70874065008855e-09,-0.00459378580380671,1.80519558823281e-07
2.62557164839958e-09,-0.00456073537339379,1.79259138591927e-07
2.51539714800418e-09,-0.00452650966318471,1.77500413048872e-07
2.38375910401917e-09,-0.00449120220374936,1.75091218389642e-07
2.25015067450715e-09,-0.0044549209902971,1.71981476498156e-07
2.1418953198199e-09,-0.00441778317973462,1.68232424960513e-07
2.10322012487803e-09,-0.0043799090860718,1.64154378878343e-07
2.13539165804337e-09,-0.0043414170844715,1.6029806323704e-07
2.19323261115918e-09,-0.00430241870350853,1.57076610213488e-07
2.22819289896283e-09,-0.00426301395596392,1.54663335938587e-07
2.21166346890778e-09,-0.00422328801654789,1.53028468837469e-07
2.1568518815331e-09,-0.0041833111571559,1.51993064257598e-07
2.09100572388003e-09,-0.00414314202683827,1.51187008318688e-07
2.03739819480772e-09,-0.00410283337191943,1.50103474479865e-07
2.00238903326715e-09,-0.00406243737977899,1.48480272788223e-07
1.98487018016478e-09,-0.00402201012232055,1.46456860914274e-07
1.97136714470764e-09,-0.00398161493565305,1.44282300716509e-07
1.94145782918507e-09,-0.00394132491729673,1.42144467937173e-07
1.89650592162036e-09,-0.00390122423542895,1.40131429409538e-07
1.85119097837101e-09,-0.00386140793031945,1.38269256480448e-07
1.80862885968825e-09,-0.00382197996306366,1.36546264182782e-07
1.76622485809892e-09,-0.00378305007809544,1.3492277367549e-07
1.72265396018259e-09,-0.00374472973010602,1.33351313199622e-07
1.67972582492491e-09,-0.0037071278407297,1.31791242834571e-07
1.64047283795531e-09,-0.00367034639332122,1.30213925456889e-07
1.60699117721057e-09,-0.00363447704346968,1.28592034364793e-07
1.57881925051303e-09,-0.0035995989839681,1.26894142324112e-07
1.55471713075428e-09,-0.00356577808152124,1.25083186574244e-07
1.53194859150399e-09,-0.00353306730514858,1.23119072653462e-07
1.50838315509047e-09,-0.00350150871600986,1.20969434847981e-07
1.48436368952686e-09,-0.00347113637447191,1.18612246826058e-07
1.46007455013712e-09,-0.00344197978627521,1.16034915440965e-07
1.43037632327359e-09,-0.00341406743852164,1.13251400803156e-07
1.39290675500449e-09,-0.00338742991919416,1.1025345147321e-07
1.34126343457296e-09,-0.00336210217037732,1.06865913568296e-07
1.26675100926166e-09,-0.00333812438497516,1.0292953741566e-07
1.16888803508751e-09,-0.00331554130105242,9.82909300706363e-08
1.06230192206481e-09,-0.0032943993464957,9.3003409441128e-08
9.76659947795035e-10,-0.003274741876142,8.75856675138888e-08
9.28455271215502e-10,-0.00325660440956826,8.24840681309702e-08
9.02135635998274e-10,-0.00324001030870915,7.78258006250668e-08
8.71150565573013e-10,-0.00322496642472288,7.3569958289045e-08
8.08949159936603e-10,-0.00321145962040826,6.96392562809591e-08
7.16073193690669e-10,-0.0031994542267308,6.59789110084592e-08
6.10628571553099e-10,-0.0031888907081754,6.25578267597111e-08
5.13587402970932e-10,-0.00317968593172205,5.93598941294567e-08
4.43947414696925e-10,-0.00317173533204048,5.63596967132886e-08
3.9798553641316e-10,-0.00316491689997469,5.35186760935125e-08
3.59593911414644e-10,-0.00315909632361791,5.0807593181076e-08
3.16806642274678e-10,-0.00315413242077328,4.82141294825727e-08
2.67615118309842e-10,-0.00314988234029639,4.57363299454151e-08
2.15751504440708e-10,-0.00314620561774189,4.33727663662779e-08
1.64245081803933e-10,-0.00314296695031778,4.11169240172885e-08
1.1295854533408e-10,-0.00314003783479843,3.89571153269177e-08
6.04732356241998e-11,-0.00313729694962425,3.68794267385949e-08
6.82869232762546e-12,-0.0031346297749199,3.48707608306355e-08
-4.59126380722264e-11,-0.00313192767123922,3.29204372769605e-08
-9.93776828318821e-11,-0.00312908672867976,3.09962368971799e-08
-1.6676751675986e-10,-0.0031260074296259,2.89836869169054e-08
-2.52718409447603e-10,-0.00312259595357782,2.67885303205494e-08
-3.52949766052213e-10,-0.0031187648064229,2.43696384315366e-08
-4.55852304440487e-10,-0.00311443192201242,2.17520902400573e-08
-5.40167349852883e-10,-0.00310951943144897,1.90692125292653e-08
-5.98645232198325e-10,-0.00310395363854347,1.64428413799388e-08
-6.37555559826845e-10,-0.00309766633258913,1.39388959554704e-08
-6.68132395624208e-10,-0.00309059704055614,1.15732479088867e-08
-6.98414228264733e-10,-0.00308269547089474,9.33061165530855e-09
-7.30218309910534e-10,-0.00307392354183736,7.192806675202e-09
-7.79839077282182e-10,-0.00306425637008539,5.09467204157508e-09
-8.77751834130729e-10,-0.00305368249703833,2.79760938401103e-09
-1.02303470282118e-09,-0.00304220309787515,1.04257500157055e-10
-1.19086399269709e-09,-0.00302983029336779,-3.0692493448693e-09
-1.34690524383327e-09,-0.00301658467150736,-6.66709176607552e-09
-1.45008763735863e-09,-0.00300249231381837,-1.04133646267713e-08
-1.49320975791263e-09,-0.00298758204138708,-1.40312444526204e-08
-1.49334373013497e-09,-0.00297188289002776,-1.72980522815245e-08
-1.49241250942201e-09,-0.00295542243894738,-2.01970109197236e-08
-1.51847673069411e-09,-0.00293822561194068,-2.28113744156345e-08
-1.57457418706527e-09,-0.00292031446959183,-2.52415666485244e-08
-1.64750807348439e-09,-0.00290170905324883,-2.75692413021699e-08
-1.72111771308676e-09,-0.00288242908115102,-2.98435401690022e-08
-1.78566650992556e-09,-0.00286249612978519,-3.20831072851996e-08
-1.84027068691758e-09,-0.00284193607428327,-3.42858718041279e-08
-1.88994284019056e-09,-0.00282078143721697,-3.64401251099256e-08
-1.9394389421231e-09,-0.00279907329984832,-3.85323188518175e-08
-1.98829765796752e-09,-0.00277686249177015,-4.05448360846549e-08
-2.03712600966396e-09,-0.00275420985151809,-4.24566830441196e-08
-2.08592619463655e-09,-0.0027311854419521,-4.42480967422567e-08
-2.13507415252382e-09,-0.00270786683512474,-4.59030986635515e-08
-2.1818993121005e-09,-0.00268433719538143,-4.73877251897307e-08
-2.21771575843658e-09,-0.00266068279853508,-4.85886721961256e-08
-2.24462646785386e-09,-0.00263699022299113,-4.94149633884977e-08
-2.27430127686233e-09,-0.00261334401214992,-4.98400068823651e-08
-2.31325607179064e-09,-0.00258982500928454,-4.98908672772156e-08
-2.36248696249555e-09,-0.00256650950015231,-4.96414429528337e-08
-2.42457072106856e-09,-0.00254346921000429,-4.92510466765353e-08
-2.49601702207493e-09,-0.00252077216431941,-4.88617125534189e-08
-2.5676171372482e-09,-0.00249848415859204,-4.85635599069e-08
-2.63573200029425e-09,-0.0024766705883938,-4.84392379238123e-08
-2.71083509285364e-09,-0.00245539834035354,-4.86974655090562e-08
-2.79712893925286e-09,-0.0024347371020225,-4.95136968587852e-08
-2.89061773618007e-09,-0.00241475831590888,-5.09522655648499e-08
-2.96932997484178e-09,-0.00239553295918154,-5.26463609505523e-08
-3.02976440631393e-09,-0.00237713073046061,-5.42086278724892e-08
-3.0842376589089e-09,-0.00235962047323045,-5.54412776175014e-08
-3.14340918859389e-09,-0.00234307046599787,-5.63022018525368e-08
-3.20745197299216e-09,-0.00232754753598895,-5.68450931688887e-08
-3.27237904438129e-09,-0.00231311507623257,-5.7163525332088e-08
-3.33558150926127e-09,-0.00229983071014287,-5.73434590697214e-08
-3.39731805785453e-09,-0.00228774436477568,-5.74430717088e-08
-3.45934736027402e-09,-0.00227689716031245,-5.74928455699274e-08
-3.52286476197546e-09,-0.00226732100998234,-5.75042943883834e-08
-3.58872635150356e-09,-0.00225903897616762,-5.7503391768801e-08
-3.65923067326245e-09,-0.00225206631493239,-5.75973044810309e-08
-3.73255954392654e-09,-0.00224641181486984,-5.78748520230381e-08
-3.80842097414821e-09,-0.00224207956314647,-5.83722269316011e-08
-3.89485342976539e-09,-0.0022390708144985,-5.90388172847471e-08
-3.9861998388846e-09,-0.00223738506759965,-5.96954569583724e-08
-4.06590468711687e-09,-0.00223701985366624,-6.02009616373315e-08
-4.13093126046338e-09,-0.00223797003895758,-6.0493901310898e-08
-4.18975102895871e-09,-0.00224022668905527,-6.05128845320204e-08
-4.25094113050923e-09,-0.00224377595054053,-6.02265566362422e-08
-4.31668548569851e-09,-0.00224859790298391,-5.9631349859928e-08
-4.38309104458661e-09,-0.00225466512431604,-5.87938555628036e-08
-4.44994167170317e-09,-0.00226194105511837,-5.80758852528289e-08
-4.52857038560273e-09,-0.00227037817100136,-5.78057258912985e-08
-4.62138379734783e-09,-0.00227991656024441,-5.81327623337418e-08
-4.71809987684062e-09,-0.00229048338344934,-5.90137265776967e-08
-4.79881224183128e-09,-0.00230199334070286,-6.01579325746951e-08
-4.85970979124506e-09,-0.00231434968902025,-6.12903996452434e-08
-4.9098888585384e-09,-0.00232744624652986,-6.22545230953414e-08
-4.9613445548513e-09,-0.00234117009418033,-6.30374766241292e-08
-5.02801369567043e-09,-0.00235540458577698,-6.37598845500911e-08
-5.1031276868789e-09,-0.00237003305285906,-6.4458608167661e-08
-5.17648826666039e-09,-0.00238494226764391,-6.51324852308672e-08
-5.24374055293562e-09,-0.00240002496027787,-6.57770438105852e-08
-5.3060372232958e-09,-0.00241518181899288,-6.63897297147743e-08
-5.36875980952152e-09,-0.00243032325928282,-6.69866816762463e-08
-5.44035745334021e-09,-0.00244537199937128,-6.76368517891329e-08
-5.51887936829824e-09,-0.00246026558232689,-6.83501209851944e-08
-5.5944772956344e-09,-0.00247495605561123,-6.90171429788245e-08
-5.64964129653137e-09,-0.00248940663310463,-6.93697448414647e-08
-5.69061214347446e-09,-0.00250358757235594,-6.92175319822823e-08
-5.7270137704708e-09,-0.00251747307350577,-6.85420235432464e-08
-5.77109955897594e-09,-0.0025310395513193,-6.74776236057673e-08
-5.82743034798014e-09,-0.00254426514799924,-6.61406385046344e-08
-5.89334735312108e-09,-0.00255712998572167,-6.45885179462774e-08
-5.9598344960601e-09,-0.00256961673080997,-6.28149464642743e-08
-6.01599375513402e-09,-0.00258171134037682,-6.07372911668254e-08
-6.07478709896896e-09,-0.0025934043383646,-5.83927151132114e-08
-6.14674393232119e-09,-0.00260469196622784,-5.58990444432132e-08
-6.24245823008382e-09,-0.00261557711971044,-5.34708704235777e-08
-6.36742135381162e-09,-0.00262606989175979,-5.13631348394014e-08
-6.50410148180635e-09,-0.00263618778570183,-4.96912578000376e-08
-6.6165969215694e-09,-0.00264595544555261,-4.8294816143936e-08
-6.69371334769392e-09,-0.0026554037577914,-4.69785045836382e-08
-6.74527806737564e-09,-0.00266456858254031,-4.55891587852929e-08
-6.78318339180209e-09,-0.0026734893427301,-4.39638397051434e-08
-6.81871270715544e-09,-0.00268220748962298,-4.19953451545979e-08
-6.85519036509108e-09,-0.00269076509277143,-3.96109116359889e-08
-6.90224761875581e-09,-0.00269920381520334,-3.69229955728207e-08
-6.96466629300039e-09,-0.00270756415185564,-3.41190650031852e-08
-7.03734051913496e-09,-0.00271588524254118,-3.13267821471294e-08
-7.10935651922679e-09,-0.00272420516059816,-2.85735852680385e-08
-7.1702614375385e-09,-0.00273256155644615,-2.57708120289903e-08
-7.22665818093482e-09,-0.00274099283709112,-2.29023493843073e-08
-7.28876171355747e-09,-0.00274953940858795,-1.99970936868575e-08
-7.35808663187613e-09,-0.00275824459195261,-1.71012748189228e-08
-7.43006368239324e-09,-0.00276715311603184,-1.42530213312531e-08
-7.49997694386686e-09,-0.00277630858858273,-1.1472584402058e-08
-7.56588752837925e-09,-0.00278575244979372,-8.76692419454593e-09
-7.62823376586821e-09,-0.00279552462354911,-6.13846931774313e-09
-7.68824514249301e-09,-0.00280566445801682,-3.59099389974674e-09
-7.7469165349913e-09,-0.00281621127964231,-1.1309955473483e-09
-7.80422000488423e-09,-0.0028272036354095,1.24567933111922e-09
-7.85856887509621e-09,-0.00283867808683662,3.58562911235344e-09
-7.9103623528215e-09,-0.00285066766299772,5.92761881216049e-09
-7.96116482095994e-09,-0.00286320096334146,8.2860972746668e-09
-8.01188307302506e-09,-0.00287630189445005,1.06562091779382e-08
-8.06508376020134e-09,-0.00288998982443664,1.29623793783376e-08
-8.12657817245777e-09,-0.00290428009432502,1.49646624943414e-08
-8.18770408725729e-09,-0.0029191850535449,1.66405878415814e-08
-8.24163212549009e-09,-0.00293471482205882,1.80653339190247e-08
-8.28888284902104e-09,-0.00295087828870314,1.93184313076472e-08
-8.33482321495807e-09,-0.00296768417478393,2.04353013609083e-08
-8.38631678645184e-09,-0.00298514188658247,2.13403465436147e-08
-8.44353402685979e-09,-0.00300326211864722,2.19538499349506e-08
-8.49974831395482e-09,-0.00302205692467793,2.22821589468145e-08
-8.54398286766193e-09,-0.00304153879363843,2.25354897997714e-08
-8.57570324044386e-09,-0.003061718861608,2.29109532929484e-08
-8.59743313758927e-09,-0.00308260468064802,2.36163841217701e-08
-8.60439318503788e-09,-0.00310419824815616,2.5070045897239e-08
-8.61861359597939e-09,-0.00312649484561723,2.72571789870492e-08
-8.67228938734534e-09,-0.00314948191735625,2.98133190834324e-08
-8.75371497437033e-09,-0.00317313835622602,3.23607419416205e-08
-8.84902942110004e-09,-0.00319743412450729,3.44756660787917e-08
-8.9568469920064e-09,-0.00322232994205961,3.5992722748761e-08
-9.06167572453091e-09,-0.00324777770785701,3.716960058969e-08
-9.15511382580915e-09,-0.00327372147364231,3.83654782217176e-08
-9.23905725341704e-09,-0.00330009892343645,3.99363445153045e-08
-9.29619739580458e-09,-0.00332684312211717,4.22769489432423e-08
-9.31657654822219e-09,-0.0033538841524768,4.55531064017202e-08
-9.31132104985968e-09,-0.00338115070799745,4.96768746803837e-08
-9.30233787382078e-09,-0.00340857145768913,5.44403572843726e-08
-9.30941992425026e-09,-0.00343607606228396,5.96007899136815e-08
-9.34717703461717e-09,-0.00346359575458714,6.48136519034907e-08
-9.40699213808134e-09,-0.00349106385821813,6.98223401829171e-08
-9.47277864117882e-09,-0.0035184159407468,7.44830084141713e-08
-9.53915677203939e-09,-0.00354559061324449,7.86898326427902e-08
-9.6052147924071e-09,-0.00357252939461863,8.24064296490933e-08
-9.66896885682805e-09,-0.0035991776701326,8.56855548323273e-08
-9.72248985713942e-09,-0.00362548757757511,8.86685629695513e-08
-9.76369999853378e-09,-0.00365141980440614,9.14715481031487e-08
-9.79139552167735e-09,-0.00367694317722164,9.41979335765841e-08
-9.79308893872621e-09,-0.00370203298393648,9.70479580133027e-08
-9.77171670258575e-09,-0.00372666944988399,1.00134590450905e-07
-9.74081192442309e-09,-0.00375083731000684,1.03482910737222e-07
-9.71379240971375e-09,-0.00377452626002879,1.07077867973961e-07
-9.69661017271552e-09,-0.00379773162576261,1.10877361234268e-07
-9.68721834414526e-09,-0.00382045474872255,1.14825678309063e-07
-9.67993867362533e-09,-0.0038427029381113,1.18869500661733e-07
-9.67621208066798e-09,-0.0038644890444361,1.22919930309633e-07
-9.69314209151885e-09,-0.0038858307589697,1.26718415168411e-07
-9.72955872085212e-09,-0.00390674984631538,1.30058356604957e-07
-9.77289844182126e-09,-0.00392727122532168,1.32872485619015e-07
-9.81184567185089e-09,-0.00394742198786943,1.35191481699938e-07
-9.84158470402441e-09,-0.00396723046461846,1.37089598070902e-07
-9.8630908678117e-09,-0.00398672544705647,1.38644912840331e-07
-9.87990054707721e-09,-0.00400593566711643,1.39919560950072e-07
-9.89530410670566e-09,-0.00402488943983812,1.40955045454674e-07
-9.91110400575221e-09,-0.00404361448768688,1.41775544806389e-07
-9.9276592529301e-09,-0.00406213857682643,1.42393877779805e-07
-9.94445296625618e-09,-0.00408049018202686,1.42817205929373e-07
-9.9606262296922e-09,-0.0040986992153261,1.43051265680859e-07
-9.97532093297111e-09,-0.00411679750368007,1.43102852045441e-07
-9.98791877379193e-09,-0.00413481695784453,1.42980745981284e-07
-9.99787219251558e-09,-0.00415278694185527,1.42700129974283e-07
-1.00051855911399e-08,-0.00417073332994259,1.42323969453551e-07
-1.00138747551485e-08,-0.0041886794274218,1.41940516719842e-07
-1.00338806002554e-08,-0.00420664734389065,1.4149076174405e-07
-1.00727512235338e-08,-0.00422465897590138,1.40711672379854e-07
-1.01182488008488e-08,-0.00424273600412682,1.39486166027358e-07
-1.01564640570351e-08,-0.00426089905579587,1.37794593286787e-07
-1.01816474513139e-08,-0.0042791668736118,1.3573199755495e-07
-1.01907672588256e-08,-0.00429755588584767,1.33623021120253e-07
-1.01904424426507e-08,-0.0043160800252902,1.31762439129914e-07
-1.01909648559824e-08,-0.00433475085494378,1.30327354979415e-07
-1.01952458273173e-08,-0.00435357788115117,1.29358121922322e-07
-1.02045512638797e-08,-0.00437256897565146,1.28660920303844e-07
-1.02255204594593e-08,-0.00439173091917211,1.27740122146668e-07
-1.02412159751775e-08,-0.00441107032927535,1.26551770762207e-07
-1.02324240159252e-08,-0.00443059422597104,1.25404199148597e-07
-1.01875275878786e-08,-0.00445031066498116,1.24911900640468e-07
-1.01196503675049e-08,-0.00447022899145612,1.2549302623733e-07
-1.00530768928709e-08,-0.00449035981263715,1.27182666041946e-07
-1.00037897176891e-08,-0.00451071411127628,1.29763314072792e-07
-9.98006406365269e-09,-0.00453130182371738,1.32806820288471e-07
-9.97183707768845e-09,-0.00455213069393047,1.35987622969238e-07
-9.96340894344877e-09,-0.00457320538390333,1.39151784508432e-07
-9.95575494954973e-09,-0.00459452678974955,1.42007763881257e-07
-9.95336882001044e-09,-0.00461609162305707,1.44285027877975e-07
-9.96387307500917e-09,-0.00463789195744648,1.45623660868736e-07
-9.98293374347871e-09,-0.00465991457864587,1.45829221632516e-07
-9.99611604823769e-09,-0.00468214070165851,1.44951225345887e-07
-9.99189895459229e-09,-0.00470454602826561,1.43225658061809e-07
-9.9557872465663e-09,-0.00472710113983707,1.4122973388688e-07
-9.89510576480033e-09,-0.00474977241005091,1.39436074157997e-07
-9.83178135371324e-09,-0.00477252299568137,1.38083083999897e-07
-9.78382999683725e-09,-0.00479531382403378,1.37250837052492e-07
-9.75584191954894e-09,-0.00481810428144659,1.36882473788276e-07
-9.7505944808126e-09,-0.00484085300519563,1.3670187532428e-07
-9.75948139551027e-09,-0.00486351848044045,1.36456019942257e-07
-9.77329358707648e-09,-0.00488605952450999,1.35951616549752e-07
-9.79793823483539e-09,-0.00490843558289614,1.34925411532914e-07
-9.835502688579e-09,-0.00493060691408071,1.33152596948439e-07
-9.89011304926899e-09,-0.00495253463819481,1.30405145122036e-07
-9.93889772754369e-09,-0.00497418088920798,1.26822024370167e-07
-9.95248734661344e-09,-0.00499550880749186,1.22849010628927e-07
-9.92992923407906e-09,-0.00501648313834186,1.18876460320366e-07
-9.89050774939765e-09,-0.00503707254605826,1.1511822151201e-07
-9.8545563015188e-09,-0.00505725295637441,1.11629456143003e-07
-9.83207143936603e-09,-0.00507700882614981,1.08366393006281e-07
-9.83213059891774e-09,-0.00509633213230266,1.05152597845105e-07
-9.88162603946786e-09,-0.00511522043275331,1.01483364064573e-07
-9.97426021836172e-09,-0.00513367561789077,9.69555729489588e-08
-1.0080751988881e-08,-0.00515170358306048,9.14025902839811e-08
-1.01752715703647e-08,-0.00516931443263995,8.48442126738388e-08
-1.02386892219062e-08,-0.00518652269385473,7.75012436592574e-08
-1.02448910152634e-08,-0.00520334731104772,6.99600894387868e-08
-1.02048901345454e-08,-0.00521981083012306,6.27138768891983e-08
-1.01516013504899e-08,-0.00523593857153218,5.60082281667231e-08
-1.01114913872539e-08,-0.00525175790749809,4.98833174204596e-08
-1.00924001655168e-08,-0.00526729750508813,4.42556871004527e-08
-1.00873998196096e-08,-0.00528258645861381,3.89975544629282e-08
-1.00830929623323e-08,-0.00529765428732226,3.40135158652853e-08
-1.00648646467649e-08,-0.00531253084858003,2.93054362470035e-08
-1.00316392379722e-08,-0.00532724588632245,2.48707063618548e-08
-9.99609092064022e-09,-0.00534182886228621,2.0600461737912e-08
-9.98277316587868e-09,-0.00535630870973256,1.61150873937193e-08
-9.99744242965556e-09,-0.00537071222418258,1.11395858177035e-08
-1.00258018847238e-08,-0.00538506161060457,5.61525180340344e-09
-1.00471219138213e-08,-0.00539937311308671,-3.52076758305289e-10
-1.00474428554534e-08,-0.0054136578532145,-6.50535956327712e-09
-1.00388160711934e-08,-0.00542792446828556,-1.27945489854303e-08
-1.00352690284737e-08,-0.00544218094714354,-1.92490207993778e-08
-1.00412140596634e-08,-0.00545643528190013,-2.5893114124268e-08
-1.00553024724272e-08,-0.00547069537689698,-3.27805422242873e-08
-1.00789905572646e-08,-0.0054849688088625,-4.01149647206691e-08
-1.01080533918981e-08,-0.00549926230857794,-4.80519780470806e-08
-1.01360707137934e-08,-0.00551358140993701,-5.66393876067916e-08
-1.01545525818903e-08,-0.00552792969241826,-6.57353160991996e-08
-1.01487610688195e-08,-0.00554230769354693,-7.4789433102375e-08
-1.01242556374595e-08,-0.00555671245034429,-8.33672810265562e-08
-1.00966267608529e-08,-0.00557113745526631,-9.12701280007643e-08
-1.0076969703609e-08,-0.00558557293946342,-9.84794372773885e-08
-1.00670638615128e-08,-0.00560000634517003,-1.05081737942074e-07
-1.00624012813552e-08,-0.00561442259824495,-1.11198196861558e-07
-1.00576577654618e-08,-0.00562880450902544,-1.16937003288112e-07
-1.00527207491369e-08,-0.00564313324069563,-1.22420601271758e-07
-1.00560276213688e-08,-0.00565738875788609,-1.27913871945149e-07
-1.00688362182234e-08,-0.00567155064979097,-1.3362927632743e-07
-1.00858384500238e-08,-0.00568559870359403,-1.39659728726316e-07
-1.00983429072409e-08,-0.00569951322135681,-1.45955012702222e-07
-1.00911185628625e-08,-0.00571327523844651,-1.52186984134048e-07
-1.00551800134358e-08,-0.00572686688010548,-1.5787351908821e-07
-1.00004875046333e-08,-0.00574027094098547,-1.6268758509772e-07
-9.94381322688324e-09,-0.00575347064010882,-1.66517790530317e-07
-9.89938130596444e-09,-0.00576644942988806,-1.69456559751814e-07
-9.88362071088937e-09,-0.00577919075802642,-1.7189071144081e-07
-9.90364781285492e-09,-0.00579167868731116,-1.74372115006195e-07
-9.94456962084905e-09,-0.0058038981444606,-1.77309707426608e-07
-9.98140998771635e-09,-0.00581583573116592,-1.80837361598565e-07
-9.98923810227069e-09,-0.00582748271359057,-1.8474244369856e-07
-9.96778874114434e-09,-0.00583883826117095,-1.88750096901968e-07
-9.93397464804464e-09,-0.00584991035407788,-1.92642468787e-07
-9.90508442291617e-09,-0.00586071437704812,-1.96282242958351e-07
-9.88499468836158e-09,-0.00587127106568395,-1.99572779950132e-07
-9.85993404947648e-09,-0.00588160518619572,-2.02315677311863e-07
-9.82460566295738e-09,-0.00589174500276893,-2.04379670929597e-07
-9.78430437891982e-09,-0.0059017221636553,-2.05736640222771e-07
-9.75165528196153e-09,-0.00591157139199686,-2.0649608641871e-07
-9.74604556393501e-09,-0.00592132973917818,-2.07046238119982e-07
-9.76401741405577e-09,-0.00593103611295304,-2.0769534324716e-07
-9.78472169157247e-09,-0.00594073016173978,-2.08498134792413e-07
-9.7944175014321e-09,-0.00595044892148961,-2.09386671311637e-07
-9.79267428752717e-09,-0.00596022331812255,-2.10259733858524e-07
-9.78653082331849e-09,-0.00597007641052146,-2.11026910045694e-07
-9.78193801256608e-09,-0.00598002333132504,-2.1161313543584e-07
-9.77876782163069e-09,-0.00599007204230393,-2.11921029967009e-07
-9.77550045449615e-09,-0.00600022427774982,-2.11883005880162e-07
-9.77097768026509e-09,-0.00601047604074727,-2.11450941802535e-07
-9.7671879456438e-09,-0.00602081740367633,-2.10602805552769e-07
-9.76561428458853e-09,-0.00603123254477503,-2.09334976514072e-07
-9.76611135175772e-09,-0.00604170014353362,-2.07658657427746e-07
-9.76794046743867e-09,-0.00605219389642752,-2.05602693915964e-07
-9.77230375611048e-09,-0.0060626829679786,-2.03260123999203e-07
-9.78426376694489e-09,-0.00607313278870706,-2.00816794271312e-07
-9.80509695832344e-09,-0.0060835055469047,-1.98442787538713e-07
-9.83061103830775e-09,-0.0060937605291486,-1.9622366260259e-07
-9.8556182417163e-09,-0.0061038544646596,-1.94172003986903e-07
-9.87605532983829e-09,-0.00611374197501074,-1.92265487616161e-07
-9.88836914430416e-09,-0.0061233761851789,-1.90439879263809e-07
-9.89442334649095e-09,-0.00613270905410638,-1.88659421250755e-07
-9.90174606554628e-09,-0.0061416919781,-1.86943442572737e-07
-9.92881974124803e-09,-0.00615027662372943,-1.85463123993261e-07
-9.97861204116372e-09,-0.00615841575737225,-1.84367811916982e-07
-1.0040299358381e-08,-0.00616606428108661,-1.83729387235684e-07
-1.00918289819926e-08,-0.00617318129562,-1.83458637992492e-07
-1.00975857088066e-08,-0.00617973377859543,-1.83110882441833e-07
-1.00678916627911e-08,-0.00618569964105154,-1.82402829803922e-07
-1.00391093773452e-08,-0.00619106773405354,-1.81322372030898e-07
-1.00332296098623e-08,-0.00619583557282212,-1.79962956963446e-07
-1.00506536607038e-08,-0.0062000070882175,-1.78435942546352e-07
-1.00807331635128e-08,-0.00620359129685987,-1.76842456715158e-07
-1.0110631584516e-08,-0.00620660171982122,-1.75259500131632e-07
-1.01347366782226e-08,-0.0062090562385322,-1.73745083989986e-07
-1.01582782923209e-08,-0.00621097663084493,-1.72382368096378e-07
-1.01842289300918e-08,-0.00621238813412855,-1.71208429641844e-07
-1.02090950598834e-08,-0.00621331888505647,-1.70180307758624e-07
-1.02334758233642e-08,-0.00621379932774199,-1.69287970830262e-07
-1.02587177668529e-08,-0.0062138616482664,-1.68521107663655e-07
-1.02843802974642e-08,-0.00621353943117587,-1.6785586964142e-07
-1.03090473775599e-08,-0.00621286748057693,-1.67245136249785e-07
-1.03290751340074e-08,-0.00621188173929452,-1.66588410885778e-07
-1.03428367120264e-08,-0.00621061943208324,-1.65755696488764e-07
-1.03478201269898e-08,-0.00620911837682923,-1.64520547059519e-07
-1.03466907321642e-08,-0.00620741391065063,-1.62762142693815e-07
-1.03442191662089e-08,-0.0062055365145779,-1.604783116211e-07
-1.03453382119706e-08,-0.0062035117598858,-1.57759349899891e-07
-1.03604920705234e-08,-0.00620136184100654,-1.5486435910206e-07
-1.03895583314926e-08,-0.00619910730492652,-1.52016354780845e-07
-1.0425002999698e-08,-0.0061967678447784,-1.49358903460439e-07
-1.04621465652613e-08,-0.00619436222813232,-1.47030360753994e-07
-1.04976819134795e-08,-0.00619190802017757,-1.45090501011438e-07
-1.05305428414159e-08,-0.00618942133749575,-1.43519112911983e-07
-1.05606194142221e-08,-0.00618691674275867,-1.42228835419061e-07
-1.05858946142615e-08,-0.00618440723236363,-1.41039126998445e-07
-1.06075920092968e-08,-0.00618190474913548,-1.39801407171119e-07
-1.06289225434428e-08,-0.0061794203821874,-1.38447800367601e-07
-1.06517164066078e-08,-0.00617696458584901,-1.36979424536456e-07
-1.06757987791772e-08,-0.0061745470936286,-1.35431807196731e-07
-1.0699998500333e-08,-0.0061721770276939,-1.33832942709009e-07
-1.07246097817236e-08,-0.00616986313574203,-1.32188736966766e-07
-1.07505808268167e-08,-0.00616761402763929,-1.3051205837702e-07
-1.07770945182067e-08,-0.00616543810127788,-1.28823037919571e-07
-1.08032046944533e-08,-0.00616334268861754,-1.27128742271411e-07
-1.08286546122724e-08,-0.00616133312876623,-1.25424541547545e-07
-1.08537361561491e-08,-0.00615941255046833,-1.23701283281122e-07
-1.08788683000792e-08,-0.00615758196211433,-1.21951176724945e-07
-1.0904320970615e-08,-0.00615584031911596,-1.201702304901e-07
-1.09301728294343e-08,-0.00615418441616235,-1.18357918247168e-07
-1.09564706169472e-08,-0.00615260867309913,-1.16518020331496e-07
-1.09830767581731e-08,-0.00615110478019123,-1.14678389440964e-07
-1.10064158503783e-08,-0.0061496615789961,-1.12841164136854e-07
-1.10173818473703e-08,-0.0061482651820567,-1.10815061963773e-07
-1.10168635591078e-08,-0.0061468991079641,-1.08406142565841e-07
-1.10124876090446e-08,-0.00614554456279506,-1.05511426178624e-07
-1.10136131996425e-08,-0.00614418077316187,-1.0215536687681e-07
-1.10320124744558e-08,-0.00614278531487023,-9.85762453587811e-08
-1.10659841802446e-08,-0.00614133470920671,-9.49871510409487e-08
-1.110616887133e-08,-0.00613980492622512,-9.15023504346051e-08
-1.11438912521428e-08,-0.0061381721002075,-8.81664686048598e-08
-1.11752743894311e-08,-0.00613641277826945,-8.49754794384046e-08
-1.12011498314809e-08,-0.00613450418212062,-8.18931380092237e-08
-1.12245111660717e-08,-0.00613242450576222,-7.88626411419312e-08
-1.12492837253545e-08,-0.00613015313504748,-7.58344472696233e-08
-1.12767819666567e-08,-0.00612767115020005,-7.27893131901865e-08
-1.13058440941427e-08,-0.00612496375375688,-6.97315067781281e-08
-1.13347252509019e-08,-0.00612202387497532,-6.66757393592518e-08
-1.13624610681387e-08,-0.00611885311967479,-6.36374074902353e-08
-1.13890525558692e-08,-0.0061154602568777,-6.06281861644766e-08
-1.14149376883276e-08,-0.00611185880912019,-5.76554796606972e-08
-1.14404751103916e-08,-0.00610806528782585,-5.47235294741951e-08
-1.14657859392291e-08,-0.00610409846002515,-5.18347207190643e-08
-1.14907524040762e-08,-0.00609997952589676,-4.89899629131923e-08
-1.15139871943189e-08,-0.00609573225069395,-4.61680220063037e-08
-1.15332811817616e-08,-0.00609138281034032,-4.33016852903007e-08
-1.15527990816073e-08,-0.00608695950918051,-4.03929616451725e-08
-1.15753547753998e-08,-0.00608249239458738,-3.74701407413649e-08
-1.16032348157768e-08,-0.00607801258911293,-3.4606566923502e-08
-1.16431753715112e-08,-0.0060735500055722,-3.20388548024251e-08
-1.16922055675934e-08,-0.00606913016825479,-2.99611973230634e-08
-1.17418890398145e-08,-0.00606477285854698,-2.84552921649719e-08
-1.1783725507055e-08,-0.00606049298125556,-2.74647286618946e-08
-1.18091691412566e-08,-0.00605630232269777,-2.67160607501143e-08
-1.18218677520952e-08,-0.00605221042575225,-2.59713509657306e-08
-1.18313717423502e-08,-0.00604822476460388,-2.51190584625689e-08
-1.18443181483814e-08,-0.00604435036742141,-2.41466330653603e-08
-1.18614840326111e-08,-0.00604058892453981,-2.30764540035287e-08
-1.18803135318768e-08,-0.00603693846161175,-2.19216696730154e-08
-1.1898594352708e-08,-0.0060333933704835,-2.06695262253394e-08
-1.19216975241592e-08,-0.00602994481980671,-1.93713097845099e-08
-1.19513949213762e-08,-0.00602658111086822,-1.81022076409497e-08
-1.19847914950165e-08,-0.00602328806270343,-1.69138381350871e-08
-1.20150635900587e-08,-0.00602004932922318,-1.57797262834349e-08
-1.20387177022636e-08,-0.00601684664369556,-1.46780063480446e-08
-1.20565270719429e-08,-0.0060136601480573,-1.36018515529869e-08
-1.20699997939794e-08,-0.00601046876972053,-1.25353461336017e-08
-1.2084097958472e-08,-0.00600725062006347,-1.14780365604341e-08
-1.21048286227042e-08,-0.00600398338172463,-1.05269196320958e-08
-1.21289384607641e-08,-0.00600064458341791,-9.75817996838835e-09
-1.21521192592968e-08,-0.00599721188385646,-9.18214787201427e-09
-1.2172825023041e-08,-0.00599366337632626,-8.76739915116479e-09
-1.21913793491951e-08,-0.00598997790549853,-8.44312182192626e-09
-1.2207733313191e-08,-0.00598613609634801,-8.07575690025718e-09
-1.2221655720564e-08,-0.005982124575667,-7.58095399291742e-09
-1.2234034725787e-08,-0.00597793849231661,-6.93451124469845e-09
-1.22474729813325e-08,-0.00597358089327767,-6.15617411274128e-09
-1.22628442586225e-08,-0.00596906117383101,-5.29229946552487e-09
-1.22791329541922e-08,-0.00596439373726581,-4.39503234076419e-09
-1.22944245162331e-08,-0.00595959725706638,-3.50889793279183e-09
-1.23054160038187e-08,-0.0059546943096599,-2.63498292996444e-09
-1.23075102322087e-08,-0.00594971035060239,-1.66859746558674e-09
-1.229895804784e-08,-0.00594467091871573,-4.68366089478555e-10
-1.22830651559802e-08,-0.00593959885488269,1.1477753083356e-09
-1.22691914350808e-08,-0.00593451334636935,3.24156506901221e-09
-1.22645501451313e-08,-0.00592943080760767,5.74654205801826e-09
-1.22748625130154e-08,-0.0059243661693637,8.39998920060542e-09
-1.22933836973643e-08,-0.0059193336455203,1.10173559626386e-08
-1.23061834178736e-08,-0.00591434666709838,1.36494805536463e-08
-1.23102592936143e-08,-0.00590941762882539,1.63778514800113e-08
-1.23053248991407e-08,-0.00590455770654344,1.94193256486987e-08
-1.22950474791116e-08,-0.00589977680857019,2.29306981826354e-08
-1.22842329008464e-08,-0.00589508374925125,2.69605924060507e-08
-1.22778812875003e-08,-0.00589048648384622,3.14333650169837e-08
-1.2282829307469e-08,-0.00588599207225389,3.60646351028047e-08
-1.22968838616657e-08,-0.00588160582808899,4.05950882221286e-08
-1.23125120769022e-08,-0.00587733057443723,4.48760337460533e-08
-1.23238851462623e-08,-0.005873166537882,4.88578258274136e-08
-1.23297793196437e-08,-0.00586911167829363,5.2556343413518e-08
-1.23323411695837e-08,-0.00586516200036735,5.60169981279655e-08
-1.2334312404923e-08,-0.00586131163919153,5.92873362916875e-08
-1.23371286587823e-08,-0.00585755278990422,6.24019010806661e-08
-1.23406882930031e-08,-0.00585387561337103,6.53779904019608e-08
-1.23441846546307e-08,-0.00585026815330828,6.82185218234844e-08
-1.23469965817573e-08,-0.00584671631185407,7.09179131582077e-08
-1.23490467259389e-08,-0.00584320420536938,7.34678753751985e-08
-1.23510198741455e-08,-0.00583971450223358,7.5860297314537e-08
-1.23552554845334e-08,-0.00583622846717114,7.80758981077535e-08
-1.23634995365735e-08,-0.00583272611431653,8.00607971943213e-08
-1.23717993579465e-08,-0.005829186457639,8.17519324797489e-08
-1.2377252970921e-08,-0.00582558785282078,8.31137935778067e-08
-1.23785716553492e-08,-0.00582190840976511,8.41402730806537e-08
-1.23751354224205e-08,-0.00581812642557052,8.48613576865026e-08
-1.23697242662054e-08,-0.00581422082303323,8.53281738202749e-08
-1.23676238284852e-08,-0.00581017209804063,8.55520980058757e-08
-1.23769267835586e-08,-0.00580596577955439,8.54155956513629e-08
-1.23949146021684e-08,-0.0058015956691804,8.48577416992389e-08
-1.24072906658616e-08,-0.00579706411221244,8.40091304677457e-08
-1.24028580648585e-08,-0.00579238029406154,8.29704095726874e-08
-1.23931529828036e-08,-0.00578755817077308,8.16579912314823e-08
-1.23856144660279e-08,-0.00578261501180232,8.00314742793052e-08
-1.23754898839411e-08,-0.00577757093524031,7.83258843821515e-08
-1.23626752399752e-08,-0.00577244871576918,7.67903918520941e-08
-1.23497686783912e-08,-0.00576727352055214,7.55745338346416e-08
-1.23403611284578e-08,-0.00576207163501992,7.47238304031849e-08
-1.23338923931362e-08,-0.00575686742714341,7.42159411777217e-08
-1.23287174370942e-08,-0.00575168055391595,7.40218408942135e-08
-1.23277873097536e-08,-0.00574652551320037,7.41011929143013e-08
-1.23292272097152e-08,-0.00574141296000015,7.44344748320848e-08
-1.2325171377035e-08,-0.00573635127197411,7.51398933774328e-08
-1.23118426960591e-08,-0.00573134754095705,7.62823341953727e-08
-1.22911767977938e-08,-0.00572640774837802,7.78521756122574e-08
-1.22695827751471e-08,-0.0057215365530217,7.97549824155647e-08
-1.22539696502816e-08,-0.00571673710584263,8.17502226185107e-08
-1.22466246326585e-08,-0.00571201144813017,8.36733469474284e-08
-1.22445411816474e-08,-0.00570736076598975,8.54632235604725e-08
-1.22424217964867e-08,-0.00570278512425872,8.71249364160964e-08
-1.22375185903231e-08,-0.00569828277313813,8.86989594520602e-08
-1.22324023629763e-08,-0.0056938496144106,9.02193318596111e-08
-1.22304338001724e-08,-0.00568947914376115,9.1648368198674e-08
-1.22347543733397e-08,-0.00568516314895099,9.2865545368612e-08
-1.22337130381966e-08,-0.00568089207932401,9.40985227874287e-08
-1.22227459778776e-08,-0.00567665486662633,9.55743873415113e-08
-1.22077125838806e-08,-0.00567243897569299,9.73707492801681e-08
-1.21926345426866e-08,-0.00566823058351386,9.9387163649139e-08
-1.21867414272767e-08,-0.00566401481222665,1.01254863606884e-07
-1.21924547632179e-08,-0.00565977634618989,1.02672881499616e-07
-1.22046048472731e-08,-0.00565549990196899,1.03496834405336e-07
-1.22172361237392e-08,-0.00565117058700967,1.03680946105864e-07
-1.22327075665336e-08,-0.00564677417352379,1.0312449214053e-07
-1.22624139435194e-08,-0.00564229738145486,1.01608025572464e-07
-1.23090437787932e-08,-0.00563773026986499,9.90535278787258e-08
-1.23451280314717e-08,-0.00563307007791794,9.57976988327151e-08
-1.23560640145411e-08,-0.00562832275940406,9.21879325099806e-08
-1.234894173516e-08,-0.00562350175513248,8.84259719639832e-08
-1.2336357139781e-08,-0.00561862518869325,8.45763238477838e-08
-1.23205601475385e-08,-0.00561371184086679,8.06475469422159e-08
-1.23053470075184e-08,-0.0056087776416405,7.66456613854132e-08
-1.22942028962091e-08,-0.00560383472882037,7.25659630761855e-08
-1.22872651238044e-08,-0.00559889265451845,6.83945829699371e-08
-1.22825474061031e-08,-0.00559396005477247,6.41157423302746e-08
-1.22761032795085e-08,-0.00558904543017126,5.97294209933315e-08
-1.22663428034654e-08,-0.00558415697297395,5.52629205252873e-08
-1.22533010449957e-08,-0.00557930234084621,5.07698852527383e-08
-1.22414702682988e-08,-0.00557448852529334,4.63131386529946e-08
-1.22384591097867e-08,-0.00556972200686534,4.19111148790636e-08
-1.22423493175096e-08,-0.00556500916906957,3.75277722592798e-08
-1.22462567312349e-08,-0.00556035613638064,3.31157223975107e-08
-1.22461979479644e-08,-0.00555576869099393,2.86430741029593e-08
-1.2243026111325e-08,-0.00555125219452021,2.40966756219681e-08
-1.22405657297259e-08,-0.00554681121802274,1.94498024649901e-08
-1.22404826879009e-08,-0.00554244877631514,1.46659064165716e-08
-1.22322676776782e-08,-0.0055381661719925,9.97716688051288e-09
-1.22150366067499e-08,-0.00553396276943567,5.60538912482175e-09
-1.2199479661781e-08,-0.00552983606534184,1.61332380361354e-09
-1.21858296068683e-08,-0.00552578186833897,-2.03695566441976e-09
-1.21685920468715e-08,-0.00552179439620995,-5.33232144932583e-09
-1.21482635019969e-08,-0.00551786637651591,-8.29728778965128e-09
-1.2129114207413e-08,-0.00551398914626566,-1.10709340749486e-08
-1.21088695185674e-08,-0.00551015272618799,-1.37977508329247e-08
-1.20943861025716e-08,-0.00550634592935745,-1.66951704590634e-08
-1.20881827711147e-08,-0.00550255659905609,-1.98981293582598e-08
-1.20860772352019e-08,-0.0054987717354054,-2.34295838242194e-08
-1.2082510867077e-08,-0.00549497790174103,-2.72352269884041e-08
-1.20750035502194e-08,-0.0054911615800765,-3.12201087509605e-08
-1.20647944060931e-08,-0.00548730917792425,-3.52805424831384e-08
-1.20559312085334e-08,-0.00548340711550216,-3.9329000386525e-08
-1.20568731850878e-08,-0.00547944205341233,-4.33741750981209e-08
-1.20750466362249e-08,-0.00547540222568059,-4.76422160023243e-08
-1.21028324371996e-08,-0.00547128100377427,-5.23360096466596e-08
-1.21207194157349e-08,-0.00546707962692942,-5.74755897601722e-08
-1.21111121243448e-08,-0.00546280706644604,-6.27721208036756e-08
-1.2081345924047e-08,-0.0054584778898839,-6.78976558691854e-08
-1.20497795975824e-08,-0.00545411010131003,-7.26289572787457e-08
-1.20292724398489e-08,-0.00544972316942292,-7.68647167524562e-08
-1.2023631047356e-08,-0.00544533531224221,-8.06129469924224e-08
-1.20257881312413e-08,-0.00544096119001896,-8.39252941255239e-08
-1.20267997452283e-08,-0.00543661156187578,-8.67975835765942e-08
-1.20221986234571e-08,-0.00543229447990358,-8.92651451169538e-08
-1.20154520877116e-08,-0.00542801660276834,-9.14939515669509e-08
-1.20181963266332e-08,-0.00542378373246711,-9.37829202272043e-08
-1.20314983873299e-08,-0.00541960086503298,-9.63144203943886e-08
-1.2044285479115e-08,-0.00541547200957117,-9.90289789776775e-08
-1.20480010832396e-08,-0.00541140002705737,-1.01794627336791e-07
-1.20395956284423e-08,-0.00540738670220417,-1.04472405482172e-07
-1.20266724019363e-08,-0.00540343292359828,-1.0696993581512e-07
-1.20239861662973e-08,-0.00539953866987537,-1.09397573449696e-07
-1.20357171450787e-08,-0.0053957025779582,-1.11956764927515e-07
-1.20421260020063e-08,-0.00539192153647931,-1.14421272460313e-07
-1.20425542012433e-08,-0.00538819036831217,-1.16527351755879e-07
-1.20393829077475e-08,-0.00538450199404105,-1.18157243275453e-07
-1.20349390528861e-08,-0.00538084785495923,-1.19294138093405e-07
-1.20350479428969e-08,-0.00537721825854111,-1.20049135815955e-07
-1.20495237966116e-08,-0.00537360255482046,-1.20761166579934e-07
-1.20687759134752e-08,-0.00536998947261074,-1.21547264676811e-07
-1.20770454746969e-08,-0.00536636725255559,-1.22328847679326e-07
-1.20680467324693e-08,-0.00536272377848823,-1.22817142214839e-07
-1.20488653180625e-08,-0.00535904686561005,-1.227972073102e-07
-1.20335571913339e-08,-0.00535532512264266,-1.22265763513207e-07
-1.20293758623137e-08,-0.00535155097890616,-1.21321780949959e-07
-1.20380712291591e-08,-0.00534772406420672,-1.20162774579385e-07
-1.2058835617311e-08,-0.00534385207884843,-1.19067301347638e-07
-1.20863152633378e-08,-0.00533994692828962,-1.18231082689321e-07
-1.21157529848297e-08,-0.00533601935358156,-1.17744144121264e-07
-1.21424513278404e-08,-0.00533207615872372,-1.1760128395377e-07
-1.21601816832177e-08,-0.00532812069654004,-1.17646620150602e-07
-1.21667913278368e-08,-0.00532415518641739,-1.17641472794861e-07
-1.21673491207316e-08,-0.00532018221017265,-1.17420594541034e-07
-1.21674721340469e-08,-0.00531620472561998,-1.16919896567248e-07
-1.21711017369519e-08,-0.00531222555340142,-1.16149756772713e-07
-1.21826361265912e-08,-0.00530824694551471,-1.15215037303082e-07
-1.22115249267351e-08,-0.00530427048336082,-1.1442542005235e-07
-1.22531145296835e-08,-0.0053002973916821,-1.14068469797829e-07
-1.22934950894185e-08,-0.00529632880884697,-1.14257491628142e-07
-1.23189332332661e-08,-0.00529236586015977,-1.14819493372872e-07
-1.23278275732783e-08,-0.00528840973218855,-1.15539802984212e-07
-1.23232931764095e-08,-0.0052844616555979,-1.1624534058857e-07
-1.23182872683199e-08,-0.0052805227637865,-1.16825507907514e-07
-1.23215671719229e-08,-0.00527659393961028,-1.17251972538032e-07
-1.23324386422454e-08,-0.00527267600480658,-1.17552994370409e-07
-1.23454252669589e-08,-0.00526876987357831,-1.17776312144367e-07
-1.23564133335335e-08,-0.00526487638277808,-1.17961766445367e-07
-1.23656214252496e-08,-0.00526099619605495,-1.1813084307234e-07
-1.23766335026994e-08,-0.0052571297038605,-1.18295052961011e-07
-1.23899306605811e-08,-0.00525327684162964,-1.18462490448036e-07
-1.24027313997493e-08,-0.00524943767954124,-1.18629749892403e-07
-1.24152781144305e-08,-0.00524561236897515,-1.18788799694271e-07
-1.24280849461755e-08,-0.00524180107588618,-1.18938643869159e-07
-1.24410412840977e-08,-0.00523800396874543,-1.1908330748547e-07
-1.24533740826507e-08,-0.00523422116902311,-1.19227295698871e-07
-1.24634659725151e-08,-0.0052304526519,-1.19366410287503e-07
-1.24703358075018e-08,-0.00522669839334951,-1.19484606970255e-07
-1.2470628371527e-08,-0.00522295837896924,-1.19542142656465e-07
-1.24666722393856e-08,-0.00521923260256664,-1.19479380318325e-07
-1.24631084744858e-08,-0.0052155210466592,-1.192432967385e-07
-1.24638705061362e-08,-0.00521182363204509,-1.18800880754755e-07
-1.24740277431662e-08,-0.00520814016452967,-1.18173075380137e-07
-1.2491841580148e-08,-0.00520447026085048,-1.17452183062912e-07
-1.25140071622512e-08,-0.00520081341516844,-1.16758595368686e-07
-1.2551180420851e-08,-0.00519716931524391,-1.16522148121927e-07
-1.26023400712189e-08,-0.00519353745714336,-1.17103374798186e-07
-1.26567731457607e-08,-0.00518991700339566,-1.18659983055029e-07
-1.27042025397859e-08,-0.0051863068312644,-1.21186987596312e-07
-1.27354050020097e-08,-0.00518270560530803,-1.24480388183091e-07
-1.27419180072979e-08,-0.00517911174061651,-1.27961615297544e-07
-1.27325322655582e-08,-0.00517552362150642,-1.31143602849266e-07
-1.27228481977987e-08,-0.00517193968837992,-1.33788320788511e-07
-1.27217983655023e-08,-0.00516835845357564,-1.35851232724203e-07
-1.27279385296e-08,-0.00516477847132488,-1.37367142669919e-07
-1.27358056635431e-08,-0.00516119832729144,-1.38409395797623e-07
-1.27402355876186e-08,-0.00515761663749646,-1.39022452637868e-07
-1.27405214749217e-08,-0.00515403195058407,-1.39243197485773e-07
-1.27410035526111e-08,-0.00515044272177795,-1.39154402945974e-07
-1.27503963887719e-08,-0.0051468473618247,-1.39000924535487e-07
-1.27701135935044e-08,-0.00514324413987326,-1.39007560899511e-07
-1.2797436261793e-08,-0.0051396311322532,-1.39373326909389e-07
-1.28244349127931e-08,-0.00513600626713261,-1.40143960803145e-07
-1.28400738210012e-08,-0.00513236732364276,-1.4109643130869e-07
-1.28437001505101e-08,-0.00512871205376773,-1.4198923782794e-07
-1.28422012310455e-08,-0.00512503828519194,-1.42669397497573e-07
-1.28403161915243e-08,-0.00512134389335262,-1.43075042782444e-07
-1.28346310575086e-08,-0.00511762678443022,-1.43189830653427e-07
-1.28258194352597e-08,-0.00511388493745458,-1.43008904953408e-07
-1.28176121013034e-08,-0.00511011649329161,-1.42537632985007e-07
-1.28141236758609e-08,-0.00510631966630742,-1.41790010144336e-07
-1.28207003740301e-08,-0.00510249273066605,-1.40801870329405e-07
-1.28335651621606e-08,-0.00509863402042151,-1.39625947774318e-07
-1.28463893881218e-08,-0.00509474192759785,-1.3832834535885e-07
-1.28588261702509e-08,-0.00509081485014147,-1.37038537699414e-07
-1.2871968728804e-08,-0.00508685124113361,-1.35852797550356e-07
-1.28850905673993e-08,-0.00508284956370105,-1.34787456280282e-07
-1.28952802306717e-08,-0.00507880815966174,-1.33760613509744e-07
-1.29058132903006e-08,-0.0050747256798485,-1.32797882571976e-07
-1.29216209611825e-08,-0.00507060097263513,-1.32037308953486e-07
-1.294224847485e-08,-0.00506643293558399,-1.31591111776602e-07
-1.296400272294e-08,-0.00506222046887536,-1.31508574945213e-07
-1.29838040287123e-08,-0.00505796249946053,-1.31787993145096e-07
-1.29995241943977e-08,-0.00505365795828205,-1.32366094248189e-07
-1.30073340800482e-08,-0.0050493056977525,-1.33042383391213e-07
-1.30069914631552e-08,-0.00504490496132786,-1.33589704277732e-07
-1.30031763435461e-08,-0.00504045543265436,-1.33873146280476e-07
-1.30008474102812e-08,-0.00503595697527123,-1.33858319116996e-07
-1.30012319318406e-08,-0.00503140952216636,-1.33576870788587e-07
-1.3001254146173e-08,-0.00502681298460083,-1.33066757156142e-07
-1.30004992807486e-08,-0.00502216714116261,-1.32326392182093e-07
-1.30015416031992e-08,-0.00501747214048512,-1.31416572075329e-07
-1.30091132850152e-08,-0.00501272834022829,-1.30455744936994e-07
-1.3034880479761e-08,-0.00500793621773482,-1.29729604686542e-07
-1.30748446033766e-08,-0.005003096256006,-1.29486077458409e-07
-1.31138434667411e-08,-0.00499820889699987,-1.29847030025513e-07
-1.31363038215288e-08,-0.00499327452744514,-1.3080435124929e-07
-1.31418094076177e-08,-0.00498829351124237,-1.32215063363945e-07
-1.31353729430266e-08,-0.00498326619170247,-1.33752040045674e-07
-1.31257276831939e-08,-0.0049781929642791,-1.35151131787051e-07
-1.31189338823347e-08,-0.00497307423043475,-1.36287251704137e-07
-1.31160824832146e-08,-0.00496791059686224,-1.37144441311513e-07
-1.31155536190214e-08,-0.0049627028945108,-1.37767513057019e-07
-1.31168247663457e-08,-0.00495745211041574,-1.38220852955872e-07
-1.3123574283209e-08,-0.00495215931998418,-1.38596259121322e-07
-1.31376311230715e-08,-0.00494682577240368,-1.39062065147681e-07
-1.31527674189553e-08,-0.00494145281925534,-1.39721593763953e-07
-1.31573148351e-08,-0.00493604192366116,-1.40508159039672e-07
-1.31506039447076e-08,-0.00493059452177861,-1.41305492225193e-07
-1.31399806584837e-08,-0.00492511197622405,-1.42021508414309e-07
-1.31319557278135e-08,-0.00491959558561828,-1.4260713941812e-07
-1.31292969663576e-08,-0.00491404660330426,-1.43052378787896e-07
-1.3133493349588e-08,-0.00490846625260565,-1.43381324817481e-07
-1.31410728214153e-08,-0.00490285578408825,-1.4363759881586e-07
-1.31474280742825e-08,-0.00489721658894872,-1.43861365058889e-07
-1.31458999614107e-08,-0.0048915500460814,-1.44074204690625e-07
-1.31267565206361e-08,-0.00488585748133072,-1.44241218266929e-07
-1.31061053797531e-08,-0.00488014016023568,-1.44306072206377e-07
-1.30969990021931e-08,-0.00487439925692662,-1.4427485080735e-07
-1.31006089649589e-08,-0.00486863572535809,-1.44265007347468e-07
-1.31087476024497e-08,-0.00486285061772248,-1.44380630527055e-07
-1.31128191282544e-08,-0.00485704523168056,-1.44643028295332e-07
-1.31079381918397e-08,-0.00485122116410631,-1.44940684169813e-07
-1.30967649130161e-08,-0.00484538013101506,-1.4515420898239e-07
-1.30833573269146e-08,-0.00483952386293962,-1.45208950598726e-07
-1.30651746151446e-08,-0.00483365402837094,-1.4501821622136e-07
-1.30365280969199e-08,-0.00482777216878502,-1.44349181835835e-07
-1.29991522367957e-08,-0.00482187979284392,-1.4302083199363e-07
-1.29645317409448e-08,-0.00481597844309049,-1.4101323030049e-07
-1.29514564504134e-08,-0.00481006976083688,-1.38582539285689e-07
-1.29582378690243e-08,-0.00480415539113139,-1.36016902825945e-07
-1.29680947445303e-08,-0.00479823694019332,-1.33506210350779e-07
-1.29646627876311e-08,-0.00479231598281686,-1.31112302562849e-07
-1.29485324928504e-08,-0.00478639400986911,-1.28805724327273e-07
-1.29217754324805e-08,-0.00478047229316999,-1.26509173354432e-07
-1.28910272840174e-08,-0.00477455222565211,-1.24127844157844e-07
-1.28625596574731e-08,-0.00476863558889694,-1.21586480257578e-07
-1.28404873879538e-08,-0.00476272429808916,-1.1884438514876e-07
-1.28300591457341e-08,-0.00475682026408148,-1.15910580566165e-07
-1.28271835030207e-08,-0.00475092537124894,-1.12832842589416e-07
-1.28246833779802e-08,-0.0047450414274584,-1.09677284522689e-07
-1.28198711742109e-08,-0.00473917007867217,-1.06534079883805e-07
-1.28112426578648e-08,-0.00473331319684803,-1.03409256100999e-07
-1.27998483633558e-08,-0.00472747275213571,-1.0027857695711e-07
-1.27876137566157e-08,-0.00472165073728357,-9.71233228015213e-08
-1.2775720924251e-08,-0.00471584914964916,-9.39375962124579e-08
-1.27645180649247e-08,-0.00471006998633147,-9.07271249873194e-08
-1.27540146299868e-08,-0.00470431528389691,-8.75045079402058e-08
-1.2744114563437e-08,-0.00469858705283403,-8.42844813942613e-08
-1.27345234688545e-08,-0.00469288724063311,-8.10807724908885e-08
-1.27266778339151e-08,-0.00468721774375445,-7.79526307679386e-08
-1.2728158183294e-08,-0.00468158047795534,-7.51722622792458e-08
-1.27441119695301e-08,-0.00467597728195867,-7.313937931516e-08
-1.27664711284895e-08,-0.00467041000574371,-7.20617048880551e-08
-1.27794871722383e-08,-0.00466488060230486,-7.17907138312936e-08
-1.27748371942014e-08,-0.00465939101359272,-7.19889045874342e-08
-1.27483748287423e-08,-0.00465394305360875,-7.20740228206664e-08
-1.27199974969268e-08,-0.00464853859604036,-7.1833841498488e-08
-1.27158188649148e-08,-0.0046431795414513,-7.14898064939817e-08
-1.27315772598298e-08,-0.00463786794515072,-7.13507546594145e-08
-1.27440100459675e-08,-0.00463260585904168,-7.16217405285348e-08
-1.27443771590646e-08,-0.00462739523556907,-7.23715659321092e-08
-1.27434654043891e-08,-0.00462223789781401,-7.35996086684431e-08
-1.27463117607393e-08,-0.00461713548762486,-7.52255255848435e-08
-1.27429841253614e-08,-0.00461208932243204,-7.69422216846757e-08
-1.27231294144746e-08,-0.0046071006790223,-7.84726033462031e-08
-1.26916683351842e-08,-0.00460217095208243,-7.96550446599038e-08
-1.26604600013011e-08,-0.00459730175078672,-8.04435414942718e-08
-1.26364414691087e-08,-0.00459249469419348,-8.08762246327527e-08
-1.26184556015815e-08,-0.00458775130413392,-8.10301283313397e-08
-1.26002174587727e-08,-0.00458307296944611,-8.09501091290624e-08
-1.25720866192015e-08,-0.00457846092626235,-8.05444481131042e-08
-1.25283690289812e-08,-0.00457391634852184,-7.96957196022334e-08
-1.24783882947316e-08,-0.00456944040701127,-7.83582336192851e-08
-1.24389787590777e-08,-0.00456503432364445,-7.67001997177862e-08
-1.24137292796785e-08,-0.00456069927934151,-7.48964032704952e-08
-1.2396556635338e-08,-0.00455643637093057,-7.30458598083032e-08
-1.2384379327139e-08,-0.00455224661991368,-7.11945749729969e-08
-1.23721197599143e-08,-0.00454813091121174,-6.93599114497058e-08
-1.23560846973805e-08,-0.00454408987860433,-6.75333211732266e-08
-1.23366605105575e-08,-0.00454012407441492,-6.56912950835733e-08
-1.23171887313237e-08,-0.00453623404543834,-6.38266306699697e-08
-1.23036341041784e-08,-0.0045324203428408,-6.20015014792096e-08
-1.22974177609309e-08,-0.00452868345642021,-6.02980085585104e-08
-1.22813609109956e-08,-0.00452502375659277,-5.87510473846371e-08
-1.2248256129251e-08,-0.00452144153455161,-5.72725945424451e-08
-1.21995327429234e-08,-0.004517937074683,-5.55631323888679e-08
-1.21433913034802e-08,-0.00451451056853513,-5.33138904440702e-08
-1.20918792865231e-08,-0.0045111621253042,-5.03569004381077e-08
-1.20619428927186e-08,-0.00450789185324016,-4.67891329088918e-08
-1.20623533077156e-08,-0.00450469995992019,-4.31627094543408e-08
-1.20806207729918e-08,-0.00450158657941066,-3.99848709201272e-08
-1.21028764564677e-08,-0.00449855170787537,-3.75431298412631e-08
-1.21249441611864e-08,-0.0044955952226445,-3.59548795498098e-08
-1.21417224974961e-08,-0.00449271688115467,-3.51856834961484e-08
-1.21412954553382e-08,-0.00448991628357627,-3.49701408538498e-08
-1.21137259976645e-08,-0.00448719295485745,-3.50164993064261e-08
-1.20702897392002e-08,-0.00448454636226885,-3.50892424651838e-08
-1.20279846825814e-08,-0.00448197583615806,-3.50245585452681e-08
-1.1995386299387e-08,-0.00447948070090836,-3.47709541066364e-08
-1.19701279594868e-08,-0.00447706031234144,-3.43600363202449e-08
-1.19455342359729e-08,-0.00447471404040276,-3.38536390827904e-08
-1.19191330477568e-08,-0.00447244121299862,-3.33417448811527e-08
-1.18951555118399e-08,-0.00447024107864427,-3.29922360163992e-08
-1.18725259887014e-08,-0.00446811311804827,-3.28375216877998e-08
-1.18490203158717e-08,-0.00446605685230764,-3.28356063200676e-08
-1.18235344786635e-08,-0.00446407184955677,-3.29283436110368e-08
-1.17961337117925e-08,-0.00446215755091741,-3.30637346118912e-08
-1.17675988091074e-08,-0.00446031322525344,-3.32058477877998e-08
-1.1738851388548e-08,-0.0044585380046004,-3.33355291014349e-08
-1.17085536583959e-08,-0.00445683088800476,-3.3398220947921e-08
-1.16707229616688e-08,-0.00445519075875982,-3.31786993136294e-08
-1.16279212838556e-08,-0.00445361643468381,-3.25498331404347e-08
-1.15908299956159e-08,-0.0044521065289708,-3.16398954877095e-08
-1.15618113258889e-08,-0.00445065983714334,-3.05656333956886e-08
-1.15363384410521e-08,-0.00444927534565668,-2.94055106853837e-08
-1.15001395054323e-08,-0.00444795210548492,-2.81799315870894e-08
-1.14512691986881e-08,-0.00444668916686447,-2.68437982290693e-08
-1.13987295378614e-08,-0.00444548550551648,-2.5347967746131e-08
-1.13512573215642e-08,-0.00444433989527105,-2.37096158425911e-08
-1.13082974158018e-08,-0.00444325118686201,-2.19430747716999e-08
-1.12691791875702e-08,-0.00444221858924936,-2.00431287310061e-08
-1.12335215651829e-08,-0.00444124134746438,-1.80011214525016e-08
-1.12047828132722e-08,-0.00444031861261162,-1.58265607211343e-08
-1.11803921158832e-08,-0.00443944942945495,-1.35501525481969e-08
-1.11551061619314e-08,-0.00443863276253149,-1.12013995905274e-08
-1.11244544882551e-08,-0.00443786749183165,-8.79692535894118e-09
-1.10855449341839e-08,-0.00443715225551233,-6.32475216549742e-09
-1.10484414927393e-08,-0.00443648565201683,-3.77062199079149e-09
-1.10185791798719e-08,-0.00443586642671429,-1.14928417791039e-09
-1.09926309772409e-08,-0.00443529348072365,1.52110008329762e-09
-1.09665127733387e-08,-0.00443476580873483,4.25124153755057e-09
-1.09457974783483e-08,-0.00443428247460889,6.98577253251396e-09
-1.0931067928625e-08,-0.00443384254398357,9.63615617331494e-09
-1.09160450433507e-08,-0.00443344504546684,1.21278304357655e-08
-1.08916428032838e-08,-0.00443308890194923,1.44190701931292e-08
-1.08596222218682e-08,-0.00443277281284371,1.64909447291228e-08
-1.08255634661786e-08,-0.00443249562412788,1.83954633402971e-08
-1.08013006489917e-08,-0.00443225654884662,1.99599913472954e-08
-1.07859271828732e-08,-0.00443205492397613,2.10552179327122e-08
-1.07650068679456e-08,-0.00443189022830827,2.18135201135799e-08
-1.07307075568495e-08,-0.00443176182257445,2.24233368011832e-08
-1.06909150414744e-08,-0.00443166887143246,2.30221346551543e-08
-1.06585636095604e-08,-0.00443161033904314,2.36207149746989e-08
-1.06464598731694e-08,-0.00443158490199753,2.40286614411795e-08
-1.06418342994984e-08,-0.00443159120037483,2.42083565796851e-08
-1.06260322792495e-08,-0.00443162803439466,2.41999411377223e-08
-1.05958543460002e-08,-0.00443169450736509,2.40605446185e-08
-1.05599811225553e-08,-0.00443179027855555,2.38354241974379e-08
-1.05287285525986e-08,-0.00443191500230486,2.35425433511423e-08
-1.05109955706468e-08,-0.00443206809821339,2.31594409149336e-08
-1.05050216777431e-08,-0.00443224875668811,2.26176254763258e-08
-1.04888076466367e-08,-0.00443245591441534,2.18724119436809e-08
-1.04554665366356e-08,-0.00443268819836577,2.09464769971085e-08
-1.04144426547754e-08,-0.00443294444763052,1.98897217490825e-08
-1.03797219335509e-08,-0.00443322371837017,1.87412797043215e-08
-1.0361806023235e-08,-0.00443352525771828,1.74898067614479e-08
-1.03485497015176e-08,-0.00443384853095672,1.60984142612242e-08
-1.03261938574519e-08,-0.00443419300767849,1.45568514559847e-08
-1.02877837519721e-08,-0.00443455808474328,1.29007954416566e-08
-1.02427825047278e-08,-0.00443494302332144,1.11500601617122e-08
-1.02092236264991e-08,-0.00443534682120731,9.15023342165627e-09
-1.01934456031444e-08,-0.00443576849767416,6.7514142348271e-09
-1.01881742793103e-08,-0.00443620720256861,3.87548849791046e-09
-1.01869718853224e-08,-0.00443666220590577,5.13069932814986e-10
-1.01815204988214e-08,-0.00443713292873194,-3.25946136097585e-09
-1.0169064729916e-08,-0.00443761883225174,-7.35334910809817e-09
-1.01529536663405e-08,-0.00443811935381642,-1.17030683029742e-08
-1.01355926353522e-08,-0.00443863389575415,-1.62725748671815e-08
-1.01120714008691e-08,-0.00443916181698839,-2.10236002361078e-08
-1.00787866700642e-08,-0.00443970241994072,-2.581220595838e-08
-1.00306489021874e-08,-0.00444025520005649,-3.02575972028596e-08
-9.97259345702882e-09,-0.00444081971192513,-3.40649000619174e-08
-9.91405853913419e-09,-0.004441395503225,-3.71153666920226e-08
-9.85950190953516e-09,-0.00444198207200524,-3.93275668593575e-08
-9.80380336668925e-09,-0.00444257878072625,-4.03770061977152e-08
-9.74792213660805e-09,-0.0044431850671807,-4.01520028942414e-08
-9.70338217256073e-09,-0.00444380061451636,-3.90654788556067e-08
-9.66944498321836e-09,-0.00444442514964784,-3.76504623530733e-08
-9.65141531426964e-09,-0.00444505824743087,-3.6596209197439e-08
-9.6430924982907e-09,-0.00444569944733561,-3.63077075788162e-08
-9.62750196704442e-09,-0.00444634826861156,-3.67083846114206e-08
-9.59543142359667e-09,-0.00444700432981709,-3.74948162924196e-08
-9.54475171251377e-09,-0.00444766738849994,-3.81830197700484e-08
-9.48335928980227e-09,-0.00444833722893906,-3.83522359455329e-08
-9.42518163505315e-09,-0.0044490136623009,-3.78410474173775e-08
-9.3862565455787e-09,-0.00444969656524561,-3.69267358547612e-08
-9.37102623496571e-09,-0.00445038573776172,-3.61201259441196e-08
-9.36745088788277e-09,-0.00445108099066685,-3.58080552761539e-08
-9.36074209406353e-09,-0.00445178213756171,-3.61638790256361e-08
-9.34164444462781e-09,-0.00445248892633177,-3.71244950070847e-08
-9.30948070140621e-09,-0.00445320092474822,-3.84309507832497e-08
-9.28486943519692e-09,-0.00445391822643057,-4.02255904388233e-08
-9.26701069521278e-09,-0.00445464250861161,-4.24316644887057e-08
-9.24251873016127e-09,-0.00445537945983932,-4.47226692923026e-08
-9.2069010217893e-09,-0.00445614238083092,-4.68277059895539e-08
-9.16498895979879e-09,-0.00445695585742201,-4.8611555663007e-08
-9.12388569617022e-09,-0.00445785803531615,-5.00518409522184e-08
-9.08773345405811e-09,-0.00445890055288084,-5.11943149986394e-08
-9.05664850534001e-09,-0.00446014598658418,-5.21094393638895e-08
-9.02741792262543e-09,-0.00446166329374553,-5.28389738496566e-08
-8.99300141978567e-09,-0.00446352204093681,-5.32959756726509e-08
-8.94681943566051e-09,-0.00446578618385549,-5.32837877324427e-08
-8.88565565857519e-09,-0.00446850828674853,-5.27043195932868e-08
-8.81598258798673e-09,-0.00447172421772489,-5.16381829375971e-08
-8.74983064996355e-09,-0.00447544888418411,-5.03262073147892e-08
-8.69190406156041e-09,-0.00447967476132786,-4.89228439658027e-08
-8.64707564969149e-09,-0.00448437308670616,-4.75230351137516e-08
-8.61140478244078e-09,-0.00448949748693046,-4.61399095778524e-08
-8.58143772999128e-09,-0.00449498943065243,-4.48437365073156e-08
-8.56434379529769e-09,-0.00450078408605629,-4.39491610687581e-08
-8.55926658648254e-09,-0.00450681560722762,-4.37021916514889e-08
-8.55582364208748e-09,-0.00451302121609809,-4.41319651190121e-08
-8.53747266443468e-09,-0.00451934347967232,-4.49705290989238e-08
-8.50152179174679e-09,-0.00452573040097272,-4.59146170157904e-08
-8.45822397264127e-09,-0.00453213365046578,-4.67486091729516e-08
-8.42058635436763e-09,-0.00453850528683016,-4.73848681391935e-08
-8.39354808492407e-09,-0.00454479360205798,-4.78464392106809e-08
-8.37760452556984e-09,-0.00455093966941169,-4.82391552527674e-08
-8.37439156368677e-09,-0.00455687483647185,-4.87652675991816e-08
-8.37780786473733e-09,-0.00456251909377383,-4.95844985318879e-08
-8.37484828066515e-09,-0.00456778183566839,-5.07509508724372e-08
-8.36189484701676e-09,-0.00457256592604439,-5.22293521647129e-08
-8.34136620726441e-09,-0.0045767751473092,-5.39261064163511e-08
-8.31105768444955e-09,-0.00458032130758987,-5.56672892432525e-08
-8.27563020881896e-09,-0.00458312903292605,-5.73392189172253e-08
-8.25056847315741e-09,-0.00458513848329014,-5.90048535848539e-08
-8.25239874213491e-09,-0.00458630669891121,-6.0892854970176e-08
-8.29123609838565e-09,-0.00458660836715261,-6.33587528031362e-08
-8.35335034274028e-09,-0.00458603527409088,-6.66375760825634e-08
-8.41843528314365e-09,-0.00458459433848845,-7.07943970410129e-08
-8.4749333683523e-09,-0.00458230408098391,-7.57366713854339e-08
-8.50232184859994e-09,-0.00457918994496493,-8.1109230017669e-08
-8.48867494653199e-09,-0.00457527924324813,-8.64175503708645e-08
-8.45007609029496e-09,-0.00457059702338295,-9.13232741034e-08
-8.41243137111762e-09,-0.00456516338247713,-9.57004421066428e-08
-8.39376846909805e-09,-0.00455899242612688,-9.95799397334202e-08
-8.40173557466555e-09,-0.00455209295443701,-1.03084712180684e-07
-8.42639545430833e-09,-0.00454447148289237,-1.06366024213017e-07
-8.45255699037742e-09,-0.00453613549927383,-1.09550380629608e-07
-8.46685023462825e-09,-0.00452709695644361,-1.12715532290366e-07
-8.45550871944237e-09,-0.00451737463770416,-1.15873537190194e-07
-8.4299805883273e-09,-0.00450699464649647,-1.18991207642635e-07
-8.40264175368765e-09,-0.00449599045661394,-1.22025657820564e-07
-8.38119852697579e-09,-0.00448440431156916,-1.24951134175028e-07
-8.36791421523109e-09,-0.00447228787286194,-1.27797144986829e-07
-8.35895995664003e-09,-0.00445970060312714,-1.30595891046794e-07
-8.34839602323229e-09,-0.00444670615276452,-1.33359915762648e-07
-8.33143092658412e-09,-0.0044333677506348,-1.3606494636149e-07
-8.31253642711178e-09,-0.00441974381909348,-1.38633389736308e-07
-8.30012847547477e-09,-0.0044058851283073,-1.41004845395587e-07
-8.30317104051392e-09,-0.00439183369829393,-1.43126919426894e-07
-8.3097340982792e-09,-0.00437762355073814,-1.44828780933036e-07
-8.30832501242822e-09,-0.00436328202314959,-1.45989488114959e-07
-8.29517630653588e-09,-0.00434883238723704,-1.46580141840048e-07
-8.27007388102331e-09,-0.00433429721406594,-1.46680958843078e-07
-8.24995463470838e-09,-0.00431970172428334,-1.46592394080367e-07
-8.24660941113191e-09,-0.00430507748119863,-1.46615518611378e-07
-8.26871902915422e-09,-0.00429046502388399,-1.47265108638004e-07
-8.30602682354184e-09,-0.00427591410191054,-1.48898556329446e-07
-8.34169260369348e-09,-0.00426148247608502,-1.51615778850362e-07
-8.36699512953132e-09,-0.00424723343723145,-1.55333704794844e-07
-8.38025603455246e-09,-0.00423323232892833,-1.59786065306643e-07
-8.37646048127558e-09,-0.00421954260950431,-1.64372282053076e-07
-8.36087544896704e-09,-0.00420622244059582,-1.68614337592024e-07
-8.34362423558494e-09,-0.00419332196738744,-1.72281249494343e-07
-8.33224000335837e-09,-0.00418088138538731,-1.75332849281145e-07
-8.32808746014336e-09,-0.00416893042681781,-1.77846709474994e-07
-8.32800661738444e-09,-0.00415748926387647,-1.79946232132754e-07
-8.32752172577532e-09,-0.0041465705427005,-1.81731100970884e-07
-8.32138867281916e-09,-0.00413618212003562,-1.83177238801498e-07
-8.31163618202628e-09,-0.00412633061482976,-1.84248346213441e-07
-8.31920143501942e-09,-0.00411702463343394,-1.85384265045843e-07
-8.34798207810118e-09,-0.00410827665270718,-1.87004002771306e-07
-8.3857359702794e-09,-0.00410010380337306,-1.89314671408389e-07
-8.41587316446007e-09,-0.004092527391106,-1.92261999624044e-07
-8.42228984729518e-09,-0.00408557112554397,-1.95400954579638e-07
-8.40843076524932e-09,-0.00407925805383135,-1.98335042370211e-07
-8.39122344163267e-09,-0.00407360640702059,-2.00917861386058e-07
-8.38320331128651e-09,-0.00406862529820291,-2.03159035343334e-07
-8.38720590492014e-09,-0.00406431143897365,-2.05129449981065e-07
-8.39763097448061e-09,-0.00406064730057099,-2.06905529108076e-07
-8.40651295838554e-09,-0.00405760074895831,-2.08533260349914e-07
-8.40803228924397e-09,-0.00405512603283723,-2.0997926029776e-07
-8.40359847983121e-09,-0.00405316614916968,-2.11178097824657e-07
-8.39717874099755e-09,-0.00405165612566117,-2.12057433380278e-07
-8.39199800626619e-09,-0.00405052662232106,-2.12566702333802e-07
-8.39042886969566e-09,-0.00404970751392136,-2.12706783126244e-07
-8.39148509331959e-09,-0.00404913093155101,-2.12524222051867e-07
-8.39257416194748e-09,-0.0040487332984054,-2.120727831896e-07
-8.39198783842534e-09,-0.00404845615654255,-2.11391367685091e-07
-8.39465265961953e-09,-0.00404824633345642,-2.10565947312705e-07
-8.41771221201015e-09,-0.00404805496762835,-2.09896723421145e-07
-8.46169136205407e-09,-0.0040478358278277,-2.09631046433764e-07
-8.5153071828662e-09,-0.00404754465539222,-2.09893996073799e-07
-8.57077509581796e-09,-0.00404714074451393,-2.1075709412119e-07
-8.61502147471118e-09,-0.00404658812421632,-2.12120265498112e-07
-8.62438240113544e-09,-0.00404585474088004,-2.13541209785583e-07
-8.61578892669983e-09,-0.00404491117634619,-2.14803859912035e-07
-8.61183461430903e-09,-0.00404373024142383,-2.15845210085372e-07
-8.61095287546991e-09,-0.00404228827029893,-2.1657091703377e-07
-8.6085726076238e-09,-0.0040405675676317,-2.16934291017643e-07
-8.60434080400988e-09,-0.00403855897244868,-2.16950047434182e-07
-8.60027836861487e-09,-0.00403626363861147,-2.16667208171276e-07
-8.59808790305171e-09,-0.00403369365572917,-2.16143860191759e-07
-8.59797223976509e-09,-0.00403087156559264,-2.15430010187119e-07
-8.59908974804752e-09,-0.00402782900771602,-2.14560103095627e-07
-8.60054190112466e-09,-0.00402460438800722,-2.13553274375379e-07
-8.60194103996757e-09,-0.00402123987987651,-2.1241784761207e-07
-8.60839204861856e-09,-0.00401777690187295,-2.11161447466654e-07
-8.63510363717409e-09,-0.00401425085968529,-2.09837457486428e-07
-8.67448729608725e-09,-0.00401068814022034,-2.08523116246768e-07
-8.70175172549134e-09,-0.00400710645832573,-2.072097631719e-07
-8.7091119142341e-09,-0.00400351727785897,-2.05932808361758e-07
-8.69500145087811e-09,-0.00399992839626311,-2.0469093927779e-07
-8.68262440384794e-09,-0.00399634618881543,-2.03449908745597e-07
-8.69332197966941e-09,-0.00399277763189238,-2.02220095472289e-07
-8.72295818428747e-09,-0.00398923219228437,-2.01071340546181e-07
-8.75658719551623e-09,-0.00398572351165087,-2.0012886305424e-07
-8.78267812007577e-09,-0.00398227075114722,-1.99464717168301e-07
-8.79832767672484e-09,-0.00397889906012922,-1.99037100321725e-07
-8.80644907468462e-09,-0.00397563848244194,-1.98775806299401e-07
-8.80808604378101e-09,-0.00397252219863813,-1.986473130691e-07
-8.81426396202929e-09,-0.00396958435962087,-1.98781099900213e-07
-8.82977501442828e-09,-0.0039668577142582,-1.99293691765209e-07
-8.85067665198111e-09,-0.00396437158612506,-2.00228913068991e-07
-8.86879923867511e-09,-0.00396215047241984,-2.01520081494234e-07
-8.87485422866479e-09,-0.00396021339204591,-2.02891210327681e-07
-8.87099821896305e-09,-0.00395857419578209,-2.04086597741491e-07
-8.86515085641911e-09,-0.00395724259941901,-2.04956089423948e-07
-8.86164704710974e-09,-0.00395622577659391,-2.05431826671774e-07
-8.86364269365356e-09,-0.00395553022118566,-2.05543406910568e-07
-8.87705743551136e-09,-0.00395516353143131,-2.05522169560614e-07
-8.90109944969602e-09,-0.00395513594679362,-2.05598039893339e-07
-8.92581879571703e-09,-0.00395546122093196,-2.05869966211237e-07
-8.93823149524072e-09,-0.00395615670328016,-2.06172044937404e-07
-8.93821801569655e-09,-0.00395724247607618,-2.06300850261358e-07
-8.93438387122775e-09,-0.00395873987812038,-2.06121070626301e-07
-8.93407812465919e-09,-0.00396066962419022,-2.05579169822674e-07
-8.93931823252786e-09,-0.00396304975713761,-2.04703597362708e-07
-8.94835845012375e-09,-0.00396589378864239,-2.03600908216278e-07
-8.95504542488253e-09,-0.0039692095482608,-2.02326987783311e-07
-8.95659963476959e-09,-0.00397299769553333,-2.00915529479541e-07
-8.95506924560834e-09,-0.00397725070912025,-1.9938856979315e-07
-8.95448452100407e-09,-0.00398195299187871,-1.97735482867923e-07
-8.95702984787932e-09,-0.00398708208825675,-1.95908954633837e-07
-8.96190756328494e-09,-0.00399261054885592,-1.93855449951972e-07
-8.96674361158697e-09,-0.00399850816126185,-1.9153950917147e-07
-8.97027684121327e-09,-0.00400474373042344,-1.88951315191564e-07
-8.97383369236859e-09,-0.00401128624230972,-1.86140089559224e-07
-8.97726297545106e-09,-0.00401810544936401,-1.83207264407199e-07
-8.97978985513456e-09,-0.00402517159220433,-1.80248504199053e-07
-8.98090818779858e-09,-0.00403245469142448,-1.77324507614163e-07
-8.97977261788862e-09,-0.00403992350818452,-1.74444280524318e-07
-8.97887755650363e-09,-0.00404754429365315,-1.71603385134459e-07
-8.98271805606646e-09,-0.00405527991611354,-1.68858098112137e-07
-8.98557128022748e-09,-0.00406308962812059,-1.66179054431932e-07
-8.98200766846981e-09,-0.00407092932774775,-1.63512336795671e-07
-8.97244294436249e-09,-0.00407875190007645,-1.60813351692546e-07
-8.96090336709617e-09,-0.0040865088642838,-1.58053606021944e-07
-8.95240662432675e-09,-0.00409415438989099,-1.55222615069495e-07
-8.95115025025697e-09,-0.00410165071603434,-1.52338225863763e-07
-8.95218578832576e-09,-0.00410897097739713,-1.49431113671651e-07
-8.95023399882286e-09,-0.00411609941858843,-1.46519293050534e-07
-8.94918038055987e-09,-0.00412303003527219,-1.43680502688505e-07
-8.96524558705608e-09,-0.00412976514769692,-1.41214441032288e-07
-8.9936370588129e-09,-0.00413631437343269,-1.39279680534988e-07
-9.02168415386054e-09,-0.00414269361917036,-1.3789822971971e-07
-9.03692115606887e-09,-0.0041489237087345,-1.3697033830208e-07
-9.02564848573784e-09,-0.00415502855732716,-1.36191914471359e-07
-8.99803562883093e-09,-0.00416103294379764,-1.35330099272204e-07
-8.97246711766399e-09,-0.00416695955625695,-1.34266234388472e-07
-8.96077415098317e-09,-0.00417282549493391,-1.32983536187238e-07
-8.95970521944867e-09,-0.00417864050955813,-1.31533758289472e-07
-8.95870312205094e-09,-0.00418440816222127,-1.2996803780454e-07
-8.94849612064281e-09,-0.00419012854731443,-1.28248752270458e-07
-8.92817088098928e-09,-0.0041958011396729,-1.26270799280834e-07
-8.90594060248471e-09,-0.00420142663619916,-1.23965246481164e-07
-8.887726534905e-09,-0.0042070079423603,-1.21324259641941e-07
-8.8734509541926e-09,-0.00421255072493117,-1.18380420178863e-07
-8.85986671898345e-09,-0.00421806379542277,-1.15183093268057e-07
-8.84504675298434e-09,-0.00422355886668755,-1.11797634561792e-07
-8.83083436761949e-09,-0.00422904991638005,-1.08336808647946e-07
-8.81815244251459e-09,-0.00423455211905917,-1.04890133103155e-07
-8.80633967976666e-09,-0.00424008056258196,-1.01503032500444e-07
-8.79215786618435e-09,-0.00424564899826913,-9.81387900214416e-08
-8.76823163946262e-09,-0.00425126886518276,-9.45736731711689e-08
-8.73500656707065e-09,-0.0042569488666427,-9.06155080182974e-08
-8.69832555109616e-09,-0.00426269499749928,-8.61788897564452e-08
-8.6632511597507e-09,-0.00426851104710378,-8.12675342164984e-08
-8.63136628495752e-09,-0.00427439950407597,-7.59386189643755e-08
-8.60361578817175e-09,-0.00428036267782803,-7.03157961236576e-08
-8.58565654697415e-09,-0.00428640381279397,-6.47083421591453e-08
-8.57785989578712e-09,-0.00429252815392714,-5.94298828606028e-08
-8.56932275971543e-09,-0.00429874368076735,-5.45430572702102e-08
-8.5502294501107e-09,-0.00430506125468921,-4.99277819124948e-08
-8.5272383520901e-09,-0.00431149432012543,-4.55722691890592e-08
-8.5096764056084e-09,-0.00431805799735807,-4.15155208074813e-08
-8.49504707029667e-09,-0.0043247679097906,-3.77901645308171e-08
-8.47607202674532e-09,-0.00433163896426207,-3.4327012097187e-08
-8.44305319189011e-09,-0.0043386842265877,-3.0809806133378e-08
-8.39891227077682e-09,-0.00434591394510031,-2.69710250254449e-08
-8.35364994559419e-09,-0.00435333501077529,-2.27106303105794e-08
-8.31328895235905e-09,-0.00436095095761807,-1.8097517996057e-08
-8.28391001405735e-09,-0.00436876246361137,-1.34105811630952e-08
-8.2630771119074e-09,-0.00437676778812387,-8.89911607269172e-09
-8.24369399634926e-09,-0.00438496332973897,-4.69941958124569e-09
-8.22053652396179e-09,-0.00439334398143699,-8.48105103639224e-10
-8.1927183451503e-09,-0.00440190337157945,2.68412033151883e-09
-8.16234605768371e-09,-0.00441063450263472,5.95663124091348e-09
-8.13185343249082e-09,-0.00441953014778125,9.03115197724493e-09
-8.10153149643634e-09,-0.00442858276159275,1.19717099788146e-08
-8.06857701107133e-09,-0.00443778444283972,1.48793140087502e-08
-8.03211270324063e-09,-0.00444712594797726,1.78258463907624e-08
-7.9958522841067e-09,-0.00445659558044093,2.07898511194413e-08
-7.96947021390275e-09,-0.00446617828022881,2.3546276633786e-08
-7.95251545429635e-09,-0.00447585491720849,2.591419225896e-08
-7.93276053480558e-09,-0.00448560209408213,2.79433708825278e-08
-7.90378436357757e-09,-0.00449539233353509,2.97521605752067e-08
-7.86860577706304e-09,-0.00450519475533179,3.14403249843806e-08
-7.83554435287484e-09,-0.00451497618004228,3.30471398569733e-08
-7.80747966697977e-09,-0.00452470246837831,3.45498671959632e-08
-7.78461647110498e-09,-0.00453433992386918,3.58539639265416e-08
-7.77223556202797e-09,-0.00454385666179983,3.6707299684046e-08
-7.76917358196571e-09,-0.00455322499778641,3.6915491473211e-08
-7.76917773343405e-09,-0.00456242542084909,3.63990396539781e-08
-7.76620067062846e-09,-0.00457144917109342,3.51642124701239e-08
-7.75716952166736e-09,-0.00458029754772863,3.32656797668277e-08
-7.73681701201894e-09,-0.00458897897947545,3.08294503805407e-08
-7.6922613417556e-09,-0.00459750583380432,2.81832085306799e-08
-7.63246667879742e-09,-0.00460589276911345,2.55901896151344e-08
-7.5820975084603e-09,-0.00461415599923654,2.30191661395506e-08
-7.55044838670694e-09,-0.004622311275923,2.03548855416752e-08
-7.52448401088278e-09,-0.00463037063563654,1.75615116081569e-08
-7.47889472086471e-09,-0.00463834056174935,1.48677443709192e-08
-7.41996780425764e-09,-0.00464622257859288,1.25197572735516e-08
-7.36864836361146e-09,-0.00465401550891522,1.06298518338635e-08
-7.34808607285225e-09,-0.00466171777759577,9.11593936710836e-09
-7.33853485430755e-09,-0.00466932874817513,7.79409181338273e-09
-7.31661192154429e-09,-0.00467684921859117,6.53522248580943e-09
-7.27380868312086e-09,-0.0046842814491495,5.27805446876932e-09
-7.21764910544142e-09,-0.00469162886688601,3.98480749554646e-09
-7.15778048138278e-09,-0.00469889587559546,2.75586831712378e-09
-7.10085250047736e-09,-0.00470608780068614,1.71083594026973e-09
-7.04940119657702e-09,-0.00471321039430313,9.25202788899141e-10
-7.00810148071741e-09,-0.00472026916414396,4.04063567945907e-10
-6.9779424879496e-09,-0.0047272685405112,7.55273953147914e-11
-6.95201207641337e-09,-0.00473421141904545,-1.63693828025023e-10
-6.92136620482872e-09,-0.00474109899439213,-3.95402505782716e-10
-6.88232057790928e-09,-0.00474793104050063,-6.44602474682729e-10
-6.84832945262723e-09,-0.00475470646284601,-9.17166674061762e-10
-6.81226939045944e-09,-0.00476142406600634,-1.16171755666129e-09
-6.76355149847353e-09,-0.00476808337898986,-1.32740208603983e-09
-6.70761345468198e-09,-0.00477468549695303,-1.45490146989454e-09
-6.65432904643518e-09,-0.00478123338988928,-1.59990114920383e-09
-6.60819405979305e-09,-0.00478773204832395,-1.80317032158468e-09
-6.56702771266825e-09,-0.00479418839901756,-2.08620241805031e-09
-6.52601243234323e-09,-0.00480061094133299,-2.45037743385358e-09
-6.48127025298777e-09,-0.00480700915187802,-2.88026487470048e-09
-6.43065911228282e-09,-0.00481339274767328,-3.3410311008179e-09
-6.37570743506533e-09,-0.00481977093750777,-3.78419548604104e-09
-6.31777333949221e-09,-0.0048261518034384,-4.15191728400167e-09
-6.25979469100257e-09,-0.00483254191284709,-4.38433975468284e-09
-6.20438860015882e-09,-0.00483894607646079,-4.43596113160875e-09
-6.15284023364523e-09,-0.00484536747926814,-4.28311855621687e-09
-6.10481869018085e-09,-0.00485180799229708,-3.92554878206216e-09
-6.05799965007006e-09,-0.0048582686395908,-3.37587815963039e-09
-6.01232047700346e-09,-0.00486475066486364,-2.6516915676564e-09
-5.9718449727381e-09,-0.00487125588684442,-1.80261101893451e-09
-5.93471912611464e-09,-0.00487778702167164,-9.10145328525915e-10
-5.89633512729188e-09,-0.00488434788264881,-4.95831348532301e-11
-5.85356645946944e-09,-0.00489094328425346,7.29649440338768e-10
-5.80474626958426e-09,-0.0048975786233664,1.42165258523501e-09
-5.75325750602682e-09,-0.00490425939732072,2.05465142618361e-09
-5.70109850845321e-09,-0.00491099002143575,2.70444293889355e-09
-5.64188468619476e-09,-0.0049177723944787,3.62228525584698e-09
-5.57140215563612e-09,-0.00492460508786805,5.09201552412674e-09
-5.49426050466849e-09,-0.00493148311985885,7.26864971010602e-09
-5.41922768740499e-09,-0.00493839802316102,1.01624497911905e-08
-5.35385381059616e-09,-0.00494533813981149,1.3614637896652e-08
-5.30728939215025e-09,-0.00495228905503819,1.71809997417385e-08
-5.27470099109846e-09,-0.0049592342255498,2.04841387819215e-08
-5.24275048001565e-09,-0.00496615572823858,2.33427550131776e-08
-5.20389140413282e-09,-0.00497303501459033,2.57405837735361e-08
-5.1558052518982e-09,-0.00497985356477543,2.78218251117179e-08
-5.09261696990612e-09,-0.0049865933393937,2.99676486140004e-08
-5.02997286845525e-09,-0.00499323725073402,3.22753177474304e-08
-4.97727195305634e-09,-0.00499976920249671,3.47515563340458e-08
-4.91638365634137e-09,-0.00500617444151602,3.76762142018275e-08
-4.83564523730045e-09,-0.00501244131207754,4.13195971795904e-08
-4.73347693829196e-09,-0.00501856439111488,4.59064019210753e-08
-4.62992873657339e-09,-0.00502454559444961,5.12146968206186e-08
-4.54953838743691e-09,-0.00503039254733099,5.67810261618845e-08
-4.49961159644253e-09,-0.00503611589452595,6.21439096254214e-08
-4.48022870332565e-09,-0.00504172614955554,6.6685053543419e-08
-4.4733221313245e-09,-0.00504723089105509,7.00380801055474e-08
-4.45711530057973e-09,-0.00505263358602966,7.22231839388162e-08
-4.42248572306576e-09,-0.00505793515377073,7.34517223646965e-08
-4.37528963421937e-09,-0.00506313567299506,7.39851800498208e-08
-4.3262203594675e-09,-0.00506823570647326,7.40487860112952e-08
-4.28053131001882e-09,-0.00507323669258688,7.3816759606012e-08
-4.2348315353815e-09,-0.00507814061179824,7.34727819625375e-08
-4.18680674852092e-09,-0.00508294984513007,7.31289306945112e-08
-4.13838360718193e-09,-0.00508766697911473,7.28138763288168e-08
-4.09172018752451e-09,-0.00509229469200626,7.25041726251298e-08
-4.04755299238351e-09,-0.0050968352267911,7.21602111255126e-08
-4.00528850129364e-09,-0.00510128998487295,7.17491623669525e-08
-3.96323854416112e-09,-0.00510565928166203,7.12542056894474e-08
-3.91896849074398e-09,-0.00510994229139349,7.06789728373508e-08
-3.87056407492389e-09,-0.00511413719313962,7.00452079418171e-08
-3.81445354197415e-09,-0.00511824147781975,6.94018522252955e-08
-3.75386643184023e-09,-0.00512225244629945,6.8818742992229e-08
-3.69490800956185e-09,-0.00512616775441985,6.83578862700198e-08
-3.6407221159604e-09,-0.00512998589386773,6.80610344240389e-08
-3.59275673278391e-09,-0.00513370656679761,6.79494652311107e-08
-3.55470550738226e-09,-0.00513733092883638,6.80047233034674e-08
-3.52415581200515e-09,-0.00514086155750505,6.81757748860426e-08
-3.50443002889391e-09,-0.00514430224697316,6.8375063078709e-08
-3.48851790369794e-09,-0.00514765768001919,6.85328411249077e-08
-3.46234532762788e-09,-0.00515093296655264,6.87630330478341e-08
-3.42044604460708e-09,-0.00515413327416133,6.91799866950885e-08
-3.36108242026633e-09,-0.00515726345880228,6.98666322963445e-08
-3.29749231241557e-09,-0.00516032772591997,7.08359251105825e-08
-3.24910535549722e-09,-0.00516332943220954,7.18603580712316e-08
-3.22129633766041e-09,-0.0051662712370585,7.26216580166741e-08
-3.20344100986431e-09,-0.00516915519823462,7.29064535211991e-08
-3.18269618583197e-09,-0.00517198304239242,7.26440814244053e-08
-3.15253635416095e-09,-0.00517475653561893,7.18972353640642e-08
-3.11123427351917e-09,-0.00517747785506205,7.08765306029175e-08
-3.06800385279906e-09,-0.00518014990193708,6.97867522944139e-08
-3.0389117791798e-09,-0.00518277649247084,6.87132879493723e-08
-3.02326229153784e-09,-0.00518536234494574,6.76160176415342e-08
-3.0098290693696e-09,-0.00518791291005142,6.64043797821651e-08
-2.98960542867625e-09,-0.00519043406946877,6.5016208205298e-08
-2.9562173481865e-09,-0.00519293174918394,6.35251826672386e-08
-2.90470185551697e-09,-0.00519541142986792,6.21316067151647e-08
-2.84459580863411e-09,-0.00519787778758231,6.1019908431106e-08
-2.78968061707323e-09,-0.00520033442028311,6.02785885782958e-08
-2.74655892749768e-09,-0.00520278365624847,5.98553471310907e-08
-2.71831771490582e-09,-0.00520522643930616,5.94575758340373e-08
-2.70045798817692e-09,-0.00520766277677856,5.8742008681419e-08
-2.68207729069453e-09,-0.00521009219289316,5.75235233224808e-08
-2.65995569663168e-09,-0.00521251426356462,5.57821105403851e-08
-2.63534144975953e-09,-0.0052149284937015,5.35880921218566e-08
-2.60993294860672e-09,-0.00521733419989023,5.10456095972997e-08
-2.58457769374492e-09,-0.00521972998258905,4.82558836563339e-08
-2.55850052923254e-09,-0.00522211325901755,4.53223582716975e-08
-2.52863367066494e-09,-0.0052244802153938,4.24052374438939e-08
-2.49536834881873e-09,-0.0052268261820128,3.9622224720106e-08
-2.46147719531481e-09,-0.00522914571244009,3.70227909161606e-08
-2.43121349118797e-09,-0.00523143230145507,3.46038592310374e-08
-2.41088205944686e-09,-0.00523367823701834,3.23058094304895e-08
-2.39798970686316e-09,-0.00523587443440621,3.00311021524188e-08
-2.38626497507948e-09,-0.00523801040308697,2.76912149822272e-08
-2.37003443818684e-09,-0.00524007449268622,2.5226287141007e-08
-2.34139791537518e-09,-0.00524205546594765,2.26417396133184e-08
-2.30891517037555e-09,-0.00524394628173909,1.99852330068464e-08
-2.28180294307228e-09,-0.00524574679662505,1.72696869131111e-08
-2.25872671267018e-09,-0.0052474622332992,1.44962919580065e-08
-2.22457617306274e-09,-0.00524909903146312,1.19061889547952e-08
-2.17677677740778e-09,-0.00525066131073584,9.73708921560386e-09
-2.12419748069936e-09,-0.00525215056276277,8.11657959881597e-09
-2.07791466233377e-09,-0.00525356722567008,7.02341161552148e-09
-2.04719847729149e-09,-0.00525491202720482,6.20368531370963e-09
-2.02865237110038e-09,-0.00525618628159613,5.41541974112445e-09
-2.01255910632214e-09,-0.00525739129933273,4.52385820674166e-09
-1.99201160410971e-09,-0.0052585276442852,3.49422657489964e-09
-1.96608348246471e-09,-0.00525959467082942,2.35813959155205e-09
-1.93971789892116e-09,-0.00526059068636737,1.12797199512634e-09
-1.92237116101725e-09,-0.00526151319666535,-3.51478132073153e-10
-1.91666473215221e-09,-0.0052623592477727,-2.28395527423236e-09
-1.92295782099381e-09,-0.00526312572958656,-5.00524247894831e-09
-1.93460904304964e-09,-0.00526380958635102,-8.64360927864219e-09
-1.9434283405065e-09,-0.00526440801704958,-1.31661231025351e-08
-1.9454311071125e-09,-0.00526491871853667,-1.84643243474693e-08
-1.94054267770899e-09,-0.00526534010948291,-2.43604206562988e-08
-1.92839250116404e-09,-0.00526567149048994,-3.05312585067473e-08
-1.91235700526378e-09,-0.00526591293148111,-3.67312552038935e-08
-1.89429013220399e-09,-0.00526606506820557,-4.2802726512869e-08
-1.86855551899633e-09,-0.00526612880350963,-4.85153126552919e-08
-1.83824728075327e-09,-0.00526610516036929,-5.37268502689934e-08
-1.81500395541934e-09,-0.00526599508822898,-5.84396652565983e-08
-1.80339153638661e-09,-0.00526579929926605,-6.28064618743744e-08
-1.80429946268821e-09,-0.0052655182067243,-6.7175608452689e-08
-1.80783486873295e-09,-0.00526515185920872,-7.17866783184481e-08
-1.79517489607878e-09,-0.00526470008870072,-7.65466677138873e-08
-1.76556618432581e-09,-0.00526416253650671,-8.12599476215838e-08
-1.7305917122764e-09,-0.00526353886395702,-8.57689620745769e-08
-1.69988306480516e-09,-0.00526282904266192,-8.99899337247476e-08
-1.67677655861535e-09,-0.00526203352707886,-9.38911622450612e-08
-1.66213925402009e-09,-0.00526115323252218,-9.74475635252804e-08
-1.65193221383136e-09,-0.00526018994877304,-1.0070016128102e-07
-1.64116245366216e-09,-0.0052591465617727,-1.03772555016052e-07
-1.62251462861347e-09,-0.00525802655688545,-1.06754286227031e-07
-1.59763690246638e-09,-0.00525683362790624,-1.09667045307169e-07
-1.57257176860405e-09,-0.00525557131938372,-1.12497483235765e-07
-1.55040494232864e-09,-0.00525424264459914,-1.15224078371003e-07
-1.53063577802712e-09,-0.005252850265973,-1.17828927923724e-07
-1.51030397531431e-09,-0.00525139642635979,-1.20302961250732e-07
-1.48260047713034e-09,-0.00524988292397838,-1.2261929268289e-07
-1.45475744218291e-09,-0.00524831120232246,-1.24743757749472e-07
-1.43289159646615e-09,-0.0052466823165759,-1.26667679917958e-07
-1.41604095352353e-09,-0.00524499707570856,-1.28399534194084e-07
-1.39974725220502e-09,-0.00524325626611872,-1.29951527324792e-07
-1.38081959516859e-09,-0.0052414608593292,-1.31332311675088e-07
-1.35918249215504e-09,-0.00523961210730512,-1.3254611374303e-07
-1.33672271509119e-09,-0.00523771168082065,-1.33594905994252e-07
-1.31527982468962e-09,-0.00523576165872513,-1.34480590823995e-07
-1.29651540539519e-09,-0.00523376436848675,-1.35229945455939e-07
-1.28309685616321e-09,-0.00523172216421342,-1.35954392692092e-07
-1.27380088688047e-09,-0.00522963724217379,-1.36746913667498e-07
-1.26510517712624e-09,-0.00522751143498794,-1.37648479182985e-07
-1.25425144732843e-09,-0.00522534607189847,-1.38635877558523e-07
-1.23942944892039e-09,-0.00522314197667356,-1.3958920104681e-07
-1.21849428855476e-09,-0.00522089930212454,-1.40401025488315e-07
-1.19386641537303e-09,-0.00521861753249434,-1.41006757639079e-07
-1.17014988119719e-09,-0.00521629556673845,-1.41385456147845e-07
-1.15007507911884e-09,-0.00521393190579935,-1.41549454116996e-07
-1.13316247342961e-09,-0.00521152518142854,-1.41528304377464e-07
-1.11906293071735e-09,-0.00520907428553464,-1.41401950737377e-07
-1.11191993384351e-09,-0.00520657850624661,-1.41411099682005e-07
-1.11049550464799e-09,-0.00520403748017155,-1.41748790719359e-07
-1.11307274674052e-09,-0.00520145112715068,-1.42498802604575e-07
-1.1201433782433e-09,-0.00519881952267706,-1.43595103241298e-07
-1.11343104376188e-09,-0.00519614267241841,-1.4461260367702e-07
-1.08598033979084e-09,-0.00519342051286758,-1.45124565843911e-07
-1.04593672532231e-09,-0.00519065276265623,-1.44828225120738e-07
-1.01563326545757e-09,-0.00518783885121236,-1.43961503820358e-07
-9.96788031980477e-10,-0.00518497792949127,-1.42867255584654e-07
-9.87898311935613e-10,-0.00518206882653701,-1.4178838343213e-07
-9.83073080943185e-10,-0.00517911002275753,-1.40865545979786e-07
-9.75589685513151e-10,-0.00517609978373698,-1.40146621485143e-07
-9.62125593568515e-10,-0.00517303643019714,-1.39611259575664e-07
-9.41885425292185e-10,-0.00516991837679688,-1.39195754651946e-07
-9.16972399181643e-10,-0.0051667442427208,-1.38815134309237e-07
-8.94024074143087e-10,-0.00516351302178297,-1.38438745096057e-07
-8.8190121827246e-10,-0.00516022423887165,-1.38230147130832e-07
-8.78996364417158e-10,-0.00515687789091819,-1.38343231607132e-07
-8.77474301519792e-10,-0.00515347434549975,-1.38845922380509e-07
-8.7233937686733e-10,-0.00515001423819059,-1.39731005139561e-07
-8.63442636104336e-10,-0.00514649827822165,-1.40903471248593e-07
-8.47115099183051e-10,-0.00514292695132577,-1.42091526786222e-07
-8.24837116331447e-10,-0.00513930063981907,-1.43065602621314e-07
-7.99279412650997e-10,-0.00513561963286781,-1.43709542497047e-07
-7.67443501671651e-10,-0.00513188413482169,-1.43980406170229e-07
-7.31560411383207e-10,-0.00512809436121453,-1.43870231224694e-07
-6.96519449748014e-10,-0.00512425042563504,-1.43395872574042e-07
-6.64708998786428e-10,-0.00512035238795794,-1.42585856555597e-07
-6.35332268626368e-10,-0.00511640040702538,-1.41465768602867e-07
-6.09877228497439e-10,-0.00511239490194385,-1.40075335217977e-07
-5.98383319434743e-10,-0.00510833667515548,-1.38549399889778e-07
-6.0099641266746e-10,-0.00510422702591979,-1.37030404496999e-07
-6.02205108657476e-10,-0.00510006774232832,-1.35579761050757e-07
-5.88471042074001e-10,-0.00509586100125715,-1.34097993052011e-07
-5.67250911152552e-10,-0.00509160922687412,-1.32472715352656e-07
-5.48430894460463e-10,-0.00508731484821421,-1.30656741861478e-07
-5.3504135110867e-10,-0.00508298031607347,-1.28659620154718e-07
-5.22065216827205e-10,-0.00507860799043647,-1.26519269458476e-07
-4.9806155826239e-10,-0.00507420001609125,-1.24251512346006e-07
-4.64337206578369e-10,-0.00506975831698944,-1.21835336232311e-07
-4.29611237603883e-10,-0.00506528473624376,-1.19243151408438e-07
-4.01392586163893e-10,-0.00506078087464284,-1.1646040032656e-07
-3.85212395663974e-10,-0.00505624809598862,-1.13506674566145e-07
-3.77721491489757e-10,-0.00505168767544512,-1.10477865059206e-07
-3.76874539863395e-10,-0.00504710092956596,-1.07634074648379e-07
-3.78992943262124e-10,-0.00504248943609604,-1.05180130683273e-07
-3.80913936379922e-10,-0.00503785514905644,-1.03202315771073e-07
-3.80213070431885e-10,-0.00503320032865794,-1.01674881937601e-07
-3.72345163900137e-10,-0.00502852734640743,-1.00418343441342e-07
-3.53768590630441e-10,-0.00502383882706269,-9.91760916154771e-08
-3.25178588029725e-10,-0.00501913746464103,-9.7747830467893e-08
-2.91124482530349e-10,-0.00501442584439952,-9.59796196494394e-08
-2.60208094397439e-10,-0.00500970627690432,-9.3814327664232e-08
-2.42958748021199e-10,-0.0050049806824048,-9.12930285624774e-08
-2.37912127384263e-10,-0.00500025055756534,-8.85400503627718e-08
-2.34511859710409e-10,-0.00499551702306935,-8.58147455782221e-08
-2.26327235063872e-10,-0.00499078090361643,-8.33073420922021e-08
-2.13101589371145e-10,-0.00498604292904834,-8.10806622529228e-08
-1.95597631736307e-10,-0.00498130408028753,-7.90654155994101e-08
-1.75553430127767e-10,-0.00497656535022848,-7.71661764916564e-08
-1.56835406898197e-10,-0.00497182770493972,-7.53133007606251e-08
-1.47100653664564e-10,-0.00496709216592407,-7.34929098224004e-08
-1.45463715604559e-10,-0.00496235982568642,-7.17431754359922e-08
-1.45777798842901e-10,-0.00495763175805057,-7.01177479397033e-08
-1.43426926484008e-10,-0.00495290914340189,-6.86626195950477e-08
-1.37510995595238e-10,-0.00494819324395173,-6.74100725383033e-08
-1.27172857284997e-10,-0.004943485288788,-6.63790418411174e-08
-1.07476330244424e-10,-0.00493878636500305,-6.55580689751007e-08
-8.36180518286573e-11,-0.0049340972554156,-6.49250037764248e-08
-7.0508660302984e-11,-0.00492941826324091,-6.45356400000237e-08
-6.89672797846744e-11,-0.00492474936748301,-6.44380173992424e-08
-6.44165973555184e-11,-0.00492009032645121,-6.45406375823305e-08
-4.47145314387443e-11,-0.00491544083977548,-6.47559796236245e-08
-1.62468336236041e-11,-0.00491080073266949,-6.51040500025892e-08
1.53768731554417e-11,-0.00490617004025798,-6.54743067616135e-08
4.37319476997133e-11,-0.00490154899096666,-6.58385698009599e-08
6.78603410422231e-11,-0.00489693797449493,-6.62156271937374e-08
8.87285510884314e-11,-0.00489233752417857,-6.667271442918e-08
1.01423806816316e-10,-0.00488774826510906,-6.74339659069059e-08
1.06604911338756e-10,-0.00488317094851509,-6.86343141644831e-08
1.19023365145488e-10,-0.0048786063271537,-7.01276620675594e-08
1.41862047291308e-10,-0.00487405520055224,-7.17318810878907e-08
1.64033629356114e-10,-0.00486951837317985,-7.34164803463735e-08
1.85167143336931e-10,-0.00486499652334419,-7.51979085617819e-08
2.08629534477152e-10,-0.00486049014553116,-7.70547900299401e-08
2.34779405780551e-10,-0.00485599952103858,-7.89582133877009e-08
2.64266280902723e-10,-0.00485152478528638,-8.08233356240534e-08
3.03488691466317e-10,-0.00484706608470045,-8.23504086401896e-08
3.52205860564273e-10,-0.00484262357462451,-8.32942947442187e-08
4.05247351170698e-10,-0.00483819749972916,-8.35869547943702e-08
4.48981757746083e-10,-0.004833788325761,-8.34431315555553e-08
4.75019137513879e-10,-0.00482939668818463,-8.31706547174375e-08
4.90135185826107e-10,-0.00482502343136278,-8.2999139579851e-08
5.06927506857427e-10,-0.00482066956691513,-8.3020632833982e-08
5.33810721696256e-10,-0.00481633615053798,-8.31698862028484e-08
5.69162519158659e-10,-0.00481202457260836,-8.3335219789423e-08
6.04418630993016e-10,-0.00480773631863873,-8.34703478336246e-08
6.28748927262569e-10,-0.00480347282609053,-8.37350022153205e-08
6.42776476986805e-10,-0.00479923531401459,-8.42892991152171e-08
6.54669205609192e-10,-0.0047950247141306,-8.5215630323226e-08
6.7132971738438e-10,-0.00479084170383381,-8.65259830334024e-08
6.96139876176901e-10,-0.00478668672677074,-8.81385297822474e-08
7.32358514340657e-10,-0.00478255993786351,-8.97846624029163e-08
7.7553828088376e-10,-0.00477846151325921,-9.12346915399349e-08
8.18851333843849e-10,-0.00477439178247748,-9.23632218479579e-08
8.59839063092979e-10,-0.00477035149668996,-9.31003859195223e-08
8.98977173026251e-10,-0.00476634170055554,-9.34449311584947e-08
9.37888101078761e-10,-0.00476236362909183,-9.34432948662539e-08
9.7781576965791e-10,-0.00475841863618825,-9.3157912722723e-08
1.01834834364532e-09,-0.00475450816958332,-9.26575228731069e-08
1.05709988259399e-09,-0.00475063377795529,-9.20369920812355e-08
1.09330481880407e-09,-0.00474679689307621,-9.13649174952612e-08
1.13006394581959e-09,-0.00474299872196614,-9.06687690670685e-08
1.17613953765744e-09,-0.0047392402229084,-8.99236691145453e-08
1.23405743619991e-09,-0.00473552210369676,-8.90546503660408e-08
1.29627873087984e-09,-0.0047318448316039,-8.79982025623632e-08
1.34907176721584e-09,-0.00472820865945577,-8.67996351458733e-08
1.3824977244404e-09,-0.0047246137052608,-8.55063448957319e-08
1.41177178843806e-09,-0.00472105991676454,-8.40030359468283e-08
1.4496818295658e-09,-0.00471754728711243,-8.21938276245734e-08
1.49650337431108e-09,-0.00471407597262707,-8.00511374084792e-08
1.55522809057165e-09,-0.00471064641694239,-7.73081692591614e-08
1.62769296784591e-09,-0.00470725919571639,-7.36579703902838e-08
1.71378292346682e-09,-0.00470391497820317,-6.8939213569516e-08
1.79473957209975e-09,-0.00470061448334037,-6.32185223390597e-08
1.86316703798078e-09,-0.00469735835224822,-5.67150930567132e-08
1.92855190082976e-09,-0.0046941470637527,-4.97976939517808e-08
1.99618038461241e-09,-0.00469098111134304,-4.27835327704218e-08
2.06828736821329e-09,-0.00468786081461363,-3.57887051960321e-08
2.13042612105528e-09,-0.0046847862487464,-2.87920544502364e-08
2.17445777167797e-09,-0.00468175736789187,-2.1754873927452e-08
2.20630185852741e-09,-0.00467877390190258,-1.4653373561106e-08
2.22705396648299e-09,-0.00467583538687271,-7.50864963608104e-09
2.24096612804721e-09,-0.00467294115802515,-4.16139100206359e-10
2.2490272478583e-09,-0.00467009020473152,6.41872636546438e-09
2.26345927670216e-09,-0.00466728162272893,1.28317848851089e-08
2.2884800504121e-09,-0.00466451475583516,1.87838379360156e-08
2.32063540200691e-09,-0.004661789091443,2.43532159393312e-08
2.35233013271694e-09,-0.00465910465097235,2.95336203316949e-08
2.38360795506251e-09,-0.00465646171671752,3.42952480928288e-08
2.41709427119566e-09,-0.00465386063168781,3.86503607557037e-08
2.45575987513048e-09,-0.00465130179066,4.27095172415824e-08
2.49780467290837e-09,-0.00464878534863699,4.65727809642318e-08
2.53924785647132e-09,-0.00464631114980962,5.02918838370114e-08
2.57973740421524e-09,-0.00464387875576411,5.39260396401557e-08
2.62590416891627e-09,-0.00464148750367061,5.76778339190124e-08
2.67899777074527e-09,-0.00463913676787007,6.17033810566882e-08
2.735188278593e-09,-0.00463682590261143,6.60565817825576e-08
2.79022912899251e-09,-0.00463455424327899,7.07157983114464e-08
2.84207905583861e-09,-0.00463232115768665,7.5620422241278e-08
2.88893442319388e-09,-0.00463012607848653,8.06541577044639e-08
2.92579627259127e-09,-0.00462796849477991,8.55446777557775e-08
2.95461030233063e-09,-0.00462584805655756,9.00765053602282e-08
2.98179426953934e-09,-0.00462376460113452,9.41564132238771e-08
3.01254538231338e-09,-0.00462171811775668,9.77865456934001e-08
3.04829431381627e-09,-0.00461970868478024,1.0102250008994e-07
3.08944213518939e-09,-0.00461773639942455,1.03937851755544e-07
3.13941254313835e-09,-0.00461580132037205,1.06620539876337e-07
3.19450394340641e-09,-0.00461390329703419,1.09163275775041e-07
3.24801498191151e-09,-0.00461204179394303,1.11636718169043e-07
3.29472835238228e-09,-0.00461021679015064,1.14079352489419e-07
3.32906055419265e-09,-0.00460842833198194,1.16483503085613e-07
3.35302438499587e-09,-0.00460667627960967,1.18796405370571e-07
3.37559441220489e-09,-0.00460496032375088,1.20955330941865e-07
3.40328355390462e-09,-0.0046032800297877,1.22917344171133e-07
3.43702125323128e-09,-0.0046016348379052,1.24664841321854e-07
3.47598329543983e-09,-0.0046000243173087,1.26206211708659e-07
3.51622754351645e-09,-0.00459844822791061,1.27565597242624e-07
3.554461251736e-09,-0.00459690640387201,1.28764158511065e-07
3.59046096078968e-09,-0.00459539885947072,1.2981314985884e-07
3.62600851619609e-09,-0.00459392576835855,1.30716507371528e-07
3.66367396164012e-09,-0.00459248736905679,1.31477180027683e-07
3.70764700285551e-09,-0.00459108386837919,1.32112186334369e-07
3.75920042744814e-09,-0.00458971537700101,1.32664364143697e-07
3.81354440743636e-09,-0.00458838187011045,1.33188681791749e-07
3.86555543508915e-09,-0.00458708317815899,1.33731187627879e-07
3.91091587339048e-09,-0.00458581901176863,1.34318995645347e-07
3.94181149214463e-09,-0.00458458894948608,1.34916791854033e-07
3.96260789340726e-09,-0.00458339234795439,1.35431802538754e-07
3.98840387229438e-09,-0.0045822288267893,1.35926003303724e-07
4.029099334988e-09,-0.00458109815823858,1.36583668142191e-07
4.09225463785693e-09,-0.00458000031302158,1.37885122264343e-07
4.17132553305749e-09,-0.00457893528300321,1.40246211381199e-07
4.2556751380635e-09,-0.0045779029803698,1.4395503325519e-07
4.32513150974916e-09,-0.00457690339115552,1.48746513032892e-07
4.37191617420538e-09,-0.00457593643864044,1.54046130822952e-07
4.40454941143664e-09,-0.00457500199929808,1.59388169742122e-07
4.43196063863335e-09,-0.00457409986915308,1.64426123296357e-07
4.45081471181353e-09,-0.00457322960296918,1.68693797515606e-07
4.46723895734168e-09,-0.00457239061362396,1.72028470835106e-07
4.48822307997244e-09,-0.00457158269693651,1.74499089168188e-07
4.51558774033813e-09,-0.00457080566657196,1.76269307407671e-07
4.54687663122807e-09,-0.00457005917500078,1.77513965606141e-07
4.58024753957079e-09,-0.00456934267282915,1.78410509256899e-07
4.61583844372929e-09,-0.00456865542313748,1.79151084577798e-07
4.64295230396797e-09,-0.00456799693921506,1.79597581551142e-07
4.65967088312168e-09,-0.00456736684229955,1.79547035524108e-07
4.67989377004819e-09,-0.00456676473187459,1.78894289448866e-07
4.70960575850178e-09,-0.00456619020656482,1.77652398740765e-07
4.74093031299492e-09,-0.00456564285461206,1.75805747364276e-07
4.75571390233791e-09,-0.00456512217086289,1.73068240642631e-07
4.75417342337878e-09,-0.00456462776748923,1.69389649696518e-07
4.75417935394516e-09,-0.00456415932363848,1.64980374756237e-07
4.77263931094253e-09,-0.00456371641921716,1.60245304219473e-07
4.80775630875342e-09,-0.00456329856265015,1.55511333944118e-07
4.84757422047981e-09,-0.00456290514782908,1.5096764143778e-07
4.88264861970488e-09,-0.00456253526900917,1.46748212402495e-07
4.90261560456888e-09,-0.004562188078014,1.42858097352488e-07
4.90364781931651e-09,-0.00456186305628301,1.39170286626961e-07
4.89405971065849e-09,-0.00456155978868603,1.35491427520393e-07
4.88871197685039e-09,-0.00456127785791443,1.31648849830468e-07
4.89455453303565e-09,-0.00456101679941263,1.27583448168757e-07
4.91282811567375e-09,-0.00456077602146535,1.23458118576885e-07
4.93264287556309e-09,-0.00456055501397319,1.19285588893182e-07
4.93418389746905e-09,-0.00456035346779586,1.14505220664106e-07
4.91560329211539e-09,-0.00456017118420033,1.0861363866531e-07
4.89703834736704e-09,-0.00456000806155385,1.01518257785734e-07
4.91546556173922e-09,-0.00455986419899302,9.38735855701169e-08
4.97163366814545e-09,-0.00455973960320935,8.63826708474283e-08
5.03816974833509e-09,-0.00455963409317525,7.9440557985205e-08
5.08198536224337e-09,-0.00455954734787266,7.29552648263566e-08
5.08506402156369e-09,-0.00455947882504857,6.64890453779721e-08
5.064117232171e-09,-0.0045594278878636,5.96298508153101e-08
5.05104661472379e-09,-0.00455939390144342,5.21635660054619e-08
5.06173291583541e-09,-0.00455937624536528,4.41485068394333e-08
5.09816767831979e-09,-0.00455937422239852,3.60123910414848e-08
5.14754883431665e-09,-0.00455938728309152,2.8186983637272e-08
5.19846417855495e-09,-0.00455941512738875,2.10183896544785e-08
5.2454817312919e-09,-0.00455945765517703,1.46828500884931e-08
5.28781036606614e-09,-0.00455951481640158,9.26401919490365e-09
5.33027062778276e-09,-0.00455958653065422,4.85988241659658e-09
5.36129109261827e-09,-0.00455967288672601,1.09492533016974e-09
5.3783403671632e-09,-0.00455977396407705,-2.44490759630671e-09
5.38906912703573e-09,-0.00455988974162795,-6.00919086775259e-09
5.39987113835762e-09,-0.00456002012743587,-9.73300935523349e-09
5.40599948463521e-09,-0.00456016497311288,-1.38532989793991e-08
5.40050586698911e-09,-0.0045603239600205,-1.86821536500008e-08
5.38639386258032e-09,-0.00456049668860849,-2.43822255273489e-08
5.37361653782763e-09,-0.0045606827554026,-3.09011818813178e-08
5.3748957844289e-09,-0.00456088184412274,-3.78943583837114e-08
5.39318201977509e-09,-0.00456109365413284,-4.49358105178586e-08
5.41990885806352e-09,-0.00456131792456935,-5.17336040502476e-08
5.44467998660533e-09,-0.00456155445672922,-5.81639620701461e-08
5.46344549693602e-09,-0.00456180307444456,-6.42039987163802e-08
5.47956025852452e-09,-0.00456206343663042,-6.98290190716103e-08
5.49418665545781e-09,-0.00456233509919733,-7.51049559081789e-08
5.50735472776006e-09,-0.00456261776258744,-8.01072719896688e-08
5.51854507055852e-09,-0.00456291132159239,-8.48467292842152e-08
5.52873642057831e-09,-0.00456321576351731,-8.93292493041543e-08
5.53926287995561e-09,-0.00456353107061739,-9.35684762331089e-08
5.55133844356638e-09,-0.0045638571528284,-9.75803021828455e-08
5.56906240464443e-09,-0.00456419390717513,-1.01322934781516e-07
5.59681528540528e-09,-0.00456454148754965,-1.04576358452248e-07
5.63065463693984e-09,-0.00456489993404973,-1.07160225433077e-07
5.66372574097657e-09,-0.00456526906700516,-1.09005500143221e-07
5.69095154611876e-09,-0.00456564845897579,-1.10162824926351e-07
5.70848677226908e-09,-0.00456603723206393,-1.10842312243271e-07
5.71624918524028e-09,-0.00456643462561202,-1.1125928519321e-07
5.71155987584956e-09,-0.00456684032946158,-1.11628652897001e-07
5.69998469556925e-09,-0.00456725428321725,-1.12103107228707e-07
5.68987612140642e-09,-0.00456767651912337,-1.12748783662606e-07
5.68709458826829e-09,-0.00456810704729967,-1.136096481921e-07
5.69590259722464e-09,-0.00456854575890858,-1.14818943603516e-07
5.71414587483074e-09,-0.00456899243523392,-1.16370710261301e-07
5.74539897440988e-09,-0.00456944673584785,-1.17890744153859e-07
5.78502101947847e-09,-0.00456990852147339,-1.18695057479297e-07
5.82659033591331e-09,-0.00457037766631708,-1.18324460821109e-07
5.86252033539425e-09,-0.00457085399574668,-1.16724045632843e-07
5.87839139455427e-09,-0.00457133738820612,-1.14381123133945e-07
5.87426054812472e-09,-0.0045718276284361,-1.11808510051361e-07
5.86130373306673e-09,-0.00457232440308708,-1.0933274080862e-07
5.85096937096037e-09,-0.00457282732482437,-1.07090706257215e-07
5.84865672846824e-09,-0.00457333588596889,-1.05081910641108e-07
5.85117162397633e-09,-0.00457384965590622,-1.03236417072114e-07
5.84789441064334e-09,-0.0045743683450715,-1.01490315534933e-07
5.83623386301264e-09,-0.0045748917901557,-9.98204346308489e-08
5.82031425457612e-09,-0.00457541990891154,-9.82311173230108e-08
5.80634368775158e-09,-0.00457595266271493,-9.66919257023619e-08
5.80393517112766e-09,-0.0045764900657721,-9.50083742129283e-08
5.81852169156744e-09,-0.0045770320929081,-9.29868665514677e-08
5.84428695270369e-09,-0.00457757860639295,-9.04574539148708e-08
5.87024928044431e-09,-0.00457812937845919,-8.73445717222507e-08
5.88903943173058e-09,-0.00457868407408343,-8.36805459651566e-08
5.89847856351029e-09,-0.00457924213750227,-7.96034092924699e-08
5.89994488170597e-09,-0.00457980313216117,-7.52964939073516e-08
5.89170530174443e-09,-0.00458036705572007,-7.10613900625805e-08
5.87691130641724e-09,-0.00458093400989485,-6.71117500499658e-08
5.86044424988033e-09,-0.00458150404770799,-6.3522976826143e-08
5.84349941937645e-09,-0.00458207715887056,-6.02827806578576e-08
5.82772450865477e-09,-0.00458265328483742,-5.73420242762167e-08
5.81526335278643e-09,-0.00458323234727539,-5.46412550339726e-08
5.80822658530673e-09,-0.00458381427524134,-5.21178137813663e-08
5.80354792709658e-09,-0.00458439901412613,-4.97144852748869e-08
5.79656500247045e-09,-0.00458498649193646,-4.73940538631673e-08
5.78552200008244e-09,-0.00458557648838509,-4.51413388553767e-08
5.77211845370426e-09,-0.00458616877592653,-4.29554551045064e-08
5.75913557029284e-09,-0.00458676313533586,-4.08399405587952e-08
5.74802382581288e-09,-0.00458735932094101,-3.87960671878062e-08
5.73823946355979e-09,-0.00458795738984964,-3.68206608897696e-08
5.7281622458519e-09,-0.0045885574377905,-3.49070655495379e-08
5.71641152320629e-09,-0.00458915948014458,-3.30472134580717e-08
5.70253599077911e-09,-0.00458976343711876,-3.11877664248037e-08
5.68527871999963e-09,-0.00459036910447461,-2.91804418884644e-08
5.65983130242748e-09,-0.00459097617543704,-2.71242768885868e-08
5.62626084224469e-09,-0.00459158426098669,-2.52396769509832e-08
5.59203063878248e-09,-0.0045921931603565,-2.36651567222645e-08
5.56914686218639e-09,-0.00459280302934185,-2.23463926135079e-08
5.55840905345334e-09,-0.00459341414883279,-2.1218635047096e-08
5.55194853884571e-09,-0.00459402674698859,-2.02230054103964e-08
5.5440435310522e-09,-0.00459464093493682,-1.93080544210396e-08
5.53248417332494e-09,-0.00459525674153235,-1.84347330283138e-08
5.51753269036429e-09,-0.00459587424012887,-1.7578988091605e-08
5.4987137658187e-09,-0.00459649345911571,-1.6734996489914e-08
5.47606725971862e-09,-0.00459711446386943,-1.59167566788595e-08
5.45220345413473e-09,-0.00459773723243645,-1.51460083425531e-08
5.43013583869737e-09,-0.00459836163086317,-1.44372813567056e-08
5.41203889709331e-09,-0.00459898735035221,-1.37875653081053e-08
5.39609127472315e-09,-0.00459961378434802,-1.3179680026195e-08
5.38126404041315e-09,-0.00460024040068687,-1.25479559582744e-08
5.37062639007722e-09,-0.00460086687463194,-1.17135206122741e-08
5.35821689695271e-09,-0.00460149325991184,-1.07091184305351e-08
5.34064018867194e-09,-0.00460211976627694,-9.6370472118151e-09
5.31928570656136e-09,-0.00460274658836778,-8.57849143517409e-09
5.29707074339141e-09,-0.00460337376391478,-7.57824254557051e-09
5.27586922504967e-09,-0.00460400099962831,-6.64772043363073e-09
5.25524511855978e-09,-0.0046046279991463,-5.7773762701066e-09
5.23059474350613e-09,-0.00460525463834978,-5.00426417774952e-09
5.19575188340955e-09,-0.00460588116566865,-4.54138357424333e-09
5.15467934398744e-09,-0.00460650781974897,-4.56672834958064e-09
5.11827718579357e-09,-0.00460713468079627,-5.13942731688976e-09
5.08829714183199e-09,-0.00460776167687179,-6.22177860216653e-09
5.05776433101313e-09,-0.00460838856775737,-7.75639284154517e-09
5.02879792989681e-09,-0.00460901486376804,-9.67690334266304e-09
5.00602887109453e-09,-0.00460964022082419,-1.17536256189517e-08
4.99461821804769e-09,-0.00461026461819584,-1.3620176004422e-08
4.98921363214326e-09,-0.00461088815974553,-1.50264668919393e-08
4.97848923376469e-09,-0.00461151096597635,-1.59075677135246e-08
4.96527739999023e-09,-0.00461213313252201,-1.63168631678475e-08
4.95244167280248e-09,-0.00461275468326373,-1.63638434915409e-08
4.93583151523418e-09,-0.0046133755366494,-1.6240497736402e-08
4.91116908327432e-09,-0.00461399555901981,-1.61148915300598e-08
4.88366257333144e-09,-0.00461461462242498,-1.6045144428759e-08
4.86639611459788e-09,-0.00461523267019628,-1.58544393671203e-08
4.86162483936139e-09,-0.004615849641412,-1.5352359158496e-08
4.86480467212394e-09,-0.00461646544174,-1.44269340895058e-08
4.87325166811097e-09,-0.00461707991324869,-1.30903817976033e-08
4.87061867661121e-09,-0.00461769278385315,-1.1635755970363e-08
4.84688595133214e-09,-0.0046183037607497,-1.03304474366947e-08
4.81291172037531e-09,-0.00461891247623779,-9.25020359041454e-09
4.78176597112851e-09,-0.00461951871197925,-8.37726983369371e-09
4.75956285995203e-09,-0.00462012241860986,-7.66017598867831e-09
4.74479523832227e-09,-0.00462072366026034,-7.03900745799938e-09
4.73370099298532e-09,-0.00462132255994848,-6.45880427817662e-09
4.72195175150634e-09,-0.00462191920944269,-5.87952955313647e-09
4.70574562989049e-09,-0.00462251371586229,-5.28661365284231e-09
4.68034139266258e-09,-0.00462310616687988,-4.70859831831817e-09
4.64957341188798e-09,-0.00462369671572542,-4.20809841774525e-09
4.62030028726526e-09,-0.00462428543729412,-3.84546276850049e-09
4.59540154937872e-09,-0.00462487229294658,-3.66021209715645e-09
4.5751953200637e-09,-0.00462545717338362,-3.66931841112145e-09
4.56188702572068e-09,-0.0046260399020443,-3.87892995817325e-09
4.55070277958668e-09,-0.00462662013409049,-4.3271385930968e-09
4.54068799272276e-09,-0.00462719778865527,-4.95127472812064e-09
4.53359453740918e-09,-0.00462777292519984,-5.66559445120861e-09
4.52941749743452e-09,-0.00462834564812757,-6.40256238196136e-09
4.52639877026301e-09,-0.00462891607502566,-7.11881480716127e-09
4.52356986769082e-09,-0.00462948427991557,-7.76738272759721e-09
4.51967080763663e-09,-0.00463005022849706,-8.3028623161739e-09
4.50409773970057e-09,-0.0046306139606168,-8.96193985707872e-09
4.47694834440342e-09,-0.00463117552711679,-9.98419358880916e-09
4.44888965252358e-09,-0.00463173500987156,-1.14446784022816e-08
4.43378135273297e-09,-0.00463229266555171,-1.31447250495884e-08
4.43282832070417e-09,-0.00463284868015238,-1.48552737368249e-08
4.43676474189645e-09,-0.00463340309034935,-1.64256556359499e-08
4.4342150640461e-09,-0.00463395582084108,-1.78029474008295e-08
4.42682627907775e-09,-0.00463450668329697,-1.89618811103481e-08
4.4295038462186e-09,-0.00463505531176676,-1.97687140755604e-08
4.43598609445383e-09,-0.00463560146508596,-2.03213756576165e-08
4.43265890886582e-09,-0.00463614499911361,-2.0924065051677e-08
4.43090164793497e-09,-0.00463668590939059,-2.1711851174333e-08
4.4415566838913e-09,-0.00463722428389991,-2.26489934736381e-08
4.46109700616216e-09,-0.00463776024189667,-2.36186752017116e-08
4.47823116797399e-09,-0.00463829388557584,-2.45027345446035e-08
4.48742558896574e-09,-0.00463882527099174,-2.51974428199027e-08
4.48766230892085e-09,-0.00463935438266315,-2.55715370312537e-08
4.48173396493961e-09,-0.00463988115364284,-2.55688268318447e-08
4.47572696204287e-09,-0.00464040551790685,-2.52075042419809e-08
4.473417959082e-09,-0.00464092747748596,-2.45390953878921e-08
4.47431244515297e-09,-0.00464144700904832,-2.36230299261111e-08
4.47594658438714e-09,-0.00464196404607036,-2.25154038790991e-08
4.47665193005397e-09,-0.00464247849826411,-2.12646269040144e-08
4.47537978175459e-09,-0.00464299027927831,-1.99107489274679e-08
4.46991235832903e-09,-0.00464349935866714,-1.84956621233e-08
4.46169891440333e-09,-0.004644005744821,-1.70648797644791e-08
4.45486626706733e-09,-0.00464450946827384,-1.56555381587419e-08
4.45314749150883e-09,-0.00464501059632911,-1.42832264583309e-08
4.45250551573617e-09,-0.00464550917962606,-1.29549348542826e-08
4.44979555477939e-09,-0.00464600524581512,-1.16875614217187e-08
4.44647553990865e-09,-0.00464649878635063,-1.05028937199606e-08
4.44835481667447e-09,-0.00464698969603606,-9.38618820952319e-09
4.45858500690948e-09,-0.00464747789265253,-8.22207977838586e-09
4.47242350748941e-09,-0.00464796332959796,-6.93432421069994e-09
4.48349935859758e-09,-0.00464844600558002,-5.58457099001243e-09
4.49593511466937e-09,-0.00464892591824443,-4.23852156366412e-09
4.51181596404907e-09,-0.00464940302334866,-2.9109724008385e-09
4.52950135874208e-09,-0.00464987724691913,-1.58420991421122e-09
4.54803370583409e-09,-0.00465034846157426,-2.03317969092081e-10
4.56898286995539e-09,-0.00465081638688377,1.34902527503523e-09
4.58924469516607e-09,-0.00465128085058647,3.13107016961788e-09
4.60689020782763e-09,-0.00465174188403518,5.30774406647206e-09
4.62324520662874e-09,-0.00465219960168635,7.98667151831191e-09
4.64038620120856e-09,-0.00465265412625562,1.1184799515276e-08
4.65886391202326e-09,-0.00465310555520801,1.48622106088675e-08
4.675787220831e-09,-0.00465355392811842,1.89044699823805e-08
4.68400016998192e-09,-0.00465399917791494,2.30246371864488e-08
4.68409945348526e-09,-0.00465444122220729,2.69819383046094e-08
4.68210610955703e-09,-0.00465487997661916,3.06544921998426e-08
4.68207987960398e-09,-0.00465531537600614,3.39945125163854e-08
4.68211538809084e-09,-0.0046557476569173,3.69296623584566e-08
4.68089209114941e-09,-0.00465617705158002,3.9428131971508e-08
4.67908856051506e-09,-0.00465660367954481,4.15055980291174e-08
4.6781262459235e-09,-0.00465702755620832,4.32018335863405e-08
4.67988123508019e-09,-0.00465744856144954,4.45851456730842e-08
4.68730180192969e-09,-0.00465786632431163,4.58004329086532e-08
4.70113906739437e-09,-0.00465828057682119,4.70101986564843e-08
4.72191354475999e-09,-0.00465869139205513,4.84339654074537e-08
4.73995865321137e-09,-0.0046590990642555,5.00373899754446e-08
4.7500422139253e-09,-0.00465950389455468,5.16927751118457e-08
4.75237020013903e-09,-0.00465990607578204,5.32384627641326e-08
4.74580645509315e-09,-0.00466030562636534,5.4386042301342e-08
4.73460217637349e-09,-0.00466070249425895,5.49283221781423e-08
4.72474894234729e-09,-0.00466109662154035,5.47947819394774e-08
4.71928044250745e-09,-0.00466148796873308,5.40149804358869e-08
4.71802629920706e-09,-0.00466187652494669,5.26818492177686e-08
4.72013556178792e-09,-0.00466226231477,5.09405602948977e-08
4.72385447451533e-09,-0.00466264536709546,4.89352542445532e-08
4.73016793189214e-09,-0.0046630256998733,4.68377510050231e-08
4.74379040807245e-09,-0.00466340331362998,4.47691355693586e-08
4.76759368406119e-09,-0.00466377815129515,4.28089540717158e-08
4.80967265159641e-09,-0.00466415004131201,4.10763781200618e-08
4.86523545553243e-09,-0.00466451914117841,3.97015270657892e-08
4.92467465805758e-09,-0.00466488570076352,3.87971174454451e-08
4.96771308897207e-09,-0.004665249898353,3.84168503747972e-08
4.98659199079124e-09,-0.00466561182769995,3.85200603494476e-08
4.99402743077039e-09,-0.00466597151054947,3.90211450166666e-08
5.00137669922028e-09,-0.00466632892248042,3.98470632405206e-08
5.0010500199286e-09,-0.00466668401982132,4.08687539720419e-08
4.99001797671949e-09,-0.00466703670685411,4.17820562532504e-08
4.97412843073049e-09,-0.00466738685808972,4.23481512876548e-08
4.96026401620631e-09,-0.00466773436834137,4.24568318360536e-08
4.95133244201829e-09,-0.00466807917991294,4.20910603077696e-08
4.94996731492312e-09,-0.00466842125979674,4.13311566953015e-08
4.96177496778087e-09,-0.00466876054164011,4.04530222013932e-08
4.97369513875572e-09,-0.00466909695404368,3.96721042935128e-08
4.97718099550399e-09,-0.00466943045431469,3.90461891766453e-08
4.97397039496277e-09,-0.0046697610408075,3.85270047860825e-08
4.96947377756517e-09,-0.00467008874118929,3.80217565776641e-08
4.96300492176364e-09,-0.00467041355809689,3.7430516107036e-08
4.94580548172048e-09,-0.00467073536647158,3.66278548819731e-08
4.92902332747793e-09,-0.00467105412478333,3.54980340501613e-08
4.92309137590218e-09,-0.00467137013432776,3.39904386371534e-08
4.93195043965643e-09,-0.00467168371523738,3.21222116139542e-08
4.94757593816329e-09,-0.00467199505685791,2.99509080389588e-08
4.96124416035218e-09,-0.00467230415759792,2.75318655417208e-08
4.97300559638201e-09,-0.00467261073962607,2.49111289585589e-08
4.98518540769001e-09,-0.00467291452247381,2.21298261741956e-08
4.99887198667844e-09,-0.00467321531531627,1.92213192623628e-08
5.01358326875766e-09,-0.00467351302362858,1.62119928697042e-08
5.02822760469186e-09,-0.00467380758617052,1.31240664647169e-08
5.04414313010808e-09,-0.00467409901605164,9.98030955358911e-09
5.06737788473834e-09,-0.00467438740240957,6.82619186402748e-09
5.09071157649786e-09,-0.00467467286367146,3.72391275213619e-09
5.09082748788721e-09,-0.00467495550475974,6.61926687475592e-10
5.06958779548588e-09,-0.00467523540820052,-2.46183164264464e-09
5.05137470825129e-09,-0.00467551262911079,-5.75145353573697e-09
5.06679620701251e-09,-0.00467578717213313,-9.2026991728241e-09
5.11221375936098e-09,-0.0046760591108503,-1.26503326171674e-08
5.16664636600055e-09,-0.00467632886220881,-1.57500568038372e-08
5.20552053495095e-09,-0.00467659677860564,-1.82645382772343e-08
5.22076085047378e-09,-0.0046768630141396,-2.0154847837784e-08
5.22328286639446e-09,-0.00467712747688146,-2.15589610620805e-08
5.2246170637221e-09,-0.00467738963868998,-2.28116326195589e-08
5.23821226637348e-09,-0.00467764884345506,-2.4154169804612e-08
5.26215208873972e-09,-0.00467790481212773,-2.56542580611546e-08
5.28998461281656e-09,-0.00467815765118785,-2.72258719795618e-08
5.32607129371186e-09,-0.0046784079660217,-2.85650151053209e-08
5.37072592767092e-09,-0.0046786563536569,-2.93921319389667e-08
5.42173013756347e-09,-0.00467890318437893,-2.95436277224538e-08
5.47673748396671e-09,-0.0046791486017828,-2.89377681724545e-08
5.51449855176888e-09,-0.00467939250386996,-2.76333630430204e-08
5.52513733741622e-09,-0.00467963452554948,-2.59486681740773e-08
5.52085132971074e-09,-0.00467987447101909,-2.41830176467379e-08
5.51673132019888e-09,-0.00468011227921875,-2.25048057156009e-08
5.51283572599965e-09,-0.00468034794776419,-2.09862440634324e-08
5.5038453798837e-09,-0.00468058149804329,-1.96489316436886e-08
5.49468000557347e-09,-0.00468081292100102,-1.84271093661516e-08
5.49148882552392e-09,-0.00468104220818052,-1.72843861993671e-08
5.49761743398055e-09,-0.0046812693843601,-1.62861568854288e-08
5.51048883886735e-09,-0.00468149448132519,-1.54830879707127e-08
5.52274544080814e-09,-0.00468171752694348,-1.48925503107509e-08
5.52923190192397e-09,-0.00468193849420998,-1.45436340942195e-08
5.52964865207495e-09,-0.00468215718128357,-1.45435147758439e-08
5.5288176014051e-09,-0.00468237346324376,-1.50116079820032e-08
5.52153159551015e-09,-0.00468258741225666,-1.61949634584947e-08
5.5047902351244e-09,-0.00468279914450677,-1.83484031721007e-08
5.48467114859477e-09,-0.00468300877597386,-2.15781503388627e-08
5.47105633020686e-09,-0.00468321640774027,-2.57488449388663e-08
5.47804675902661e-09,-0.00468342211553573,-3.03090512468849e-08
5.50291527493654e-09,-0.00468362594817486,-3.47612356454716e-08
5.53670267971904e-09,-0.00468382794308331,-3.87821162169878e-08
5.58112962820931e-09,-0.00468402814717782,-4.20545448572797e-08
5.63096936269948e-09,-0.00468422657541325,-4.44004009629924e-08
5.6775328833003e-09,-0.00468442321709533,-4.58000477673199e-08
5.71518684805071e-09,-0.00468461805741013,-4.63320712583425e-08
5.7394643550449e-09,-0.0046848110696097,-4.61705565297838e-08
5.74861484065436e-09,-0.00468500203565172,-4.56602399909263e-08
5.74823855740873e-09,-0.00468519072279098,-4.50799414584074e-08
5.74943183310988e-09,-0.0046853770032339,-4.45199783108581e-08
5.76388447150716e-09,-0.00468556117911156,-4.37873863959466e-08
5.78876683280264e-09,-0.00468574362557698,-4.26630998574739e-08
5.80814148514774e-09,-0.00468592462460289,-4.10688187292142e-08
5.81343111552349e-09,-0.00468610436349134,-3.91707408286589e-08
5.81671636012521e-09,-0.00468628289477739,-3.72064189763533e-08
5.83761492294295e-09,-0.00468646015688151,-3.52811705726192e-08
5.87421822751872e-09,-0.00468663597690754,-3.33566682781337e-08
5.90903885105605e-09,-0.00468680995377705,-3.13421970278351e-08
5.92187062597206e-09,-0.0046869817382385,-2.9194837898162e-08
5.91708604817202e-09,-0.00468715114708091,-2.69406211178844e-08
5.91108563077185e-09,-0.00468731814871081,-2.46197938124689e-08
5.91114621322146e-09,-0.00468748291067955,-2.23030997973649e-08
5.90885428907664e-09,-0.00468764600852689,-2.02116532937731e-08
5.89842962140106e-09,-0.00468780795938216,-1.85248063475574e-08
5.88224409493986e-09,-0.00468796903836202,-1.73235068581107e-08
5.8689353879601e-09,-0.00468812918320287,-1.65571299136927e-08
5.86978838345401e-09,-0.00468828778444784,-1.594342839946e-08
5.88472306466674e-09,-0.00468844433261683,-1.52540581906749e-08
5.90993635419051e-09,-0.00468859859978317,-1.43564493714584e-08
5.93641704253214e-09,-0.00468875070543682,-1.31857658863317e-08
5.95828076433851e-09,-0.004688900924653,-1.17283362251515e-08
5.97434089141189e-09,-0.00468904964279904,-9.99887469831152e-09
5.98665980804359e-09,-0.00468919714334127,-8.0234745377031e-09
5.99695065818647e-09,-0.00468934356739944,-5.83154528165036e-09
6.00556471649701e-09,-0.00468948892995999,-3.45043340487899e-09
6.00640124290298e-09,-0.00468963303118299,-9.49531030536334e-10
5.99745008043378e-09,-0.00468977529232735,1.51021719352623e-09
5.98742430359338e-09,-0.00468991532116464,3.91307041144518e-09
5.9820242001739e-09,-0.00469005297734936,6.30235888043809e-09
5.9786101564878e-09,-0.00469018839027743,8.6687945626802e-09
5.96783584154262e-09,-0.0046903221309885,1.0813936799855e-08
5.94852073214895e-09,-0.00469045472996403,1.25534899475654e-08
5.92635570771643e-09,-0.00469058648077414,1.3791231193037e-08
5.90683612682948e-09,-0.00469071745533775,1.4507704292951e-08
5.89328163911431e-09,-0.00469084749493718,1.47804811949228e-08
5.88966811554706e-09,-0.00469097603313791,1.48749686922717e-08
5.89243203663174e-09,-0.00469110256700629,1.50177015218256e-08
5.8948798555814e-09,-0.0046912268894623,1.53187350383164e-08
5.89321491516885e-09,-0.00469134912566761,1.57907593024142e-08
5.88791713512837e-09,-0.00469146950305809,1.63878892962702e-08
5.88156509640087e-09,-0.0046915882657473,1.70436793950519e-08
5.87810363973244e-09,-0.00469170572897385,1.77000233125947e-08
5.8815625871569e-09,-0.0046918221189954,1.83386846630481e-08
5.88241172392519e-09,-0.0046919375425073,1.89621471535692e-08
5.87330006045184e-09,-0.00469205195736855,1.95540855750143e-08
5.85836681045057e-09,-0.004692164996313,2.00872176531043e-08
5.84777822037303e-09,-0.00469227638223345,2.05542419725833e-08
5.84248654106646e-09,-0.00469238628120348,2.09677614485674e-08
5.83874470743234e-09,-0.00469249497356212,2.13385904282303e-08
5.83367535887581e-09,-0.0046926026796817,2.16698082583799e-08
5.82684092381939e-09,-0.00469270951340253,2.19585958293144e-08
5.81908776471438e-09,-0.00469281538136042,2.22002627232613e-08
5.81169527010557e-09,-0.00469291979748384,2.24071767924278e-08
5.80674142546628e-09,-0.00469302231901023,2.26496351215593e-08
5.80327196326417e-09,-0.00469312278639449,2.2971059326329e-08
5.79771962535937e-09,-0.00469322152805581,2.33251843479299e-08
5.7893560570554e-09,-0.00469331895071579,2.36511152535252e-08
5.77992190149057e-09,-0.00469341536968002,2.39071725221117e-08
5.77414092171408e-09,-0.00469351087018637,2.41009931146028e-08
5.78232213723596e-09,-0.00469360514151886,2.44354530717643e-08
5.80486220293884e-09,-0.00469369800378872,2.53575833209182e-08
5.83080576843709e-09,-0.0046937894229061,2.71341709767853e-08
5.84562370087354e-09,-0.00469387950826301,2.96515652864658e-08
5.84720928278638e-09,-0.00469396840332461,3.26836420401164e-08
5.8406766679839e-09,-0.0046940562252958,3.59860493323229e-08
5.8272880320355e-09,-0.00469414291490142,3.92151566470435e-08
5.80928742042725e-09,-0.00469422818594787,4.21429072109529e-08
5.7866789303901e-09,-0.00469431187751443,4.47126285904728e-08
5.76302319393904e-09,-0.00469439394364357,4.69415984333397e-08
5.74226480183779e-09,-0.00469447440914527,4.88764178479726e-08
5.72524483136771e-09,-0.00469455332378299,5.05713434265005e-08
5.71012083400866e-09,-0.00469463071450508,5.20792156416233e-08
5.69514560628465e-09,-0.0046947066280536,5.34245310678943e-08
5.68607074464813e-09,-0.0046947811755287,5.46247443938954e-08
5.69019640412126e-09,-0.00469485466364792,5.57470272266811e-08
5.70294898718437e-09,-0.00469492734859907,5.68719974679227e-08
5.71497275277274e-09,-0.00469499935426204,5.8056172672346e-08
5.71970028447044e-09,-0.00469507062989097,5.9286471254949e-08
5.71218404795848e-09,-0.00469514083326239,6.03906894615235e-08
5.69441960268352e-09,-0.00469520963371245,6.12279595938362e-08
5.6763698623395e-09,-0.00469527682105161,6.1791495028362e-08
5.66674041922421e-09,-0.00469534232457469,6.21390704577949e-08
5.67127596814682e-09,-0.00469540617086371,6.23662268631761e-08
5.68424014089222e-09,-0.0046954685132248,6.25832806413206e-08
5.69612118792743e-09,-0.00469552979429922,6.28769373762601e-08
5.69928911220002e-09,-0.00469559039614311,6.32932147452126e-08
5.68626614471639e-09,-0.004695650524803,6.38136100964447e-08
5.66430731586801e-09,-0.00469571023410342,6.43697945179553e-08
5.64751022678259e-09,-0.00469576949983176,6.49061255394385e-08
5.64022710968014e-09,-0.00469582826607961,6.54053420916168e-08
5.63756054000165e-09,-0.00469588647931151,6.58732459249538e-08
5.63355569932659e-09,-0.0046959441101949,6.63195255343284e-08
5.62637586623804e-09,-0.00469600115728391,6.6748182256029e-08
5.61776688039832e-09,-0.00469605763869659,6.71571669333106e-08
5.60986162020896e-09,-0.00469611357033002,6.75418701602833e-08
5.60312095080562e-09,-0.00469616895745515,6.78981049996202e-08
5.5966128725159e-09,-0.00469622374169866,6.82231216061102e-08
5.58941812447462e-09,-0.00469627771302446,6.8515222144138e-08
5.58153318339401e-09,-0.00469633066080069,6.87730446823641e-08
5.57368968543712e-09,-0.0046963823957163,6.89951616884842e-08
5.56558751199482e-09,-0.00469643292202817,6.91789116673419e-08
5.55537054283953e-09,-0.00469648238296002,6.93112020748228e-08
5.54639434244417e-09,-0.00469653099259104,6.93787092499463e-08
5.54011753798958e-09,-0.00469657891516518,6.93818253527318e-08
5.53496111758918e-09,-0.00469662623561938,6.93279104989392e-08
5.52897686255654e-09,-0.0046966729738131,6.9223885915892e-08
5.52272943880494e-09,-0.00469671905391881,6.90745209516325e-08
5.51711720140338e-09,-0.00469676426552441,6.88901846443738e-08
5.50343732194376e-09,-0.004696808708866,6.86575326558803e-08
5.48156880875677e-09,-0.00469685256475571,6.83258437065596e-08
5.46011321203505e-09,-0.00469689595854133,6.78431242888861e-08
5.44983825115578e-09,-0.00469693891613412,6.71976108847676e-08
5.44899714611041e-09,-0.00469698138987906,6.64199144909776e-08
5.44909074188957e-09,-0.00469702330107814,6.5548351241647e-08
5.44486000023447e-09,-0.00469706456936798,6.46082277438977e-08
5.43913496941078e-09,-0.00469710513559453,6.36124453542622e-08
5.43936198360895e-09,-0.004697144989724,6.25876453249157e-08
5.43791784538511e-09,-0.0046971841443278,6.15588553655074e-08
5.42501294340239e-09,-0.00469722262306423,6.0504645820973e-08
5.40592729486389e-09,-0.00469726038268765,5.93795263973577e-08
5.38876082177319e-09,-0.00469729714058514,5.8154206663831e-08
5.37623856639358e-09,-0.00469733271487794,5.68199869228034e-08
5.36637071020474e-09,-0.00469736729358378,5.53789939709474e-08
5.35747263582714e-09,-0.00469740114302073,5.38356590079709e-08
5.35165386267296e-09,-0.00469743446594251,5.22031152827612e-08
5.34869935948554e-09,-0.00469746736991177,5.05042564231503e-08
5.34625722908341e-09,-0.00469749987394109,4.87605516260033e-08
5.34233321282785e-09,-0.0046975319332161,4.69869768663422e-08
5.33586672433837e-09,-0.0046975634355398,4.51770851841809e-08
5.32566528221541e-09,-0.00469759411535033,4.32662045886257e-08
5.313137896794e-09,-0.00469762375740035,4.12021052890107e-08
5.30086884955915e-09,-0.00469765226605313,3.89677494652074e-08
5.29051627359432e-09,-0.00469767964512899,3.65737050647153e-08
5.28276088731781e-09,-0.00469770600382968,3.40616125066122e-08
5.27856068404051e-09,-0.00469773163459656,3.15327659428447e-08
5.27641105729869e-09,-0.00469775679332053,2.90723346474259e-08
5.27378284588186e-09,-0.00469778161627488,2.67241061009243e-08
5.26923882177936e-09,-0.00469780613330819,2.44976642091422e-08
5.26304349029296e-09,-0.00469783030841386,2.23819631848114e-08
5.25744728009898e-09,-0.00469785408821292,2.03595451939083e-08
5.25653348967699e-09,-0.00469787738305635,1.84261121084086e-08
5.26073522882408e-09,-0.00469789997879886,1.65964973832754e-08
5.2675255361225e-09,-0.00469792170719102,1.4900056074717e-08
5.26749659203224e-09,-0.00469794253008152,1.33518210620493e-08
5.25907635252707e-09,-0.00469796262501094,1.19364989550001e-08
5.24754639516092e-09,-0.004697982193515,1.06300860467131e-08
5.23889214417459e-09,-0.0046980013750688,9.41657174022553e-09
5.23625744143486e-09,-0.00469802025515611,8.29992572188109e-09
5.23625697468266e-09,-0.00469803882235169,7.29191559401285e-09
5.24099440142244e-09,-0.00469805687628977,6.41444173965368e-09
5.24938047181747e-09,-0.00469807422525495,5.70514540208536e-09
5.25776692073297e-09,-0.00469809080925614,5.19835683085853e-09
5.26372189338262e-09,-0.00469810679524395,4.91587846858905e-09
5.26520190779201e-09,-0.00469812238372551,4.86625568322255e-09
5.25756537839861e-09,-0.00469813772207475,5.02911955779079e-09
5.24371852517163e-09,-0.00469815282620181,5.3582303304805e-09
5.23005746390625e-09,-0.00469816742271626,5.80949145130667e-09
5.21903439738985e-09,-0.00469818120434839,6.35255694078049e-09
5.20689618272706e-09,-0.00469819404800789,6.95803103993812e-09
5.1919548676698e-09,-0.00469820595075918,7.58955273027559e-09
5.17549739203934e-09,-0.00469821697509784,8.21180388439194e-09
5.15922740340727e-09,-0.00469822719670604,8.79574218630622e-09
5.1446595167209e-09,-0.00469823667938238,9.32015288248787e-09
5.13427516254673e-09,-0.0046982455675858,9.78020563273443e-09
5.12871157677651e-09,-0.00469825399271061,1.01883325881876e-08
5.12894896169375e-09,-0.00469826201234914,1.05786758749192e-08
5.12786374374974e-09,-0.00469826968148415,1.10282097892488e-08
5.12782624566951e-09,-0.00469827723982694,1.17494724220435e-08
5.12938322234608e-09,-0.00469828489045758,1.28998099612697e-08
5.12538668733844e-09,-0.00469829272674206,1.45110552117306e-08
5.11235076342173e-09,-0.00469830068835489,1.64683450482228e-08
5.08768676670933e-09,-0.00469830844568985,1.84509893359432e-08
5.05578371143761e-09,-0.00469831568668484,2.01798109075448e-08
5.024110785756e-09,-0.00469832227384441,2.15019813676592e-08
4.99849675344556e-09,-0.00469832833737762,2.23770008302882e-08
4.97994205399851e-09,-0.00469833407162198,2.28379819954071e-08
4.9678517234959e-09,-0.00469833963091916,2.29568351563555e-08
4.95797991670366e-09,-0.00469834510016358,2.28144722616598e-08
4.94648939160727e-09,-0.00469835045234961,2.24747187227092e-08
4.93354111314098e-09,-0.00469835545209489,2.1981572357883e-08
4.920165252982e-09,-0.0046983598524455,2.13647308149477e-08
4.90903060610826e-09,-0.00469836357301089,2.06904676349169e-08
4.90659923296272e-09,-0.00469836689947731,2.01859293542586e-08
4.91206785499705e-09,-0.00469837015028937,2.00383625529774e-08
4.91954406950706e-09,-0.00469837352165225,2.03315141743685e-08
4.92388794001488e-09,-0.00469837707487949,2.10679371223436e-08
4.9195300676978e-09,-0.00469838069486642,2.21538590841152e-08
4.89578049568656e-09,-0.00469838394755416,2.3290290956798e-08
4.85748890409111e-09,-0.00469838644592873,2.41984237160337e-08
4.81783445296418e-09,-0.0046983880479263,2.47221714034672e-08
4.78547820681525e-09,-0.00469838899084256,2.48203999416598e-08
4.76266778886131e-09,-0.00469838958805508,2.45276622066257e-08
4.75082664172041e-09,-0.00469839008039236,2.39295230543531e-08
4.74412380935557e-09,-0.00469839057796176,2.3131263778507e-08
4.73531356970461e-09,-0.00469839102047801,2.22165840981293e-08
4.72170849462318e-09,-0.00469839129931041,2.12334226280051e-08
4.70514447002357e-09,-0.00469839130937656,2.0201440359994e-08
4.68795902266882e-09,-0.00469839092643776,1.91105987957168e-08
4.6695680015665e-09,-0.00469839010619727,1.78927332457589e-08
4.64984936902555e-09,-0.00469838887869559,1.64952400134851e-08
4.6296154713856e-09,-0.00469838727143601,1.49037004281154e-08
4.61044688521332e-09,-0.00469838529217765,1.31491020079931e-08
4.59479608225423e-09,-0.00469838292062197,1.13340816964486e-08
4.58216542312376e-09,-0.00469838014071798,9.55237159531025e-09
4.57014334738742e-09,-0.0046983769731448,7.85883334281231e-09
4.55675454549515e-09,-0.00469837345709712,6.27326666930264e-09
4.5415531971391e-09,-0.00469836963163069,4.792266106894e-09
4.52529340425161e-09,-0.00469836557286038,3.40193632680082e-09
4.5089758308584e-09,-0.00469836150252841,2.08743587273491e-09
4.49312286013472e-09,-0.00469835761708341,8.38127521132985e-10
4.47763746238209e-09,-0.00469835402156209,-3.51059495613282e-10
4.46209782530064e-09,-0.00469835074223688,-1.48065473940731e-09
4.44712290063478e-09,-0.00469834768886817,-2.52466205399658e-09
4.43421574125046e-09,-0.00469834454293423,-3.40861254359166e-09
4.41853497737707e-09,-0.00469834115390132,-4.20332068902172e-09
4.39812785763758e-09,-0.00469833750954931,-5.00467996346606e-09
4.37703409743077e-09,-0.00469833365323509,-5.87072393836593e-09
4.36559280958328e-09,-0.00469832956792855,-6.76248683330673e-09
4.36723200846546e-09,-0.00469832509731082,-7.487153039242e-09
4.37504202914137e-09,-0.00469832015959934,-7.88023872216366e-09
4.38777412538955e-09,-0.00469831484521414,-7.60041698028076e-09
4.39427870195067e-09,-0.00469830937683649,-6.48701399797056e-09
4.38220099665522e-09,-0.00469830422011676,-4.81990795554756e-09
4.35512645094208e-09,-0.00469829973304133,-2.93959696271677e-09
4.32629562517029e-09,-0.004698296054026,-1.07421394023174e-09
4.30960016366309e-09,-0.00469829307540525,6.95509739948148e-10
4.30484615115212e-09,-0.0046982904451644,2.40559413972103e-09
4.30369402571692e-09,-0.00469828782481283,4.13825789159701e-09
4.2977767164179e-09,-0.00469828497500487,5.9245896130192e-09
4.27789845399507e-09,-0.00469828171218993,7.6024455205489e-09
4.24286350116561e-09,-0.0046982779574347,9.04756446230131e-09
4.20785878728156e-09,-0.00469827363759594,1.0364996580356e-08
4.18299996186809e-09,-0.00469826871834196,1.16958909604347e-08
4.16702143732729e-09,-0.00469826320925085,1.31338018436866e-08
4.15411446939008e-09,-0.00469825718294311,1.47165328778873e-08
4.14205914660624e-09,-0.00469825086194138,1.64457288596325e-08
4.12829719139003e-09,-0.00469824443989921,1.83051027184708e-08
4.10907561052664e-09,-0.0046982380112901,2.02564339245481e-08
4.08556196016518e-09,-0.00469823158704864,2.22470499898485e-08
4.06139324981242e-09,-0.00469822512859724,2.42308987212241e-08
4.03764028534508e-09,-0.00469821858545488,2.61779657083713e-08
4.01097207590907e-09,-0.00469821193807739,2.80624186965804e-08
3.97903621322411e-09,-0.00469820515242136,2.98527976413397e-08
3.93743646532362e-09,-0.0046981980577995,3.1496482541702e-08
3.88725406923198e-09,-0.00469819047521518,3.29112146802406e-08
3.83569795153669e-09,-0.00469818219429576,3.40100493995748e-08
3.79215573447577e-09,-0.00469817316976732,3.47301752009834e-08
3.76838152226572e-09,-0.00469816346823011,3.5078867121086e-08
3.7577698259887e-09,-0.00469815319739417,3.51277544777366e-08
3.74749787332894e-09,-0.00469814242400583,3.49372556330975e-08
3.73453270680075e-09,-0.00469813100248091,3.45070687843053e-08
3.72069402047309e-09,-0.00469811864458255,3.38641918184888e-08
3.70969178745537e-09,-0.00469810517202076,3.31134794513382e-08
3.70199766153437e-09,-0.00469809060041832,3.2360568081954e-08
3.69135924891207e-09,-0.00469807533639278,3.1632418848845e-08
3.6632539732322e-09,-0.00469806018454571,3.07376384821956e-08
3.61926590232991e-09,-0.00469804579676511,2.94776750279252e-08
3.57364624813065e-09,-0.00469803249452042,2.77501208761518e-08
3.54395511783176e-09,-0.00469802022392111,2.56159719444787e-08
3.53639624566894e-09,-0.00469800851946899,2.33874761977735e-08
3.53933607557219e-09,-0.00469799683723404,2.13566392290022e-08
3.53490493771654e-09,-0.00469798480240025,1.96735641566128e-08
3.51619577559177e-09,-0.004697972256977,1.83494122664118e-08
3.48902038423943e-09,-0.00469795917066015,1.73159441602199e-08
3.46165517569647e-09,-0.00469794546724383,1.64869318134517e-08
3.43576730599952e-09,-0.00469793122357863,1.57438591083054e-08
3.40434206279042e-09,-0.00469791686800046,1.48252127507527e-08
3.36623448657265e-09,-0.0046979028055376,1.35279590263928e-08
3.32629847140219e-09,-0.00469788927344641,1.17667421351099e-08
3.28748891943979e-09,-0.00469787634293965,9.54383514531318e-09
3.24716744701145e-09,-0.00469786391044448,6.93600598246119e-09
3.21312525277337e-09,-0.00469785179494326,4.22553170768615e-09
3.19385498268076e-09,-0.00469784004802799,1.81787208383903e-09
3.18524365325584e-09,-0.00469782876627381,-2.71076664634374e-11
3.17924801919452e-09,-0.00469781800604681,-1.23936013099185e-09
3.17339909182871e-09,-0.00469780775760412,-1.90990753269527e-09
3.16001710210265e-09,-0.00469779777295232,-2.33941873118696e-09
3.13780534397659e-09,-0.00469778778792033,-2.8008159255611e-09
3.11196891599003e-09,-0.00469777762145288,-3.45035159883232e-09
3.08809535786411e-09,-0.00469776713257867,-4.33516939611252e-09
3.07007941112862e-09,-0.00469775633214649,-5.37810343634062e-09
3.06251238186557e-09,-0.00469774558149618,-6.29740888889093e-09
3.06226962527967e-09,-0.00469773523478248,-6.84504352991692e-09
3.06156420360805e-09,-0.00469772549868465,-6.89465438185476e-09
3.05101279165496e-09,-0.0046977164067852,-6.51122421902376e-09
3.02756717214496e-09,-0.00469770769616851,-6.05463905721056e-09
3.00015534717601e-09,-0.00469769925650502,-5.7530035593724e-09
2.97643363357798e-09,-0.00469769108251034,-5.68507907812234e-09
2.95579277761695e-09,-0.00469768320011377,-5.8428088650037e-09
2.92985550698391e-09,-0.00469767560090325,-6.19612020571412e-09
2.90173938340248e-09,-0.00469766821155533,-6.63305691251008e-09
2.88893799426612e-09,-0.00469766081341194,-6.71474262890923e-09
2.89620207972307e-09,-0.0046976532209911,-6.07888852413891e-09
2.91877917848716e-09,-0.00469764534381365,-4.55268310925795e-09
2.93870342539856e-09,-0.00469763707427981,-2.23068404107941e-09
2.9303153577389e-09,-0.00469762846705025,2.71529520350487e-10
2.89428008533374e-09,-0.00469761962753338,2.38694685221925e-09
2.84948744014186e-09,-0.00469761064969934,3.81270009744791e-09
2.8117820509146e-09,-0.00469760158829388,4.46145956880516e-09
2.78296273136356e-09,-0.00469759241220538,4.31905942828521e-09
2.75868261996723e-09,-0.0046975830639741,3.45620765288283e-09
2.73483883248424e-09,-0.00469757353859653,1.99252703678633e-09
2.70999915386469e-09,-0.00469756400148594,4.8811726070895e-11
2.68478924287117e-09,-0.00469755465186015,-2.27946476223322e-09
2.66210696622749e-09,-0.00469754564092942,-4.88148022747247e-09
2.64828935703166e-09,-0.00469753707091806,-7.50637972561121e-09
2.64018311903683e-09,-0.00469752897880878,-1.00065974062143e-08
2.6257364843112e-09,-0.00469752141331507,-1.25142795972267e-08
2.6012195458172e-09,-0.00469751438574827,-1.52075852405682e-08
2.57018152640023e-09,-0.00469750785840171,-1.82369863044459e-08
2.53568518227118e-09,-0.00469750176751991,-2.17920772804435e-08
2.50664801662947e-09,-0.00469749603441862,-2.5892415786072e-08
2.4949307153638e-09,-0.00469749050585595,-3.01689223530794e-08
2.49574054031163e-09,-0.00469748512336407,-3.42593939236844e-08
2.49797392830427e-09,-0.00469747988439422,-3.79633183826784e-08
2.4947133380123e-09,-0.00469747480829531,-4.12255590263107e-08
2.48649356088727e-09,-0.0046974699234521,-4.4083777848862e-08
2.48247824625271e-09,-0.00469746528374247,-4.66012334493419e-08
2.49393089783088e-09,-0.00469746091973494,-4.87957272368106e-08
2.51465537504404e-09,-0.00469745683060888,-5.06328876772624e-08
2.52759075178913e-09,-0.0046974528770199,-5.20881867992588e-08
2.52818670413494e-09,-0.00469744857178976,-5.31709115683867e-08
2.5213488599024e-09,-0.00469744378478674,-5.39019549731042e-08
2.50862670783765e-09,-0.00469743861029296,-5.43161961536891e-08
2.49225521501857e-09,-0.00469743324589826,-5.45087677881797e-08
2.47123752156144e-09,-0.00469742794471999,-5.47301530646674e-08
2.44701553908643e-09,-0.0046974228917399,-5.51748833105732e-08
2.42274787065251e-09,-0.00469741817593497,-5.5926206950864e-08
2.39911313821771e-09,-0.0046974137927185,-5.70345082916844e-08
2.37501331157364e-09,-0.00469740959022332,-5.85773833570251e-08
2.36228778783058e-09,-0.00469740527853395,-6.02455405359372e-08
2.36305614609385e-09,-0.00469740063563148,-6.17077782301791e-08
2.37031174447069e-09,-0.00469739551795861,-6.27711432219959e-08
2.37560960468316e-09,-0.00469738978513048,-6.33738623276911e-08
2.37512931856069e-09,-0.00469738350351979,-6.35468264664722e-08
2.36867970822569e-09,-0.00469737726811542,-6.3368034559934e-08
2.35490043499553e-09,-0.00469737166732876,-6.29409696020169e-08
2.33826080962589e-09,-0.00469736704245346,-6.23714620987648e-08
2.32471800845601e-09,-0.00469736342211177,-6.17547117623982e-08
2.31316874676484e-09,-0.00469736047200322,-6.12027797376842e-08
2.30342070311128e-09,-0.00469735800279809,-6.0700028118506e-08
2.29459487123054e-09,-0.00469735593602246,-6.01909682361271e-08
2.2859519578625e-09,-0.00469735421567016,-5.96342518926355e-08
2.27561490761206e-09,-0.00469735282663964,-5.90598923892467e-08
2.25773343156768e-09,-0.00469735184251118,-5.86856483326543e-08
2.23290527924602e-09,-0.0046973513282698,-5.87035331420906e-08
2.20605610578621e-09,-0.00469735130021075,-5.92054410450468e-08
2.1832136202165e-09,-0.004697351711498,-6.01512377530122e-08
2.17162794345036e-09,-0.00469735241971309,-6.12821554234308e-08
2.16950040112121e-09,-0.00469735328726168,-6.23585949191338e-08
2.169887269486e-09,-0.00469735422350374,-6.32492981741177e-08
2.16749013600052e-09,-0.0046973551059448,-6.3920834181083e-08
2.16119336128198e-09,-0.00469735556508679,-6.44034484641505e-08
2.15270856948094e-09,-0.00469735537454207,-6.47542688745934e-08
2.14404796788017e-09,-0.00469735475960374,-6.50297590594217e-08
2.13605232869736e-09,-0.00469735404148207,-6.52710537463131e-08
2.12847282114838e-09,-0.0046973534775937,-6.55003863793841e-08
2.12082142589814e-09,-0.00469735313233616,-6.57244629380547e-08
2.1130141698179e-09,-0.00469735262709646,-6.59405771035079e-08
2.10538904278196e-09,-0.00469735161404546,-6.61424384338347e-08
2.09830353867736e-09,-0.00469735009511149,-6.63241843389216e-08
2.09176475785206e-09,-0.00469734821459306,-6.64822832309246e-08
2.08539064302917e-09,-0.00469734613241687,-6.66157791183329e-08
2.07671689897515e-09,-0.00469734395169077,-6.67735372439956e-08
2.05933015777126e-09,-0.00469734165446434,-6.7172893479065e-08
2.03610881818669e-09,-0.00469733917497273,-6.79454339835498e-08
2.01921862494891e-09,-0.00469733640746888,-6.89502901388301e-08
2.01302099510312e-09,-0.00469733359930017,-7.00008350702129e-08
2.01335326732351e-09,-0.00469733103904707,-7.09670547952785e-08
2.0139021521065e-09,-0.00469732890203423,-7.1787286157925e-08
2.01096784363733e-09,-0.0046973271505885,-7.24546411472163e-08
2.00509425417137e-09,-0.00469732533631578,-7.29779349553847e-08
2.00151600400667e-09,-0.00469732307335843,-7.32883752715241e-08
2.00596960611723e-09,-0.00469732025931505,-7.32138802552965e-08
2.01504240527926e-09,-0.00469731697068017,-7.26796801689772e-08
2.01732618610315e-09,-0.00469731341551835,-7.18647800237348e-08
2.00966601124753e-09,-0.00469730979029754,-7.09732703607096e-08
1.9968735689986e-09,-0.00469730622197395,-7.01368237939157e-08
1.98494571240275e-09,-0.0046973027928647,-6.94100717512329e-08
1.97662856434396e-09,-0.00469729957647639,-6.87904410881111e-08
1.97113884887373e-09,-0.00469729672192537,-6.82452525873594e-08
1.96632735017917e-09,-0.0046972943316011,-6.77348534673318e-08
1.96075755117205e-09,-0.00469729243650497,-6.72269671313292e-08
1.95436063871511e-09,-0.00469729101466415,-6.67022354704618e-08
1.94883738121263e-09,-0.00469728998436679,-6.61295090337665e-08
1.94786945766956e-09,-0.00469728915194812,-6.54021632483981e-08
1.94945178466451e-09,-0.00469728838631937,-6.4461145930091e-08
1.94533127238934e-09,-0.00469728776491166,-6.33916662945661e-08
1.9336956671116e-09,-0.00469728742471706,-6.23081698886346e-08
1.91858822422846e-09,-0.00469728747565546,-6.12936886815073e-08
1.903529556736e-09,-0.00469728795106912,-6.0413893152257e-08
1.88798593978657e-09,-0.00469728873184716,-5.97841483953131e-08
1.8736833046762e-09,-0.00469728966654307,-5.94743967575633e-08
1.86164405506483e-09,-0.0046972906569067,-5.9480651981729e-08
1.85214224960923e-09,-0.00469729170023447,-5.97327808461787e-08
1.84410282123529e-09,-0.00469729283460432,-6.0154131896045e-08
1.83612630551654e-09,-0.00469729410028813,-6.06883864698342e-08
1.82805927554073e-09,-0.00469729554252592,-6.1286845446411e-08
1.82190270203206e-09,-0.00469729726185971,-6.18636007840655e-08
1.81784313789852e-09,-0.00469729935190213,-6.23565552434196e-08
1.81457275782052e-09,-0.00469730186392242,-6.27429500982234e-08
1.81087512878953e-09,-0.00469730478347262,-6.3027700845352e-08
1.80633252089392e-09,-0.00469730798092078,-6.32292270293948e-08
1.80113028267461e-09,-0.00469731132401868,-6.33679801591761e-08
1.79557593728774e-09,-0.00469731467291137,-6.34597362536621e-08
1.78983986428089e-09,-0.00469731778682905,-6.35133965406438e-08
1.78399688802849e-09,-0.00469732072875801,-6.35318414547367e-08
1.77815970552947e-09,-0.00469732375687724,-6.35141648892527e-08
1.77250587683721e-09,-0.0046973271081262,-6.3457988509707e-08
1.76717377744817e-09,-0.00469733091993467,-6.33611400277387e-08
1.7621420806613e-09,-0.00469733521456309,-6.32225018853996e-08
1.75721312376614e-09,-0.00469733992164906,-6.30421707897332e-08
1.75212553060246e-09,-0.00469734487650245,-6.28212038134325e-08
1.74671936074002e-09,-0.00469734995768878,-6.25612174064995e-08
1.74104195654094e-09,-0.00469735520658455,-6.22640232016506e-08
1.73532671344502e-09,-0.00469736072776548,-6.19313873211334e-08
1.72986023243052e-09,-0.00469736660491141,-6.15649231574534e-08
1.7248202075293e-09,-0.00469737288471528,-6.11660841361412e-08
1.72017985429651e-09,-0.00469737954494497,-6.07362095789621e-08
1.71573167739679e-09,-0.00469738644329497,-6.02765833974783e-08
1.71121296660211e-09,-0.00469739359324236,-5.97884807343049e-08
1.70645846797317e-09,-0.00469740105862161,-5.92731935726102e-08
1.70149340185934e-09,-0.00469740889127164,-5.87320369902439e-08
1.69651644494676e-09,-0.00469741712183629,-5.81663429190522e-08
1.6937890661956e-09,-0.00469742575120823,-5.75751202943654e-08
1.69941130816804e-09,-0.00469743473137866,-5.69339504909742e-08
1.71165374160006e-09,-0.00469744399312682,-5.61939588239154e-08
1.72439754246952e-09,-0.00469745347345296,-5.53085831549334e-08
1.73183472012407e-09,-0.00469746308990139,-5.42492562694297e-08
1.72835832214834e-09,-0.00469747266174262,-5.30251764223844e-08
1.71793757189248e-09,-0.00469748205200934,-5.16773613619765e-08
1.70807300239092e-09,-0.00469749120219384,-5.02463608189253e-08
1.70239389382166e-09,-0.004697500119703,-4.87570385711411e-08
1.69974747706048e-09,-0.00469750891381834,-4.72205369534293e-08
1.69744495541828e-09,-0.0046975176978415,-4.56424684652057e-08
1.69414261497889e-09,-0.00469752656011333,-4.40290838944778e-08
1.69022617722505e-09,-0.00469753561579375,-4.23890488242124e-08
1.68655724362418e-09,-0.00469754495968021,-4.07323280200626e-08
1.68338940693335e-09,-0.00469755463886707,-3.90684752573053e-08
1.6823287663701e-09,-0.0046975646500972,-3.74033303890813e-08
1.68887673553238e-09,-0.00469757493053572,-3.57178464559591e-08
1.7013439297315e-09,-0.00469758536020826,-3.39674504635953e-08
1.71423387449342e-09,-0.00469759573360712,-3.21092129309204e-08
1.72443224800251e-09,-0.00469760603064031,-3.01154143681163e-08
1.73051759538408e-09,-0.00469761631765781,-2.797459176181e-08
1.72850549971492e-09,-0.00469762670727298,-2.57056346964666e-08
1.72104367381216e-09,-0.00469763727898886,-2.33532688435915e-08
1.71358663564583e-09,-0.00469764799290432,-2.09594340783009e-08
1.70887356493518e-09,-0.00469765875616768,-1.85506114177552e-08
1.70626962299313e-09,-0.0046976695070415,-1.61404198064612e-08
1.70412641585419e-09,-0.00469768029082343,-1.37372813743567e-08
1.70175212664419e-09,-0.00469769117562847,-1.13498877438609e-08
1.69950113655734e-09,-0.00469770221647163,-8.988620140049e-09
1.69777305151057e-09,-0.00469771344270011,-6.66444989451219e-09
1.69633414755205e-09,-0.00469772484022005,-4.38741709530749e-09
1.69386710837279e-09,-0.0046977362592065,-2.16660959956303e-09
1.68800554386668e-09,-0.0046977474244543,-1.7206770859296e-11
1.67959670073281e-09,-0.00469775841659842,2.03877737920405e-09
1.67137452598479e-09,-0.00469776943291398,3.98102636731997e-09
1.66587825073051e-09,-0.00469778063824698,5.79593654253042e-09
1.66507228202388e-09,-0.00469779209501875,7.48314963931913e-09
1.6671819490407e-09,-0.00469780365950226,9.05357496771758e-09
1.66902232778468e-09,-0.00469781516402382,1.05186219206822e-08
1.66889272277154e-09,-0.00469782648350802,1.1885090104952e-08
1.6642034079284e-09,-0.00469783752395735,1.30838517462816e-08
1.6473817234146e-09,-0.00469784836293469,1.38010582030588e-08
1.62166488943867e-09,-0.00469785912177855,1.38082340960662e-08
1.59558267671934e-09,-0.00469786988894426,1.30284249151269e-08
1.57754892022326e-09,-0.00469788068158186,1.15564581216273e-08
1.57629511504359e-09,-0.00469789135660662,9.76779370178154e-09
1.58891438767515e-09,-0.00469790173282067,8.0018655892098e-09
1.60530326420973e-09,-0.00469791194272862,6.43062214459971e-09
1.60941155516097e-09,-0.00469792222088822,5.00109507728596e-09
1.59874561735322e-09,-0.00469793274144796,3.5727226335262e-09
1.58005460356847e-09,-0.00469794357150271,1.9672247104763e-09
1.56073087573085e-09,-0.00469795466631471,-3.97931997238579e-11
1.55744715688288e-09,-0.00469796606812,-2.31510570244626e-09
1.57127133284409e-09,-0.00469797782551922,-4.63038485187073e-09
1.60019092316895e-09,-0.00469798994563586,-6.79164786731992e-09
1.6329835928647e-09,-0.0046980024232815,-8.60865756320113e-09
1.65688858088757e-09,-0.00469801528083614,-9.82711596945354e-09
1.67111764788524e-09,-0.0046980285148983,-1.03260362294391e-08
1.68268300086637e-09,-0.0046980420908191,-1.01171792189681e-08
1.69503996848476e-09,-0.00469805593767154,-9.3257057113516e-09
1.70216638949257e-09,-0.00469806987325728,-8.26137182881235e-09
1.70210099428766e-09,-0.00469808355051031,-7.18750268810514e-09
1.69656738109182e-09,-0.004698096703106,-6.24696930648565e-09
1.68465732977777e-09,-0.00469810922745747,-5.50347434221053e-09
1.67266165035527e-09,-0.00469812114834076,-4.97897180842179e-09
1.6717250936051e-09,-0.00469813256083846,-4.64374009400482e-09
1.68130360980492e-09,-0.00469814356244858,-4.42934872343073e-09
1.69306266586562e-09,-0.00469815425894867,-4.27101114369957e-09
1.70081856723567e-09,-0.00469816473016504,-4.13114592407395e-09
1.70449239927865e-09,-0.00469817500516346,-3.99987896034158e-09
1.71147408085378e-09,-0.00469818513369959,-3.78761180324917e-09
1.73677910790951e-09,-0.00469819534283444,-3.07349708577012e-09
1.77894869986629e-09,-0.00469820582824169,-1.509091720227e-09
1.82527499115376e-09,-0.00469821667829403,1.05039234038794e-09
1.86512680223171e-09,-0.00469822789113959,4.58773257609555e-09
1.89211432185936e-09,-0.00469823937212092,8.89728420308407e-09
1.89777063435827e-09,-0.00469825087363458,1.34101517981273e-08
1.88865324538751e-09,-0.00469826220069849,1.76482287636833e-08
1.8784829910369e-09,-0.0046982733129847,2.13765849924808e-08
1.87621979638162e-09,-0.00469828441558398,2.45614605836761e-08
1.88247490987881e-09,-0.00469829573937851,2.7289519165987e-08
1.89278040368329e-09,-0.00469830744031975,2.96898542285191e-08
1.90257206856375e-09,-0.00469831953193791,3.18800121608021e-08
1.90933722619673e-09,-0.00469833175600692,3.39396146895039e-08
1.91185280461272e-09,-0.00469834387760298,3.59002168304577e-08
1.91304260372234e-09,-0.00469835580492797,3.7755499275162e-08
1.91731354902432e-09,-0.00469836758771715,3.94750363211004e-08
1.92325873932653e-09,-0.00469837943197191,4.09811817400893e-08
1.92630550961097e-09,-0.00469839151615647,4.22134176162408e-08
1.91970502745857e-09,-0.0046984038946223,4.31257241244558e-08
1.90674246105224e-09,-0.0046984165283987,4.3692781474499e-08
1.89674393422158e-09,-0.00469842931699245,4.39645293884898e-08
1.89566704560687e-09,-0.00469844215952251,4.40022175376393e-08
1.90688069924551e-09,-0.00469845500586005,4.38679563418902e-08
1.92428725260197e-09,-0.00469846788653689,4.36216941921125e-08
1.93973283294104e-09,-0.00469848099952927,4.3299989759218e-08
1.95020846710311e-09,-0.00469849452772313,4.2913159102562e-08
1.95779025008963e-09,-0.00469850856940657,4.24568369757521e-08
1.96563339584202e-09,-0.00469852316173986,4.1925546698534e-08
1.97296535155401e-09,-0.00469853828964098,4.13181013388676e-08
1.97311441494953e-09,-0.0046985538746923,4.06173437052382e-08
1.96769405965548e-09,-0.00469856975420594,3.98099702966584e-08
1.96403059367024e-09,-0.00469858557599808,3.89334627437973e-08
1.96129417675252e-09,-0.00469860117793757,3.78946294209144e-08
1.95940135725364e-09,-0.00469861654265618,3.65906676014829e-08
1.96587634803843e-09,-0.00469863171823652,3.4986562697632e-08
1.98635430804321e-09,-0.00469864672101108,3.3146125337474e-08
2.01589934705286e-09,-0.00469866151417174,3.12245445533895e-08
2.04536580893212e-09,-0.00469867626604864,2.93641348254631e-08
2.06807460420668e-09,-0.00469869115052904,2.7653117314411e-08
2.07918117786257e-09,-0.00469870631872338,2.61117799992828e-08
2.08348348484284e-09,-0.00469872199012386,2.47101453584642e-08
2.08859421013144e-09,-0.00469873830245055,2.34103766937209e-08
2.09777220114813e-09,-0.00469875529072324,2.21883809363836e-08
2.11155225022541e-09,-0.00469877283399289,2.10373289869002e-08
2.13315822232566e-09,-0.00469879045793427,1.99815968244585e-08
2.15971631213197e-09,-0.00469880771967215,1.90714266571533e-08
2.18489432898409e-09,-0.00469882436166928,1.8329579994626e-08
2.20002941477171e-09,-0.00469884027783868,1.7674761844601e-08
2.19936190025999e-09,-0.00469885548406484,1.70199712149472e-08
2.19608001723398e-09,-0.00469886994645225,1.6381992875218e-08
2.2029859605784e-09,-0.0046988836640984,1.5861984825919e-08
2.22613425492466e-09,-0.00469889674512632,1.57222011283772e-08
2.25868059387719e-09,-0.00469890930957751,1.6165343217898e-08
2.29234344178988e-09,-0.00469892146597863,1.72206635068884e-08
2.32778832513994e-09,-0.00469893337185505,1.86943205085021e-08
2.36344974645495e-09,-0.00469894518783396,2.04236057974517e-08
2.3963927503857e-09,-0.00469895715527807,2.2332631489163e-08
2.42122051909088e-09,-0.00469896946230594,2.44055943620258e-08
2.42523523781287e-09,-0.00469898218268385,2.66115428266802e-08
2.41478155484631e-09,-0.00469899530321926,2.88813673094991e-08
2.40591871747214e-09,-0.0046990087018026,3.11805170714713e-08
2.40752370740767e-09,-0.00469902199793092,3.35629265018733e-08
2.41099861084292e-09,-0.00469903483864906,3.5986727408049e-08
2.40920317409658e-09,-0.0046990470470741,3.83645747085296e-08
2.40267251699919e-09,-0.00469905860590239,4.06109813570919e-08
2.39565911616682e-09,-0.0046990695818748,4.2657229146662e-08
2.39100724649462e-09,-0.00469908007317974,4.44561000736974e-08
2.38835700276084e-09,-0.0046990901731337,4.5979199712939e-08
2.38770871105737e-09,-0.00469909994568611,4.72132890920963e-08
2.39167717687385e-09,-0.00469910935914328,4.81730954219005e-08
2.39296395919356e-09,-0.00469911815836179,4.88771019911763e-08
2.38866879003427e-09,-0.00469912616019726,4.93177608808428e-08
2.38084924625413e-09,-0.00469913356359777,4.94729866952892e-08
2.36958119443526e-09,-0.00469914092630338,4.93072543621947e-08
2.36021800933764e-09,-0.00469914871805908,4.87811369103381e-08
2.36469929112283e-09,-0.00469915718257112,4.79033829108014e-08
2.3804522788804e-09,-0.00469916634756388,4.67380876514544e-08
2.39683969495561e-09,-0.00469917597314423,4.53566194595459e-08
2.40760200949355e-09,-0.00469918535938226,4.38098769552573e-08
2.41411112160088e-09,-0.00469919409115504,4.21270487362898e-08
2.42088685816876e-09,-0.00469920214469374,4.03263831637824e-08
2.43037884351864e-09,-0.00469921002084628,3.84249060375334e-08
2.44158328333048e-09,-0.0046992182439287,3.64421305590242e-08
2.45208130113315e-09,-0.00469922714658639,3.43990969302619e-08
2.46054633358767e-09,-0.00469923689461611,3.23159968093923e-08
2.46462052156992e-09,-0.00469924742759438,3.01386826701793e-08
2.45964270879829e-09,-0.00469925843338412,2.76308527308497e-08
2.45523085431198e-09,-0.00469926971802756,2.48598354596013e-08
2.45276779709292e-09,-0.00469928119783742,2.19677990829968e-08
2.45372210710837e-09,-0.00469929287556729,1.90870577177276e-08
2.46386239695531e-09,-0.00469930486135949,1.64651325568381e-08
2.47924539532819e-09,-0.00469931726335122,1.42744589189463e-08
2.49105349466964e-09,-0.00469933015205996,1.25445818911725e-08
2.5079908080976e-09,-0.00469934357047268,1.12361696212741e-08
2.53063476382411e-09,-0.0046993574727732,1.02662051097352e-08
2.5477040625867e-09,-0.00469937158206513,9.38705262252623e-09
2.55524466520785e-09,-0.00469938566207487,8.38865516359544e-09
2.55811837847531e-09,-0.00469939959748196,7.17034631687282e-09
2.56315347743485e-09,-0.00469941328773102,5.73800523477451e-09
2.57426979575475e-09,-0.00469942655446847,4.19979068209416e-09
2.58956166553917e-09,-0.00469943927892104,2.67765005681625e-09
2.60395516264461e-09,-0.00469945143250269,1.26099684308023e-09
2.60891182242336e-09,-0.00469946302323674,-1.20244245227242e-10
2.59901979264021e-09,-0.00469947402815163,-1.8527163352132e-09
2.59220975243465e-09,-0.00469948485449268,-3.91097737089834e-09
2.59919795418978e-09,-0.00469949591631456,-6.11207824916547e-09
2.61469660259205e-09,-0.00469950744018976,-8.29729807851322e-09
2.62390888404661e-09,-0.00469951946390355,-1.03892306784113e-08
2.62626850391197e-09,-0.00469953185989095,-1.22984509252316e-08
2.63930868794482e-09,-0.00469954431128445,-1.36407985036147e-08
2.67001356071387e-09,-0.00469955653535217,-1.41116177399135e-08
2.7140376864085e-09,-0.00469956836011581,-1.36301189867108e-08
2.75348804153049e-09,-0.00469957965934638,-1.24121253571706e-08
2.77695950603815e-09,-0.0046995903707657,-1.07698204197958e-08
2.78191015525969e-09,-0.00469960043978463,-9.11479794481647e-09
2.77191231492561e-09,-0.00469960991568537,-7.87472466938637e-09
2.74365782245092e-09,-0.0046996190093858,-7.70086996795406e-09
2.7164939320159e-09,-0.00469962803369851,-8.66225499838519e-09
2.70386006177968e-09,-0.0046996372123838,-1.05234251823906e-08
2.70479107102193e-09,-0.00469964664228404,-1.2998219480078e-08
2.71227229996207e-09,-0.00469965629952632,-1.58241563878633e-08
2.72244756551798e-09,-0.00469966604136756,-1.87418212285112e-08
2.73244729972947e-09,-0.0046996757373461,-2.15937770642148e-08
2.74039988277659e-09,-0.00469968529546932,-2.43322758402765e-08
2.74678526018199e-09,-0.00469969476755033,-2.69548959969319e-08
2.75527211895106e-09,-0.00469970457366974,-2.94036038901504e-08
2.76530491413602e-09,-0.00469971510777361,-3.16393812978227e-08
2.77067006300738e-09,-0.00469972658286288,-3.36753113636872e-08
2.77097610378626e-09,-0.00469973904674111,-3.55682616501192e-08
2.77617306390391e-09,-0.0046997524023431,-3.7366650719805e-08
2.78908647737465e-09,-0.0046997663263263,-3.90819313210107e-08
2.80478939816815e-09,-0.00469978050292784,-4.07070177811273e-08
2.81787766409688e-09,-0.00469979473626044,-4.22339262029295e-08
2.82691679008274e-09,-0.00469980895553366,-4.36599888648538e-08
2.83457035037233e-09,-0.00469982321176452,-4.49855251746315e-08
2.84670434863642e-09,-0.00469983753200858,-4.62020168624022e-08
2.86780108617329e-09,-0.00469985167436964,-4.72761549979546e-08
2.89228978640015e-09,-0.00469986543320552,-4.81607693872435e-08
2.90807818586227e-09,-0.00469987882017901,-4.88392642432516e-08
2.913917619452e-09,-0.00469989193388791,-4.93357699001463e-08
2.91657095591371e-09,-0.00469990487949095,-4.96851604855329e-08
2.92168041570816e-09,-0.00469991773493109,-4.99127935588007e-08
2.92468810279486e-09,-0.00469993052307386,-5.01589229610408e-08
2.91119407274795e-09,-0.0046999432107118,-5.08995193224493e-08
2.89481257614974e-09,-0.00469995589812159,-5.21455255138675e-08
2.888812497141e-09,-0.00469996868590471,-5.37134444019368e-08
2.89452912750857e-09,-0.00469998161574014,-5.54265812984497e-08
2.90810554080635e-09,-0.00469999465616764,-5.71214358840184e-08
2.93048680462381e-09,-0.00470000767517622,-5.85468864291979e-08
2.95595416009638e-09,-0.00470002054615364,-5.95228093765962e-08
2.97300387618027e-09,-0.00470003311977563,-6.00459976136461e-08
2.97498333720831e-09,-0.00470004509465174,-6.03474612491794e-08
2.96719203326068e-09,-0.00470005634728995,-6.06540737299314e-08
2.94857997993651e-09,-0.00470006712749512,-6.13957962299475e-08
2.93056038098631e-09,-0.00470007786655988,-6.26166923429478e-08
2.92134788058878e-09,-0.00470008889866297,-6.41921804875378e-08
2.92355330608173e-09,-0.00470010035140715,-6.59161943912226e-08
2.94187053443405e-09,-0.00470011209440885,-6.73617211894668e-08
2.96996413568386e-09,-0.00470012392667744,-6.82033927585459e-08
2.99712688645309e-09,-0.00470013568507131,-6.83160930694449e-08
3.01812637260286e-09,-0.00470014727479658,-6.77284485609997e-08
3.03176396844558e-09,-0.00470015869679463,-6.66407283678962e-08
3.02582496067624e-09,-0.00470017009931916,-6.56801589817683e-08
2.99264732753732e-09,-0.00470018150958321,-6.56578100422181e-08
2.94393403618274e-09,-0.00470019289376603,-6.7081353980244e-08
2.89950979651046e-09,-0.00470020423932011,-7.00322280298454e-08
2.87817829503746e-09,-0.00470021560453575,-7.4093562327885e-08
2.88441847841053e-09,-0.0047002269814326,-7.8606149742786e-08
2.90491310216371e-09,-0.00470023836086382,-8.30594168744955e-08
2.92339746003765e-09,-0.00470024962362281,-8.71947617494957e-08
2.9350017740529e-09,-0.00470026033428834,-9.08897450972641e-08
2.94976423405053e-09,-0.00470027030591482,-9.39112614136523e-08
2.96991508617286e-09,-0.00470027956878717,-9.61832523901644e-08
2.99153547931195e-09,-0.00470028823390117,-9.7762552838811e-08
3.01055393772009e-09,-0.00470029642432039,-9.87582652141202e-08
3.02377245191817e-09,-0.00470030421131896,-9.93300841850198e-08
3.02647744948917e-09,-0.00470031150968976,-9.97804240375563e-08
3.02165006003755e-09,-0.00470031820687438,-1.00341192542539e-07
3.01681886588276e-09,-0.00470032423956541,-1.01096206601696e-07
3.01663523913164e-09,-0.00470032964161213,-1.02021010634836e-07
3.01494861117612e-09,-0.00470033455488273,-1.03216947966601e-07
3.01023010600712e-09,-0.00470033913964165,-1.04720194190889e-07
3.01023340820097e-09,-0.00470034359055005,-1.06333980932798e-07
3.0175888178099e-09,-0.00470034802644288,-1.07853947305162e-07
3.0290367106659e-09,-0.00470035251531306,-1.09158777380815e-07
3.04023114051992e-09,-0.00470035721182704,-1.10208068505156e-07
3.04897184852767e-09,-0.00470036222600972,-1.11017750163952e-07
3.05551895495848e-09,-0.0047003675857766,-1.11630680412783e-07
3.06118134546322e-09,-0.00470037326041808,-1.12093174681055e-07
3.06497394317133e-09,-0.00470037913252206,-1.12489407695912e-07
3.06096525470453e-09,-0.00470038487249694,-1.13056695615596e-07
3.053651695571e-09,-0.00470039024300507,-1.13885964504516e-07
3.06075301160512e-09,-0.00470039530999097,-1.14620467131384e-07
3.08548064816736e-09,-0.00470040024546369,-1.14892804715467e-07
3.1180786481571e-09,-0.00470040520776917,-1.14497237579371e-07
3.14286674268826e-09,-0.00470041025211624,-1.13501438533176e-07
3.1398226587702e-09,-0.00470041519115515,-1.12496435488609e-07
3.11533578455238e-09,-0.004700419869597,-1.11954383973828e-07
3.09747023249552e-09,-0.00470042440023811,-1.11814407532136e-07
3.10272654747287e-09,-0.00470042898008494,-1.11759602859191e-07
3.12612782015828e-09,-0.00470043375541017,-1.11501588793738e-07
3.15349569252976e-09,-0.00470043879345887,-1.10868225206331e-07
3.17555485769264e-09,-0.00470044404331052,-1.09779300515013e-07
3.19357834970119e-09,-0.00470044923593513,-1.081528279121e-07
3.21225358567345e-09,-0.00470045414832183,-1.05933895504768e-07
3.23722885584446e-09,-0.00470045877880301,-1.03014131920669e-07
3.26763466014285e-09,-0.00470046320407327,-9.93379004398909e-08
3.29878430606276e-09,-0.00470046750422223,-9.49219947780598e-08
3.32710831291557e-09,-0.00470047173965126,-8.98270593481221e-08
3.34685675197409e-09,-0.00470047591647037,-8.42569929140456e-08
3.34125678895244e-09,-0.00470047994931906,-7.89058061679464e-08
3.31188707456009e-09,-0.00470048386508121,-7.44236927796337e-08
3.28733554879928e-09,-0.00470048786577076,-7.07933119920522e-08
3.28365222899961e-09,-0.00470049212590253,-6.77346560771821e-08
3.29678990990462e-09,-0.0047004967295132,-6.49599898893864e-08
3.31422774062672e-09,-0.00470050160402264,-6.22592321714319e-08
3.32667427855114e-09,-0.00470050638489874,-5.95230267821609e-08
3.33237554275268e-09,-0.00470051087805477,-5.67260491933381e-08
3.33469521881797e-09,-0.00470051505408063,-5.38939957170005e-08
3.33758678909737e-09,-0.00470051902569832,-5.10714156588027e-08
3.34278814641493e-09,-0.00470052304953967,-4.82992595914528e-08
3.34972394280694e-09,-0.00470052733167087,-4.56040591016231e-08
3.35694321444765e-09,-0.00470053197129829,-4.2996405270322e-08
3.36348558831381e-09,-0.00470053697937826,-4.0474804831054e-08
3.36933691605568e-09,-0.00470054226247747,-3.80312770833653e-08
3.37507627304985e-09,-0.00470054750550009,-3.56562541142796e-08
3.3812733157556e-09,-0.00470055253083214,-3.33416891548234e-08
3.38510803120072e-09,-0.00470055730588689,-3.10858000574878e-08
3.3778195555643e-09,-0.00470056188635925,-2.89242172618853e-08
3.36261401808493e-09,-0.00470056642450198,-2.69271991272837e-08
3.34785650946673e-09,-0.0047005710597636,-2.51583588339416e-08
3.34055478734601e-09,-0.00470057587469815,-2.36552372361514e-08
3.3474811074389e-09,-0.00470058092945352,-2.24049531051577e-08
3.36332457639207e-09,-0.00470058632736006,-2.13529285087041e-08
3.37764441412645e-09,-0.00470059211414732,-2.04469118354044e-08
3.38324238860566e-09,-0.00470059827033412,-1.96673431382442e-08
3.38272500596098e-09,-0.00470060474720335,-1.90249672662474e-08
3.38040007982476e-09,-0.00470061149130577,-1.85388536138801e-08
3.37646906912282e-09,-0.00470061846070501,-1.82392331896362e-08
3.38043864069676e-09,-0.0047006256127625,-1.81352943634943e-08
3.39334254459905e-09,-0.00470063290919356,-1.81918903510851e-08
3.40903284511812e-09,-0.00470064032242195,-1.83613526450533e-08
3.42466205462163e-09,-0.00470064783083631,-1.86046979595929e-08
3.44592193760784e-09,-0.00470065536663472,-1.88752637780618e-08
3.47333318891279e-09,-0.0047006627182469,-1.91116177981605e-08
3.50236623537519e-09,-0.00470066966152175,-1.92570707400788e-08
3.52741767069675e-09,-0.00470067595663533,-1.92597128516391e-08
3.54329891092121e-09,-0.00470068160128552,-1.90622068809276e-08
3.55282817279591e-09,-0.0047006867378713,-1.86606573079967e-08
3.56120581945835e-09,-0.00470069154917005,-1.81201270705672e-08
3.57213695835337e-09,-0.00470069618198741,-1.75031101571728e-08
3.58609643905153e-09,-0.00470070072418987,-1.68456850084197e-08
3.6015716027788e-09,-0.00470070521419185,-1.61623891412532e-08
3.61711559043987e-09,-0.00470070970108605,-1.54555114455642e-08
3.63222099562709e-09,-0.0047007143596524,-1.47225404189761e-08
3.6470297213614e-09,-0.00470071933955671,-1.39604124875132e-08
3.66182690960829e-09,-0.00470072471343893,-1.31674114519401e-08
3.68089212980967e-09,-0.00470073048431537,-1.23391362624382e-08
3.71640805304906e-09,-0.00470073658924195,-1.14262808113677e-08
3.76527767107193e-09,-0.00470074294132861,-1.03321684388363e-08
3.81575564978626e-09,-0.00470074946468055,-8.96565732956605e-09
3.86045708679314e-09,-0.00470075610505922,-7.26718922135822e-09
3.89578298964646e-09,-0.00470076283175767,-5.21029422637151e-09
3.91384220429939e-09,-0.0047007696471541,-2.82958484608075e-09
3.92070845669759e-09,-0.00470077656795886,-2.11739693762755e-10
3.92825412044095e-09,-0.00470078360400581,2.5616493930192e-09
3.94254667455282e-09,-0.00470079073812388,5.43934050179732e-09
3.96222796065957e-09,-0.00470079793962446,8.39520817687206e-09
3.98332030112544e-09,-0.00470080517875203,1.14129222806143e-08
4.00356593675324e-09,-0.00470081243592372,1.44750646781963e-08
4.02309076180776e-09,-0.004700819725162,1.75603617934451e-08
4.04270930346e-09,-0.00470082707515666,2.0645962344818e-08
4.06319291305936e-09,-0.00470083445181828,2.37265318583035e-08
4.0837930922243e-09,-0.0047008415718003,2.68150546955382e-08
4.09792897756454e-09,-0.00470084815194811,2.97916192460431e-08
4.10860111278128e-09,-0.00470085435913803,3.26111333565011e-08
4.12146318158202e-09,-0.0047008604774894,3.52713911918984e-08
4.13965706457402e-09,-0.00470086672585008,3.77786787261041e-08
4.16321867853751e-09,-0.00470087317703956,4.01302241127332e-08
4.18730996777044e-09,-0.00470087969246718,4.22860562995339e-08
4.21018171105135e-09,-0.00470088626362483,4.42680451309543e-08
4.23195656063211e-09,-0.00470089292449744,4.61114789466313e-08
4.25356236175235e-09,-0.00470089968008221,4.78392454236082e-08
4.27600569840063e-09,-0.00470090651346355,4.94617631024082e-08
4.29979166871059e-09,-0.00470091339765112,5.09808701001308e-08
4.32480848925722e-09,-0.0047009203010364,5.2394159963405e-08
4.3505449725838e-09,-0.00470092719178664,5.36982658038119e-08
4.3763878988612e-09,-0.00470093404193914,5.4890822980391e-08
4.40221398725389e-09,-0.00470094079085954,5.59565129513177e-08
4.42728327185237e-09,-0.00470094725116308,5.68360672824742e-08
4.44744544068867e-09,-0.00470095325614192,5.7495030174694e-08
4.4654719338178e-09,-0.00470095870053365,5.79710885382e-08
4.48592270391283e-09,-0.0047009635616257,5.83112875964608e-08
4.50845104649012e-09,-0.00470096790966458,5.84848598235702e-08
4.52489898409594e-09,-0.00470097194390452,5.8227419058409e-08
4.53323310691244e-09,-0.00470097582245085,5.7317221081699e-08
4.53771588257536e-09,-0.00470097961752167,5.56618265201797e-08
4.54826491817345e-09,-0.00470098337933702,5.33836063352846e-08
4.58201577176363e-09,-0.00470098726379501,5.10563047232745e-08
4.63687254799601e-09,-0.00470099137699742,4.91862007029678e-08
4.69799576653726e-09,-0.00470099573524357,4.80295121539833e-08
4.75289312634894e-09,-0.00470100029761178,4.76290151252225e-08
4.79621446703816e-09,-0.00470100501004862,4.78473424577718e-08
4.82548042586016e-09,-0.00470100970686225,4.83289653338202e-08
4.84566679161451e-09,-0.00470101405348551,4.87628547101718e-08
4.8615942047387e-09,-0.00470101780997977,4.89517444214135e-08
4.87773019613416e-09,-0.00470102092327048,4.87567280403713e-08
4.90013464608633e-09,-0.00470102347504496,4.81448510861536e-08
4.93107551477547e-09,-0.00470102560307213,4.71736859866867e-08
4.97258653483133e-09,-0.00470102743398553,4.59564719465407e-08
5.02026860960885e-09,-0.00470102905346193,4.46388898476517e-08
5.06816299366423e-09,-0.00470103049365682,4.34086521792914e-08
5.10955380107959e-09,-0.0047010317767698,4.24322708658389e-08
5.14974634333291e-09,-0.0047010329462283,4.18762698306211e-08
5.20601223837041e-09,-0.00470103415754781,4.21698698319297e-08
5.27633516179667e-09,-0.00470103557076353,4.35444942822115e-08
5.34840305239487e-09,-0.00470103726858562,4.60193312227265e-08
5.40937679416655e-09,-0.00470103921490052,4.93971791174318e-08
5.44728763106417e-09,-0.00470104118712705,5.30967684219192e-08
5.4702443581805e-09,-0.00470104300083446,5.66266890062939e-08
5.49002016658737e-09,-0.00470104457739616,5.97379267163214e-08
5.51507546531043e-09,-0.00470104592074825,6.23745417989144e-08
5.54752161944988e-09,-0.00470104708591046,6.46018361907481e-08
5.58446538115129e-09,-0.00470104814792923,6.65346657157692e-08
5.62192732447402e-09,-0.00470104917725915,6.82838229475947e-08
5.65783148302016e-09,-0.00470105021334842,6.99273056686617e-08
5.69251739675032e-09,-0.0047010512421349,7.15037908113282e-08
5.72741235330216e-09,-0.00470105229485091,7.30204677122497e-08
5.76346277542062e-09,-0.00470105344100605,7.44665311127349e-08
5.80049380521828e-09,-0.00470105476689924,7.58257509650493e-08
5.83762598082744e-09,-0.00470105637779296,7.70847714203698e-08
5.8741171667781e-09,-0.00470105829945261,7.82366315024516e-08
5.9099104357736e-09,-0.00470106049478583,7.92806986226454e-08
5.94459597945802e-09,-0.00470106285270727,8.01967667832459e-08
5.97680409024589e-09,-0.00470106514823389,8.09068812637812e-08
6.01035528869967e-09,-0.00470106744863484,8.14360283971831e-08
6.04744078986656e-09,-0.0047010699563452,8.18416455072535e-08
6.08699589658459e-09,-0.00470107282915161,8.21692934201174e-08
6.12666183354459e-09,-0.00470107612882831,8.24456464743097e-08
6.16480952004315e-09,-0.0047010798005437,8.26802221305642e-08
6.201331708758e-09,-0.0047010837330663,8.28712518160063e-08
6.23720318856977e-09,-0.00470108777608312,8.3012056184242e-08
6.27354208117133e-09,-0.00470109166020149,8.30958484074308e-08
6.30887827068386e-09,-0.0047010951406323,8.31387947937806e-08
6.33874054643232e-09,-0.00470109802953607,8.31763856491903e-08
6.36895550694454e-09,-0.00470110036165292,8.31005456305695e-08
6.40299417935452e-09,-0.00470110225359335,8.2821085796959e-08
6.44083760583218e-09,-0.00470110381222626,8.23075498954568e-08
6.48538262036826e-09,-0.0047011050961072,8.15893995322409e-08
6.5348594919645e-09,-0.00470110615023874,8.07499125509848e-08
6.58655804375318e-09,-0.00470110711225112,7.99176925375985e-08
6.63835036320393e-09,-0.00470110808718637,7.91959394443387e-08
6.68736035206648e-09,-0.00470110911432584,7.86416199476303e-08
6.72749246404866e-09,-0.00470111020773043,7.82550635405001e-08
6.75834531499757e-09,-0.00470111134334212,7.79451699777055e-08
6.77959208052514e-09,-0.00470111241369112,7.74476084651694e-08
6.79634521818192e-09,-0.00470111332722826,7.65507212811261e-08
6.81785056156831e-09,-0.00470111404185163,7.52168883645105e-08
6.85297089167658e-09,-0.00470111449877145,7.36746360550925e-08
6.89949448123867e-09,-0.00470111467603289,7.21646354233213e-08
6.94472858337014e-09,-0.00470111460265792,7.08285876884823e-08
6.97278951178023e-09,-0.00470111430781744,6.96657163974364e-08
6.99737894558928e-09,-0.00470111363967862,6.86007910832727e-08
7.02985954470469e-09,-0.00470111247735802,6.75806392913478e-08
7.06889676973661e-09,-0.00470111091937934,6.65777372462639e-08
7.10819353686632e-09,-0.00470110911275453,6.55760290200729e-08
7.14845108868561e-09,-0.00470110716799727,6.45676738314013e-08
7.20270201577216e-09,-0.00470110515830782,6.35950718826177e-08
7.26995582241253e-09,-0.00470110311620187,6.27549857521198e-08
7.33699723011219e-09,-0.00470110108256785,6.21427857517709e-08
7.38940720782785e-09,-0.00470109923363532,6.1802319179867e-08
7.42622415125112e-09,-0.0047010977275032,6.17221567298341e-08
7.45159960215968e-09,-0.00470109665317655,6.18531431565797e-08
7.47261124264677e-09,-0.00470109595643822,6.22201721361484e-08
7.49047300734437e-09,-0.00470109524678916,6.30367869808182e-08
7.50880894759476e-09,-0.00470109414239087,6.41003137768181e-08
7.53125454006446e-09,-0.0047010924475167,6.51914520961969e-08
7.56180602883901e-09,-0.00470109020075719,6.63466740310918e-08
7.59822274461912e-09,-0.00470108754050906,6.76472100079856e-08
7.63797570022161e-09,-0.00470108462166129,6.91394123371925e-08
7.67366994627248e-09,-0.00470108160281473,7.07382302654047e-08
7.69055116723747e-09,-0.00470107872795001,7.19929218071742e-08
7.69286352539218e-09,-0.00470107618283994,7.25607663772873e-08
7.70205143590161e-09,-0.0047010740699504,7.24847826073754e-08
7.72710763321775e-09,-0.00470107238381468,7.1955303270277e-08
7.7604578799698e-09,-0.0047010710668111,7.11137856638607e-08
7.78624631321815e-09,-0.00470107010202154,6.98807461526506e-08
7.79948771125994e-09,-0.00470106946557115,6.815061576541e-08
7.80553543274636e-09,-0.00470106913102419,6.58723114602667e-08
7.8117191366275e-09,-0.00470106906916951,6.30496917839467e-08
7.82370247768646e-09,-0.00470106918722143,5.97728402366533e-08
7.84713770646245e-09,-0.00470106918218171,5.63167089367784e-08
7.878934514424e-09,-0.00470106879176785,5.29186935804664e-08
7.90972438117527e-09,-0.00470106791279528,4.96544309763999e-08
7.92912927807922e-09,-0.00470106669029562,4.6360680012799e-08
7.94008639394748e-09,-0.00470106544301385,4.29379151086841e-08
7.94967821356343e-09,-0.00470106443135977,3.9350666435278e-08
7.96204122066048e-09,-0.00470106379211632,3.55982839954849e-08
7.97821517923234e-09,-0.00470106347001591,3.17261427382124e-08
7.9992465439881e-09,-0.00470106302863442,2.78720463487536e-08
8.02198986623866e-09,-0.00470106209522372,2.41296736793384e-08
8.03905610122255e-09,-0.00470106061843539,2.04492074293775e-08
8.04887008553101e-09,-0.00470105874378025,1.68110445830846e-08
8.06420774651508e-09,-0.00470105689385933,1.3457265305299e-08
8.09011912052715e-09,-0.00470105544481782,1.06049405883927e-08
8.12320962574753e-09,-0.00470105459481308,8.3501658590935e-09
8.16090520914294e-09,-0.00470105438555928,6.70696330136452e-09
8.19496444244016e-09,-0.00470105468572699,5.57625615115881e-09
8.21013228429385e-09,-0.00470105508181288,4.5813798907226e-09
8.20315267155379e-09,-0.00470105523759565,3.37412312934308e-09
8.1864808046062e-09,-0.00470105499366741,1.7580986735272e-09
8.16607265187521e-09,-0.00470105433281766,-3.13561046370926e-10
8.16160766986553e-09,-0.00470105339115684,-2.67395735766152e-09
8.17609039871244e-09,-0.00470105232407401,-5.10251123169425e-09
8.19857480415365e-09,-0.00470105125469877,-7.46943157291735e-09
8.21831262063444e-09,-0.00470105027874709,-9.89572910839196e-09
8.22109005097845e-09,-0.00470104932993883,-1.27644007343391e-08
8.20558652232655e-09,-0.00470104827711589,-1.64170901708358e-08
8.18106988589736e-09,-0.00470104698446444,-2.10812392179357e-08
8.16871130315009e-09,-0.00470104548729354,-2.64182913659235e-08
8.16783899236293e-09,-0.00470104380948764,-3.18072621617895e-08
8.16700987189226e-09,-0.00470104204088833,-3.66822303679288e-08
8.16158845279415e-09,-0.00470104027050866,-4.07889856686675e-08
8.15482364976022e-09,-0.00470103854317268,-4.41395490303162e-08
8.15688205634542e-09,-0.00470103685562714,-4.68674774675139e-08
8.17198166583703e-09,-0.00470103518655716,-4.91101145129327e-08
8.19399784551554e-09,-0.00470103349324773,-5.09267526343322e-08
8.2163168562087e-09,-0.00470103163671225,-5.2281738926016e-08
8.22093870406641e-09,-0.00470102941985177,-5.36292258635748e-08
8.20084370975827e-09,-0.00470102682564875,-5.57845543459724e-08
8.1767649776001e-09,-0.00470102408392256,-5.88909053003236e-08
8.16377763200467e-09,-0.00470102144238411,-6.27386026026232e-08
8.16300105737053e-09,-0.00470101906832079,-6.70412130962287e-08
8.16787824364214e-09,-0.00470101697549756,-7.15083446599254e-08
8.17105458158274e-09,-0.00470101489253201,-7.5824035444942e-08
8.17067465474457e-09,-0.00470101252783811,-7.98059423260655e-08
8.166848879657e-09,-0.00470100970586201,-8.34567145018616e-08
8.15425445449427e-09,-0.00470100668924044,-8.70236067910517e-08
8.12470859496997e-09,-0.00470100383808441,-9.08135302932864e-08
8.07896766624506e-09,-0.00470100147874416,-9.5220982142479e-08
8.03588840824978e-09,-0.00470099980698131,-1.00434954276448e-07
8.01195141541781e-09,-0.00470099893571885,-1.06267756749325e-07
8.00693859405337e-09,-0.00470099884691813,-1.12394824376113e-07
8.0150095405693e-09,-0.0047009993551425,-1.18384185615115e-07
8.02782471115743e-09,-0.00470100023155102,-1.23886084237808e-07
8.04342655767779e-09,-0.00470100123000723,-1.28567475509425e-07
8.05871389524933e-09,-0.00470100218101519,-1.32265676282252e-07
8.06628305210243e-09,-0.0047010030467532,-1.35039880778174e-07
8.05301940071184e-09,-0.00470100400141739,-1.37237218780166e-07
8.02703611339087e-09,-0.0047010052388725,-1.39216166525723e-07
8.0162757046307e-09,-0.00470100686344769,-1.41164060493851e-07
8.03103896232541e-09,-0.00470100884805795,-1.43064556851709e-07
8.05230968853782e-09,-0.00470101091889413,-1.44807415468762e-07
8.05857268464394e-09,-0.0047010128097408,-1.46298298721557e-07
8.03348736789043e-09,-0.00470101438966595,-1.47535339048766e-07
7.99148753460439e-09,-0.00470101564172287,-1.486016171442e-07
7.96342094398292e-09,-0.00470101667207239,-1.49554893107828e-07
7.95972105760977e-09,-0.00470101787965497,-1.50376327898804e-07
7.96751120234025e-09,-0.00470101961438985,-1.51011219488088e-07
7.97118592246804e-09,-0.004701022044958,-1.51418016468332e-07
7.96894629705265e-09,-0.00470102508475469,-1.5153497923279e-07
7.97435237961121e-09,-0.00470102821933578,-1.51140624246687e-07
7.99241059129782e-09,-0.00470103096541386,-1.50041761140102e-07
8.01432343680239e-09,-0.00470103303041248,-1.48258067655983e-07
8.0138434263093e-09,-0.00470103427746198,-1.46324639085621e-07
7.98945446432921e-09,-0.0047010347798722,-1.44649036837088e-07
7.96691972271581e-09,-0.00470103491177242,-1.43110385035913e-07
7.95713586480144e-09,-0.00470103503562011,-1.41441261339022e-07
7.94029364187986e-09,-0.00470103537818462,-1.39477174252748e-07
7.90694164628245e-09,-0.0047010359284671,-1.37239326613599e-07
7.8717125190098e-09,-0.00470103627224868,-1.34928087316533e-07
7.83596914975926e-09,-0.00470103609372741,-1.32910965191309e-07
7.80017008394752e-09,-0.00470103533509171,-1.31336598158386e-07
7.77215080500935e-09,-0.00470103430405869,-1.29983277238979e-07
7.7519346140798e-09,-0.00470103338836579,-1.28646534786716e-07
7.72991171537493e-09,-0.00470103291630546,-1.27389218037587e-07
7.69854618426543e-09,-0.00470103301855697,-1.26416479824086e-07
7.6490135681727e-09,-0.00470103355482593,-1.26178962100574e-07
7.58522340278159e-09,-0.00470103429737514,-1.27016694484048e-07
7.52318593305898e-09,-0.00470103498751514,-1.2892813969418e-07
7.48750173824721e-09,-0.00470103519724283,-1.31303045267777e-07
7.47840685369399e-09,-0.00470103457892523,-1.33545062175132e-07
7.4791240755775e-09,-0.00470103303466721,-1.35314309984403e-07
7.47425421342387e-09,-0.00470103065954785,-1.36511389409514e-07
7.45660137584516e-09,-0.0047010276465819,-1.37246735902922e-07
7.42313012020931e-09,-0.004701024242122,-1.37871263573169e-07
7.38186624290321e-09,-0.00470102065074584,-1.38654219544359e-07
7.34759581256822e-09,-0.00470101704950704,-1.39558822191035e-07
7.32643992479774e-09,-0.004701013509888,-1.40410306480252e-07
7.31935836304767e-09,-0.00470100995215091,-1.40885377633035e-07
7.3165234139822e-09,-0.00470100623415198,-1.40807386345053e-07
7.30205321098409e-09,-0.00470100222342564,-1.40356809468296e-07
7.27520621138713e-09,-0.00470099814754849,-1.39722828110252e-07
7.24380141225307e-09,-0.00470099427977166,-1.39030742593878e-07
7.21444968208285e-09,-0.00470099078642728,-1.38346182813325e-07
7.18873463021836e-09,-0.00470098762594395,-1.37685618875925e-07
7.16467508439858e-09,-0.00470098434300367,-1.3703594161631e-07
7.14200747567696e-09,-0.00470098052891168,-1.36325294172072e-07
7.12639355261977e-09,-0.00470097608463968,-1.35316394021237e-07
7.11809019968936e-09,-0.00470097107879545,-1.33818119923446e-07
7.11265675137701e-09,-0.00470096563839166,-1.31752843243927e-07
7.1035841745185e-09,-0.00470095987015385,-1.29180630479912e-07
7.08259222627064e-09,-0.00470095379152057,-1.26379862756317e-07
7.05173771399568e-09,-0.00470094738867768,-1.23582001755511e-07
7.02531539404112e-09,-0.004700940675908,-1.20732989528873e-07
7.02200993713642e-09,-0.0047009338298203,-1.17382367301368e-07
7.03644489073399e-09,-0.00470092705237905,-1.13192886416956e-07
7.0439613285557e-09,-0.00470092057145413,-1.08261489031157e-07
7.03380364600201e-09,-0.00470091453340376,-1.02820427331867e-07
7.01174478846404e-09,-0.00470090898152898,-9.70747236327406e-08
6.98828464915976e-09,-0.00470090388836196,-9.11579534723516e-08
6.96745925344905e-09,-0.00470089917194969,-8.5178186101826e-08
6.94294917672563e-09,-0.00470089466107982,-7.9358509859071e-08
6.9125528935936e-09,-0.00470089020609278,-7.38580276936055e-08
6.87971783570271e-09,-0.00470088572390002,-6.87266047403921e-08
6.84904322631359e-09,-0.00470088118846857,-6.39386214088155e-08
6.82273915812825e-09,-0.00470087660808812,-5.94327972917351e-08
6.80321403819632e-09,-0.0047008720102914,-5.50639390819501e-08
6.79825562883667e-09,-0.00470086744413943,-5.04217746161292e-08
6.8044751807077e-09,-0.00470086294586794,-4.51791764023628e-08
6.81064144194426e-09,-0.0047008585408343,-3.92325776810925e-08
6.8056705530458e-09,-0.00470085428176053,-3.27397856101491e-08
6.78950310317482e-09,-0.00470085020272068,-2.59170100764976e-08
6.76949315025411e-09,-0.00470084630758328,-1.89347907200417e-08
6.75058530570443e-09,-0.00470084259904321,-1.19411590427947e-08
6.72885357135032e-09,-0.00470083914041607,-5.18830464535382e-09
6.70309307164468e-09,-0.00470083598278954,1.15095720275747e-09
6.67561468064424e-09,-0.00470083314043021,7.02625147213034e-09
6.64908711563589e-09,-0.00470083059837836,1.24706379835752e-08
6.62478202309734e-09,-0.0047008283254541,1.75555031460214e-08
6.60329371299232e-09,-0.00470082629263699,2.2356033646085e-08
6.58601824894393e-09,-0.00470082450508333,2.69383694442748e-08
6.57122583933806e-09,-0.00470082298100332,3.13532441784144e-08
6.55461767179095e-09,-0.00470082170923168,3.56232509273841e-08
6.53520383411347e-09,-0.00470082066351509,3.97452207761548e-08
6.51469594227581e-09,-0.00470081982102773,4.37068058850315e-08
6.49409387636086e-09,-0.0047008191689786,4.74976526754975e-08
6.47252677453151e-09,-0.00470081871554187,5.11071529161235e-08
6.45228812097165e-09,-0.00470081845581949,5.45299358162984e-08
6.4347304508082e-09,-0.00470081837260526,5.7772328752264e-08
6.41939407707771e-09,-0.00470081844905271,6.08456653420892e-08
6.40517592045042e-09,-0.00470081865158904,6.37603204327513e-08
6.39121177462114e-09,-0.004700818877651,6.65235820374476e-08
6.3770696639138e-09,-0.00470081903690401,6.91402390647415e-08
6.36262989263988e-09,-0.00470081908226608,7.16139652588512e-08
6.34803539376439e-09,-0.00470081900500123,7.39482949828831e-08
6.33305176520517e-09,-0.00470081880547538,7.61461603686689e-08
6.31633077574912e-09,-0.00470081844522597,7.8202776556474e-08
6.29963801430372e-09,-0.00470081790374743,8.01059181840554e-08
6.28702901778638e-09,-0.00470081719195743,8.18517998870463e-08
6.27869968941634e-09,-0.00470081638213488,8.34498827337563e-08
6.26913245844632e-09,-0.004700815695261,8.49104505355402e-08
6.24792248558406e-09,-0.00470081531601507,8.6209743449413e-08
6.21697590944618e-09,-0.0047008153334972,8.72872063073847e-08
6.18546952848164e-09,-0.00470081575830589,8.80828786798299e-08
6.16429737248032e-09,-0.00470081654784245,8.85626786236885e-08
6.16731377211653e-09,-0.0047008175797161,8.87668847697431e-08
6.18727756989073e-09,-0.00470081858806218,8.88032375965849e-08
6.20777617773821e-09,-0.00470081931362978,8.87766871275803e-08
6.22005777766385e-09,-0.00470081952999074,8.87553786472751e-08
6.22403017645314e-09,-0.00470081935869672,8.8772138370852e-08
6.21967630645599e-09,-0.00470081903329016,8.88213228263682e-08
6.21208426588624e-09,-0.00470081876790919,8.88716448379679e-08
6.20606092461911e-09,-0.00470081867571769,8.88964773392756e-08
6.20139144151884e-09,-0.00470081872711367,8.88780732354466e-08
6.19743954707768e-09,-0.00470081898842443,8.88023908086572e-08
6.19457805798044e-09,-0.00470081953385338,8.86590867221229e-08
6.19339809030456e-09,-0.00470082040275249,8.8440429007942e-08
6.19548965564882e-09,-0.0047008215952722,8.81647267668137e-08
6.20578698771111e-09,-0.00470082305908092,8.79432938991478e-08
6.22444690641324e-09,-0.00470082473721688,8.78850913506496e-08
6.24923883904227e-09,-0.00470082653324234,8.80361876613263e-08
6.28396322589291e-09,-0.0047008281823997,8.8362001229984e-08
6.32161836480123e-09,-0.00470082959211497,8.88555432624752e-08
6.35533768316483e-09,-0.00470083092365432,8.95313074917476e-08
6.38100599236025e-09,-0.0047008323716696,9.04093310369943e-08
6.39061701191782e-09,-0.0047008340827246,9.14718855852735e-08
6.3903109970868e-09,-0.00470083612911709,9.26599093815418e-08
6.39148014576836e-09,-0.0047008385140817,9.39210162402905e-08
6.39919501247647e-09,-0.00470084120064171,9.52289064839334e-08
6.41137716135003e-09,-0.00470084414104251,9.65754175732779e-08
6.42427585776039e-09,-0.00470084729525934,9.79551826260886e-08
6.43668644857783e-09,-0.00470085063767307,9.93565073230238e-08
6.44983394914272e-09,-0.00470085415734405,1.00760995171092e-07
6.46490178342115e-09,-0.0047008578575315,1.02147891055015e-07
6.48143164283286e-09,-0.00470086172175892,1.03498438458566e-07
6.49783904150119e-09,-0.00470086565941224,1.04797927095753e-07
6.51300543238114e-09,-0.00470086954811422,1.06035525995684e-07
6.52728781873527e-09,-0.00470087316198681,1.07203082746807e-07
6.54220686143248e-09,-0.00470087635343665,1.08293954540039e-07
6.55928269206775e-09,-0.00470087907883444,1.09302341365497e-07
6.57799737798774e-09,-0.00470088136848626,1.10221928924237e-07
6.59559838101382e-09,-0.00470088329600944,1.11036558918165e-07
6.61441823467998e-09,-0.00470088490778926,1.11730362474048e-07
6.63530311764253e-09,-0.00470088629034385,1.1230170236937e-07
6.65672687779131e-09,-0.00470088755275792,1.12756446825481e-07
6.67736990991502e-09,-0.00470088890403743,1.13100572634751e-07
6.69763829336648e-09,-0.00470089049550933,1.1333726881504e-07
6.7190820778297e-09,-0.00470089237462376,1.13467585296948e-07
6.74282994356156e-09,-0.00470089451559944,1.13492185623642e-07
6.76862264915599e-09,-0.00470089683414771,1.1341253357025e-07
6.7960916871671e-09,-0.00470089912952058,1.13232293159587e-07
6.82527336394814e-09,-0.00470090131537901,1.12965795942216e-07
6.85033093099561e-09,-0.00470090339996933,1.126223188617e-07
6.8701850630272e-09,-0.00470090549629195,1.12191696600017e-07
6.88876662140014e-09,-0.0047009077227579,1.11657674839894e-07
6.9101157853298e-09,-0.00470091015421302,1.11008627118879e-07
6.93585910009278e-09,-0.00470091277389539,1.10240665885974e-07
6.96594771102667e-09,-0.00470091537103797,1.09360451047878e-07
6.99771995512255e-09,-0.00470091773503631,1.08382216444263e-07
7.0303330450726e-09,-0.00470091980086365,1.07367270147607e-07
7.06904022843961e-09,-0.00470092179825296,1.06540132004079e-07
7.11204728499673e-09,-0.0047009239796249,1.0608166471255e-07
7.14947978905428e-09,-0.00470092650564276,1.06043672670885e-07
7.17951314604465e-09,-0.00470092943240575,1.06370850687714e-07
7.2071079099051e-09,-0.0047009326387127,1.06918031385724e-07
7.23652593287276e-09,-0.00470093570042249,1.073976284734e-07
7.26753328892626e-09,-0.00470093853256269,1.07606293736159e-07
7.29792726336784e-09,-0.00470094122585822,1.07467263556112e-07
7.32709360878119e-09,-0.0047009439061058,1.06990476229579e-07
7.35651830409236e-09,-0.00470094670093602,1.06231705032791e-07
7.39053445983502e-09,-0.00470094967331171,1.05325115529891e-07
7.4376715520054e-09,-0.00470095272559364,1.04622497355691e-07
7.49591105476037e-09,-0.00470095573383198,1.04408996892527e-07
7.55662223013854e-09,-0.00470095861899878,1.04812028393421e-07
7.61304735317025e-09,-0.00470096135444468,1.05833009999535e-07
7.66310692029406e-09,-0.00470096399740529,1.07384814098915e-07
7.70716478603179e-09,-0.00470096678292577,1.09301664589889e-07
7.74854226792369e-09,-0.00470096990039701,1.11441041749024e-07
7.79074642102558e-09,-0.0047009734266013,1.13720814495743e-07
7.83339164500137e-09,-0.004700977329178,1.16064846055447e-07
7.87495333715189e-09,-0.00470098141033234,1.1829294313511e-07
7.92589053706401e-09,-0.00470098532997446,1.20403417904305e-07
7.97503126261437e-09,-0.00470098884286876,1.22481797609744e-07
8.01635688797828e-09,-0.00470099186417455,1.2456101659945e-07
8.05637494422306e-09,-0.00470099445597397,1.26582694838802e-07
8.10006092321392e-09,-0.00470099675966111,1.28517042943007e-07
8.14678631987747e-09,-0.0047009989852905,1.30378530094856e-07
8.18971501136829e-09,-0.00470100129375231,1.32198622157065e-07
8.21559198752616e-09,-0.00470100374362545,1.33966314607042e-07
8.23048469444096e-09,-0.00470100631730904,1.35619742331075e-07
8.2532828219454e-09,-0.00470100893474198,1.37117982477402e-07
8.28956327258507e-09,-0.0047010114628166,1.38468537595174e-07
8.32966706527685e-09,-0.00470101388350133,1.39696220435478e-07
8.35883059993275e-09,-0.00470101621251728,1.4079581646982e-07
8.37634380270734e-09,-0.00470101845814198,1.41722711012157e-07
8.39024257851741e-09,-0.0047010205613509,1.42400382004989e-07
8.40566974654196e-09,-0.00470102226207374,1.42705936146394e-07
8.42857638671506e-09,-0.00470102336660606,1.42638745156085e-07
8.46356887617953e-09,-0.00470102387983659,1.42266110791438e-07
8.50526973826068e-09,-0.00470102411152325,1.41673359189647e-07
8.54358936047858e-09,-0.00470102437597646,1.40923976609015e-07
8.57021650695611e-09,-0.00470102485500014,1.40027343878111e-07
8.59151658712394e-09,-0.00470102558912573,1.38956139882937e-07
8.61365736556901e-09,-0.00470102650739001,1.37639660850172e-07
8.63246304264248e-09,-0.00470102743244298,1.35854541896638e-07
8.64581513751556e-09,-0.00470102820066854,1.33403491771175e-07
8.6569014040093e-09,-0.00470102873268962,1.30149847256829e-07
8.67114054443731e-09,-0.00470102906727999,1.26153906223486e-07
8.68738947418598e-09,-0.00470102927587643,1.21542856148582e-07
8.70718630903547e-09,-0.00470102941939813,1.16430663930504e-07
8.73919897873158e-09,-0.00470102951105432,1.10935226492336e-07
8.78262711886674e-09,-0.00470102949341524,1.05229695200333e-07
8.83408681272333e-09,-0.00470102921861705,9.96288464154636e-08
8.88693212706023e-09,-0.00470102877288462,9.43715540835249e-08
8.93345053428934e-09,-0.00470102830148518,8.95602542942868e-08
8.96416928805019e-09,-0.00470102793646444,8.51673164523912e-08
8.98325181964073e-09,-0.00470102776426864,8.1081419058488e-08
8.99905223920671e-09,-0.00470102779496562,7.7136955674816e-08
9.01271972137899e-09,-0.00470102792756767,7.30366025843684e-08
9.0306082076573e-09,-0.00470102802723188,6.86248162027603e-08
9.05966589336934e-09,-0.00470102792994986,6.40620480944382e-08
9.09575136222425e-09,-0.00470102753211255,5.95619801115855e-08
9.12031248150731e-09,-0.00470102680042729,5.51456976601812e-08
9.10762054049991e-09,-0.00470102575294825,5.03321205863342e-08
9.06377539227883e-09,-0.00470102444686709,4.46342724953265e-08
9.01292466197184e-09,-0.00470102296637858,3.77911711804365e-08
8.98897080332451e-09,-0.004701021389824,2.98134876362072e-08
9.01236995722285e-09,-0.00470101980210982,2.11665047772915e-08
9.08038603198402e-09,-0.00470101817018286,1.26610128071514e-08
9.15791109777709e-09,-0.0047010166376551,4.7518420481812e-09
9.21772829897285e-09,-0.00470101535609328,-2.43268550914838e-09
9.25663943146112e-09,-0.00470101440318786,-8.94734775320968e-09
9.28571239603324e-09,-0.00470101378947268,-1.49179745921432e-08
9.31747868664587e-09,-0.00470101348306483,-2.04576882304625e-08
9.35699677553674e-09,-0.0047010134475219,-2.5613552743861e-08
9.38052259229983e-09,-0.00470101365017766,-3.04607508731247e-08
9.36352672649782e-09,-0.004701013991664,-3.53248358570314e-08
9.33313926313328e-09,-0.00470101436571646,-4.05107174809142e-08
9.31621729341776e-09,-0.00470101461431416,-4.61718842155984e-08
9.3158569620363e-09,-0.00470101436968672,-5.23553866392099e-08
9.3322829061202e-09,-0.00470101361245621,-5.87442522648958e-08
9.36085632860426e-09,-0.0047010125170739,-6.49986951959257e-08
9.38948436315212e-09,-0.00470101130385351,-7.09531899154791e-08
9.40255115838353e-09,-0.00470101022352572,-7.6746814441141e-08
9.39573255692634e-09,-0.00470100943277969,-8.25538007986303e-08
9.38347184089631e-09,-0.00470100904065088,-8.8349757562171e-08
9.37295660995425e-09,-0.00470100907066945,-9.40913948959229e-08
9.36838808546818e-09,-0.00470100947394656,-9.97811456817736e-08
9.37236364750695e-09,-0.00470101017945713,-1.05473904238743e-07
9.37573466659868e-09,-0.00470101118249128,-1.11377348262197e-07
9.37690067769112e-09,-0.00470101249431584,-1.17643872036755e-07
9.37825414653586e-09,-0.00470101411365148,-1.24308910433573e-07
9.38877686893224e-09,-0.00470101597091128,-1.31264361673469e-07
9.41460777829569e-09,-0.0047010177762566,-1.38176646154957e-07
9.44788941056344e-09,-0.00470101926609195,-1.44746087036804e-07
9.47267339304959e-09,-0.00470102028725856,-1.50822092782043e-07
9.48460116341007e-09,-0.00470102083341617,-1.56388812475638e-07
9.48930673362819e-09,-0.00470102111496983,-1.61498177385075e-07
9.49337120844848e-09,-0.00470102135558354,-1.66216698941912e-07
9.49951245995683e-09,-0.00470102171788652,-1.70599076199294e-07
9.50716593401215e-09,-0.00470102224250429,-1.74681408287152e-07
9.51497760667447e-09,-0.00470102279611847,-1.78483689387879e-07
9.52219333847321e-09,-0.00470102337041556,-1.82014826550154e-07
9.52851722632466e-09,-0.00470102400175997,-1.85277415764765e-07
9.53358155283112e-09,-0.00470102468588884,-1.88271605185167e-07
9.53889982690226e-09,-0.00470102541141624,-1.90949977064984e-07
9.55051309409178e-09,-0.0047010262310956,-1.93099594258312e-07
9.57017071043571e-09,-0.00470102719529292,-1.94545651596395e-07
9.59914133377766e-09,-0.00470102836372386,-1.95196579828083e-07
9.62981083221902e-09,-0.00470102970472267,-1.95068686115185e-07
9.64362840336862e-09,-0.00470103082097193,-1.94402130235736e-07
9.62285994016145e-09,-0.00470103118136463,-1.9349143912448e-07
9.58262101492248e-09,-0.00470103059125947,-1.92594162502408e-07
9.55404157789372e-09,-0.00470102909306753,-1.91876935253238e-07
9.54015232849913e-09,-0.00470102690274992,-1.91527722042805e-07
9.52886797494824e-09,-0.00470102425801713,-1.9163450356062e-07
9.51253427263071e-09,-0.00470102135998764,-1.92141203619859e-07
9.49520220843303e-09,-0.00470101841548717,-1.92740311970595e-07
9.48134050639179e-09,-0.00470101548200025,-1.93019673449596e-07
9.47728275401755e-09,-0.00470101252317917,-1.92735267283846e-07
9.48419500269269e-09,-0.00470100949334723,-1.91892459297812e-07
9.47854095807896e-09,-0.00470100648954372,-1.90923268319841e-07
9.44518300054729e-09,-0.00470100362824233,-1.90222441916023e-07
9.39573418040611e-09,-0.00470100104252793,-1.89868725887589e-07
9.34002424637637e-09,-0.00470099881904627,-1.89848499849365e-07
9.28862022531825e-09,-0.0047009969758921,-1.90158802850806e-07
9.25164902861033e-09,-0.00470099548623676,-1.90794869758972e-07
9.23907088870867e-09,-0.00470099431488432,-1.91740675358823e-07
9.23196824318457e-09,-0.00470099336449912,-1.93116168114374e-07
9.21014099447013e-09,-0.00470099249522317,-1.95058778613671e-07
9.17740141127305e-09,-0.00470099154592011,-1.97466409312388e-07
9.14663543009098e-09,-0.00470099045704294,-2.00109306784989e-07
9.12820354053905e-09,-0.004700989350369,-2.02557856822603e-07
9.12332235433127e-09,-0.00470098837876238,-2.0449975673053e-07
9.12947714362531e-09,-0.0047009876447982,-2.05789725501251e-07
9.1346835008449e-09,-0.00470098719306361,-2.0648869823642e-07
9.12350678056532e-09,-0.00470098703143885,-2.0704641873998e-07
9.09378440720787e-09,-0.00470098716681326,-2.07805654717248e-07
9.05461222014673e-09,-0.00470098767013104,-2.08767158420423e-07
9.02076088456159e-09,-0.00470098856396546,-2.09821727016608e-07
8.99688559787483e-09,-0.0047009898371881,-2.10891186382207e-07
8.9725956428396e-09,-0.00470099152732654,-2.1208204100836e-07
8.94014838148559e-09,-0.00470099366277705,-2.13500231551786e-07
8.89774576140074e-09,-0.00470099625827181,-2.15236848876393e-07
8.85014395162575e-09,-0.00470099920494247,-2.17402399016485e-07
8.82124684310951e-09,-0.00470100222676757,-2.1968192119603e-07
8.81719846475007e-09,-0.00470100511504028,-2.21649261041824e-07
8.83255092122848e-09,-0.00470100783450723,-2.22793775476574e-07
8.8566737929215e-09,-0.00470101037230046,-2.22621291078902e-07
8.86894098437316e-09,-0.00470101278632619,-2.20988800724868e-07
8.85370838065507e-09,-0.00470101527209735,-2.1831213876119e-07
8.8218795622843e-09,-0.00470101798399212,-2.15121863613056e-07
8.79982234008726e-09,-0.00470102098101545,-2.11738496226668e-07
8.79571736882245e-09,-0.00470102422474052,-2.08143976092806e-07
8.80496533507845e-09,-0.00470102753631214,-2.03871569624897e-07
8.81901211961472e-09,-0.00470103073910649,-1.98511632061137e-07
8.83208564130366e-09,-0.00470103372249923,-1.91864139741595e-07
8.84150789546332e-09,-0.00470103644220367,-1.83901212044436e-07
8.83998838296541e-09,-0.0047010389808848,-1.74800859211828e-07
8.80904532850146e-09,-0.00470104173300564,-1.65147763519598e-07
8.75335166197735e-09,-0.00470104505000259,-1.5548040398391e-07
8.69263920119513e-09,-0.00470104910299125,-1.46106343606781e-07
8.64213648011654e-09,-0.00470105390353549,-1.37122558054823e-07
8.60441219920876e-09,-0.00470105932457306,-1.2849027252313e-07
8.57644175125454e-09,-0.00470106506295922,-1.20112157467947e-07
8.56064497382382e-09,-0.00470107084735028,-1.11856178721722e-07
8.55057750331869e-09,-0.00470107644383749,-1.03582938462395e-07
8.53492224669093e-09,-0.0047010814379246,-9.52123913141883e-08
8.50479900542576e-09,-0.00470108558814976,-8.67746731193572e-08
8.46651729781497e-09,-0.00470108915445591,-7.82865316216392e-08
8.43023425515649e-09,-0.00470109250197961,-6.97563391993499e-08
8.39821260919599e-09,-0.00470109589668373,-6.11902620549266e-08
8.36607365914584e-09,-0.00470109941838407,-5.25170486817993e-08
8.33934053709358e-09,-0.00470110284530717,-4.34506599704254e-08
8.30754552743248e-09,-0.00470110577091918,-3.41175080036564e-08
8.26502625130134e-09,-0.00470110787779194,-2.47657919062512e-08
8.21490166637601e-09,-0.00470110901855844,-1.55889339073818e-08
8.16129664212329e-09,-0.00470110928747341,-6.74965229953285e-09
8.10237494099269e-09,-0.00470110921456537,1.49065860145047e-09
8.03984944150451e-09,-0.00470110929654226,8.95364836868353e-09
7.97776135453654e-09,-0.00470110980656612,1.55863197823795e-08
7.92051690171955e-09,-0.00470111078749622,2.14695608130398e-08
7.8739332573917e-09,-0.00470111207231532,2.6892160457031e-08
7.83542374627768e-09,-0.00470111344926218,3.21094571643126e-08
7.79797436062247e-09,-0.00470111475539614,3.72564067908917e-08
7.75478695016745e-09,-0.00470111588318638,4.23149206073864e-08
7.69929929297266e-09,-0.00470111672073186,4.70332056688656e-08
7.63462087944635e-09,-0.00470111720812919,5.11714889313897e-08
7.56865179607093e-09,-0.00470111734359933,5.45978795510764e-08
7.50877499664571e-09,-0.00470111710951445,5.73298262450021e-08
7.46166617000851e-09,-0.00470111629357221,5.96209662882821e-08
7.42403873308451e-09,-0.00470111471420878,6.17183869844612e-08
7.38778455612085e-09,-0.00470111230269906,6.37671289549547e-08
7.34740697409588e-09,-0.00470110916538942,6.58154795211854e-08
7.30244555102601e-09,-0.00470110575495855,6.78460319192259e-08
7.25556817351187e-09,-0.00470110249635397,6.98114316074738e-08
7.20947603185366e-09,-0.0047010996329694,7.16622643408385e-08
7.16513093690435e-09,-0.00470109723375206,7.3362690441006e-08
7.12253251156681e-09,-0.00470109514991743,7.49110107929987e-08
7.08391096123656e-09,-0.00470109290080956,7.64088703932748e-08
7.05251928087959e-09,-0.0047010901593945,7.80667941488588e-08
7.02622776765635e-09,-0.00470108679979867,8.00392818304618e-08
7.00048578866752e-09,-0.00470108283387079,8.2383452496565e-08
6.96848285487993e-09,-0.00470107835268074,8.49872837715858e-08
6.91779418719126e-09,-0.00470107348459789,8.73647674550585e-08
6.8513467125539e-09,-0.00470106834979643,8.90967020606856e-08
6.78153092937553e-09,-0.00470106308270184,8.99826613766868e-08
6.718034498559e-09,-0.00470105789648119,9.00056082484174e-08
6.66297588384815e-09,-0.00470105294066443,8.92596524530272e-08
6.61307431621488e-09,-0.00470104827305618,8.78791138598779e-08
6.56420581692713e-09,-0.00470104388643598,8.59887823157663e-08
6.51432295225348e-09,-0.00470103974505838,8.36798205378837e-08
6.46167046472898e-09,-0.0047010357696218,8.09583304803368e-08
6.40316455371676e-09,-0.00470103183059501,7.76821540262331e-08
6.34839756459381e-09,-0.00470102788037859,7.39463233587099e-08
6.30927337933912e-09,-0.00470102385209439,7.00759447141006e-08
6.2866750661074e-09,-0.00470101970197154,6.63503392034522e-08
6.27048685043944e-09,-0.00470101539494257,6.29256057807121e-08
6.25021073947181e-09,-0.00470101082288094,5.98601531630539e-08
6.21977350915723e-09,-0.00470100592475716,5.7134531919589e-08
6.17587386946128e-09,-0.00470100079586074,5.44907328684015e-08
6.12265039002182e-09,-0.00470099566138678,5.16221782129666e-08
6.06828887520413e-09,-0.00470099070597665,4.83393269889333e-08
6.01816077234464e-09,-0.00470098602264483,4.45841708340159e-08
5.97416794910902e-09,-0.00470098157031612,4.04209879713009e-08
5.93839414972472e-09,-0.00470097706770431,3.60674520841903e-08
5.90512916258524e-09,-0.00470097227838316,3.16401378395509e-08
5.8603779323338e-09,-0.00470096720729479,2.69059759406609e-08
5.80454550590096e-09,-0.00470096197700011,2.16727645817749e-08
5.74612061170429e-09,-0.00470095671322368,1.58586897894795e-08
5.69524107699804e-09,-0.00470095153253687,9.54342531595008e-09
5.6637508827427e-09,-0.00470094661731069,3.13687868751642e-09
5.64815229817415e-09,-0.0047009420926084,-2.9946272751266e-09
5.63637506933064e-09,-0.0047009380038032,-8.66197494230398e-09
5.61937741879012e-09,-0.00470093434125575,-1.3828981537707e-08
5.59551328940589e-09,-0.00470093104295768,-1.85549871323512e-08
5.56819145109307e-09,-0.00470092790460531,-2.29364544345223e-08
5.54139933053237e-09,-0.00470092475021313,-2.7064932899723e-08
5.51496461150432e-09,-0.00470092147893562,-3.10538155992719e-08
5.48423597821712e-09,-0.00470091806205336,-3.5106058786457e-08
5.45484073360622e-09,-0.00470091474491841,-3.91954512030295e-08
5.43078733807659e-09,-0.00470091178665308,-4.3215508813015e-08
5.41126463365295e-09,-0.00470090934028876,-4.7076573371709e-08
5.39338053245718e-09,-0.00470090743583116,-5.07261296219559e-08
5.37292211788378e-09,-0.00470090600085706,-5.41966373452892e-08
5.34642467796169e-09,-0.00470090482735231,-5.7634348460818e-08
5.32546186279999e-09,-0.00470090360348609,-6.08809897631172e-08
5.31508796875127e-09,-0.00470090210185932,-6.37386532965193e-08
5.30981086598898e-09,-0.00470090027438634,-6.61277072724293e-08
5.29906103082103e-09,-0.00470089828819894,-6.81644204048441e-08
5.27985567876094e-09,-0.00470089633533134,-6.99981684380568e-08
5.25632314660265e-09,-0.00470089453762772,-7.17361292326635e-08
5.23386748232907e-09,-0.00470089293866026,-7.34328967134035e-08
5.21511987871478e-09,-0.00470089150431971,-7.51001080617638e-08
5.19946177143943e-09,-0.00470089014286619,-7.67239242766355e-08
5.18482894402872e-09,-0.00470088892844893,-7.82816407808702e-08
5.1696453729926e-09,-0.00470088797015048,-7.97530485009409e-08
5.15561773560015e-09,-0.00470088733316402,-8.11234042218257e-08
5.1493051205504e-09,-0.00470088700956887,-8.23628895528423e-08
5.14976032054021e-09,-0.00470088694704772,-8.3423464015949e-08
5.151391788946e-09,-0.00470088708280327,-8.42627034542999e-08
5.15046365744008e-09,-0.00470088734020871,-8.48546400810278e-08
5.14501492197598e-09,-0.00470088759459326,-8.51892035741328e-08
5.13097857283354e-09,-0.00470088778816049,-8.52857420548457e-08
5.11133382387025e-09,-0.00470088789511667,-8.51886080020699e-08
5.09198077147171e-09,-0.0047008879053807,-8.49389452528258e-08
5.07459813927543e-09,-0.00470088779460741,-8.45944198867948e-08
5.05436836521597e-09,-0.00470088743024083,-8.43119002560881e-08
5.03378835960803e-09,-0.00470088675208083,-8.41832635202379e-08
5.02746527019179e-09,-0.00470088596253853,-8.40886335264066e-08
5.03579479960057e-09,-0.00470088529088833,-8.38476285587415e-08
5.04835536693881e-09,-0.00470088488502394,-8.33220687740808e-08
5.05631031836646e-09,-0.00470088480394869,-8.24398760505195e-08
5.05713242768505e-09,-0.00470088503461712,-8.11840405152201e-08
5.05187644075087e-09,-0.00470088550567364,-7.95748379005119e-08
5.04459820763653e-09,-0.00470088613093301,-7.76488237616028e-08
5.03871180690126e-09,-0.00470088684186426,-7.54381793668407e-08
5.03297215980716e-09,-0.00470088759712612,-7.29653234449615e-08
5.0213102628459e-09,-0.00470088839024236,-7.02647075617658e-08
5.00702051592018e-09,-0.00470088925473375,-6.73784511562429e-08
4.99452065761248e-09,-0.00470089023543968,-6.4333378882034e-08
4.98344648751733e-09,-0.0047008913670633,-6.11444150050941e-08
4.96886754100468e-09,-0.00470089266746274,-5.78336513539859e-08
4.94988709164818e-09,-0.004700894141744,-5.44368774415853e-08
4.92936325501794e-09,-0.00470089578054433,-5.09917445784368e-08
4.91007375271579e-09,-0.00470089756901175,-4.75297614375589e-08
4.89261208007097e-09,-0.00470089949455049,-4.40750353772437e-08
4.87682857157982e-09,-0.00470090153876114,-4.06226035619837e-08
4.86446855100728e-09,-0.00470090365327263,-3.70811242599691e-08
4.85264803010677e-09,-0.00470090572622839,-3.34247530700514e-08
4.83367565299293e-09,-0.00470090746532687,-2.98221398334633e-08
4.80959039982586e-09,-0.0047009089516884,-2.63600852936742e-08
4.78534241795e-09,-0.00470091039095653,-2.30615877579634e-08
4.76265045471476e-09,-0.00470091195497335,-1.99252812008331e-08
4.73938194717925e-09,-0.00470091376856488,-1.69490962217652e-08
4.71770317945369e-09,-0.0047009158503496,-1.41307284958597e-08
4.69822135714833e-09,-0.00470091801520166,-1.14592050182084e-08
4.67917728531893e-09,-0.0047009200449385,-8.92281832515729e-09
4.65878803467897e-09,-0.00470092183133813,-6.51511984745848e-09
4.63672832405301e-09,-0.00470092349602223,-4.23545548611489e-09
4.61388166743051e-09,-0.00470092520232406,-2.08614574419017e-09
4.58922837533076e-09,-0.00470092706213966,-7.16270150126076e-11
4.55715131443749e-09,-0.00470092908929122,1.7822646791768e-09
4.51801602920824e-09,-0.00470093110685174,3.42635192030802e-09
4.47526877981107e-09,-0.00470093293325227,4.80484675333032e-09
4.43600658212822e-09,-0.00470093444470982,5.87791724953718e-09
4.40190727086971e-09,-0.00470093555857068,6.63368359141481e-09
4.36978280508264e-09,-0.00470093630308812,7.07428658143353e-09
4.33645451979093e-09,-0.00470093675393935,7.20299458044615e-09
4.30333253914891e-09,-0.00470093698931906,7.02189455212121e-09
4.27758982320341e-09,-0.00470093708026847,6.55440451041809e-09
4.25863765014463e-09,-0.00470093705049409,5.84937181148146e-09
4.24053864377014e-09,-0.00470093688840188,4.95620947745159e-09
4.21768520824848e-09,-0.00470093659915223,3.87977497638346e-09
4.1859180543808e-09,-0.00470093628355829,2.50116070396919e-09
4.14612075517779e-09,-0.00470093603382842,7.18417561789558e-10
4.09805760201992e-09,-0.00470093590172413,-1.52518528068093e-09
4.05085818767067e-09,-0.00470093588210315,-4.20453133585314e-09
4.02189919386746e-09,-0.00470093587485008,-7.08564294765205e-09
4.00839911032446e-09,-0.0047009357606745,-9.97987754476711e-09
3.99058326632031e-09,-0.00470093548552579,-1.28385685807077e-08
3.94100900107397e-09,-0.00470093513231584,-1.58783461723926e-08
3.86738752465031e-09,-0.00470093484829244,-1.92931945061062e-08
3.79496438978159e-09,-0.00470093476013561,-2.31738421770556e-08
3.74240392212934e-09,-0.0047009349710152,-2.74493356333031e-08
3.71677965939518e-09,-0.00470093552307924,-3.19883176216439e-08
3.71423947939047e-09,-0.00470093641715534,-3.66252819640381e-08
3.71123381705853e-09,-0.00470093760530381,-4.12183630456392e-08
3.69364947346717e-09,-0.00470093901872369,-4.57065563788845e-08
3.6647127669991e-09,-0.00470094059739118,-5.00887926692083e-08
3.63444162093058e-09,-0.00470094229860215,-5.43838061014474e-08
3.60868124609073e-09,-0.00470094409459131,-5.86022995184467e-08
3.58647006310987e-09,-0.00470094596734539,-6.27385815790479e-08
3.56402914020025e-09,-0.00470094784750107,-6.6729480164921e-08
3.53761541574674e-09,-0.0047009495262913,-7.04118198988661e-08
3.50292161501076e-09,-0.00470095104482562,-7.38543597707528e-08
3.461752063409e-09,-0.00470095253989705,-7.71959628173023e-08
3.41893696329429e-09,-0.00470095416524362,-8.05542621454041e-08
3.38778101301444e-09,-0.00470095601143574,-8.39771751346567e-08
3.36832891302746e-09,-0.00470095809966819,-8.74321441744137e-08
3.34923548201437e-09,-0.0047009603926373,-9.08601390330927e-08
3.31767187013857e-09,-0.00470096276027645,-9.42336581288096e-08
3.27732756755322e-09,-0.0047009650800278,-9.75663449307271e-08
3.24386622439902e-09,-0.00470096725218503,-1.00860899811128e-07
3.22135956143174e-09,-0.00470096915877345,-1.04103333944045e-07
3.20131241316732e-09,-0.00470097075194801,-1.07326413624633e-07
3.17435418843216e-09,-0.00470097203613919,-1.1056253044099e-07
3.1339458002363e-09,-0.00470097302865153,-1.13846921755891e-07
3.08520996431191e-09,-0.00470097371007721,-1.17228796740603e-07
3.03748946182072e-09,-0.00470097393663868,-1.20745920858564e-07
3.00034345716739e-09,-0.00470097363904986,-1.24322250390053e-07
2.97855548467403e-09,-0.00470097291170709,-1.27846754422531e-07
2.96477974503895e-09,-0.00470097188941964,-1.31220729756608e-07
2.9490622818483e-09,-0.00470097067991882,-1.34386738477381e-07
2.92740431825461e-09,-0.00470096938534945,-1.37330446362319e-07
2.90185477942874e-09,-0.00470096819290651,-1.40063706112088e-07
2.87600783866269e-09,-0.00470096723587228,-1.42604933015818e-07
2.85151858168293e-09,-0.00470096655893595,-1.44966737285977e-07
2.82786308983982e-09,-0.00470096614518384,-1.47152542560123e-07
2.80498136453054e-09,-0.00470096589063523,-1.49135011919218e-07
2.7847115465879e-09,-0.0047009654962589,-1.50824319215892e-07
2.76412241288154e-09,-0.00470096495006414,-1.52233933824435e-07
2.74132934322254e-09,-0.00470096436167517,-1.53412782219313e-07
2.71869825984517e-09,-0.00470096383522691,-1.54399204564375e-07
2.70327390149958e-09,-0.00470096336844496,-1.55192315920479e-07
2.6940768960011e-09,-0.00470096269913525,-1.55751796451269e-07
2.68533532425282e-09,-0.00470096158812743,-1.56029677898182e-07
2.67144076243256e-09,-0.00470095998647058,-1.55991783030572e-07
2.64505179880469e-09,-0.00470095800690843,-1.55689877366973e-07
2.60414541978366e-09,-0.00470095590498051,-1.55377777717386e-07
2.55882853219737e-09,-0.00470095392143963,-1.55226311999154e-07
2.52197122755438e-09,-0.0047009522727255,-1.55123714135652e-07
2.48977715098037e-09,-0.00470095107794068,-1.5492456416373e-07
2.45651374496515e-09,-0.00470095036318338,-1.54560340897807e-07
2.42270681201549e-09,-0.00470095009799847,-1.54027359707074e-07
2.39551226563513e-09,-0.00470095020420797,-1.53385591060547e-07
2.37434844041514e-09,-0.00470095054426547,-1.52833061161127e-07
2.35478618178438e-09,-0.00470095099576414,-1.52461990624229e-07
2.33490992203817e-09,-0.00470095142205488,-1.521076074038e-07
2.30342033685244e-09,-0.00470095172478206,-1.51624644000931e-07
2.26390725117265e-09,-0.00470095186343975,-1.50980481424589e-07
2.23151083003567e-09,-0.00470095187399316,-1.50181739655903e-07
2.20955590642368e-09,-0.00470095195120933,-1.49228833040377e-07
2.19062348700576e-09,-0.0047009522693021,-1.48124285108618e-07
2.16776943494925e-09,-0.00470095291123208,-1.46882722830567e-07
2.13846432486441e-09,-0.00470095387916339,-1.45531522800428e-07
2.09955093466332e-09,-0.00470095513306585,-1.44124083278315e-07
2.05479266037686e-09,-0.00470095662348862,-1.42740948485258e-07
2.01662795451297e-09,-0.00470095831494017,-1.41439660550802e-07
1.99052122084583e-09,-0.00470096014629131,-1.40225587123209e-07
1.97892810277446e-09,-0.00470096191434287,-1.39045769464898e-07
1.9734112939965e-09,-0.00470096344340154,-1.37811804217168e-07
1.96467938669629e-09,-0.00470096464972219,-1.3644933358833e-07
1.94769153850243e-09,-0.00470096551664165,-1.348964976594e-07
1.91717556050247e-09,-0.00470096603768607,-1.33078371712895e-07
1.88050269745946e-09,-0.00470096623477367,-1.31018683232689e-07
1.84762142343578e-09,-0.00470096615012766,-1.28896748765155e-07
1.81361429360973e-09,-0.00470096574848729,-1.27023883186928e-07
1.77089948929133e-09,-0.00470096498087926,-1.25620666037884e-07
1.7185524230406e-09,-0.00470096384694557,-1.24699660287944e-07
1.67847024096508e-09,-0.00470096248369567,-1.2381843731115e-07
1.66053495684451e-09,-0.00470096099343571,-1.22486207614621e-07
1.64293954724322e-09,-0.00470095957214875,-1.20780934520059e-07
1.62202809459939e-09,-0.00470095838896933,-1.18946477017794e-07
1.59984879707745e-09,-0.00470095752239891,-1.17154286622246e-07
1.58356263582487e-09,-0.00470095692769297,-1.15468664955497e-07
1.5797490268938e-09,-0.004700956374687,-1.1382046403196e-07
1.58400114033557e-09,-0.00470095561576325,-1.11997852748466e-07
1.57881397433337e-09,-0.00470095448851605,-1.09842138779361e-07
1.55643461970798e-09,-0.00470095296624345,-1.07387963674027e-07
1.51425910143696e-09,-0.00470095118993074,-1.0503896045388e-07
1.45952041579763e-09,-0.00470094925507946,-1.03320525643436e-07
1.41608606192959e-09,-0.00470094724267343,-1.0246080656452e-07
1.40157540783369e-09,-0.00470094522105885,-1.02088922537207e-07
1.42385670303049e-09,-0.00470094303348672,-1.01262616473236e-07
1.46172258400592e-09,-0.00470094057606071,-9.93853111666371e-08
1.48759922459041e-09,-0.00470093783331114,-9.62945539374423e-08
1.47600930801446e-09,-0.00470093486793987,-9.22789785863446e-08
1.43253186891873e-09,-0.00470093180129129,-8.78035638391486e-08
1.37455057149782e-09,-0.00470092893843096,-8.34149435282603e-08
1.31844328484674e-09,-0.00470092651687302,-7.94771314575863e-08
1.27103193099643e-09,-0.00470092462563766,-7.6125541739953e-08
1.23280027480247e-09,-0.00470092319320321,-7.32925057311558e-08
1.20614202170646e-09,-0.00470092187876747,-7.06716471042972e-08
1.18807049367788e-09,-0.00470092036554549,-6.79860638854958e-08
1.1697563712158e-09,-0.00470091849508807,-6.51370284502853e-08
1.13858138750756e-09,-0.00470091618298498,-6.23178252156358e-08
1.09957648018495e-09,-0.00470091347631869,-5.96648785183121e-08
1.07258863018632e-09,-0.00470091075582622,-5.68986680983154e-08
1.06214337538018e-09,-0.0047009083908553,-5.37274804036652e-08
1.0634723225423e-09,-0.00470090659359707,-4.999862887866e-08
1.07092812571972e-09,-0.00470090540165296,-4.57440226532494e-08
1.055317112867e-09,-0.00470090464949517,-4.1365196986857e-08
1.01753296019074e-09,-0.00470090422146204,-3.71079728428869e-08
9.76147303245221e-10,-0.00470090406481485,-3.30697282001715e-08
9.41436729231403e-10,-0.00470090418101083,-2.93040374261181e-08
8.99377798916405e-10,-0.0047009046265955,-2.60026213015463e-08
8.44342659003437e-10,-0.004700905441389,-2.33383609098904e-08
7.83083485099633e-10,-0.00470090663182475,-2.13942249615769e-08
7.26862550651727e-10,-0.0047009081752818,-2.01745527876644e-08
6.88073437468417e-10,-0.00470091001793259,-1.95688171792459e-08
6.69865876637166e-10,-0.00470091203189385,-1.92630162707421e-08
6.61467181885667e-10,-0.00470091410244517,-1.89920197256048e-08
6.47225729089049e-10,-0.0047009161153036,-1.86525126337037e-08
6.10597897807439e-10,-0.00470091785263121,-1.84066723147979e-08
5.48237853143057e-10,-0.00470091921747206,-1.86752896395208e-08
4.71202574312888e-10,-0.00470092017952073,-1.98878236534394e-08
3.97109809639183e-10,-0.00470092076545534,-2.22806309615078e-08
3.42891309980893e-10,-0.00470092108364451,-2.58246875990214e-08
3.13066776845595e-10,-0.00470092132984093,-3.01757416617952e-08
2.96124404612588e-10,-0.00470092166959519,-3.4980090556582e-08
2.79963212246934e-10,-0.00470092221167907,-3.99588040608015e-08
2.63934295353755e-10,-0.00470092303776996,-4.47911519035627e-08
2.48169498954225e-10,-0.00470092416690971,-4.92823088148389e-08
2.31408320414501e-10,-0.004700925571097,-5.33844542694546e-08
2.1284242137275e-10,-0.0047009271990081,-5.71404419175895e-08
1.9188417037682e-10,-0.00470092898273291,-6.06760257043906e-08
1.67341293947183e-10,-0.0047009308316886,-6.42719475133758e-08
1.44496385664474e-10,-0.00470093268340916,-6.81243161215364e-08
1.27458286075901e-10,-0.00470093453411358,-7.22342656443937e-08
1.20460849882075e-10,-0.00470093648392106,-7.63375579472392e-08
1.1828504367001e-10,-0.00470093862160791,-8.01200972649099e-08
1.07635946524019e-10,-0.00470094094170831,-8.32773479061468e-08
8.20064169337376e-11,-0.00470094345543498,-8.58333815074333e-08
4.42638006188519e-11,-0.0047009461722363,-8.80690298908872e-08
3.41023413556778e-12,-0.00470094907379203,-9.02589593888397e-08
-3.38643521818539e-11,-0.00470095212955129,-9.25814354257547e-08
-6.55929922211341e-11,-0.00470095527815,-9.51050031930956e-08
-9.16861880338422e-11,-0.00470095834565104,-9.77770545598629e-08
-1.14698550944967e-10,-0.00470096118158961,-1.00523482763086e-07
-1.39665803669099e-10,-0.00470096371079813,-1.03296774486236e-07
-1.74028213339155e-10,-0.00470096594912732,-1.06149472942479e-07
-2.13993910038402e-10,-0.00470096801782529,-1.09325299597821e-07
-2.47297347228624e-10,-0.00470097004365553,-1.12994100311418e-07
-2.71211013506708e-10,-0.00470097210949515,-1.17187571257005e-07
-2.90711147300479e-10,-0.00470097425006084,-1.21855105117641e-07
-3.05957020183816e-10,-0.00470097643715621,-1.26818394037294e-07
-3.0588793921506e-10,-0.0047009784907614,-1.31557113164501e-07
-3.00175367424861e-10,-0.00470098025759309,-1.35701871072601e-07
-3.08381850579729e-10,-0.00470098171073895,-1.39331596836108e-07
-3.36633272855132e-10,-0.00470098285003424,-1.42762873234542e-07
-3.74670301831244e-10,-0.00470098374425085,-1.46260283682554e-07
-4.05846945832277e-10,-0.00470098465179787,-1.49888303259897e-07
-4.20392953084616e-10,-0.00470098582195097,-1.53604155890882e-07
-4.26337712235772e-10,-0.00470098739532783,-1.57329576095852e-07
-4.40595432606036e-10,-0.00470098932510471,-1.6096793900194e-07
-4.57264363052614e-10,-0.00470099129860292,-1.6427631542958e-07
-4.70312835216278e-10,-0.00470099318268547,-1.67133517991483e-07
-4.76419122226206e-10,-0.00470099496216929,-1.69532892091685e-07
-4.69076501850932e-10,-0.00470099665002333,-1.71492705509643e-07
-4.60834881081895e-10,-0.00470099827238122,-1.73194409383271e-07
-4.83671198079755e-10,-0.00470099987381774,-1.75438086627668e-07
-5.38546684961004e-10,-0.00470100148206094,-1.78894116751116e-07
-6.02813052307243e-10,-0.00470100310121673,-1.83850224622753e-07
-6.50845709827684e-10,-0.00470100466931849,-1.90152358104567e-07
-6.61115786975129e-10,-0.00470100588895911,-1.97014020522941e-07
-6.44595274096809e-10,-0.00470100650027372,-2.03691791659556e-07
-6.28936275906568e-10,-0.004701006386972,-2.09769122178279e-07
-6.22782112096639e-10,-0.00470100552992887,-2.15120153207969e-07
-6.27493387660847e-10,-0.00470100401262695,-2.1988597970115e-07
-6.4652730480735e-10,-0.00470100212894144,-2.24525530964884e-07
-6.6487971483193e-10,-0.00470100028864363,-2.29099641219787e-07
-6.78338753967471e-10,-0.0047009987822669,-2.33529119275838e-07
-6.84752181860874e-10,-0.00470099772736785,-2.37752850185027e-07
-6.76533075501878e-10,-0.00470099702437807,-2.41698642515893e-07
-6.58868229117374e-10,-0.00470099615905445,-2.45277031164395e-07
-6.45447583682039e-10,-0.00470099470267255,-2.48454864450817e-07
-6.49601998506225e-10,-0.0047009926006192,-2.5136627159096e-07
-6.67088140496361e-10,-0.00470098997509859,-2.54167497650413e-07
-6.8512781425395e-10,-0.00470098699283781,-2.56955944975771e-07
-6.96698083417794e-10,-0.00470098378995202,-2.59776928575855e-07
-7.05063881009738e-10,-0.00470098042459387,-2.62682790333632e-07
-7.12729620222327e-10,-0.00470097688332193,-2.65628711760417e-07
-7.13163273822842e-10,-0.00470097302137227,-2.68313544402988e-07
-7.05322387813747e-10,-0.00470096869839549,-2.70472137785103e-07
-6.9348084062778e-10,-0.00470096384065057,-2.71977506509164e-07
-6.82266203228636e-10,-0.00470095843733558,-2.72819399827868e-07
-6.74674256668779e-10,-0.00470095251160199,-2.73074801726281e-07
-6.72173356389581e-10,-0.00470094608599345,-2.72886982063021e-07
-6.68212731091123e-10,-0.00470093925692394,-2.72245715497916e-07
-6.49935018740322e-10,-0.00470093229433175,-2.70818765699866e-07
-6.2012671852979e-10,-0.00470092544979442,-2.68369073205127e-07
-5.94728167773629e-10,-0.00470091893064637,-2.64995168371331e-07
-5.81075674551087e-10,-0.00470091283493413,-2.60896723879853e-07
-5.78844664941575e-10,-0.00470090714372274,-2.56301054795846e-07
-5.91000941346408e-10,-0.00470090172869131,-2.51563616709465e-07
-6.10095303632399e-10,-0.00470089645980287,-2.46959588085936e-07
-6.22980624022524e-10,-0.00470089123103042,-2.42600427312699e-07
-6.25426038875053e-10,-0.00470088597098355,-2.38441563404311e-07
-6.19476636819113e-10,-0.00470088062025921,-2.34293711636378e-07
-6.1095599982525e-10,-0.00470087515323735,-2.29982333464934e-07
-6.0826253146551e-10,-0.00470086958855847,-2.25513408716082e-07
-6.25274090725126e-10,-0.00470086401612433,-2.21327647822781e-07
-6.55865286437509e-10,-0.00470085855106897,-2.17751092917241e-07
-6.77034988927237e-10,-0.00470085338683857,-2.14625109960092e-07
-6.78410446627893e-10,-0.00470084864093814,-2.11627812221657e-07
-6.61235591348492e-10,-0.00470084426605281,-2.08332435894443e-07
-6.3733086429507e-10,-0.00470084015633089,-2.04445670146852e-07
-6.17969987766594e-10,-0.00470083621234317,-1.99864010714071e-07
-6.10714244429041e-10,-0.00470083236585218,-1.94718026188835e-07
-6.25002960420777e-10,-0.00470082858445938,-1.89543850906824e-07
-6.54861186756537e-10,-0.00470082486286341,-1.84815591100414e-07
-6.87878728985008e-10,-0.00470082119971092,-1.8080175183922e-07
-7.1539047011488e-10,-0.00470081759042096,-1.77583391061383e-07
-7.27108357274359e-10,-0.00470081413764844,-1.74846062018737e-07
-7.24447281269398e-10,-0.00470081094250543,-1.72229498462241e-07
-7.14325318883128e-10,-0.00470080806162997,-1.69482620983138e-07
-7.07173517952816e-10,-0.00470080551580242,-1.66479018277376e-07
-7.12432963164924e-10,-0.0047008033053359,-1.63218612852238e-07
-7.24701562858203e-10,-0.00470080131678104,-1.5977822608113e-07
-7.35816505952426e-10,-0.00470079942290474,-1.56242554291078e-07
-7.4500664174435e-10,-0.00470079750617947,-1.52722357815385e-07
-7.58656808130313e-10,-0.00470079535356651,-1.49420539725746e-07
-7.69594004204575e-10,-0.00470079282264625,-1.46233033954968e-07
-7.64957079073317e-10,-0.00470079002210087,-1.42728993303888e-07
-7.49760683674487e-10,-0.00470078718083702,-1.38668346212394e-07
-7.34568617811932e-10,-0.00470078449062687,-1.33994999550252e-07
-7.25556966939159e-10,-0.00470078204316123,-1.28756607626122e-07
-7.24906622696707e-10,-0.00470077982719723,-1.23097087239114e-07
-7.35809441434893e-10,-0.00470077771497236,-1.17332573276534e-07
-7.54648576235719e-10,-0.00470077557875854,-1.11721088047433e-07
-7.76572624847073e-10,-0.00470077337724085,-1.06436143199477e-07
-8.03108802551836e-10,-0.00470077119813767,-1.01711366996571e-07
-8.32695404800299e-10,-0.00470076915221215,-9.76794028374253e-08
-8.62803573209675e-10,-0.00470076731307874,-9.4379139533946e-08
-8.95078168203598e-10,-0.00470076566477113,-9.18853346008022e-08
-9.25973311323501e-10,-0.00470076411663505,-9.0140601834828e-08
-9.43493207467581e-10,-0.00470076250076081,-8.87458111464325e-08
-9.47717518864996e-10,-0.00470076097629766,-8.73332404173462e-08
-9.4780232645922e-10,-0.00470075977095677,-8.57036186036677e-08
-9.51894862231814e-10,-0.00470075904037167,-8.38064503147547e-08
-9.63539752343002e-10,-0.00470075884835601,-8.16880183086228e-08
-9.84112271104113e-10,-0.00470075917192434,-7.94493737994492e-08
-1.00890760398949e-09,-0.00470075994085855,-7.7205799153277e-08
-1.03223452414496e-09,-0.00470076107692588,-7.50475350843996e-08
-1.05020747820745e-09,-0.00470076246535872,-7.30238297637097e-08
-1.05933642948593e-09,-0.00470076383555711,-7.11290313602402e-08
-1.06576950420482e-09,-0.00470076497383426,-6.93226314458326e-08
-1.0776780600203e-09,-0.00470076578679832,-6.75711234510893e-08
-1.10157329019654e-09,-0.00470076630974842,-6.59034566547635e-08
-1.13275998952853e-09,-0.00470076677721401,-6.44577925227596e-08
-1.1621089606207e-09,-0.00470076741333255,-6.33431857164413e-08
-1.18217463238849e-09,-0.0047007683488339,-6.25670108916271e-08
-1.19233112857504e-09,-0.00470076965001345,-6.19918267427052e-08
-1.1988298347524e-09,-0.00470077131085156,-6.14759347806081e-08
-1.20741160461909e-09,-0.00470077327666187,-6.09324145806521e-08
-1.21936061784874e-09,-0.00470077547687995,-6.0328020083367e-08
-1.23282117533765e-09,-0.0047007778473914,-5.96650116961774e-08
-1.24774523275042e-09,-0.0047007803210226,-5.90090138992106e-08
-1.267769351912e-09,-0.00470078279737072,-5.85464032481346e-08
-1.28664389815093e-09,-0.004700785271182,-5.82521731340991e-08
-1.29840760579259e-09,-0.00470078778068248,-5.80249168338706e-08
-1.30033189298489e-09,-0.00470079038474384,-5.77575093405024e-08
-1.30320131355277e-09,-0.00470079309009438,-5.73739818516849e-08
-1.31334857018183e-09,-0.00470079579921907,-5.68569125979808e-08
-1.32855768980783e-09,-0.00470079841289743,-5.62246654655672e-08
-1.34378520300025e-09,-0.00470080089083844,-5.55053695049849e-08
-1.35635817292873e-09,-0.00470080330089595,-5.47221520988308e-08
-1.36695312263637e-09,-0.00470080572708063,-5.38892594908264e-08
-1.37754732820894e-09,-0.00470080823376756,-5.30139066804216e-08
-1.38926921595836e-09,-0.00470081085440888,-5.20993609034389e-08
-1.40182179539587e-09,-0.00470081355557558,-5.1147198655696e-08
-1.41489809540695e-09,-0.00470081615506983,-5.01592830476252e-08
-1.42978377667297e-09,-0.00470081852913584,-4.914536761073e-08
-1.4459040499137e-09,-0.00470082077782821,-4.81237326533704e-08
-1.46176003144468e-09,-0.00470082305359556,-4.71123959077861e-08
-1.47702183718903e-09,-0.0047008254776035,-4.61250246141872e-08
-1.49208767743423e-09,-0.00470082813391561,-4.51735658912014e-08
-1.50436383292881e-09,-0.00470083099803361,-4.42599668517876e-08
-1.5138662107382e-09,-0.00470083378751837,-4.33728401676105e-08
-1.52256425488056e-09,-0.00470083623648532,-4.24991270678177e-08
-1.53183561691407e-09,-0.00470083826693961,-4.16307525683686e-08
-1.54168785035444e-09,-0.00470084012620581,-4.07647487186354e-08
-1.55152898565444e-09,-0.00470084208226468,-3.99005265068073e-08
-1.56108812670606e-09,-0.00470084429887751,-3.90375044073712e-08
-1.57059075785211e-09,-0.00470084681115781,-3.81742553978656e-08
-1.5803275507645e-09,-0.0047008494423348,-3.73087943660276e-08
-1.58924455363694e-09,-0.00470085180693741,-3.64380226664668e-08
-1.59499282289803e-09,-0.0047008537115492,-3.55487371063646e-08
-1.60100552724912e-09,-0.0047008551030593,-3.46277302693396e-08
-1.60932090548852e-09,-0.00470085600458676,-3.36755601971221e-08
-1.61904820972453e-09,-0.00470085647589104,-3.26996900218502e-08
-1.62861100185541e-09,-0.0047008566230441,-3.17070588007039e-08
-1.63743071918064e-09,-0.00470085677588065,-3.07012350707479e-08
-1.64591485840624e-09,-0.00470085722488046,-2.96831508606378e-08
-1.65454111492089e-09,-0.00470085810968793,-2.86529376014204e-08
-1.66328489620202e-09,-0.00470085946432928,-2.75655631068385e-08
-1.67147137150607e-09,-0.00470086131318875,-2.62325708655177e-08
-1.67583126318577e-09,-0.00470086363972044,-2.45259128236131e-08
-1.67020304912777e-09,-0.00470086638571165,-2.23962608533623e-08
-1.65983079632941e-09,-0.00470086942049248,-1.98849282017337e-08
-1.65889553616119e-09,-0.00470087241064139,-1.72358300092228e-08
-1.66905062986738e-09,-0.00470087509380031,-1.46294912998942e-08
-1.6791171209519e-09,-0.00470087742065896,-1.19814532907683e-08
-1.68906784794769e-09,-0.00470087947816252,-9.22334834116429e-09
-1.70314310029283e-09,-0.00470088145903346,-6.51695118610883e-09
-1.71513324005542e-09,-0.00470088353995368,-4.01401047748673e-09
-1.72272038567254e-09,-0.00470088582518961,-1.76758115943879e-09
-1.72616711937606e-09,-0.00470088832077275,2.99234029576835e-10
-1.71998743560303e-09,-0.00470089088748799,2.51406289067357e-09
-1.70509758913511e-09,-0.0047008933629096,5.1570230015864e-09
-1.68687219521243e-09,-0.00470089565099518,8.36989863461672e-09
-1.66945974219045e-09,-0.0047008977785735,1.22025894091621e-08
-1.65506984987839e-09,-0.00470089981107031,1.66273730608049e-08
-1.64383899388475e-09,-0.00470090180273618,2.15733702277156e-08
-1.63449818210075e-09,-0.00470090378144905,2.69612547214862e-08
-1.62846351435016e-09,-0.00470090571995086,3.26522964103258e-08
-1.63204471374988e-09,-0.00470090749256452,3.83247483935128e-08
-1.63779373359396e-09,-0.00470090907490469,4.39003504137094e-08
-1.64046875938956e-09,-0.00470091052170789,4.93848812414545e-08
-1.64527346019408e-09,-0.00470091197013349,5.46430349210566e-08
-1.65362426077896e-09,-0.00470091354306052,5.95675030205344e-08
-1.66054610524062e-09,-0.00470091531561218,6.41392969794014e-08
-1.6628905995671e-09,-0.00470091729563321,6.84526979983449e-08
-1.66082869772851e-09,-0.00470091938428727,7.27806957276208e-08
-1.66216522761009e-09,-0.00470092148773066,7.73184664399139e-08
-1.67053711502868e-09,-0.00470092352010188,8.20684364454646e-08
-1.68541542902054e-09,-0.00470092532072497,8.67631093333992e-08
-1.69170170868797e-09,-0.00470092685747096,9.11278212195626e-08
-1.68522656524153e-09,-0.00470092817672838,9.50676832179406e-08
-1.68610909565782e-09,-0.00470092932821744,9.85901393577477e-08
-1.70096813667743e-09,-0.00470093033885332,1.01728660179915e-07
-1.72091425732028e-09,-0.00470093121330314,1.04533004737681e-07
-1.74211764701618e-09,-0.00470093201745548,1.06887199724985e-07
-1.7623985351325e-09,-0.0047009328288562,1.08687590421378e-07
-1.7771612043542e-09,-0.00470093372276045,1.09961764762116e-07
-1.7814462010974e-09,-0.00470093481383794,1.10969361069989e-07
-1.78114553516714e-09,-0.00470093617833123,1.11953576650742e-07
-1.79310070487493e-09,-0.00470093782711081,1.13013532151447e-07
-1.82449677767388e-09,-0.00470093973876888,1.14092257030024e-07
-1.86355268716613e-09,-0.00470094187942802,1.15053206649107e-07
-1.88831889718875e-09,-0.00470094420930611,1.15788852822721e-07
-1.88486957029712e-09,-0.004700946672939,1.16300544560997e-07
-1.86769248589626e-09,-0.00470094911419157,1.16626404036628e-07
-1.86418796071304e-09,-0.00470095147549311,1.16639578297684e-07
-1.88687270862966e-09,-0.0047009537614317,1.1619562824069e-07
-1.9256039967507e-09,-0.00470095599469617,1.1519929379803e-07
-1.96547055323256e-09,-0.00470095812701828,1.13677876991331e-07
-1.98941598979047e-09,-0.00470095998572169,1.11925242268902e-07
-2.00029549782622e-09,-0.00470096166743718,1.10128434296395e-07
-2.00808348258167e-09,-0.00470096333482818,1.08353855121573e-07
-2.01475479024144e-09,-0.00470096516147446,1.06613543101712e-07
-2.02168268725206e-09,-0.00470096740265361,1.0489856829033e-07
-2.03167235696938e-09,-0.00470097022894126,1.03182245935289e-07
-2.04991253103912e-09,-0.00470097369712561,1.01409248551695e-07
-2.06967627013731e-09,-0.00470097773555339,9.95118823755605e-08
-2.07336232737598e-09,-0.00470098205147051,9.74865825866004e-08
-2.06216144153403e-09,-0.00470098635613346,9.54089774028188e-08
-2.04953169268997e-09,-0.00470099039323787,9.33732281889441e-08
-2.05053654275647e-09,-0.00470099379720373,9.13988288789471e-08
-2.0800323728125e-09,-0.00470099655086823,8.92633889140839e-08
-2.12154606007401e-09,-0.00470099879834183,8.67373824265404e-08
-2.15515645782353e-09,-0.00470100069496093,8.37174586712971e-08
-2.17584042513641e-09,-0.00470100229750184,8.02570405389391e-08
-2.19425506297064e-09,-0.00470100342631173,7.65181073894672e-08
-2.2280684135855e-09,-0.00470100404476099,7.23262460254769e-08
-2.27193834102355e-09,-0.00470100426116286,6.76339591836471e-08
-2.31206838441858e-09,-0.00470100420995387,6.25228213611268e-08
-2.33446012827804e-09,-0.00470100405738196,5.72536193326787e-08
-2.33523200363457e-09,-0.00470100392188516,5.20650766804413e-08
-2.32695111953758e-09,-0.00470100385287217,4.70999179216514e-08
-2.32646782198855e-09,-0.00470100386724196,4.23903287751982e-08
-2.34362149906954e-09,-0.00470100393186935,3.78114321597467e-08
-2.39001274335233e-09,-0.00470100388172369,3.29095397604957e-08
-2.45769634445628e-09,-0.00470100350177046,2.72746419924628e-08
-2.51947201154788e-09,-0.00470100256009246,2.09288889620884e-08
-2.57139469589219e-09,-0.00470100107310002,1.37052104799079e-08
-2.6134164993914e-09,-0.0047009991635047,5.4779557419574e-09
-2.64959982612525e-09,-0.00470099697122099,-3.72059802173378e-09
-2.68052526728287e-09,-0.00470099464149203,-1.37010795348496e-08
-2.7004294347896e-09,-0.00470099224216504,-2.42027694984618e-08
-2.70714653329688e-09,-0.0047009897378303,-3.4857313123786e-08
-2.71096997234041e-09,-0.00470098717089184,-4.54785703431183e-08
-2.72078720926183e-09,-0.00470098459140037,-5.60214282499747e-08
-2.7377431515168e-09,-0.00470098204452289,-6.64602179325769e-08
-2.75741258346929e-09,-0.00470097963271053,-7.66432824862172e-08
-2.77435678439092e-09,-0.00470097743558926,-8.64702248567529e-08
-2.78453400659148e-09,-0.00470097548081869,-9.59186774937507e-08
-2.78424231487436e-09,-0.00470097374851354,-1.04990452718028e-07
-2.7789616451754e-09,-0.00470097217856535,-1.13729424197324e-07
-2.77833518188168e-09,-0.00470097064885001,-1.22330499840474e-07
-2.79216460584167e-09,-0.00470096897123122,-1.30967528435506e-07
-2.82520529958666e-09,-0.00470096675845819,-1.39857849709784e-07
-2.86904299260804e-09,-0.00470096400636869,-1.49223779358528e-07
-2.89561779688914e-09,-0.00470096120226702,-1.58736496730068e-07
-2.89629486712712e-09,-0.00470095882981418,-1.67978568617234e-07
-2.88177599764266e-09,-0.0047009571900603,-1.76666722018374e-07
-2.86946188656856e-09,-0.00470095630002352,-1.84694627063448e-07
-2.87341329385985e-09,-0.00470095573372559,-1.9221377033129e-07
-2.89901262584385e-09,-0.00470095512647383,-1.99576790763051e-07
-2.93910101875893e-09,-0.00470095431059396,-2.07008388051903e-07
-2.97548813728063e-09,-0.00470095329923294,-2.14521928497929e-07
-2.9865911634654e-09,-0.00470095232986869,-2.2171083651396e-07
-2.97430979185662e-09,-0.00470095164343324,-2.28188314719861e-07
-2.9517067981205e-09,-0.00470095138766129,-2.33752117060023e-07
-2.92133264436613e-09,-0.00470095162795302,-2.38327176293406e-07
-2.89398103859021e-09,-0.00470095230378284,-2.41954722616383e-07
-2.88950435668445e-09,-0.00470095309732662,-2.44920988742908e-07
-2.90889690846916e-09,-0.00470095372004099,-2.47538550855239e-07
-2.93657515438715e-09,-0.00470095403926352,-2.50069743067262e-07
-2.9587991280452e-09,-0.00470095411373277,-2.52761851554437e-07
-2.96666590847088e-09,-0.004700954131201,-2.55547653340385e-07
-2.96447939363196e-09,-0.0047009542617743,-2.58246579835592e-07
-2.95881060860726e-09,-0.00470095460546642,-2.60699820622586e-07
-2.9474404011756e-09,-0.00470095517422906,-2.62781063835177e-07
-2.93390447941744e-09,-0.0047009558154261,-2.64401460106649e-07
-2.92260897785877e-09,-0.00470095650203042,-2.65525875473166e-07
-2.91467884191869e-09,-0.004700957264436,-2.66159037551821e-07
-2.91609193108264e-09,-0.00470095813443012,-2.66330796967171e-07
-2.94707433178151e-09,-0.00470095912842101,-2.66155451555644e-07
-2.99701900185413e-09,-0.00470096020502565,-2.65731901159764e-07
-3.0361493439075e-09,-0.00470096120900187,-2.64902723837042e-07
-3.06003393674588e-09,-0.00470096215075617,-2.63853516116667e-07
-3.06381933337249e-09,-0.00470096313442848,-2.62788106236011e-07
-3.05797191160293e-09,-0.00470096426794451,-2.61778022499083e-07
-3.05649508801129e-09,-0.00470096562669592,-2.60826322574333e-07
-3.06553119797493e-09,-0.00470096722952765,-2.59963172081687e-07
-3.08863388745976e-09,-0.00470096901425587,-2.59337577130499e-07
-3.11845514852011e-09,-0.00470097093410358,-2.588585121059e-07
-3.12478504444e-09,-0.00470097283658259,-2.5811513428288e-07
-3.1036789624884e-09,-0.00470097458130378,-2.5672246994724e-07
-3.07660023303337e-09,-0.004700976122057,-2.54540253760464e-07
-3.07194467326623e-09,-0.00470097756184675,-2.51897664464203e-07
-3.09855863480505e-09,-0.00470097899618687,-2.49350325583327e-07
-3.14253375842976e-09,-0.00470098049384362,-2.47308411285134e-07
-3.1885516187641e-09,-0.0047009820730517,-2.45963014881779e-07
-3.2253617414483e-09,-0.00470098364325329,-2.45286863733817e-07
-3.24639620920141e-09,-0.00470098484946992,-2.44978190301491e-07
-3.25805803621005e-09,-0.00470098553937409,-2.4473357827452e-07
-3.27229948537327e-09,-0.00470098600616627,-2.44372407857831e-07
-3.29122590006578e-09,-0.00470098660587794,-2.4383868512505e-07
-3.30402532556162e-09,-0.00470098759485734,-2.4313169618468e-07
-3.30821371039771e-09,-0.00470098909850143,-2.42256794110104e-07
-3.3077409812856e-09,-0.00470099110947493,-2.41176908019453e-07
-3.30257680077312e-09,-0.00470099348422463,-2.39690945765462e-07
-3.29731460963602e-09,-0.00470099608632315,-2.37664437391082e-07
-3.30182001652676e-09,-0.00470099889013115,-2.35191835351898e-07
-3.31373458663842e-09,-0.00470100193967186,-2.32466876408228e-07
-3.31725062108426e-09,-0.00470100526660581,-2.29594039352383e-07
-3.31104149971746e-09,-0.00470100887504633,-2.26558786440347e-07
-3.30815979833708e-09,-0.00470101262280173,-2.23311625516145e-07
-3.31171480041625e-09,-0.0047010160273853,-2.19771149149058e-07
-3.31355229337677e-09,-0.00470101902564763,-2.15701877825278e-07
-3.3156436924704e-09,-0.00470102175935627,-2.10931455718278e-07
-3.32502773885654e-09,-0.00470102442656704,-2.05513371274385e-07
-3.35459075476156e-09,-0.00470102732285597,-1.99922687276727e-07
-3.40243431007524e-09,-0.00470103063808799,-1.94646615854877e-07
-3.45850148308606e-09,-0.00470103435842225,-1.9012864722313e-07
-3.50992619765015e-09,-0.00470103839936199,-1.86539259754717e-07
-3.54763414031682e-09,-0.00470104271311827,-1.83623579387252e-07
-3.58038975277803e-09,-0.00470104718813592,-1.80925807011883e-07
-3.61211259995619e-09,-0.00470105171667838,-1.78141780268502e-07
-3.63438033815311e-09,-0.00470105613872953,-1.75125194163426e-07
-3.64754064458784e-09,-0.00470106004651546,-1.71822758003516e-07
-3.6549712349927e-09,-0.00470106321470741,-1.68235147076247e-07
-3.663109613798e-09,-0.00470106595444905,-1.64388891364712e-07
-3.6749802388062e-09,-0.00470106866261686,-1.60327199391626e-07
-3.69267541496436e-09,-0.00470107160969692,-1.56097540844151e-07
-3.72734599652625e-09,-0.00470107483205883,-1.51825649952245e-07
-3.78180461592351e-09,-0.00470107795896627,-1.47831413589096e-07
-3.84093070645315e-09,-0.0047010806168874,-1.44232298095891e-07
-3.8754025553055e-09,-0.00470108265506692,-1.40508544451619e-07
-3.87338780749147e-09,-0.0047010840606312,-1.36121760402971e-07
-3.85765796295984e-09,-0.0047010849512693,-1.3089819174191e-07
-3.86944862589084e-09,-0.00470108567974249,-1.25401433953988e-07
-3.91676290229415e-09,-0.00470108655014027,-1.20253258041015e-07
-3.97995586151034e-09,-0.00470108771310244,-1.15842232900929e-07
-4.03590297930046e-09,-0.00470108917385214,-1.12262326145853e-07
-4.07090838120316e-09,-0.00470109078849375,-1.09256764127425e-07
-4.09247405501475e-09,-0.00470109239900371,-1.06514164748517e-07
-4.11767419027837e-09,-0.00470109391747451,-1.0383018099662e-07
-4.14344339762984e-09,-0.00470109532518684,-1.01109213635669e-07
-4.1564612346219e-09,-0.00470109663112845,-9.82844571457247e-08
-4.16127606742915e-09,-0.00470109785139007,-9.53066509195942e-08
-4.16755821407797e-09,-0.00470109900514158,-9.21679392728052e-08
-4.17964471426551e-09,-0.00470110010924218,-8.88868829131171e-08
-4.1982763712954e-09,-0.00470110117548767,-8.54864330546732e-08
-4.22645590430131e-09,-0.00470110221824917,-8.19993424451982e-08
-4.26060877792455e-09,-0.00470110315995752,-7.8466774360919e-08
-4.29601504670073e-09,-0.00470110362314048,-7.49202760906207e-08
-4.33731288031071e-09,-0.00470110341986347,-7.1469816637404e-08
-4.39182352351358e-09,-0.00470110263811369,-6.84913491348048e-08
-4.45615275946191e-09,-0.0047011014492214,-6.63023767028151e-08
-4.52512726408122e-09,-0.00470110001416676,-6.50675861615668e-08
-4.58868326455364e-09,-0.00470109841819994,-6.48051990815933e-08
-4.63093594669569e-09,-0.00470109659727338,-6.53324039300315e-08
-4.65367673269603e-09,-0.00470109448951779,-6.63622271132355e-08
-4.66501370847359e-09,-0.00470109226498228,-6.74963609154154e-08
-4.67449282492978e-09,-0.00470109011167136,-6.84607317244081e-08
-4.68677927407086e-09,-0.00470108813917743,-6.91555580248227e-08
-4.70145417697524e-09,-0.00470108637485591,-6.9599889441987e-08
-4.71628958814669e-09,-0.00470108470142485,-6.98505753854017e-08
-4.72773034843764e-09,-0.00470108269715192,-6.98816158290617e-08
-4.73659606657382e-09,-0.0047010801308415,-6.96430623516852e-08
-4.75754100734342e-09,-0.00470107711912743,-6.94526728667031e-08
-4.79282233474129e-09,-0.00470107388279991,-6.96267192682122e-08
-4.83271895763792e-09,-0.00470107061389925,-7.03294215183758e-08
-4.86796324560411e-09,-0.00470106739185877,-7.1590703218245e-08
-4.8978869047109e-09,-0.00470106406488974,-7.33650545991793e-08
-4.92663843666452e-09,-0.00470106046801443,-7.56313047008508e-08
-4.95790807642303e-09,-0.00470105661101174,-7.84399276654064e-08
-4.97748897278703e-09,-0.00470105270378039,-8.14711482007647e-08
-4.98255481347711e-09,-0.00470104894667079,-8.43840055067526e-08
-4.98120518798538e-09,-0.0047010454510649,-8.69828023777628e-08
-4.98013839559872e-09,-0.00470104221117655,-8.91867860756294e-08
-4.97824209160524e-09,-0.00470103905504171,-9.09239680563855e-08
-4.97779191902949e-09,-0.00470103582359573,-9.22307675424283e-08
-4.98952082618453e-09,-0.00470103250033582,-9.33835460602344e-08
-5.01019952070037e-09,-0.00470102909239409,-9.47136555434156e-08
-5.04107932873268e-09,-0.00470102550708942,-9.66704862604121e-08
-5.07870009658845e-09,-0.0047010216598072,-9.95371776082872e-08
-5.11185748492165e-09,-0.0047010175135552,-1.0328311728363e-07
-5.12224503243268e-09,-0.00470101307906272,-1.07398459455939e-07
-5.11013318964021e-09,-0.00470100842681981,-1.11400047381636e-07
-5.09079148543176e-09,-0.00470100374864845,-1.1506460525064e-07
-5.07728025647101e-09,-0.00470099920150184,-1.18351424970139e-07
-5.07353994435596e-09,-0.00470099485883311,-1.21319547343383e-07
-5.07564228522072e-09,-0.0047009906545809,-1.24048253389108e-07
-5.0760020564614e-09,-0.00470098626366364,-1.26553212939676e-07
-5.07082253244572e-09,-0.00470098153492595,-1.28833835186183e-07
-5.06053891363051e-09,-0.0047009764923719,-1.30892487650942e-07
-5.04728476568176e-09,-0.00470097129701052,-1.32734922382952e-07
-5.03296274093119e-09,-0.00470096609760699,-1.34369406336601e-07
-5.01870923680252e-09,-0.00470096098104524,-1.35805459133719e-07
-5.00511272144422e-09,-0.00470095591856883,-1.3705275561575e-07
-4.99236705386929e-09,-0.00470095068889229,-1.38120424010177e-07
-4.98014296806278e-09,-0.00470094530241531,-1.39016748820782e-07
-4.96848560198061e-09,-0.00470093989700463,-1.39773149857324e-07
-4.95921723485417e-09,-0.00470093464798363,-1.40504175030603e-07
-4.95102341548306e-09,-0.00470092968140753,-1.41305000726007e-07
-4.94109425741763e-09,-0.00470092502835341,-1.42218336313358e-07
-4.92708833615548e-09,-0.00470092064727636,-1.43221284497373e-07
-4.90679142524896e-09,-0.00470091643987108,-1.44183439865124e-07
-4.88244986845159e-09,-0.0047009123170191,-1.44986102195501e-07
-4.85801823077638e-09,-0.00470090825799598,-1.45566522609695e-07
-4.8354880790986e-09,-0.00470090437595615,-1.45912041463105e-07
-4.81403066305542e-09,-0.00470090079124307,-1.46042416013982e-07
-4.79150275274332e-09,-0.00470089757767494,-1.45990982879533e-07
-4.76645228736581e-09,-0.00470089472548095,-1.45790642215629e-07
-4.73908845858999e-09,-0.00470089209277413,-1.45466449838334e-07
-4.71085866064396e-09,-0.00470088968272838,-1.45033859279042e-07
-4.68326729338684e-09,-0.00470088752713891,-1.44500478089765e-07
-4.65686043998638e-09,-0.00470088563971954,-1.43869190897415e-07
-4.63096916839323e-09,-0.00470088402076897,-1.43141114875744e-07
-4.60222886131517e-09,-0.00470088265404767,-1.42315291253093e-07
-4.56353712311475e-09,-0.00470088146155027,-1.4136853602905e-07
-4.51630828081066e-09,-0.00470088021524045,-1.40254522022897e-07
-4.4671797052803e-09,-0.00470087871481694,-1.38930178079362e-07
-4.42297788483754e-09,-0.00470087685872161,-1.37370854622454e-07
-4.39023644148154e-09,-0.00470087464569985,-1.35589650384533e-07
-4.36331909312884e-09,-0.00470087209871291,-1.33628864575647e-07
-4.32839392544753e-09,-0.0047008692484149,-1.31506517118517e-07
-4.28467257894325e-09,-0.00470086615736447,-1.29202467064389e-07
-4.24433499549418e-09,-0.00470086298324846,-1.26708335329683e-07
-4.21159951234933e-09,-0.00470085985682241,-1.2405017263604e-07
-4.18176504205722e-09,-0.004700856859803,-1.21266607162121e-07
-4.14681588338446e-09,-0.00470085408845502,-1.18387233791589e-07
-4.0979248909791e-09,-0.00470085160504172,-1.15399192048208e-07
-4.03992481413175e-09,-0.00470084942340867,-1.12249194105157e-07
-3.98275886254293e-09,-0.00470084752169644,-1.08884008492905e-07
-3.93016795949249e-09,-0.00470084585589275,-1.05267757752661e-07
-3.8770075793531e-09,-0.00470084431230932,-1.01308470329026e-07
-3.81330243562615e-09,-0.00470084261239597,-9.67448119611968e-08
-3.74796575558208e-09,-0.00470084077847258,-9.16276572001522e-08
-3.69256562023443e-09,-0.00470083895109257,-8.61122080201135e-08
-3.65495953658795e-09,-0.00470083726871717,-8.03551237286991e-08
-3.62271697735843e-09,-0.00470083581862441,-7.44744968329489e-08
-3.58616196884238e-09,-0.00470083462691892,-6.85159287301375e-08
-3.54943903405042e-09,-0.00470083366877602,-6.24970014306975e-08
-3.51513362400628e-09,-0.00470083289657016,-5.64415860542409e-08
-3.48149923484206e-09,-0.00470083226341816,-5.03756801735275e-08
-3.44426763108818e-09,-0.00470083173561328,-4.43202748128476e-08
-3.39736903091337e-09,-0.00470083130229802,-3.82706829081202e-08
-3.34415960242838e-09,-0.00470083096654981,-3.2198011748408e-08
-3.29411668516142e-09,-0.00470083069979093,-2.60794947607275e-08
-3.25753384541587e-09,-0.00470083034936547,-1.9932798526664e-08
-3.23306275482149e-09,-0.00470082981730977,-1.38207273879227e-08
-3.21060098477413e-09,-0.00470082921723044,-7.81610474691645e-09
-3.18257897098517e-09,-0.00470082870582999,-1.97330598448927e-09
-3.14814803511761e-09,-0.00470082839948927,3.67720445860648e-09
-3.11155946567531e-09,-0.00470082831944936,9.12473605998994e-09
-3.08288753276828e-09,-0.00470082828787084,1.43477624318143e-08
-3.0629538728909e-09,-0.00470082811585868,1.92990759681694e-08
-3.04344085381088e-09,-0.00470082768822242,2.39302721614811e-08
-3.01302239522644e-09,-0.00470082699807406,2.82284597161357e-08
-2.97253732620413e-09,-0.00470082623110991,3.22198052861673e-08
-2.93005723211906e-09,-0.00470082557717978,3.59380625976464e-08
-2.89125762298872e-09,-0.00470082514626286,3.94059379479758e-08
-2.85624227612677e-09,-0.00470082496586174,4.26337139859132e-08
-2.82225957435762e-09,-0.00470082500503978,4.56259699522642e-08
-2.78736005035696e-09,-0.004700825190968,4.83878494273443e-08
-2.75359808144216e-09,-0.00470082539844387,5.09251604709086e-08
-2.72784884085245e-09,-0.00470082554537864,5.32226249433509e-08
-2.70882161989841e-09,-0.00470082567032981,5.52412069190244e-08
-2.69014271359064e-09,-0.00470082584571486,5.69437126777982e-08
-2.66458870319214e-09,-0.00470082613556155,5.8311312950633e-08
-2.62460611609317e-09,-0.00470082659508307,5.9372903223841e-08
-2.57846937366651e-09,-0.00470082722788355,6.01894295194071e-08
-2.53631571148485e-09,-0.00470082800131005,6.08078734636413e-08
-2.5007147389231e-09,-0.00470082887309039,6.12527491145699e-08
-2.46811652252981e-09,-0.00470082978804046,6.15353304202166e-08
-2.43434616532994e-09,-0.00470083069226409,6.1664587857657e-08
-2.39804958177299e-09,-0.00470083154384636,6.16525897250291e-08
-2.36038370625028e-09,-0.00470083231644998,6.15144457833285e-08
-2.32293579641255e-09,-0.00470083293324475,6.12659493302291e-08
-2.28630639285568e-09,-0.00470083307533672,6.09215869176084e-08
-2.24948573147474e-09,-0.0047008325772172,6.05098364559303e-08
-2.21188739892456e-09,-0.00470083147720097,6.01110042825069e-08
-2.17951025434789e-09,-0.00470082987934014,5.97682225380696e-08
-2.15231342797081e-09,-0.00470082788806773,5.94726358861846e-08
-2.12539059398865e-09,-0.00470082558208912,5.92094009939684e-08
-2.09538438657404e-09,-0.00470082302468014,5.89150981990845e-08
-2.06308432609217e-09,-0.00470082025798242,5.84870561202399e-08
-2.04111011221177e-09,-0.00470081729663502,5.78280128696937e-08
-2.02203478939661e-09,-0.00470081416000221,5.69246713014161e-08
-1.98770260632794e-09,-0.0047008109668209,5.60255078611806e-08
-1.93259585822742e-09,-0.00470080784442454,5.53347157403501e-08
-1.86828812855208e-09,-0.00470080486423617,5.49701312935374e-08
-1.80873426913502e-09,-0.00470080204024598,5.49702473373596e-08
-1.76095408319736e-09,-0.00470079932808619,5.52660445601889e-08
-1.73035118580386e-09,-0.00470079660034606,5.55912166649874e-08
-1.72000302119557e-09,-0.00470079375940045,5.56833446186148e-08
-1.7177441800607e-09,-0.00470079077485372,5.53577398372395e-08
-1.70217327676692e-09,-0.00470078767816842,5.45647218047574e-08
-1.68141924862514e-09,-0.00470078451339104,5.33411965182192e-08
-1.66578973703268e-09,-0.00470078131994484,5.17191942399216e-08
-1.65605686115448e-09,-0.00470077812076231,4.96911289031721e-08
-1.64668303750817e-09,-0.00470077488062481,4.71895431962743e-08
-1.62928062423366e-09,-0.00470077152607056,4.42572992678201e-08
-1.59924510783616e-09,-0.0047007680115941,4.0987241204639e-08
-1.56412755289051e-09,-0.00470076436332228,3.74959922744409e-08
-1.52810176718281e-09,-0.00470076079233589,3.39725737754055e-08
-1.49079223085064e-09,-0.00470075749594611,3.05514565263985e-08
-1.4465989924072e-09,-0.00470075456870562,2.73074503130695e-08
-1.39717296842102e-09,-0.0047007520135432,2.42848064743045e-08
-1.34980478681256e-09,-0.00470074975105153,2.14678816132544e-08
-1.31210508950831e-09,-0.00470074758812974,1.87096702973568e-08
-1.28470946402971e-09,-0.00470074535563934,1.58798753186351e-08
-1.26906300903473e-09,-0.0047007430276461,1.28514592392063e-08
-1.26554968667673e-09,-0.00470074086826965,9.36949995700978e-09
-1.27135918583812e-09,-0.00470073918380218,5.24815842656752e-09
-1.28094575130922e-09,-0.00470073814756311,4.04740692144889e-10
-1.27344875212038e-09,-0.00470073775508144,-5.12180973244244e-09
-1.2446634298803e-09,-0.00470073788041592,-1.11366173935182e-08
-1.20146589431087e-09,-0.00470073830236123,-1.72604506967718e-08
-1.15593927346405e-09,-0.00470073876545738,-2.31696477901353e-08
-1.11900175850216e-09,-0.00470073891570672,-2.86622898752522e-08
-1.10027151454482e-09,-0.00470073863530651,-3.3834092201401e-08
-1.09168425295399e-09,-0.00470073795904253,-3.8879044614953e-08
-1.0765240748222e-09,-0.00470073699828975,-4.38962954429751e-08
-1.03296787368752e-09,-0.00470073592494319,-4.87005939557911e-08
-9.68371419278695e-10,-0.00470073488155827,-5.30739339547612e-08
-9.07192228657867e-10,-0.0047007339894209,-5.69994544143463e-08
-8.61289891419166e-10,-0.00470073330084234,-6.05331911725156e-08
-8.28260761285609e-10,-0.00470073280872809,-6.37306670089894e-08
-8.04517643181051e-10,-0.00470073249981082,-6.66428872015122e-08
-7.83413895563943e-10,-0.00470073236236467,-6.93126110157083e-08
-7.64218307116516e-10,-0.00470073236294077,-7.18082595027094e-08
-7.56810488315181e-10,-0.00470073239103402,-7.43644080266405e-08
-7.52820737751451e-10,-0.00470073232308054,-7.71219862594668e-08
-7.37475194300637e-10,-0.00470073201317531,-7.99271671130995e-08
-7.09735560982958e-10,-0.00470073136274337,-8.26014213047709e-08
-6.80191867493265e-10,-0.00470073031188975,-8.51173924119763e-08
-6.55509263341731e-10,-0.00470072883904626,-8.74853261613432e-08
-6.33535872728389e-10,-0.00470072684591211,-8.96408279370103e-08
-6.11826618301556e-10,-0.00470072425740439,-9.15291908130192e-08
-5.90160399565047e-10,-0.00470072105924011,-9.31319523635668e-08
-5.69235379569412e-10,-0.00470071728231079,-9.44580628298507e-08
-5.45162148829825e-10,-0.00470071302238384,-9.55270721712476e-08
-5.09406456121267e-10,-0.00470070853340719,-9.63208230575672e-08
-4.76617844264672e-10,-0.00470070402416401,-9.6816422807598e-08
-4.55479954633344e-10,-0.00470069963413033,-9.70385837640608e-08
-4.42365724533531e-10,-0.00470069555847909,-9.70326146379593e-08
-4.30383875246155e-10,-0.00470069191846125,-9.68366376888968e-08
-4.18410907472013e-10,-0.00470068873592741,-9.6474710766009e-08
-4.11350603723602e-10,-0.00470068591589426,-9.59802484829428e-08
-4.00951193196954e-10,-0.00470068304525678,-9.53967995745034e-08
-3.76314831834701e-10,-0.00470067947916164,-9.47638706515626e-08
-3.41110415606125e-10,-0.00470067477081999,-9.40613941665518e-08
-3.08263171303024e-10,-0.00470066882429739,-9.32284189027714e-08
-2.93031846395383e-10,-0.00470066196417398,-9.21881928655643e-08
-2.98647056181305e-10,-0.00470065460063663,-9.09467101756275e-08
-3.12903140413149e-10,-0.00470064704726068,-8.95724980785513e-08
-3.21587256220872e-10,-0.00470063948213464,-8.81371891672087e-08
-3.1583126919516e-10,-0.00470063193464281,-8.6671368281136e-08
-3.01026047797287e-10,-0.00470062422097731,-8.51662141005967e-08
-2.86831149768252e-10,-0.00470061644735286,-8.36092719703441e-08
-2.77480331004448e-10,-0.00470060882065361,-8.20022144502014e-08
-2.7144188916323e-10,-0.00470060169865587,-8.03584635316133e-08
-2.66140242162523e-10,-0.00470059534957678,-7.86934072472572e-08
-2.61207613326964e-10,-0.00470058986896219,-7.70174506717503e-08
-2.55942489527544e-10,-0.0047005852164805,-7.53325229102024e-08
-2.45101796660117e-10,-0.00470058115734648,-7.36135060002578e-08
-2.30641719792057e-10,-0.00470057703081715,-7.1811800121606e-08
-2.21116160067161e-10,-0.00470057245692006,-6.98986347898711e-08
-2.19756013261382e-10,-0.00470056733000061,-6.78863206762495e-08
-2.22194034732066e-10,-0.00470056179914833,-6.58087861455327e-08
-2.23808861662929e-10,-0.00470055643571466,-6.36960719283632e-08
-2.24261539021833e-10,-0.00470055176418402,-6.1564835162266e-08
-2.24006535593394e-10,-0.00470054811086985,-5.94191583624685e-08
-2.21287660802186e-10,-0.00470054542471173,-5.73001202395403e-08
-2.22317023609855e-10,-0.00470054313638883,-5.53848153227529e-08
-2.25338970420633e-10,-0.00470054105950492,-5.35853168700323e-08
-2.37836426641273e-10,-0.00470053920268021,-5.1788338779822e-08
-2.61705112189504e-10,-0.00470053763809948,-5.00222654850271e-08
-2.9971986728801e-10,-0.00470053651602054,-4.85534810155121e-08
-3.40656791523505e-10,-0.00470053594004881,-4.76249763461887e-08
-3.75333047935071e-10,-0.00470053593277122,-4.73460657549602e-08
-3.98609753381887e-10,-0.00470053646482209,-4.77047043247554e-08
-4.12797973605945e-10,-0.0047005374009488,-4.85688970637593e-08
-4.17898873501291e-10,-0.00470053832604802,-4.96300775670956e-08
-4.16930004274551e-10,-0.00470053892039801,-5.06392105162755e-08
-4.14833440429446e-10,-0.00470053905194456,-5.14765406788626e-08
-4.16507819327533e-10,-0.0047005386833036,-5.21339518498935e-08
-4.25930951856949e-10,-0.00470053782729839,-5.27007898584424e-08
-4.42724355694949e-10,-0.00470053653836212,-5.32747458684668e-08
-4.650275613083e-10,-0.00470053488821649,-5.39236367275649e-08
-4.93722362736625e-10,-0.00470053295656132,-5.46893297398166e-08
-5.16715890780327e-10,-0.00470053075980067,-5.5559822402242e-08
-5.12362403085037e-10,-0.00470052826688679,-5.6490999009314e-08
-4.91946466510233e-10,-0.00470052546175732,-5.75379448023657e-08
-4.83112048312639e-10,-0.00470052263255697,-5.8740537328875e-08
-5.1346537623996e-10,-0.00470052008472924,-6.01618989951246e-08
-5.73163511380686e-10,-0.00470051812599589,-6.19065864084496e-08
-6.34394904379461e-10,-0.00470051692459148,-6.40500036064536e-08
-6.78324085923193e-10,-0.00470051649237024,-6.66072942075625e-08
-6.96655299632927e-10,-0.00470051667082164,-6.94335783004978e-08
-6.88889484536328e-10,-0.00470051698539398,-7.20156143765472e-08
-6.71551725342365e-10,-0.00470051699536004,-7.39791773971975e-08
-6.66061569525024e-10,-0.00470051638646969,-7.53598135868593e-08
-6.78526032533998e-10,-0.00470051500111962,-7.63624763145107e-08
-7.03867437602349e-10,-0.00470051279916357,-7.7247145852401e-08
-7.33023847862033e-10,-0.00470051012100289,-7.82041304140938e-08
-7.59609453970849e-10,-0.00470050734389973,-7.93199461387763e-08
-7.81662488726425e-10,-0.00470050471238268,-8.05995801607669e-08
-7.99294454926916e-10,-0.0047005022990797,-8.19866950028172e-08
-8.12043695243436e-10,-0.00470049998244825,-8.3356111999016e-08
-8.21766605542391e-10,-0.00470049764305643,-8.46029797083717e-08
-8.34789126885691e-10,-0.00470049520523957,-8.56770347919765e-08
-8.64621690294853e-10,-0.00470049270557028,-8.66548894236482e-08
-9.15520730225818e-10,-0.00470049050160354,-8.78446572314661e-08
-9.76521713417732e-10,-0.00470048893471854,-8.95237126807294e-08
-1.03345745325684e-09,-0.0047004881922273,-9.18390201961734e-08
-1.07552360948188e-09,-0.00470048832965554,-9.48116876153323e-08
-1.09722715049351e-09,-0.00470048929563863,-9.83124856825106e-08
-1.101492519637e-09,-0.00470049088514773,-1.019976258851e-07
-1.10030974367414e-09,-0.0047004928849459,-1.05575247402191e-07
-1.10406841950617e-09,-0.00470049515435265,-1.08896036560344e-07
-1.11580504189123e-09,-0.00470049762711202,-1.11927266333201e-07
-1.13223706381851e-09,-0.00470050029496867,-1.14701630415938e-07
-1.14592608515571e-09,-0.00470050316326896,-1.17263306221415e-07
-1.15460649388553e-09,-0.00470050606461495,-1.19629966240816e-07
-1.17224593614792e-09,-0.0047005088199123,-1.2183187521009e-07
-1.20099174692429e-09,-0.00470051133716281,-1.23936289792553e-07
-1.23245306094158e-09,-0.0047005136399354,-1.26007861966414e-07
-1.25994734477573e-09,-0.00470051580214076,-1.28085348557741e-07
-1.2836148512551e-09,-0.00470051791534668,-1.3018320116098e-07
-1.30928893611216e-09,-0.00470051998893666,-1.32306911474171e-07
-1.3451623206863e-09,-0.00470052185890337,-1.34576729891829e-07
-1.38888297845185e-09,-0.0047005237259027,-1.37430258736786e-07
-1.43372211708082e-09,-0.0047005258465352,-1.4118163040209e-07
-1.47533620242065e-09,-0.0047005283752454,-1.45925429936084e-07
-1.508553997729e-09,-0.00470053132589403,-1.51524080974643e-07
-1.52128794203504e-09,-0.004700534525798,-1.57472838852509e-07
-1.51944289746053e-09,-0.00470053778353894,-1.63301873014331e-07
-1.5233626927228e-09,-0.00470054090134607,-1.68773180175934e-07
-1.54521437209574e-09,-0.00470054355729387,-1.73879751903722e-07
-1.58996965628904e-09,-0.00470054565237126,-1.78771102118128e-07
-1.66154863577099e-09,-0.00470054747768695,-1.84109376780159e-07
-1.74234463503188e-09,-0.00470054936827145,-1.9047949528488e-07
-1.80344943925146e-09,-0.00470055154919956,-1.98127053732867e-07
-1.84032542990045e-09,-0.00470055408844002,-2.06969958710131e-07
-1.86136665669255e-09,-0.00470055688289062,-2.16581842529715e-07
-1.865322000695e-09,-0.00470055990485331,-2.26163491175477e-07
-1.85207957776996e-09,-0.0047005630795406,-2.34930638801331e-07
-1.83041715297717e-09,-0.00470056633442207,-2.42448407181905e-07
-1.81350746197511e-09,-0.00470056969481681,-2.48713014811318e-07
-1.8230466012739e-09,-0.00470057331240123,-2.54343870851267e-07
-1.86844222040383e-09,-0.00470057719748346,-2.6025310976058e-07
-1.93379605778877e-09,-0.00470058128894107,-2.67081381857902e-07
-1.99317413458034e-09,-0.00470058555260311,-2.75000549966543e-07
-2.02231530721223e-09,-0.00470059006660069,-2.83559713862922e-07
-2.01788757016546e-09,-0.00470059484538359,-2.92043615420589e-07
-1.9980331764027e-09,-0.00470059988664431,-2.99908645372316e-07
-1.98268217573075e-09,-0.00470060516248961,-3.06890396995093e-07
-1.98313955790943e-09,-0.00470061053124514,-3.13003297006172e-07
-2.00633805210599e-09,-0.00470061557093038,-3.18602139424592e-07
-2.04640527787084e-09,-0.00470062017453451,-3.24148040502416e-07
-2.08851500208712e-09,-0.00470062442268211,-3.2994046810569e-07
-2.11877017108438e-09,-0.00470062847174807,-3.36008814064543e-07
-2.13325163319029e-09,-0.00470063246516677,-3.42248385757493e-07
-2.13948540210978e-09,-0.00470063648936023,-3.48518817459011e-07
-2.14937862039924e-09,-0.00470064054262122,-3.54767686638404e-07
-2.1703738088907e-09,-0.00470064452354756,-3.61102257109857e-07
-2.18546367272064e-09,-0.00470064848815911,-3.6723275053453e-07
-2.18580544614627e-09,-0.00470065252336335,-3.72846742872624e-07
-2.17655625688175e-09,-0.00470065668348171,-3.77776315038048e-07
-2.16743258063087e-09,-0.00470066099816967,-3.81984258820118e-07
-2.16435009392629e-09,-0.00470066545365861,-3.85519346916684e-07
-2.16710343515179e-09,-0.0047006700083796,-3.88467799660355e-07
-2.1719783280731e-09,-0.00470067461805433,-3.90916484984789e-07
-2.1735469515603e-09,-0.00470067918893479,-3.92884937016618e-07
-2.16449797180546e-09,-0.00470068342862132,-3.94200404436873e-07
-2.15045244282229e-09,-0.0047006870941166,-3.94803282788859e-07
-2.15088285462686e-09,-0.00470069009453571,-3.95060930811106e-07
