-109.4913050432,1.7314915446,-0.0232
-109.474639008634,1.73149154460024,-0.023200746548786
-109.457975975455,1.73149154460166,-0.0232016291598022
-109.44131752795,1.73149154460393,-0.0232015897406881
-109.424664413158,1.73149154460349,-0.0232006429189781
-109.408016950109,1.73149154459819,-0.0231994232269593
-109.391375253198,1.73149154459121,-0.0231987257220616
-109.374739346882,1.73149154458659,-0.0231991991161839
-109.35810922024,1.73149154458681,-0.0232012277155538
-109.341484851028,1.7314915445906,-0.0232049550150668
-109.324866216284,1.73149154459544,-0.0232103727215876
-109.308253297272,1.73149154459936,-0.0232174132738693
-109.291646081633,1.73149154460147,-0.0232260137163166
-109.275044564164,1.7314915446018,-0.0232361447454961
-109.258448746524,1.73149154460106,-0.0232478138455373
-109.241858636374,1.73149154460031,-0.0232610548228054
-109.225274245864,1.73149154460039,-0.0232759143833708
-109.208695589992,1.73149154460203,-0.0232924410053718
-109.192122685004,1.73149154460737,-0.0233106780318237
-109.175555547102,1.73149154461406,-0.0233306604953376
-109.158994191276,1.73149154461944,-0.0233524152012748
-109.142438630873,1.73149154462195,-0.023375962345701
-109.125888877631,1.73149154461977,-0.0234013175243556
-109.109344942244,1.73149154461447,-0.0234284933279581
-109.092806834908,1.73149154461117,-0.0234575005740735
-109.076274566282,1.73149154461275,-0.0234883487292519
-109.05974814838,1.73149154461534,-0.0235210459119322
-109.043227595573,1.73149154461423,-0.0235555987097087
-109.026712924947,1.73149154460693,-0.0235920119703434
-109.010204156336,1.73149154459473,-0.0236302887860552
-108.993701312435,1.73149154457997,-0.0236704300181569
-108.9772044185,1.73149154456448,-0.0237124341561174
-108.960713501704,1.73149154454957,-0.0237562978221205
-108.94422859079,1.73149154453663,-0.0238020160800247
-108.927749715872,1.73149154452804,-0.0238495825976742
-108.911276908584,1.73149154452388,-0.0238989896082814
-108.894810202552,1.73149154452276,-0.023950227961771
-108.878349634128,1.73149154452377,-0.0240032872074506
-108.861895243489,1.73149154452714,-0.0240581556754243
-108.845447076004,1.73149154453516,-0.0241148205839008
-108.829005183912,1.73149154454855,-0.0241732679866733
-108.812569628163,1.73149154456255,-0.0242334827214253
-108.79614048007,1.73149154457128,-0.0242954486419575
-108.779717823195,1.73149154457378,-0.0243591486155734
-108.763301755028,1.73149154457285,-0.0244245646575774
-108.746892388521,1.73149154457117,-0.0244916779899051
-108.73048985304,1.73149154457059,-0.0245604692375976
-108.714094294186,1.73149154457257,-0.0246309180732093
-108.69770586929,1.73149154457797,-0.024703002949236
-108.68132472883,1.73149154458691,-0.0247767015905891
-108.66495095166,1.73149154459799,-0.0248519913222575
-108.648584322678,1.73149154460894,-0.0249288493430927
-108.632223837061,1.73149154462363,-0.0250072524536024
-108.61586761912,1.73149154464487,-0.0250871767915236
-108.59951387075,1.73149154466807,-0.0251685968043173
-108.583161616176,1.73149154468804,-0.0252514841065928
-108.566810761681,1.73149154470217,-0.0253358066592736
-108.550461778463,1.73149154471176,-0.0254215290575269
-108.534115275075,1.73149154471897,-0.025508613869407
-108.517771700174,1.73149154472561,-0.0255970235664965
-108.501431254474,1.73149154473323,-0.0256867221944025
-108.485093952245,1.73149154474295,-0.0257776762627966
-108.468759739231,1.73149154475529,-0.0258698547811459
-108.452428591239,1.73149154476999,-0.0259632287812705
-108.43610055906,1.73149154478547,-0.0260577707096957
-108.419775765056,1.73149154479715,-0.0261534532674807
-108.403454376092,1.73149154480109,-0.0262502492241201
-108.387136577308,1.73149154479568,-0.0263481315540952
-108.370822558957,1.73149154478296,-0.0264470737467615
-108.354512515916,1.73149154476806,-0.0265470498742452
-108.338206648764,1.73149154475538,-0.0266480343380204
-108.32190514533,1.73149154474716,-0.0267500023143518
-108.305608077284,1.73149154474414,-0.0268529300547325
-108.28931500226,1.73149154474609,-0.0269567951438212
-108.273024364602,1.73149154474936,-0.0270615759341725
-108.256734056998,1.73149154475053,-0.027167250446688
-108.240442626954,1.73149154474788,-0.0272737942403059
-108.224149667595,1.73149154474107,-0.0273811789160313
-108.207855608774,1.73149154473117,-0.0274893719550217
-108.191561221563,1.73149154472165,-0.0275983382936511
-108.175267167218,1.73149154471567,-0.0277080431954998
-108.158973803253,1.73149154471524,-0.0278184546782738
-108.142681207088,1.73149154472145,-0.0279295447699109
-108.126389309135,1.73149154473219,-0.0280412892970711
-108.11009804095,1.73149154474411,-0.0281536670372271
-108.093807432829,1.73149154475315,-0.0282666586393745
-108.077517639143,1.73149154476079,-0.0283802455728739
-108.061228907863,1.7314915447699,-0.0284944096038194
-108.044941526897,1.73149154478202,-0.0286091327190571
-108.0286557739,1.73149154479779,-0.0287243975232112
-108.01237188066,1.73149154481751,-0.0288401876285143
-107.996090010838,1.73149154484178,-0.0289564879235125
-107.979810245257,1.73149154487096,-0.0290732844119769
-107.963532570332,1.73149154490507,-0.0291905639113779
-107.947256868356,1.73149154494386,-0.0293083137820323
-107.930982912645,1.73149154498702,-0.0294265215699543
-107.914710373717,1.73149154503396,-0.0295451746277127
-107.898438841416,1.73149154508321,-0.0296642597566198
-107.882167861921,1.73149154513365,-0.0297837629448453
-107.865896980222,1.73149154518504,-0.0299036691348342
-107.84962577634,1.73149154523865,-0.0300239621368358
-107.83335388814,1.73149154529574,-0.0301446246388499
-107.817081020181,1.73149154535705,-0.0302656383645519
-107.800806941939,1.73149154542274,-0.0303869844339151
-107.784531479271,1.73149154549262,-0.0305086436849208
-107.768254501209,1.73149154556628,-0.0306305969775911
-107.751975903049,1.73149154564327,-0.030752825447904
-107.73569558666,1.7314915457232,-0.0308753107098818
-107.71941343962,1.73149154580583,-0.0309980349975828
-107.703129316008,1.73149154589118,-0.0311209812460601
-107.68684302226,1.73149154597959,-0.0312441331447124
-107.670554310978,1.73149154607132,-0.0313674748740826
-107.654262883935,1.73149154616629,-0.0314909909286622
-107.637968403417,1.73149154626419,-0.0316146659814052
-107.621670509791,1.73149154636469,-0.0317384846515777
-107.605368841619,1.73149154646729,-0.0318624312971064
-107.589063054634,1.73149154657155,-0.0319864900583937
-107.572752836984,1.73149154667744,-0.0321106450192613
-107.556437919349,1.7314915467853,-0.032234880309695
-107.540118081158,1.73149154689547,-0.0323591801964035
-107.523793155091,1.73149154700813,-0.0324835292116985
-107.507463029686,1.73149154712323,-0.0326079123201494
-107.491127649603,1.73149154724061,-0.0327323150978177
-107.474787013593,1.73149154735988,-0.032856723906537
-107.458441170963,1.73149154748035,-0.0329811260401586
-107.442090218042,1.73149154760106,-0.0331055098439678
-107.42573429549,1.73149154772121,-0.0332298648136329
-107.409373587058,1.73149154784044,-0.0333541816677612
-107.393008319554,1.73149154795876,-0.0334784524228664
-107.376638763576,1.73149154807628,-0.033602670458382
-107.360265233974,1.73149154819263,-0.0337268302544428
-107.343888088787,1.73149154830681,-0.0338509274843966
-107.327507726115,1.73149154841779,-0.0339749590648537
-107.311124573949,1.73149154852481,-0.0340989231787292
-107.294739067869,1.73149154862729,-0.0342228193111983
-107.278351628802,1.73149154872478,-0.0343466479512645
-107.261962653627,1.73149154881709,-0.0344704103235879
-107.245572520944,1.73149154890414,-0.0345941084198352
-107.229181608283,1.73149154898578,-0.0347177449073905
-107.212790312959,1.73149154906183,-0.0348413229849632
-107.196399067299,1.73149154913208,-0.0349648462666391
-107.180008339555,1.73149154919611,-0.0350883185357665
-107.163618616493,1.73149154925333,-0.0352117437193866
-107.147230372236,1.73149154930324,-0.0353351258897709
-107.130844035341,1.7314915493458,-0.0354584692332549
-107.114459965269,1.73149154938134,-0.035581777972506
-107.0980784413,1.73149154941027,-0.035705056209837
-107.081699664148,1.73149154943285,-0.0358283077058845
-107.065323767288,1.73149154944922,-0.0359515356303168
-107.048950833185,1.73149154945944,-0.036074742365022
-107.032580910953,1.7314915494638,-0.0361979294000465
-107.016214034138,1.7314915494632,-0.036321096941416
-106.999850237315,1.73149154945825,-0.0364442437843274
-106.983489570874,1.73149154944897,-0.0365673673512679
-106.967132112647,1.73149154943387,-0.0366904638139162
-106.950777974644,1.73149154941127,-0.0368135282495774
-106.934427303523,1.73149154938091,-0.0369365547832385
-106.918080274417,1.73149154934549,-0.0370595366850291
-106.901737078872,1.73149154930793,-0.0371824666761591
-106.885397909291,1.73149154926937,-0.0373053371373106
-106.869062942269,1.73149154922753,-0.0374281402439308
-106.852732323189,1.73149154917943,-0.0375508679023845
-106.836406153445,1.73149154912336,-0.0376735116810514
-106.820084481484,1.73149154905893,-0.0377960627166086
-106.803767298102,1.73149154898627,-0.0379185116209885
-106.787454536734,1.73149154890592,-0.0380408484302043
-106.771146079044,1.73149154881906,-0.0381630623854823
-106.754841765313,1.7314915487282,-0.0382851417090109
-106.738541408291,1.73149154863555,-0.0384070737316022
-106.722244809123,1.73149154854215,-0.0385288449584797
-106.705951772827,1.73149154844718,-0.038650441142143
-106.689662121213,1.73149154834966,-0.0387718472266707
-106.673375701279,1.7314915482483,-0.0388930473565753
-106.657092388374,1.7314915481403,-0.0390140248980381
-106.640812083899,1.73149154802407,-0.0391347628056933
-106.624534707979,1.73149154790053,-0.0392552438594957
-106.608260188743,1.73149154777359,-0.03937545089459
-106.591988449491,1.73149154764676,-0.039495366906037
-106.575719395226,1.73149154752132,-0.0396149751613247
-106.559452899977,1.73149154739788,-0.0397342590136052
-106.543188796455,1.73149154727913,-0.0398532017679843
-106.526926869527,1.73149154716772,-0.0399717867293002
-106.510666854843,1.73149154706314,-0.0400899971480922
-106.494408442758,1.7314915469637,-0.0402078162645374
-106.478151287214,1.73149154686772,-0.0403252272636188
-106.461895018081,1.73149154677365,-0.0404422131890402
-106.445639255177,1.73149154667937,-0.0405587569238802
-106.429383622205,1.73149154658568,-0.0406748411394395
-106.413127758947,1.73149154649402,-0.040790448256966
-106.396871330479,1.73149154640487,-0.040905560592749
-106.380614032761,1.73149154631928,-0.0410201605277972
-106.364355594464,1.73149154623809,-0.0411342305283013
-106.348095774839,1.73149154616167,-0.0412477532531453
-106.331834357973,1.73149154609041,-0.0413607116565821
-106.315571144227,1.73149154602448,-0.0414730892639528
-106.29930594242,1.73149154596345,-0.0415848702350974
-106.283038565662,1.73149154590661,-0.0416960395938431
-106.266768828138,1.73149154585317,-0.0418065833574637
-106.250496540198,1.7314915458024,-0.0419164887083079
-106.234221502949,1.7314915457539,-0.0420257438117346
-106.217943504685,1.73149154570852,-0.0421343371980104
-106.201662321054,1.73149154566671,-0.0422422578426471
-106.185377719724,1.73149154562786,-0.0423494952590971
-106.169089468411,1.73149154559106,-0.0424560395962502
-106.152797344454,1.73149154555578,-0.0425618817533156
-106.136501143953,1.73149154552199,-0.0426670128477028
-106.12020068959,1.73149154548978,-0.0427714242833295
-106.10389583723,1.73149154545917,-0.0428751081413606
-106.087586482553,1.73149154543,-0.0429780574261011
-106.071272569357,1.73149154540228,-0.0430802663150433
-106.054954097684,1.73149154537611,-0.0431817298606854
-106.038631129181,1.73149154535136,-0.0432824438107394
-106.022303787804,1.73149154532772,-0.043382404455375
-106.005972255022,1.73149154530487,-0.0434816091626607
-105.989636760234,1.73149154528188,-0.0435800567739762
-105.973297567822,1.73149154525634,-0.0436777478572083
-105.956954963997,1.73149154522922,-0.0437746839058167
-105.94060924542,1.7314915452014,-0.0438708674938951
-105.924260712539,1.73149154517073,-0.0439663023227109
-105.90790966804,1.73149154513491,-0.0440609932360662
-105.891556419945,1.7314915450937,-0.0441549462075748
-105.875201287487,1.73149154504999,-0.0442481683877693
-105.858844608168,1.73149154500671,-0.0443406676474161
-105.842486743497,1.73149154496532,-0.0444324523171784
-105.826128082898,1.73149154492567,-0.0445235311034751
-105.809769044134,1.7314915448869,-0.0446139130888506
-105.793410068589,1.73149154484822,-0.044703607800361
-105.77705160906,1.73149154480944,-0.0447926251964038
-105.76069411217,1.73149154476941,-0.0448809753994183
-105.74433800137,1.73149154472675,-0.0449686687771091
-105.727983664809,1.73149154468013,-0.0450557158232328
-105.711631444211,1.73149154462887,-0.0451421271829143
-105.695281627923,1.73149154457434,-0.0452279135921725
-105.67893444899,1.73149154452187,-0.0453130858437105
-105.662590087166,1.73149154447385,-0.0453976542826842
-105.646248672895,1.73149154442979,-0.0454816283914419
-105.629910292955,1.73149154438829,-0.0455650162909088
-105.613574997124,1.73149154434803,-0.0456478249515389
-105.597242806676,1.7314915443083,-0.0457300603255479
-105.580913724007,1.73149154426953,-0.0458117274367182
-105.564587742487,1.73149154423206,-0.0458928302664169
-105.548264855068,1.73149154419513,-0.0459733716322771
-105.531945060913,1.73149154415597,-0.0460533529121672
-105.515628368587,1.73149154411244,-0.0461327745153295
-105.499314796611,1.73149154406463,-0.0462116361580041
-105.483004371193,1.73149154401572,-0.0462899369578767
-105.466697121474,1.73149154396885,-0.0463676753801261
-105.450393072975,1.73149154392589,-0.0464448492784874
-105.434092240184,1.73149154388756,-0.0465214560313777
-105.417794619364,1.73149154385361,-0.0465974926931509
-105.401500182474,1.73149154382311,-0.046672955777713
-105.385208872767,1.73149154379512,-0.0467478411869526
-105.368920602718,1.73149154376904,-0.046822144292541
-105.352635254772,1.73149154374352,-0.0468958599391055
-105.336352684659,1.73149154371401,-0.0469689823255247
-105.32007272662,1.73149154367728,-0.0470415051487687
-105.303795200368,1.73149154363346,-0.0471134217069667
-105.287519918748,1.73149154358763,-0.0471847249959801
-105.271246695198,1.73149154354468,-0.0472554076332488
-105.254975349834,1.73149154350565,-0.0473254618921541
-105.238705713864,1.73149154346589,-0.047394879348605
-105.222437631166,1.73149154342107,-0.047463651230844
-105.206170957591,1.73149154336995,-0.0475317686836547
-105.189905558079,1.73149154331628,-0.0475992229222041
-105.173641301999,1.73149154327017,-0.0476660051603291
-105.157378057119,1.7314915432398,-0.0477321067245514
-105.141115683172,1.73149154322701,-0.0477975191352019
-105.124854025916,1.73149154322336,-0.0478622341166215
-105.108592912411,1.73149154322105,-0.0479262435736574
-105.092332148205,1.7314915432197,-0.0479895395159566
-105.076071516697,1.73149154322364,-0.0480521142183454
-105.059810780941,1.73149154323672,-0.0481139602526667
-105.043549687541,1.73149154325893,-0.0481750705874425
-105.027287972416,1.731491543288,-0.0482354379836548
-105.011025367017,1.73149154332196,-0.0482950551268198
-104.994761604778,1.73149154336081,-0.0483539147408812
-104.978496427112,1.73149154340571,-0.0484120096875379
-104.962229588289,1.73149154345845,-0.0484693330172999
-104.945960858746,1.73149154352235,-0.0485258779795171
-104.929690027165,1.73149154359979,-0.048581638167459
-104.913416904312,1.73149154369161,-0.048636607621681
-104.897141327729,1.7314915437975,-0.0486907808791107
-104.880863162605,1.73149154391712,-0.0487441530636986
-104.864582297,1.73149154405187,-0.048796720082156
-104.848298633417,1.73149154420165,-0.0488484784376313
-104.832012079684,1.73149154436168,-0.0488994252042192
-104.815722541661,1.73149154452738,-0.0489495580745088
-104.79942991919,1.73149154469682,-0.048998875364808
-104.783134105217,1.73149154487175,-0.0490473759748992
-104.766834987266,1.73149154505462,-0.0490950594498801
-104.750532450568,1.7314915452471,-0.049141925956354
-104.73422638242,1.7314915454499,-0.0491879762227791
-104.717916678339,1.73149154566284,-0.0492332114866894
-104.701603251046,1.73149154588525,-0.0492776334227501
-104.685286040551,1.73149154611626,-0.0493212440421749
-104.668965023213,1.73149154635502,-0.049364045869177
-104.652640218394,1.73149154660084,-0.0494060420313478
-104.6363116921,1.73149154685318,-0.049447236301013
-104.619979557543,1.73149154711126,-0.0494876332141802
-104.603643972904,1.73149154737349,-0.0495272382338104
-104.58730513679,1.7314915476399,-0.0495660572902668
-104.570963281444,1.73149154791098,-0.0496040970394152
-104.554618664755,1.731491548187,-0.0496413650883829
-104.538271562039,1.73149154846794,-0.0496778701528128
-104.521922258679,1.73149154875352,-0.0497136217079606
-104.505571043922,1.73149154904325,-0.0497486298992731
-104.489218206675,1.7314915493366,-0.0497829053852989
-104.472864033182,1.73149154963303,-0.0498164594119954
-104.456508806204,1.73149154993187,-0.0498493038606356
-104.440152805165,1.73149155023206,-0.0498814512988859
-104.423796306886,1.73149155053341,-0.0499129144833053
-104.407439585881,1.73149155083596,-0.0499437062242216
-104.391082914127,1.73149155113972,-0.0499738392909043
-104.374726559488,1.73149155144453,-0.0500033264530061
-104.35837078094,1.73149155175011,-0.0500321804483692
-104.342015819191,1.73149155205612,-0.0500604138731699
-104.325661887901,1.73149155236214,-0.0500880391676944
-104.309309169585,1.73149155266781,-0.0501150685379541
-104.292957815524,1.73149155297275,-0.0501415138530977
-104.276607947209,1.73149155327663,-0.0501673865394482
-104.260259657451,1.73149155357916,-0.0501926974781927
-104.243913010668,1.73149155388005,-0.0502174569523456
-104.22756804304,1.73149155417903,-0.0502416746679754
-104.211224763662,1.73149155447586,-0.0502653595500976
-104.194883156902,1.73149155477028,-0.0502885196797362
-104.178543186115,1.73149155506203,-0.05031116225688
-104.162204798282,1.73149155535087,-0.050333293586799
-104.145867929003,1.73149155563667,-0.0503549191339385
-104.12953250746,1.73149155591938,-0.0503760435311632
-104.113198460845,1.73149155619896,-0.0503966705326182
-104.096865717669,1.73149155647518,-0.0504168032280144
-104.080534209971,1.7314915567477,-0.0504364441527644
-104.064203874154,1.73149155701641,-0.0504555953214139
-104.047874650347,1.73149155728149,-0.0504742582626487
-104.031546480414,1.73149155754313,-0.0504924340736093
-104.015219304942,1.73149155780112,-0.0505101234808045
-103.998893059655,1.73149155805489,-0.050527326890885
-103.982567671784,1.73149155830382,-0.0505440444255968
-103.966243056907,1.73149155854745,-0.0505602759511758
-103.949919116656,1.73149155878492,-0.0505760211216863
-103.933595737588,1.73149155901344,-0.0505912794548179
-103.917272791404,1.73149155923101,-0.0506060503086514
-103.900950136386,1.73149155943994,-0.0506203329062806
-103.884627619975,1.73149155964244,-0.0506341261670323
-103.868305082043,1.73149155983922,-0.0506474286426367
-103.851982358472,1.73149156003047,-0.0506602385947576
-103.835659284712,1.73149156021655,-0.0506725539857999
-103.819335698725,1.73149156039736,-0.0506843727230265
-103.803011443237,1.73149156057176,-0.050695692753148
-103.786686367033,1.73149156073647,-0.0507065121205267
-103.770360325069,1.7314915608888,-0.0507168289187799
-103.754033177333,1.73149156102808,-0.0507266413276974
-103.737704786699,1.73149156115605,-0.0507359477161493
-103.721375016218,1.73149156127526,-0.0507447465615243
-103.705043726879,1.7314915613882,-0.0507530364744426
-103.688710778423,1.73149156149633,-0.0507608162166591
-103.672376033737,1.73149156160024,-0.0507680847398127
-103.656039362903,1.73149156169997,-0.0507748411799447
-103.639700643597,1.73149156179561,-0.0507810848442663
-103.623359758859,1.731491561889,-0.0507868150794729
-103.607016594459,1.73149156198154,-0.0507920315843048
-103.590671037879,1.73149156207291,-0.050796734539535
-103.57432297929,1.73149156216015,-0.0508009246363646
-103.557972313998,1.73149156224065,-0.0508046029429671
-103.54161894535,1.73149156231293,-0.0508077708281241
-103.525262787191,1.73149156237638,-0.0508104299938089
-103.508903765301,1.73149156243053,-0.0508125825940004
-103.492541818382,1.73149156247563,-0.0508142310595786
-103.476176899969,1.73149156251402,-0.0508153780307621
-103.45980898118,1.73149156255175,-0.0508160263139537
-103.443438053412,1.7314915625934,-0.0508161790747718
-103.427064129495,1.73149156264069,-0.0508158399694341
-103.410687242988,1.73149156269199,-0.0508150132425284
-103.394307446287,1.73149156274073,-0.0508137038696518
-103.377924808315,1.73149156278091,-0.0508119174319922
-103.361539412465,1.73149156280915,-0.0508096598875018
-103.345151355441,1.7314915628246,-0.050806937556331
-103.328760747158,1.73149156282808,-0.0508037571591125
-103.312367711188,1.73149156282111,-0.0508001258844441
-103.29597238556,1.73149156280517,-0.0507960513245978
-103.279574923434,1.73149156278134,-0.0507915414180292
-103.263175493935,1.7314915627502,-0.0507866045037387
-103.246774282613,1.73149156271172,-0.0507812493939969
-103.230371491035,1.731491562665,-0.0507754854417661
-103.213967335588,1.73149156261036,-0.0507693221340771
-103.197562044782,1.73149156254849,-0.0507627692693874
-103.181155855516,1.73149156247989,-0.0507558370107327
-103.164749008522,1.73149156240486,-0.0507485358315321
-103.14834174325,1.73149156232353,-0.0507408765386661
-103.131934292337,1.73149156223623,-0.0507328701182837
-103.115526875885,1.73149156214351,-0.0507245277103955
-103.099119695412,1.73149156204427,-0.0507158603182153
-103.082712925598,1.73149156193753,-0.0507068787794147
-103.066306705514,1.73149156182286,-0.0506975937098713
-103.049901134394,1.7314915617005,-0.05068801535714
-103.033496273695,1.73149156157089,-0.0506781536640526
-103.017092153469,1.73149156143409,-0.0506680182593818
-103.000688779962,1.73149156128851,-0.0506576183914012
-102.984286142592,1.73149156113343,-0.0506469627259633
-102.967884219341,1.73149156097091,-0.0506360592731417
-102.951482980735,1.73149156080322,-0.0506249152797111
-102.935082392619,1.73149156063189,-0.0506135372260221
-102.918682417968,1.73149156045773,-0.0506019309237732
-102.902283017844,1.73149156028085,-0.0505901016265432
-102.885884151801,1.7314915601008,-0.050578053798164
-102.869485777137,1.73149155991707,-0.0505657911918069
-102.853087847489,1.73149155972931,-0.0505533171368521
-102.836690311294,1.73149155953746,-0.0505406346599633
-102.82029311033,1.73149155934212,-0.0505277465266762
-102.803896178457,1.73149155914419,-0.0505146552733852
-102.78749944089,1.73149155894426,-0.0505013632585204
-102.771102814188,1.73149155874252,-0.0504878725444007
-102.754706206885,1.73149155853905,-0.050474184979387
-102.738309521045,1.73149155833398,-0.0504603015862577
-102.721912653526,1.73149155812707,-0.0504462229147874
-102.705515497754,1.73149155791634,-0.050431949240242
-102.689117945701,1.73149155770082,-0.0504174806890355
-102.672719889771,1.7314915574823,-0.0504028172081862
-102.656321224423,1.73149155726273,-0.0503879585944728
-102.639921847171,1.73149155704339,-0.0503729044566044
-102.623521658734,1.73149155682515,-0.0503576543996093
-102.607120562539,1.73149155660864,-0.0503422081213917
-102.590718463634,1.73149155639414,-0.0503265655269822
-102.574315267264,1.73149155618142,-0.0503107266016076
-102.557910877169,1.73149155596919,-0.0502946910951427
-102.541505193492,1.73149155575644,-0.0502784586985383
-102.525098110987,1.73149155554444,-0.0502620292371809
-102.508689517944,1.73149155533899,-0.05024540285195
-102.492279298205,1.73149155514048,-0.0502285794314866
-102.475867337378,1.7314915549471,-0.0502115588125718
-102.459453529592,1.7314915547585,-0.0501943408864115
-102.443037780836,1.73149155457452,-0.050176925725521
-102.426620008708,1.73149155439436,-0.0501593137029498
-102.410200140266,1.73149155421392,-0.0501415056854536
-102.393778110082,1.73149155402663,-0.050123502827689
-102.377353859147,1.73149155382843,-0.0501053063389115
-102.36092733509,1.73149155362275,-0.0500869174045046
-102.344498493766,1.73149155341346,-0.050068337280299
-102.328067302499,1.73149155319964,-0.0500495673308318
-102.311633743319,1.73149155297958,-0.0500306092867628
-102.295197815065,1.73149155275298,-0.0500114653344204
-102.278759533782,1.73149155252661,-0.0499921379528357
-102.262318931718,1.73149155230828,-0.0499726299115941
-102.245876055439,1.7314915521023,-0.0499529443844517
-102.229430963914,1.73149155190931,-0.0499330850005978
-102.212983726965,1.73149155172544,-0.0499130559365074
-102.19653442424,1.73149155154853,-0.0498928618189423
-102.180083144594,1.73149155137715,-0.0498725076027735
-102.163629985619,1.7314915512109,-0.0498519981954155
-102.14717505347,1.73149155105012,-0.0498313387171672
-102.130718462856,1.73149155089559,-0.0498105346935994
-102.114260337043,1.73149155074817,-0.0497895921162367
-102.097800807806,1.73149155060833,-0.0497685170336298
-102.081340014713,1.73149155047591,-0.0497473157196743
-102.06487810425,1.73149155034923,-0.0497259946817202
-102.048415228361,1.7314915502271,-0.0497045607050612
-102.031951542415,1.73149155011042,-0.0496830208663356
-102.015487202637,1.73149155000397,-0.0496613825842983
-101.999022363245,1.73149154991036,-0.0496396534585739
-101.982557173195,1.73149154983056,-0.0496178410511405
-101.966091772869,1.73149154976425,-0.049595952729966
-101.949626290691,1.73149154971016,-0.0495739957623918
-101.933160838135,1.73149154966697,-0.0495519773691453
-101.916695501416,1.73149154963396,-0.0495299047505001
-101.90023033483,1.73149154961114,-0.049507784899681
-101.883765359357,1.7314915495993,-0.0494856244337015
-101.8673005663,1.731491549601,-0.049463429382771
-101.850835923282,1.73149154961814,-0.0494412053685061
-101.83437138061,1.73149154965163,-0.0494189577182804
-101.817906876534,1.73149154970258,-0.0493966916133447
-101.8014423415,1.73149154976948,-0.0493744116559126
-101.784977700847,1.73149154984438,-0.0493521217064615
-101.768512876526,1.73149154992173,-0.0493298249033614
-101.752047788233,1.73149154999971,-0.0493075238288163
-101.735582354118,1.73149155007978,-0.049285220706579
-101.719116491003,1.73149155016296,-0.049262917438889
-101.702650114574,1.73149155024839,-0.0492406153787117
-101.686183138975,1.73149155033713,-0.0492183153724127
-101.669715476112,1.73149155043034,-0.0491960180267982
-101.653247035029,1.73149155052733,-0.049173723799735
-101.636777721509,1.73149155062583,-0.0491514330635957
-101.620307437997,1.73149155072502,-0.0491291460742738
-101.603836083867,1.73149155082823,-0.0491068630443582
-101.587363556075,1.73149155093885,-0.049084583975798
-101.57088974993,1.73149155105844,-0.0490623086533336
-101.554414559877,1.73149155118668,-0.0490400366930616
-101.537937880633,1.73149155132311,-0.0490177675287949
-101.521459608266,1.73149155146713,-0.0489955004768753
-101.504979641169,1.73149155161799,-0.0489732348006909
-101.488497880742,1.73149155177498,-0.0489509696834491
-101.472014231904,1.73149155193753,-0.0489287040746662
-101.455528605365,1.73149155210518,-0.048906437040261
-101.439040925127,1.73149155227758,-0.0488841679850976
-101.422551137339,1.73149155245446,-0.0488618968597493
-101.406059215906,1.73149155263608,-0.048839623720368
-101.389565163185,1.73149155282455,-0.048817348606833
-101.373069007231,1.73149155302145,-0.0487950716985125
-101.356570797937,1.73149155322607,-0.0487727934555634
-101.340070603611,1.731491553433,-0.0487505147321876
-101.323568508724,1.73149155363731,-0.048728236814839
-101.307064612923,1.73149155383689,-0.0487059613639415
-101.290559030539,1.73149155403353,-0.0486836902855213
-101.274051889867,1.73149155422981,-0.0486614259760531
-101.257543332218,1.73149155442762,-0.0486391714166645
-101.241033510681,1.73149155462784,-0.0486169302184201
-101.224522588589,1.73149155483052,-0.0485947064084205
-101.208010737556,1.73149155503568,-0.0485725043375851
-101.191498135203,1.73149155524535,-0.0485503286647036
-101.17498496263,1.73149155546231,-0.0485281841958117
-101.158471401432,1.73149155568792,-0.0485060759504226
-101.141957630464,1.73149155592214,-0.0484840091899041
-101.125443822427,1.73149155616338,-0.0484619893647325
-101.108930140386,1.73149155640577,-0.0484400219401116
-101.092416734063,1.73149155664403,-0.0484181124779586
-101.075903734412,1.73149155687502,-0.0483962666182368
-101.059391244766,1.73149155709744,-0.0483744899826457
-101.042879333585,1.7314915573116,-0.0483527880655714
-101.026368032696,1.73149155751882,-0.048331166158307
-101.009857340659,1.73149155772038,-0.0483096293273393
-100.993347228865,1.73149155791646,-0.0482881821824578
-100.976837647611,1.73149155810542,-0.0482668287509763
-100.960328531031,1.73149155828774,-0.0482455722156372
-100.943819800362,1.7314915584646,-0.0482244151268583
-100.927311366331,1.73149155863685,-0.0482033595627633
-100.910803131004,1.73149155880476,-0.0481824072805999
-100.894294989439,1.73149155896795,-0.0481615596129022
-100.877786831038,1.73149155912602,-0.0481408172790761
-100.861278540382,1.73149155927884,-0.0481201804250828
-100.844769997745,1.73149155942655,-0.0480996487356748
-100.828261079392,1.73149155956941,-0.0480792215197662
-100.811751657863,1.73149155970766,-0.0480588973563143
-100.795241601721,1.73149155984147,-0.0480386744840758
-100.77873077554,1.73149155997098,-0.048018550988148
-100.762219040055,1.73149156009603,-0.047998524821541
-100.74570625256,1.7314915602143,-0.0479785938577081
-100.729192267426,1.73149156032312,-0.047958755844467
-100.712676936769,1.73149156042486,-0.0479390082509882
-100.696160111101,1.73149156052264,-0.0479193483666887
-100.679641640204,1.73149156061806,-0.0478997733736782
-100.663121374108,1.7314915607103,-0.0478802803837987
-100.646599164198,1.73149156079993,-0.0478608664178148
-100.630074865814,1.73149156088771,-0.0478415285186582
-100.613548345283,1.73149156097406,-0.0478222638371331
-100.597019490231,1.73149156105948,-0.0478030697436845
-100.580488217958,1.73149156114417,-0.0477839436926687
-100.563954479286,1.73149156122628,-0.0477648831942706
-100.547418258545,1.7314915613035,-0.0477458860035045
-100.530879571578,1.73149156137416,-0.0477269502460058
-100.514338463478,1.73149156144016,-0.0477080744033093
-100.497795006881,1.73149156150405,-0.0476892574584986
-100.481249300907,1.73149156156755,-0.047670498980412
-100.464701470293,1.73149156163135,-0.0476517991633378
-100.44815166428,1.73149156169522,-0.0476331588606114
-100.431600055076,1.73149156175847,-0.0476145796638067
-100.415046835895,1.73149156182024,-0.0475960638878165
-100.398492218775,1.73149156187983,-0.0475776143497352
-100.38193643198,1.73149156193674,-0.0475592343402526
-100.365379717186,1.73149156199071,-0.0475409276275609
-100.34882232652,1.73149156204162,-0.0475226984327969
-100.332264519344,1.73149156208944,-0.0475045514388128
-100.315706558833,1.73149156213416,-0.0474864916824888
-100.299148708172,1.73149156217574,-0.0474685246565689
-100.282591226618,1.73149156221415,-0.0474506563334259
-100.266034365441,1.73149156224947,-0.0474328931420344
-100.249478364018,1.73149156228186,-0.0474152416343266
-100.232923445685,1.73149156231129,-0.0473977083742059
-100.216369812121,1.7314915623375,-0.0473802998956186
-100.199817635137,1.73149156236021,-0.0473630227022259
-100.183267050665,1.73149156237927,-0.0473458829739797
-100.166718157728,1.73149156239529,-0.0473288864508954
-100.150171021867,1.73149156241073,-0.0473120382545075
-100.133625680227,1.73149156242731,-0.0472953430657068
-100.117082146688,1.73149156244476,-0.0472788051888245
-100.100540415951,1.73149156246076,-0.0472624285845782
-100.084000466845,1.73149156247495,-0.047246216485901
-100.067462264648,1.73149156248675,-0.0472301713098074
-100.050925763051,1.73149156249556,-0.0472142947303281
-100.034390905999,1.73149156250109,-0.0471985877202861
-100.017857629327,1.73149156250325,-0.0471830505820324
-100.00132586207,1.7314915625032,-0.0471676829876539
-99.9847955274144,1.73149156250505,-0.0471524839986053
-99.9682665433251,1.73149156250916,-0.0471374520516923
-99.9517388227623,1.73149156251355,-0.047122585141712
-99.935212273873,1.73149156251426,-0.0471078809434767
-99.9186868002575,1.73149156250813,-0.047093336764049
-99.9021623011392,1.73149156249375,-0.0470789495327101
-99.8856386715501,1.73149156247144,-0.0470647158205998
-99.8691158025436,1.73149156244231,-0.0470506318801767
-99.852593581515,1.73149156240706,-0.0470366937160799
-99.8360718926871,1.73149156236588,-0.0470228970755169
-99.8195506176135,1.73149156231898,-0.0470092374840986
-99.8030296358148,1.73149156226683,-0.0469957101232825
-99.7865088252086,1.7314915622099,-0.0469823100051392
-99.7699880626163,1.73149156214824,-0.0469690321398264
-99.7534672242188,1.73149156208103,-0.0469558717206198
-99.7369461861277,1.73149156200859,-0.0469428238100787
-99.7204248244553,1.73149156193161,-0.0469298833820115
-99.7039030152702,1.73149156185016,-0.0469170453750886
-99.6873806344051,1.7314915617622,-0.0469043046733092
-99.670857557191,1.7314915616659,-0.0468916562115659
-99.6543336581275,1.73149156156028,-0.046879095058535
-99.6378088105242,1.73149156144537,-0.0468666164439645
-99.6212828861682,1.73149156132492,-0.0468542156547663
-99.6047557549642,1.73149156120278,-0.0468418881321638
-99.5882272847333,1.73149156108069,-0.0468296295290888
-99.5716973414009,1.73149156095723,-0.0468174357459923
-99.5551657911893,1.73149156083341,-0.0468053027456417
-99.5386325036563,1.73149156071006,-0.0467932266688851
-99.5220973483473,1.73149156058615,-0.046781203911261
-99.5055601816679,1.73149156045869,-0.0467692311273827
-99.4890208276019,1.73149156032591,-0.0467573051170886
-99.4724790607813,1.73149156018792,-0.0467454227714393
-99.4559346007137,1.73149156004563,-0.0467335810134252
-99.4393871201898,1.73149155989942,-0.0467217767627522
-99.4228362654407,1.73149155974952,-0.0467100069088117
-99.4062816833265,1.73149155959717,-0.0466982682799969
-99.3897230498024,1.73149155944623,-0.0466865572846906
-99.3731600951438,1.73149155930008,-0.0466748701100295
-99.356592623816,1.73149155916006,-0.0466632029193434
-99.340020528421,1.73149155902596,-0.046651552029294
-99.3234437994792,1.73149155889663,-0.0466399141267457
-99.3068625343058,1.73149155876921,-0.0466282865340559
-99.2902769493845,1.7314915586416,-0.0466166673927901
-99.2736873992138,1.73149155851364,-0.046605055956654
-99.2570944004429,1.73149155838757,-0.0465934529285567
-99.240498647351,1.73149155826386,-0.0465818605853315
-99.2239009876731,1.73149155814243,-0.0465702830374487
-99.2073023246464,1.73149155802253,-0.0465587264411008
-99.1907034727586,1.7314915579019,-0.0465471990547377
-99.1741050513098,1.73149155778084,-0.046535710938923
-99.1575074649297,1.73149155766135,-0.0465242739027388
-99.1409109556971,1.73149155754644,-0.0465129011592514
-99.1243156808609,1.73149155744025,-0.0465016067974659
-99.1077217801935,1.73149155734536,-0.0464904048472637
-99.0911294195591,1.73149155726142,-0.0464793086531225
-99.0745388142604,1.73149155718325,-0.0464683304525887
-99.057950240308,1.73149155710677,-0.0464574813932956
-99.0413640389572,1.73149155703274,-0.046446771663662
-99.0247806131989,1.73149155696542,-0.0464362107679901
-99.008200415104,1.73149155690888,-0.0464258078635349
-98.9916239254296,1.73149155686628,-0.046415571962762
-98.9750516279224,1.73149155684103,-0.046405512020633
-98.9584839819373,1.73149155683499,-0.0463956370707294
-98.9419213976574,1.73149155684767,-0.0463859563176109
-98.9253642164072,1.73149155687491,-0.0463764792878396
-98.9088126986167,1.73149155691256,-0.0463672149224592
-98.8922670185086,1.73149155695988,-0.046358170738198
-98.8757272649528,1.73149155701754,-0.0463493532494301
-98.8591934503298,1.73149155708572,-0.0463407681131144
-98.8426655267635,1.73149155716192,-0.0463324200586035
-98.8261434083944,1.73149155724349,-0.0463243123408783
-98.8096269963172,1.73149155732886,-0.0463164466757276
-98.7931162030233,1.73149155741784,-0.0463088232866346
-98.7766109718715,1.73149155751189,-0.0463014410019755
-98.7601112883917,1.73149155761026,-0.0462942972628815
-98.7436171816467,1.731491557712,-0.0462873883690466
-98.7271287167879,1.73149155781657,-0.046280709772543
-98.7106459806683,1.7314915579237,-0.046274256373294
-98.6941690636428,1.73149155803643,-0.0462680224459587
-98.6776980396124,1.73149155815878,-0.0462620018630467
-98.6612329467069,1.73149155829173,-0.0462561881742708
-98.6447737698615,1.73149155842959,-0.0462505745991493
-98.6283204262309,1.73149155856717,-0.0462451540205319
-98.6118727546858,1.73149155870367,-0.0462399188392456
-98.5954305108823,1.73149155884022,-0.0462348609181076
-98.5789933716256,1.73149155897832,-0.0462299714908962
-98.562560950692,1.73149155911976,-0.046225241076304
-98.5461328256879,1.73149155926775,-0.046220659400836
-98.5297085699866,1.73149155942364,-0.046216215235547
-98.5132877818403,1.73149155958441,-0.0462118964060676
-98.4968701043824,1.73149155974913,-0.0462076896232986
-98.4804552335424,1.73149155991713,-0.0462035807497977
-98.464042915662,1.73149156008748,-0.046199555196106
-98.4476329378464,1.73149156025924,-0.046195598219211
-98.431225113918,1.73149156043201,-0.0461916951607393
-98.4148192677056,1.73149156060653,-0.0461878316297867
-98.3984152152736,1.73149156078554,-0.0461839936199336
-98.3820127476043,1.73149156097112,-0.0461801676887736
-98.3656116160159,1.73149156116333,-0.0461763410171307
-98.3492115225564,1.73149156135926,-0.0461725013863495
-98.3328121174439,1.73149156155593,-0.0461686369886413
-98.3164130042641,1.73149156175186,-0.0461647363659836
-98.3000137522505,1.73149156194706,-0.0461607884358124
-98.2836139136504,1.73149156214224,-0.0461567818166398
-98.2672130424391,1.73149156233824,-0.0461527050354964
-98.2508107121435,1.73149156253531,-0.0461485467500687
-98.2344065308714,1.73149156273189,-0.0461442959703314
-98.2180001534514,1.73149156292249,-0.0461399417497429
-98.2015912927657,1.73149156310328,-0.0461354733169129
-98.1851797281374,1.73149156327492,-0.046130880172286
-98.1687653062836,1.73149156343961,-0.046126152537847
-98.1523479338976,1.73149156359993,-0.0461212817277896
-98.1359275632688,1.73149156375964,-0.0461162605064353
-98.1195041741132,1.73149156392108,-0.0461110827993312
-98.1030777543846,1.7314915640848,-0.0461057435379983
-98.0866482834885,1.7314915642504,-0.0461002387554114
-98.0702157202216,1.73149156441699,-0.0460945655616445
-98.0537799971,1.73149156458358,-0.0460887222848665
-98.0373410224108,1.73149156474881,-0.0460827084825046
-98.0208986913067,1.73149156491023,-0.0460765248402641
-98.0044529031104,1.73149156506807,-0.0460701725815159
-97.9880035801686,1.73149156522347,-0.0460636534693961
-97.9715506857717,1.73149156537762,-0.046056969896924
-97.9550942400957,1.73149156553189,-0.0460501250705499
-97.938634334463,1.73149156568692,-0.04604312261625
-97.9221711430804,1.731491565842,-0.0460359663614482
-97.9057049310781,1.73149156599612,-0.0460286608483855
-97.8892360564235,1.7314915661482,-0.0460212117308802
-97.8727649618094,1.73149156629657,-0.0460136260752571
-97.8562921544143,1.73149156643825,-0.046005911988174
-97.8398181752906,1.73149156657164,-0.0459980787968973
-97.823343565722,1.73149156669722,-0.0459901371883133
-97.8068688391941,1.73149156681744,-0.0459820992123881
-97.7903944643386,1.73149156693236,-0.0459739780266911
-97.7739208587908,1.73149156704127,-0.0459657877236557
-97.757448390856,1.73149156714322,-0.0459575430933366
-97.7409773851377,1.73149156723895,-0.0459492593289934
-97.7245081289477,1.73149156733255,-0.0459409517854682
-97.7080408768035,1.73149156742495,-0.0459326354152021
-97.6915758534501,1.73149156751542,-0.0459243246998038
-97.6751132611437,1.73149156760348,-0.0459160336341772
-97.6586532901268,1.73149156769072,-0.0459077757600513
-97.642196128714,1.73149156777886,-0.0458995638534786
-97.6257419686396,1.73149156786591,-0.0458914096848731
-97.6092910036049,1.73149156795051,-0.0458833241781698
-97.5928434220258,1.73149156803562,-0.0458753174402936
-97.5763993958826,1.73149156812462,-0.0458673989350523
-97.5599590686007,1.73149156821964,-0.0458595775524368
-97.5435225441078,1.7314915683216,-0.0458518616205591
-97.527089878779,1.73149156843052,-0.0458442588043584
-97.5106610769993,1.73149156854594,-0.045836776037502
-97.4942360912705,1.73149156866729,-0.0458294189932197
-97.4778148262215,1.73149156879409,-0.0458221922351176
-97.4613971469959,1.7314915689255,-0.0458150992826046
-97.4449828910043,1.73149156905955,-0.0458081426677618
-97.4285718816884,1.73149156919675,-0.0458013239234244
-97.412163942297,1.73149156933837,-0.0457946432740367
-97.3957589072132,1.73149156948541,-0.0457880996268923
-97.3793566293636,1.73149156963842,-0.0457816908676751
-97.3629569832073,1.7314915697975,-0.0457754140617712
-97.3465598631146,1.73149156996247,-0.0457692656176231
-97.3301651776905,1.731491570133,-0.0457632414233707
-97.3137728408781,1.73149157030874,-0.0457573369559043
-97.2973827612895,1.73149157048943,-0.0457515473768651
-97.2809948312276,1.73149157067509,-0.0457458676012981
-97.2646089168774,1.73149157086602,-0.0457402923913547
-97.2482248511591,1.73149157106252,-0.0457348164874482
-97.2318424304135,1.73149157126471,-0.0457294344535142
-97.2154614153092,1.73149157147254,-0.0457241405677203
-97.1990815359213,1.73149157168573,-0.0457189287201571
-97.1827025003172,1.73149157190374,-0.0457137924463357
-97.1663240055285,1.73149157212602,-0.0457087249024266
-97.149945749183,1.73149157235224,-0.0457037189541368
-97.1335674402992,1.73149157258217,-0.0456987672320867
-97.1171888078804,1.73149157281598,-0.0456938622544202
-97.1008096065058,1.73149157305455,-0.0456889966226906
-97.0844296186728,1.73149157329748,-0.0456841625569233
-97.0680486532186,1.73149157354368,-0.0456793522879149
-97.0516665416548,1.73149157379187,-0.0456745583164797
-97.0352831363778,1.73149157404101,-0.045669773515401
-97.0188983090274,1.73149157429041,-0.0456649912348706
-97.0025119453293,1.73149157453968,-0.0456602053787249
-96.9861239364007,1.73149157478853,-0.0456554104505783
-96.9697341692717,1.73149157503672,-0.045650601615594
-96.9533425199425,1.73149157528396,-0.045645774811025
-96.9369488510624,1.73149157552993,-0.0456409264356288
-96.9205530144589,1.73149157577431,-0.045636053100228
-96.9041548572666,1.7314915760168,-0.0456311518276359
-96.8877542301784,1.73149157625711,-0.0456262201765131
-96.8713509960423,1.73149157649499,-0.0456212563106505
-96.8549450379565,1.73149157673021,-0.0456162587441598
-96.8385362657402,1.73149157696255,-0.045611226168912
-96.8221246202052,1.7314915771916,-0.0456061576377815
-96.8057100754301,1.7314915774167,-0.0456010527622981
-96.7892926400906,1.7314915776372,-0.0455959119258238
-96.7728723581033,1.73149157785286,-0.0455907358741755
-96.7564493071085,1.73149157806397,-0.045585525893107
-96.7400235939194,1.73149157827096,-0.0455802840033658
-96.7235953472435,1.73149157847407,-0.0455750131140863
-96.7071647090366,1.73149157867308,-0.0455697168268575
-96.6907318267176,1.73149157886765,-0.0455643993754528
-96.6742968479194,1.7314915790579,-0.0455590655239349
-96.657859918492,1.73149157924411,-0.0455537206957209
-96.641421183907,1.73149157942637,-0.0455483710111852
-96.6249807932728,1.73149157960445,-0.0455430232861137
-96.60853890501,1.73149157977806,-0.0455376847117091
-96.5920956927951,1.7314915799471,-0.0455323625994742
-96.575651350575,1.73149158011172,-0.0455270644843476
-96.5592060958211,1.73149158027212,-0.045521798220045
-96.5427601701307,1.73149158042847,-0.0455165721161274
-96.5263138367013,1.73149158058109,-0.0455113946524044
-96.5098673743862,1.7314915807305,-0.0455062742535273
-96.4934210684154,1.73149158087724,-0.045501219520676
-96.4769751989226,1.73149158102282,-0.0454962393603337
-96.4605300267515,1.73149158117124,-0.0454913430655697
-96.44408577669,1.73149158132149,-0.0454865400582653
-96.4276426242464,1.73149158147086,-0.0454818394802995
-96.4112006902066,1.73149158161723,-0.0454772502577481
-96.3947600431035,1.7314915817597,-0.0454727810654096
-96.3783207066735,1.73149158189828,-0.0454684402153216
-96.3618826693725,1.73149158203328,-0.0454642354248958
-96.34544589399,1.73149158216488,-0.0454601736920604
-96.3290103266952,1.73149158229248,-0.0454562611123366
-96.3125759051082,1.7314915824156,-0.0454525028233213
-96.2961425651987,1.73149158253452,-0.0454489030247719
-96.2797102466304,1.73149158265059,-0.0454454650686277
-96.2632788960345,1.7314915827653,-0.0454421915394608
-96.2468484677863,1.7314915828799,-0.0454390843368186
-96.2304189222061,1.73149158299518,-0.0454361447053598
-96.2139902215301,1.73149158311105,-0.0454333732022102
-96.1975623241906,1.73149158322672,-0.0454307699177351
-96.1811351785532,1.73149158334199,-0.0454283346515183
-96.1647087170399,1.73149158345798,-0.0454260670680208
-96.1482828516961,1.73149158357476,-0.0454239663352361
-96.1318574714119,1.73149158369215,-0.0454220311576188
-96.1154324414768,1.7314915838105,-0.0454202598392064
-96.0990076055534,1.73149158393183,-0.0454186503160864
-96.0825827898699,1.73149158406072,-0.0454171999478533
-96.06615780886,1.73149158419948,-0.0454159055323203
-96.049732471544,1.73149158434827,-0.0454147635661507
-96.0333065890721,1.73149158450585,-0.0454137702541401
-96.0168799856577,1.73149158466904,-0.0454129215310815
-96.0004525097786,1.73149158483462,-0.0454122130803536
-95.9840240402856,1.73149158499912,-0.0454116404831952
-95.9675944858749,1.73149158516225,-0.0454111992726169
-95.951163779557,1.73149158532517,-0.0454108849424421
-95.9347318706773,1.73149158548917,-0.0454106930559834
-95.9182987167751,1.73149158565548,-0.045410619031388
-95.9018642762905,1.73149158582474,-0.045410658512812
-95.8854285029147,1.73149158599688,-0.0454108075504403
-95.8689913416243,1.73149158617131,-0.0454110626210086
-95.852552726417,1.73149158634727,-0.0454114206365175
-95.8361125798045,1.73149158652434,-0.04541187895795
-95.8196708142702,1.73149158670273,-0.0454124351594872
-95.8032273353527,1.7314915868829,-0.0454130869584263
-95.7867820460501,1.73149158706455,-0.0454138321049496
-95.7703348519217,1.73149158724655,-0.0454146684055155
-95.75388566618,1.73149158742793,-0.0454155938882721
-95.7374344142016,1.7314915876083,-0.0454166067258228
-95.7209810369027,1.73149158778761,-0.0454177049968168
-95.7045254932196,1.73149158796586,-0.0454188864048818
-95.6880677621683,1.73149158814319,-0.0454201489025543
-95.671607844331,1.73149158831976,-0.0454214909930233
-95.6551457616288,1.73149158849529,-0.0454229118665379
-95.6386815549868,1.73149158866913,-0.0454244112356103
-95.6222152804746,1.73149158884089,-0.0454259891673006
-95.6057470047679,1.7314915890103,-0.0454276461347314
-95.5892768010968,1.73149158917665,-0.045429382812875
-95.5728047464403,1.7314915893372,-0.0454311998873069
-95.5563309202097,1.73149158948968,-0.0454330983894162
-95.5398554049537,1.73149158963386,-0.0454350798145244
-95.5233782884938,1.73149158977219,-0.0454371460852668
-95.5068996670184,1.73149158990552,-0.0454392992721527
-95.4904196483157,1.73149159003401,-0.0454415417448922
-95.4739383547845,1.73149159015811,-0.0454438762648325
-95.4574559256122,1.73149159027993,-0.0454463060813465
-95.440972517736,1.73149159040122,-0.0454488347098189
-95.424488304822,1.73149159052333,-0.0454514657894033
-95.4080034747021,1.73149159064869,-0.0454542026504542
-95.3915182245281,1.73149159077874,-0.045457048722841
-95.3750327545831,1.73149159091292,-0.0454600077856099
-95.3585472612199,1.73149159104742,-0.0454630840146558
-95.342061929667,1.73149159117756,-0.045466281784318
-95.3255769253244,1.73149159129843,-0.0454696054653257
-95.3090923824195,1.73149159140736,-0.0454730593922051
-95.2926083955051,1.7314915915041,-0.0454766478121158
-95.2761250178449,1.73149159159023,-0.0454803748822451
-95.2596422661786,1.73149159166898,-0.0454842447241879
-95.2431601292876,1.73149159174325,-0.0454882609888911
-95.2266785769707,1.7314915918147,-0.0454924266586951
-95.2101975677549,1.7314915918836,-0.0454967440391144
-95.1937170548858,1.73149159194955,-0.0455012146836231
-95.1772369905206,1.73149159201177,-0.0455058393375488
-95.1607573281985,1.7314915920701,-0.0455106181868006
-95.1442780239839,1.73149159212684,-0.0455155509197462
-95.1277990362134,1.73149159218445,-0.0455206368212268
-95.1113203239759,1.73149159224451,-0.0455258748321271
-95.0948418445189,1.73149159230777,-0.0455312636228719
-95.0783635499937,1.73149159237471,-0.0455368016561189
-95.0618853841905,1.73149159244681,-0.0455424870031843
-95.0454072796486,1.73149159252529,-0.0455483173492509
-95.0289291557224,1.73149159260909,-0.0455542900121242
-95.0124509178374,1.73149159269598,-0.0455604020714746
-94.9959724580784,1.73149159278396,-0.0455666504676952
-94.9794936570314,1.73149159287168,-0.0455730322104708
-94.9630143868675,1.73149159295855,-0.0455795439400255
-94.9465345149521,1.73149159304479,-0.0455861817120499
-94.9300539093249,1.7314915931304,-0.0455929409359249
-94.9135724477543,1.73149159321331,-0.0455998167108038
-94.8970900269613,1.73149159329127,-0.0456068041230083
-94.8806065673149,1.73149159336322,-0.0456138984375045
-94.8641220121002,1.73149159343347,-0.0456210951505254
-94.8476363231256,1.73149159350653,-0.0456283898107227
-94.8311494748528,1.7314915935846,-0.045635777960225
-94.8146614487731,1.73149159366745,-0.0456432547533899
-94.798172228486,1.73149159375409,-0.0456508155451163
-94.7816817959558,1.73149159384375,-0.0456584561651864
-94.7651901287665,1.73149159393564,-0.0456661729300717
-94.7486971982996,1.73149159402894,-0.0456739624760169
-94.7322029687872,1.73149159412257,-0.0456818216796611
-94.7157073974185,1.73149159421312,-0.0456897476774713
-94.6992104355584,1.7314915942983,-0.0456977377063082
-94.6827120308731,1.73149159437858,-0.0457057890162958
-94.6662121300646,1.73149159445883,-0.0457138987952168
-94.6497106818972,1.73149159454384,-0.0457220643257109
-94.6332076408487,1.7314915946354,-0.0457302830641011
-94.6167029717215,1.73149159473095,-0.0457385526843954
-94.6001966537223,1.73149159483129,-0.0457468708488151
-94.58368868273,1.73149159493789,-0.0457552353465794
-94.5671790714999,1.73149159505155,-0.045763644281808
-94.5506678481314,1.73149159517272,-0.0457720962466592
-94.5341550536806,1.73149159530147,-0.0457805898181263
-94.5176407390954,1.7314915954376,-0.0457891236795718
-94.501124962188,1.73149159558078,-0.0457976968091219
-94.4846077849799,1.73149159573068,-0.0458063086193777
-94.4680892719288,1.73149159588701,-0.0458149587277485
-94.4515694889283,1.73149159604961,-0.0458236466275486
-94.4350485029471,1.73149159621835,-0.0458323720414615
-94.4185263825675,1.73149159639313,-0.0458411351393292
-94.4020031992096,1.73149159657438,-0.0458499366976302
-94.3854790289338,1.73149159676379,-0.0458587775288591
-94.3689539539651,1.73149159696071,-0.0458676583935577
-94.3524280638713,1.7314915971637,-0.0458765801039834
-94.3359014561618,1.73149159737103,-0.0458855435766341
-94.3193742360527,1.7314915975801,-0.0458945498386058
-94.3028465152684,1.73149159779101,-0.0459035998158106
-94.2863184096359,1.73149159800483,-0.0459126945449043
-94.2697900358977,1.73149159822268,-0.0459218353212734
-94.253261507989,1.73149159844477,-0.0459310238032551
-94.2367329325842,1.73149159866741,-0.0459402615539906
-94.220204401101,1.73149159888836,-0.0459495500002298
-94.2036759791678,1.73149159910732,-0.0459588904995646
-94.1871477004836,1.73149159932604,-0.0459682843537717
-94.1706195668515,1.7314915995474,-0.0459777327143971
-94.1540915529973,1.73149159977346,-0.0459872363976446
-94.1375636132604,1.73149160000506,-0.0459967958931673
-94.1210356881046,1.73149160024203,-0.046006411311662
-94.1045077093334,1.73149160048364,-0.0460160824087704
-94.0879796039178,1.7314916007289,-0.0460258086011758
-94.0714512967522,1.73149160097691,-0.0460355889545513
-94.0549227127162,1.73149160122711,-0.0460454221369096
-94.0383937779125,1.73149160147921,-0.0460553065737471
-94.0218644202847,1.73149160173304,-0.0460652402042631
-94.0053345692155,1.7314916019885,-0.0460752203616518
-93.9888041542668,1.73149160224544,-0.0460852440982651
-93.9722731036043,1.73149160250372,-0.0460953083618566
-93.9557413422366,1.73149160276315,-0.0461054100989638
-93.9392087903715,1.73149160302354,-0.046115546222627
-93.9226753620735,1.73149160328467,-0.0461257136090442
-93.9061409653294,1.73149160354633,-0.0461359089808038
-93.8896055063891,1.7314916038083,-0.0461461289266406
-93.87306889756,1.73149160407038,-0.0461563699705622
-93.8565310634758,1.73149160433237,-0.0461666282701728
-93.8399919433084,1.73149160459409,-0.0461768999157884
-93.8234514899316,1.73149160485535,-0.0461871810865429
-93.8069096679437,1.73149160511598,-0.0461974680965461
-93.7903664522637,1.73149160537581,-0.0462077574835582
-93.7738218287888,1.73149160563467,-0.0462180461683234
-93.7572757966777,1.73149160589241,-0.0462283312568851
-93.7407283703609,1.73149160614886,-0.0462386099355423
-93.7241795800617,1.73149160640386,-0.0462488794096825
-93.7076294705728,1.73149160665727,-0.0462591370740388
-93.6910780988037,1.73149160690895,-0.046269380587124
-93.674525530786,1.73149160715875,-0.046279608008683
-93.6579718387818,1.73149160740654,-0.0462898178274559
-93.6414170988936,1.73149160765218,-0.0463000089306833
-93.6248613893335,1.73149160789556,-0.0463101806002346
-93.6083047893596,1.73149160813654,-0.046320332234986
-93.5917473786318,1.73149160837502,-0.0463304634533449
-93.5751892370341,1.73149160861089,-0.0463405741529636
-93.5586304448605,1.73149160884403,-0.0463506644776049
-93.5420710832148,1.73149160907434,-0.046360734642399
-93.5255112342588,1.73149160930173,-0.0463707849761349
-93.5089509811915,1.73149160952611,-0.0463808159681174
-93.4923904077833,1.73149160974737,-0.0463908283012828
-93.4758295974086,1.73149160996535,-0.0464008227231201
-93.4592686314624,1.73149161017981,-0.0464107999383245
-93.4427075864067,1.73149161039054,-0.0464207606618605
-93.426146526832,1.73149161059746,-0.0464307056637131
-93.409585495005,1.73149161080064,-0.046440635828626
-93.3930245041867,1.73149161099934,-0.0464505519378389
-93.3764635375413,1.73149161119058,-0.0464604545145243
-93.3599025514422,1.73149161137387,-0.0464703437553982
-93.3433414805007,1.73149161155038,-0.046480219591784
-93.3267802423087,1.73149161172239,-0.0464900817490218
-93.3102187410969,1.73149161189191,-0.0464999297703935
-93.2936568704952,1.73149161205998,-0.0465097628252815
-93.2770945158233,1.73149161222666,-0.0465195796216469
-93.260531556342,1.73149161239149,-0.0465293783790221
-93.243967867539,1.73149161255396,-0.0465391567188371
-93.227403323086,1.73149161271458,-0.0465489119286124
-93.2108377966573,1.73149161287614,-0.0465586410278455
-93.194271165092,1.73149161304083,-0.0465683408837306
-93.1777033148769,1.7314916132089,-0.0465780082970072
-93.1611341484454,1.73149161337747,-0.0465876401268431
-93.1445635864842,1.7314916135433,-0.046597233351347
-93.1279915666269,1.73149161370406,-0.0466067848524335
-93.1114180410566,1.73149161385866,-0.0466162914077775
-93.0948429749707,1.73149161400712,-0.0466257497901666
-93.0782663462235,1.73149161415,-0.0466351568373799
-93.06168814581,1.73149161428789,-0.0466445095429412
-93.0451083789279,1.73149161442223,-0.0466538050717102
-93.0285270660867,1.73149161455789,-0.0466630407039251
-93.011944244032,1.7314916146986,-0.0466722140896245
-92.9953599665974,1.73149161484448,-0.0466813233727338
-92.9787743053823,1.73149161499,-0.0466903672792461
-92.9621873501569,1.73149161512986,-0.0466993448990061
-92.9455992087732,1.73149161526184,-0.0467082555286379
-92.9290100063664,1.73149161538562,-0.0467170987894101
-92.9124198838826,1.73149161550152,-0.046725874736285
-92.8958289958856,1.7314916156092,-0.0467345840097639
-92.8792375077932,1.73149161570824,-0.0467432276251825
-92.8626455925167,1.73149161579791,-0.0467518068108642
-92.8460534267128,1.7314916158778,-0.0467603230465352
-92.8294611870575,1.73149161594813,-0.0467687780890665
-92.8128690466339,1.73149161601006,-0.0467771740198785
-92.7962771716612,1.73149161606468,-0.0467855131809597
-92.7796857186653,1.7314916161127,-0.0467937980201079
-92.7630948318954,1.73149161615441,-0.0468020311552966
-92.7465046392294,1.73149161618985,-0.0468102153367988
-92.7299152445872,1.73149161621891,-0.0468183533412525
-92.7133267218361,1.73149161624153,-0.0468264478970417
-92.6967391141691,1.73149161625799,-0.046834501714111
-92.6801524386366,1.73149161626705,-0.0468425170726505
-92.6635666923684,1.73149161626772,-0.0468504958242021
-92.6469818582232,1.73149161625975,-0.046858439359553
-92.6303979085347,1.73149161624365,-0.0468663485018762
-92.6138148068276,1.73149161622005,-0.0468742236213637
-92.597232508345,1.73149161618967,-0.046882064620542
-92.5806509598868,1.73149161615337,-0.0468898710967531
-92.564070099582,1.73149161611185,-0.046897642443728
-92.5474898567777,1.7314916160658,-0.0469053779727642
-92.5309101523265,1.73149161601595,-0.0469130765473373
-92.5143308988728,1.7314916159629,-0.0469207365374206
-92.4977520013225,1.73149161590686,-0.0469283559808735
-92.4811733577438,1.73149161584768,-0.0469359324630308
-92.4645948604565,1.73149161578497,-0.0469434630245738
-92.4480163971897,1.73149161571827,-0.0469509443857488
-92.4314378524527,1.73149161564731,-0.0469583730418647
-92.414859108898,1.73149161557227,-0.0469657452575298
-92.3982800483689,1.73149161549362,-0.0469730572294701
-92.3817005527231,1.73149161541199,-0.0469803051359084
-92.3651205044283,1.73149161532848,-0.0469874852714834
-92.3485397887502,1.73149161524281,-0.0469945939301832
-92.3319582995759,1.7314916151543,-0.0470016272434545
-92.3153759454681,1.7314916150624,-0.0470085811758264
-92.2987926518248,1.73149161496687,-0.0470154516052649
-92.2822083587286,1.73149161486794,-0.0470222344325992
-92.2656230164454,1.73149161476628,-0.0470289257336015
-92.2490365809452,1.73149161466207,-0.0470355218232556
-92.2324490109488,1.73149161455349,-0.04704201873219
-92.2158602663781,1.73149161443905,-0.0470484127776139
-92.1992703082257,1.7314916143191,-0.0470547008212876
-92.1826790994319,1.73149161419696,-0.0470608803383524
-92.1660866072939,1.73149161407588,-0.0470669492182209
-92.1494928069759,1.73149161395795,-0.0470729055053597
-92.132897684797,1.73149161384487,-0.0470787472253201
-92.116301240458,1.73149161373737,-0.0470844726306998
-92.0997034880999,1.73149161363475,-0.0470900803677522
-92.0831044565299,1.73149161353424,-0.0470955695600629
-92.0665041889409,1.73149161343414,-0.0471009394200778
-92.049902742144,1.73149161333359,-0.0471061893351471
-92.0333001854984,1.73149161323233,-0.0471113189076773
-92.0166965995179,1.73149161313082,-0.0471163281771726
-92.0000920742618,1.73149161303001,-0.0471212177530597
-91.9834867076122,1.73149161293078,-0.0471259889456165
-91.9668806036589,1.73149161283364,-0.0471306433850566
-91.9502738709894,1.73149161273871,-0.0471351828516035
-91.9336666211398,1.73149161264585,-0.0471396093197283
-91.9170589672871,1.731491612553,-0.0471439249068573
-91.9004510231141,1.73149161245359,-0.0471481318273331
-91.8838429018328,1.73149161234936,-0.0471522322499782
-91.8672347151243,1.73149161224461,-0.047156228566184
-91.8506265722143,1.73149161214287,-0.047160123482608
-91.834018578893,1.73149161204769,-0.0471639200068995
-91.8174108364034,1.73149161196065,-0.0471676212797886
-91.8008034392567,1.73149161188007,-0.0471712305410033
-91.7841964691781,1.73149161180358,-0.0471747510906726
-91.7675899864158,1.73149161172875,-0.0471781860287515
-91.7509840238478,1.73149161165168,-0.0471815380210396
-91.7343785866398,1.73149161156972,-0.047184809483213
-91.7177736561146,1.73149161148336,-0.0471880026761413
-91.7011691949377,1.73149161139735,-0.0471911197595132
-91.6845651515854,1.73149161131595,-0.0471941626221216
-91.6679614632204,1.73149161123997,-0.0471971326986873
-91.6513580573102,1.73149161116681,-0.0472000308114225
-91.6347548525907,1.73149161109375,-0.047202857413644
-91.6181517602261,1.73149161101983,-0.047205612702399
-91.6015486852589,1.73149161094713,-0.0472082966354839
-91.5849455282854,1.73149161087811,-0.0472109088289398
-91.5683421870102,1.73149161081442,-0.0472134485550941
-91.551738557531,1.73149161075679,-0.0472159148027704
-91.5351345352379,1.73149161070549,-0.0472183063070363
-91.5185300153908,1.7314916106606,-0.0472206215485757
-91.5019248933486,1.73149161062181,-0.047222858816155
-91.4853190645146,1.73149161058849,-0.0472250163469072
-91.4687124243844,1.73149161055945,-0.0472270922019627
-91.452104870942,1.73149161053193,-0.047229084202206
-91.4354963109239,1.73149161050402,-0.0472309900558941
-91.418886665574,1.73149161047607,-0.0472328074568905
-91.4022758723906,1.73149161045035,-0.0472345342192089
-91.3856638831422,1.73149161042955,-0.0472361683375533
-91.3690506611931,1.73149161041576,-0.0472377080496444
-91.3524361808583,1.73149161040966,-0.0472391516294024
-91.3358204285967,1.73149161041338,-0.0472404973287463
-91.3192034049611,1.73149161042707,-0.0472417435545502
-91.3025851263148,1.73149161044873,-0.0472428890637074
-91.2859656257593,1.73149161047236,-0.0472439331068689
-91.2693449526366,1.73149161049281,-0.0472448752832148
-91.2527231685764,1.73149161050709,-0.0472457154111908
-91.2361003378122,1.73149161051522,-0.0472464532980801
-91.219476511799,1.73149161051884,-0.0472470890886758
-91.2028517120197,1.73149161052025,-0.0472476234097616
-91.1862259164631,1.73149161052244,-0.047248057375186
-91.1695990547726,1.73149161052841,-0.0472483923884091
-91.1529710143409,1.7314916105424,-0.0472486300294115
-91.1363416568984,1.73149161056576,-0.0472487716612287
-91.119710842017,1.7314916105979,-0.0472488183317855
-91.1030784534756,1.73149161063742,-0.0472487708186647
-91.0864444247355,1.7314916106827,-0.0472486297626289
-91.0698087609003,1.73149161073162,-0.0472483955950799
-91.0531715547245,1.73149161078169,-0.0472480686509769
-91.0365329946473,1.73149161083063,-0.0472476492739224
-91.0198933621666,1.73149161087932,-0.047247138111991
-91.0032530166112,1.73149161092901,-0.047246536431716
-90.986612367904,1.73149161097874,-0.047245846179621
-90.9699718419762,1.73149161102737,-0.0472450703199888
-90.9533318467828,1.73149161107499,-0.0472442130658322
-90.9366927465245,1.73149161112422,-0.0472432800679238
-90.9200548488046,1.73149161117819,-0.0472422777758426
-90.9034184040643,1.73149161123876,-0.0472412130599049
-90.8867836149539,1.73149161130622,-0.0472400929743888
-90.8701506507173,1.73149161137927,-0.0472389245909539
-90.8535196620724,1.73149161145633,-0.0472377146833383
-90.8368907974516,1.73149161153618,-0.0472364693779565
-90.8202642197906,1.73149161161811,-0.0472351944314621
-90.8036401205454,1.73149161170209,-0.0472338953607194
-90.7870187260263,1.73149161178903,-0.0472325774486217
-90.7704002932806,1.73149161187876,-0.0472312456395291
-90.7537850958439,1.73149161197074,-0.0472299046664065
-90.737173403073,1.73149161206451,-0.0472285591643586
-90.7205654577411,1.73149161215971,-0.0472272137855968
-90.703961456412,1.73149161225613,-0.0472258729875904
-90.6873615352554,1.73149161235365,-0.0472245408157453
-90.6707657627209,1.7314916124522,-0.0472232209457064
-90.654174140134,1.73149161255169,-0.04722191663987
-90.637586610299,1.73149161265207,-0.0472206306898397
-90.6210030733751,1.73149161275321,-0.0472193650632305
-90.6044234075132,1.73149161285501,-0.0472181206143798
-90.5878474904599,1.73149161295734,-0.047216897166874
-90.5712752184683,1.73149161306006,-0.0472156936013793
-90.5547065187773,1.73149161316304,-0.0472145079858041
-90.5381413536631,1.73149161326616,-0.0472133376087476
-90.5215797155011,1.73149161336929,-0.0472121790849653
-90.505021614485,1.73149161347219,-0.0472110284970937
-90.4884670613066,1.73149161357451,-0.0472098815475329
-90.4719160479968,1.73149161367593,-0.0472087336896379
-90.4553685296532,1.73149161377637,-0.047207580190811
-90.4388244096543,1.73149161387591,-0.0472064162235442
-90.422283530164,1.73149161397467,-0.0472052368135046
-90.4057456701676,1.73149161407267,-0.0472040367279892
-90.3892105522386,1.7314916141699,-0.0472028103333931
-90.3726778575105,1.73149161426627,-0.0472015514719185
-90.3561472466581,1.73149161436177,-0.0472002534247146
-90.3396183825176,1.7314916144566,-0.0471989089640989
-90.3230909497,1.73149161455119,-0.0471975102147184
-90.3065646675847,1.73149161464593,-0.0471960487076656
-90.290039295277,1.73149161474078,-0.0471945155063725
-90.2735146288519,1.73149161483531,-0.0471929013579351
-90.2569904920201,1.73149161492905,-0.0471911968797734
-90.2404667230754,1.73149161502169,-0.0471893928260626
-90.2239431625971,1.73149161511304,-0.0471874802260442
-90.2074196446241,1.73149161520301,-0.0471854505639679
-90.1908959897158,1.73149161529153,-0.0471832958418277
-90.1743719986128,1.73149161537924,-0.0471810086248092
-90.1578474489299,1.73149161546787,-0.0471785821047761
-90.1413220977155,1.73149161555784,-0.047176009472299
-90.1247956902785,1.7314916156484,-0.0471732841139945
-90.1082679741472,1.7314916157382,-0.0471703997184354
-90.0917387151577,1.73149161582613,-0.0471673502506447
-90.0752077124137,1.73149161591172,-0.0471641299471973
-90.0586748094977,1.7314916159946,-0.0471607333712215
-90.042139900366,1.73149161607348,-0.0471571555314203
-90.0256029291552,1.73149161614739,-0.0471533919591825
-90.0090638840419,1.73149161621674,-0.0471494387937882
-89.9925227859204,1.73149161628213,-0.0471452928055321
-89.9759796733667,1.73149161634389,-0.0471409515786023
-89.9594345866219,1.7314916164021,-0.0471364136227106
-89.9428875543411,1.73149161645672,-0.0471316783953358
-89.9263385868699,1.73149161650753,-0.0471267462555938
-89.9097876772304,1.73149161655426,-0.0471216183591242
-89.8932348084948,1.7314916165966,-0.0471162965368204
-89.8766799654276,1.73149161663434,-0.0471107831870062
-89.8601231484095,1.73149161666735,-0.0471050812548433
-89.8435643879141,1.73149161669557,-0.0470991942968632
-89.8270037579843,1.73149161671894,-0.0470931259994973
-89.8104413865817,1.73149161673736,-0.0470868803338418
-89.7938774613653,1.73149161675001,-0.0470804617206718
-89.7773122292064,1.73149161675374,-0.047073875163446
-89.7607459884703,1.73149161674612,-0.0470671263133154
-89.7441790746307,1.73149161672767,-0.0470602214925255
-89.7276118412436,1.73149161670452,-0.0470531676464155
-89.7110446395688,1.7314916166823,-0.0470459725542629
-89.6944778004833,1.73149161666345,-0.0470386449377119
-89.6779116212036,1.73149161664615,-0.0470311945454258
-89.6613463582004,1.73149161662755,-0.0470236316759417
-89.6447822256023,1.7314916166054,-0.0470159668294237
-89.6282193964851,1.73149161657844,-0.0470082105014514
-89.6116580044074,1.73149161654635,-0.0470003730072766
-89.5950981487482,1.73149161650939,-0.0469924643350566
-89.5785399056732,1.73149161646948,-0.0469844940053654
-89.5619833416674,1.7314916164329,-0.046976470880768
-89.5454285246598,1.73149161640363,-0.0469684032466485
-89.5288755292426,1.73149161638156,-0.0469602989137898
-89.5123244348652,1.73149161636093,-0.0469521653264422
-89.4957753181922,1.731491616336,-0.0469440094267938
-89.4792282420142,1.73149161630362,-0.0469358376178556
-89.46268324338,1.73149161626374,-0.0469276557713038
-89.446140323576,1.73149161621717,-0.0469194691877734
-89.429599441716,1.7314916161643,-0.0469112825997051
-89.4130605130227,1.73149161610551,-0.046903100099601
-89.3965234120335,1.73149161604122,-0.0468949251226851
-89.3799879804005,1.73149161597176,-0.0468867603548985
-89.3634540380127,1.73149161589713,-0.0468786077198519
-89.3469213955676,1.73149161581703,-0.0468704683350403
-89.3303898667339,1.73149161573119,-0.0468623424841661
-89.3138592777197,1.73149161563968,-0.0468542297552668
-89.2973294728909,1.73149161554301,-0.0468461291298124
-89.2808003155763,1.73149161544183,-0.046838039025739
-89.2642716842173,1.73149161533677,-0.0468299574192868
-89.2477434656127,1.73149161522855,-0.0468218821005125
-89.2312155497628,1.73149161511805,-0.0468138106967542
-89.2146878271522,1.7314916150043,-0.0468057405071969
-89.1981601847654,1.73149161488626,-0.0467976686604008
-89.1816325004943,1.73149161476357,-0.0467895922518784
-89.1651046381406,1.73149161463689,-0.0467815083996752
-89.1485764458708,1.73149161450703,-0.0467734140357514
-89.1320477594122,1.73149161437464,-0.046765306134766
-89.1155184097404,1.73149161423957,-0.0467571818020146
-89.0989882332641,1.73149161409961,-0.0467490382617498
-89.0824570821047,1.73149161395349,-0.0467408727586184
-89.0659248322904,1.73149161380237,-0.0467326825952262
-89.0493913885425,1.73149161364564,-0.0467244651289989
-89.0328566850415,1.73149161348231,-0.0467162177739103
-89.0163206821473,1.73149161331418,-0.0467079381278787
-88.9997833598584,1.73149161314411,-0.0466996240106452
-88.9832447090157,1.73149161297436,-0.0466912735331766
-88.9667047217681,1.73149161280629,-0.0466828851083563
-88.9501633829173,1.73149161264054,-0.0466744576251629
-88.9336206637671,1.731491612477,-0.0466659904068373
-88.9170765194244,1.73149161231509,-0.0466574833261594
-88.9005308899778,1.73149161215443,-0.0466489368470101
-88.8839837055194,1.73149161199467,-0.0466403520479941
-88.8674348953978,1.73149161183541,-0.0466317301565372
-88.8508843999624,1.73149161167639,-0.0466230723925885
-88.8343321823305,1.73149161151735,-0.046614379940368
-88.8177782380092,1.73149161135661,-0.046605653874309
-88.8012226009833,1.73149161119288,-0.0465968954717985
-88.7846653457599,1.7314916110252,-0.0465881063738571
-88.7681065852772,1.73149161085247,-0.0465792886360728
-88.7515464649373,1.73149161067534,-0.0465704446456816
-88.7349851536297,1.73149161049544,-0.0465615773611779
-88.7184228333015,1.7314916103152,-0.0465526904553364
-88.7018596887514,1.73149161013849,-0.0465437884260877
-88.6852958993149,1.73149160996818,-0.0465348762539874
-88.668731633362,1.73149160980541,-0.0465259591478099
-88.6521670460772,1.73149160965017,-0.0465170426396484
-88.6356022804909,1.73149160950166,-0.0465081327136144
-88.6190374710611,1.73149160935854,-0.0464992359131798
-88.6024727489523,1.7314916092204,-0.0464903584283017
-88.5859082468214,1.73149160908766,-0.0464815063136008
-88.5693441017769,1.73149160896245,-0.0464726855845213
-88.5527804525982,1.73149160884657,-0.0464639022888138
-88.5362174310779,1.73149160874035,-0.0464551625756598
-88.5196551543567,1.73149160864153,-0.0464464728315429
-88.5030937204608,1.73149160854784,-0.046437839300832
-88.4865332059052,1.73149160845839,-0.046429267913802
-88.4699736636062,1.73149160837362,-0.0464207642656214
-88.4534151203874,1.73149160829427,-0.0464123335464356
-88.436857574447,1.73149160822034,-0.0464039805363763
-88.4203009940283,1.73149160815065,-0.0463957096342357
-88.403745318431,1.73149160808352,-0.0463875248018933
-88.3871904619411,1.73149160801899,-0.046379429157015
-88.370636319923,1.73149160795955,-0.0463714251286082
-88.3540827765591,1.73149160790675,-0.0463635146321886
-88.3375297128092,1.73149160785796,-0.0463556990986313
-88.3209770131063,1.73149160780639,-0.046347979627189
-88.3044245698232,1.73149160774771,-0.0463403568940348
-88.2878722850469,1.73149160768464,-0.0463328311892307
-88.27132007207,1.73149160762334,-0.0463254019310361
-88.2547678580116,1.73149160756875,-0.0463180680610204
-88.2382155843994,1.73149160752312,-0.0463108283615123
-88.2216632030358,1.73149160748575,-0.0463036816772222
-88.2051106683576,1.73149160745473,-0.0462966267281076
-88.1885579291855,1.73149160742695,-0.0462896620864003
-88.1720049229223,1.73149160739648,-0.0462827861011457
-88.1554515737164,1.73149160736125,-0.0462759970307559
-88.1388977945971,1.73149160732271,-0.046269293206967
-88.1223434925127,1.73149160728498,-0.0462626730693415
-88.1057885747091,1.73149160725125,-0.0462561350287501
-88.0892329550383,1.731491607223,-0.0462496774101245
-88.0726765591051,1.73149160720065,-0.0462432984551985
-88.0561193275006,1.73149160718419,-0.0462369964016296
-88.039561216734,1.7314916071734,-0.0462307695879998
-88.0230021978196,1.73149160716785,-0.0462246166289431
-88.0064422528888,1.73149160716704,-0.0462185359107745
-87.9898813700729,1.73149160717036,-0.0462125258040787
-87.9733195377727,1.73149160717742,-0.0462065847279015
-87.9567567392377,1.73149160718812,-0.0462007113577942
-87.9401929484329,1.73149160720258,-0.0461949048192301
-87.9236281278921,1.73149160722074,-0.0461891649289457
-87.9070622290449,1.73149160724119,-0.046183491617503
-87.890495194694,1.73149160726192,-0.0461778847301686
-87.8739269635876,1.73149160728403,-0.0461723439256076
-87.8573574772152,1.7314916073098,-0.0461668688184021
-87.8407866878055,1.73149160734059,-0.0461614590980735
-87.8242145656074,1.73149160737589,-0.0461561145939712
-87.8076411041086,1.73149160741532,-0.0461508349410785
-87.7910663223184,1.73149160745798,-0.0461456198091602
-87.7744902643236,1.73149160750116,-0.0461404689437426
-87.7579129963752,1.73149160754262,-0.0461353824581061
-87.7413346023016,1.73149160758201,-0.0461303609246495
-87.7247551779839,1.73149160762181,-0.0461254053930424
-87.7081748257206,1.7314916076646,-0.0461205172825339
-87.6915936492501,1.73149160771163,-0.0461156984297086
-87.6750117501824,1.73149160776172,-0.0461109512746859
-87.6584292264837,1.73149160781184,-0.0461062782751639
-87.6418461726429,1.73149160786019,-0.0461016818829595
-87.6252626814541,1.73149160790683,-0.0460971646554671
-87.6086788468985,1.73149160795444,-0.0460927292590801
-87.5920947673594,1.73149160800559,-0.0460883781990181
-87.5755105480746,1.7314916080617,-0.0460841140968841
-87.5589263024078,1.73149160812329,-0.0460799398680923
-87.5423421513303,1.73149160819109,-0.0460758588622934
-87.5257582199329,1.7314916082666,-0.0460718743917743
-87.5091746274258,1.73149160835051,-0.0460679896576162
-87.4925914743399,1.73149160844201,-0.0460642077807935
-87.4760088334105,1.73149160853781,-0.0460605318616346
-87.4594267463648,1.73149160863378,-0.0460569648623148
-87.4428452251267,1.73149160872336,-0.0460535094243457
-87.4262642550084,1.73149160880322,-0.0460501679080709
-87.4096837985352,1.73149160887743,-0.0460469423036523
-87.3931037992282,1.7314916089532,-0.046043834362189
-87.3765241856936,1.73149160903532,-0.0460408455179459
-87.3599448760823,1.73149160912374,-0.0460379768405443
-87.3433657827962,1.73149160921644,-0.0460352289092861
-87.326786816868,1.73149160931122,-0.0460326017810523
-87.3102078913637,1.73149160940582,-0.0460300950016167
-87.2936289232819,1.73149160949684,-0.046027707614157
-87.2770498347484,1.73149160958146,-0.046025438325924
-87.2604705567394,1.73149160965746,-0.0460232857024953
-87.243891033253,1.7314916097273,-0.0460212481845285
-87.2273112216692,1.73149160979539,-0.04601932369807
-87.2107310884145,1.73149160986503,-0.0460175099960526
-87.1941506025259,1.73149160993761,-0.0460158048510215
-87.177569729937,1.73149161001296,-0.0460142060949624
-87.1609884303172,1.73149161009022,-0.0460127116143457
-87.1444066569327,1.7314916101685,-0.0460113193709528
-87.1278243589049,1.73149161024718,-0.0460100274670024
-87.1112414848092,1.73149161032585,-0.0460088339605875
-87.0946579864666,1.73149161040432,-0.046007736769675
-87.0780738221471,1.7314916104825,-0.0460067335989078
-87.0614889586384,1.7314916105604,-0.0460058221407506
-87.044903372009,1.7314916106378,-0.0460050001851714
-87.0283170469571,1.73149161071382,-0.0460042656820225
-87.0117299748537,1.73149161078871,-0.0460036167355899
-86.995142150766,1.73149161086305,-0.0460030515738317
-86.9785535699242,1.73149161093725,-0.0460025685923676
-86.961964224258,1.73149161101149,-0.046002166283928
-86.9453740995487,1.73149161108573,-0.0460018431751216
-86.9287831736967,1.73149161115982,-0.0460015977455621
-86.9121914163638,1.73149161123321,-0.0460014285806833
-86.8955987904019,1.73149161130514,-0.0460013344003342
-86.8790052556723,1.73149161137546,-0.0460013140574407
-86.8624107744171,1.73149161144482,-0.0460013666326341
-86.8458153165976,1.73149161151399,-0.0460014912922757
-86.8292188641185,1.73149161158323,-0.0460016869197764
-86.8126214134213,1.73149161165223,-0.0460019523658046
-86.7960229766523,1.73149161172054,-0.0460022865798977
-86.7794235815095,1.73149161178786,-0.0460026886130041
-86.7628232698577,1.73149161185402,-0.0460031576960206
-86.7462220953264,1.73149161191896,-0.0460036932806699
-86.729620120188,1.73149161198263,-0.046004295051847
-86.713017411942,1.73149161204498,-0.0460049629624042
-86.6964140401362,1.73149161210651,-0.0460056972646057
-86.6798100739703,1.73149161216816,-0.0460064982329297
-86.6632055808317,1.7314916122306,-0.0460073662658661
-86.6466006260473,1.73149161229362,-0.0460083019544899
-86.6299952737262,1.73149161235629,-0.0460093060708182
-86.6133895883559,1.73149161241763,-0.0460103795197639
-86.5967836367027,1.73149161247707,-0.0460115232951661
-86.580177489518,1.73149161253447,-0.046012738446797
-86.5635712225664,1.73149161258983,-0.0460140261158548
-86.5469649166356,1.73149161264343,-0.0460153876620852
-86.5303586563512,1.7314916126947,-0.0460168244056604
-86.5137525254555,1.73149161274284,-0.0460183375304635
-86.4971465965945,1.73149161278717,-0.046019928131915
-86.4805409210778,1.73149161282714,-0.0460215972671775
-86.463935523592,1.73149161286234,-0.0460233459345419
-86.4473304023145,1.73149161289263,-0.0460251749126557
-86.4307255323088,1.73149161291797,-0.0460270847002857
-86.4141208698314,1.73149161293832,-0.0460290756547543
-86.3975163563264,1.73149161295362,-0.0460311480300928
-86.3809119217946,1.73149161296379,-0.0460333020062979
-86.3643074878938,1.73149161296883,-0.046035537430891
-86.3477029709376,1.73149161296869,-0.0460378535248991
-86.3310982846431,1.73149161296317,-0.0460402490697375
-86.3144933428509,1.73149161295201,-0.0460427225735573
-86.297888064089,1.73149161293509,-0.0460452724177299
-86.2812823790672,1.73149161291246,-0.0460478967064816
-86.2646762363477,1.73149161288418,-0.046050593172345
-86.2480696028074,1.7314916128503,-0.0460533593979463
-86.2314624595088,1.73149161281064,-0.0460561930027945
-86.214854795511,1.73149161276498,-0.0460590917913624
-86.1982466022446,1.73149161271337,-0.046062053402762
-86.1816378696527,1.73149161265582,-0.0460650754877453
-86.1650285845966,1.73149161259231,-0.0460681558721904
-86.1484187310442,1.73149161252304,-0.0460712926917192
-86.1318082913962,1.73149161244829,-0.0460744841595491
-86.1151972482474,1.7314916123683,-0.0460777284864228
-86.0985855862586,1.73149161228378,-0.0460810237806022
-86.0819732937896,1.73149161219727,-0.0460843678568947
-86.0653603640286,1.73149161211078,-0.0460877585845417
-86.0487467955768,1.73149161202486,-0.0460911941187842
-86.0321325925217,1.73149161193837,-0.0460946731038376
-86.0155177647811,1.73149161184964,-0.0460981943449361
-85.9989023281795,1.73149161175621,-0.046101756608994
-85.9822863035408,1.73149161165634,-0.0461053586284175
-85.9656697147932,1.73149161154936,-0.046108999104721
-85.9490525865971,1.73149161143518,-0.0461126768209258
-85.9324349422442,1.73149161131395,-0.0461163906933078
-85.9158168024189,1.73149161118591,-0.0461201397791906
-85.8991981850074,1.73149161105135,-0.0461239232803828
-85.8825791058392,1.73149161091026,-0.0461277405687783
-85.8659595801169,1.73149161076188,-0.0461315912856752
-85.8493396242484,1.73149161060679,-0.0461354750277525
-85.8327192575603,1.73149161044613,-0.0461393911527088
-85.8160985034956,1.73149161028088,-0.0461433390182225
-85.7994773902454,1.73149161011142,-0.0461473180953926
-85.782855950615,1.73149160993693,-0.046151328047044
-85.7662342211512,1.73149160975667,-0.0461553686328008
-85.7496122405352,1.73149160957062,-0.0461594396934532
-85.7329900473635,1.7314916093797,-0.0461635410278371
-85.7163676752919,1.73149160918504,-0.0461676724208123
-85.6997451433955,1.73149160898793,-0.046171833620631
-85.6831224471314,1.73149160879003,-0.0461760242448047
-85.6664995548773,1.73149160859259,-0.0461802439051235
-85.6498764104443,1.73149160839543,-0.0461844922605154
-85.6332529391989,1.73149160819585,-0.0461887690009235
-85.6166290568996,1.73149160799199,-0.0461930736780592
-85.6000046812629,1.73149160778524,-0.0461974056531514
-85.5833797417735,1.73149160757772,-0.0462017639962136
-85.5667541841645,1.73149160737091,-0.0462061474823506
-85.5501279699188,1.73149160716488,-0.0462105546419344
-85.5335010732006,1.73149160695722,-0.0462149837748598
-85.5168734780595,1.73149160674649,-0.0462194330761221
-85.5002451775333,1.73149160653452,-0.0462239007100015
-85.4836161736584,1.73149160632278,-0.0462283849387158
-85.4669864772317,1.73149160610945,-0.0462328841436268
-85.4503561068408,1.73149160589199,-0.0462373969112643
-85.4337250874348,1.73149160566971,-0.0462419220955098
-85.4170934490074,1.73149160544547,-0.0462464589059342
-85.4004612258996,1.73149160522252,-0.0462510066265474
-85.3838284567811,1.73149160500285,-0.0462555645457206
-85.3671951852272,1.73149160478651,-0.0462601319886143
-85.3505614606177,1.73149160457068,-0.0462647083118018
-85.3339273389391,1.73149160435323,-0.0462692929790708
-85.3172928832572,1.73149160413469,-0.0462738855474043
-85.300658163585,1.73149160391572,-0.0462784857183462
-85.284023256108,1.73149160369685,-0.0462830932670645
-85.2673882416115,1.731491603479,-0.0462877081845365
-85.2507532033459,1.73149160326319,-0.0462923307853741
-85.2341182244585,1.73149160304997,-0.0462969618461549
-85.2174833852311,1.73149160283945,-0.0463016022221179
-85.2008487579656,1.73149160263148,-0.0463062526484038
-85.1842143975652,1.7314916024259,-0.0463109136342235
-85.1675803331163,1.73149160222272,-0.0463155856586369
-85.1509465653861,1.73149160202204,-0.0463202692070659
-85.1343130699188,1.73149160182408,-0.046324964696463
-85.1176798031589,1.73149160162955,-0.0463296723847709
-85.101046708654,1.73149160144098,-0.0463343922589291
-85.084413721656,1.73149160126038,-0.0463391240739671
-85.0677807721073,1.73149160108791,-0.0463438674373413
-85.0511477889893,1.73149160092088,-0.0463486219324353
-85.0345147077837,1.7314916007563,-0.0463533868507696
-85.017881476592,1.73149160059278,-0.0463581610732958
-85.0012480577376,1.73149160043214,-0.0463629428630259
-84.9846144250494,1.73149160027664,-0.0463677302738589
-84.9679805592806,1.73149160012733,-0.0463725214520731
-84.9513464438657,1.73149159998295,-0.0463773147967851
-84.9347120621652,1.73149159984091,-0.0463821085488582
-84.9180773962372,1.73149159969912,-0.0463869008960064
-84.9014424268466,1.73149159955606,-0.0463916900495873
-84.8848071340815,1.73149159941014,-0.0463964742697484
-84.868171498253,1.73149159926153,-0.0464012518221792
-84.8515355008037,1.73149159911134,-0.0464060210151446
-84.834899125144,1.73149159896087,-0.0464107802521917
-84.8182623573244,1.73149159881082,-0.0464155281333424
-84.8016251865718,1.7314915986606,-0.046420263246582
-84.784987605305,1.73149159850927,-0.0464249841344785
-84.768349608733,1.73149159835635,-0.0464296893475131
-84.7517111940908,1.73149159820249,-0.0464343774928746
-84.7350723596321,1.73149159804875,-0.0464390471184399
-84.7184331034254,1.731491597896,-0.0464436968349997
-84.7017934221787,1.7314915977447,-0.0464483253622329
-84.6851533103836,1.73149159759502,-0.0464529315496243
-84.6685127599693,1.73149159744705,-0.0464575143947274
-84.6518717611415,1.73149159730165,-0.0464620730310413
-84.6352303045157,1.73149159716167,-0.0464666067113774
-84.6185883834935,1.73149159702887,-0.0464711146797485
-84.6019459960259,1.7314915969015,-0.0464755961001715
-84.5853031456052,1.73149159677652,-0.0464800501455937
-84.5686598417103,1.73149159665113,-0.0464844760438357
-84.5520160999736,1.73149159652403,-0.0464888730971929
-84.5353719421075,1.73149159639573,-0.046493240703755
-84.5187273955904,1.73149159626707,-0.0464975783601063
-84.5020824929909,1.73149159613663,-0.0465018856206263
-84.4854372709098,1.73149159600275,-0.0465061621725427
-84.4687917686628,1.73149159586515,-0.0465104078685927
-84.4521460268817,1.73149159572624,-0.046514622758296
-84.4355000862469,1.73149159558836,-0.0465188070413496
-84.4188539864653,1.73149159545258,-0.0465229611094863
-84.4022077657245,1.73149159531881,-0.0465270851719258
-84.3855614603968,1.73149159518646,-0.0465311794308584
-84.3689151034115,1.73149159505498,-0.0465352441922934
-84.3522687144691,1.73149159492395,-0.0465392799221006
-84.3356222948709,1.73149159479545,-0.0465432869529127
-84.318975828613,1.73149159466955,-0.0465472654742902
-84.3023292847503,1.73149159454547,-0.0465512156305083
-84.285682620339,1.73149159442273,-0.0465551375480801
-84.2690357849349,1.73149159430157,-0.046559031370372
-84.2523887283663,1.73149159418171,-0.0465628970571273
-84.2357414084157,1.73149159406284,-0.0465667343572391
-84.2190937941746,1.7314915939448,-0.046570542799063
-84.2024458648617,1.73149159382753,-0.0465743216773071
-84.1857976061823,1.73149159371106,-0.0465780701982053
-84.1691490066963,1.73149159359534,-0.0465817875682342
-84.1525000556322,1.73149159348084,-0.0465854730495947
-84.1358507423728,1.73149159336945,-0.0465891259956058
-84.1192010570944,1.73149159326075,-0.0465927457213168
-84.1025509917795,1.73149159315354,-0.046596331549988
-84.0859005411266,1.73149159304658,-0.0465998828820796
-84.0692497035776,1.73149159293834,-0.0466033992947177
-84.0525984832356,1.73149159282884,-0.0466068802851671
-84.0359468914654,1.73149159271873,-0.0466103251743696
-84.0192949471626,1.73149159260863,-0.0466137333196071
-84.0026426758427,1.73149159249897,-0.0466171042215822
-83.9859901080787,1.73149159238993,-0.0466204375527696
-83.9693372777902,1.73149159228147,-0.0466237331184724
-83.9526842206324,1.73149159217346,-0.0466269908161675
-83.9360309727568,1.73149159206624,-0.0466302106550798
-83.9193775699214,1.73149159196203,-0.0466333928034293
-83.902724046904,1.73149159186205,-0.0466365374837404
-83.886070436991,1.73149159176446,-0.0466396448902957
-83.8694167691803,1.731491591667,-0.0466427152593108
-83.8527630604917,1.73149159156837,-0.0466457489298742
-83.8361093085409,1.73149159146874,-0.0466487464005516
-83.8194554903959,1.73149159136772,-0.0466517079670926
-83.8028015705754,1.73149159126494,-0.0466546338041448
-83.7861475132541,1.73149159116025,-0.0466575240598967
-83.7694932908968,1.73149159105365,-0.0466603789049315
-83.7528388865179,1.73149159094524,-0.0466631982631341
-83.7361842909882,1.73149159083507,-0.0466659819128144
-83.7195294986807,1.73149159072319,-0.0466687295653375
-83.7028745039266,1.73149159060961,-0.046671440901539
-83.6862192992477,1.73149159049436,-0.0466741156151688
-83.6695638751693,1.73149159037747,-0.0466767534288345
-83.6529082207721,1.73149159025885,-0.0466793540717833
-83.6362523243902,1.7314915901384,-0.0466819172618235
-83.6195961742069,1.73149159001601,-0.0466844427007176
-83.6029397587339,1.73149158989162,-0.0466869300771845
-83.5862830672589,1.73149158976518,-0.0466893790630549
-83.5696260902588,1.73149158963668,-0.0466917893009611
-83.5529688197305,1.73149158950661,-0.0466941604501642
-83.5363112494129,1.73149158937681,-0.0466964922695586
-83.5196533748389,1.73149158924673,-0.0466987843924273
-83.5029951930944,1.73149158911513,-0.046701036444238
-83.4863367028241,1.731491588981,-0.0467032481010665
-83.4696779052491,1.73149158884378,-0.0467054191161238
-83.4530188052404,1.7314915887033,-0.0467075492139675
-83.436359411445,1.73149158855963,-0.0467096381691067
-83.4196997356836,1.73149158841296,-0.0467116858421235
-83.4030397920896,1.7314915882635,-0.0467136921533296
-83.3863795964644,1.73149158811139,-0.0467156570669178
-83.3697191661243,1.73149158795671,-0.0467175806025238
-83.3530585201613,1.73149158779948,-0.046719462860879
-83.3363976799264,1.73149158763969,-0.0467213040101253
-83.3197366693506,1.73149158747705,-0.0467231042661942
-83.3030755150778,1.73149158731063,-0.0467248639136622
-83.286414246347,1.73149158714068,-0.0467265832684696
-83.2697528944554,1.73149158696782,-0.046728262712213
-83.2530914894745,1.73149158679263,-0.0467299026835929
-83.2364300516885,1.731491586616,-0.046731503640015
-83.2197685829649,1.73149158643887,-0.0467330660246929
-83.2031070637986,1.73149158626155,-0.0467345902612574
-83.1864454589643,1.73149158608374,-0.0467360767578466
-83.1697837291661,1.73149158590486,-0.0467375259008994
-83.1531218407719,1.73149158572455,-0.0467389380140391
-83.1364597697368,1.73149158554258,-0.046740313301472
-83.1197975004764,1.73149158535871,-0.0467416518222337
-83.1031350226223,1.73149158517274,-0.046742953511119
-83.0864723282673,1.73149158498475,-0.0467442182376469
-83.0698094107959,1.73149158479554,-0.0467454459088534
-83.0531462651018,1.73149158460472,-0.0467466364859736
-83.0364828883206,1.73149158441157,-0.0467477897641107
-83.0198192802683,1.73149158421551,-0.0467489055105355
-83.0031554433727,1.73149158401617,-0.046749983558635
-82.9864913821678,1.73149158381339,-0.04675102382262
-82.9698271024875,1.73149158360718,-0.0467520262586282
-82.9531626105774,1.73149158339757,-0.046752990841477
-82.9364979124159,1.73149158318464,-0.0467539175773734
-82.9198330132849,1.73149158296832,-0.0467548065224375
-82.903167917596,1.73149158274842,-0.0467556578018164
-82.8865026288963,1.73149158252479,-0.046756471620288
-82.8698371500634,1.73149158229746,-0.0467572481201016
-82.8531714835782,1.73149158206648,-0.0467579874275947
-82.8365056318925,1.73149158183203,-0.0467586896922026
-82.8198395978334,1.73149158159428,-0.0467593550765135
-82.8031733848509,1.73149158135342,-0.0467599837442584
-82.7865069971714,1.73149158110956,-0.046760575874104
-82.7698404397942,1.7314915808626,-0.0467611316737757
-82.7531737183128,1.73149158061219,-0.0467616514182157
-82.736506838565,1.73149158035829,-0.0467621354997889
-82.7198398062503,1.73149158010126,-0.0467625841660898
-82.7031726264205,1.73149157984157,-0.0467629976177317
-82.6865053030597,1.7314915795796,-0.0467633760733421
-82.6698378388079,1.73149157931532,-0.0467637197754807
-82.6531702348382,1.73149157904846,-0.0467640289873618
-82.6365024909352,1.73149157877952,-0.0467643039649172
-82.6198346057234,1.73149157851127,-0.0467645448987879
-82.6031665770118,1.73149157824587,-0.0467647519838697
-82.5864984021936,1.7314915779834,-0.0467649254955735
-82.569830078659,1.73149157772103,-0.0467650658902564
-82.5531616042066,1.73149157745621,-0.0467651734783969
-82.5364929772782,1.73149157718785,-0.0467652485025397
-82.5198241970192,1.73149157691593,-0.0467652911791261
-82.5031552631424,1.73149157664103,-0.0467653017186348
-82.4864861756869,1.73149157636373,-0.0467652803832534
-82.4698169347124,1.73149157608436,-0.0467652274391027
-82.4531475399759,1.7314915758034,-0.046765143147337
-82.4364779906494,1.73149157552155,-0.0467650275979782
-82.419808285075,1.73149157523946,-0.0467648808464207
-82.4031384206501,1.73149157495757,-0.0467647029808376
-82.3864683939023,1.73149157467612,-0.0467644941398393
-82.3697982007158,1.73149157439528,-0.046764254529995
-82.3531278367438,1.73149157411516,-0.0467639844094651
-82.3364572977967,1.73149157383594,-0.0467636840266794
-82.3197865801619,1.73149157355783,-0.0467633535891555
-82.3031156809098,1.73149157328101,-0.0467629932762162
-82.286444598123,1.73149157300568,-0.0467626032693229
-82.2697733310298,1.73149157273198,-0.0467621837549098
-82.253101879908,1.73149157246008,-0.0467617349122082
-82.236430245877,1.73149157219086,-0.0467612569336844
-82.2197584307233,1.73149157192675,-0.0467607500621632
-82.2030864374208,1.73149157166773,-0.046760214479937
-82.1864142713042,1.73149157141318,-0.0467596503701284
-82.169741940994,1.73149157116417,-0.0467590579088665
-82.1530694584722,1.7314915709217,-0.0467584373310903
-82.1363968385803,1.73149157068573,-0.0467577889387285
-82.1197240982699,1.7314915704535,-0.046757113146202
-82.1030512552979,1.73149157022071,-0.0467564104574087
-82.0863783234323,1.73149156998551,-0.0467556813693354
-82.0697053059112,1.73149156974832,-0.0467549263811448
-82.0530321960657,1.73149156950943,-0.0467541459087975
-82.0363589833201,1.73149156927019,-0.0467533402971988
-82.0196856593226,1.73149156903198,-0.046752509893758
-82.0030122210951,1.73149156879507,-0.046751655075791
-81.9863386708769,1.73149156855767,-0.0467507762583732
-81.9696650141891,1.73149156831986,-0.0467498737638008
-81.9529912576737,1.73149156808229,-0.0467489478900751
-81.936317407744,1.73149156784532,-0.0467479989863952
-81.9196434701047,1.73149156760952,-0.0467470275249023
-81.9029694499229,1.73149156737708,-0.0467460338942901
-81.886295352155,1.73149156714965,-0.0467450184311123
-81.8696211818563,1.73149156692717,-0.0467439814679323
-81.852946944338,1.73149156670733,-0.0467429233699231
-81.8362726453173,1.73149156649019,-0.0467418444458005
-81.8195982910293,1.73149156627716,-0.0467407450209541
-81.8029238883697,1.73149156606535,-0.046739625296915
-81.7862494449343,1.73149156585144,-0.046738485485987
-81.7695749690026,1.73149156563372,-0.0467373259093663
-81.7529004694528,1.73149156541193,-0.0467361470825844
-81.7362259555936,1.7314915651862,-0.0467349495130838
-81.7195514368358,1.73149156495521,-0.0467337336183625
-81.7028769223328,1.73149156471625,-0.046732499794551
-81.6862024206913,1.73149156446861,-0.0467312483045794
-81.6695279397,1.73149156421294,-0.0467299793919493
-81.6528534861836,1.73149156395091,-0.0467286933546096
-81.6361790659922,1.7314915636864,-0.0467273905306744
-81.6195046841026,1.73149156342417,-0.0467260710628286
-81.6028303447346,1.73149156316706,-0.0467247351029795
-81.5861560515814,1.73149156291533,-0.0467233829132545
-81.5694818080816,1.73149156266615,-0.0467220148955171
-81.5528076176527,1.73149156241646,-0.0467206315227622
-81.5361334839073,1.73149156216477,-0.0467192332992813
-81.519459410669,1.73149156191261,-0.046717820421822
-81.5027854018298,1.73149156166193,-0.0467163929855494
-81.4861114612091,1.7314915614137,-0.0467149511319805
-81.4694375924059,1.73149156116622,-0.0467134951149819
-81.4527637985905,1.73149156091791,-0.0467120251871031
-81.4360900822854,1.73149156066981,-0.0467105415105444
-81.4194164451691,1.73149156042338,-0.0467090442391403
-81.4027428880262,1.73149156017898,-0.0467075335625854
-81.386069410746,1.7314915599344,-0.0467060097379357
-81.3693960124474,1.7314915596874,-0.0467044730363576
-81.3527226916817,1.73149155943671,-0.0467029237618171
-81.3360494467089,1.73149155918199,-0.0467013620009666
-81.3193762757249,1.73149155892351,-0.0466997877506286
-81.3027031770933,1.73149155866183,-0.0466982010410321
-81.286030149523,1.73149155839756,-0.0466966020518465
-81.2693571922106,1.73149155813192,-0.0466949909412391
-81.2526843048776,1.73149155786673,-0.0466933676969184
-81.2360114876332,1.73149155759921,-0.0466917321213389
-81.2193387407581,1.73149155732611,-0.0466900840441763
-81.2026660645267,1.7314915570461,-0.0466884234259325
-81.185993459118,1.73149155676116,-0.0466867503808414
-81.1693209244508,1.73149155647394,-0.0466850650441517
-81.1526484601003,1.73149155618637,-0.04668336750244
-81.1359760653112,1.73149155589942,-0.046681657741877
-81.1193037390739,1.73149155561328,-0.046679935735443
-81.102631480287,1.73149155532771,-0.0466782014982746
-81.0859592879685,1.73149155504231,-0.0466764551362246
-81.0692871614934,1.73149155475677,-0.0466746967601251
-81.0526151007864,1.73149155447115,-0.0466729264572996
-81.0359431064791,1.73149155418566,-0.0466711442888584
-81.0192711799416,1.73149155390034,-0.0466693502924211
-81.0025993232405,1.73149155361518,-0.0466675444998455
-80.9859275390296,1.73149155333028,-0.0466657269672345
-80.9692558304562,1.73149155304593,-0.0466638977840513
-80.9525842009641,1.73149155276254,-0.0466620570883537
-80.9359126540141,1.73149155248102,-0.0466602051235256
-80.9192411929612,1.73149155220099,-0.0466583419380495
-80.9025698209133,1.73149155192174,-0.0466564675442935
-80.8858985407535,1.73149155164276,-0.0466545819964884
-80.8692273551415,1.73149155136378,-0.0466526853827902
-80.8525562666076,1.73149155108473,-0.0466507778226155
-80.8358852777081,1.73149155080515,-0.0466488594416531
-80.8192143911909,1.73149155052205,-0.046646930340715
-80.8025436101144,1.73149155023048,-0.0466449907298707
-80.7858729379615,1.73149154992824,-0.0466430408858075
-80.7692023786628,1.73149154961883,-0.0466410812165973
-80.7525319365875,1.73149154930706,-0.046639112098069
-80.7358616164303,1.73149154899782,-0.046637133808556
-80.7191914230717,1.73149154869415,-0.0466351462634849
-80.7025213612897,1.73149154839707,-0.0466331493425167
-80.6858514355451,1.73149154810685,-0.0466311431053942
-80.669181649879,1.73149154782456,-0.0466291279216345
-80.6525120078908,1.73149154754874,-0.0466271041317267
-80.635842512629,1.73149154727726,-0.0466250719982522
-80.6191731665884,1.7314915470086,-0.0466230317313658
-80.6025039717985,1.73149154674199,-0.0466209835081749
-80.585834929956,1.73149154647785,-0.0466189275087582
-80.5691660425732,1.73149154621883,-0.0466168639738715
-80.5524973111359,1.73149154596717,-0.0466147931295712
-80.5358287371997,1.73149154572326,-0.0466127151808436
-80.5191603224348,1.73149154548403,-0.0466106303099491
-80.5024920686417,1.7314915452444,-0.0466085384673299
-80.4858239776174,1.73149154500075,-0.0466064395968053
-80.4691560510296,1.73149154475228,-0.0466043337488674
-80.452488290285,1.73149154450161,-0.0466022211233878
-80.4358206964311,1.73149154425171,-0.0466001019611856
-80.4191532700358,1.73149154400495,-0.0465979764889568
-80.4024860110819,1.73149154376367,-0.0465958449244252
-80.385818918955,1.73149154352882,-0.0465937073935923
-80.3691519924905,1.73149154329923,-0.0465915638127258
-80.3524852300229,1.73149154307329,-0.0465894141144889
-80.3358186295866,1.73149154284948,-0.046587258326634
-80.3191521890349,1.73149154262651,-0.0465850965868564
-80.3024859061914,1.73149154240566,-0.0465829291271802
-80.2858197790034,1.73149154218833,-0.0465807561468178
-80.2691538056191,1.73149154197403,-0.0465785777411307
-80.2524879843841,1.73149154176201,-0.0465763939436367
-80.2358223137988,1.73149154155208,-0.0465742047209439
-80.2191567924164,1.73149154134431,-0.0465720100538454
-80.202491418733,1.73149154113894,-0.0465698099693961
-80.1858261910965,1.73149154093624,-0.0465676045383106
-80.1691611076304,1.731491540736,-0.0465653938614502
-80.1524961661453,1.73149154053726,-0.0465631780632469
-80.1358313641336,1.7314915403402,-0.0465609572232762
-80.1191666988061,1.73149154014538,-0.0465587314031751
-80.1025021671766,1.73149153995324,-0.0465565007021405
-80.0858377661807,1.73149153976401,-0.0465542653548057
-80.0691734928537,1.73149153957775,-0.0465520255716355
-80.0525093444586,1.73149153939437,-0.0465497814495966
-80.0358453185811,1.73149153921374,-0.0465475329044784
-80.0191814132002,1.73149153903573,-0.0465452798480623
-80.0025176266502,1.73149153886021,-0.0465430222495058
-79.9858539575869,1.73149153868713,-0.0465407601432803
-79.9691904049308,1.73149153851645,-0.0465384936189371
-79.9525269677769,1.73149153834812,-0.0465362228012983
-79.9358636452845,1.73149153818214,-0.0465339478307233
-79.9192004365702,1.73149153801848,-0.0465316688496094
-79.9025373406214,1.7314915378571,-0.0465293860343248
-79.8858743562523,1.73149153769797,-0.0465270996900587
-79.8692114821573,1.73149153754104,-0.0465248100941922
-79.8525487169732,1.73149153738655,-0.0465225174193525
-79.8358860593382,1.73149153723563,-0.0465202216816249
-79.8192235075535,1.73149153708907,-0.0465179228913641
-79.8025610576236,1.73149153694677,-0.0465156211039477
-79.7858986981745,1.73149153680737,-0.0465133163908838
-79.7692364026203,1.73149153666955,-0.0465110088564959
-79.7525741211727,1.73149153653223,-0.0465086986281607
-79.7359117763353,1.73149153639373,-0.0465063858352447
-79.7192492649155,1.731491536255,-0.0465040704330541
-79.70258646733,1.73149153611749,-0.0465017522099019
-79.6859232625423,1.73149153598204,-0.0464994307752844
-79.6692595448928,1.73149153584895,-0.0464971055308529
-79.6525952384567,1.73149153571823,-0.0464947756711625
-79.6359303052804,1.73149153558967,-0.0464924402262741
-79.6192647455237,1.73149153546299,-0.0464900981675393
-79.6025985896626,1.73149153533786,-0.0464877485616274
-79.5859318852814,1.73149153521398,-0.0464853905704588
-79.5692646830587,1.73149153509114,-0.0464830234699665
-79.5525970257701,1.73149153496919,-0.0464806468111725
-79.5359289426496,1.73149153484803,-0.0464782605353519
-79.5192604504332,1.7314915347276,-0.0464758650427285
-79.5025915608932,1.73149153460733,-0.0464734609389134
-79.4859222929354,1.73149153448504,-0.0464710488599516
-79.4692526859185,1.73149153435998,-0.0464686294932302
-79.4525828103569,1.73149153423292,-0.0464662036643526
-79.435912772722,1.73149153410654,-0.0464637723963525
-79.4192427126075,1.73149153398219,-0.0464613368102091
-79.4025727925459,1.73149153386011,-0.0464588982584054
-79.3859031828215,1.73149153374004,-0.046456458442136
-79.3692340449547,1.7314915336215,-0.0464540195077185
-79.3525655155949,1.73149153350401,-0.0464515837888975
-79.3358976913752,1.73149153338728,-0.0464491538552918
-79.3192306217342,1.73149153327085,-0.0464467324904058
-79.3025643138687,1.73149153315299,-0.0464443226225183
-79.285898747431,1.73149153303299,-0.0464419271234141
-79.2692338926605,1.73149153291314,-0.0464395486754289
-79.2525697278346,1.73149153279694,-0.0464371895357364
-79.2359062530083,1.73149153268474,-0.0464348515071064
-79.2192434944509,1.73149153257553,-0.0464325360722907
-79.202581497908,1.73149153246851,-0.0464302445106745
-79.1859203141434,1.73149153236379,-0.0464279780355781
-79.169259982772,1.73149153226123,-0.0464257377364544
-79.1526005197668,1.73149153216046,-0.0464235245701483
-79.1359419121013,1.73149153206395,-0.0464213392721965
-79.1192841202527,1.73149153197368,-0.0464191824601517
-79.1026270872258,1.73149153188989,-0.0464170546413315
-79.0859707509527,1.73149153181048,-0.0464149561496206
-79.0693150564938,1.7314915317317,-0.0464128869827927
-79.0526599646175,1.73149153165282,-0.0464108467977462
-79.036005454633,1.73149153157453,-0.0464088350276469
-79.0193515209217,1.73149153149767,-0.0464068509783664
-79.0026981643891,1.73149153142252,-0.046404893972752
-78.9860453814316,1.73149153134811,-0.0464029632499081
-78.9693931533612,1.73149153127109,-0.0464010579718067
-78.9527414392672,1.73149153118878,-0.0463991771851043
-78.9360901742569,1.73149153109929,-0.0463973198058611
-78.9194392738022,1.73149153100057,-0.0463954846035526
-78.9027886430524,1.73149153089227,-0.0463936702389984
-78.8861381886692,1.73149153077706,-0.0463918752112563
-78.8694878298294,1.73149153065764,-0.0463900978936714
-78.8528375055687,1.73149153053534,-0.0463883365489884
-78.8361871767544,1.73149153041013,-0.0463865893479168
-78.8195368223807,1.73149153028091,-0.04638485441632
-78.8028864314567,1.73149153014498,-0.0463831299282539
-78.7862359929919,1.7314915300012,-0.0463814140760718
-78.7695854868854,1.73149152985006,-0.0463797051354405
-78.7529348783388,1.73149152969398,-0.0463780014711727
-78.7362841172669,1.73149152953552,-0.0463763015705386
-78.7196331430515,1.73149152937641,-0.0463746040140057
-78.7029818932726,1.73149152921725,-0.0463729073593758
-78.6863303139362,1.73149152905782,-0.0463712102723837
-78.6696783684486,1.73149152889788,-0.046369511562465
-78.6530260428208,1.73149152873755,-0.0463678102351984
-78.6363733458987,1.73149152857688,-0.0463661053758031
-78.6197203045533,1.73149152841493,-0.0463643962201272
-78.6030669552831,1.7314915282507,-0.046362682096145
-78.5864133344241,1.73149152808382,-0.0463609624484899
-78.5697594697053,1.73149152791501,-0.0463592369002553
-78.5531053754095,1.73149152774357,-0.0463575052092494
-78.5364510523419,1.73149152756933,-0.0463557673321532
-78.5197964924924,1.73149152739434,-0.046354023389946
-78.5031416868942,1.73149152722034,-0.0463522736988077
-78.4864866343468,1.73149152704758,-0.0463505187565129
-78.4698313484923,1.73149152687375,-0.0463487592188074
-78.4531758611455,1.73149152669718,-0.0463469957499434
-78.436520220952,1.73149152651933,-0.0463452289653188
-78.4198644876986,1.73149152634281,-0.0463434595787313
-78.4032087238852,1.73149152616793,-0.0463416884370892
-78.386552985687,1.7314915259923,-0.0463399166047441
-78.3698973157241,1.73149152581342,-0.0463381452812839
-78.3532417394565,1.73149152563003,-0.0463363757391245
-78.3365862661224,1.73149152544375,-0.0463346092600861
-78.3199308937428,1.73149152525686,-0.0463328471852315
-78.3032756166997,1.73149152507068,-0.0463310909100514
-78.286620433611,1.73149152488382,-0.0463293418668437
-78.2699653532727,1.73149152469455,-0.0463276013896384
-78.2533103969624,1.73149152450243,-0.0463258706119927
-78.236655596538,1.73149152430967,-0.0463241503534216
-78.2200009888347,1.73149152411865,-0.0463224414232984
-78.2033466081138,1.73149152393031,-0.0463207447919555
-78.1866924783878,1.73149152374286,-0.0463190617135855
-78.1700386079291,1.73149152355493,-0.0463173933984165
-78.1533849873196,1.73149152336787,-0.0463157407469698
-78.1367315915146,1.73149152318347,-0.0463141045598049
-78.1200783854605,1.73149152300346,-0.0463124856581693
-78.1034253316491,1.73149152283077,-0.0463108849943982
-78.0867723975795,1.73149152266745,-0.0463093033811801
-78.0701195610477,1.7314915225135,-0.0463077413489187
-78.0534668117703,1.73149152236587,-0.0463061990945021
-78.0368141491942,1.73149152222147,-0.046304676629258
-78.0201615772634,1.73149152207839,-0.0463031739280224
-78.0035090976774,1.7314915219359,-0.0463016910494865
-77.9868567036257,1.73149152179411,-0.0463002279114848
-77.9702043756656,1.7314915216533,-0.0462987843938629
-77.9535520810159,1.73149152151436,-0.0462973604156127
-77.9368997765428,1.73149152137978,-0.0462959559742229
-77.9202474146836,1.73149152124857,-0.0462945709384472
-77.9035949505815,1.73149152111908,-0.0462932050856204
-77.8869423485022,1.73149152099033,-0.0462918581475481
-77.8702895859047,1.73149152086257,-0.0462905298836579
-77.8536366541997,1.73149152073831,-0.0462892198666234
-77.8369835559204,1.73149152061921,-0.0462879275189172
-77.8203302994051,1.73149152050398,-0.0462866521819463
-77.8036768924739,1.73149152039105,-0.0462853932905177
-77.7870233369567,1.7314915202795,-0.046284150472818
-77.7703696254731,1.73149152016833,-0.0462829236001691
-77.7537157414763,1.73149152005563,-0.046281712524962
-77.7370616624289,1.73149151994217,-0.0462805170247444
-77.7204073652303,1.73149151982981,-0.0462793368977293
-77.7037528323981,1.73149151972036,-0.0462781719842554
-77.6870980572047,1.73149151961503,-0.0462770221512988
-77.6704430463462,1.73149151951409,-0.0462758872890808
-77.6537878194636,1.73149151941706,-0.0462747673169411
-77.6371324056445,1.73149151932301,-0.0462736621793637
-77.6204768378346,1.73149151923095,-0.0462725718676636
-77.6038211468001,1.73149151914011,-0.0462714964686508
-77.5871653562342,1.73149151905033,-0.046270436199132
-77.5705094802998,1.73149151896187,-0.0462693914055465
-77.5538535241595,1.73149151887508,-0.0462683625321498
-77.5371974872607,1.73149151879023,-0.0462673500829305
-77.5205413683844,1.73149151870789,-0.0462663545972305
-77.5038851709225,1.7314915186297,-0.0462653766378276
-77.4872289068784,1.73149151855452,-0.0462644166731518
-77.4705725984276,1.73149151847922,-0.0462634751571946
-77.4539162766367,1.73149151840326,-0.0462625524135862
-77.4372599776023,1.73149151832732,-0.0462616488006473
-77.4206037371504,1.73149151825228,-0.0462607647997232
-77.4039475854582,1.73149151817874,-0.0462599010564429
-77.3872915430995,1.73149151810692,-0.0462590582824424
-77.3706356195009,1.73149151803632,-0.0462582371765095
-77.3539798141435,1.73149151796395,-0.0462574383667102
-77.3373241201253,1.73149151788541,-0.0462566625181481
-77.3206685290778,1.73149151779885,-0.0462559102698995
-77.3040130359574,1.73149151770737,-0.0462551822093298
-77.2873576423898,1.73149151761465,-0.0462544788249026
-77.2707023576673,1.73149151752354,-0.0462538005217994
-77.254047197115,1.73149151743674,-0.0462531476704958
-77.2373921784175,1.73149151735571,-0.0462525204301236
-77.2207373168464,1.73149151728062,-0.0462519189164387
-77.2040826208771,1.73149151721143,-0.0462513433075555
-77.1874280892942,1.73149151714938,-0.0462507938629966
-77.1707737105746,1.7314915170944,-0.0462502707894249
-77.1541194647789,1.73149151704571,-0.0462497742351281
-77.1374653274268,1.73149151700204,-0.0462493043224739
-77.1208112743014,1.73149151696135,-0.0462488611937889
-77.104157285794,1.73149151692218,-0.0462484448276798
-77.0875033496643,1.73149151688391,-0.0462480549078608
-77.0708494614921,1.73149151684656,-0.0462476910134684
-77.0541956228656,1.73149151681039,-0.0462473527182989
-77.0375418378531,1.73149151677575,-0.0462470396229464
-77.0208881087893,1.7314915167429,-0.0462467513765987
-77.0042344326417,1.73149151671199,-0.0462464876752103
-76.9875807989141,1.73149151668302,-0.0462462482337849
-76.9709271897245,1.73149151665607,-0.0462460327521504
-76.954273582027,1.73149151663123,-0.0462458408951496
-76.9376199514317,1.73149151660861,-0.0462456722905856
-76.9209662765379,1.73149151658806,-0.046245526524444
-76.9043125425634,1.73149151656932,-0.0462454031387568
-76.8876587433237,1.73149151655209,-0.0462453016394807
-76.8710048810617,1.73149151653615,-0.0462452215123935
-76.8543509642421,1.7314915165214,-0.0462451622454014
-76.8376970039693,1.73149151650772,-0.0462451233531277
-76.8210430100519,1.73149151649502,-0.0462451043980581
-76.8043889878111,1.73149151648318,-0.0462451050030681
-76.7877349365096,1.73149151647208,-0.0462451248525607
-76.7710808498084,1.73149151646159,-0.0462451636827115
-76.7544267180864,1.73149151645158,-0.0462452212649974
-76.7377725319362,1.73149151644194,-0.0462452973938962
-76.7211182858584,1.73149151643257,-0.0462453918773475
-76.7044639810865,1.73149151642336,-0.0462455045108308
-76.6878096266819,1.73149151641422,-0.0462456350667481
-76.671155238698,1.73149151640505,-0.0462457833187671
-76.6545008376342,1.73149151639577,-0.0462459490825192
-76.637846444921,1.73149151638627,-0.0462461322387483
-76.6211920793029,1.73149151637648,-0.0462463327327067
-76.6045377540971,1.73149151636719,-0.0462465505860066
-76.587883476102,1.73149151635882,-0.046246785846382
-76.5712292463962,1.73149151635064,-0.0462470385522085
-76.5545750627436,1.73149151634187,-0.0462473087537522
-76.5379209228125,1.73149151633192,-0.046247596503243
-76.5212668273405,1.73149151632043,-0.0462479018451456
-76.5046127823198,1.73149151630732,-0.046248224809696
-76.4879587995763,1.73149151629267,-0.0462485654113163
-76.4713048955854,1.73149151627665,-0.0462489236541256
-76.4546510888629,1.73149151625918,-0.0462492995481863
-76.4379973966831,1.73149151623991,-0.0462496931220136
-76.4213438319691,1.73149151621851,-0.0462501044238336
-76.404690401219,1.73149151619498,-0.0462505335235463
-76.3880371040528,1.73149151616991,-0.0462509804989019
-76.3713839343957,1.73149151614392,-0.0462514454075652
-76.354730882974,1.73149151611721,-0.0462519282722862
-76.3380779404364,1.73149151608972,-0.0462524290767882
-76.321425100197,1.73149151606147,-0.0462529477691649
-76.3047723602476,1.73149151603269,-0.0462534842585533
-76.2881197233986,1.7314915160039,-0.0462540383997877
-76.2714671959227,1.73149151597581,-0.0462546099956861
-76.254814785074,1.73149151594893,-0.0462551988202865
-76.2381624961878,1.7314915159232,-0.0462558046494482
-76.2215103302175,1.73149151589828,-0.0462564272673432
-76.2048582822952,1.731491515874,-0.0462570664428575
-76.1882063417405,1.73149151585037,-0.0462577219203562
-76.1715544936002,1.73149151582745,-0.046258393426776
-76.1549027212538,1.7314915158052,-0.04625908068114
-76.1382510093916,1.7314915157835,-0.0462597833865654
-76.1215993464664,1.73149151576192,-0.0462605012112283
-76.1049477260346,1.73149151573966,-0.0462612337766069
-76.0882961466279,1.73149151571594,-0.0462619806576775
-76.0716446102793,1.73149151569009,-0.0462627414003003
-76.0549931201519,1.73149151566152,-0.0462635155403348
-76.0383416779402,1.73149151562965,-0.0462643026212964
-76.0216902818088,1.73149151559417,-0.0462651022032046
-76.0050389254145,1.73149151555516,-0.0462659138650007
-75.9883875983253,1.73149151551273,-0.0462667372052027
-75.9717362877,1.73149151546695,-0.0462675718339542
-75.9550849807479,1.73149151541774,-0.046268417360843
-75.938433667283,1.73149151536489,-0.0462692733872575
-75.9217823416841,1.73149151530811,-0.0462701395022952
-75.9051310037109,1.73149151524729,-0.0462710152798128
-75.8884796579702,1.73149151518254,-0.0462719002866024
-75.8718283122296,1.73149151511407,-0.0462727941007964
-75.8551769750657,1.73149151504202,-0.0462736963283241
-75.8385256534983,1.73149151496651,-0.046274606602502
-75.8218743512131,1.73149151488758,-0.0462755245862305
-75.8052230679215,1.7314915148053,-0.0462764500350696
-75.7885717999866,1.73149151471975,-0.046277382886052
-75.7719205422106,1.73149151463103,-0.0462783229202463
-75.75526929005,1.73149151453911,-0.0462792698737288
-75.7386180417046,1.73149151444385,-0.0462802234923291
-75.7219667995365,1.73149151434514,-0.0462811835363316
-75.7053155704102,1.73149151424283,-0.0462821497837874
-75.6886643648351,1.73149151413674,-0.0462831220352273
-75.6720131951675,1.73149151402677,-0.0462841001196296
-75.6553620733592,1.73149151391316,-0.0462850838913111
-75.6387110088333,1.73149151379647,-0.0462860732658071
-75.6220600071121,1.73149151367723,-0.0462870682811176
-75.6054090695865,1.7314915135556,-0.0462880688473559
-75.5887581943522,1.73149151343138,-0.046289074845495
-75.572107377909,1.73149151330464,-0.0462900861699699
-75.5554566171978,1.7314915131759,-0.0462911027251763
-75.538805911439,1.73149151304582,-0.0462921244207674
-75.5221552631972,1.73149151291461,-0.0462931511689222
-75.5055046784243,1.73149151278202,-0.0462941828826197
-75.4888541654321,1.73149151264781,-0.0462952194686963
-75.4722037330991,1.73149151251214,-0.0462962608592559
-75.4555533888079,1.73149151237559,-0.0462973070730868
-75.4389031367776,1.73149151223877,-0.0462983579756997
-75.4222529771022,1.73149151210138,-0.0462994133812706
-75.4056029058893,1.7314915119611,-0.0463004730746474
-75.388952916378,1.7314915118163,-0.0463015368604599
-75.3723030006024,1.73149151166722,-0.0463026045776276
-75.3556531513003,1.73149151151716,-0.0463036762132688
-75.3390033635202,1.73149151136983,-0.0463047519317182
-75.32235363557,1.73149151122639,-0.0463058315911242
-75.3057039687351,1.73149151108662,-0.04630691490349
-75.2890543661208,1.73149151095003,-0.0463080015350366
-75.2724048308943,1.7314915108164,-0.0463090911426757
-75.2557553645355,1.73149151068565,-0.0463101834206278
-75.2391059655353,1.7314915105575,-0.046311278154262
-75.2224566289565,1.73149151043065,-0.0463123752407877
-75.2058073468708,1.73149151030616,-0.0463134745150162
-75.1891581095413,1.73149151018547,-0.0463145757605151
-75.1725089070811,1.73149151006939,-0.0463156787648545
-75.155859731177,1.73149150995825,-0.0463167833893722
-75.1392105764241,1.73149150985208,-0.04631788932526
-75.1225614407711,1.73149150975073,-0.0463189962060632
-75.1059123250745,1.73149150965402,-0.0463201036801696
-75.0892632319078,1.73149150956201,-0.046321211434435
-75.0726141640052,1.73149150947481,-0.0463223191906527
-75.0559651226881,1.73149150939213,-0.0463234266908916
-75.0393161068021,1.73149150931356,-0.0463245336982422
-75.0226671124559,1.73149150923879,-0.0463256400074579
-75.0060181336583,1.73149150916784,-0.0463267454353323
-74.9893691635411,1.73149150910106,-0.0463278498714038
-74.9727201959153,1.73149150903874,-0.046328953381867
-74.9560712268145,1.73149150898074,-0.0463300556946712
-74.9394222553108,1.7314915089265,-0.0463311564181184
-74.9227732836363,1.73149150887539,-0.0463322551929643
-74.9061243165375,1.7314915088267,-0.0463333517327808
-74.889475360046,1.73149150877966,-0.0463344458277842
-74.8728264199663,1.73149150873388,-0.046335537318908
-74.8561775004952,1.73149150868936,-0.0463366260761621
-74.8395286034067,1.73149150864621,-0.0463377119916724
-74.8228797279984,1.73149150860443,-0.0463387949749152
-74.8062308717749,1.73149150856444,-0.0463398750025978
-74.7895820316761,1.73149150852819,-0.0463409521682332
-74.7729332055547,1.7314915084962,-0.0463420262237497
-74.7562843932566,1.73149150846806,-0.0463430968579057
-74.7396355972053,1.73149150844248,-0.0463441639147192
-74.722986822295,1.7314915084166,-0.0463452275447814
-74.7063380751884,1.73149150838926,-0.0463462877553422
-74.6896893630249,1.73149150835996,-0.0463473444560857
-74.6730406919875,1.73149150832656,-0.0463483974795126
-74.6563920661483,1.73149150828747,-0.0463494466847758
-74.6397434869202,1.73149150824308,-0.046350492020848
-74.6230949532354,1.73149150819616,-0.04635153360783
-74.6064464623506,1.73149150814833,-0.0463525717013633
-74.5897980111346,1.73149150810103,-0.0463536063152276
-74.5731495972276,1.73149150805527,-0.0463546373395625
-74.5565012199722,1.73149150801027,-0.0463556646814891
-74.5398528808249,1.7314915079621,-0.0463566883621614
-74.5232045831746,1.73149150791125,-0.0463577082755381
-74.506556331459,1.7314915078591,-0.0463587242675057
-74.4899081299559,1.73149150780453,-0.046359736141244
-74.4732599815432,1.73149150774578,-0.0463607437470813
-74.4566118868632,1.73149150768224,-0.0463617470286586
-74.4399638440332,1.73149150761625,-0.0463627460534952
-74.4233158490252,1.73149150755054,-0.0463637409824356
-74.4066678965432,1.73149150748701,-0.0463647321337068
-74.3900199813122,1.73149150742654,-0.046365719460792
-74.373372099118,1.73149150736919,-0.0463667027494564
-74.3567242474959,1.73149150731461,-0.0463676817988488
-74.3400764259583,1.73149150726238,-0.0463686565322751
-74.3234286356949,1.73149150721249,-0.0463696267692497
-74.3067808787158,1.73149150716522,-0.0463705923258391
-74.2901331567412,1.73149150712085,-0.0463715530589708
-74.273485470183,1.73149150707957,-0.0463725088619201
-74.2568378175096,1.73149150704141,-0.0463734596615029
-74.2401901952061,1.73149150700623,-0.0463744053953004
-74.223542598215,1.73149150697442,-0.0463753460062015
-74.2068950208517,1.73149150694774,-0.0463762814518287
-74.190247457936,1.73149150692565,-0.0463772115333169
-74.1735999057251,1.73149150690683,-0.0463781360304329
-74.156952362477,1.73149150689081,-0.046379054800444
-74.140304828487,1.73149150687877,-0.0463799678536108
-74.1236573056331,1.73149150686997,-0.0463808751362282
-74.10700979647,1.73149150686317,-0.0463817765477206
-74.0903623031981,1.73149150685698,-0.0463826719946843
-74.073714826806,1.7314915068491,-0.0463835614348978
-74.0570673666379,1.73149150683994,-0.0463844447600614
-74.0404199204361,1.73149150683083,-0.0463853218523682
-74.0237724848797,1.73149150682231,-0.0463861926722318
-74.0071250564754,1.73149150681319,-0.0463870573056128
-73.9904776326032,1.73149150680416,-0.0463879154811205
-73.973830212185,1.73149150679632,-0.0463887668831765
-73.9571827960266,1.7314915067901,-0.0463896113301911
-73.9405353866862,1.73149150678479,-0.0463904488916083
-73.9238879879233,1.73149150678109,-0.0463912798015392
-73.9072406038817,1.73149150678175,-0.0463921040445114
-73.890593238093,1.73149150678828,-0.046392921496949
-73.87394589274,1.73149150679843,-0.0463937320028275
-73.8572985683302,1.7314915068075,-0.0463945355234902
-73.8406512638969,1.73149150681246,-0.0463953321049051
-73.8240039776012,1.73149150681416,-0.0463961218801429
-73.8073567075865,1.73149150681459,-0.0463969049689801
-73.7907094528073,1.73149150681544,-0.0463976814396453
-73.774062213615,1.73149150681775,-0.0463984513131724
-73.7574149919433,1.73149150682186,-0.0463992145799313
-73.7407677910358,1.73149150682779,-0.0463999712589576
-73.7241206148026,1.73149150683539,-0.046400721557958
-73.7074734670282,1.73149150684434,-0.046401465754358
-73.6908263506252,1.73149150685419,-0.046402203710502
-73.6741792669748,1.73149150686457,-0.0464029351958502
-73.6575322157614,1.73149150687524,-0.0464036600570143
-73.6408851952815,1.73149150688611,-0.0464043782364393
-73.6242382030973,1.73149150689714,-0.0464050897520342
-73.607591236841,1.73149150690831,-0.0464057946618362
-73.5909442949314,1.73149150691958,-0.0464064931064431
-73.5742973770294,1.73149150693088,-0.0464071854015115
-73.5576504842014,1.73149150694213,-0.0464078715211101
-73.5410036185024,1.73149150695322,-0.046408551314972
-73.5243567823045,1.73149150696355,-0.0464092247097386
-73.5077099775394,1.73149150697065,-0.0464098918814123
-73.4910632051148,1.73149150697362,-0.046410552980093
-73.4744164645434,1.73149150697654,-0.0464112079428781
-73.4577697538808,1.73149150698344,-0.0464118566586732
-73.4411230700863,1.7314915069959,-0.0464124990628616
-73.4244764096746,1.73149150701187,-0.0464131351576921
-73.4078297694926,1.73149150702864,-0.0464137648405575
-73.3911831473601,1.7314915070442,-0.0464143880123486
-73.374536542357,1.73149150705837,-0.046415004638845
-73.3578899547817,1.73149150707489,-0.0464156148254886
-73.3412433858216,1.73149150709625,-0.0464162186451933
-73.3245968369493,1.73149150711999,-0.0464168160062338
-73.3079503092052,1.73149150714284,-0.0464174067905177
-73.2913038026404,1.73149150716254,-0.0464179909524792
-73.2746573160655,1.73149150717802,-0.0464185685816892
-73.2580108472067,1.73149150718917,-0.0464191396399474
-73.2413643930941,1.73149150719641,-0.0464197040544922
-73.2247179506797,1.73149150720033,-0.0464202617728384
-73.2080715174945,1.73149150720146,-0.0464208127829681
-73.1914250921519,1.73149150720041,-0.0464213571445572
-73.1747786745836,1.73149150719851,-0.0464218948773118
-73.1581322658965,1.73149150719674,-0.0464224259691878
-73.1414858679304,1.73149150719509,-0.046422950405286
-73.1248394826486,1.73149150719215,-0.0464234682024723
-73.1081931115357,1.7314915071865,-0.0464239793604511
-73.0915467551608,1.73149150717729,-0.0464244838168422
-73.0749004130532,1.73149150716424,-0.046424981521142
-73.058254083826,1.73149150714746,-0.0464254724480542
-73.0416077656116,1.73149150712723,-0.0464259565978426
-73.0249614566586,1.73149150710391,-0.0464264339912101
-73.0083151559016,1.73149150707774,-0.0464269046595399
-72.9916688633358,1.7314915070489,-0.0464273686726612
-72.97502258009,1.73149150701748,-0.0464278262648677
-72.9583763082486,1.73149150698349,-0.0464282776935554
-72.9417300504399,1.73149150694696,-0.0464287228415197
-72.9250838091625,1.73149150690789,-0.046429161505635
-72.9084375862372,1.73149150686631,-0.04642959354939
-72.8917913824778,1.73149150682225,-0.0464300189264804
-72.875145197649,1.73149150677564,-0.0464304376809575
-72.8584990307687,1.73149150672644,-0.0464308499051581
-72.841852880499,1.73149150667473,-0.0464312556890527
-72.8252067456609,1.73149150662068,-0.046431655106916
-72.8085606257089,1.73149150656416,-0.046432048226661
-72.7919145210123,1.73149150650407,-0.0464324351367158
-72.775268432874,1.73149150643955,-0.046432815909699
-72.758622363265,1.7314915063706,-0.0464331905838466
-72.741976314361,1.73149150629865,-0.0464335591477596
-72.725330287999,1.73149150622515,-0.0464339215924853
-72.7086842852352,1.73149150615101,-0.0464342779443802
-72.6920383061648,1.73149150607662,-0.0464346282551748
-72.6753923499004,1.73149150600198,-0.0464349726157202
-72.6587464148333,1.73149150592694,-0.0464353112473003
-72.6421004991381,1.73149150585127,-0.0464356443041485
-72.6254546012798,1.73149150577483,-0.0464359717249553
-72.6088087203528,1.73149150569757,-0.0464362934076182
-72.5921628562649,1.73149150561952,-0.0464366092983633
-72.5755170097399,1.73149150554073,-0.0464369193905092
-72.5588711819931,1.73149150546104,-0.0464372236936033
-72.5422253742657,1.73149150538008,-0.046437522224661
-72.5255795873777,1.73149150529751,-0.0464378150114828
-72.5089338213855,1.73149150521341,-0.0464381021351825
-72.4922880754509,1.73149150512822,-0.0464383838034445
-72.4756423479811,1.73149150504252,-0.0464386601300409
-72.4589966369979,1.73149150495674,-0.0464389310888899
-72.4423509404509,1.73149150487102,-0.0464391966058966
-72.4257052566232,1.73149150478538,-0.0464394566688521
-72.4090595844686,1.73149150469985,-0.0464397114754552
-72.3924139238217,1.73149150461504,-0.0464399611513438
-72.375768275305,1.73149150453345,-0.0464402054953359
-72.3591226399245,1.73149150445687,-0.0464404442856429
-72.3424770186607,1.73149150438533,-0.0464406774170227
-72.3258314120589,1.73149150431625,-0.0464409049406824
-72.3091858199898,1.73149150424713,-0.0464411269609955
-72.2925402415941,1.73149150417655,-0.046441343579505
-72.2758946754283,1.73149150410473,-0.0464415549011162
-72.2592491197703,1.7314915040351,-0.0464417610933974
-72.2426035730421,1.73149150397074,-0.0464419622947466
-72.2259580342243,1.73149150391243,-0.0464421585894089
-72.2093125030432,1.73149150385761,-0.0464423499847226
-72.1926669800174,1.73149150380532,-0.0464425362476399
-72.1760214662393,1.73149150375535,-0.0464427171570316
-72.1593759630487,1.73149150370705,-0.0464428926802614
-72.1427304716541,1.73149150365787,-0.0464430631518397
-72.1260849928874,1.73149150360623,-0.0464432288808291
-72.1094395270033,1.73149150355358,-0.0464433899140318
-72.0927940735927,1.73149150350179,-0.0464435462004715
-72.0761486317284,1.73149150345146,-0.0464436977038693
-72.0595032002841,1.73149150340045,-0.0464438444932891
-72.0428577784018,1.73149150334628,-0.0464439866270843
-72.0262123657582,1.7314915032869,-0.0464441240212689
-72.0095669626769,1.73149150322135,-0.0464442565880691
-71.9929215701001,1.73149150314959,-0.046444384353493
-71.9762761894018,1.73149150307215,-0.0464445075389724
-71.9596308221525,1.73149150299072,-0.0464446261260558
-71.9429854696841,1.73149150290693,-0.0464447400357322
-71.926340132784,1.73149150282188,-0.0464448492444355
-71.9096948116279,1.73149150273564,-0.046444953788485
-71.8930495057382,1.73149150264602,-0.0464450537789687
-71.8764042141929,1.73149150255186,-0.0464451493723223
-71.8597589359579,1.73149150245443,-0.0464452408067584
-71.8431136703199,1.73149150235054,-0.0464453280405669
-71.8264684170625,1.73149150223702,-0.0464454109595045
-71.8098231765379,1.73149150211351,-0.0464454894831141
-71.7931779495769,1.73149150198477,-0.046445563577542
-71.7765327372809,1.73149150185612,-0.0464456332388815
-71.7598875407269,1.731491501733,-0.0464456984424481
-71.7432423606707,1.73149150161859,-0.0464457592201619
-71.7265971973757,1.73149150151296,-0.0464458157067941
-71.7099520504563,1.73149150141268,-0.0464458682377754
-71.6933069189971,1.73149150131357,-0.0464459170822921
-71.6766618017826,1.73149150120992,-0.0464459623478992
-71.6600166976144,1.73149150109661,-0.0464460041044149
-71.6433716055774,1.73149150097391,-0.0464460423109726
-71.6267265252432,1.7314915008449,-0.04644607687475
-71.6100814566943,1.73149150071443,-0.0464461076491963
-71.5934364004112,1.73149150058622,-0.0464461345358011
-71.5767913570677,1.73149150046234,-0.046446157518917
-71.5601463272709,1.73149150034365,-0.0464461766505873
-71.5435013112942,1.73149150022955,-0.0464461920558859
-71.5268563089691,1.73149150011744,-0.0464462040441699
-71.5102113195719,1.73149150000657,-0.0464462131329451
-71.4935663420537,1.73149149989789,-0.0464462192229057
-71.4769213751399,1.73149149979262,-0.0464462220395661
-71.4602764176417,1.7314914996912,-0.0464462213995679
-71.4436314686942,1.73149149959236,-0.046446217262656
-71.4269865279436,1.73149149949682,-0.0464462095972467
-71.4103415955574,1.73149149940528,-0.0464461983877988
-71.393696672101,1.7314914993162,-0.0464461835898977
-71.3770517582894,1.73149149922811,-0.046446165190443
-71.3604068547163,1.73149149914099,-0.0464461432379999
-71.3437619616354,1.73149149905763,-0.0464461178785326
-71.3271170788895,1.73149149898089,-0.0464460892641178
-71.3104722058841,1.731491498912,-0.046446057511248
-71.2938273417359,1.73149149884882,-0.0464460225622189
-71.2771824854668,1.7314914987891,-0.0464459843423395
-71.2605376362995,1.73149149873219,-0.0464459428449123
-71.2438927938407,1.73149149868002,-0.0464458981671916
-71.227247958187,1.7314914986352,-0.0464458503996744
-71.2106031298931,1.73149149860112,-0.0464457995469182
-71.1939583098195,1.73149149857982,-0.0464457456019447
-71.1773134988688,1.73149149857126,-0.0464456886472471
-71.1606686977193,1.73149149857396,-0.0464456290503873
-71.1440239067335,1.73149149859183,-0.0464455671638884
-71.127379125978,1.73149149862771,-0.0464455031208895
-71.1107343551571,1.7314914986777,-0.046445436602101
-71.0940895936336,1.73149149873673,-0.0464453672501756
-71.0774448406426,1.73149149880111,-0.0464452949546693
-71.0608000956401,1.73149149886932,-0.0464452200695905
-71.0441553585812,1.73149149894219,-0.0464451430097929
-71.0275106299175,1.73149149901765,-0.0464450638324963
-71.0108659104268,1.73149149909524,-0.0464449822396835
-70.9942212009759,1.73149149917508,-0.046444897944639
-70.9775765023504,1.73149149925616,-0.046444810848647
-70.9609318151043,1.73149149933326,-0.0464447211433303
-70.9442871394545,1.73149149940073,-0.0464446291992065
-70.9276424752485,1.73149149945853,-0.0464445354276811
-70.910997822084,1.73149149951283,-0.0464444397607245
-70.8943531793439,1.73149149956949,-0.0464443419920714
-70.8777085463557,1.73149149963131,-0.0464442420451458
-70.8610639225863,1.73149149969679,-0.0464441401341002
-70.8444193079331,1.73149149976326,-0.0464440362613142
-70.8277747027454,1.73149149982849,-0.0464439303630108
-70.8111301075971,1.73149149989113,-0.0464438223838634
-70.7944855231056,1.73149149995069,-0.0464437123017832
-70.7778409497699,1.73149150000781,-0.0464436001561962
-70.7611963878307,1.73149150006473,-0.0464434860666905
-70.7445518372072,1.73149150012138,-0.04644337008712
-70.7279072974532,1.73149150017686,-0.0464432522453481
-70.7112627678312,1.73149150023039,-0.0464431325906693
-70.6946182475704,1.73149150028146,-0.046443011177486
-70.6779737359567,1.73149150033096,-0.0464428880710407
-70.6613292324512,1.73149150038368,-0.046442763456415
-70.6446847368276,1.73149150044329,-0.0464426375119567
-70.6280402492619,1.73149150051055,-0.0464425103028366
-70.6113957702182,1.73149150058287,-0.0464423816242358
-70.5947513001731,1.73149150065739,-0.0464422512578425
-70.5781068394157,1.73149150073291,-0.0464421191541308
-70.5614623879293,1.73149150081161,-0.0464419856000124
-70.5448179454471,1.73149150089268,-0.0464418509037145
-70.5281735114388,1.73149150096951,-0.0464417153049884
-70.5115290852621,1.73149150103766,-0.0464415784749014
-70.4948846661811,1.73149150109586,-0.0464414400235885
-70.4782402535521,1.73149150114588,-0.04644129980324
-70.4615958469389,1.73149150119297,-0.0464411580977952
-70.4449514462675,1.73149150123693,-0.0464410152214357
-70.4283070517974,1.73149150127604,-0.0464408713548225
-70.4116626640088,1.73149150130895,-0.0464407264506672
-70.39501828285,1.73149150133449,-0.046440580394084
-70.3783739048149,1.73149150135284,-0.0464404331120005
-70.3617295165102,1.73149150136775,-0.0464402846771855
-70.3450850862846,1.73149150138257,-0.0464401351689606
-70.3284405587136,1.73149150139837,-0.0464399845516133
-70.3117958573478,1.73149150141347,-0.046439832511841
-70.295150897493,1.73149150142564,-0.0464396786374372
-70.2785056051692,1.73149150143303,-0.0464395225450263
-70.2618599336782,1.73149150143435,-0.0464393640506016
-70.2452138693529,1.73149150142823,-0.04643920277602
-70.2285674229425,1.73149150141191,-0.0464390379151988
-70.2119206111027,1.73149150138345,-0.0464388685610634
-70.1952734385243,1.73149150134221,-0.0464386940048399
-70.178625891181,1.73149150128902,-0.0464385139961404
-70.1619779448394,1.73149150122704,-0.0464383282922554
-70.1453295836518,1.73149150115895,-0.0464381366459393
-70.1286808176839,1.73149150108555,-0.046437938866434
-70.112031688668,1.73149150100353,-0.0464377348585245
-70.0953822603564,1.73149150090646,-0.0464375244598062
-70.0787325990027,1.73149150079264,-0.0464373075072213
-70.0620827731245,1.73149149858369,-0.0464370114061492
-70.0454328830793,1.73149148360417,-0.0464362581410559
-70.0287829935869,1.73149144129754,-0.0464345161216191
-70.0121330969715,1.73149135955126,-0.0464313138804301
-69.9954831698631,1.7314912308133,-0.0464263147357587
-69.9788332400324,1.731491051592,-0.0464193034859959
-69.9621833948341,1.73149082120119,-0.0464101471897218
-69.9455337393435,1.73149054022473,-0.0463987447011379
-69.9288843451656,1.73149020962482,-0.0463849969168297
-69.9122352347977,1.7314898305535,-0.0463688007996001
-69.8955864119506,1.7314894040364,-0.0463500382371072
-69.8789378961122,1.73148893076144,-0.0463285672270054
-69.862289723921,1.73148841194908,-0.046304252139267
-69.845641942522,1.73148785009889,-0.0462769915334257
-69.8289946133239,1.73148724802338,-0.0462466832903569
-69.812347781182,1.73148660879508,-0.0462132219272537
-69.7957014480325,1.73148593670031,-0.0461765349385128
-69.7790555966173,1.73148523669827,-0.0461365640441944
-69.7624101944522,1.73148451544286,-0.0460933064373976
-69.7457652383337,1.73148377959948,-0.0460467524773951
-69.7291207322433,1.73148303616517,-0.0459968987532114
-69.7124766711009,1.73148229325462,-0.045943780998907
-69.6958330540728,1.73148155977242,-0.0458874636098218
-69.6791898794472,1.73148084465399,-0.0458280104907515
-69.6625471002829,1.73148015840422,-0.0457655492474173
-69.6459046484431,1.73147951295942,-0.04570027067633
-69.6292624626822,1.73147892126281,-0.0456324159141557
-69.6126205038179,1.7314783964822,-0.0455622473684024
-69.5959787443633,1.73147795206691,-0.0454900534956448
-69.5793371674861,1.7314776011638,-0.0454161261539578
-69.5626957627859,1.73147735557982,-0.0453407161883027
-69.546054508469,1.73147722536942,-0.0452640133553829
-69.5294133532095,1.7314772197899,-0.0451861852413198
-69.5127722349322,1.73147734713805,-0.0451073688231221
-69.4961310956852,1.73147761523967,-0.0450276905400646
-69.4794898999413,1.73147803126879,-0.0449472577677741
-69.4628486402571,1.73147860125751,-0.0448661358199524
-69.4462073266057,1.73147932964303,-0.0447843245078086
-69.4295659571753,1.73148022017379,-0.0447017954292793
-69.4129245052903,1.73148127672606,-0.0446185275501243
-69.3962829262609,1.73148250377083,-0.0445345290582294
-69.3796411802984,1.73148390589006,-0.0444498169134049
-69.362999241065,1.7314854881271,-0.0443644341594502
-69.3463571037497,1.73148725593536,-0.0442784497896974
-69.3297147842645,1.7314892148985,-0.0441919475049997
-69.3130723074763,1.73149137057581,-0.0441050199552096
-69.2964296911392,1.73149372857541,-0.0440177734940679
-69.2797869257776,1.73149629615848,-0.0439304075974585
-69.2631439873981,1.7314990824212,-0.0438432318742485
-69.2465008657046,1.73150209642738,-0.0437565845695083
-69.2298575839384,1.73150534448163,-0.0436707010430972
-69.2132141775541,1.7315088321066,-0.0435858107366971
-69.1965706871458,1.73151256470943,-0.0435021761079424
-69.1799271570361,1.73151654634655,-0.0434200337267936
-69.1632836289932,1.73152077840059,-0.043339520161538
-69.1466401238708,1.73152526144565,-0.0432607764680818
-69.1299966472894,1.73152999551364,-0.0431839855323982
-69.1133532054227,1.73153497932165,-0.0431093473108603
-69.0967098197713,1.73154020955407,-0.0430369923855156
-69.0800665286111,1.73154567926251,-0.0429670458717775
-69.0634233828748,1.73155137786701,-0.0428996808235882
-69.0467804263635,1.73155730099413,-0.0428350353734195
-69.0301376854866,1.73156344606146,-0.0427731786859094
-69.0134951683621,1.73156980987636,-0.0427141183969407
-68.9968528722064,1.73157638854302,-0.0426578281065034
-68.9802107947834,1.73158317780683,-0.0426042709268991
-68.9635689430329,1.73159017335577,-0.0425534145949794
-68.9469273337367,1.73159737096554,-0.0425052380829706
-68.9302859861269,1.73160476651244,-0.0424597317742847
-68.9136449108888,1.73161235590296,-0.0424168943580533
-68.8970041026578,1.73162013498127,-0.0423767288113533
-68.8803635405309,1.73162809944669,-0.042339239112175
-68.8637231962453,1.73163624480272,-0.0423044281613333
-68.8470830449061,1.73164456633769,-0.0422722969363914
-68.8304430718278,1.73165305913407,-0.0422428443726561
-68.8138032713423,1.7316617180892,-0.042216067726962
-68.7971636386688,1.73167053793576,-0.0421919632000012
-68.7805241602682,1.73167951326112,-0.0421705264837025
-68.763884808766,1.7316886385223,-0.0421517531341445
-68.7472455457819,1.73169790805624,-0.0421356387633015
-68.7306063309714,1.73170731605574,-0.042122177832952
-68.7139671318645,1.73171685525829,-0.0421113115219729
-68.6973279289476,1.73172651645827,-0.042102917771687
-68.6806887152737,1.73173628981023,-0.042096862953818
-68.6640494907843,1.73174616550032,-0.0420930184302456
-68.6474102528664,1.73175613404888,-0.0420912700814362
-68.6307709909511,1.73176618636997,-0.0420915198464194
-68.6141316881374,1.73177631369945,-0.0420936825976312
-68.597492328121,1.7317865074779,-0.0420976815960633
-68.5808529019927,1.73179675924639,-0.042103444370447
-68.5642134098987,1.73180706058188,-0.0421109000549439
-68.5475738562068,1.73181740307497,-0.0421199780761284
-68.5309342412036,1.73182777833755,-0.042130608260217
-68.5142945548216,1.73183817802725,-0.0421427215136934
-68.4976547767409,1.73184859387608,-0.0421562506446076
-68.4810148833547,1.73185901771583,-0.0421711306220418
-68.4643748577163,1.73186944149481,-0.04218729885408
-68.4477346968922,1.73187985728698,-0.0422046952471774
-68.4310944125148,1.73189025729654,-0.0422232621109139
-68.4144540245756,1.73190063385942,-0.0422429440218844
-68.3978135523943,1.73191097944496,-0.0422636877114013
-68.3811730083733,1.73192128665808,-0.042285441671969
-68.3645323976039,1.73193154824352,-0.0423081562596735
-68.3478917234887,1.73194175709042,-0.042331783796998
-68.3312509953,1.73195190623729,-0.0423562786338928
-68.3146102326223,1.7319619888778,-0.0423815967539759
-68.2979694635376,1.73197199836163,-0.0424076957694819
-68.2813287176854,1.73198192819551,-0.0424345348987621
-68.2646880183371,1.73199177204711,-0.0424620750293972
-68.2480473782924,1.73200152375092,-0.0424902785904348
-68.2314068018285,1.73201117731253,-0.0425191095020827
-68.2147662914475,1.73202072690903,-0.042548533042969
-68.1981258549425,1.73203016689055,-0.0425785157365175
-68.1814855083213,1.73203949178002,-0.0426090254148722
-68.1648452726381,1.73204869627354,-0.0426400311637882
-68.1482051667797,1.7320577752412,-0.0426715032164252
-68.13156520058,1.73206672372943,-0.0427034129404746
-68.1149253725689,1.73207553696196,-0.0427357328698139
-68.0982856735711,1.73208421033991,-0.0427684367736011
-68.0816460938553,1.73209273944187,-0.0428014994452978
-68.0650066292463,1.73210112002468,-0.0428348965797702
-68.0483672825447,1.73210934802381,-0.0428686046814297
-68.0317280592947,1.73211741955246,-0.0429026010139955
-68.0150889608847,1.73212533089969,-0.0429368636292743
-67.9984499793301,1.7321330785283,-0.0429713713962775
-67.9818110970917,1.73214065907246,-0.0430061039308033
-67.9651722917944,1.73214806933969,-0.043041041608542
-67.9485335431822,1.73215530631138,-0.0430761655730203
-67.9318948380242,1.73216236714149,-0.0431114577034862
-67.9152561700697,1.73216924914928,-0.0431469003963595
-67.8986175352276,1.73217594982107,-0.0431824766666211
-67.8819789252765,1.73218246681046,-0.0432181702164073
-67.8653403241058,1.73218879793851,-0.0432539655227567
-67.8487017090164,1.73219494118674,-0.0432898476630781
-67.8320630562685,1.73220089469322,-0.0433258020574356
-67.8154243474076,1.73220665675061,-0.0433618145747864
-67.7987855726187,1.73221222580397,-0.043397871586198
-67.7821467291923,1.73221760044985,-0.0434339600121455
-67.765507816202,1.73222277943621,-0.0434700672246232
-67.7488688288486,1.73222776165728,-0.0435061810740099
-67.7322297560648,1.73223254615006,-0.0435422899354634
-67.7155905829578,1.73223713209212,-0.0435783828074004
-67.6989512965347,1.73224151879959,-0.0436144491547524
-67.6823118910937,1.7322457057242,-0.043650478823066
-67.6656723698777,1.73224969244936,-0.0436864620043797
-67.6490327421655,1.73225347868739,-0.0437223891386395
-67.6323930174848,1.73225706427844,-0.0437582507694649
-67.6157532007173,1.73226044918575,-0.0437940378548553
-67.5991132911235,1.73226363349194,-0.0438297419350214
-67.5824732857934,1.73226661739447,-0.0438653551567612
-67.5658331851099,1.73226940120469,-0.043900870086516
-67.5491929967606,1.73227198534562,-0.043936279559568
-67.5325527357334,1.73227437034793,-0.0439715765856313
-67.5159124203004,1.73227655684891,-0.0440067544434975
-67.4992720664666,1.73227854559051,-0.0440418067636279
-67.4826316842768,1.73228033741663,-0.0440767276343465
-67.4659912781355,1.73228193326636,-0.0441115115989805
-67.4493508508202,1.73228333417145,-0.0441461533385088
-67.4327104083796,1.73228454125199,-0.044180647628555
-67.4160699628632,1.73228555571384,-0.0442149893982643
-67.3994295310756,1.73228637884542,-0.0442491737688135
-67.3827891301596,1.73228701201622,-0.0442831961499514
-67.3661487726396,1.7322874566756,-0.0443170521598954
-67.3495084639301,1.73228771435246,-0.0443507374918237
-67.3328682038269,1.73228778664789,-0.0443842480754332
-67.3162279909441,1.7322876752306,-0.044417580167579
-67.2995878272702,1.73228738183338,-0.0444507303564473
-67.2829477197577,1.73228690825378,-0.0444836954114877
-67.2663076780652,1.73228625635326,-0.0445164722425415
-67.2496677099657,1.73228542805019,-0.0445490577792357
-67.2330278172932,1.73228442531545,-0.0445814490127419
-67.2163880012042,1.7322832501292,-0.044613642076198
-67.1997482873835,1.73228190406985,-0.044645621392655
-67.183108722479,1.73228038764257,-0.0446773389474499
-67.166469315792,1.73227870023906,-0.0447087086234337
-67.1498300282388,1.73227684080984,-0.0447396223445485
-67.1331908162526,1.73227480851385,-0.0447699681068602
-67.1165516678216,1.73227260295627,-0.0447996379660497
-67.0999125996878,1.73227022411797,-0.044828526360876
-67.0832736286052,1.73226767209165,-0.0448565212495907
-67.0666347231689,1.7322649471643,-0.0448835044417217
-67.0499958608675,1.73226204999666,-0.0449093562449402
-67.0333570340249,1.7322589816999,-0.044933957435103
-67.0167182589814,1.73225574385902,-0.0449571903059934
-67.0000795416178,1.7322523384683,-0.0449789363976031
-66.9834408649418,1.73224876797313,-0.0449990774233146
-66.9668022101427,1.73224503534356,-0.0450174977947743
-66.950163571598,1.73224114414465,-0.0450340878035651
-66.9335249377302,1.73223709856164,-0.0450487457082251
-66.916886303637,1.73223290340021,-0.0450613792936051
-66.9002476539494,1.73222856402593,-0.0450719050274869
-66.8836090003292,1.73222408628601,-0.0450802462136535
-66.8669703444366,1.73221947645819,-0.0450863312475207
-66.8503316663335,1.73221474121978,-0.0450900928314981
-66.8336929546235,1.73220988761999,-0.0450914678054737
-66.8170541894552,1.73220492306042,-0.0450903971279417
-66.800415345661,1.73219985530168,-0.0450868275113575
-66.783776419633,1.73219469256248,-0.0450807195505948
-66.7671374169944,1.73218944360604,-0.0450720571647294
-66.7504983409696,1.7321841177222,-0.0450608499502666
-66.7338591897469,1.73217872464008,-0.0450471295562283
-66.7172199564467,1.73217327444854,-0.0450309451699378
-66.7005806389531,1.73216777751568,-0.0450123589350034
-66.6839412384029,1.73216224440971,-0.0449914410684562
-66.667301755349,1.7321566858473,-0.0449682673613012
-66.6506621897689,1.73215111268624,-0.0449429198185264
-66.6340225505795,1.73214553585941,-0.0449154848437227
-66.6173828456184,1.73213996630582,-0.0448860508569303
-66.6007430866849,1.73213441485984,-0.0448547051011746
-66.5841032843601,1.73212889207968,-0.0448215271213714
-66.5674634367364,1.73212340819193,-0.0447865870232023
-66.5508235343189,1.73211797314699,-0.044749949012792
-66.5341835704028,1.7321125966704,-0.0447116748545768
-66.517543544456,1.7321072882923,-0.0446718262458904
-66.5009034610262,1.73210205736413,-0.0446304662352375
-66.4842633262461,1.73209691304887,-0.0445876595271962
-66.467623143902,1.73209186428744,-0.0445434718050267
-66.4509829130641,1.73208691977895,-0.0444979693210114
-66.4343426278284,1.73208208797396,-0.044451219083909
-66.4177022701524,1.7320773772389,-0.0444032957863856
-66.4010618221911,1.73207279608991,-0.0443542932351229
-66.3844212813249,1.73206835318693,-0.0443043267711512
-66.3677806636748,1.73206405692224,-0.0442535188650771
-66.3511399796553,1.73205991517567,-0.0442019900254468
-66.3344992292388,1.73205593545219,-0.0441498662638557
-66.3178584098768,1.73205212491801,-0.0440972831965091
-66.3012175221273,1.73204849014426,-0.0440443764262852
-66.2845765645336,1.73204503682113,-0.0439912773200893
-66.2679355366918,1.73204176967564,-0.0439381205029457
-66.2512944416891,1.7320386923761,-0.0438850482242957
-66.2346532843427,1.73203580779571,-0.0438322030199228
-66.2180120738959,1.73203311578625,-0.0437797206779828
-66.2013708283182,1.73203061207465,-0.0437277358176443
-66.1847295565041,1.73202829640307,-0.0436763871033954
-66.1680882603104,1.73202617027299,-0.0436258112705702
-66.1514469395148,1.73202423509342,-0.0435761342463793
-66.1348055943821,1.73202249170926,-0.0435274687557555
-66.1181642262567,1.73202094037035,-0.0434799167149788
-66.1015228368091,1.73201958080349,-0.0434335728010017
-66.0848814269012,1.73201841227202,-0.0433885268578041
-66.0682399960113,1.73201743360426,-0.0433448646514869
-66.0515985426045,1.73201664320555,-0.0433026676379965
-66.0349570652599,1.73201603907007,-0.0432620125814435
-66.0183155638348,1.73201561879908,-0.0432229714843675
-66.0016740399851,1.7320153796241,-0.0431856118653234
-65.9850324967289,1.73201531843127,-0.043149997197377
-65.9683909373563,1.73201543178348,-0.0431161873538894
-65.9517493643422,1.73201571593991,-0.0430842389772107
-65.9351077778597,1.73201616680066,-0.0430542015225922
-65.9184661615031,1.73201677973086,-0.0430261057091916
-65.9018244798505,1.73201754952182,-0.0429999640118261
-65.8851826959887,1.73201847048075,-0.0429757769523752
-65.8685407821139,1.73201953654336,-0.0429535379940719
-65.8518987247903,1.73202074132927,-0.0429332355214431
-65.8352565265835,1.73202207815458,-0.0429148528000331
-65.8186142045435,1.73202354003516,-0.0428983674637286
-65.8019717861907,1.73202511970238,-0.042883751429803
-65.785329303986,1.73202680963437,-0.0428709714196265
-65.7686867896589,1.7320286020954,-0.0428599898345193
-65.7520442694231,1.73203048917531,-0.0428507656028456
-65.735401760706,1.73203246282492,-0.042843254823895
-65.7187592707549,1.73203451488778,-0.0428374112276961
-65.7021167972744,1.73203663713011,-0.0428331865525105
-65.6854743310718,1.73203882127113,-0.0428305307375464
-65.6688318600368,1.73204105901352,-0.0428293921569921
-65.6521893734105,1.73204334207306,-0.0428297180483014
-65.6355468649928,1.73204566220726,-0.0428314548999653
-65.6189043342186,1.73204801124213,-0.0428345487594954
-65.6022617847568,1.7320503810969,-0.0428389454865348
-65.585619221608,1.73205276380669,-0.0428445909978594
-65.5689766483257,1.73205515154345,-0.0428514315025089
-65.5523340658083,1.73205753663504,-0.0428594137537726
-65.5356914731515,1.73205991158267,-0.0428684853142596
-65.5190488698856,1.73206226907666,-0.0428785944675048
-65.5024062578576,1.73206460201024,-0.0428896903229609
-65.4857636416842,1.7320669034915,-0.0429017230816489
-65.46912102753,1.73206916685351,-0.0429146442203419
-65.4524784211038,1.7320713856629,-0.0429284065818382
-65.435835826077,1.73207355372645,-0.04294296441134
-65.4191932440267,1.73207566509629,-0.0429582734054792
-65.4025506759009,1.73207771407412,-0.0429742907715659
-65.3859081239641,1.73207969521456,-0.0429909752745719
-65.369265592871,1.73208160332736,-0.0430082872560904
-65.3526230891194,1.73208343347784,-0.0430261886367472
-65.3359806192492,1.73208518098649,-0.0430446429117594
-65.3193381879276,1.73208684142759,-0.0430636151555463
-65.3026957971906,1.73208841062721,-0.0430830720527794
-65.2860534472716,1.73208988466065,-0.0431029819404898
-65.2694111384394,1.7320912598493,-0.0431233146893113
-65.2527688726048,1.7320925327572,-0.0431440416040063
-65.2361266536344,1.73209370018699,-0.0431651354902537
-65.2194844862499,1.73209475917535,-0.043186570697984
-65.2028423741459,1.73209570698795,-0.0432083231310317
-65.1862003186026,1.73209654111392,-0.0432303699411143
-65.1695583183638,1.7320972592605,-0.0432526895856461
-65.152916370923,1.73209785934754,-0.0432752618659506
-65.1362744743582,1.73209833950184,-0.0432980679342505
-65.1196326285566,1.73209869805094,-0.0433210901535895
-65.1029908350171,1.73209893351701,-0.0433443119922964
-65.0863490954432,1.73209904461102,-0.0433677179349791
-65.0697074100242,1.73209903022687,-0.0433912935316018
-65.0530657765531,1.73209888943492,-0.0434150254126052
-65.0364241908426,1.73209862147564,-0.0434389012861564
-65.0197826483035,1.73209822575377,-0.0434629096358128
-65.0031411455609,1.73209770183359,-0.0434870397683621
-64.9864996812511,1.73209704943438,-0.0435112817851546
-64.9698582554416,1.73209626842152,-0.0435356265914709
-64.9532168680573,1.73209535879903,-0.0435600658715625
-64.9365755174219,1.73209432070279,-0.0435845921214164
-64.919934199836,1.7320931543977,-0.0436091985904577
-64.9032929104886,1.73209186027361,-0.0436338789782169
-64.886651645002,1.73209043884017,-0.0436586274412295
-64.8700104007575,1.73208889072122,-0.0436834386041463
-64.8533691771807,1.73208721664902,-0.0437083075371055
-64.8367279748845,1.7320854174588,-0.0437332297867937
-64.8200867941315,1.73208349408378,-0.0437582013430764
-64.8034456336762,1.7320814475503,-0.0437832185957828
-64.7868044907277,1.73207927897335,-0.0438082782931217
-64.7701633620333,1.73207698955232,-0.0438333774856264
-64.7535222453151,1.73207458057087,-0.0438585134455167
-64.7368811402609,1.73207205343441,-0.0438836837544651
-64.7202400484227,1.73206940968326,-0.0439088863291072
-64.7035989721136,1.73206665095713,-0.0439341192769783
-64.6869579129759,1.73206377897129,-0.0439593808216409
-64.6703168711215,1.73206079550287,-0.0439846692374608
-64.6536758453887,1.73205770238207,-0.0440099829153209
-64.6370348345349,1.73205450148533,-0.0440353203504497
-64.6203938385572,1.73205119473321,-0.0440606802101834
-64.603752859289,1.73204778408779,-0.0440860613571375
-64.5871118999617,1.73204427155039,-0.044111462848835
-64.5704709639166,1.73204065915573,-0.0441368838447184
-64.5538300533171,1.73203694896756,-0.0441623236646719
-64.5371891687136,1.7320331430768,-0.044187781579771
-64.5205483096081,1.7320292436,-0.044213256743159
-64.5039074756869,1.73202525267818,-0.0442387481575531
-64.4872666679075,1.73202117247394,-0.0442642546452929
-64.470625888664,1.7320170051691,-0.0442897750462211
-64.453985141047,1.732012752962,-0.0443153082950382
-64.4373444276095,1.73200841806501,-0.0443408534147481
-64.4207037494135,1.73200400270264,-0.0443664094785869
-64.4040631059144,1.73199950910979,-0.0443919755832033
-64.387422495776,1.73199493952928,-0.0444175508729283
-64.370781918053,1.73199029621256,-0.0444431344885213
-64.3541413730162,1.7319855814142,-0.044468725478904
-64.3375008620872,1.73198079739351,-0.0444943227276457
-64.3208603869194,1.73197594641537,-0.0445199249307965
-64.3042199482131,1.73197103074669,-0.0445455307380979
-64.2875795450513,1.7319660526523,-0.0445711387709596
-64.270939175143,1.73196101439297,-0.0445967475825303
-64.2542988358153,1.7319559182242,-0.0446223555598849
-64.2376585250864,1.73195076639556,-0.0446479610751234
-64.2210182422163,1.7319455611499,-0.0446735625292257
-64.2043779873618,1.73194030472218,-0.0446991583970244
-64.1877377605944,1.73193499933742,-0.044724747287162
-64.1710975610315,1.73192964720963,-0.04475032741994
-64.1544573863474,1.73192425054256,-0.0447758968691809
-64.1378172332267,1.73191881152969,-0.0448014537753902
-64.1211770984265,1.73191333235472,-0.0448269964890714
-64.104536979846,1.73190781518547,-0.0448525231582806
-64.0878968767185,1.73190226217248,-0.0448780318056324
-64.0712567890141,1.73189667544953,-0.0449035204298161
-64.0546167164186,1.73189105713549,-0.0449289870960108
-64.0379766575646,1.73188540932987,-0.0449544298497914
-64.0213366099551,1.7318797341089,-0.0449798467185742
-64.0046965707374,1.73187403352556,-0.045005235572945
-63.9880565376833,1.73186830961432,-0.0450305942092204
-63.9714165098543,1.73186256439167,-0.0450559203958765
-63.9547764875128,1.73185679985388,-0.0450812119124519
-63.9381364714035,1.73185101797775,-0.0451064665254063
-63.9214964618186,1.73184522072267,-0.0451316819726579
-63.9048564580871,1.73183941002307,-0.0451568559836569
-63.8882164587504,1.73183358778371,-0.0451819862332335
-63.8715764622658,1.73182775588081,-0.045207070452826
-63.8549364679156,1.73182191616594,-0.045232106379206
-63.8382964762697,1.73181607046772,-0.0452570917187689
-63.8216564889415,1.73181022059032,-0.0452820241809212
-63.8050165077195,1.73180436831255,-0.0453069014979225
-63.7883765336714,1.73179851538736,-0.045331721446264
-63.7717365668438,1.73179266353936,-0.045356481619731
-63.7550966066013,1.73178681446519,-0.045381179597702
-63.7384566524631,1.73178096983414,-0.0454058130336847
-63.7218167048638,1.73177513128812,-0.0454303796954364
-63.7051767653512,1.73176930043904,-0.0454548774540012
-63.6885368361054,1.73176347887155,-0.0454793041351103
-63.6718969190628,1.73175766814616,-0.045503657399884
-63.6552570152045,1.73175186979432,-0.0455279349148192
-63.6386171244451,1.73174608531606,-0.0455521344296813
-63.6219772461735,1.73174031617908,-0.045576253818554
-63.6053373800868,1.73173456382126,-0.0456002910450574
-63.5886975267506,1.73172882965163,-0.045624244191786
-63.5720576876437,1.73172311505273,-0.045648110950045
-63.5554178644338,1.73171742137835,-0.0456718889473254
-63.538778058167,1.73171174995111,-0.0456955759834457
-63.5221382687841,1.73170610206025,-0.0457191701587173
-63.5054984953165,1.73170047897007,-0.0457426694747696
-63.4888587365124,1.73169488191705,-0.0457660718741126
-63.4722189915918,1.73168931210775,-0.0457893752880415
-63.455579260604,1.73168377071842,-0.0458125776505588
-63.4389395442105,1.73167825889525,-0.0458356769185023
-63.4222998430175,1.73167277775469,-0.0458586710815496
-63.4056601568811,1.73166732838371,-0.0458815581628551
-63.3890204846188,1.73166191184009,-0.0459043362904586
-63.3723808243255,1.73165652915258,-0.045927003806878
-63.3557411741811,1.73165118132093,-0.0459495587584294
-63.3391015330209,1.73164586931611,-0.0459719991095202
-63.3224619004864,1.73164059408043,-0.0459943229608138
-63.3058222766713,1.73163535652809,-0.0460165287360652
-63.2891826615286,1.73163015754666,-0.0460386147644924
-63.2725430542609,1.73162499799697,-0.0460605792149866
-63.255903453203,1.73161987871064,-0.0460824202398798
-63.2392638562836,1.73161480048961,-0.0461041360724345
-63.2226242617601,1.73160976410429,-0.0461257250091889
-63.2059846687712,1.73160477029519,-0.0461471851791456
-63.1893450772797,1.73159981977697,-0.046168514750459
-63.1727054875628,1.73159491324012,-0.046189712067546
-63.1560658995515,1.73159005135262,-0.0462107757603218
-63.1394263124987,1.73158523475783,-0.0462317044097961
-63.1227867250665,1.73158046406962,-0.0462524964735334
-63.1061471358233,1.73157573987353,-0.0462731504149596
-63.0895075438636,1.73157106272634,-0.0462936648238336
-63.0728679491969,1.73156643315855,-0.0463140383413074
-63.0562283526114,1.7315618516793,-0.0463342694007917
-63.0395887550142,1.73155731877492,-0.0463543564399729
-63.0229491568265,1.73155283490779,-0.046374298002635
-63.0063095577497,1.73154840051601,-0.0463940927430822
-62.9896699570284,1.73154401601329,-0.0464137394153657
-62.9730303540785,1.7315396817896,-0.0464332368619281
-62.9563907489634,1.73153539821185,-0.0464525840525053
-62.9397511425573,1.73153116562259,-0.046471779980287
-62.9231115362402,1.73152698434108,-0.0464908235560329
-62.9064719313081,1.7315228546638,-0.0465097135356573
-62.8898323284407,1.73151877686584,-0.0465284486769253
-62.873192727609,1.73151475120192,-0.0465470277960919
-62.8565531284326,1.73151077790575,-0.0465654498016232
-62.839913530755,1.73150685718988,-0.046583713695158
-62.8232739350898,1.73150298924592,-0.0466018185437065
-62.8066343425913,1.73149917424438,-0.0466197634676644
-62.7899947546279,1.73149541233429,-0.0466375476569515
-62.7733551722401,1.73149170364732,-0.0466551702410587
-62.7567155957577,1.73148804829658,-0.0466726303439727
-62.7400760248545,1.73148444637603,-0.0466899271208226
-62.7234364589857,1.73148089796062,-0.0467070597654887
-62.7067968979185,1.73147740310676,-0.0467240275107879
-62.6901573420147,1.73147396185269,-0.0467408296254077
-62.6735177920959,1.73147057421901,-0.046757465414846
-62.6568782490045,1.73146724020913,-0.0467739342127219
-62.64023871308,1.73146395980968,-0.0467902353704265
-62.6235991839344,1.73146073299083,-0.0468063682597873
-62.6069596606496,1.7314575597067,-0.0468223322773527
-62.5903201422631,1.73145443989562,-0.0468381268462693
-62.5736806282312,1.73145137348051,-0.0468537514156804
-62.557041118584,1.73144836036917,-0.0468692054591849
-62.5404016136775,1.73144540045465,-0.0468844885113813
-62.5237621137078,1.73144249361552,-0.0468996002622875
-62.5071226183461,1.73143963971632,-0.0469145403981594
-62.4904831266651,1.73143683860785,-0.046929308512268
-62.4738436374319,1.73143409012754,-0.0469439040269124
-62.4572041495427,1.73143139409983,-0.0469583263802096
-62.4405646623891,1.73142875033642,-0.0469725751035152
-62.4239251758983,1.73142615863665,-0.0469866498273789
-62.4072856902529,1.73142361878782,-0.0470005502617234
-62.3906462054418,1.73142113056552,-0.0470142761576747
-62.3740067209296,1.73141869373398,-0.0470278272827441
-62.3573672356973,1.73141630804637,-0.0470412034169918
-62.3407277486098,1.73141397324512,-0.0470544043553234
-62.3240882588694,1.73141168906227,-0.047067429910085
-62.3074487662687,1.73140945521976,-0.0470802799134646
-62.2908092710916,1.73140727142976,-0.0470929542251603
-62.2741697737588,1.73140513739495,-0.0471054527351515
-62.2575302744043,1.73140305280602,-0.0471177755449464
-62.2408907726654,1.73140101731473,-0.0471299228666166
-62.224251267875,1.73139903052396,-0.0471418946680195
-62.2076117594387,1.73139709200785,-0.047153690725532
-62.1909722471612,1.73139520132452,-0.0471653108340358
-62.174332731379,1.73139335802291,-0.0471767549430699
-62.1576932128296,1.73139156164629,-0.0471880232405103
-62.1410536922681,1.73138981173441,-0.0471991159070354
-62.1244141700921,1.7313881078245,-0.0472100329449472
-62.1077746462061,1.73138644945139,-0.047220774347941
-62.0911351202444,1.73138483614753,-0.0472313402197423
-62.0744955919897,1.73138326744311,-0.0472417308372509
-62.0578560617226,1.7313817428666,-0.0472519463860592
-62.0412165302404,1.73138026194498,-0.0472619870393514
-62.0245769985257,1.73137882420386,-0.0472718530338521
-62.0079374673454,1.73137742916743,-0.0472815447334762
-61.9912979370455,1.73137607635854,-0.04729106237432
-61.9746584075273,1.73137476529874,-0.0473004061688222
-61.9580188785272,1.73137349550841,-0.0473095763725969
-61.9413793499926,1.73137226650684,-0.0473185732912202
-61.9247398222993,1.73137107781242,-0.0473273972732678
-61.9081002961713,1.73136992894268,-0.0473360487364658
-61.891460772358,1.73136881941443,-0.0473445282527518
-61.8748212513155,1.73136774874376,-0.0473528363860193
-61.8581817330383,1.7313667164463,-0.0473609736411964
-61.8415422171574,1.73136572203744,-0.0473689404778389
-61.8249027032438,1.73136476503242,-0.0473767373370305
-61.8082631911537,1.73136384494692,-0.047384364634847
-61.7916236811162,1.73136296129844,-0.0473918227230888
-61.7749841735744,1.73136211360387,-0.0473991119834991
-61.758344668862,1.73136130137835,-0.0474062328824226
-61.7417051669302,1.73136052413461,-0.0474131860172779
-61.7250656673079,1.73135978138625,-0.0474199720076638
-61.7084261693041,1.73135907264893,-0.0474265913857858
-61.6917866722882,1.73135839744,-0.047433044630004
-61.6751471759646,1.73135775527818,-0.0474393322750674
-61.6585076803969,1.73135714568345,-0.0474454549576266
-61.6418681857823,1.73135656817705,-0.0474514134894443
-61.6252286921913,1.73135602228131,-0.0474572086717794
-61.6085891993166,1.73135550751964,-0.0474628412311185
-61.5919497064856,1.73135502341661,-0.0474683118426863
-61.5753102129068,1.73135456949811,-0.0474736211610192
-61.5586707179837,1.73135414529158,-0.0474787698427317
-61.5420312215054,1.73135375032605,-0.0474837585227259
-61.5253917236006,1.7313533841322,-0.0474885877326587
-61.5087522244666,1.73135304624253,-0.0474932580701899
-61.4921127241039,1.73135273619143,-0.0474977702470627
-61.4754732221897,1.73135245351516,-0.0475021250583797
-61.4588337181544,1.73135219775237,-0.0475063233756979
-61.4421942114046,1.73135196844438,-0.0475103662041276
-61.4255547016448,1.73135176513489,-0.047514254487575
-61.4089151889898,1.73135158736991,-0.0475179890973275
-61.3922756738514,1.73135143469788,-0.0475215708238331
-61.3756361566341,1.73135130666985,-0.047525000332761
-61.3589966374649,1.73135120283941,-0.0475282783147601
-61.342357116131,1.73135112276276,-0.0475314055470972
-61.3257175922453,1.73135106599859,-0.0475343829060443
-61.3090780656069,1.73135103210757,-0.0475372113369971
-61.2924385363071,1.73135102065126,-0.0475398918452191
-61.2757990047418,1.73135103119475,-0.047542425418767
-61.2591594714495,1.73135106330837,-0.0475448130518613
-61.2425199369386,1.73135111656865,-0.0475470557942376
-61.2258804014562,1.73135119055516,-0.047549154656291
-61.2092408649467,1.73135128484935,-0.0475511105983427
-61.1926013272188,1.73135139903502,-0.0475529245661687
-61.1759617882375,1.7313515326982,-0.0475545974616397
-61.1593222482989,1.73135168542571,-0.0475561300101012
-61.142682707958,1.73135185680738,-0.0475575229909495
-61.1260431677809,1.73135204643776,-0.0475587773626377
-61.1094036281036,1.7313522539179,-0.0475598943867555
-61.0927640889869,1.73135247885283,-0.0475608753545563
-61.0761245502956,1.73135272085065,-0.0475617214626476
-61.0594850118483,1.73135297952323,-0.0475624337910393
-61.0428454736411,1.73135325448735,-0.047563013292197
-61.0262059359251,1.73135354536124,-0.0475634608864298
-61.0095663991189,1.73135385176225,-0.0475637774865243
-60.9929268635851,1.73135417330956,-0.0475639641143768
-60.9762873294616,1.73135450962968,-0.0475640217899418
-60.9596477965743,1.731354860355,-0.0475639515634295
-60.9430082645353,1.7313552251224,-0.0475637545676773
-60.9263687329725,1.73135560357253,-0.0475634321027767
-60.9097292017949,1.73135599534963,-0.0475629853961126
-60.8930896711789,1.73135640010211,-0.0475624154095733
-60.8764501413613,1.7313568174816,-0.0475617230670239
-60.8598106124264,1.73135724714197,-0.0475609093968203
-60.843171084205,1.73135768873816,-0.0475599755959282
-60.8265315563173,1.73135814193139,-0.0475589228340084
-60.8098920282906,1.7313586063882,-0.0475577522614632
-60.793252499751,1.73135908177944,-0.0475564650248855
-60.7766129705614,1.73135956778013,-0.0475550622630035
-60.7599734407807,1.73136006406924,-0.0475535451465064
-60.7433339104926,1.73136057032939,-0.0475519149842456
-60.7266943796647,1.7313610862467,-0.0475501730861356
-60.7100548481388,1.73136161151057,-0.0475483206641793
-60.6934153155521,1.73136214581263,-0.0475463587678642
-60.6767757814375,1.73136268884899,-0.0475442884155511
-60.6601362454245,1.73136324032127,-0.0475421107164556
-60.6434967074952,1.73136379993764,-0.0475398268765768
-60.6268571678702,1.73136436741022,-0.0475374379693273
-60.6102176267554,1.73136494245403,-0.0475349450571709
-60.5935780841631,1.73136552478755,-0.047532349272282
-60.5769385398735,1.73136611413372,-0.047529651844495
-60.5602989935605,1.73136671021616,-0.0475268539772223
-60.5436594449509,1.73136731275967,-0.0475239569288667
-60.5270198939754,1.73136792149383,-0.0475209619545345
-60.5103803407985,1.73136853615444,-0.0475178702809701
-60.4937407858088,1.73136915648456,-0.0475146830448157
-60.4771012293246,1.73136978223151,-0.0475114013511139
-60.4604616714109,1.73137041314551,-0.0475080263643838
-60.4438221118746,1.7313710489796,-0.0475045594428834
-60.4271825505392,1.73137168949019,-0.0475010019654513
-60.41054298738,1.73137233443739,-0.0474973551577425
-60.3939034226013,1.73137298358485,-0.0474936199065683
-60.3772638565234,1.73137363669943,-0.0474897971214262
-60.3606242895163,1.73137429355146,-0.0474858879012632
-60.3439847218483,1.73137495391563,-0.0474818935990075
-60.3273451535667,1.73137561757175,-0.0474778156764484
-60.310705584545,1.73137628430171,-0.0474736555791093
-60.2940660146412,1.73137695389262,-0.0474694145972378
-60.277426443892,1.73137762613546,-0.0474650939340878
-60.260786872543,1.73137830082292,-0.0474606947391095
-60.244147300942,1.73137897774652,-0.0474562181354748
-60.2275077293841,1.73137965670149,-0.0474516652584349
-60.2108681580134,1.73138033748857,-0.047447037278195
-60.1942285868172,1.73138101991418,-0.047442335376764
-60.1775890156287,1.73138170379005,-0.047437560725087
-60.1609494442599,1.73138238893269,-0.0474327145094398
-60.1443098726454,1.73138307516389,-0.0474277979855224
-60.1276703009078,1.73138376230795,-0.0474228123985286
-60.1110307292764,1.7313844501901,-0.0474177589259839
-60.0943911579328,1.73138513863552,-0.047412638602428
-60.0777515868936,1.73138582747466,-0.0474074524084051
-60.0611120159867,1.73138651654253,-0.0474022013926144
-60.0444724449109,1.73138720567912,-0.0473968867254146
-60.0278328733937,1.73138789472953,-0.0473915096905618
-60.0111933013383,1.73138858354061,-0.0473860715494147
-59.9945537288276,1.73138927195893,-0.0473805734481984
-59.9779141559937,1.73138995983339,-0.0473750164977727
-59.961274582871,1.73139064701601,-0.047369401831142
-59.9446350093067,1.73139133336083,-0.0473637306592555
-59.9279954350051,1.73139201872599,-0.0473580041965331
-59.9113558596657,1.73139270297444,-0.0473522236254781
-59.8947162830868,1.73139338597362,-0.0473463900912006
-59.8780767052223,1.73139406759579,-0.0473405047139126
-59.8614371261494,1.73139474771991,-0.0473345686030282
-59.8447975459591,1.7313954262266,-0.0473285828664394
-59.8281579646406,1.73139610299549,-0.0473225486141816
-59.8115183820338,1.73139677790316,-0.0473164669582805
-59.7948787978738,1.73139745082881,-0.0473103390121794
-59.7782392119075,1.73139812165652,-0.0473041658995756
-59.7615996240527,1.73139879027559,-0.0472979487573294
-59.7449600343892,1.73139945658304,-0.0472916886794571
-59.7283204430865,1.73140012048513,-0.0472853866607615
-59.7116808502754,1.73140078189241,-0.0472790437054706
-59.6950412559613,1.73140144071742,-0.0472726608602258
-59.6784016600136,1.73140209687413,-0.0472662392075836
-59.6617620622356,1.73140275027804,-0.0472597798616862
-59.6451224625192,1.73140340084652,-0.047253283954362
-59.6284828609267,1.73140404849907,-0.0472467526083602
-59.611843257678,1.73140469315746,-0.0472401869120169
-59.5952036530151,1.73140533474576,-0.0472335879172687
-59.5785640470937,1.73140597319029,-0.0472269566608842
-59.5619244399356,1.73140660841947,-0.047220294179381
-59.5452848314574,1.73140724036378,-0.0472136015125777
-59.5286452215614,1.73140786895566,-0.0472068797003802
-59.5120056102324,1.73140849412895,-0.0472001297972461
-59.4953659975826,1.73140911581754,-0.0471933529169601
-59.4787263838376,1.73140973395772,-0.0471865501523191
-59.4620867692426,1.73141034848945,-0.047179722530839
-59.4454471539595,1.73141095935741,-0.0471728709763575
-59.4288075379995,1.73141156650819,-0.0471659964029306
-59.4121679212634,1.73141216988918,-0.0471590997534421
-59.3955283036402,1.73141276944853,-0.0471521820007284
-59.3788886850956,1.73141336513547,-0.04714524414939
-59.3622490657514,1.73141395690066,-0.0471382872235675
-59.3456094458368,1.73141454469647,-0.0471313122293184
-59.3289698255294,1.73141512847712,-0.047124320138144
-59.3123302048577,1.73141570819876,-0.0471173119014256
-59.2956905836943,1.7314162838194,-0.0471102884760342
-59.2790509618772,1.73141685529883,-0.0471032508303612
-59.2624113393163,1.73141742259852,-0.0470961999162006
-59.245771716005,1.73141798568159,-0.0470891366554646
-59.2291320920073,1.73141854451274,-0.0470820619547475
-59.212492467404,1.73141909905823,-0.0470749767287506
-59.1958528422625,1.73141964928585,-0.047067881894279
-59.1792132165372,1.73142019516493,-0.0470607783514081
-59.1625735900641,1.7314207366663,-0.0470536669861398
-59.1459339626379,1.73142127376227,-0.0470465486763917
-59.1292943341095,1.73142180642667,-0.0470394242952819
-59.1126547044405,1.73142233463473,-0.0470322947112183
-59.0960150736854,1.73142285836314,-0.0470251607864574
-59.0793754419139,1.73142337759,-0.0470180233758189
-59.0627358091257,1.73142389229476,-0.047010883326258
-59.0460961752041,1.73142440245824,-0.0470037414783945
-59.0294565399383,1.73142490806261,-0.0469965986791101
-59.0128169031444,1.73142540909132,-0.0469894557835218
-58.9961772647382,1.73142590552913,-0.0469823136396941
-58.9795376247459,1.73142639736205,-0.0469751730796504
-58.9628979832549,1.73142688457734,-0.0469680349190917
-58.9462583403384,1.73142736716352,-0.0469608999606923
-58.9296186959953,1.73142784511052,-0.0469537689917258
-58.91297905012,1.73142831840967,-0.0469466427847555
-58.8963394025513,1.7314287870534,-0.04693952210562
-58.8796997531566,1.73142925103485,-0.04693240772297
-58.8630601019201,1.73142971034791,-0.0469253004078564
-58.8464204489519,1.73143016498751,-0.0469182009172257
-58.8297807944058,1.73143061494979,-0.046911109980953
-58.8131411383771,1.73143106023211,-0.0469040283081121
-58.796501480853,1.7314315008329,-0.0468969566026658
-58.7798618217265,1.73143193675162,-0.0468898955825098
-58.7632221609022,1.73143236798869,-0.0468828459803871
-58.7465824983641,1.73143279454546,-0.0468758085247205
-58.7299428341942,1.73143321642425,-0.0468687839276411
-58.7133031685426,1.73143363362832,-0.0468617728837885
-58.6966635015623,1.73143404616186,-0.0468547760747546
-58.6800238333524,1.73143445402994,-0.046847794172355
-58.6633841639392,1.73143485723852,-0.0468408278285026
-58.6467444932625,1.7314352557944,-0.0468338776731953
-58.6301048212453,1.73143564970524,-0.0468269443285469
-58.6134651478743,1.73143603897949,-0.0468200284165989
-58.596825473226,1.73143642362642,-0.0468131305600311
-58.580185797428,1.73143680365605,-0.0468062513870395
-58.563546120615,1.73143717907915,-0.0467993915293592
-58.5469064428584,1.73143754990723,-0.0467925516107186
-58.5302667641408,1.73143791615255,-0.046785732243319
-58.5136270844076,1.73143827782814,-0.0467789340169002
-58.4969874035928,1.73143863494768,-0.0467721574957608
-58.4803477216773,1.73143898752555,-0.0467654032338836
-58.4637080387139,1.73143933557673,-0.0467586717843878
-58.4470683547783,1.73143967911683,-0.0467519637760769
-58.4304286698954,1.73144001816187,-0.0467452800295573
-58.413788984104,1.7314403527282,-0.0467386210460469
-58.3971492973633,1.73144068283287,-0.0467319872139886
-58.38050960956,1.73144100849389,-0.0467253789482806
-58.3638699205985,1.7314413297302,-0.0467187967142313
-58.3472302304524,1.73144164656133,-0.0467122410182463
-58.3305905391613,1.73144195900716,-0.0467057123883488
-58.313950846792,1.73144226708792,-0.0466992113539961
-58.2973111533935,1.73144257082404,-0.0466927384152255
-58.280671458898,1.73144287023617,-0.0466862940711448
-58.2640317631328,1.73144316534555,-0.0466798788999048
-58.2473920659338,1.73144345617425,-0.046673493337296
-58.2307523672328,1.7314437427452,-0.0466671377898347
-58.2141126670599,1.73144402508173,-0.0466608126774034
-58.1974729654938,1.73144430320745,-0.0466545184271963
-58.1808332625986,1.73144457714644,-0.0466482554642038
-58.1641935583536,1.73144484692325,-0.0466420242453692
-58.147553852651,1.73144511256252,-0.046635825315661
-58.1309141453726,1.73144537408863,-0.0466296590583058
-58.1142744364377,1.73144563152619,-0.0466235258002079
-58.09763472582,1.73144588490051,-0.0466174258715743
-58.080995013545,1.73144613423743,-0.0466113596192064
-58.0643552996561,1.73144637956367,-0.0466053274006144
-58.04771558422,1.73144662090802,-0.0465993295308075
-58.0310758672774,1.73144685829908,-0.0465933663236204
-58.0144361487743,1.73144709176397,-0.0465874381188267
-57.9977964285926,1.73144732132723,-0.0465815453369302
-57.9811567066447,1.73144754701316,-0.0465756884075175
-57.9645169829551,1.73144776884718,-0.0465698677298877
-57.9478772576247,1.73144798685625,-0.0465640836583314
-57.9312375307529,1.73144820106849,-0.0465583365847918
-57.9145978023757,1.73144841151261,-0.0465526270675216
-57.8979580725294,1.73144861821752,-0.0465469553373356
-57.881318341176,1.73144882121214,-0.0465413215326836
-57.8646786082674,1.73144902052531,-0.0465357258408561
-57.8480388738029,1.73144921618586,-0.0465301685029718
-57.8313991378485,1.73144940822242,-0.0465246497921078
-57.8147594004868,1.73144959666351,-0.0465191700491596
-57.7981196617689,1.73144978153787,-0.0465137297599865
-57.7814799217586,1.73144996287474,-0.0465083291721094
-57.7648401804915,1.73145014070393,-0.0465029684386243
-57.748200437937,1.73145031505538,-0.0464976477078361
-57.7315606940394,1.73145048595902,-0.0464923671506516
-57.714920948775,1.73145065344493,-0.0464871269734425
-57.6982812021947,1.73145081754317,-0.0464819274058969
-57.6816414543744,1.73145097828337,-0.0464767686851536
-57.6650017053819,1.73145113569485,-0.0464716510479459
-57.6483619552426,1.73145128980713,-0.0464665747196951
-57.6317222039211,1.73145144065021,-0.0464615399790994
-57.6150824513228,1.73145158825458,-0.0464565472716667
-57.5984426974288,1.7314517326508,-0.0464515967132312
-57.5818029422425,1.73145187386926,-0.0464466883245515
-57.565163185801,1.73145201194024,-0.0464418222097662
-57.5485234281612,1.73145214689392,-0.046436998616376
-57.5318836694187,1.73145227876049,-0.0464322176417224
-57.5152439095614,1.73145240757016,-0.0464274793187719
-57.4986041484729,1.73145253335315,-0.0464227837014669
-57.481964386001,1.73145265613967,-0.0464181308959072
-57.4653246220574,1.73145277596011,-0.0464135210610159
-57.4486848566455,1.73145289284483,-0.0464089544186155
-57.4320450898364,1.7314530068241,-0.0464044312726953
-57.415405321725,1.73145311792822,-0.0463999517345077
-57.398765552335,1.73145322618739,-0.0463955158367526
-57.382125781586,1.73145333163044,-0.0463911237152721
-57.3654860093299,1.73145343428387,-0.0463867757802015
-57.3488462355334,1.73145353417724,-0.0463824720381425
-57.3322064602061,1.73145363134134,-0.0463782123689572
-57.3155666833732,1.73145372580684,-0.0463739966974381
-57.2989269050594,1.73145381760392,-0.0463698250156336
-57.2822871252629,1.73145390676243,-0.0463656973795572
-57.2656473439596,1.73145399331224,-0.0463616138723735
-57.2490075610981,1.73145407728532,-0.0463575746470394
-57.232367776622,1.73145415871632,-0.0463535799947071
-57.2157279905418,1.73145423764129,-0.0463496299274887
-57.1990882028744,1.73145431409719,-0.0463457243483397
-57.182448413634,1.73145438812144,-0.0463418631758678
-57.1658086228369,1.7314544597517,-0.0463380463777961
-57.1491688305086,1.73145452902538,-0.046334273966222
-57.1325290366658,1.73145459597907,-0.0463305459674606
-57.115889241287,1.73145466064837,-0.0463268624012404
-57.0992494443292,1.73145472306819,-0.0463232232789384
-57.0826096457614,1.73145478327287,-0.0463196286115355
-57.0659698455929,1.7314548412962,-0.0463160784865336
-57.0493300438588,1.73145489717163,-0.0463125731735741
-57.0326902406752,1.73145495093238,-0.0463091126111999
-57.0160504361193,1.73145500261142,-0.0463056966222647
-56.9994106301881,1.73145505224181,-0.0463023250730924
-56.9827708228223,1.73145509985723,-0.0462989979459489
-56.9661310139732,1.73145514549269,-0.0462957152562728
-56.9494912036439,1.73145518918098,-0.0462924769906509
-56.9328513918874,1.73145523094965,-0.0462892830858137
-56.9162115787567,1.73145527082218,-0.0462861335829443
-56.8995717643166,1.73145530882558,-0.0462830284508327
-56.8829319486067,1.73145534498983,-0.0462799676056801
-56.8662921316082,1.73145537934684,-0.0462769509632104
-56.8496523132697,1.73145541193047,-0.0462739784658672
-56.8330124935775,1.73145544277344,-0.0462710499173181
-56.816372672543,1.73145547190631,-0.0462681651164156
-56.7997328501984,1.73145549935785,-0.0462653239136854
-56.7830930265673,1.73145552515567,-0.0462625262794553
-56.766453201638,1.73145554932669,-0.0462597723998326
-56.7498133754434,1.73145557189763,-0.0462570621502952
-56.7331735479852,1.73145559289454,-0.0462543952789357
-56.7165337192371,1.73145561234159,-0.0462517714897785
-56.6998938891616,1.73145563026334,-0.0462491905434147
-56.6832540577361,1.73145564668591,-0.0462466522992863
-56.6666142249568,1.73145566163802,-0.0462441567405664
-56.6499743908196,1.73145567514805,-0.0462417039652333
-56.6333345552823,1.73145568724279,-0.0462392942924657
-56.6166947183897,1.7314556979474,-0.0462369275785899
-56.6000548801642,1.73145570728606,-0.0462346035037017
-56.5834150405738,1.73145571528305,-0.046232321845539
-56.5667751995415,1.73145572196359,-0.0462300826534235
-56.5501353570878,1.73145572735121,-0.0462278856673775
-56.5334955132486,1.73145573146876,-0.0462257305562863
-56.5168556680295,1.73145573433812,-0.0462236170853734
-56.5002158213967,1.73145573597904,-0.0462215451668374
-56.4835759733221,1.73145573641525,-0.0462195146284049
-56.4669361237686,1.73145573567163,-0.0462175252776152
-56.4502962726851,1.73145573377245,-0.0462155770321063
-56.4336564200137,1.73145573073993,-0.0462136700959976
-56.4170165658093,1.73145572659271,-0.0462118043747652
-56.4003767101682,1.73145572135338,-0.0462099794835427
-56.3837368531339,1.73145571504553,-0.0462081950218513
-56.3670969946742,1.73145570769143,-0.0462064507243691
-56.3504571347052,1.73145569931105,-0.0462047465517538
-56.3338172732013,1.73145568992583,-0.0462030822867743
-56.3171774101631,1.73145567955732,-0.0462014576648082
-56.3005375455925,1.73145566822643,-0.0461998725382401
-56.2838976794845,1.73145565595346,-0.0461983270096268
-56.2672578119224,1.73145564275821,-0.0461968208292625
-56.2506179429649,1.73145562866012,-0.0461953536343401
-56.2339780726034,1.73145561367842,-0.0461939251370488
-56.2173382007757,1.73145559783219,-0.0461925352392426
-56.2006983274469,1.73145558114037,-0.0461911838280683
-56.1840584526451,1.73145556362175,-0.0461898706099889
-56.1674185764151,1.73145554529496,-0.0461885952668201
-56.1507786987989,1.73145552617847,-0.0461873575208478
-56.1341388198232,1.73145550629052,-0.0461861571363604
-56.1174989394889,1.73145548564864,-0.0461849939262822
-56.1008590577684,1.73145546426828,-0.0461838677835434
-56.084219174631,1.7314554421663,-0.0461827786255504
-56.0675792900501,1.73145541936428,-0.0461817264544362
-56.0509394040558,1.73145539588306,-0.0461807111461547
-56.0342995167383,1.73145537173951,-0.0461797322710078
-56.0176596281593,1.73145534694908,-0.0461787893647831
-56.0010197383134,1.7314553215268,-0.046177882130192
-55.9843798471315,1.73145529548678,-0.0461770105899761
-55.9677399546058,1.73145526884281,-0.0461761745389201
-55.9511000607385,1.73145524160979,-0.046175373673812
-55.9344601655341,1.73145521380434,-0.0461746076755778
-55.9178202690137,1.73145518544557,-0.0461738761784547
-55.9011803711958,1.73145515655226,-0.046173178852442
-55.8845404720901,1.73145512714174,-0.0461725154239906
-55.8679005716911,1.73145509723,-0.0461718856597826
-55.8512606699776,1.73145506683202,-0.0461712893459367
-55.8346207669193,1.73145503596229,-0.0461707262708763
-55.8179808624903,1.73145500463509,-0.0461701962151252
-55.8013409566781,1.73145497286418,-0.0461696989665083
-55.7847010494778,1.73145494066205,-0.0461692343870653
-55.7680611408926,1.7314549080436,-0.0461688024083973
-55.751421230941,1.73145487502439,-0.0461684029291835
-55.7347813196746,1.73145484161963,-0.0461680355358144
-55.7181414070984,1.73145480784392,-0.0461676997571831
-55.701501493171,1.73145477371134,-0.0461673951895477
-55.6848615778415,1.7314547392355,-0.0461671215084855
-55.6682216610798,1.73145470442973,-0.0461668784516543
-55.6515817428863,1.73145466930721,-0.0461666657912244
-55.6349418232805,1.73145463388103,-0.0461664833089379
-55.6183019022729,1.7314545981642,-0.0461663308173943
-55.6016619798471,1.73145456216964,-0.0461662082099159
-55.5850220559962,1.73145452591021,-0.0461661152080476
-55.5683821306907,1.7314544893986,-0.0461660514873143
-55.5517422039407,1.73145445264739,-0.0461660167740642
-55.5351022757419,1.731454415669,-0.0461660109319762
-55.5184623461088,1.73145437847571,-0.0461660337731957
-55.5018224150841,1.73145434107965,-0.0461660849153936
-55.4851824826852,1.7314543034928,-0.0461661639538109
-55.4685425488854,1.73145426572701,-0.0461662705954927
-55.4519026136148,1.73145422779402,-0.0461664048182052
-55.4352626768561,1.73145418970542,-0.0461665665269051
-55.4186227386619,1.73145415147266,-0.0461667552923926
-55.4019827990668,1.73145411310708,-0.0461669706412079
-55.3853428581164,1.73145407461988,-0.04616721216952
-55.3687029158287,1.73145403602215,-0.0461674795379609
-55.3520629721894,1.73145399732483,-0.0461677724608359
-55.3354230271687,1.73145395853874,-0.0461680906872923
-55.3187830807404,1.73145391967457,-0.0461684339805806
-55.3021431328771,1.73145388074291,-0.0461688021654677
-55.2855031835379,1.73145384175419,-0.0461691952811508
-55.2688632327877,1.73145380271874,-0.0461696132306027
-55.2522232807389,1.73145376364676,-0.0461700555645302
-55.2355833274431,1.73145372454831,-0.0461705217682992
-55.2189433728765,1.73145368543337,-0.0461710114338454
-55.2023034169694,1.73145364631178,-0.046171524373083
-55.1856634596927,1.73145360719352,-0.0461720603974235
-55.1690235010668,1.73145356808866,-0.0461726191392838
-55.1523835411108,1.73145352900708,-0.0461732002080612
-55.1357435798112,1.73145348995815,-0.0461738033015468
-55.11910361713,1.73145345095072,-0.0461744283190432
-55.1024636531171,1.73145341199351,-0.0461750751282664
-55.0858236878377,1.73145337309524,-0.0461757433731003
-55.0691837212832,1.73145333426469,-0.0461764326495068
-55.052543753377,1.73145329551057,-0.0461771426526504
-55.0359037841063,1.73145325684151,-0.0461778732464156
-55.0192638135043,1.73145321826596,-0.0461786241940614
-55.0026238416078,1.73145317979227,-0.0461793951323731
-54.985983868426,1.73145314142869,-0.0461801856939988
-54.9693438939427,1.73145310318333,-0.0461809955505643
-54.9527039181181,1.73145306506426,-0.0461818244138145
-54.9360639408996,1.73145302707941,-0.0461826720390386
-54.9194239623003,1.73145298923592,-0.0461835382200782
-54.9027839823299,1.73145295153834,-0.0461844228165143
-54.8861440009929,1.73145291399251,-0.0461853256768163
-54.8695040182853,1.73145287660847,-0.0461862466721384
-54.8528640342241,1.73145283939721,-0.0461871855483791
-54.8362240488439,1.73145280236792,-0.0461881418275335
-54.8195840621425,1.73145276552838,-0.0461891150291792
-54.8029440740769,1.73145272888549,-0.0461901048131932
-54.7863040845761,1.73145269244574,-0.0461911111192192
-54.7696640936102,1.73145265621456,-0.0461921338833124
-54.7530241011917,1.73145262019362,-0.0461931728731622
-54.7363841074158,1.73145258438458,-0.0461942277629909
-54.7197441123458,1.73145254879241,-0.0461952981370336
-54.7031041159656,1.73145251342368,-0.0461963836281412
-54.6864641182226,1.73145247828437,-0.0461974839151725
-54.6698241190749,1.7314524433797,-0.046198598674723
-54.6531841185035,1.73145240871354,-0.0461997276161662
-54.6365441165068,1.73145237428924,-0.0462008705218315
-54.6199041130793,1.73145234011092,-0.0462020273420474
-54.6032641082352,1.73145230617923,-0.0462031980329581
-54.5866241020082,1.73145227249485,-0.0462043823794021
-54.5699840944486,1.73145223906132,-0.0462055798198549
-54.5533440855879,1.73145220588279,-0.0462067897905568
-54.5367040753949,1.73145217296229,-0.0462080119120615
-54.5200640637657,1.73145214029977,-0.046209246172123
-54.5034240506209,1.73145210789565,-0.0462104926637961
-54.486784036076,1.73145207575462,-0.0462117512156222
-54.4701440202369,1.73145204388243,-0.0462130215054047
-54.4535040031321,1.73145201228353,-0.0462143031564029
-54.4368639847402,1.73145198095945,-0.0462155957432326
-54.4202239650175,1.73145194991079,-0.0462168988752178
-54.4035839439321,1.73145191913617,-0.0462182122009173
-54.3869439214594,1.73145188863301,-0.046219535527315
-54.3703038976038,1.73145185840338,-0.0462208687121818
-54.3536638723697,1.73145182845593,-0.0462222117293888
-54.3370238457625,1.73145179879979,-0.0462235645113578
-54.3203838177854,1.73145176944203,-0.0462249268437492
-54.3037437885428,1.73145174038748,-0.0462262981774172
-54.2871037580726,1.73145171163931,-0.0462276779477506
-54.2704637263296,1.7314516831998,-0.0462290657598515
-54.2538236932317,1.73145165507098,-0.0462304614871609
-54.2371836587429,1.73145162725451,-0.0462318650544353
-54.2205436228847,1.73145159975053,-0.0462332762870441
-54.2039035856738,1.73145157256001,-0.046234694967618
-54.1872635470821,1.73145154568589,-0.0462361209441116
-54.1706235071168,1.73145151913397,-0.0462375542614802
-54.1539834657964,1.73145149291013,-0.0462389948958632
-54.1373434231288,1.73145146701904,-0.0462404426571134
-54.1207033791151,1.73145144146427,-0.0462418971533973
-54.1040633337844,1.73145141624877,-0.0462433579890095
-54.0874232871524,1.73145139137525,-0.0462448248263928
-54.0707832392089,1.731451366846,-0.0462462973860678
-54.0541431899045,1.73145134266255,-0.0462477754450176
-54.037503139214,1.73145131882623,-0.0462492588197626
-54.0208630871319,1.73145129533893,-0.0462507473348332
-54.0042230336539,1.73145127220308,-0.0462522408456646
-53.9875829787644,1.73145124942152,-0.0462537393332529
-53.9709429224961,1.73145122699732,-0.0462552427346259
-53.9543028648847,1.73145120493339,-0.0462567508476444
-53.9376628059569,1.73145118323235,-0.0462582632678072
-53.9210227456993,1.7314511618966,-0.0462597795872303
-53.9043826840695,1.73145114092846,-0.0462612995135422
-53.8877426210252,1.73145112033018,-0.0462628229248974
-53.8711025565895,1.73145110010379,-0.0462643495864768
-53.8544624907881,1.73145108025103,-0.0462658792299952
-53.8378224236247,1.73145106077367,-0.046267411609577
-53.8211823550808,1.73145104167381,-0.0462689465116449
-53.8045422851287,1.73145102295283,-0.0462704838251697
-53.787902213707,1.73145100460886,-0.0462720236974066
-53.7712621408059,1.73145098664321,-0.0462735661191303
-53.7546220665444,1.73145096906077,-0.0462751107346998
-53.7379819909968,1.7314509518666,-0.0462766571099242
-53.7213419141323,1.73145093506408,-0.0462782049314757
-53.7047018358295,1.73145091865295,-0.0462797542297865
-53.6880617560861,1.73145090263099,-0.0462813051318063
-53.6714216749708,1.73145088700083,-0.0462828574708235
-53.6547815925414,1.73145087176739,-0.0462844107882723
-53.6381415087876,1.73145085693464,-0.0462859646411959
-53.6215014236854,1.73145084250468,-0.0462875187573059
-53.6048613371836,1.7314508284773,-0.0462890731493451
-53.5882212492521,1.73145081485308,-0.0462906278250867
-53.5715811598764,1.73145080163347,-0.0462921826962297
-53.5549410691677,1.73145078882098,-0.0462937374452499
-53.5383009771868,1.73145077641794,-0.046295291703786
-53.5216608838995,1.73145076442661,-0.0462968451802016
-53.5050207892045,1.73145075284983,-0.0462983977289451
-53.4883806930712,1.73145074168765,-0.0462999492195548
-53.4717405955793,1.73145073094,-0.0463014994955113
-53.4551004967923,1.73145072060909,-0.0463030483067184
-53.4384603966923,1.73145071069707,-0.0463045954075278
-53.4218202951906,1.73145070120465,-0.0463061406825711
-53.4051801922645,1.73145069212991,-0.0463076842619564
-53.3885400879314,1.73145068347093,-0.0463092262246487
-53.3718999822197,1.73145067522631,-0.0463107664613905
-53.3552598751616,1.73145066739374,-0.0463123045782273
-53.3386197667791,1.73145065997205,-0.0463138401839067
-53.3219796570818,1.73145065296206,-0.0463153730362801
-53.3053395460184,1.73145064636739,-0.0463169031725983
-53.2886994335474,1.73145064019148,-0.0463184306535847
-53.2720593196622,1.7314506344359,-0.0463199554051526
-53.2554192043927,1.73145062909873,-0.0463214770854641
-53.2387790877714,1.73145062417745,-0.0463229953441157
-53.2221389697975,1.73145061967111,-0.0463245099359531
-53.2054988504369,1.73145061558219,-0.0463260207764689
-53.1888587296938,1.73145061191318,-0.0463275278792164
-53.172218607554,1.73145060866457,-0.0463290313501763
-53.1555784840318,1.7314506058398,-0.0463305309602924
-53.1389383590836,1.73145060344165,-0.0463320264256523
-53.122298232704,1.73145060147036,-0.0463335175677523
-53.1056581049341,1.73145059992224,-0.0463350043767767
-53.0890179757668,1.73145059879144,-0.046336487037419
-53.0723778451939,1.73145059807363,-0.046337965665726
-53.0557377132398,1.73145059776712,-0.0463394401609081
-53.0390975799566,1.73145059787226,-0.0463409100484328
-53.0224574453461,1.73145059839038,-0.0463423748512876
-53.0058173093682,1.73145059932342,-0.0463438342563875
-52.9891771719718,1.73145060067482,-0.0463452881558206
-52.9725370331342,1.73145060244704,-0.0463467365236933
-52.9558968928614,1.73145060464092,-0.0463481793404305
-52.9392567511686,1.73145060725597,-0.0463496165631507
-52.9226166080563,1.73145061029083,-0.0463510481244348
-52.9059764635023,1.73145061374335,-0.0463524740022955
-52.8893363174694,1.7314506176104,-0.0463538943909746
-52.8726961700079,1.73145062189155,-0.0463553094127733
-52.8560560212096,1.73145062658729,-0.0463567187607039
-52.8394158711006,1.7314506316979,-0.0463581220415691
-52.8227757196342,1.73145063722324,-0.046359519036463
-52.8061355667165,1.73145064316326,-0.0463609099128581
-52.7894954123339,1.73145064951892,-0.0463622947315383
-52.7728552565178,1.73145065628864,-0.0463636733733681
-52.7562150992743,1.73145066346952,-0.0463650456979824
-52.7395749406079,1.73145067105759,-0.0463664116660055
-52.7229347805445,1.73145067905165,-0.0463677712988557
-52.7062946191002,1.73145068745169,-0.0463691245670121
-52.6896544562707,1.73145069625711,-0.04637047136482
-52.673014292035,1.73145070546517,-0.0463718115015134
-52.6563741263951,1.73145071507372,-0.0463731447849809
-52.6397339593873,1.73145072508375,-0.0463744709991439
-52.6230937910107,1.73145073549771,-0.0463757900025787
-52.6064536212229,1.73145074631639,-0.0463771017376703
-52.5898134499563,1.73145075753755,-0.0463784062312981
-52.5731732772587,1.73145076915976,-0.0463797032667683
-52.5565331032208,1.73145078118167,-0.0463809925891772
-52.5398929278568,1.7314507936018,-0.0463822740364541
-52.523252751107,1.73145080641794,-0.0463835476270024
-52.5066125729309,1.73145081962429,-0.0463848133136528
-52.4899723933035,1.73145083321448,-0.0463860710678996
-52.4733322122313,1.73145084718527,-0.0463873208298385
-52.4566920297522,1.73145086153893,-0.0463885624093542
-52.4400518458752,1.7314508762784,-0.0463897956241749
-52.4234116605625,1.73145089140418,-0.046391020407289
-52.4067714738154,1.73145090691195,-0.0463922368600586
-52.3901312856536,1.73145092279897,-0.0463934449996526
-52.3734910960733,1.73145093906423,-0.0463946447616342
-52.3568509050449,1.73145095570909,-0.0463958360129175
-52.3402107125792,1.73145097273459,-0.046397018645315
-52.3235705187095,1.73145099014059,-0.0463981926124771
-52.3069303234184,1.73145100792586,-0.0463993580361123
-52.2902901266661,1.73145102608849,-0.0464005151145418
-52.2736499284333,1.73145104462623,-0.0464016639328561
-52.2570097287531,1.73145106353588,-0.0464028043267341
-52.240369527679,1.73145108281321,-0.0464039360745053
-52.2237293252144,1.73145110245352,-0.0464050590459297
-52.207089121314,1.73145112245152,-0.0464061732758868
-52.1904489159812,1.73145114280009,-0.0464072784999202
-52.1738087092318,1.73145116349266,-0.04640837445823
-52.1571685010847,1.73145118452457,-0.0464094610199792
-52.1405282915188,1.73145120589402,-0.0464105382025107
-52.1238880804875,1.73145122759937,-0.0464116060871536
-52.1072478679347,1.73145124963802,-0.0464126648295844
-52.0906076538937,1.73145127200641,-0.0464137145482097
-52.0739674384096,1.73145129469946,-0.0464147552825097
-52.0573272214942,1.73145131770871,-0.0464157870494102
-52.0406870031372,1.7314513410272,-0.0464168098036539
-52.0240467833457,1.73145136465307,-0.04641782337229
-52.0074065621099,1.7314513885859,-0.0464188276057712
-51.9907663394344,1.731451412825,-0.0464198224258962
-51.9741261153466,1.73145143736867,-0.0464208077931963
-51.9574858898458,1.73145146221408,-0.0464217836823506
-51.9408456628993,1.73145148735763,-0.0464227500829893
-51.9242054344512,1.73145151279553,-0.0464237070152408
-51.9075652044988,1.73145153852408,-0.0464246545243695
-51.8909249730894,1.73145156453955,-0.0464255926417978
-51.8742847402594,1.7314515908382,-0.0464265213667681
-51.8576445060208,1.73145161741681,-0.0464274406729589
-51.8410042703483,1.73145164427291,-0.0464283505455143
-51.8243640331953,1.73145167140413,-0.0464292511106438
-51.8077237945326,1.7314516988075,-0.0464301426341167
-51.7910835544218,1.73145172648111,-0.0464310249974019
-51.7744433128937,1.73145175442325,-0.046431897976375
-51.7578030698993,1.73145178263196,-0.046432761479957
-51.7411628254087,1.73145181110499,-0.0464336156915431
-51.7245225794908,1.73145183984023,-0.0464344606817627
-51.7078823322015,1.73145186883575,-0.0464352962791447
-51.6912420835169,1.73145189808958,-0.0464361222924115
-51.6746018333457,1.73145192759933,-0.0464369386606693
-51.6579615816217,1.73145195736221,-0.0464377455553862
-51.641321328352,1.73145198737542,-0.046438543177049
-51.6246810736138,1.73145201763678,-0.0464393316454725
-51.6080408174574,1.73145204814466,-0.0464401109843798
-51.5914005598889,1.73145207889754,-0.0464408811593328
-51.5747603008968,1.73145210989346,-0.0464416421127502
-51.5581200404685,1.73145214112997,-0.0464423937493664
-51.5414797786142,1.73145217260434,-0.0464431358520684
-51.5248395153117,1.73145220431342,-0.046443868252203
-51.5081992505276,1.73145223625413,-0.046444590921958
-51.4915589842071,1.73145226842489,-0.0464453040323826
-51.4749187163566,1.73145230082656,-0.0464460077042058
-51.4582784470315,1.73145233345876,-0.046446701966764
-51.4416381763126,1.73145236631956,-0.0464473867816628
-51.4249979042156,1.7314523994055,-0.0464480620415402
-51.4083576306904,1.73145243271319,-0.0464487276535544
-51.3917173556529,1.73145246624109,-0.0464493836244178
-51.3750770790586,1.731452499991,-0.0464500301132431
-51.3584368009548,1.73145253396029,-0.0464506671370839
-51.3417965213889,1.73145256814486,-0.0464512946511548
-51.3251562403656,1.73145260254121,-0.0464519126171617
-51.3085159578398,1.73145263714699,-0.0464525210389184
-51.2918756737939,1.7314526719609,-0.0464531199685083
-51.2752353882449,1.73145270698208,-0.0464537094947495
-51.2585951012256,1.73145274220973,-0.0464542897555098
-51.241954812746,1.73145277764287,-0.0464548608479323
-51.2253145227909,1.73145281328039,-0.046455422838016
-51.2086742313319,1.73145284912106,-0.0464559758293409
-51.1920339383595,1.73145288516357,-0.0464565199002425
-51.1753936438835,1.73145292140661,-0.0464570550874864
-51.1587533479146,1.73145295784912,-0.0464575814273037
-51.1421130504438,1.7314529944907,-0.0464580990150271
-51.1254727514645,1.7314530313298,-0.0464586078397327
-51.1088324509838,1.73145306836451,-0.0464591078744697
-51.0921921490273,1.73145310559306,-0.0464595990759809
-51.0755518456492,1.73145314301394,-0.0464600812761638
-51.0589115408509,1.73145318062579,-0.0464605543352968
-51.0422712345938,1.73145321842741,-0.0464610182041321
-51.0256309268367,1.73145325641766,-0.0464614729109709
-51.0089906175576,1.73145329459537,-0.0464619185296794
-50.9923503067471,1.73145333295956,-0.0464623551911233
-50.9757099943893,1.73145337150963,-0.0464627831654024
-50.9590696804974,1.73145341024419,-0.0464632026511327
-50.942429365087,1.73145344916099,-0.0464636137261716
-50.9257890481475,1.7314534882556,-0.0464640163578312
-50.9091487297158,1.73145352752457,-0.0464644104951098
-50.8925084098656,1.73145356696821,-0.0464647960273525
-50.8758680886069,1.73145360658796,-0.0464651728608234
-50.8592277658811,1.73145364638411,-0.0464655409849394
-50.842587441583,1.73145368635374,-0.0464659005436868
-50.8259471156699,1.73145372649264,-0.046466251753055
-50.8093067882036,1.73145376679939,-0.0464665948090197
-50.7926664592675,1.73145380727761,-0.0464669298920459
-50.7760261289257,1.73145384792901,-0.0464672568884326
-50.7593857971618,1.73145388875289,-0.0464675756095597
-50.7427454639035,1.73145392974547,-0.0464678858902448
-50.7261051291107,1.73145397090286,-0.0464681876804992
-50.7094647927823,1.7314540122225,-0.046468481063173
-50.6928244549345,1.73145405370384,-0.0464687663043171
-50.6761841155677,1.73145409534921,-0.0464690437026347
-50.6595437746737,1.73145413716076,-0.0464693134758442
-50.6429034322368,1.73145417913957,-0.0464695758065193
-50.6262630882724,1.73145422128545,-0.0464698308104232
-50.6096227428046,1.73145426359606,-0.0464700785473318
-50.5929823958809,1.73145430606512,-0.0464703188807843
-50.5763420475173,1.73145434868864,-0.0464705516094768
-50.5597016977019,1.73145439146894,-0.0464707764653447
-50.5430613463703,1.73145443440916,-0.0464709933016142
-50.5264209934759,1.73145447751082,-0.0464712021872446
-50.5097806389985,1.73145452077387,-0.0464714034816194
-50.4931402829956,1.7314545641961,-0.0464715974853841
-50.4764999255229,1.73145460777143,-0.0464717842590683
-50.4598595665699,1.73145465149347,-0.0464719638003529
-50.4432192060681,1.7314546953595,-0.0464721361527618
-50.426578843971,1.73145473937315,-0.046472301521122
-50.4099384803132,1.7314547835386,-0.0464724600589714
-50.3932981152063,1.73145482785789,-0.0464726116522497
-50.3766577487114,1.73145487233077,-0.0464727559944163
-50.3600173807939,1.73145491695563,-0.0464728928516953
-50.3433770113638,1.7314549617305,-0.0464730221836514
-50.3267366403146,1.73145500665363,-0.0464731442886136
-50.3100962675703,1.73145505172333,-0.0464732597496815
-50.2934558932494,1.73145509693777,-0.046473368798667
-50.2768155175153,1.7314551422939,-0.0464734710941872
-50.2601751403936,1.73145518778938,-0.0464735662447617
-50.2435347617599,1.73145523342328,-0.0464736541295975
-50.2268943815075,1.73145527919682,-0.0464737350432608
-50.2102539996697,1.73145532511094,-0.0464738091454834
-50.1936136163456,1.73145537116563,-0.0464738764930772
-50.1769732315694,1.73145541736009,-0.0464739370986138
-50.1603328453088,1.73145546369301,-0.0464739909714298
-50.1436924575072,1.731455510163,-0.0464740381481885
-50.1270520681362,1.73145555676885,-0.0464740786952819
-50.1104116771923,1.73145560350913,-0.0464741127377457
-50.0937712846746,1.73145565038182,-0.0464741405154118
-50.0771308906265,1.73145569738609,-0.0464741620600864
-50.0604904950758,1.73145574452157,-0.0464741773322231
-50.0438500980079,1.73145579178833,-0.0464741863316944
-50.0272096993718,1.73145583918788,-0.0464741891780983
-50.0105692991872,1.73145588671996,-0.0464741860131484
-49.9939288974846,1.73145593437895,-0.0464741769189232
-49.9772884942658,1.73145598215743,-0.0464741618788894
-49.9606480894789,1.73145603005093,-0.0464741408838581
-49.9440076831289,1.73145607806108,-0.0464741139565205
-49.9273672752228,1.73145612619504,-0.0464740812868762
-49.9107268657748,1.73145617445799,-0.0464740430918916
-49.894086454775,1.73145622284941,-0.0464739995886073
-49.877446042224,1.73145627136614,-0.0464739508944112
-49.8608056281193,1.73145632000485,-0.0464738970725892
-49.8441652124579,1.73145636876299,-0.0464738382211783
-49.8275247952297,1.73145641763984,-0.0464737745716328
-49.8108843764787,1.73145646663847,-0.0464737061715698
-49.7942439562507,1.7314565157595,-0.0464736329200002
-49.7776035345507,1.73145656499812,-0.0464735546500425
-49.7609631113244,1.73145661434599,-0.0464734713633447
-49.7443226865185,1.73145666379693,-0.0464733831794983
-49.727682260104,1.73145671335006,-0.0464732903284206
-49.7110418321486,1.73145676300586,-0.0464731929314583
-49.6944014027047,1.73145681276442,-0.0464730909757007
-49.6777609717852,1.73145686262484,-0.0464729842818098
-49.661120539344,1.73145691258524,-0.0464728727128769
-49.644480105342,1.73145696264385,-0.0464727562910344
-49.6278396697537,1.73145701280152,-0.0464726352387164
-49.6111992326193,1.73145706305302,-0.0464725096005126
-49.5945587939868,1.73145711339218,-0.0464723793504587
-49.5779183538543,1.73145716381359,-0.0464722444988125
-49.5612779121691,1.73145721431016,-0.0464721051933286
-49.5446374688752,1.73145726487688,-0.0464719616386496
-49.5279970239609,1.73145731551354,-0.0464718141335314
-49.5113565774635,1.73145736622148,-0.046471662895334
-49.494716129437,1.73145741700207,-0.0464715080204438
-49.4780756799188,1.73145746785658,-0.0464713494618987
-49.4614352289445,1.73145751878507,-0.0464711868686472
-49.4447947764728,1.73145756978634,-0.0464710199493027
-49.4281543224213,1.73145762085869,-0.0464708487116104
-49.4115138667231,1.73145767200031,-0.0464706735966518
-49.39487340946,1.73145772320652,-0.0464704947373598
-49.3782329506981,1.73145777447308,-0.0464703121108371
-49.3615924904258,1.73145782579846,-0.0464701257234042
-49.3449520285705,1.73145787718565,-0.046469935775384
-49.328311565146,1.73145792863542,-0.0464697425293731
-49.3116711001767,1.73145798014666,-0.0464695461419027
-49.2950306336622,1.73145803171759,-0.0464693466777239
-49.2783901655778,1.73145808334675,-0.0464691441907034
-49.2617496959234,1.73145813503266,-0.0464689386570704
-49.2451092247321,1.73145818676967,-0.046468729856957
-49.228468752032,1.73145823855472,-0.0464685175434679
-49.2118282778129,1.73145829038738,-0.0464683016089306
-49.1951878020266,1.73145834226926,-0.0464680821571128
-49.1785473246412,1.73145839420015,-0.0464678594167661
-49.1619068456696,1.73145844617976,-0.0464676336084941
-49.1452663651199,1.73145849820956,-0.0464674049376805
-49.1286258829928,1.7314585502907,-0.0464671735698306
-49.1119853993046,1.73145860242269,-0.0464669395396183
-49.0953449140994,1.73145865460235,-0.0464667026246713
-49.0787044273863,1.73145870682655,-0.0464664626145634
-49.0620639391364,1.73145875909425,-0.0464662194445662
-49.0454234493062,1.7314588114079,-0.0464659732272821
-49.0287829578958,1.73145886376741,-0.0464657239899639
-49.0121424649135,1.73145891617164,-0.0464654717522987
-48.9955019703658,1.7314589686198,-0.0464652165504858
-48.9788614742571,1.7314590211126,-0.0464649583968895
-48.9622209765618,1.73145907365062,-0.0464646973308944
-48.945580477244,1.73145912623373,-0.0464644334662045
-48.9289399763462,1.73145917886127,-0.0464641669961642
-48.912299473893,1.7314592315324,-0.0464638981247419
-48.8956589698421,1.73145928424622,-0.0464636271824766
-48.8790184641591,1.7314593370013,-0.0464633543546729
-48.8623779569006,1.73145938979443,-0.0464630795632017
-48.8457374481366,1.73145944262298,-0.0464628026709078
-48.829096937876,1.73145949548616,-0.0464625235942456
-48.8124564260671,1.73145954838608,-0.0464622423819748
-48.7958159126431,1.73145960132492,-0.0464619591469139
-48.7791753975811,1.73145965430377,-0.0464616740457242
-48.7625348808882,1.73145970732267,-0.0464613873086581
-48.7458943625946,1.73145976038092,-0.0464610991302299
-48.72925384274,1.73145981347743,-0.0464608095932321
-48.7126133213877,1.73145986661106,-0.0464605184488558
-48.6959727985538,1.73145991978079,-0.0464602254473194
-48.6793322742265,1.73145997298583,-0.0464599304594146
-48.6626917483618,1.73146002622554,-0.0464596334643989
-48.6460512208972,1.73146007949939,-0.0464593345740418
-48.6294106917568,1.73146013280695,-0.0464590341320616
-48.6127701609526,1.73146018614802,-0.0464587324613479
-48.5961296285515,1.73146023952246,-0.0464584297211477
-48.5794890946287,1.73146029292998,-0.0464581258212504
-48.5628485592223,1.73146034636998,-0.0464578205523099
-48.5462080223132,1.73146039984169,-0.0464575137566897
-48.5295674838563,1.73146045334434,-0.0464572053768819
-48.5129269438143,1.7314605068773,-0.0464568954406697
-48.4962864021716,1.73146056044002,-0.0464565840271831
-48.4796458589318,1.731460614032,-0.0464562712335016
-48.4630053141071,1.73146066765275,-0.0464559571519282
-48.446364767705,1.73146072130177,-0.046455641878531
-48.4297242197188,1.73146077497856,-0.0464553255595617
-48.4130836701474,1.73146082868266,-0.0464550082976161
-48.3964431189958,1.73146088241359,-0.0464546900898905
-48.3798025662716,1.73146093617091,-0.046454370921722
-48.363162011969,1.7314609899542,-0.0464540508398105
-48.3465214560524,1.73146104376305,-0.0464537300537954
-48.3298808985228,1.73146109759704,-0.0464534087340956
-48.3132403394231,1.7314611514558,-0.046453086849837
-48.2965997787744,1.73146120533894,-0.0464527643340286
-48.2799592165545,1.73146125924611,-0.0464524412196966
-48.2633186527224,1.73146131317696,-0.0464521177842663
-48.2466780872774,1.73146136713113,-0.0464517942353472
-48.2300375202766,1.73146142110831,-0.0464514704762843
-48.2133969517683,1.73146147510818,-0.0464511463474983
-48.1967563817298,1.73146152913043,-0.0464508218116245
-48.180115810078,1.73146158317476,-0.0464504971415884
-48.1634752367869,1.73146163724089,-0.0464501725297283
-48.1468346618725,1.73146169132853,-0.0464498480644431
-48.1301940853591,1.73146174543742,-0.046449523724063
-48.1135535072611,1.73146179956729,-0.0464491993005754
-48.0969129276134,1.73146185371789,-0.0464488746294531
-48.0802723464251,1.73146190788814,-0.0464485496721711
-48.0636317636785,1.73146196207426,-0.0464482245546331
-48.0469911793633,1.73146201627416,-0.0464478993888032
-48.0303505934601,1.73146207048816,-0.046447574269134
-48.0137100059366,1.73146212471939,-0.0464472493341258
-47.9970694167772,1.73146217897082,-0.046446924666675
-47.9804288260317,1.7314622332438,-0.0464466001748845
-47.9637882337364,1.73146228753818,-0.046446275750914
-47.9471476398824,1.7314623418531,-0.046445951390397
-47.93050704441,1.73146239618801,-0.0464456273302396
-47.9138664473311,1.73146245054281,-0.0464453037944728
-47.8972258486808,1.73146250491728,-0.0464449808559793
-47.8805852484837,1.73146255931091,-0.046444658501792
-47.8639446467365,1.73146261372296,-0.046444336687258
-47.8473040434156,1.73146266815287,-0.0464440153723258
-47.8306634384828,1.73146272260038,-0.0464436945314686
-47.814022831933,1.73146277706566,-0.0464433741154045
-47.7973822237828,1.73146283154916,-0.0464430541116763
-47.7807416140386,1.73146288605129,-0.0464427345728356
-47.7641010026945,1.73146294057221,-0.0464424156478044
-47.7474603897425,1.7314629951119,-0.0464420975242225
-47.7308197751983,1.73146304966963,-0.0464417804289165
-47.7141791591094,1.73146310424363,-0.0464414643499118
-47.6975385415113,1.73146315883289,-0.0464411491818963
-47.6808979223884,1.73146321343783,-0.0464408348305326
-47.6642573016875,1.73146326805999,-0.0464405212662381
-47.6476166793515,1.73146332270128,-0.0464402084653159
-47.6309760554121,1.73146337736479,-0.0464398962479699
-47.6143354299228,1.73146343205224,-0.0464395844710689
-47.5976948028892,1.73146348676282,-0.0464392731048359
-47.5810541742708,1.73146354149283,-0.0464389622661412
-47.5644135440097,1.7314635962394,-0.0464386521529555
-47.5477729120838,1.73146365100202,-0.046438343069675
-47.5311322785475,1.73146370578127,-0.0464380352431352
-47.5144916434617,1.73146376057776,-0.0464377287979854
-47.4978510068312,1.73146381539153,-0.0464374238262561
-47.4812103686709,1.73146387022249,-0.0464371200851261
-47.464569728945,1.73146392507015,-0.0464368172978429
-47.4479290876127,1.73146397993226,-0.0464365152620213
-47.4312884446849,1.73146403480709,-0.0464362139116639
-47.4146478002312,1.73146408969443,-0.0464359132744213
-47.3980071542501,1.73146414459603,-0.0464356134771158
-47.3813665066733,1.73146419951186,-0.046435314713247
-47.3647258574196,1.73146425444201,-0.0464350171836552
-47.3480852065045,1.7314643093885,-0.0464347211112072
-47.3314445539876,1.73146436435392,-0.0464344265961589
-47.3148038999143,1.73146441933984,-0.0464341336340418
-47.2981632443067,1.73146447434675,-0.046433842133719
-47.281522587179,1.73146452937436,-0.0464335518649563
-47.2648819285154,1.73146458442173,-0.046433262642908
-47.2482412682679,1.73146463948768,-0.0464329744361428
-47.2316006063576,1.73146469457149,-0.0464326875055789
-47.2149599427846,1.73146474967133,-0.0464324022269499
-47.1983192775926,1.73146480478522,-0.0464321188516032
-47.1816786108207,1.73146485991151,-0.046431837474713
-47.1650379424815,1.73146491504877,-0.0464315580797154
-47.1483972725837,1.73146497019499,-0.0464312805722511
-47.1317566011318,1.73146502534801,-0.0464310048556223
-47.11511592813,1.73146508050575,-0.0464307308674283
-47.0984752535816,1.73146513566729,-0.0464304585307017
-47.0818345775209,1.73146519083233,-0.0464301875210084
-47.0651938999188,1.7314652460012,-0.0464299175775059
-47.0485532207227,1.73146530117439,-0.0464296486483906
-47.0319125398587,1.73146535635185,-0.0464293810383744
-47.0152718572985,1.73146541153363,-0.0464291152682038
-46.9986311731643,1.73146546672051,-0.0464288511870037
-46.9819904875248,1.73146552191266,-0.0464285884717562
-46.9653498003383,1.7314655771089,-0.0464283269886823
-46.9487091115373,1.73146563230605,-0.0464280670049554
-46.9320684211097,1.73146568750143,-0.046427808802091
-46.9154277290976,1.73146574269297,-0.0464275524368384
-46.8987870355295,1.73146579787866,-0.0464272977366263
-46.8821463403989,1.73146585305676,-0.0464270445326802
-46.8655056436693,1.73146590822647,-0.0464267927837943
-46.8488649453132,1.73146596338785,-0.0464265426593838
-46.8322242453404,1.73146601854116,-0.0464262943404958
-46.8155835437996,1.73146607368634,-0.0464260478919694
-46.7989428407315,1.73146612882296,-0.0464258031671958
-46.7823021361295,1.73146618395037,-0.0464255600028522
-46.7656614299619,1.73146623906788,-0.0464253183025317
-46.7490207222006,1.73146629417488,-0.0464250780378271
-46.7323800128277,1.73146634927079,-0.0464248392278772
-46.7157393018261,1.73146640435475,-0.0464246019241621
-46.6990985892049,1.73146645942556,-0.0464243661931484
-46.6824578749798,1.73146651448215,-0.046424132095204
-46.6658171591463,1.73146656952406,-0.0464238996870763
-46.6491764417079,1.73146662455087,-0.0464236690440729
-46.6325357226664,1.73146667956041,-0.0464234402987228
-46.6158950020407,1.73146673455067,-0.0464232135668958
-46.5992542798827,1.73146678951981,-0.0464229889242892
-46.5826135562026,1.73146684446848,-0.0464227663638587
-46.5659728309581,1.7314668994031,-0.046422545808476
-46.54933210407,1.73146695432959,-0.046422327216545
-46.5326913755731,1.73146700924965,-0.046422110587923
-46.5160506455152,1.73146706415841,-0.0464218959156429
-46.4994099139047,1.73146711905041,-0.0464216831870823
-46.4827691807038,1.73146717392259,-0.0464214724068658
-46.4661284458813,1.73146722877433,-0.0464212636101992
-46.4494877094387,1.73146728360679,-0.0464210568658185
-46.4328469713898,1.73146733842338,-0.0464208522834934
-46.4162062317617,1.73146739322681,-0.0464206498696579
-46.3995654905904,1.73146744801984,-0.0464204495501676
-46.3829247479099,1.73146750280399,-0.0464202512558253
-46.3662840037074,1.73146755757978,-0.0464200549906662
-46.3496432579276,1.73146761234499,-0.0464198608405913
-46.3330025105195,1.73146766709728,-0.0464196688885714
-46.3163617614704,1.73146772183433,-0.046419479181157
-46.2997210108089,1.73146777655171,-0.0464192917011791
-46.2830802585669,1.73146783124727,-0.0464191063853263
-46.2664395047756,1.73146788592403,-0.046418923080837
-46.249798749453,1.73146794058587,-0.0464187416683532
-46.2331579926064,1.73146799523533,-0.0464185621548276
-46.2165172341884,1.73146804987358,-0.0464183847398379
-46.1998764742131,1.73146810450167,-0.0464182092356601
-46.1832357126755,1.73146815912027,-0.0464180354021412
-46.1665949495689,1.73146821372862,-0.0464178631824001
-46.1499541848374,1.73146826832248,-0.0464176928982085
-46.133313418464,1.73146832289807,-0.046417524867139
-46.116672650489,1.73146837745425,-0.0464173591981804
-46.1000318809825,1.73146843199362,-0.0464171956630895
-46.0833911099654,1.73146848651935,-0.0464170339879519
-46.0667503374074,1.73146854103364,-0.0464168739904826
-46.0501095632675,1.73146859553756,-0.0464167155956937
-46.0334687874934,1.73146865003123,-0.0464165588947633
-46.016828010065,1.7314687045128,-0.0464164042499246
-46.0001872310434,1.73146875897743,-0.0464162517898298
-45.9835464504949,1.73146881342526,-0.0464161013558636
-45.9669056684233,1.73146886785855,-0.0464159527591206
-45.9502648847858,1.73146892227974,-0.0464158059744467
-45.9336240995037,1.73146897669095,-0.0464156613523685
-45.9169833125738,1.73146903109301,-0.0464155191137692
-45.900342524028,1.73146908548724,-0.0464153792853468
-45.883701733901,1.73146913987448,-0.0464152418253573
-45.8670609422322,1.73146919425468,-0.0464151066345413
-45.8504201491088,1.73146924862533,-0.0464149733969743
-45.8337793545318,1.7314693029839,-0.0464148418176823
-45.8171385584195,1.7314693573287,-0.0464147118138497
-45.8004977606523,1.73146941165853,-0.0464145837041481
-45.7838569611913,1.7314694659747,-0.0464144577662289
-45.7672161600649,1.73146952028276,-0.0464143340221295
-45.7505753573372,1.73146957458664,-0.0464142123903853
-45.7339345530704,1.73146962888464,-0.0464140927485437
-45.7172937472956,1.7314696831701,-0.0464139750625539
-45.7006529400404,1.73146973743913,-0.0464138591162255
-45.6840121312773,1.73146979169033,-0.0464137447045679
-45.6673713209487,1.73146984592366,-0.0464136317426819
-45.6507305090029,1.73146990013981,-0.0464135202980341
-45.6340896954289,1.73146995433986,-0.0464134104645431
-45.6174488802464,1.73147000852622,-0.0464133022992173
-45.6008080634686,1.73147006270292,-0.0464131959026495
-45.5841672451018,1.73147011687191,-0.0464130913635043
-45.5675264251401,1.73147017103083,-0.0464129887536466
-45.5508856036148,1.7314702251751,-0.0464128879707449
-45.5342447805565,1.73147027930095,-0.0464127888775205
-45.5176039559599,1.73147033340633,-0.0464126913968164
-45.500963129781,1.73147038749065,-0.0464125955889704
-45.484322301976,1.73147044155421,-0.0464125015326452
-45.4676814725647,1.73147049559739,-0.0464124092175669
-45.4510406416076,1.73147054961963,-0.0464123185671922
-45.434399809129,1.73147060362037,-0.0464122295005116
-45.4177589751007,1.73147065759965,-0.0464121419749222
-45.4011181394523,1.73147071155873,-0.0464120560342702
-45.3844773021726,1.73147076549874,-0.0464119717615951
-45.3678364633216,1.73147081942028,-0.0464118892112209
-45.3511956229354,1.73147087332342,-0.0464118083852612
-45.3345547809988,1.7314709272079,-0.0464117292407728
-45.3179139374578,1.73147098107333,-0.0464116516907079
-45.301273092309,1.73147103491934,-0.0464115756913239
-45.2846322455726,1.73147108874561,-0.0464115012377722
-45.2679913972753,1.73147114255194,-0.0464114283431617
-45.2513505474531,1.73147119633822,-0.0464113570107811
-45.2347096961,1.73147125010437,-0.0464112872255959
-45.2180688431778,1.7314713038503,-0.0464112189716592
-45.2014279886351,1.73147135757558,-0.0464111522873343
-45.1847871324444,1.73147141127956,-0.0464110873564668
-45.1681462746185,1.73147146496177,-0.046411024341367
-45.151505415177,1.73147151862223,-0.0464109633538903
-45.1348645541607,1.7314715722613,-0.0464109044052622
-45.1182236916344,1.73147162587937,-0.0464108473348926
-45.1015828276118,1.73147167947665,-0.0464107919385572
-45.0849419620613,1.7314717330532,-0.0464107380022026
-45.0683010949119,1.73147178660901,-0.0464106854097533
-45.051660226134,1.73147184014412,-0.0464106341558792
-45.0350193557294,1.73147189365856,-0.0464105843826607
-45.0183784836844,1.73147194715239,-0.0464105364744938
-45.0017376100679,1.73147200062568,-0.046410490402662
-44.9850967349252,1.73147205407846,-0.0464104459906169
-44.9684558582596,1.73147210751078,-0.0464104030880542
-44.951814980059,1.73147216092266,-0.0464103615970109
-44.9351741002983,1.7314722143141,-0.0464103214693208
-44.918533218951,1.73147226768512,-0.0464102826964739
-44.9018923359945,1.73147232103572,-0.0464102452988407
-44.8852514514245,1.73147237436589,-0.0464102093476217
-44.8686105652458,1.73147242767554,-0.0464101750010134
-44.8519696774974,1.73147248096451,-0.0464101422407475
-44.8353287882019,1.73147253423265,-0.0464101109829348
-44.8186878973476,1.73147258747994,-0.0464100811929443
-44.8020470048981,1.73147264070648,-0.0464100529965771
-44.785406110852,1.73147269391239,-0.0464100265147936
-44.7687652152643,1.73147274709774,-0.0464100017477351
-44.7521243181784,1.73147280026246,-0.0464099784854096
-44.7354834195804,1.73147285340624,-0.0464099565095367
-44.7188425193998,1.7314729065283,-0.0464099357629647
-44.7022016175454,1.73147295962746,-0.0464099164946781
-44.6855607140515,1.7314730127026,-0.046409898747078
-44.6689198089953,1.7314730657528,-0.046409882395127
-44.6522789024118,1.73147311877731,-0.0464098673108505
-44.6356379942884,1.73147317177538,-0.0464098534236307
-44.6189970846513,1.73147322474614,-0.0464098407021092
-44.6023561735061,1.73147327768852,-0.0464098291155202
-44.5857152608225,1.73147333060124,-0.0464098186348958
-44.5690743465606,1.73147338348318,-0.0464098092422232
-44.5524334306805,1.73147343633367,-0.0464098009855644
-44.5357925131493,1.73147348915245,-0.0464097940992931
-44.519151593975,1.73147354193909,-0.0464097887831788
-44.5025106731949,1.73147359469283,-0.0464097851345033
-44.4858697508349,1.73147364741301,-0.0464097831816948
-44.4692288269239,1.73147370009932,-0.0464097828787466
-44.4525879014755,1.7314737527517,-0.0464097841507283
-44.4359469744982,1.73147380537062,-0.0464097868952498
-44.419306046022,1.73147385795831,-0.0464097909059125
-44.4026651160357,1.73147391051643,-0.0464097960058014
-44.3860241844886,1.73147396304485,-0.0464098021210687
-44.3693832512998,1.73147401554075,-0.0464098093314127
-44.3527423164362,1.73147406800129,-0.0464098177719173
-44.3361013799316,1.73147412042459,-0.0464098275602227
-44.319460441842,1.73147417280977,-0.0464098387635251
-44.3028195022038,1.73147422515669,-0.0464098514170054
-44.2861785610189,1.7314742774655,-0.046409865586832
-44.269537618278,1.73147432973616,-0.0464098812857061
-44.2528966739954,1.73147438196792,-0.0464098983988191
-44.2362557282072,1.73147443416023,-0.0464099167839613
-44.219614780903,1.73147448631315,-0.0464099363219439
-44.2029738320332,1.7314745384276,-0.0464099569576385
-44.1863328815508,1.73147459050494,-0.0464099786308621
-44.1696919294631,1.73147464254798,-0.046410001116255
-44.1530509757706,1.73147469455874,-0.0464100242577158
-44.1364100205736,1.73147474653751,-0.0464100480045295
-44.1197690638969,1.7314747984818,-0.0464100723884827
-44.103128105669,1.73147485038871,-0.0464100975179642
-44.086487145756,1.73147490225552,-0.0464101237131119
-44.0698461841583,1.73147495408194,-0.0464101511389963
-44.0532052209536,1.73147500586865,-0.0464101798181784
-44.036564256239,1.73147505761635,-0.0464102096503427
-44.0199232900671,1.731475109325,-0.0464102403714871
-44.0032823224101,1.73147516099432,-0.0464102717470869
-43.9866413531868,1.73147521262343,-0.0464103036775919
-43.9700003823475,1.73147526420961,-0.0464103362351325
-43.9533594099121,1.73147531575126,-0.0464103695396542
-43.9367184359005,1.73147536724992,-0.0464104037331972
-43.920077460314,1.73147541870766,-0.0464104389190015
-43.9034364831248,1.73147547012579,-0.0464104752306878
-43.8867955043529,1.73147552150487,-0.0464105128105588
-43.870154524032,1.73147557284546,-0.0464105516877008
-43.8535135421861,1.73147562415039,-0.0464105917638856
-43.8368725588097,1.7314756754231,-0.0464106329558977
-43.8202315739211,1.73147572666029,-0.0464106749849798
-43.803590587543,1.73147577785571,-0.0464107174045278
-43.786949599669,1.73147582900469,-0.0464107599001558
-43.7703086102407,1.73147588010537,-0.0464108024256201
-43.75366761916,1.73147593115951,-0.0464108453988795
-43.7370266263735,1.7314759821696,-0.0464108894172065
-43.7203856319397,1.73147603313752,-0.0464109347589934
-43.7037446359445,1.73147608406482,-0.0464109814562934
-43.6871036384389,1.73147613495282,-0.0464110294122956
-43.6704626394293,1.73147618580008,-0.0464110784841795
-43.6538216389042,1.73147623659798,-0.046411128493806
-43.6371806368719,1.73147628734453,-0.0464111791081005
-43.6205396333341,1.73147633804431,-0.0464112299705228
-43.6038986282653,1.73147638870245,-0.046411280875775
-43.5872576216206,1.7314764393225,-0.0464113318128178
-43.5706166133448,1.73147648990633,-0.0464113830065205
-43.5539756034429,1.73147654045442,-0.0464114346928821
-43.5373345919621,1.73147659096669,-0.0464114869645637
-43.5206935789583,1.73147664144377,-0.0464115396508053
-43.5040525644319,1.73147669188625,-0.0464115925547959
-43.4874115483451,1.73147674229396,-0.0464116455717958
-43.4707705306701,1.73147679266534,-0.046411698714187
-43.4541295114103,1.73147684299866,-0.0464117520348972
-43.4374884905749,1.7314768932926,-0.0464118055834944
-43.4208474681853,1.73147694354674,-0.0464118593875707
-43.4042064442454,1.73147699376157,-0.0464119134484489
-43.3875654187198,1.73147704393788,-0.0464119678130967
-43.3709243915154,1.73147709407629,-0.046412022750417
-43.3542833626449,1.73147714417717,-0.04641207851571
-43.3376423322343,1.73147719424075,-0.0464121352181413
-43.3210013003456,1.73147724426729,-0.0464121928458468
-43.3043602669463,1.73147729425695,-0.0464122513207284
-43.2877192319258,1.73147734420949,-0.0464123106439769
-43.2710781952369,1.73147739412396,-0.0464123709255459
-43.2544371569693,1.73147744399936,-0.0464124319914434
-43.2377961172481,1.73147749383819,-0.0464124935022371
-43.2211550761016,1.73147754364272,-0.0464125551587206
-43.2045140334814,1.73147759341154,-0.0464126167441852
-43.1878729893,1.73147764314002,-0.046412678257636
-43.1712319434704,1.73147769282355,-0.0464127399026451
-43.1545908959427,1.73147774246358,-0.0464128019653598
-43.1379498468406,1.73147779206331,-0.0464128643789302
-43.1213087962581,1.7314778416254,-0.0464129269517164
-43.1046677441777,1.73147789115167,-0.0464129895703756
-43.0880266904749,1.73147794064393,-0.0464130523855901
-43.0713856351171,1.73147799010299,-0.046413115607612
-43.054744578148,1.73147803952647,-0.0464131793601501
-43.0381035196439,1.73147808890498,-0.0464132435838173
-43.0214624596555,1.73147813823455,-0.0464133080482506
-43.0048213981938,1.73147818751787,-0.0464133725061393
-42.9881803352423,1.73147823676142,-0.0464134368795945
-42.9715392707418,1.73147828597177,-0.0464135012564328
-42.954898204623,1.73147833515084,-0.0464135657919272
-42.9382571368365,1.73147838429784,-0.0464136305424262
-42.9216160674152,1.73147843341102,-0.0464136955348009
-42.9049749964365,1.73147848248883,-0.0464137608013436
-42.8883339239301,1.73147853152987,-0.0464138264522629
-42.8716928498996,1.73147858053407,-0.0464138925252004
-42.8550517743202,1.73147862950061,-0.0464139589878204
-42.8384106972146,1.73147867842648,-0.046414025715685
-42.8217696185865,1.73147872730944,-0.0464140925749299
-42.8051285384026,1.73147877614922,-0.046414159527535
-42.7884874565962,1.73147882494842,-0.0464142267844261
-42.7718463731659,1.73147887370966,-0.0464142945147566
-42.7552052881639,1.73147892243447,-0.0464143626489914
-42.7385642016168,1.73147897112404,-0.0464144310377783
-42.7219231135313,1.7314790197806,-0.0464144994999722
-42.7052820239118,1.73147906840519,-0.0464145679151754
-42.6886409327678,1.73147911699702,-0.0464146362533266
-42.6719998400719,1.73147916555341,-0.0464147046193825
-42.6553587457922,1.73147921407164,-0.0464147731233865
-42.6387176499169,1.73147926254902,-0.0464148417721284
-42.6220765525008,1.73147931098084,-0.0464149103042426
-42.6054354535916,1.73147935936358,-0.0464149784623343
-42.5887943531814,1.73147940769628,-0.0464150461118221
-42.5721532512201,1.73147945598138,-0.0464151132856351
-42.5555121476457,1.73147950422179,-0.0464151801723255
-42.5388710423934,1.73147955241957,-0.0464152472608136
-42.522229935496,1.73147960057558,-0.0464153148146103
-42.5055888270357,1.73147964868974,-0.0464153827830699
-42.488947717065,1.73147969676141,-0.0464154510084125
-42.4723066055858,1.73147974478979,-0.0464155193835337
-42.4556654925751,1.73147979277422,-0.0464155879262136
-42.4390243780586,1.73147984071424,-0.0464156563545184
-42.4223832620349,1.73147988860961,-0.0464157243872931
-42.4057421444762,1.73147993646025,-0.0464157918744746
-42.3891010253541,1.73147998426611,-0.0464158587791226
-42.3724599046459,1.7314800320272,-0.0464159251717525
-42.3558187823154,1.73148007974293,-0.0464159913015288
-42.3391776583322,1.73148012741087,-0.0464160574655351
-42.3225365327225,1.73148017502831,-0.0464161238512669
-42.3058954055429,1.73148022259132,-0.0464161904783061
-42.2892542768286,1.73148027009759,-0.0464162572856074
-42.2726131465917,1.73148031754757,-0.0464163242077738
-42.2559720148327,1.73148036494552,-0.0464163912283193
-42.2393308815423,1.73148041229611,-0.0464164583165385
-42.2226897467226,1.73148045960421,-0.0464165253666143
-42.206048610362,1.73148050687256,-0.0464165922803119
-42.1894074724387,1.73148055410208,-0.0464166590191702
-42.1727663329339,1.73148060129259,-0.0464167256210017
-42.1561251918601,1.73148064843783,-0.0464167920423511
-42.1394840492311,1.73148069553169,-0.0464168582248086
-42.1228429050351,1.73148074257165,-0.0464169241742947
-42.1062017592354,1.73148078956024,-0.0464169900253347
-42.0895606118833,1.73148083649896,-0.0464170556973814
-42.072919463014,1.7314808833885,-0.0464171210501915
-42.0562783126152,1.73148093022977,-0.0464171860262258
-42.0396371606403,1.73148097702523,-0.0464172507486092
-42.0229960070733,1.73148102377665,-0.0464173152641505
-42.0063548519146,1.73148107048454,-0.046417379543818
-41.989713695224,1.73148111714842,-0.0464174434142135
-41.9730725370297,1.73148116376734,-0.0464175067102495
-41.9564313772977,1.73148121034025,-0.0464175694046977
-41.9397902159422,1.73148125686568,-0.0464176317296156
-41.9231490529696,1.73148130334057,-0.0464176937772873
-41.9065078884433,1.73148134976281,-0.0464177555356554
-41.8898667224021,1.73148139613288,-0.0464178169307686
-41.8732255548377,1.73148144245296,-0.046417877921166
-41.8565843857247,1.73148148872493,-0.0464179384737392
-41.8399432150471,1.73148153494972,-0.0464179985104877
-41.8233020428112,1.73148158112737,-0.0464180579759244
-41.8066608690225,1.73148162725734,-0.0464181168476494
-41.7900196936795,1.73148167333885,-0.0464181751275842
-41.7733785167776,1.73148171937109,-0.0464182328321086
-41.756737338313,1.73148176535342,-0.0464182899828525
-41.740096158278,1.73148181128535,-0.0464183466373932
-41.7234549766438,1.73148185716651,-0.0464184030175119
-41.7068137933932,1.73148190299665,-0.0464184594148212
-41.6901726085526,1.73148194877553,-0.0464185159014154
-41.6735314221339,1.73148199450293,-0.0464185724085586
-41.6568902341625,1.73148204017858,-0.0464186288164116
-41.6402490446796,1.73148208580223,-0.0464186848944125
-41.6236078536918,1.73148213137357,-0.0464187404691619
-41.6069666611814,1.73148217689233,-0.0464187954731104
-41.5903254671209,1.7314822223582,-0.0464188499191164
-41.5736842714946,1.73148226777093,-0.0464189038644692
-41.5570430743143,1.73148231313049,-0.0464189573684293
-41.5404018755839,1.73148235843711,-0.0464190104684439
-41.5237606752942,1.73148240369092,-0.0464190631831473
-41.5071194734274,1.73148244889168,-0.0464191155252968
-41.4904782699815,1.73148249403876,-0.0464191675079924
-41.4738370649677,1.73148253913149,-0.0464192191406023
-41.4571958583979,1.73148258416936,-0.0464192704269736
-41.4405546502744,1.731482629152,-0.0464193213680451
-41.4239134405811,1.73148267407912,-0.0464193719899687
-41.4072722292998,1.73148271895043,-0.0464194224309832
-41.3906310164273,1.73148276376553,-0.0464194729402616
-41.3739898019774,1.73148280852395,-0.0464195236851175
-41.3573485859663,1.73148285322523,-0.04641957472198
-41.3407073684115,1.7314828978691,-0.0464196259885538
-41.3240661493691,1.73148294245541,-0.0464196771600786
-41.3074249288833,1.73148298698431,-0.0464197279183847
-41.2907837069297,1.73148303145612,-0.046419778056098
-41.2741424834457,1.73148307587107,-0.0464198274839659
-41.2575012583635,1.73148312022894,-0.0464198762454292
-41.2408600316288,1.73148316452915,-0.0464199245703603
-41.2242188032201,1.73148320877099,-0.0464199727019864
-41.2075775731957,1.73148325295397,-0.0464200208416036
-41.1909363416246,1.73148329707797,-0.0464200690834169
-41.1742951085488,1.73148334114296,-0.0464201174373434
-41.1576538739944,1.73148338514882,-0.0464201658245138
-41.141012637955,1.73148342909528,-0.0464202140849563
-41.1243714004231,1.73148347298198,-0.0464202619004849
-41.1077301613616,1.73148351680838,-0.0464203090301938
-41.0910889207357,1.73148356057381,-0.0464203553781885
-41.0744476785227,1.7314836042779,-0.0464204009586176
-41.0578064347222,1.73148364792069,-0.0464204458451812
-41.0411651893354,1.73148369150238,-0.0464204901297954
-41.0245239423593,1.73148373502306,-0.0464205339517647
-41.0078826937894,1.73148377848296,-0.0464205776027533
-40.9912414436373,1.73148382188248,-0.0464206212923731
-40.9746001919283,1.73148386522279,-0.0464206650453789
-40.9579589387289,1.73148390850647,-0.0464207087279796
-40.9413176840877,1.73148395173469,-0.0464207521601924
-40.9246764279756,1.73148399490639,-0.046420795201608
-40.9080351703017,1.73148403801796,-0.0464208378576674
-40.8913939109463,1.73148408106637,-0.0464208802753181
-40.8747526498723,1.73148412405019,-0.0464209226362214
-40.858111387167,1.73148416696912,-0.0464209650732467
-40.8414701229283,1.73148420982344,-0.0464210076264084
-40.8248288572071,1.73148425261359,-0.0464210502362555
-40.8081875900127,1.73148429533999,-0.0464210927763297
-40.7915463213448,1.7314843380026,-0.0464211351047671
-40.7749050511872,1.73148438060093,-0.0464211770253745
-40.7582637795159,1.73148442313479,-0.0464212183929785
-40.7416225062993,1.7314844656045,-0.0464212591253062
-40.7249812315123,1.7314845080105,-0.0464212991558941
-40.7083399551283,1.73148455035362,-0.0464213384537536
-40.6916986771612,1.73148459263639,-0.0464213769705903
-40.6750573976456,1.73148463486074,-0.0464214146833455
-40.6584161166162,1.73148467702697,-0.0464214516388403
-40.6417748340356,1.73148471913272,-0.0464214880975964
-40.6251335498578,1.73148476117558,-0.0464215243503415
-40.6084922640761,1.73148480315401,-0.0464215605387096
-40.591850976732,1.73148484506733,-0.0464215965793259
-40.5752096878632,1.73148488691556,-0.0464216323226406
-40.5585683974893,1.73148492869914,-0.046421667609341
-40.5419271056216,1.73148497041864,-0.0464217022250247
-40.5252858122345,1.73148501207451,-0.04642173602446
-40.5086445172622,1.7314850536665,-0.0464217689968505
-40.4920032206714,1.73148509519232,-0.0464218012878037
-40.4753619224745,1.7314851366506,-0.0464218330811957
-40.4587206226908,1.73148517804301,-0.0464218645821603
-40.4420793213403,1.73148521937194,-0.046421895957859
-40.4254380184117,1.7314852606398,-0.0464219274064876
-40.4087967139003,1.7314853018473,-0.0464219590693708
-40.3921554078836,1.73148534299503,-0.0464219908862602
-40.3755141004224,1.73148538408303,-0.0464220226601128
-40.358872791532,1.73148542511029,-0.0464220540308602
-40.3422314811752,1.731485466075,-0.0464220846956265
-40.3255901692856,1.73148550697345,-0.0464221144408975
-40.3089488557895,1.73148554780244,-0.0464221432032286
-40.2923075406348,1.7314855885613,-0.0464221711133488
-40.2756662238552,1.73148562925318,-0.0464221986363919
-40.2590249054508,1.7314856698816,-0.0464222264741032
-40.2423835854632,1.73148571044889,-0.0464222549103819
-40.2257422639609,1.73148575095611,-0.0464222836052043
-40.2091009409748,1.73148579140342,-0.0464223121311142
-40.1924596165011,1.73148583179097,-0.046422340189059
-40.1758182905292,1.73148587212,-0.0464223676328527
-40.1591769630512,1.73148591239092,-0.0464223944239195
-40.1425356340634,1.73148595260084,-0.0464224204734264
-40.1258943035266,1.7314859927473,-0.0464224457257959
-40.1092529713956,1.7314860328295,-0.0464224701918855
-40.0926116376579,1.7314860728476,-0.0464224939279609
-40.0759703023489,1.73148611280211,-0.046422517000078
-40.0593289654983,1.73148615269422,-0.0464225394710409
-40.0426876271096,1.73148619252501,-0.0464225613771499
-40.0260462871356,1.73148623229493,-0.0464225828608706
-40.0094049455212,1.7314862720034,-0.0464226043554465
-39.9927636023527,1.73148631164982,-0.0464226257578904
-39.9761222577101,1.73148635123364,-0.0464226467904899
-39.9594809116036,1.73148639075431,-0.0464226672298305
-39.9428395639865,1.73148643021155,-0.0464226869528562
-39.9261982147684,1.73148646960553,-0.0464227060065411
-39.9095568638826,1.73148650893688,-0.0464227247757994
-39.8929155113328,1.73148654820624,-0.0464227438266387
-39.8762741571826,1.73148658741405,-0.0464227635188271
-39.8596328015373,1.73148662656081,-0.0464227837487584
-39.8429914444414,1.73148666564755,-0.0464228042389126
-39.8263500858766,1.7314867046768,-0.0464228246867944
-39.809708725775,1.73148674365149,-0.0464228449286074
-39.7930673640982,1.73148678257411,-0.0464228649756297
-39.776426000909,1.73148682144006,-0.0464228847068255
-39.7597846362614,1.73148686024445,-0.0464229038145
-39.7431432701348,1.73148689898425,-0.0464229220592489
-39.7265019024582,1.73148693765945,-0.0464229393829032
-39.7098605331645,1.73148697627517,-0.0464229559718657
-39.6932191622116,1.73148701483504,-0.0464229721172522
-39.6765777895488,1.73148705333602,-0.0464229882341467
-39.6599364152956,1.73148709177244,-0.0464230042792561
-39.6432950395757,1.73148713014004,-0.0464230200392035
-39.6266536624109,1.73148716843729,-0.0464230353616667
-39.6100122837507,1.73148720666596,-0.0464230502591747
-39.5933709035907,1.73148724482853,-0.0464230645853538
-39.5767295219105,1.73148728292692,-0.0464230781923061
-39.5600881386748,1.73148732096163,-0.0464230910286597
-39.5434467538511,1.73148735893052,-0.0464231031743175
-39.5268053674347,1.73148739683146,-0.0464231147326095
-39.5101639794233,1.73148743466386,-0.0464231258350836
-39.4935225897737,1.73148747242996,-0.0464231367870943
-39.4768811984944,1.73148751013192,-0.0464231477868638
-39.4602398056685,1.73148754777072,-0.0464231587042996
-39.4435984113581,1.73148758534612,-0.0464231693374771
-39.4269570155635,1.73148762285819,-0.0464231795541273
-39.410315618237,1.73148766031056,-0.046423189365001
-39.3936742193347,1.73148769770649,-0.0464231988396919
-39.377032818864,1.73148773504603,-0.0464232079932094
-39.3603914168723,1.73148777232218,-0.0464232166188341
-39.3437500133718,1.73148780952827,-0.0464232245265085
-39.3271086083228,1.73148784666293,-0.0464232317018107
-39.3104672016563,1.73148788373462,-0.0464232384651598
-39.2938257933618,1.73148792075,-0.0464232451815575
-39.2771843834462,1.73148795770629,-0.0464232522201019
-39.2605429719565,1.73148799459913,-0.0464232596449078
-39.2439015589413,1.7314880314295,-0.046423267236163
-39.2272601444508,1.73148806820013,-0.0464232747612895
-39.2106187284774,1.73148810491291,-0.0464232820948118
-39.193977310981,1.73148814156328,-0.0464232891405942
-39.177335891908,1.73148817814577,-0.0464232958479245
-39.1606944712633,1.73148821465504,-0.0464233021682889
-39.1440530490657,1.73148825108705,-0.0464233081231621
-39.127411625341,1.73148828744139,-0.0464233137820338
-39.1107702000706,1.73148832372242,-0.0464233193235878
-39.0941287732229,1.73148835993506,-0.0464233248864638
-39.0774873447711,1.73148839608194,-0.046423330513589
-39.0608459147734,1.73148843216068,-0.0464233360822736
-39.0442044832779,1.73148846816824,-0.0464233414375901
-39.0275630502865,1.73148850410409,-0.0464233464994659
-39.0109216157517,1.73148853997314,-0.0464233513734216
-38.9942801796671,1.73148857578054,-0.0464233561065387
-38.9776387420806,1.73148861152941,-0.0464233604255401
-38.9609973029993,1.73148864722092,-0.0464233640604125
-38.94435586237,1.73148868285482,-0.0464233669649093
-38.927714420138,1.73148871843079,-0.0464233694818706
-38.9110729763161,1.73148875395032,-0.0464233718349373
-38.8944315309403,1.73148878941408,-0.0464233740858541
-38.8777900840353,1.73148882481948,-0.0464233761674989
-38.861148635569,1.73148886016183,-0.0464233780635798
-38.8445071855195,1.73148889543888,-0.0464233797628431
-38.8278657339403,1.73148893065414,-0.0464233811273616
-38.8112242808748,1.73148896581118,-0.0464233820078124
-38.7945828263372,1.7314890009101,-0.046423382250459
-38.7779413703213,1.73148903594975,-0.0464233817628634
-38.7612999127793,1.73148907092857,-0.0464233805701287
-38.7446584536403,1.73148910584444,-0.0464233789111249
-38.7280169928845,1.73148914069768,-0.0464233769873418
-38.7113755305244,1.73148917549131,-0.0464233749697268
-38.6947340665977,1.7314892102282,-0.046423372918242
-38.6780926011523,1.73148924491101,-0.0464233707201458
-38.6614511342052,1.73148927954085,-0.0464233682332028
-38.6448096657345,1.73148931411602,-0.0464233654081663
-38.6281681956972,1.73148934862964,-0.0464233623686036
-38.6115267241135,1.73148938307462,-0.0464233590105071
-38.5948852510022,1.73148941744693,-0.0464233551908364
-38.5782437763663,1.73148945174607,-0.0464233508069399
-38.5616023002035,1.7314894859754,-0.0464233457491133
-38.5449608224841,1.73148952013865,-0.046423339970622
-38.5283193431623,1.73148955423834,-0.0464233335436186
-38.5116778622128,1.73148958827555,-0.046423326722805
-38.4950363796488,1.73148962225031,-0.0464233197802587
-38.4783948955091,1.73148965616197,-0.0464233129474972
-38.4617534099079,1.73148969000972,-0.04642330605766
-38.4451119228783,1.73148972379286,-0.0464232988400417
-38.4284704343674,1.73148975751089,-0.0464232911352771
-38.4118289442828,1.73148979116355,-0.0464232830464516
-38.3951874525605,1.73148982475074,-0.0464232748123102
-38.3785459591909,1.73148985827244,-0.0464232665904735
-38.3619044642149,1.73148989172866,-0.0464232584589744
-38.345262967671,1.73148992511936,-0.0464232504830192
-38.3286214695819,1.7314899584445,-0.0464232427536399
-38.3119799700129,1.73148999170398,-0.0464232349877631
-38.2953384689835,1.73149002489771,-0.0464232268816267
-38.278696966473,1.73149005802556,-0.0464232182648243
-38.2620554624605,1.73149009108745,-0.0464232091148822
-38.2454139568906,1.73149012408325,-0.0464231996076455
-38.2287724497322,1.73149015701289,-0.0464231899042804
-38.2121309410016,1.73149018987628,-0.0464231800101251
-38.1954894307231,1.73149022267336,-0.0464231698771441
-38.1788479189118,1.73149025540405,-0.0464231594618364
-38.1622064055624,1.73149028806829,-0.0464231487377374
-38.1455648906511,1.73149032066601,-0.0464231376424301
-38.128923374177,1.73149035319715,-0.0464231261493198
-38.1122818561596,1.73149038566142,-0.046423114295193
-38.0956403366046,1.73149041805745,-0.0464231022362517
-38.0789988155008,1.73149045038376,-0.046423090159128
-38.0623572928332,1.7314904826419,-0.0464230782158145
-38.0457157685889,1.73149051483377,-0.0464230664864023
-38.0290742427783,1.73149054696033,-0.0464230549463816
-38.012432715455,1.73149057902184,-0.0464230433630203
-37.9957911866481,1.73149061101813,-0.0464230315228463
-37.979149656352,1.73149064294883,-0.0464230193133745
-37.9625081245413,1.73149067481351,-0.0464230067115798
-37.9458665911829,1.73149070661177,-0.0464229938133624
-37.9292250562272,1.73149073834328,-0.046422980949807
-37.9125835196839,1.73149077000781,-0.046422968374854
-37.8959419815837,1.73149080160523,-0.0464229561906921
-37.8793004419525,1.73149083313547,-0.0464229443950344
-37.8626589008111,1.73149086459847,-0.0464229329183646
-37.8460173581793,1.73149089599422,-0.0464229215760084
-37.8293758140683,1.73149092732293,-0.046422910154312
-37.8127342684811,1.73149095858502,-0.0464228983673891
-37.7960927213815,1.73149098978082,-0.0464228860207867
-37.7794511726962,1.73149102091029,-0.046422873066368
-37.7628096223931,1.73149105197298,-0.0464228595902722
-37.7461680704996,1.73149108296843,-0.0464228457830219
-37.7295265170569,1.73149111389633,-0.0464228318016022
-37.7128849620733,1.73149114475652,-0.0464228177695783
-37.6962434055177,1.73149117554893,-0.0464228038805238
-37.6796018474395,1.73149120627349,-0.0464227901934767
-37.6629602878767,1.7314912369301,-0.0464227766211106
-37.6463187268413,1.73149126751863,-0.0464227629106298
-37.6296771642995,1.73149129803875,-0.0464227488522354
-37.6130356002042,1.7314913284899,-0.0464227343885779
-37.5963940344974,1.73149135887187,-0.046422719691813
-37.5797524671628,1.73149138918496,-0.0464227049544233
-37.5631108982433,1.7314914194297,-0.0464226902492359
-37.5464693277879,1.73149144960641,-0.0464226755910227
-37.5298277558385,1.73149147971521,-0.0464226609662965
-37.5131861824067,1.73149150975617,-0.0464226463453116
-37.4965446075011,1.73149153972931,-0.0464226316688053
-37.4799030311101,1.73149156963447,-0.0464226168074762
-37.4632614532103,1.7314915994713,-0.0464226016529562
-37.4466198737578,1.73149162923928,-0.0464225862220249
-37.4299782926893,1.73149165893798,-0.0464225707651179
-37.4133367099905,1.73149168856745,-0.0464225552617668
-37.3966951256657,1.73149171812809,-0.0464225396492866
-37.3800535398284,1.73149174762034,-0.0464225239111144
-37.3634119525335,1.73149177704448,-0.0464225080831135
-37.3467703637606,1.73149180640065,-0.0464224921956047
-37.330128773452,1.73149183568897,-0.0464224762907503
-37.3134871815768,1.73149186490979,-0.0464224604358576
-37.2968455881556,1.73149189406379,-0.0464224445435192
-37.2802039932263,1.73149192315143,-0.0464224284973867
-37.2635623967876,1.73149195217268,-0.0464224122677057
-37.2469207987924,1.73149198112735,-0.0464223960456495
-37.2302791992211,1.73149201001532,-0.0464223799529191
-37.2136375980676,1.73149203883665,-0.046422364040078
-37.1969959953682,1.73149206759176,-0.0464223483197381
-37.1803543911491,1.73149209628156,-0.0464223327941055
-37.1637127853893,1.73149212490617,-0.0464223174779779
-37.1470711780377,1.73149215346525,-0.0464223023771796
-37.1304295691995,1.73149218195843,-0.0464222872888844
-37.1137879589324,1.73149221038547,-0.0464222719860707
-37.0971463472031,1.73149223874629,-0.0464222563631513
-37.0805047339284,1.73149226704098,-0.0464222405407795
-37.063863119048,1.73149229526965,-0.0464222246840041
-37.047221502519,1.73149232343191,-0.0464222089141069
-37.0305798843433,1.73149235152545,-0.046422193267135
-37.0139382645825,1.73149237954846,-0.0464221777656992
-36.9972966433313,1.73149240750086,-0.0464221624316716
-36.9806550206152,1.73149243538542,-0.0464221473254237
-36.9640133964138,1.73149246320498,-0.0464221324838308
-36.9473717706895,1.73149249096108,-0.0464221179007655
-36.9307301434199,1.73149251865408,-0.0464221035563505
-36.9140885146049,1.73149254628356,-0.0464220893965995
-36.8974468842947,1.73149257384935,-0.0464220752423157
-36.8808052525044,1.73149260135087,-0.0464220609059909
-36.8641636192121,1.73149262878581,-0.0464220462077745
-36.8475219843617,1.73149265615279,-0.0464220310629635
-36.8308803478995,1.73149268345255,-0.0464220155448946
-36.8142387097685,1.73149271068805,-0.0464219999971972
-36.7975970700492,1.73149273786133,-0.0464219847235327
-36.7809554288198,1.73149276497298,-0.0464219698523437
-36.7643137860953,1.73149279202281,-0.0464219553802682
-36.7476721418448,1.73149281901046,-0.0464219412517796
-36.7310304960785,1.73149284593566,-0.0464219273952021
-36.7143888488011,1.73149287279813,-0.0464219137300915
-36.6977471999993,1.73149289959753,-0.0464219001886402
-36.6811055496555,1.73149292633334,-0.0464218866950018
-36.6644638977856,1.7314929530049,-0.0464218730708453
-36.6478222443885,1.73149297961176,-0.046421859182062
-36.6311805894179,1.73149300615394,-0.0464218450342016
-36.6145389328472,1.73149303263191,-0.0464218308642314
-36.5978972747227,1.73149305904614,-0.0464218169213082
-36.5812556151049,1.73149308539693,-0.0464218032008763
-36.5646139540038,1.73149311168445,-0.0464217896031217
-36.5479722913755,1.73149313790925,-0.0464217760961791
-36.531330627157,1.73149316407231,-0.0464217628870483
-36.5146889613495,1.73149319017451,-0.0464217501740687
-36.4980472940335,1.73149321621567,-0.0464217379596833
-36.4814056252936,1.73149324219467,-0.0464217258707559
-36.4647639551158,1.73149326811038,-0.0464217135376104
-36.4481222833909,1.731493293963,-0.0464217008257089
-36.431480610013,1.73149331975394,-0.0464216879930442
-36.4148389349525,1.7314933454842,-0.0464216753914709
-36.3981972583258,1.73149337115346,-0.04642166306837
-36.3815555802775,1.73149339675864,-0.0464216507512887
-36.3649139008348,1.73149342229755,-0.0464216381577133
-36.3482722199264,1.7314934477703,-0.0464216251460449
-36.3316305374705,1.73149347317949,-0.0464216117655917
-36.3149888534292,1.73149349852698,-0.0464215981312252
-36.2983471678092,1.73149352381374,-0.0464215843629746
-36.2817054806183,1.73149354904084,-0.0464215705909164
-36.2650637918759,1.73149357420649,-0.0464215568338724
-36.2484221015785,1.73149359930851,-0.0464215430743579
-36.2317804097223,1.73149362434523,-0.0464215293522586
-36.2151387162999,1.73149364931413,-0.046421515862487
-36.1984970213489,1.73149367421104,-0.046421502695831
-36.1818553248901,1.73149369903258,-0.0464214898549864
-36.1652136269097,1.7314937237783,-0.0464214773138429
-36.1485719273648,1.73149374845291,-0.0464214650779751
-36.1319302262618,1.73149377306125,-0.0464214531495771
-36.1152885236817,1.731493797604,-0.0464214414155136
-36.0986468196612,1.73149382207838,-0.0464214296687507
-36.0820051141542,1.73149384648183,-0.0464214177494679
-36.0653634070557,1.73149387081383,-0.0464214056327034
-36.0487216983438,1.73149389507791,-0.0464213934334564
-36.0320799880668,1.731493919281,-0.046421381241524
-36.0154382762494,1.73149394343125,-0.0464213692011324
-35.9987965629035,1.73149396753018,-0.0464213573115741
-35.9821548480295,1.73149399157602,-0.0464213455305485
-35.9655131316624,1.73149401556708,-0.0464213338260413
-35.948871413802,1.73149403950383,-0.0464213222204486
-35.9322296944319,1.73149406338762,-0.0464213107595022
-35.9155879735566,1.73149408721452,-0.0464212993105278
-35.8989462511709,1.7314941109783,-0.0464212876608548
-35.8823045272356,1.73149413467465,-0.0464212756786106
-35.8656628017364,1.73149415830256,-0.046421263354257
-35.8490210746633,1.73149418186523,-0.0464212508095356
-35.8323793460337,1.73149420536668,-0.0464212381807376
-35.8157376158823,1.73149422880994,-0.0464212255737491
-35.7990958842169,1.73149425219671,-0.0464212130855941
-35.7824541510312,1.73149427552737,-0.0464212007007638
-35.7658124162992,1.73149429880104,-0.0464211883817824
-35.7491706800467,1.73149432201697,-0.0464211761352603
-35.7325289422627,1.73149434517705,-0.046421164129629
-35.7158872029169,1.73149436827907,-0.0464211526424339
-35.6992454620296,1.73149439132016,-0.04642114177655
-35.6826037196677,1.73149441429855,-0.0464211312341674
-35.6659619758441,1.73149443721342,-0.0464211206826149
-35.6493202304986,1.73149446006434,-0.0464211099899985
-35.6326784835444,1.7314944828506,-0.0464210994065273
-35.6160367349583,1.73149450557195,-0.0464210892385069
-35.5993949848177,1.7314945282292,-0.0464210797057402
-35.5827532331933,1.73149455082324,-0.0464210708338445
-35.5661114801439,1.73149457335458,-0.046421062227714
-35.549469725632,1.73149459582341,-0.0464210535025224
-35.5328279695748,1.73149461822958,-0.0464210445384098
-35.5161862119118,1.73149464057285,-0.0464210355662951
-35.4995444526878,1.73149466285292,-0.0464210265874715
-35.4829026919406,1.73149468506955,-0.0464210175317893
-35.4662609296568,1.73149470722257,-0.0464210084577664
-35.4496191658295,1.73149472931204,-0.0464209997441386
-35.4329774004762,1.73149475133853,-0.0464209915897629
-35.4163356336493,1.73149477330182,-0.0464209837279678
-35.3996938653484,1.73149479520147,-0.0464209758306286
-35.3830520955119,1.73149481703711,-0.0464209677669365
-35.3664103240824,1.73149483880957,-0.0464209597595256
-35.3497685510841,1.73149486052246,-0.0464209518857367
-35.3331267765611,1.73149488217473,-0.0464209440005085
-35.3164850005006,1.73149490376328,-0.0464209359920882
-35.2998432229182,1.7314949252838,-0.0464209279172146
-35.283201443812,1.73149494673435,-0.0464209199787354
-35.2665596631628,1.73149496811626,-0.046420912383863
-35.2499178809502,1.73149498943146,-0.0464209052623798
-35.2332760971556,1.73149501068072,-0.0464208986585449
-35.2166343118307,1.73149503186487,-0.0464208923329133
-35.1999925250181,1.73149505298561,-0.0464208860028276
-35.1833507367204,1.73149507404495,-0.0464208795142797
-35.1667089469077,1.73149509504516,-0.046420872940956
-35.150067155561,1.7314951159837,-0.0464208665308348
-35.1334253626723,1.73149513685776,-0.0464208604577878
-35.1167835682387,1.73149515766564,-0.046420854791738
-35.1001417722768,1.73149517840665,-0.0464208494671566
-35.0834999748239,1.73149519908087,-0.0464208441587978
-35.066858175855,1.7314952196888,-0.0464208385945727
-35.0502163753519,1.73149524023104,-0.046420832662017
-35.0335745733122,1.73149526070809,-0.0464208263655787
-35.0169327697379,1.73149528112023,-0.0464208197718412
-35.0002909646329,1.7314953014676,-0.0464208129659792
-34.9836491580074,1.7314953217502,-0.0464208060197225
-34.9670073498606,1.73149534196801,-0.04642079901492
-34.9503655401851,1.73149536212097,-0.0464207921310454
-34.9337237289737,1.73149538220905,-0.0464207854912214
-34.9170819162311,1.73149540223225,-0.0464207790934267
-34.9004401019816,1.73149542219058,-0.0464207727458941
-34.8837982862228,1.73149544208407,-0.0464207662634962
-34.8671564689301,1.73149546191274,-0.0464207596192348
-34.8505146500524,1.73149548167663,-0.0464207530860184
-34.8338728296006,1.73149550137574,-0.0464207467648137
-34.8172310076304,1.73149552101008,-0.0464207405206735
-34.8005891841812,1.73149554057966,-0.0464207342006664
-34.7839473592748,1.73149556008457,-0.0464207276974133
-34.7673055328843,1.73149557952498,-0.0464207209876886
-34.7506637049397,1.73149559890112,-0.0464207142276297
-34.7340218753858,1.73149561821323,-0.0464207075916068
-34.7173800442312,1.7314956374612,-0.0464207012144639
-34.7007382115241,1.73149565664368,-0.0464206952020022
-34.6840963773154,1.73149567576001,-0.0464206895371422
-34.6674545416527,1.73149569481158,-0.046420683968708
-34.6508127045327,1.73149571380005,-0.0464206782589129
-34.6341708659228,1.73149573272665,-0.0464206722774823
-34.6175290257802,1.73149575159204,-0.0464206660794512
-34.6008871840435,1.73149577039644,-0.0464206600113024
-34.5842453407413,1.73149578913985,-0.0464206540481931
-34.5676034958861,1.73149580782216,-0.0464206480619779
-34.5509616495383,1.73149582644328,-0.046420641958409
-34.5343198017242,1.73149584500322,-0.0464206356663131
-34.5176779524218,1.73149586350205,-0.0464206291475822
-34.5010361015847,1.73149588193991,-0.0464206224044102
-34.4843942491873,1.73149590031695,-0.0464206154703178
-34.4677523952256,1.73149591863334,-0.0464206084374883
-34.4511105396959,1.73149593688922,-0.0464206015600542
-34.434468682621,1.7314959550847,-0.0464205949839563
-34.4178268240382,1.7314959732199,-0.0464205885634278
-34.4011849639222,1.7314959912949,-0.0464205821291447
-34.3845431022668,1.7314960093098,-0.0464205756335961
-34.3679012390783,1.73149602726466,-0.0464205691830305
-34.3512593743849,1.73149604515956,-0.0464205627569732
-34.3346175081925,1.7314960629946,-0.0464205563027683
-34.3179756404824,1.73149608076991,-0.0464205497963564
-34.3013337712181,1.73149609848565,-0.0464205433217484
-34.284691900367,1.73149611614187,-0.0464205371730885
-34.2680500280136,1.73149613373857,-0.0464205313120892
-34.2514081542064,1.73149615127576,-0.0464205255675941
-34.2347662789183,1.73149616875348,-0.0464205198297687
-34.2181244020639,1.73149618617176,-0.0464205141932881
-34.2014825236137,1.73149620353064,-0.0464205087977822
-34.1848406436085,1.73149622082991,-0.0464205036965207
-34.168198762113,1.73149623806912,-0.0464204987460108
-34.1515568791464,1.73149625524791,-0.0464204937855437
-34.1349149946739,1.73149627236631,-0.0464204887596116
-34.1182731086429,1.73149628942472,-0.0464204838165601
-34.1016312210468,1.73149630642361,-0.0464204790852112
-34.0849893319301,1.73149632336322,-0.0464204744981989
-34.0683474413213,1.73149634024358,-0.0464204699484318
-34.0517055492177,1.73149635706468,-0.0464204654108349
-34.0350636555948,1.7314963738268,-0.0464204610600922
-34.0184217604501,1.73149639053073,-0.046420456987621
-34.0017798638204,1.7314964071763,-0.0464204530407123
-33.9851379657144,1.7314964237628,-0.0464204490325048
-33.9684960660927,1.73149644028966,-0.0464204448939255
-33.9518541648623,1.73149645675679,-0.0464204408409515
-33.9352122620138,1.73149647316462,-0.0464204370831314
-33.9185703576191,1.7314964895137,-0.0464204336043061
-33.9019284517385,1.73149650580447,-0.0464204303142863
-33.8852865443895,1.73149652203721,-0.0464204271307215
-33.8686446355572,1.73149653821209,-0.046420424002623
-33.8520027252115,1.73149655432928,-0.0464204209330632
-33.8353608133279,1.73149657038891,-0.0464204180159545
-33.8187188999224,1.73149658639113,-0.0464204153302168
-33.8020769850063,1.73149660233607,-0.046420412900124
-33.7854350685706,1.73149661822385,-0.0464204107132444
-33.7687931505857,1.73149663405454,-0.0464204087533256
-33.7521512310431,1.73149664982823,-0.0464204070168287
-33.7355093099631,1.73149666554499,-0.0464204054719262
-33.7188673874118,1.73149668120488,-0.0464204039464249
-33.7022254634087,1.73149669680793,-0.0464204022783189
-33.6855835379003,1.73149671235419,-0.0464204004591054
-33.6689416107704,1.73149672784369,-0.0464203987979512
-33.652299682012,1.73149674327643,-0.0464203974847934
-33.6356577516952,1.73149675865244,-0.0464203965910703
-33.6190158199204,1.73149677397171,-0.0464203961144116
-33.6023738867059,1.73149678923451,-0.0464203960412442
-33.5857319520202,1.73149680444228,-0.0464203962384715
-33.5690900158211,1.73149681959715,-0.0464203963570211
-33.5524480780815,1.73149683470037,-0.0464203961464733
-33.5358061388303,1.7314968497516,-0.0464203955265639
-33.5191641981016,1.73149686474767,-0.046420394558946
-33.5025222558794,1.73149687968522,-0.0464203933608002
-33.4858803121022,1.73149689456194,-0.0464203921685071
-33.4692383667261,1.73149690937642,-0.0464203911963713
-33.4525964197633,1.73149692412877,-0.0464203905522168
-33.435954471264,1.73149693882052,-0.0464203901873909
-33.4193125212843,1.73149695345347,-0.0464203898666368
-33.4026705698541,1.73149696802886,-0.0464203893699944
-33.38602861696,1.73149698254713,-0.0464203885648196
-33.3693866625578,1.7314969970082,-0.0464203874064113
-33.3527447065836,1.73149701141165,-0.0464203859659619
-33.3361027490123,1.73149702575674,-0.046420384489591
-33.3194607898631,1.73149704004261,-0.0464203832113865
-33.3028188291634,1.73149705426859,-0.0464203823295145
-33.2861768669385,1.73149706843472,-0.0464203819436335
-33.2695349032031,1.73149708254161,-0.0464203821068026
-33.2528929379486,1.7314970965897,-0.0464203829924807
-33.2362509711674,1.73149711057873,-0.0464203847983219
-33.2196090028851,1.73149712450802,-0.0464203874827583
-33.2029670331848,1.73149713837704,-0.0464203904573936
-33.1863250620733,1.73149715218581,-0.0464203931735206
-33.1696830894998,1.73149716593515,-0.0464203953716341
-33.1530411153676,1.73149717962662,-0.0464203971695038
-33.136399139641,1.73149719326163,-0.0464203988649546
-33.1197571623289,1.73149720684081,-0.0464204007459147
-33.1031151834385,1.7314972203643,-0.0464204031207279
-33.0864732030032,1.7314972338323,-0.0464204061165557
-33.0698312211013,1.731497247245,-0.0464204095148533
-33.0531892377657,1.73149726060246,-0.0464204130374746
-33.0365472529864,1.73149727390444,-0.0464204164784161
-33.0199052667307,1.73149728715047,-0.0464204196855616
-33.0032632789777,1.73149730034022,-0.0464204224561516
-32.9866212896952,1.73149731347373,-0.0464204246736868
-32.9699792988519,1.73149732655251,-0.0464204264048929
-32.9533373064023,1.73149733958123,-0.0464204280234669
-32.9366953123711,1.73149735256048,-0.0464204297305403
-32.9200533168606,1.731497365485,-0.0464204313095055
-32.9034113199178,1.73149737834977,-0.0464204324857915
-32.8867693214967,1.73149739115288,-0.0464204331501859
-32.8701273214719,1.73149740389716,-0.0464204335152899
-32.8534853198306,1.73149741658515,-0.0464204336954592
-32.8368433166368,1.73149742921847,-0.0464204337425982
-32.8202013119808,1.73149744179894,-0.0464204337009417
-32.8035593058627,1.73149745433145,-0.0464204337035391
-32.7869172982243,1.73149746681999,-0.0464204338735019
-32.7702752889803,1.73149747926698,-0.0464204343368255
-32.7536332781299,1.73149749166876,-0.0464204351205806
-32.7369912657238,1.73149750401726,-0.046420436277515
-32.7203492518721,1.73149751630507,-0.0464204377171474
-32.7037072366085,1.73149752852808,-0.0464204392933143
-32.6870652198755,1.73149754068558,-0.0464204409034782
-32.6704232015599,1.73149755277983,-0.0464204425614694
-32.6537811816375,1.73149756481363,-0.0464204443503417
-32.6371391601973,1.7314975767881,-0.0464204462937841
-32.620497137318,1.73149758869965,-0.0464204482233015
-32.6038551129866,1.73149760054505,-0.0464204499602087
-32.5872130871057,1.7314976123241,-0.0464204514288834
-32.5705710596399,1.73149762404043,-0.0464204527159667
-32.5539290306642,1.73149763569907,-0.0464204538792193
-32.5372870002242,1.73149764730353,-0.0464204549201876
-32.5206449682994,1.73149765885532,-0.0464204558447478
-32.5040029348191,1.7314976703549,-0.0464204567616481
-32.4873608997527,1.73149768180366,-0.0464204578446844
-32.4707188631076,1.73149769320642,-0.0464204594020064
-32.4540768249209,1.73149770456369,-0.0464204615620634
-32.4374347852392,1.73149771586998,-0.0464204642153396
-32.4207927440735,1.7314977271159,-0.0464204671412243
-32.4041507014124,1.73149773829506,-0.0464204701643334
-32.3875086572414,1.73149774940731,-0.046420473205786
-32.3708666115368,1.73149776045889,-0.0464204763975312
-32.3542245643254,1.73149777145547,-0.0464204799387704
-32.3375825156138,1.73149778239849,-0.0464204840148582
-32.3209404654581,1.73149779328733,-0.0464204882479006
-32.3042984138323,1.73149780412059,-0.0464204922275244
-32.2876563606821,1.73149781489773,-0.0464204958289466
-32.2710143059511,1.73149782562097,-0.0464204993324622
-32.2543722496881,1.73149783628938,-0.0464205028084238
-32.2377301919741,1.73149784690124,-0.0464205062091408
-32.2210881328226,1.73149785745551,-0.0464205094607474
-32.2044460721963,1.73149786795183,-0.0464205125023677
-32.187804010052,1.73149787839042,-0.0464205153030289
-32.1711619463678,1.73149788877182,-0.0464205178569486
-32.1545198811456,1.73149789909669,-0.0464205201701704
-32.1378778143851,1.73149790936565,-0.0464205223245009
-32.1212357460666,1.73149791957918,-0.0464205245862646
-32.1045936762322,1.73149792973767,-0.0464205268992823
-32.0879516048939,1.73149793984137,-0.0464205291145033
-32.0713095320363,1.7314979498905,-0.046420531218798
-32.0546674576167,1.73149795988525,-0.0464205335368642
-32.0380253816679,1.73149796982584,-0.0464205362699642
-32.0213833042245,1.73149797971247,-0.0464205394610551
-32.0047412252788,1.73149798954537,-0.0464205430828355
-31.9880991447816,1.73149799932478,-0.0464205471546954
-31.9714570627781,1.73149800905092,-0.0464205516470202
-31.9548149793576,1.73149801872403,-0.0464205561723434
-31.9381728945334,1.73149802834432,-0.0464205603624808
-31.921530808249,1.73149803791075,-0.0464205640630783
-31.9048887204194,1.7314980474192,-0.0464205673835097
-31.8882466310101,1.73149805687102,-0.0464205703566455
-31.8716045400354,1.73149806626928,-0.0464205730069749
-31.8549624475232,1.73149807561588,-0.0464205753922433
-31.8383203534769,1.73149808490916,-0.0464205776572724
-31.8216782579094,1.73149809414617,-0.0464205799572064
-31.8050361608835,1.73149810332898,-0.0464205822369145
-31.7883940624138,1.73149811246086,-0.0464205843702664
-31.7717519624615,1.73149812154295,-0.0464205863000001
-31.7551098609511,1.73149813057216,-0.0464205881306629
-31.7384677578452,1.73149813954991,-0.0464205898541287
-31.7218256532201,1.7314981484791,-0.0464205914405465
-31.7051835471259,1.73149815736249,-0.0464205928914341
-31.688541439558,1.73149816620078,-0.0464205942414756
-31.6718993304891,1.73149817499359,-0.0464205955269061
-31.6552572198933,1.73149818374024,-0.0464205967930108
-31.6386151077685,1.73149819244012,-0.0464205980438919
-31.6219729941397,1.73149820109287,-0.0464205991726689
-31.6053308790074,1.73149820969838,-0.0464206000766736
-31.5886887623344,1.73149821825673,-0.0464206007418622
-31.572046644146,1.73149822676809,-0.0464206012663926
-31.5554045244561,1.73149823523268,-0.046420601789656
-31.5387624032219,1.73149824365065,-0.0464206025944279
-31.5221202804176,1.73149825202213,-0.046420603803749
-31.5054781561163,1.7314982603472,-0.0464206052085344
-31.4888360303915,1.73149826862588,-0.046420606549975
-31.4721939032444,1.73149827685821,-0.0464206076592463
-31.4555517746099,1.73149828504419,-0.0464206085304581
-31.438909644396,1.73149829318384,-0.0464206092657446
-31.4222675125743,1.73149830127717,-0.0464206100699507
-31.405625379225,1.7314983093242,-0.0464206110985103
-31.3889832444177,1.73149831732495,-0.0464206123593743
-31.372341108179,1.73149832527943,-0.0464206136564298
-31.3556989704656,1.73149833318766,-0.0464206148077184
-31.3390568312428,1.73149834104965,-0.0464206157283125
-31.3224146905197,1.73149834886539,-0.0464206163980806
-31.3057725483023,1.73149835663489,-0.0464206168236397
-31.2891304045673,1.73149836435814,-0.0464206170754137
-31.2724882592498,1.73149837203513,-0.0464206174176206
-31.2558461123492,1.73149837966585,-0.0464206180891357
-31.2392039639357,1.7314983872503,-0.0464206191703931
-31.2225618140767,1.73149839478846,-0.046420620514314
-31.2059196627805,1.73149840228029,-0.046420621915093
-31.1892775100061,1.73149840972559,-0.0464206231660685
-31.1726353557103,1.73149841712415,-0.0464206241620385
-31.1559931998915,1.73149842447609,-0.0464206248953856
-31.1393510425866,1.73149843178159,-0.0464206253950949
-31.122708883807,1.73149843904075,-0.0464206256882415
-31.106066723527,1.73149844625357,-0.0464206257986624
-31.0894245616873,1.73149845342,-0.0464206257856484
-31.0727823982725,1.73149846053998,-0.0464206257915083
-31.0561402333375,1.73149846761351,-0.046420625905756
-31.0394980669367,1.73149847464058,-0.0464206260765104
-31.0228558990807,1.73149848162119,-0.0464206262158824
-31.0062137297454,1.73149848855534,-0.0464206262768579
-30.9895715588777,1.73149849544301,-0.046420626370435
-30.9729293864274,1.73149850228419,-0.0464206267524494
-30.9562872124448,1.73149850907886,-0.0464206273564733
-30.9396450369827,1.73149851582701,-0.0464206280236003
-30.9230028600516,1.73149852252861,-0.0464206286713486
-30.9063606816174,1.73149852918365,-0.04642062940682
-30.8897185016631,1.73149853579211,-0.0464206303232643
-30.8730763202176,1.73149854235398,-0.0464206313338627
-30.8564341373177,1.73149854886923,-0.0464206323158163
-30.8397919529541,1.73149855533785,-0.0464206332108151
-30.823149767061,1.73149856175982,-0.0464206341382365
-30.8065075795675,1.73149856813513,-0.0464206352673371
-30.7898653904934,1.73149857446375,-0.0464206367722084
-30.7732231999048,1.73149858074567,-0.0464206386957254
-30.756581007873,1.73149858698087,-0.0464206408207528
-30.7399388144048,1.73149859316935,-0.0464206429242325
-30.7232966194888,1.73149859931123,-0.046420644877531
-30.7066544231343,1.73149860540686,-0.0464206466176091
-30.6900122253182,1.73149861145668,-0.0464206481150035
-30.6733700259975,1.731498617461,-0.0464206493683043
-30.6567278251248,1.73149862341973,-0.0464206504501892
-30.6400856226578,1.73149862933243,-0.0464206516213523
-30.6234434185907,1.73149863519865,-0.0464206531109316
-30.6068012129674,1.73149864101801,-0.0464206550418464
-30.5901590058482,1.73149864679031,-0.046420657438008
-30.5735167972769,1.73149865251546,-0.0464206602555604
-30.556874587286,1.731498658194,-0.0464206633810114
-30.540232375878,1.73149866382825,-0.0464206665821602
-30.5235901630163,1.73149866942001,-0.0464206696710797
-30.5069479486538,1.7314986749693,-0.0464206725757606
-30.4903057327466,1.73149868047334,-0.0464206753681829
-30.4736635152719,1.73149868592903,-0.0464206781333254
-30.4570212962618,1.73149869133346,-0.0464206808438565
-30.4403790757447,1.73149869668502,-0.0464206834606365
-30.4237368537295,1.73149870198377,-0.0464206860182878
-30.4070946301753,1.73149870723152,-0.0464206887399822
-30.3904524050238,1.73149871243019,-0.0464206918555827
-30.3738101783066,1.73149871758086,-0.0464206955023689
-30.3571679501395,1.73149872268327,-0.0464206996246373
-30.3405257206148,1.73149872773684,-0.0464207040699458
-30.323883489711,1.73149873274124,-0.0464207086791387
-30.3072412573352,1.73149873769707,-0.0464207133639092
-30.2905990233957,1.73149874260498,-0.0464207180717491
-30.2739567878796,1.73149874746539,-0.0464207226729389
-30.257314550814,1.73149875227849,-0.0464207270823054
-30.240672312214,1.73149875704429,-0.0464207312914257
-30.2240300721095,1.73149876176274,-0.0464207353438645
-30.2073878305432,1.73149876643376,-0.0464207393196994
-30.1907455874945,1.7314987710573,-0.046420743404743
-30.1741033429366,1.73149877563337,-0.0464207477428033
-30.1574610968697,1.731498780162,-0.0464207524204725
-30.1408188492894,1.73149878464325,-0.0464207575031735
-30.1241766002329,1.73149878907722,-0.0464207627276269
-30.1075343496911,1.73149879346455,-0.0464207677957764
-30.0908920976422,1.73149879780821,-0.0464207724793324
-30.0742498441063,1.7314988021108,-0.0464207766782843
-30.0576075891255,1.73149880637266,-0.0464207804329001
-30.0409653326562,1.73149881059148,-0.0464207840379958
-30.0243230746298,1.73149881476434,-0.0464207878063994
-30.007680814975,1.73149881888856,-0.0464207920903791
-29.9910385537483,1.73149882296285,-0.0464207970392154
-29.9743962910323,1.73149882698698,-0.0464208026219765
-29.9577540268738,1.73149883096137,-0.0464208086816235
-29.9411117612769,1.73149883488708,-0.0464208149223949
-29.9244694942249,1.73149883876565,-0.046420821079545
-29.9078272257101,1.73149884259862,-0.0464208268840222
-29.8911849557287,1.73149884638689,-0.0464208321862799
-29.8745426842386,1.73149885013016,-0.0464208370422409
-29.8579004111866,1.73149885382728,-0.0464208418498264
-29.841258136563,1.73149885747708,-0.0464208469819765
-29.8246158603896,1.73149886107878,-0.0464208526673966
-29.8079735827018,1.73149886463217,-0.0464208589503426
-29.7913313035293,1.73149886813744,-0.0464208657696876
-29.7746890228832,1.73149887159489,-0.0464208730751402
-29.7580467407626,1.73149887500433,-0.0464208809327889
-29.7414044572036,1.73149887836559,-0.0464208891116184
-29.724762172259,1.73149888168053,-0.0464208970095395
-29.7081198859014,1.73149888495123,-0.0464209041530052
-29.6914775980481,1.73149888817871,-0.0464209104760983
-29.6748353085691,1.73149889136141,-0.0464209165683267
-29.6581930174721,1.73149889449751,-0.046420922772182
-29.6415507248518,1.73149889758599,-0.0464209289371491
-29.6249084307627,1.73149890062677,-0.0464209348252884
-29.6082661351739,1.73149890362103,-0.0464209403434535
-29.5916238380532,1.73149890657072,-0.0464209456474775
-29.5749815394465,1.73149890947724,-0.0464209507148147
-29.5583392393885,1.73149891234075,-0.0464209554628225
-29.5416969378697,1.73149891516056,-0.0464209598341036
-29.5250546348555,1.73149891793618,-0.0464209638093554
-29.508412330288,1.73149892066806,-0.0464209674509258
-29.4917700241198,1.73149892335745,-0.0464209709880819
-29.4751277163593,1.73149892600532,-0.0464209746416642
-29.4584854071274,1.73149892861198,-0.0464209785416118
-29.4418430964692,1.73149893117746,-0.0464209827816136
-29.4252007843437,1.73149893370182,-0.0464209873750186
-29.4085584706507,1.73149893618562,-0.0464209923888938
-29.3919161553824,1.73149893862954,-0.0464209980277728
-29.3752738386694,1.73149894103383,-0.0464210038787454
-29.3586315205775,1.7314989433985,-0.0464210094492357
-29.3419892010799,1.73149894572409,-0.0464210144504341
-29.3253468801035,1.73149894801307,-0.0464210188507385
-29.3087045575945,1.73149895026749,-0.0464210227426799
-29.2920622335344,1.73149895248873,-0.046421026265967
-29.2754199078952,1.73149895467825,-0.0464210296924924
-29.2587775806343,1.73149895683285,-0.0464210334574719
-29.2421352518878,1.73149895894588,-0.0464210374950636
-29.2254929217516,1.73149896101243,-0.0464210415472978
-29.2088505901923,1.73149896303107,-0.046421045482809
-29.1922082570523,1.73149896500456,-0.0464210496058348
-29.1755659222966,1.73149896693645,-0.0464210542249516
-29.1589235860013,1.73149896882997,-0.0464210593926028
-29.1422812483067,1.73149897068903,-0.0464210646196467
-29.1256389092499,1.73149897251601,-0.0464210694277497
-29.1089965687912,1.73149897431088,-0.0464210735847351
-29.0923542269011,1.73149897606999,-0.0464210771221657
-29.0757118835216,1.73149897778784,-0.0464210802206967
-29.0590695385975,1.73149897946059,-0.0464210830597982
-29.0424271920862,1.73149898108694,-0.0464210858313089
-29.025784844002,1.73149898266961,-0.0464210888339809
-29.0091424944085,1.73149898421336,-0.0464210921546139
-28.9925001433492,1.731498985722,-0.0464210957381421
-28.9758577908104,1.73149898719693,-0.0464210995426841
-28.9592154367567,1.7314989886361,-0.0464211036473091
-28.9425730812498,1.73149899003515,-0.0464211078272878
-28.9259307243214,1.73149899139138,-0.0464211118110468
-28.9092883659441,1.73149899270529,-0.046421115425002
-28.8926460060497,1.73149899398002,-0.0464211186837464
-28.8760036446185,1.73149899521853,-0.0464211217528157
-28.859361281631,1.731498996422,-0.0464211249755713
-28.8427189171369,1.73149899758739,-0.0464211283350924
-28.8260765511781,1.73149899871298,-0.0464211316433025
-28.8094341837533,1.73149899979953,-0.046421134777442
-28.7927918148196,1.73149900085191,-0.0464211378529304
-28.7761494443411,1.73149900187297,-0.0464211411421655
-28.7595070723524,1.73149900286363,-0.0464211447546664
-28.7428646989384,1.73149900382354,-0.0464211483530317
-28.726222324117,1.7314990047519,-0.0464211515751064
-28.7095799478405,1.73149900564776,-0.046421154222343
-28.6929375700441,1.73149900650954,-0.0464211562835068
-28.6762951906707,1.73149900733621,-0.0464211578598902
-28.6596528097304,1.73149900812784,-0.0464211591567973
-28.6430104272658,1.73149900888602,-0.0464211605551587
-28.6263680433164,1.73149900961241,-0.0464211622751858
-28.6097256578908,1.73149901030804,-0.0464211643682821
-28.5930832709663,1.73149901097339,-0.0464211668232624
-28.5764408825136,1.73149901160855,-0.0464211696903399
-28.5597984925257,1.73149901221362,-0.046421173002141
-28.5431561010323,1.73149901278825,-0.0464211767009444
-28.5265137080696,1.731499013332,-0.046421180708108
-28.5098713136715,1.7314990138446,-0.0464211849485339
-28.4932289178456,1.73149901432589,-0.0464211892818895
-28.4765865206085,1.73149901477586,-0.0464211933269249
-28.4599441219369,1.73149901519455,-0.0464211967819914
-28.4433017217725,1.73149901558218,-0.0464211996019846
-28.4266593200292,1.73149901594065,-0.046421202123392
-28.4100169166833,1.73149901627537,-0.0464212045777369
-28.3933745117759,1.7314990165904,-0.0464212070911216
-28.3767321053622,1.73149901688596,-0.0464212097734905
-28.3600896974905,1.73149901715539,-0.0464212127567566
-28.3434472882303,1.73149901739224,-0.0464212158135607
-28.3268048775859,1.73149901759359,-0.046421218625529
-28.3101624655022,1.73149901775965,-0.0464212210068679
-28.2935200519036,1.73149901789408,-0.046421223017612
-28.2768776367503,1.73149901799888,-0.0464212248386392
-28.2602352200637,1.73149901807621,-0.0464212265519899
-28.2435928018842,1.73149901812651,-0.0464212281525549
-28.2269503822327,1.731499018148,-0.0464212296145065
-28.2103079611057,1.73149901813526,-0.0464212309018787
-28.1936655385224,1.73149901808363,-0.0464212318591326
-28.1770231144969,1.73149901799073,-0.0464212323517744
-28.1603806890101,1.73149901785605,-0.0464212323514622
-28.1437382620105,1.73149901768029,-0.0464212320224559
-28.1270958334683,1.73149901746456,-0.0464212315461592
-28.1104534034118,1.73149901720992,-0.0464212310026227
-28.0938109718963,1.7314990169171,-0.0464212302659833
-28.077168538936,1.73149901658645,-0.0464212291869633
-28.0605261044895,1.73149901621895,-0.0464212277168439
-28.0438836685122,1.73149901581851,-0.0464212259937318
-28.0272412310071,1.73149901538817,-0.0464212241774319
-28.0105987920143,1.73149901492802,-0.0464212223940916
-27.9939563515406,1.73149901443391,-0.0464212207950841
-27.9773139095802,1.73149901390287,-0.0464212194240529
-27.960671466117,1.73149901333311,-0.0464212182179675
-27.944029021177,1.73149901272252,-0.0464212169310017
-27.9273865747722,1.73149901206998,-0.0464212153592426
-27.9107441269012,1.7314990113754,-0.0464212134493801
-27.894101677567,1.73149901063933,-0.0464212113154876
-27.8774592267775,1.73149900986252,-0.04642120894516
-27.8608167745176,1.73149900904567,-0.0464212062932799
-27.844174320757,1.73149900818927,-0.0464212033760032
-27.8275318654482,1.73149900729361,-0.046421200420284
-27.810889408563,1.73149900635883,-0.046421197788234
-27.7942469501442,1.73149900538496,-0.0464211955492131
-27.7776044902195,1.73149900437206,-0.0464211936047604
-27.7609620288125,1.73149900332019,-0.0464211918473811
-27.7443195659457,1.73149900222943,-0.0464211901633153
-27.7276771016443,1.73149900109993,-0.0464211883445669
-27.7110346359002,1.73149899993183,-0.0464211862438507
-27.6943921686905,1.73149899872533,-0.0464211838156477
-27.6777497000078,1.73149899748085,-0.0464211810780575
-27.6611072298386,1.73149899619902,-0.0464211780736967
-27.644464758166,1.73149899488042,-0.0464211748510848
-27.6278222849726,1.73149899352522,-0.046421171458782
-27.6111798102681,1.73149899213316,-0.0464211679388488
-27.5945373340873,1.73149899070385,-0.0464211643090632
-27.5778948564465,1.73149898923694,-0.0464211605604478
-27.5612523773302,1.73149898773225,-0.0464211566754823
-27.5446098966945,1.73149898618989,-0.0464211526568137
-27.5279674145153,1.73149898461014,-0.0464211485851762
-27.5113249307877,1.73149898299328,-0.0464211446794598
-27.4946824455939,1.73149898133943,-0.0464211409299385
-27.478039958982,1.73149897964855,-0.0464211372290885
-27.4613974709426,1.73149897792062,-0.046421133480423
-27.4447549814381,1.73149897615576,-0.0464211296300122
-27.4281124904463,1.73149897435425,-0.0464211256669335
-27.4114699979817,1.73149897251637,-0.0464211215943053
-27.3948275040507,1.7314989706424,-0.0464211174090415
-27.3781850086468,1.73149896873254,-0.0464211131049507
-27.3615425117609,1.73149896678697,-0.0464211086768425
-27.3449000133718,1.73149896480586,-0.0464211041723323
-27.3282575134255,1.73149896278942,-0.046421099828252
-27.311615011924,1.73149896073784,-0.0464210958585886
-27.2949725089127,1.73149895865142,-0.0464210923201279
-27.2783300044581,1.7314989565306,-0.0464210890098182
-27.2616874986319,1.73149895437587,-0.0464210856938831
-27.245044991433,1.73149895218777,-0.0464210821966316
-27.2284024828163,1.73149894996705,-0.0464210784202181
-27.2117599727246,1.73149894771471,-0.0464210743354312
-27.1951174610983,1.73149894543166,-0.0464210700116409
-27.178474947838,1.73149894311848,-0.0464210657392881
-27.1618324329014,1.73149894077537,-0.0464210618290782
-27.1451899163994,1.73149893840231,-0.0464210584908794
-27.1285473984607,1.73149893599936,-0.0464210557893971
-27.1119048791364,1.73149893356673,-0.0464210536839751
-27.0952623584123,1.73149893110469,-0.0464210520949596
-27.0786198362657,1.73149892861435,-0.0464210509184163
-27.0619773126795,1.73149892609929,-0.0464210499772235
-27.0453347876517,1.73149892356139,-0.0464210490903908
-27.0286922611586,1.73149892100035,-0.0464210481574244
-27.0120497331466,1.73149891841321,-0.0464210472161818
-26.9954072035513,1.73149891579716,-0.0464210463659664
-26.978764672373,1.73149891315066,-0.0464210457369955
-26.9621221396498,1.73149891047336,-0.0464210454905935
-26.9454796054406,1.73149890776571,-0.0464210457062441
-26.9288370697829,1.73149890502851,-0.0464210463760289
-26.912194532676,1.73149890226261,-0.0464210474132759
-26.8955519940848,1.73149889946868,-0.0464210487308068
-26.8789094540471,1.73149889664718,-0.0464210502103795
-26.8622669126317,1.73149889379866,-0.0464210517280765
-26.8456243698299,1.73149889092373,-0.0464210531536638
-26.8289818255626,1.73149888802293,-0.0464210543363995
-26.8123392796938,1.73149888509636,-0.0464210552341852
-26.7956967322418,1.73149888214379,-0.0464210559103596
-26.7790541833259,1.73149887916497,-0.0464210564184883
-26.7624116330016,1.73149887615981,-0.0464210567953019
-26.7457690812148,1.73149887312839,-0.0464210572206788
-26.7291265278776,1.73149887007085,-0.0464210579598212
-26.712483973027,1.73149886698734,-0.046421059052389
-26.6958414167168,1.73149886387795,-0.0464210604079965
-26.679198858964,1.73149886074276,-0.0464210619425152
-26.6625562997563,1.73149885758183,-0.046421063642662
-26.6459137391154,1.73149885439526,-0.0464210652395446
-26.6292711770223,1.73149885118312,-0.0464210664890128
-26.6126286134537,1.73149884794525,-0.0464210672935476
-26.595986048385,1.73149884468082,-0.0464210677219766
-26.5793434817797,1.73149884139045,-0.0464210680106542
-26.5627009136358,1.73149883807579,-0.0464210684255231
-26.5460583439557,1.73149883473718,-0.0464210692158977
-26.5294157727294,1.73149883137438,-0.046421070661712
-26.5127732000886,1.73149882798658,-0.0464210728196434
