-230.6718605988,1.7314915446,-0.0232
-230.655194564182,1.73149154459986,-0.0232007466207256
-230.638531530695,1.73149154459892,-0.0232016297072929
-230.621873082449,1.73149154459678,-0.0232015914960784
-230.60521996624,1.73149154459395,-0.0232006469746718
-230.588572500847,1.73149154459133,-0.0231994310522542
-230.571930800449,1.73149154458906,-0.0231987390415248
-230.555294889462,1.7314915445866,-0.0231992197008826
-230.538664757049,1.73149154458363,-0.0232012571658177
-230.522040381202,1.73149154458031,-0.0232049944300609
-230.505421739139,1.73149154457722,-0.0232104227010966
-230.488808812107,1.73149154457451,-0.0232174743377654
-230.472201587722,1.73149154457231,-0.0232260864951173
-230.45560006075,1.73149154457059,-0.0232362300783056
-230.4390042329,1.73149154456907,-0.0232479125824668
-230.422414111815,1.73149154456757,-0.0232611679715577
-230.405829709629,1.73149154456618,-0.0232760431629116
-230.389251041328,1.73149154456544,-0.0232925867372667
-230.372678123237,1.73149154456571,-0.0233108418595624
-230.35611097163,1.73149154456692,-0.0233308433721256
-230.339549601763,1.73149154456859,-0.0233526178335375
-230.322994027122,1.73149154456997,-0.0233761852889296
-230.306444259471,1.73149154457103,-0.0234015611966449
-230.28990030922,1.73149154457207,-0.0234287582648024
-230.273362186439,1.73149154457358,-0.0234577873847017
-230.256829901845,1.73149154457479,-0.023488658114708
-230.240303467723,1.73149154457456,-0.0235213784478108
-230.223782898558,1.73149154457213,-0.023555954732898
-230.207268211526,1.73149154456757,-0.0235923915326988
-230.190759426621,1.73149154456185,-0.0236306916034347
-230.174256566598,1.73149154455632,-0.0236708557113776
-230.157759656644,1.73149154455188,-0.023712882593387
-230.14126872394,1.73149154454843,-0.02375676908885
-230.124783797264,1.73149154454479,-0.0238025102929305
-230.108304906755,1.73149154454041,-0.0238500998515853
-230.091832084029,1.73149154453503,-0.0238995299730537
-230.075365362589,1.73149154452861,-0.0239507915683277
-230.058904778652,1.73149154452172,-0.024003874186011
-230.042450372282,1.73149154451547,-0.0240587661457944
-230.026002188845,1.73149154451039,-0.0241154545444449
-230.009560280483,1.73149154450635,-0.0241739254432102
-229.99312470799,1.73149154450315,-0.0242341638787045
-229.976695542591,1.73149154450074,-0.0242961538890486
-229.960272867843,1.73149154449901,-0.0243598784407892
-229.943856781296,1.73149154449802,-0.0244253194188215
-229.92744739595,1.73149154449798,-0.0244924578281051
-229.911044841349,1.73149154449924,-0.0245612738000635
-229.89464926313,1.73149154450179,-0.0246317468317447
-229.878260818504,1.73149154450552,-0.0247038556133296
-229.861879657943,1.73149154450992,-0.0247775781559036
-229.845505860736,1.73149154451455,-0.0248528919106679
-229.829139213538,1.73149154451887,-0.0249297739180019
-229.812778714618,1.73149154452272,-0.025008200880945
-229.796422489646,1.73149154452624,-0.0250881488567214
-229.780068738574,1.73149154452968,-0.0251695924905495
-229.763716482653,1.73149154453303,-0.0252525036468237
-229.74736562582,1.73149154453609,-0.0253368505066525
-229.731016638287,1.73149154453879,-0.025422597606045
-229.714670128931,1.73149154454132,-0.0255097073740935
-229.698326547298,1.73149154454409,-0.025598142089434
-229.681986094822,1.73149154454795,-0.0256878656723147
-229.665648786159,1.73149154455326,-0.0257788445809964
-229.649314567123,1.73149154456004,-0.0258710477625946
-229.632983413385,1.73149154456781,-0.0259644461383435
-229.61665537556,1.73149154457663,-0.0260590118069149
-229.600330575779,1.73149154458649,-0.0261547174426941
-229.58400918081,1.73149154459684,-0.0262515358950341
-229.567691375861,1.7314915446073,-0.0263494401288117
-229.551377351291,1.73149154461771,-0.026448403481028
-229.535067301831,1.73149154462823,-0.0265483999026546
-229.518761427817,1.73149154463888,-0.026649404054929
-229.502459917002,1.73149154464972,-0.0267513913873359
-229.486162841546,1.7314915446608,-0.0268543381947168
-229.46986976077,1.73149154467227,-0.0269582218290533
-229.453579121282,1.73149154468434,-0.0270630207266287
-229.437288815711,1.73149154469721,-0.0271687130873096
-229.420997389913,1.73149154471078,-0.0272752745026881
-229.404704435339,1.73149154472462,-0.0273826764543755
-229.388410380687,1.73149154473818,-0.0274908864860551
-229.372115996665,1.73149154475093,-0.0275998699126333
-229.355821944837,1.73149154476258,-0.0277095921407439
-229.339528583286,1.73149154477342,-0.027820021024207
-229.323235989937,1.73149154478394,-0.0279311283844069
-229.306944095465,1.73149154479454,-0.0280428899740571
-229.290652831445,1.73149154480536,-0.0281552845312719
-229.274362228123,1.73149154481616,-0.0282682925174698
-229.258072439797,1.73149154482622,-0.0283818952783248
-229.241783714404,1.73149154483498,-0.028496074626113
-229.225496339852,1.73149154484207,-0.02861081274388
-229.209210593809,1.73149154484768,-0.0287260923755072
-229.192926708068,1.73149154485231,-0.0288418972512252
-229.176644846352,1.73149154485587,-0.0289582122527539
-229.160365089692,1.73149154485828,-0.0290750232908026
-229.144087424662,1.73149154485908,-0.029192317110237
-229.127811733502,1.73149154485802,-0.0293100810780513
-229.111537789521,1.73149154485574,-0.0294283027503482
-229.095265263286,1.73149154485358,-0.029546969486781
-229.078993744774,1.73149154485275,-0.0296660680772635
-229.062722780183,1.73149154485337,-0.0297855845165455
-229.046451914414,1.73149154485447,-0.0299055038069916
-229.030180727437,1.73149154485526,-0.0300258096826667
-229.013908857069,1.73149154485519,-0.0301464848460355
-228.997636007808,1.73149154485418,-0.0302675111053513
-228.981361949114,1.73149154485227,-0.0303888696252934
-228.96508650687,1.73149154484971,-0.0305105411627923
-228.948809550147,1.73149154484695,-0.0306325064751491
-228.932530974285,1.73149154484464,-0.0307547466565773
-228.916250681136,1.73149154484362,-0.0308772434539934
-228.899968558238,1.73149154484451,-0.0309999792760046
-228.883684459649,1.73149154484745,-0.031122937112108
-228.867398191814,1.73149154485191,-0.0312461004273426
-228.851109507285,1.73149154485711,-0.0313694531437328
-228.834818107689,1.7314915448626,-0.031492979536334
-228.818523655226,1.73149154486829,-0.0316166641669556
-228.802225790241,1.73149154487402,-0.031740491706529
-228.785924151244,1.73149154487908,-0.0318644467428622
-228.769618393905,1.73149154488218,-0.0319885137306706
-228.753308206312,1.73149154488229,-0.0321126769293931
-228.736993319099,1.73149154487913,-0.0322369205847498
-228.720673511772,1.73149154487353,-0.0323612289841488
-228.704348616958,1.73149154486685,-0.0324855866036703
-228.688018523101,1.73149154486008,-0.032609978320527
-228.671683174679,1.73149154485356,-0.0327343896864276
-228.65534257025,1.73149154484705,-0.0328588070663768
-228.638996759007,1.73149154484034,-0.0329832177624001
-228.62264583719,1.73149154483288,-0.0331076100434004
-228.606289945373,1.73149154482434,-0.0332319733086621
-228.589929267209,1.7314915448147,-0.0333562981694644
-228.573564029612,1.73149154480442,-0.0334805766234136
-228.557194503409,1.73149154479398,-0.0336048019832138
-228.5408210034,1.73149154478325,-0.0337289688869229
-228.524443887381,1.73149154477179,-0.0338530731791228
-228.508063553138,1.7314915447591,-0.0339771119953023
-228.491680428482,1.73149154474548,-0.0341010835646604
-228.475294948869,1.73149154473128,-0.034224987294322
-228.458907534933,1.73149154471656,-0.034348823567171
-228.442518583293,1.73149154470164,-0.0344725936184587
-228.426128472583,1.7314915446873,-0.0345962994860313
-228.409737580571,1.73149154467405,-0.0347199439042685
-228.393346304835,1.73149154466181,-0.0348435301244223
-228.376955077971,1.73149154465015,-0.0349670616944809
-228.360564368477,1.73149154463845,-0.0350905423578117
-228.344174663219,1.73149154462617,-0.035213976063977
-228.327786436402,1.73149154461289,-0.0353373669183358
-228.31140011662,1.73149154459857,-0.0354607191901113
-228.295016063398,1.7314915445835,-0.0355840371580717
-228.278634556054,1.73149154456807,-0.0357073249611664
-228.26225579534,1.73149154455264,-0.0358305863798536
-228.245879914751,1.73149154453753,-0.0359538246051867
-228.22950699685,1.73149154452301,-0.036077041951181
-228.213137091051,1.73149154450899,-0.0362002395531557
-228.196770231093,1.73149154449499,-0.0363234172660318
-228.180406451439,1.731491544972,-0.0364465668959968
-228.164045802189,1.7314915471952,-0.0365696809941404
-228.147688360786,1.7314915504382,-0.036692759896887
-228.13133423901,1.73149155250287,-0.0368158025665666
-228.114983583503,1.7314915504833,-0.0369388056844284
-228.09863656971,1.73149154116738,-0.0370617634814524
-228.082293389673,1.73149152124391,-0.0371846683788934
-228.065954236386,1.73149148740908,-0.0373075116613663
-228.049619286954,1.73149143641984,-0.0374302841078037
-228.033288687058,1.73149136511976,-0.0375529763305074
-228.016962538084,1.73149127045049,-0.0376755789255009
-228.000640888148,1.73149114945575,-0.0377980824472592
-227.984323727636,1.73149099928187,-0.0379204772863926
-227.968010989555,1.73149081717661,-0.0380427536414942
-227.951702555278,1.73149060048701,-0.0381649010879754
-227.935398264942,1.73149034665655,-0.0382869082317371
-227.919097931459,1.73149005322205,-0.0384087624540356
-227.902801356182,1.7314897178099,-0.0385304500876213
-227.886508344405,1.73148933813226,-0.0386519564540417
-227.870218718182,1.73148891198435,-0.0387732659903913
-227.853932324703,1.73148843724161,-0.0388943623350252
-227.837649039287,1.73148791185688,-0.0390152285334925
-227.821368762881,1.73148733385699,-0.0391358474792606
-227.805091415265,1.73148670134141,-0.0392562020784134
-227.788816924578,1.73148601248087,-0.0393762752380608
-227.772545214365,1.73148526551556,-0.0394960500015821
-227.75627618984,1.73148445875332,-0.0396155094386487
-227.740009725206,1.73148359056864,-0.0397346363710697
-227.723745653077,1.73148265940075,-0.0398534137117723
-227.707483758248,1.73148166375188,-0.0399718245451236
-227.691223776253,1.73148060218533,-0.0400898522099857
-227.674965397428,1.73147947332443,-0.0402074800840654
-227.658708275653,1.73147827585074,-0.0403246915319315
-227.642452040835,1.73147700850331,-0.0404414695367722
-227.626196312862,1.73147567007589,-0.0405577968038426
-227.609940715595,1.73147425941459,-0.0406736555774298
-227.593684888792,1.73147277541604,-0.0407890280568519
-227.57742849738,1.73147121702665,-0.0409038965153297
-227.561171237231,1.73146958324241,-0.0410182433887241
-227.544912836954,1.73146787310741,-0.0411320513644512
-227.528653055787,1.73146608571238,-0.0412453033240749
-227.512391677753,1.73146422019279,-0.0413579824730544
-227.496128503226,1.73146227572763,-0.0414700724563858
-227.479863340997,1.73146025154014,-0.0415815576261164
-227.463596004171,1.73145814690253,-0.0416924232992999
-227.447326306944,1.73145596114109,-0.0418026557332122
-227.431054059798,1.7314536936377,-0.0419122420293751
-227.414779063928,1.73145134382751,-0.0420211699843252
-227.398501107562,1.73144891119462,-0.0421294280406491
-227.382219966264,1.73144639526667,-0.0422370051550874
-227.365935407601,1.73144379561039,-0.0423438908256179
-227.349647199178,1.73144111182964,-0.0424500752587885
-227.333355118148,1.73143834356496,-0.0425555493992499
-227.31705896057,1.73143549049304,-0.042660304817078
-227.300758549318,1.73143255232543,-0.0427643335803692
-227.284453740431,1.7314295288063,-0.0428676281259743
-227.268144429593,1.7314264197133,-0.042970181578776
-227.251830560628,1.73142322486157,-0.043071987833416
-227.235512133524,1.73141994411002,-0.0431730417032763
-227.219189209864,1.73141657736678,-0.0432733388728632
-227.202861913372,1.73141312459397,-0.0433728760462438
-227.186530425338,1.73140958580948,-0.0434716510441818
-227.170194975027,1.73140596108512,-0.0435696628626952
-227.153855826885,1.73140225054359,-0.0436669118945421
-227.137513267037,1.73139845435596,-0.0437633998501632
-227.121167592077,1.73139457273804,-0.0438591296671317
-227.104819102336,1.73139060594833,-0.0439541052757467
-227.088468100316,1.7313865542852,-0.0440483315960634
-227.07211489387,1.73138241808374,-0.044141814553375
-227.055759802169,1.73137819771274,-0.0442345610172102
-227.039403162716,1.7313738935712,-0.0443265785578685
-227.02304533707,1.7313695060846,-0.0444178754441191
-227.006686714584,1.73136503570184,-0.0445084605270612
-226.990327712765,1.73136048289189,-0.0445983432771248
-226.973968772773,1.73135584813792,-0.0446875336017338
-226.957610347379,1.73135113192793,-0.0447760417629265
-226.941252883328,1.73134633474366,-0.0448638781920529
-226.924896804369,1.73134145704999,-0.0449510534826804
-226.908542498821,1.73133649928744,-0.0450375784512969
-226.892190308596,1.73133146186495,-0.0451234639560595
-226.875840522339,1.73132634515581,-0.0452087206815746
-226.859493373558,1.73132114949522,-0.0452933589863109
-226.843149042345,1.73131587518057,-0.0453773887322864
-226.826807659283,1.73131052247235,-0.0454608190422664
-226.810469310773,1.73130509159536,-0.0455436583011037
-226.794134046141,1.73129958273903,-0.0456259140445503
-226.777801886264,1.73129399605816,-0.0457075929283595
-226.761472833604,1.73128833167498,-0.0457887002370288
-226.745146881729,1.73128258968063,-0.0458692399288856
-226.728824023783,1.73127677013632,-0.0459492147270078
-226.712504258725,1.73127087307473,-0.0460286263846875
-226.696187595094,1.73126489850084,-0.0461074756594118
-226.679874051542,1.73125884639126,-0.0461857624388008
-226.663563654487,1.73125271669483,-0.0462634858403802
-226.647256433202,1.73124650933328,-0.0463406444039545
-226.630952413339,1.73124022420202,-0.0464172360960197
-226.614651609523,1.73123386116964,-0.0464932583787211
-226.598354018179,1.73122742007705,-0.0465687081701526
-226.582059611356,1.73122090073705,-0.0466435818485157
-226.565768332319,1.73121430293444,-0.0467178753200618
-226.549480093559,1.73120762642566,-0.0467915840008128
-226.533194777377,1.73120087093999,-0.0468647029027831
-226.516912239171,1.73119403618159,-0.0469372266872706
-226.500632313028,1.73118712183169,-0.0470091496061918
-226.484354818814,1.73118012755122,-0.047080465313307
-226.468079569749,1.73117305298412,-0.047151166751325
-226.451806379532,1.73116589775988,-0.047221246311541
-226.435535068365,1.73115866149569,-0.0472906960301729
-226.419265467158,1.73115134379778,-0.0473595077644706
-226.402997419646,1.73114394426424,-0.0474276729770683
-226.386730781693,1.73113646248521,-0.0474951829077238
-226.370465418316,1.73112889804282,-0.0475620287810111
-226.354201198874,1.73112125051015,-0.0476282019544375
-226.337937991114,1.73111351945039,-0.0476936939478616
-226.321675654829,1.73110570441532,-0.0477584963516833
-226.305414035808,1.73109780494203,-0.0478226009091707
-226.289152961081,1.73108982055329,-0.0478859995984238
-226.272892236088,1.73108175075654,-0.0479486847116629
-226.256631644231,1.73107359504491,-0.0480106487024468
-226.240370948663,1.73106535289863,-0.0480718841361846
-226.224109896136,1.73105702378721,-0.0481323836817055
-226.207848222468,1.73104860717187,-0.0481921401189556
-226.191585658971,1.73104010250862,-0.0482511462714873
-226.175321939055,1.73103150925169,-0.0483093949075342
-226.15905680416,1.73102282685644,-0.0483668789371294
-226.142790008576,1.73101405478086,-0.0484235915301022
-226.126521322681,1.73100519248786,-0.0484795262393071
-226.110250535115,1.73099623944799,-0.0485346769002794
-226.093977456613,1.73098719514496,-0.0485890376937379
-226.077701924779,1.73097805908435,-0.048642603248221
-226.061423804884,1.73096883079882,-0.048695368691849
-226.045142985043,1.73095950984646,-0.04874732975107
-226.028859367703,1.7309500958052,-0.0487984827134234
-226.012572860512,1.73094058826559,-0.0488488245029481
-225.996283369239,1.73093098682405,-0.0488983527294863
-225.979990793716,1.73092129107985,-0.0489470658160648
-225.963695026894,1.73091150063458,-0.0489949629229678
-225.947395956345,1.7309016150939,-0.0490420438600563
-225.931093467361,1.73089163406901,-0.0490883090866239
-225.914787447264,1.73088155717847,-0.0491337596400123
-225.898477791575,1.73087138405173,-0.0491783970002865
-225.882164413014,1.73086111433766,-0.0492222228875342
-225.865847251527,1.73085074771515,-0.0492652393634228
-225.849526283331,1.73084028390155,-0.0493074490868784
-225.833201527658,1.73082972265752,-0.049348855315775
-225.816873050421,1.73081906378977,-0.0493894619035571
-225.80054096479,1.73080830715158,-0.0494292732107794
-225.784205428884,1.73079745264151,-0.0494682943615337
-225.767866641069,1.73078650020097,-0.0495065313650132
-225.751524833355,1.73077544980881,-0.049543991171464
-225.735180263574,1.73076430147396,-0.0495806866687985
-225.718833207108,1.73075305575816,-0.0496166301324187
-225.702483949186,1.73074171432841,-0.049651828099827
-225.686132778824,1.73073027947716,-0.0496862880411107
-225.669779984668,1.73071875375774,-0.0497200191082772
-225.653425852796,1.73070713979223,-0.0497530321409926
-225.637070665901,1.73069544017179,-0.049785339204095
-225.620714703407,1.73068365740304,-0.0498169532731567
-225.604358242013,1.73067179388368,-0.0498478878268273
-225.588001556084,1.73065985189312,-0.0498781565553439
-225.571644917516,1.73064783358886,-0.0499077729936089
-225.555288594205,1.73063574100681,-0.0499367504309784
-225.538932845235,1.73062357606311,-0.0499651019065911
-225.522577911409,1.73061134055178,-0.0499928402237786
-225.50622400645,1.7305990361409,-0.0500199780376979
-225.489871313004,1.73058666437529,-0.0500465277217406
-225.473519982498,1.73057422668302,-0.0500725013174506
-225.457170136598,1.73056172438241,-0.0500979104126584
-225.440821868272,1.7305491586884,-0.0501227660581029
-225.424475242142,1.73053653071757,-0.0501470786259991
-225.408130294637,1.73052384149275,-0.0501708577737183
-225.391787034977,1.73051109194735,-0.0501941124260427
-225.375445447579,1.73049828293083,-0.0502168507177031
-225.359105495799,1.73048541521482,-0.050239079938643
-225.342767126613,1.73047248950012,-0.0502608064911476
-225.326430275563,1.73045950642231,-0.050282036056127
-225.310094871843,1.73044646655819,-0.05030277346673
-225.293760842623,1.73043337043212,-0.0503230227782832
-225.277428116507,1.73042021852158,-0.0503427872666396
-225.261096625627,1.73040701125956,-0.0503620696268424
-225.244766306507,1.73039374903794,-0.0503808719321392
-225.22843709941,1.73038043220855,-0.0503991956456152
-225.212108946261,1.73036706108229,-0.0504170417761067
-225.195781787643,1.73035363592796,-0.0504344109680367
-225.17945555919,1.73034015697094,-0.0504513036410554
-225.16313018807,1.73032662439278,-0.0504677199397832
-225.146805589867,1.73031303832933,-0.0504836596794254
-225.130481666238,1.73029939887064,-0.0504991224422564
-225.114158303781,1.73028570606119,-0.0505141076569641
-225.097835374196,1.73027195990145,-0.0505286146788902
-225.081512735792,1.7302581603503,-0.0505426426752136
-225.065190236011,1.73024430733008,-0.050556190518497
-225.048867714655,1.73023040073076,-0.0505692568443483
-225.032545007527,1.73021644041431,-0.050581840079357
-225.016221949962,1.7302024262191,-0.0505939384967955
-224.9998983799,1.73018835796337,-0.0506055501909504
-224.983574140169,1.7301742354482,-0.0506166731074361
-224.96724907969,1.73016005846055,-0.0506273050400438
-224.950923053468,1.73014582677465,-0.0506374438442868
-224.934595921462,1.73013154015199,-0.050647087555548
-224.918267546525,1.73011719834026,-0.0506562343888787
-224.901937791646,1.73010280107137,-0.050664882682664
-224.885606517568,1.73008834806077,-0.0506730309468842
-224.869273583873,1.73007383901076,-0.0506806778762687
-224.852938853791,1.73005927361811,-0.0506878224129749
-224.836602197811,1.73004465157996,-0.0506944636916692
-224.820263493824,1.73002997259609,-0.0507006011182974
-224.803922624876,1.7300152363677,-0.0507062342951832
-224.787579476616,1.73000044259501,-0.0507113630856855
-224.771233936402,1.72998559097633,-0.0507159876347299
-224.754885894332,1.72997068120952,-0.0507201083907594
-224.738535245756,1.72995571299472,-0.0507237260773817
-224.722181894133,1.72994068603656,-0.0507268417683594
-224.705825753385,1.72992560004764,-0.050729456928912
-224.689466749312,1.72991045475024,-0.0507315734428258
-224.673104820501,1.72989524987886,-0.0507331935922127
-224.656739920327,1.72987998518392,-0.0507343199975476
-224.640372019994,1.72986466043562,-0.0507349556365646
-224.624001111043,1.72984927542757,-0.0507351037211767
-224.607627206347,1.72983382997818,-0.0507347678831279
-224.59125033939,1.72981832393086,-0.0507339522372512
-224.574870562413,1.72980275715321,-0.0507326614651408
-224.558487944109,1.72978712953551,-0.0507309007348976
-224.542102567764,1.72977144098921,-0.0507286756912537
-224.525714530145,1.72975569144613,-0.0507259924818738
-224.509323941227,1.7297398808587,-0.0507228577617332
-224.49293092455,1.72972400920091,-0.0507192788107476
-224.476535617987,1.72970807647027,-0.0507152635333139
-224.460138174633,1.72969208268904,-0.050710820392193
-224.443738763619,1.72967602790223,-0.0507059581831548
-224.427337570465,1.72965991217853,-0.050700685855817
-224.410934796806,1.72964373561031,-0.0506950124392518
-224.394530658936,1.72962749831555,-0.0506889471141017
-224.378125385276,1.72961120043264,-0.050682499364795
-224.361719212748,1.72959484211475,-0.0506756790097528
-224.345312382211,1.7295784235244,-0.0506684963090626
-224.328905133231,1.72956194482762,-0.0506609618768187
-224.312497698425,1.72954540618606,-0.0506530865374335
-224.296090297819,1.72952880775176,-0.0506448812144333
-224.279683132907,1.7295121496615,-0.0506363568175893
-224.263276378361,1.72949543202556,-0.0506275242305121
-224.246870173249,1.72947865491502,-0.0506183941825616
-224.230464616844,1.72946181835367,-0.0506089770159066
-224.214059770699,1.72944492232267,-0.0505992826999664
-224.197655665045,1.72942796676646,-0.0505893206685835
-224.181252306346,1.72941095160151,-0.0505790998145596
-224.164849684224,1.72939387672337,-0.0505686284089998
-224.148447776803,1.72937674201452,-0.0505579140802439
-224.132046554608,1.72935954734994,-0.0505469638656809
-224.115645983305,1.72934229260025,-0.0505357843139769
-224.099246025697,1.72932497763446,-0.0505243814240505
-224.08284664299,1.72930760232221,-0.0505127602993655
-224.066447794809,1.72929016653667,-0.0505009252698723
-224.050049438507,1.72927267015267,-0.0504888799656519
-224.033651527701,1.72925511304309,-0.0504766276374064
-224.017254010731,1.72923749507597,-0.0504641712883971
-224.00085682925,1.72921981611326,-0.0504515136586663
-223.984459917082,1.7292020760091,-0.0504386571928365
-223.968063199573,1.72918427461066,-0.0504256039451345
-223.951666593545,1.72916641176035,-0.0504123555161724
-223.935270007773,1.72914848729767,-0.050398913152761
-223.918873344092,1.72913050106044,-0.0503852778945508
-223.902476498952,1.72911245288524,-0.0503714506801673
-223.886079365615,1.72909434261075,-0.0503574320218933
-223.869681836076,1.72907617008028,-0.0503432221463632
-223.853283802933,1.72905793514324,-0.0503288210003303
-223.836885160733,1.72903963765774,-0.050314228466416
-223.820485807015,1.72902127749341,-0.0502994441910177
-223.804085642481,1.72900285452894,-0.0502844677320886
-223.787684570591,1.72898436865281,-0.0502692985875095
-223.771282496461,1.72896581976214,-0.0502539363254693
-223.754879325415,1.72894720776123,-0.0502383804050355
-223.738474961045,1.72892853255903,-0.0502226303514166
-223.722069303302,1.72890979406692,-0.050206685902515
-223.705662246878,1.72889099219684,-0.0501905469748287
-223.689253680174,1.72887212685977,-0.050174213452472
-223.672843487065,1.7288531979728,-0.0501576852109184
-223.656431553236,1.72883420546586,-0.0501409621098604
-223.640017772838,1.72881514929034,-0.0501240441703501
-223.62360205186,1.72879602942365,-0.0501069314222834
-223.607184307854,1.72877684586841,-0.0500896240335715
-223.590764467895,1.72875759865044,-0.0500721223558498
-223.574342466572,1.72873828781487,-0.0500544269754714
-223.557918244962,1.72871891342441,-0.0500365387709202
-223.541491750658,1.72869947555825,-0.0500184588982783
-223.525062939389,1.72867997431423,-0.0500001888402428
-223.50863177834,1.72866040981321,-0.0499817303783782
-223.492198249554,1.72864078220524,-0.049963085424648
-223.47576235194,1.72862109167303,-0.0499442561276782
-223.459324101549,1.72860133843175,-0.0499252449570382
-223.442883530517,1.72858152272461,-0.0499060547525241
-223.426440685327,1.72856164482139,-0.0498866886244448
-223.409995624926,1.72854170501751,-0.0498671500353923
-223.393548419133,1.7285217036332,-0.0498474427935237
-223.377099147549,1.72850164101176,-0.0498275711302933
-223.360647898902,1.72848151751739,-0.0498075395773612
-223.344194770622,1.72846133353333,-0.049787353196369
-223.327739868749,1.72844108946133,-0.0497670174419648
-223.311283307921,1.7284207857227,-0.0497465381030489
-223.294825211456,1.72840042275923,-0.0497259210522525
-223.278365711143,1.72838000101051,-0.0497051727171134
-223.26190494653,1.7283595212232,-0.0496842997714548
-223.245443063962,1.72833898486429,-0.0496633086181878
-223.228980215272,1.72831839382307,-0.0496422059086611
-223.212516555913,1.72829775016817,-0.0496209983044168
-223.196052242242,1.72827705601728,-0.0495996926967499
-223.17958742846,1.72825631346816,-0.0495782963208486
-223.163122263382,1.72823552456292,-0.0495568166740617
-223.146656887277,1.72821469126878,-0.0495352612575701
-223.130191428512,1.72819381546861,-0.0495136375639443
-223.113725998597,1.72817289895371,-0.0494919530370408
-223.097260683916,1.7281519434167,-0.0494702149129585
-223.080795538964,1.72813095044564,-0.049448430012371
-223.064330584817,1.7281099215262,-0.0494266047838208
-223.047865812643,1.72808885804984,-0.0494047453788619
-223.03140118984,1.72806776132539,-0.0493828577745466
-223.014936666678,1.72804663259122,-0.0493609474966892
-222.998472181728,1.72802547302415,-0.0493390194447813
-222.98200766568,1.72800428374624,-0.0493170778336638
-222.96554304388,1.72798306582758,-0.0492951262674887
-222.949078238082,1.72796182029067,-0.0492731679031106
-222.93261316785,1.7279405481154,-0.0492512053599392
-222.916147751319,1.72791925024179,-0.0492292407369309
-222.899681905441,1.72789792757254,-0.0492072757465881
-222.883215545879,1.72787658097409,-0.0491853117998689
-222.866748586646,1.72785521127753,-0.0491633499964442
-222.850280939587,1.72783381927847,-0.0491413911018384
-222.833812513739,1.72781240573696,-0.0491194356843111
-222.817343214997,1.72779097137738,-0.0490974841243716
-222.800872945917,1.72776951688853,-0.0490755366281053
-222.784401605989,1.72774804292553,-0.0490535931096328
-222.767929092119,1.72772655011192,-0.0490316533479812
-222.751455299475,1.72770503904246,-0.04900971700078
-222.734980122483,1.7276835102854,-0.04898778364026
-222.718503455887,1.72766196438485,-0.0489658526944246
-222.702025195801,1.72764040185987,-0.0489439233964839
-222.685545240593,1.72761882320792,-0.0489219949975181
-222.669063491609,1.72759722890723,-0.0489000667898348
-222.652579853671,1.72757561941864,-0.0488781380922767
-222.636094237503,1.72755399518871,-0.0488562081617609
-222.619606567218,1.7275323566599,-0.0488342763280727
-222.603116789153,1.72751070428077,-0.0488123421009653
-222.586624877285,1.72748903851288,-0.0487904051829454
-222.570130833933,1.72746735983265,-0.0487684655294646
-222.553634687103,1.72744566873049,-0.0487465233444694
-222.53713648664,1.72742396570585,-0.0487245791588001
-222.520636300885,1.72740225126322,-0.0487026338546742
-222.504134214477,1.72738052590797,-0.0486806887751137
-222.487630327261,1.72735879014604,-0.0486587456095864
-222.471124753669,1.72733704448479,-0.048636806445183
-222.454617622065,1.72731528943297,-0.0486148738544836
-222.438109073851,1.72729352550042,-0.0485929509546205
-222.421599262241,1.72727175319669,-0.0485710412690094
-222.405088350713,1.7272499730301,-0.048549148517657
-222.388576510952,1.72722818550654,-0.0485272767791893
-222.372063920589,1.72720639112988,-0.048505430535436
-222.355550760665,1.72718459039825,-0.0484836146547988
-222.339037212805,1.72716278379767,-0.0484618342059595
-222.322523455952,1.72714097179716,-0.0484400944238256
-222.306009662854,1.72711915484715,-0.0484184007362005
-222.289495996518,1.72709733337638,-0.0483967587075578
-222.272982606592,1.72707550778854,-0.0483751740387364
-222.256469624005,1.72705367845624,-0.0483536524358036
-222.239957152093,1.72703184571017,-0.0483321995477161
-222.223445259319,1.72701000983027,-0.0483108208388321
-222.206933977492,1.72698817104454,-0.0482895215781459
-222.190423305252,1.72696632953497,-0.0482683066671082
-222.173913214079,1.72694448544665,-0.0482471804641148
-222.157403654306,1.72692263889527,-0.048226146758124
-222.140894559937,1.72690078997311,-0.048205208764698
-222.124385852064,1.72687893875278,-0.0481843691932873
-222.107877441373,1.7268570852917,-0.0481636301804689
-222.091369230013,1.72683522963525,-0.0481429933243267
-222.074861113135,1.72681337181944,-0.0481224597002632
-222.058352980102,1.72679151187085,-0.0481020299096829
-222.041844715443,1.72676964980823,-0.0480817040221304
-222.025336199419,1.72674778564431,-0.0480614816314267
-222.008827308305,1.7267259193868,-0.0480413619232699
-221.992317914467,1.7267040510382,-0.0480213437889697
-221.975807886373,1.72668218059553,-0.048001425842029
-221.959297088653,1.72666030805025,-0.0479816064104976
-221.942785382207,1.72663843338802,-0.0479618835293346
-221.926272624528,1.72661655658902,-0.0479422548374177
-221.909758670057,1.72659467762855,-0.0479227177621026
-221.893243370803,1.72657279647923,-0.0479032696111743
-221.876726577133,1.72655091311256,-0.047883907689108
-221.860208138747,1.72652902749861,-0.0478646292453432
-221.843687905678,1.72650713960735,-0.047845431438856
-221.82716572929,1.72648524940985,-0.0478263113990224
-221.810641464964,1.72646335688414,-0.0478072661934709
-221.794114979104,1.72644146202366,-0.0477882929603672
-221.77758615944,1.72641956484958,-0.0477693888897933
-221.761054923226,1.72639766541921,-0.0477505512881361
-221.74452122113,1.72637576383059,-0.0477317776322602
-221.727985037278,1.72635386022262,-0.0477130657011979
-221.711446387347,1.72633195477202,-0.0476944136251138
-221.69490531632,1.72631004769219,-0.0476758199814672
-221.678361896806,1.72628813923087,-0.0476572837778121
-221.661816227903,1.72626622966884,-0.0476388045518925
-221.64526843428,1.72624431931784,-0.0476203824167133
-221.628718665088,1.72622240851939,-0.0476020181963706
-221.612167092486,1.72620049764216,-0.047583713361947
-221.595613909671,1.72617858707934,-0.0475654700172851
-221.579059328547,1.72615667724626,-0.0475472909110833
-221.562503577111,1.72613476857917,-0.0475291794323465
-221.545946896771,1.72611286153147,-0.0475111395600956
-221.529389539408,1.72609095656961,-0.0474931757580034
-221.512831764273,1.72606905416968,-0.0474752928727018
-221.496273834512,1.72604715481096,-0.0474574960503347
-221.479716013337,1.72602525897176,-0.0474397908489165
-221.463158560055,1.7260033671243,-0.0474221832204533
-221.446601726018,1.72598147973126,-0.0474046794214145
-221.430045750639,1.72595959724074,-0.0473872858199941
-221.413490857221,1.72593772008126,-0.0473700088874098
-221.396937247428,1.72591584865491,-0.0473528551151569
-221.38038509309,1.7258939833266,-0.047335830934098
-221.363834530092,1.72587212441838,-0.0473189425453474
-221.347285657325,1.72585027220835,-0.0473021958339687
-221.330738540154,1.7258284269357,-0.0472855961646799
-221.314193215659,1.72580658880776,-0.0472691483792502
-221.297649697804,1.72578475800634,-0.0472528567451069
-221.281107981481,1.72576293469264,-0.0472367249633064
-221.264568045579,1.72574111901072,-0.0472207560636622
-221.248029855308,1.72571931109012,-0.0472049524221783
-221.23149336428,1.72569751104881,-0.0471893157139785
-221.214958516372,1.72567571899609,-0.0471738469134017
-221.198425247344,1.72565393503515,-0.0471585463490902
-221.181893486169,1.7256321592648,-0.0471434137452354
-221.165363155951,1.72561039178009,-0.0471284483046394
-221.148834174622,1.72558863267137,-0.0471136486216555
-221.132306455184,1.7255668820251,-0.047099012777481
-221.115779905928,1.72554513992397,-0.0470845383452697
-221.099254430542,1.72552340644693,-0.0470702224806777
-221.082729928303,1.72550168166917,-0.0470560619444386
-221.06620629424,1.7254799656626,-0.0470420531759606
-221.049683419379,1.72545825849599,-0.0470281923559254
-221.033161191073,1.72543656023546,-0.0470144754270021
-221.016639493435,1.72541487094495,-0.0470008982033282
-221.000118207913,1.72539319068646,-0.0469874564033724
-220.983597213913,1.72537151951925,-0.0469741456252057
-220.967076389358,1.72534985750204,-0.0469609612605501
-220.950555611206,1.72532820469283,-0.0469478984676137
-220.93403475584,1.72530656115059,-0.0469349522587163
-220.917513699443,1.72528492693593,-0.0469221174606184
-220.900992318136,1.72526330211044,-0.0469093887377281
-220.884470487943,1.72524168673508,-0.0468967607472626
-220.867948084595,1.72522008086952,-0.0468842283845008
-220.851424983329,1.72519848457174,-0.046871786822765
-220.834901058605,1.72517689789868,-0.0468594313254024
-220.818376183747,1.72515532090557,-0.0468471572448876
-220.801850230566,1.72513375364084,-0.0468349586333286
-220.785323068985,1.72511219629464,-0.0468228300564574
-220.76879456688,1.72509064938809,-0.046810767862075
-220.752264590233,1.72506911362792,-0.04679876848386
-220.735733005309,1.72504758979902,-0.0467868282402398
-220.719199681722,1.72502607870738,-0.046774943296099
-220.70266448921,1.72500458114391,-0.0467631097549311
-220.686127284484,1.72498309785288,-0.0467513237979594
-220.669587891756,1.72496162950026,-0.0467395818368136
-220.653046085807,1.72494017664963,-0.0467278806114839
-220.636501586222,1.72491873975284,-0.0467162172136222
-220.619954065885,1.72489731916152,-0.0467045887554339
-220.603403171295,1.72487591515207,-0.046692992149892
-220.586848549594,1.72485452795905,-0.0466814239588219
-220.570289876918,1.72483315780696,-0.0466698804005988
-220.553726883657,1.72481180494458,-0.0466583575814409
-220.537159374311,1.72479046967255,-0.0466468515067377
-220.520587241574,1.72476915236343,-0.046635358389314
-220.504010476149,1.72474785347564,-0.0466238747496418
-220.487429175906,1.72472657356675,-0.0466123977509824
-220.470843557993,1.72470531331237,-0.0466009255248217
-220.454253977507,1.72468407353457,-0.046589457500439
-220.437660951547,1.72466285523581,-0.0465779945378974
-220.4210651749,1.72464165961956,-0.0465665388519784
-220.404467495639,1.72462048805789,-0.0465550943998165
-220.387868816809,1.72459934196972,-0.0465436672519582
-220.371269952101,1.72457822264322,-0.04653226579998
-220.354671519838,1.72455713110699,-0.046520900358827
-220.338073923988,1.72453606810866,-0.0465095828830573
-220.321477406483,1.72451503418506,-0.0464983265058498
-220.304882124784,1.72449402975915,-0.0464871450200147
-220.288288218881,1.72447305522317,-0.046476052158538
-220.271695854666,1.72445211099033,-0.0464650611296399
-220.255105247264,1.72443119752375,-0.0464541842344267
-220.238516672441,1.72441031535325,-0.0464434327599774
-220.221930471261,1.72438946508332,-0.0464328169907088
-220.205347046508,1.72436864738955,-0.0464223465857439
-220.188766850126,1.72434786300384,-0.0464120308343157
-220.172190362774,1.72432711268861,-0.0464018788786959
-220.155618068196,1.72430639720674,-0.0463918997542489
-220.139050425901,1.72428571728863,-0.0463821024605682
-220.12248784627,1.72426507360256,-0.0463724959778894
-220.105930671053,1.72424446673125,-0.0463630891625514
-220.089379160594,1.72422389715812,-0.0463538905474087
-220.072833488375,1.72420336526376,-0.0463449081256288
-220.056293742809,1.72418287133056,-0.0463361489932198
-220.039759936117,1.72416241555533,-0.04632761915231
-220.02323202045,1.72414199806902,-0.0463193232471628
-220.006709909783,1.72412161896341,-0.0463112645346438
-219.990193505169,1.72410127832303,-0.0463034448017833
-219.973682719201,1.72408097625443,-0.0462958642838687
-219.957177495481,1.72406071290852,-0.0462885217136466
-219.940677819695,1.72404048849081,-0.0462814144991874
-219.924183721107,1.72402030326077,-0.046274538928558
-219.907695264932,1.72400015752254,-0.0462678904076403
-219.891212538132,1.72398005160781,-0.0462614635988769
-219.874735630969,1.72395998585349,-0.0462552527109834
-219.858264617256,1.7239399605764,-0.0462492516531369
-219.841799535054,1.72391997604811,-0.0462434541384472
-219.825340369178,1.72390003247689,-0.0462378535863098
-219.808887036727,1.72388012999228,-0.0462324429286298
-219.792439376389,1.72386026863262,-0.0462272146351362
-219.775997143897,1.72384044833969,-0.0462221606375054
-219.759560016309,1.72382066896545,-0.0462172721971182
-219.743127607773,1.72380093029085,-0.0462125397317122
-219.726699495975,1.72378123205586,-0.0462079527712995
-219.710275254079,1.72376157399665,-0.0462034999337068
-219.693854480118,1.72374195588078,-0.0461991689532138
-219.677436817017,1.72372237752959,-0.0461949466465441
-219.661021960551,1.72370283882583,-0.0461908192147293
-219.64460965702,1.72368333971081,-0.0461867723984784
-219.628199693619,1.72366388017299,-0.0461827916785407
-219.611791884284,1.72364446023079,-0.0461788624550909
-219.595386052959,1.72362507991121,-0.0461749702635178
-219.5789820157,1.72360573922904,-0.0461711011141722
-219.562579563443,1.7235864381675,-0.0461672416704293
-219.546178447437,1.72356717666055,-0.0461633792906411
-219.529778369701,1.72354795457971,-0.04615950179289
-219.513378980414,1.72352877173288,-0.0461555973624773
-219.496979883168,1.72350962787042,-0.0461516544463266
-219.480580647234,1.72349052269824,-0.0461476617453769
-219.464180824749,1.72347145589595,-0.0461436078829081
-219.447779969594,1.72345242713659,-0.0461394814498336
-219.431377655303,1.72343343610818,-0.0461352711134774
-219.414973490057,1.72341448253108,-0.0461309657587081
-219.398567128666,1.72339556617229,-0.0461265544187258
-219.382158283965,1.72337668685712,-0.0461220263679951
-219.365746735163,1.72335784447739,-0.046117371434502
-219.349332328938,1.72333903899206,-0.04611258021573
-219.332914971966,1.72332027042035,-0.0461076442555534
-219.316494616622,1.72330153882724,-0.046102556016967
-219.300071242624,1.72328284430274,-0.0460973090541485
-219.283644837937,1.72326418694233,-0.046091898168678
-219.267215381942,1.72324556682759,-0.0460863195186319
-219.250782833344,1.72322698401168,-0.0460805706377256
-219.234347124587,1.72320843851182,-0.0460746501336368
-219.217908163952,1.72318993031024,-0.0460685575770777
-219.201465846679,1.72317145936578,-0.0460622934192297
-219.18502007208,1.72315302563104,-0.0460558588831826
-219.168570762497,1.7231346290718,-0.046049255800904
-219.152117881277,1.72311626968693,-0.0460424865479426
-219.135661448842,1.7230979475267,-0.0460355540421535
-219.119201556609,1.72307966270987,-0.0460284617644196
-219.102738378719,1.72306141543967,-0.0460212137757297
-219.086272180205,1.7230432060153,-0.0460138149066165
-219.069803318901,1.72302503483577,-0.0460062709581723
-219.053332237524,1.72300690238876,-0.0459985888433522
-219.036859443284,1.72298880922802,-0.0459907767584537
-219.02038547735,1.72297075593859,-0.0459828441509944
-219.003910881126,1.72295274309944,-0.0459748017408795
-218.98743616813,1.7229347712524,-0.0459666615833901
-218.970961806901,1.72291684088466,-0.0459584369879112
-218.954488215008,1.72289895242298,-0.0459501422417794
-218.938015760881,1.72288110623798,-0.0459417920839907
-218.921544769314,1.72286330265296,-0.0459334014726574
-218.905075527721,1.72284554195354,-0.0459249854982743
-218.888608290434,1.72282782439539,-0.0459165592051734
-218.872143282034,1.72281015021164,-0.0459081373031253
-218.855680704852,1.72279251962229,-0.0458997338154595
-218.839220749341,1.72277493284573,-0.0458913620756784
-218.822763603892,1.72275739010864,-0.0458830347042322
-218.806309460069,1.72273989165046,-0.0458747636356416
-218.789858511437,1.72272243772144,-0.045866560034038
-218.773410946329,1.72270502857363,-0.0458584342830321
-218.756966936785,1.72268766444733,-0.0458503960215338
-218.740526626365,1.72267034555811,-0.0458424541860485
-218.724090119134,1.72265307208476,-0.0458346170880368
-218.707657471524,1.72263584416215,-0.0458268923313801
-218.691228688045,1.72261866187938,-0.0458192866145695
-218.674803721032,1.72260152527968,-0.0458118056443096
-218.658382474974,1.72258443436325,-0.0458044541062038
-218.641964814947,1.72256738909533,-0.0457972356598848
-218.625550578493,1.7225503894177,-0.0457901528322361
-218.609139589299,1.72253343526261,-0.045783206909352
-218.59273167064,1.72251652656624,-0.0457763980173595
-218.576326656692,1.72249966328025,-0.0457697252688246
-218.559924400194,1.72248284537932,-0.0457631868611048
-218.543524775588,1.72246607286424,-0.0457567800485783
-218.527127677358,1.72244934575753,-0.0457505012737607
-218.510733014214,1.72243266409854,-0.0457443463185054
-218.494340700114,1.7224160279349,-0.0457383105945875
-218.477950643577,1.72239943731159,-0.0457323893366864
-218.46156273685,1.72238289225942,-0.0457265775045293
-218.445176846143,1.72236639278489,-0.045720869828737
-218.428792804483,1.72234993886331,-0.0457152608603931
-218.412410408239,1.72233353043504,-0.0457097450348692
-218.396029418004,1.72231716740587,-0.0457043165865058
-218.379649563705,1.72230084965212,-0.0456989695004551
-218.363270553311,1.72228457702848,-0.0456936974385068
-218.346892083771,1.72226834937896,-0.0456884937877974
-218.330513852714,1.72225216654514,-0.0456833513320959
-218.314135569182,1.72223602840471,-0.0456782627077531
-218.297756962293,1.7222199349253,-0.0456732205680321
-218.281377786754,1.72220388614033,-0.0456682173304034
-218.264997824945,1.72218788212618,-0.0456632452788862
-218.248616885537,1.72217192298799,-0.0456582967109898
-218.232234799995,1.72215600884965,-0.0456533641438048
-218.215851420733,1.72214013984692,-0.0456484404619943
-218.19946661941,1.72212431612195,-0.0456435189951489
-218.183080281756,1.72210853781631,-0.0456385936064855
-218.166692298873,1.72209280506265,-0.0456336587975233
-218.150302557799,1.72207711797678,-0.0456287098003733
-218.133910934596,1.72206147665142,-0.0456237424828549
-218.117517291922,1.722045881155,-0.0456187531722106
-218.101121481509,1.72203033153418,-0.0456137386741973
-218.08472335039,1.72201482782014,-0.0456086962049915
-218.068322749183,1.72199937003641,-0.0456036234519483
-218.051919540745,1.72198395820837,-0.0455985184542667
-218.035513608188,1.72196859237149,-0.0455933795739278
-218.01910486132,1.72195327257896,-0.0455882055248054
-218.002693241015,1.72193799890689,-0.0455829954881687
-217.986278721446,1.72192277145725,-0.045577749156608
-217.96986131139,1.72190759035882,-0.0455724667085885
-217.953441054794,1.72189245576597,-0.0455671488463488
-217.93701802915,1.72187736785605,-0.0455617969333279
-217.920592341101,1.72186232682393,-0.0455564130372972
-217.904164119206,1.72184733287449,-0.0455510000017482
-217.887733505464,1.72183238621498,-0.0455455614107987
-217.871300647369,1.72181748704791,-0.0455401016342417
-217.854865692596,1.72180263556721,-0.0455346256283876
-217.838428787011,1.72178783195607,-0.0455291389421982
-217.821990076087,1.72177307638814,-0.0455236476956
-217.805549708982,1.72175836903151,-0.0455181585317256
-217.789107844134,1.72174371005367,-0.0455126784955727
-217.772664655167,1.72172909962811,-0.0455072149644727
-217.756220335947,1.72171453794012,-0.0455017756206683
-217.739775103908,1.72170002519145,-0.0454963683969797
-217.723329200686,1.72168556160179,-0.0454910014602797
-217.706882889519,1.72167114740756,-0.0454856831948448
-217.69043644921,1.7216567828582,-0.0454804221796559
-217.67399016496,1.72164246820842,-0.0454752272130129
-217.657544316942,1.72162820371023,-0.0454701073154501
-217.64109916613,1.72161398960186,-0.0454650716653373
-217.624654937436,1.72159982609672,-0.0454601294303681
-217.608211806299,1.72158571337494,-0.0454552897255825
-217.591769893443,1.72157165158135,-0.045450561531621
-217.575329267384,1.72155764082744,-0.0454459535891814
-217.558889951849,1.72154368119512,-0.0454414743293022
-217.542451935291,1.72152977274376,-0.0454371315900155
-217.526015180483,1.72151591551706,-0.045432932519727
-217.509579633562,1.72150210954884,-0.0454288834273542
-217.493145232186,1.72148835486956,-0.0454249896124767
-217.47671191242,1.72147465151159,-0.045421255336855
-217.460279614014,1.72146099951445,-0.0454176839461955
-217.44384828368,1.72144739892828,-0.0454142778925031
-217.427417875848,1.72143384981208,-0.0454110388263968
-217.410988350839,1.7214203522325,-0.045407967716151
-217.394559670732,1.72140690625965,-0.0454050651673383
-217.378131793835,1.72139351196173,-0.0454023314816698
-217.361704668528,1.72138016940033,-0.0453997665797898
-217.345278227368,1.72136687862607,-0.0453973699785825
-217.328852382437,1.72135363967506,-0.0453951407771306
-217.312427022593,1.72134045256621,-0.0453930777174355
-217.296002013117,1.72132731730102,-0.0453911790871986
-217.27957719766,1.72131423386444,-0.0453894427994104
-217.263152402431,1.72130120222735,-0.0453878661892225
-217.246727441785,1.72128822235066,-0.0453864461454216
-217.230302124698,1.72127529419053,-0.0453851792300303
-217.213876262353,1.72126241770293,-0.0453840617186318
-217.197449679047,1.72124959284973,-0.045383089544887
-217.181022223328,1.72123681960534,-0.0453822583008138
-217.164593774061,1.72122409795954,-0.0453815634000685
-217.148164239943,1.72121142791727,-0.0453810001960709
-217.131733553998,1.72119880949668,-0.0453805639869473
-217.11530166558,1.7211862427237,-0.0453802500908762
-217.098868532146,1.72117372762672,-0.0453800540324396
-217.082434112072,1.72116126423232,-0.04537997175291
-217.065998359054,1.72114885255819,-0.0453799995057077
-217.049561218101,1.72113649261195,-0.0453801338868978
-217.033122623239,1.72112418439005,-0.0453803717027075
-217.016682497027,1.72111192787723,-0.0453807100862819
-217.000240751946,1.72109972304742,-0.0453811464513411
-216.983797293516,1.72108756986676,-0.0453816784416613
-216.967352024716,1.72107546829643,-0.0453823038840419
-216.950904851089,1.72106341829801,-0.0453830205884841
-216.93445568588,1.72105141983639,-0.0453838264251431
-216.918004454474,1.72103947288247,-0.0453847193415208
-216.901551097716,1.72102757741719,-0.045385697478217
-216.885095574398,1.72101573343258,-0.0453867590615265
-216.868637863483,1.72100394093258,-0.0453879024668138
-216.852177965599,1.72099219993223,-0.0453891263395465
-216.835715902754,1.72098051045699,-0.0453904297329761
-216.819251715962,1.72096887254049,-0.0453918120691248
-216.802785461344,1.72095728622108,-0.0453932731644511
-216.78631720556,1.7209457515392,-0.04539481321504
-216.769847021726,1.72093426853423,-0.0453964327976691
-216.753374986631,1.72092283724392,-0.0453981328250802
-216.736901179604,1.7209114577017,-0.045399914679096
-216.720425683215,1.72090012993687,-0.045401780125401
-216.703948585361,1.72088885397537,-0.0454037312658874
-216.687469982278,1.72087762984462,-0.0454057703563741
-216.670989981752,1.72086645757549,-0.0454078998075869
-216.654508706151,1.72085533720534,-0.0454101222935636
-216.638026294664,1.72084426878004,-0.0454124407817665
-216.621542904229,1.72083325235574,-0.0454148584115709
-216.605058708577,1.72082228799838,-0.0454173784916443
-216.588573895418,1.72081137578047,-0.0454200045175629
-216.572088661741,1.72080051577959,-0.0454227403543852
-216.555603207812,1.72078970807645,-0.0454255900389103
-216.539117730123,1.72077895275029,-0.0454285577295308
-216.522632414009,1.72076824987616,-0.0454316477248428
-216.506147424873,1.72075759952181,-0.0454348644691348
-216.4896628969,1.72074700174252,-0.0454382124898514
-216.473178924644,1.72073645657869,-0.0454416961993611
-216.456695561459,1.72072596405667,-0.0454453197086195
-216.440212824311,1.72071552419189,-0.0454490866979412
-216.423730702104,1.72070513699303,-0.0454530003659977
-216.407249164627,1.7206948024651,-0.0454570634074423
-216.39076817034,1.72068452061259,-0.0454612780209521
-216.374287672351,1.72067429144292,-0.0454656458653367
-216.357807622646,1.72066411496921,-0.0454701680018565
-216.341327974756,1.72065399121088,-0.0454748447613483
-216.324848684801,1.7206439201941,-0.045479675918093
-216.30836971116,1.7206339019516,-0.0454846608818773
-216.291891012966,1.720623936521,-0.0454897987014466
-216.275412547549,1.72061402394349,-0.0454950879784776
-216.258934267135,1.72060416426032,-0.0455005269692433
-216.242456115506,1.72059435751051,-0.0455061136381234
-216.225978025125,1.72058460372937,-0.0455118457678201
-216.209499915287,1.72057490294761,-0.0455177208460007
-216.193021691422,1.72056525519066,-0.0455237360274313
-216.176543245712,1.7205556604777,-0.0455298881158463
-216.160064458915,1.72054611882208,-0.0455361736152625
-216.143585203203,1.72053663023342,-0.0455425888186839
-216.127105345803,1.72052719471889,-0.0455491297846046
-216.110624754581,1.72051781228551,-0.045555792309824
-216.094143307237,1.72050848294345,-0.0455625720002472
-216.077660900504,1.72049920670819,-0.0455694643605963
-216.06117745485,1.72048998360142,-0.0455764647046396
-216.044692913734,1.72048081365019,-0.0455835682076346
-216.028207239094,1.72047169688527,-0.0455907700454232
-216.011720405386,1.72046263333893,-0.0455980655953567
-215.995232393922,1.72045362304508,-0.0456054504510744
-215.978743188205,1.72044466603762,-0.0456129203055446
-215.96225277022,1.72043576234743,-0.0456204711048372
-215.945761117648,1.72042691199951,-0.045628099075713
-215.929268201936,1.72041811501264,-0.0456358007879489
-215.912773987359,1.72040937140071,-0.0456435729827182
-215.896278431108,1.7204006811724,-0.0456514126095714
-215.879781484506,1.72039204433105,-0.0456593167999556
-215.863283095171,1.72038346087139,-0.0456672831087014
-215.84678320978,1.72037493073603,-0.0456753089832209
-215.830281777065,1.72036645379683,-0.0456833915405479
-215.813778751511,1.72035802989076,-0.0456915281035492
-215.797274097932,1.72034965884476,-0.0456997162517845
-215.780767795481,1.72034134048726,-0.0457079538184541
-215.764259839988,1.72033307465424,-0.0457162387380455
-215.747750244192,1.72032486119111,-0.045724569019388
-215.731239036257,1.72031669995293,-0.0457329428852243
-215.714726257203,1.7203085908039,-0.045741358859164
-215.698211957898,1.72030053361528,-0.045749815729117
-215.681696196069,1.72029252826454,-0.0457583125136417
-215.665179033738,1.72028457463427,-0.0457668484941464
-215.64866053534,1.72027667261128,-0.0457754232219843
-215.632140766665,1.72026882208589,-0.0457840365052469
-215.615619794615,1.72026102295116,-0.0457926883810942
-215.599097687771,1.72025327510283,-0.0458013791449047
-215.582574517625,1.72024557844006,-0.045810109301724
-215.566050360184,1.72023793286664,-0.045818879546609
-215.549525297624,1.72023033829291,-0.0458276905986012
-215.532999419493,1.72022279463585,-0.045836543259381
-215.516472823292,1.72021530181868,-0.0458454384995881
-215.499945614201,1.72020785977029,-0.0458543775048816
-215.483417903857,1.72020046842514,-0.0458633615571082
-215.466889808147,1.7201931277224,-0.045872391815448
-215.450361443945,1.72018583760686,-0.0458814694525271
-215.433832925316,1.72017859802817,-0.0458905958360067
-215.417304358901,1.72017140893825,-0.0458997724723847
-215.400775836064,1.72016427029053,-0.0459090008567772
-215.38424742249,1.72015718203738,-0.0459182822762353
-215.367719151935,1.72015014413001,-0.0459276179478642
-215.351191026199,1.72014315651905,-0.0459370090350459
-215.334663019945,1.72013621915556,-0.045946456541651
-215.318135087484,1.72012933199233,-0.0459559611837932
-215.301607169316,1.72012249498518,-0.0459655232245429
-215.285079197299,1.72011570809418,-0.0459751424733206
-215.268551098477,1.72010897128428,-0.0459848182868851
-215.252022797858,1.72010228452549,-0.0459945495636446
-215.2354942204,1.72009564779345,-0.0460043348057669
-215.218965292296,1.72008906107069,-0.0460141720772636
-215.202435941403,1.72008252434692,-0.0460240591474037
-215.185906096924,1.72007603761697,-0.0460339935219885
-215.169375688337,1.72006960087965,-0.046043972539843
-215.152844643834,1.72006321413644,-0.0460539933809555
-215.136312888536,1.72005687739116,-0.046064052995166
-215.119780342735,1.7200505906492,-0.0460741481488429
-215.103246920558,1.72004435391607,-0.0460842754613465
-215.08671252998,1.72003816719742,-0.046094431523654
-215.070177077229,1.7200320304987,-0.0461046128344995
-215.053640474575,1.72002594382537,-0.0461148159010465
-215.037102646602,1.72001990718353,-0.0461250371109251
-215.020563532495,1.72001392057981,-0.0461352728257633
-215.004023085205,1.72000798402075,-0.0461455193559441
-214.987481269412,1.72000209751283,-0.046155772987201
-214.970938060078,1.71999626106349,-0.0461660301237563
-214.954393443125,1.71999047468201,-0.0461762873571014
-214.93784741768,1.71998473838004,-0.0461865415758612
-214.921299998128,1.71997905217136,-0.0461967898992863
-214.904751214659,1.71997341607092,-0.0462070296687892
-214.888201112058,1.71996783009367,-0.0462172584465885
-214.871649747223,1.71996229425386,-0.0462274740930332
-214.85509718617,1.71995680856458,-0.0462376748089105
-214.83854350117,1.71995137303759,-0.046247859128635
-214.82198876836,1.71994598768249,-0.0462580258603646
-214.80543306598,1.71994065250604,-0.0462681741198167
-214.78887647322,1.71993536751149,-0.0462783033474553
-214.772319069678,1.71993013269799,-0.0462884131954922
-214.755760935211,1.71992494806221,-0.0462985035128975
-214.739202150133,1.71991981359964,-0.0463085743055668
-214.722642795523,1.71991472930436,-0.0463186257802093
-214.706082953504,1.71990969516925,-0.0463286583055138
-214.689522707234,1.71990471118642,-0.0463386724473641
-214.672962140473,1.71989977734883,-0.0463486689234716
-214.656401336564,1.7198948936488,-0.0463586485636378
-214.639840376867,1.71989006007849,-0.0463686121699937
-214.623279337799,1.7198852766297,-0.0463785605911156
-214.606718283976,1.71988054329458,-0.0463884945649556
-214.590157257713,1.71987586006513,-0.0463984148136645
-214.573596272288,1.71987122693377,-0.0464083219395899
-214.557035310815,1.71986664389381,-0.0464182164119637
-214.540474329594,1.71986211094052,-0.0464280985191727
-214.523913263203,1.71985762807118,-0.0464379683184623
-214.507352029271,1.71985319528444,-0.046447825529533
-214.490790532102,1.71984881257915,-0.0464576694753732
-214.47422866535,1.71984447995352,-0.0464674990831817
-214.457666314287,1.71984019740537,-0.0464773129593819
-214.441103358102,1.71983596493302,-0.0464871093470247
-214.424539672167,1.71983178253586,-0.04649688617694
-214.40797513014,1.7198276502154,-0.0465066410234476
-214.391409605745,1.71982356797542,-0.0465163711247371
-214.374842975903,1.71981953582197,-0.0465260734496348
-214.358275127177,1.71981555376179,-0.046535744801097
-214.341705962064,1.7198116218009,-0.0465453818911459
-214.325135401337,1.71980773994308,-0.0465549812984246
-214.308563382675,1.71980390818927,-0.0465645395221615
-214.291989858254,1.71980012653762,-0.0465740531417352
-214.275414793229,1.71979639498367,-0.0465835188653159
-214.258838165434,1.71979271352039,-0.0465929336279961
-214.242259965945,1.71978908213789,-0.0466022945627828
-214.225680200043,1.71978550082278,-0.046611599103371
-214.209098888254,1.71978196955862,-0.046620844836141
-214.192516067348,1.71977848832595,-0.0466300295987226
-214.175931791214,1.71977505710216,-0.0466391514908913
-214.159346131539,1.71977167586161,-0.0466482089677792
-214.142759178148,1.71976834457627,-0.0466572008281137
-214.126171038892,1.719765063216,-0.0466661262517661
-214.109581838904,1.71976183174848,-0.0466749848305704
-214.092991719134,1.71975865013951,-0.0466837766160305
-214.076400834137,1.71975551835296,-0.0466925022497917
-214.059809349255,1.71975243635122,-0.0467011629432705
-214.043217437345,1.71974940409407,-0.0467097602398512
-214.026625275129,1.7197464215388,-0.046718295792016
-214.010033039345,1.71974348864055,-0.0467267714517962
-213.993440903121,1.71974060535271,-0.0467351892651765
-213.976849032612,1.71973777162688,-0.0467435516174338
-213.960257584314,1.71973498741266,-0.0467518609024922
-213.943666702472,1.71973225265951,-0.0467601196235595
-213.927076514984,1.71972956731774,-0.0467683303520572
-213.910487125742,1.71972693134069,-0.0467764957431289
-213.893898608595,1.71972434468694,-0.0467846184303382
-213.877311006763,1.71972180732179,-0.0467927009903665
-213.860724337236,1.71971931921755,-0.0468007457369354
-213.844138597116,1.71971688035254,-0.0468087545467522
-213.8275537692,1.71971449071036,-0.0468167289162412
-213.810969825765,1.71971215027939,-0.0468246698298077
-213.794386730303,1.71970985905298,-0.0468325778315063
-213.777804438076,1.71970761702937,-0.0468404529251422
-213.761222895915,1.71970542421055,-0.0468482947482028
-213.74464204206,1.71970328060112,-0.0468561025020951
-213.728061806046,1.71970118620853,-0.0468638749678493
-213.711482108759,1.71969914104331,-0.0468716105929123
-213.694902862719,1.71969714511891,-0.0468793076441041
-213.678323972686,1.71969519845089,-0.0468869642146779
-213.661745336631,1.71969330105692,-0.0468945779993396
-213.645166846826,1.71969145295619,-0.0469021462115434
-213.628588391041,1.71968965416924,-0.0469096656502955
-213.612009853788,1.71968790471802,-0.0469171329735625
-213.595431117737,1.71968620462482,-0.0469245445147803
-213.578852064773,1.71968455391312,-0.0469318964008101
-213.562272576808,1.71968295260701,-0.0469391846366598
-213.54569253636,1.7196814007311,-0.046946405225436
-213.529111828716,1.71967989831044,-0.0469535541015959
-213.512530347713,1.71967844536959,-0.0469606272012538
-213.495948001825,1.71967704192927,-0.046967620597326
-213.47936471642,1.71967568800511,-0.0469745302784829
-213.462780431603,1.71967438360803,-0.0469813522149444
-213.446195097689,1.71967312874451,-0.0469880824699559
-213.429608670677,1.71967192341647,-0.0469947173467701
-213.413021109184,1.71967076762227,-0.0470012533428846
-213.39643237311,1.71966966135845,-0.0470076871169925
-213.379842423497,1.71966860461369,-0.0470140162835446
-213.363251223381,1.71966759728116,-0.0470202386479451
-213.346658740111,1.71966663911262,-0.0470263515247399
-213.330064948842,1.71966572978442,-0.0470323524118168
-213.31346983581,1.71966486894181,-0.0470382390813139
-213.296873400612,1.71966405622043,-0.0470440097156352
-213.28027565735,1.71966329125788,-0.047049662903736
-213.263676634852,1.7196625736999,-0.047055197721209
-213.247076376309,1.7196619032037,-0.0470606135808197
-213.23047493851,1.71966127943823,-0.0470659101568213
-213.213872390763,1.71966070208282,-0.0470710873393826
-213.197268813526,1.71966017082617,-0.0470761453072526
-213.180664296847,1.71965968536673,-0.0470810846059957
-213.164058938676,1.71965924541211,-0.0470859061148982
-213.147452843138,1.71965885067938,-0.0470906109778779
-213.130846118788,1.7196585008947,-0.0470952007282417
-213.114238877112,1.71965819579364,-0.0470996772217212
-213.097631231175,1.71965793512105,-0.0471040426937027
-213.081023294577,1.71965771863141,-0.0471082995257306
-213.064415180385,1.71965754608847,-0.0471124503356438
-213.0478070002,1.71965741726434,-0.047116498001282
-213.031198863294,1.71965733193896,-0.0471204454952769
-213.014590875613,1.71965728990082,-0.047124295756192
-212.997983138556,1.71965729094765,-0.0471280516421132
-212.98137574673,1.7196573348871,-0.0471317160198119
-212.964768781872,1.71965742153734,-0.0471352918401694
-212.948162304141,1.71965755072904,-0.0471387820102021
-212.93155634616,1.71965772230696,-0.0471421894860551
-212.914950912971,1.71965793613086,-0.0471455170933843
-212.89834598595,1.71965819207497,-0.0471487673853906
-212.88174152794,1.71965849002607,-0.0471519425284476
-212.86513748755,1.7196588298818,-0.0471550442900916
-212.848533801932,1.71965921155026,-0.0471580740833955
-212.831930398451,1.71965963494936,-0.0471610328870022
-212.815327195812,1.71966010000612,-0.047163921237521
-212.798724105242,1.71966060665483,-0.0471667392398087
-212.782121031891,1.71966115483697,-0.0471694866409417
-212.765517876408,1.71966174450185,-0.0471721628725182
-212.748914536442,1.71966237560566,-0.0471747671865325
-212.732310908011,1.71966304811024,-0.0471772985721362
-212.715706886433,1.71966376198206,-0.0471797558665753
-212.699102366985,1.71966451719228,-0.0471821376036336
-212.682497245089,1.71966531371697,-0.0471844420496084
-212.665891416256,1.71966615153699,-0.0471866671848924
-212.649284776032,1.71966703063795,-0.0471888108006243
-212.632677222367,1.71966795100886,-0.0471908706654556
-212.616068661939,1.71966891263984,-0.0471928446365735
-212.599459015933,1.71966991551894,-0.0471947306874007
-212.582848221866,1.71967095963077,-0.0471965267546251
-212.566236231597,1.7196720449572,-0.0471982307910408
-212.549623008636,1.7196731714776,-0.0471998407714218
-212.53300852735,1.71967433917011,-0.0472013548836237
-212.516392774205,1.71967554801023,-0.0472027713764846
-212.499775749748,1.71967679797055,-0.047204088696028
-212.483157470369,1.71967808902024,-0.0472053056136835
-212.466537969234,1.7196794211241,-0.0472064212983344
-212.449917295738,1.71968079424264,-0.0472074352615315
-212.433295511545,1.71968220833259,-0.0472083472711931
-212.416672680844,1.71968366334864,-0.0472091573980667
-212.400048855073,1.71968515924522,-0.0472098661430204
-212.38342405574,1.7196866959771,-0.0472104744046757
-212.366798260924,1.71968827349982,-0.0472109832569933
-212.350171400361,1.71968989176965,-0.0472113938351741
-212.333543361568,1.71969155074346,-0.0472117072884287
-212.316914006287,1.71969325037655,-0.0472119247774046
-212.300283193993,1.71969499061932,-0.0472120473534592
-212.283650808379,1.71969677141386,-0.0472120757490791
-212.267016782899,1.71969859269159,-0.0472120104420806
-212.250381122641,1.71970045437204,-0.047211851732764
-212.233743920349,1.71970235636152,-0.047211599928271
-212.217105364416,1.71970429855271,-0.0472112554162086
-212.200465736285,1.7197062808252,-0.0472108189371406
-212.183825395189,1.71970830304774,-0.0472102918838071
-212.167184750915,1.71971036508115,-0.0472096765722058
-212.15054422932,1.71971246678273,-0.0472089762895247
-212.133904238424,1.71971460801079,-0.0472081952924705
-212.117265142688,1.71971678862847,-0.047207338770847
-212.100627249783,1.71971900850602,-0.0472064127200983
-212.083990810089,1.71972126752123,-0.0472054236651564
-212.0673560261,1.71972356555942,-0.0472043785005433
-212.050723066891,1.7197259025128,-0.0472032842725618
-212.034092082909,1.71972827828061,-0.0472021479861793
-212.017463222198,1.71973069276865,-0.0472009763848618
-212.000836647587,1.71973314588782,-0.0471997757076527
-211.98421255067,1.71973563755253,-0.0471985516337024
-211.967591157973,1.71973816768063,-0.0471973093659491
-211.950972726625,1.71974073619281,-0.0471960537811783
-211.934357530214,1.71974334301354,-0.047194789537147
-211.917745838196,1.7197459880726,-0.0471935210913883
-211.901137893456,1.71974867130865,-0.0471922528310165
-211.88453389256,1.71975139267299,-0.0471909890596265
-211.867933971506,1.71975415213354,-0.0471897338944267
-211.851338198548,1.71975694967608,-0.0471884911350141
-211.834746574912,1.7197597853039,-0.0471872641432571
-211.818159043455,1.7197626590363,-0.0471860556407501
-211.801575504426,1.71976557090562,-0.0471848675121986
-211.784995835943,1.71976852095258,-0.0471837006866136
-211.768419915719,1.71977150922219,-0.0471825550987995
-211.751847640073,1.71977453575944,-0.0471814296535856
-211.735278936352,1.71977760060636,-0.0471803223351034
-211.71871376688,1.71978070379968,-0.0471792303085261
-211.702152123974,1.71978384537064,-0.047178150127717
-211.685594017708,1.71978702534642,-0.047177077827452
-211.669039458741,1.71979024375578,-0.0471760090068223
-211.652488439111,1.71979350063166,-0.0471749391188892
-211.635940914014,1.71979679601616,-0.0471738635146698
-211.619396786846,1.71980012996477,-0.0471727774323737
-211.602855899755,1.71980350254962,-0.0471716758391026
-211.58631803166,1.7198069138606,-0.0471705534140045
-211.569782905003,1.71981036400352,-0.0471694044862904
-211.55325020089,1.71981385309619,-0.0471682229988302
-211.536719580093,1.7198173812627,-0.0471670022923619
-211.520190705607,1.71982094862759,-0.0471657349897109
-211.503663262127,1.71982455531033,-0.0471644130089685
-211.487136969023,1.7198282014217,-0.0471630277177908
-211.470611585351,1.71983188706251,-0.0471615701076857
-211.454086907091,1.7198356123239,-0.0471600309382862
-211.437562757835,1.71983937728962,-0.0471584010123129
-211.421038975733,1.71984318203836,-0.0471566712018747
-211.404515401299,1.71984702664508,-0.0471548326733858
-211.387991868981,1.71985091118161,-0.0471528769609832
-211.371468199707,1.71985483571818,-0.0471507961525902
-211.354944194453,1.71985880032422,-0.0471485827397791
-211.338419630925,1.71986280506859,-0.0471462295913853
-211.321894266034,1.71986685001911,-0.0471437299174046
-211.305367844934,1.71987093524094,-0.0471410772208668
-211.288840115073,1.71987506079389,-0.047138265292578
-211.272310842307,1.71987922672881,-0.0471352881534359
-211.255779825804,1.71988343308377,-0.0471321400223238
-211.239246909193,1.71988767988108,-0.0471288154182151
-211.222711986451,1.71989196712646,-0.0471253092632599
-211.206175001753,1.71989629481045,-0.0471216171124213
-211.189635943336,1.7199006629097,-0.0471177351271281
-211.173094832036,1.71990507139096,-0.0471136601545786
-211.15655170635,1.71990952021532,-0.0471093898619026
-211.140006606475,1.71991400934338,-0.0471049228234237
-211.123459561076,1.71991853873772,-0.0471002586014318
-211.106910580519,1.71992310836399,-0.0470953975819958
-211.090359657902,1.71992771818902,-0.0470903408384308
-211.073806776337,1.71993236817776,-0.0470850901071096
-211.057251920617,1.71993705828923,-0.0470796477813387
-211.04069509113,1.71994178847174,-0.0470740168747356
-211.024136318418,1.71994655865872,-0.0470682007620059
-211.007575676481,1.71995136876602,-0.0470622030832233
-210.991013293206,1.71995621868965,-0.0470560278302653
-210.974449356219,1.71996110830386,-0.0470496794672986
-210.957884112401,1.71996603746102,-0.0470431630361279
-210.941317860206,1.7199710059944,-0.0470364842086722
-210.924750935148,1.71997601372315,-0.047029649390896
-210.908183690769,1.71998106045917,-0.0470226657074284
-210.891616478321,1.71998614601533,-0.0470155417554798
-210.875049628737,1.71999127014372,-0.0470082867094436
-210.858483439388,1.71999643245652,-0.0470009095824244
-210.841918166785,1.720001632492,-0.0469934199330604
-210.825354024982,1.72000686976643,-0.0469858278000847
-210.808791186957,1.72001214380108,-0.046978143538512
-210.792229786143,1.72001745413739,-0.0469703775709105
-210.775669921829,1.72002280034316,-0.0469625401564662
-210.759111670126,1.72002818201259,-0.0469546411645873
-210.742555097522,1.72003359876221,-0.0469466898056894
-210.726000271977,1.72003905022623,-0.0469386946309418
-210.709447268204,1.7200445360537,-0.0469306635268791
-210.692896165813,1.72005005590863,-0.0469226038172113
-210.676347041648,1.7200556094713,-0.0469145221308241
-210.659799958488,1.72006119644144,-0.046906424558428
-210.643254953237,1.72006681654142,-0.0468983167256785
-210.626712026998,1.72007246951963,-0.0468902039085628
-210.610171138767,1.72007815515333,-0.0468820910660409
-210.593632203685,1.72008387324859,-0.0468739827640514
-210.577095096249,1.72008962363927,-0.0468658830440031
-210.560559658193,1.72009540618124,-0.0468577949150514
-210.544025709471,1.72010122074818,-0.046849720429178
-210.527493060942,1.72010706722632,-0.0468416606416757
-210.510961526387,1.72011294551143,-0.0468336158206287
-210.494430932171,1.72011885550524,-0.0468255852680261
-210.477901122661,1.72012479711361,-0.0468175676276419
-210.461371961052,1.72013077024434,-0.0468095610482712
-210.444843325634,1.72013677480551,-0.0468015634438873
-210.428315103149,1.72014281070842,-0.0467935726293587
-210.41178718362,1.72014887786904,-0.0467855862955914
-210.395259457486,1.72015497620912,-0.0467776019959171
-210.378731811802,1.72016110565557,-0.0467696167435352
-210.36220412449,1.72016726614254,-0.0467616274258223
-210.34567625936,1.72017345761325,-0.0467536309593841
-210.329148064491,1.72017968002073,-0.0467456244632128
-210.312619375562,1.72018593332707,-0.0467376050826966
-210.296090023528,1.72019221749897,-0.0467295700053446
-210.279559844824,1.72019853250364,-0.0467215162979629
-210.263028691581,1.7202048783046,-0.0467134410571601
-210.246496439842,1.72021125485995,-0.0467053413829445
-210.229962994341,1.72021766211999,-0.0466972144498901
-210.213428289238,1.72022410002773,-0.0466890575446436
-210.196892284923,1.72023056852003,-0.0466808680403828
-210.180354961371,1.72023706752941,-0.0466726437447872
-210.163816309381,1.72024359698644,-0.046664382853004
-210.147276321026,1.7202501568235,-0.0466560840618784
-210.130734981089,1.72025674697997,-0.0466477464061722
-210.11419226085,1.72026336740365,-0.0466393694701165
-210.097648115421,1.72027001805106,-0.0466309533035851
-210.081102484937,1.72027669888813,-0.0466224983880866
-210.064555299661,1.72028340988769,-0.046614005386923
-210.048006489005,1.72029015102516,-0.0466054751123374
-210.031455993257,1.72029692227214,-0.046596908564687
-210.014903775368,1.7203037235909,-0.0465883069670581
-209.998349830719,1.72031055493017,-0.0465796715949881
-209.981794193302,1.72031741622226,-0.0465710038564111
-209.965236937692,1.72032430738273,-0.0465623056202103
-209.948678176826,1.72033122831141,-0.046553579277569
-209.93211805603,1.72033817889515,-0.0465448275968523
-209.915556744158,1.72034515901189,-0.0465360536462142
-209.898994423202,1.72035216853402,-0.0465272608951924
-209.882431278045,1.72035920733259,-0.0465184533681702
-209.865867488034,1.72036627527969,-0.0465096356498304
-209.849303221434,1.72037337225159,-0.0465008129064187
-209.832738633317,1.72038049813131,-0.0464919908496732
-209.8161738667,1.72038765280885,-0.0464831755661351
-209.79960905619,1.72039483617991,-0.0464743732228024
-209.783044332875,1.72040204814343,-0.0464655900340659
-209.766479829325,1.72040928859832,-0.0464568322164026
-209.749915682578,1.72041655744317,-0.046448106052511
-209.733352031471,1.72042385457785,-0.046439417676362
-209.716789007909,1.72043117991068,-0.046430773146446
-209.700226729205,1.72043853336331,-0.0464221784246251
-209.683665293406,1.72044591487264,-0.0464136393998051
-209.667104776935,1.72045332439071,-0.0464051617864741
-209.650545232615,1.72046076188423,-0.046396751078416
-209.633986687196,1.7204682273361,-0.0463884125040885
-209.617429138837,1.72047572074605,-0.0463801509922202
-209.600872555853,1.72048324213052,-0.0463719708920566
-209.584316877587,1.72049079152178,-0.0463638760254346
-209.567762018194,1.72049836896626,-0.0463558697195481
-209.551207872928,1.72050597452145,-0.0463479548580138
-209.534654326014,1.72051360825066,-0.0463401336685358
-209.518101258548,1.72052127021984,-0.0463324076477278
-209.501548555124,1.72052896049495,-0.0463247776180763
-209.484996108193,1.72053667913928,-0.0463172438424782
-209.468443819857,1.72054442621157,-0.0463098060745254
-209.451891603202,1.72055220176495,-0.0463024638187219
-209.435339385204,1.72056000584562,-0.0462952163768306
-209.418787107407,1.72056783849116,-0.0462880628536959
-209.402234721783,1.7205756997309,-0.0462810020288855
-209.385682182881,1.72058358959021,-0.0462740324529527
-209.369129439525,1.72059150809461,-0.0462671526567066
-209.352576429061,1.72059945527377,-0.0462603611743861
-209.336023075609,1.72060743116162,-0.0462536564696015
-209.319469292236,1.72061543579535,-0.0462470369071975
-209.302914985933,1.72062346921475,-0.0462405008432529
-209.286360063966,1.72063153145949,-0.0462340466892583
-209.269804440186,1.72063962256512,-0.0462276728695951
-209.253248040203,1.72064774256002,-0.0462213776707392
-209.236690804615,1.72065589146314,-0.0462151592454414
-209.220132689953,1.72066406928288,-0.0462090157208523
-209.203573667273,1.72067227601893,-0.0462029453070844
-209.187013718662,1.72068051166411,-0.0461969463112449
-209.170452832199,1.72068877620865,-0.0461910172508042
-209.153890996239,1.72069706964232,-0.0461851569419096
-209.137328194026,1.72070539195698,-0.0461793645083264
-209.120764399594,1.72071374314849,-0.0461736391689176
-209.104199575598,1.72072212321779,-0.0461679802702269
-209.087633673511,1.720730532171,-0.0461623872300719
-209.071066636085,1.72073897001867,-0.0461568596018713
-209.054498401798,1.72074743676981,-0.0461513969971562
-209.037928911281,1.72075593243025,-0.0461459990574982
-209.021358115344,1.72076445700027,-0.0461406655158937
-209.004785982618,1.72077301046955,-0.0461353961979262
-208.988212505067,1.72078159281412,-0.0461301909997709
-208.971637700542,1.72079020399412,-0.0461250498612183
-208.95506161233,1.72079884395518,-0.0461199728546914
-208.938484306213,1.72080751262876,-0.0461149602846366
-208.921905865762,1.7208162099339,-0.0461100127935032
-208.905326386749,1.72082493578016,-0.0461051312650777
-208.888745971429,1.72083369007105,-0.0461003168789565
-208.872164723591,1.72084247270665,-0.0460955712003071
-208.855582745058,1.72085128358876,-0.0460908962217116
-208.839000134064,1.72086012262022,-0.0460862942613176
-208.822416985533,1.72086898970394,-0.0460817677707832
-208.805833392892,1.72087788474194,-0.0460773192652493
-208.789249450884,1.72088680763362,-0.0460729513999037
-208.772665258677,1.72089575827484,-0.0460686670032583
-208.756080922446,1.72090473655683,-0.0460644690291295
-208.739496556676,1.72091374236584,-0.0460603605086969
-208.722912283664,1.72092277558455,-0.046056344516161
-208.706328230264,1.72093183609454,-0.0460524241022584
-208.689744519215,1.72094092378233,-0.0460486023722982
-208.673161256066,1.72095003854742,-0.0460448824167663
-208.656578519144,1.72095918030894,-0.0460412673413387
-208.63999635522,1.72096834900846,-0.0460377601706494
-208.623414780107,1.72097754460915,-0.0460343637579246
-208.606833781966,1.72098676709351,-0.0460310806840562
-208.590253325424,1.72099601645983,-0.0460279132088107
-208.573673355742,1.72100529271925,-0.0460248633157287
-208.557093803102,1.72101459589328,-0.046021932620344
-208.540514587142,1.72102392601142,-0.0460191222603077
-208.523935621649,1.72103328310643,-0.0460164327043509
-208.507356818838,1.7210426672135,-0.0460138638394699
-208.490778092702,1.72105207836894,-0.0460114152185081
-208.474199360946,1.72106151660824,-0.046009086059726
-208.457620545786,1.72107098196479,-0.0460068752689794
-208.441041576216,1.72108047446701,-0.046004781277018
-208.424462391987,1.72108999413547,-0.0460028022536154
-208.407882945053,1.72109954097631,-0.0460009368538616
-208.391303196769,1.72110911489457,-0.0459991835075791
-208.374723112289,1.72111871564105,-0.0459975397992686
-208.358142654932,1.72112834288657,-0.0459960032624246
-208.341561782617,1.72113799627264,-0.0459945715221964
-208.324980447265,1.72114767543682,-0.04599324235847
-208.308398596757,1.72115738002426,-0.0459920137272988
-208.291816178437,1.72116710969137,-0.0459908835982438
-208.275233142968,1.72117686410604,-0.0459898497571812
-208.258649447553,1.7211866429487,-0.0459889099183751
-208.242065058082,1.72119644590909,-0.0459880618845734
-208.225479949908,1.72120627268468,-0.0459873035972346
-208.208894107191,1.72121612298013,-0.0459866330352951
-208.192307520888,1.72122599650919,-0.0459860481844464
-208.175720185716,1.72123589299665,-0.0459855470835971
-208.159132096607,1.72124581218022,-0.0459851278727956
-208.142543245197,1.7212557538109,-0.0459847889142479
-208.125953617002,1.72126571765432,-0.045984528724912
-208.109363189682,1.72127570349216,-0.0459843460053402
-208.092771932734,1.72128571112149,-0.0459842394734135
-208.076179808688,1.72129574035357,-0.0459842079052709
-208.059586776333,1.72130579100985,-0.0459842500949976
-208.042992795951,1.72131586291849,-0.0459843648135731
-208.026397834906,1.72132595591097,-0.045984550878104
-208.009801872278,1.72133606981961,-0.0459848071658027
-207.993204901841,1.72134620447568,-0.0459851327073071
-207.976606933417,1.72135635970704,-0.0459855265790399
-207.960007992683,1.72136653533762,-0.0459859878761328
-207.943408119683,1.72137673118837,-0.0459865158086159
-207.92680736636,1.72138694707938,-0.0459871097847176
-207.910205793416,1.72139718283199,-0.0459877694992006
-207.893603466978,1.72140743826981,-0.0459884948918493
-207.877000455493,1.72141771322046,-0.0459892860140447
-207.860396827285,1.72142800751601,-0.0459901430968635
-207.843792649171,1.72143832099437,-0.0459910665583561
-207.827187986239,1.72144865349916,-0.0459920570058144
-207.810582902696,1.72145900487951,-0.0459931151815877
-207.793977463452,1.7214693749893,-0.0459942419357661
-207.777371736,1.72147976368528,-0.0459954382493694
-207.760765792135,1.72149017082573,-0.0459967051803755
-207.744159708987,1.72150059626968,-0.0459980438488332
-207.727553569067,1.72151103987662,-0.045999455383095
-207.710947458923,1.72152150150653,-0.0460009409812664
-207.694341464357,1.72153198102458,-0.0460025018607354
-207.677735660018,1.72154247830864,-0.046004139296451
-207.661130099022,1.72155299325755,-0.046005854454819
-207.644524807478,1.72156352579314,-0.0460076484527481
-207.627919784629,1.72157407585988,-0.0460095222852879
-207.611315006334,1.72158464342098,-0.0460114767681206
-207.59471042952,1.72159522845608,-0.0460135125122329
-207.578105996252,1.72160583095827,-0.0460156298686491
-207.561501637086,1.72161645093225,-0.0460178289186949
-207.544897274102,1.72162708839157,-0.0460201093595432
-207.528292823841,1.72163774335633,-0.0460224704582084
-207.511688200151,1.72164841585141,-0.0460249111195922
-207.495083316973,1.72165910590426,-0.0460274299101305
-207.478478092883,1.72166981354125,-0.0460300251463031
-207.461872458527,1.72168053878243,-0.0460326948945933
-207.445266362287,1.72169128163622,-0.0460354369991639
-207.428659770841,1.72170204209934,-0.0460382491489667
-207.412052665079,1.72171282015956,-0.0460411290020955
-207.395445033928,1.72172361580076,-0.0460440742388697
-207.378836868655,1.72173442900576,-0.0460470825181485
-207.362228159051,1.72174525975821,-0.0460501515285537
-207.345618891864,1.72175610804454,-0.0460532790743659
-207.329009050997,1.72176697385387,-0.0460564630912154
-207.312398618761,1.72177785717734,-0.0460597016601932
-207.29578757765,1.72178875800581,-0.046062992950211
-207.279175912185,1.72179967632894,-0.0460663352310626
-207.262563610635,1.72181061213431,-0.0460697266410536
-207.245950666172,1.7218215654067,-0.0460731653397557
-207.229337077452,1.72183253612775,-0.0460766495550582
-207.21272284868,1.72184352427609,-0.0460801776703028
-207.196107989948,1.72185452982676,-0.0460837481435608
-207.179492517398,1.7218655527506,-0.04608735952618
-207.162876452397,1.72187659301422,-0.0460910105008358
-207.146259819658,1.72188765058155,-0.046094699897325
-207.129642644809,1.72189872541519,-0.0460984267873591
-207.11302495226,1.72190981747807,-0.0461021905084909
-207.096406763919,1.72192092673341,-0.0461059906402468
-207.079788098994,1.72193205314542,-0.0461098267939822
-207.063168974748,1.72194319668006,-0.0461136983972501
-207.046549407852,1.72195435730513,-0.0461176047526462
-207.029929416122,1.72196553498918,-0.0461215450107913
-207.013309020131,1.72197672969841,-0.0461255184666542
-206.996688244532,1.72198794139485,-0.0461295245086275
-206.980067118668,1.72199917003611,-0.0461335627604612
-206.963445676474,1.72201041557581,-0.0461376329583041
-206.946823955539,1.72202167796536,-0.0461417348649274
-206.930201995433,1.72203295715438,-0.0461458682597161
-206.91357983547,1.7220442530914,-0.0461500328386113
-206.896957509838,1.72205556572854,-0.0461542283697569
-206.880335038053,1.72206689502965,-0.046158454577144
-206.86371241592,1.72207824097771,-0.0461627112583977
-206.847089612216,1.72208960357571,-0.046166998116958
-206.830466571193,1.72210098284442,-0.046171314803306
-206.813843218592,1.72211237881944,-0.0461756608254527
-206.797219469984,1.72212379154426,-0.0461800355234259
-206.780595241931,1.72213522106116,-0.0461844380380903
-206.76397046208,1.72214666740299,-0.0461888673822953
-206.747345074223,1.72215813058989,-0.046193322434246
-206.730719038259,1.72216961063008,-0.0461978017625994
-206.714092327267,1.72218110752119,-0.0462023035655753
-206.697464924472,1.72219262125264,-0.0462068258357244
-206.680836821804,1.72220415180658,-0.0462113666797929
-206.664208019723,1.72221569915889,-0.0462159244976061
-206.647578527066,1.72222726327899,-0.0462204977892535
-206.630948360234,1.72223884412903,-0.0462250851781784
-206.614317541947,1.7222504416644,-0.0462296853514621
-206.597686100001,1.7222620558349,-0.0462342971633221
-206.581054066558,1.72227368658657,-0.0462389196785426
-206.564421478147,1.72228533386274,-0.0462435521645223
-206.547788376281,1.7222969976032,-0.0462481940665043
-206.531154808426,1.72230867774229,-0.0462528446681367
-206.514520828768,1.72232037420823,-0.0462575032855634
-206.497886498673,1.72233208692282,-0.0462621694455692
-206.481251886581,1.72234381580191,-0.0462668431396428
-206.464617067373,1.72235556075623,-0.0462715244809968
-206.447982120856,1.7223673216924,-0.0462762136635557
-206.43134712965,1.72237909851458,-0.046280910848157
-206.414712176582,1.72239089112643,-0.0462856162822064
-206.398077341838,1.72240269943333,-0.0462903302306464
-206.381442697758,1.72241452334595,-0.0462950531484347
-206.364808299356,1.7224263627879,-0.0462997856835887
-206.348174175891,1.72243821770306,-0.0463045285844233
-206.331540328283,1.72245008805853,-0.0463092823740212
-206.314906732139,1.72246197384184,-0.0463140474103
-206.29827334386,1.72247387505548,-0.0463188239081177
-206.281640106871,1.72248579171317,-0.0463236119939948
-206.265006956362,1.72249772383578,-0.0463284115270521
-206.248373822775,1.72250967144817,-0.0463332220621559
-206.231740636552,1.72252163457345,-0.0463380428517892
-206.215107335213,1.72253361322833,-0.0463428728501588
-206.198473869105,1.72254560741953,-0.0463477107889525
-206.181840202546,1.72255761714265,-0.046352555216467
-206.165206310956,1.72256964238396,-0.0463574045098617
-206.148572176268,1.72258168312426,-0.0463622569908337
-206.131937782788,1.72259373934107,-0.0463671108864635
-206.115303114513,1.72260581101199,-0.0463719645117194
-206.098668154086,1.72261789811599,-0.0463768162434574
-206.082032882844,1.72263000063406,-0.0463816644678852
-206.06539728148,1.72264211854702,-0.0463865074076851
-206.048761330847,1.72265425183432,-0.0463913432932092
-206.032125012852,1.72266640047343,-0.0463961704650535
-206.015488311287,1.72267856443962,-0.0464009874193025
-205.998851212589,1.72269074370577,-0.0464057925966367
-205.982213706255,1.72270293824285,-0.0464105845098257
-205.965575784947,1.72271514801998,-0.0464153617171481
-205.94893744414,1.72272737300399,-0.0464201228149879
-205.93229868139,1.72273961315778,-0.0464248661925387
-205.915659495216,1.72275186843685,-0.0464295908253907
-205.899019883876,1.72276413870662,-0.0464342958650404
-205.882379844288,1.72277642371066,-0.0464389800646728
-205.865739371252,1.72278872312835,-0.0464436422704698
-205.849098457511,1.7228010366141,-0.0464482812530176
-205.832457095419,1.722813363817,-0.0464528958326567
-205.815815279172,1.72282570439009,-0.0464574850868303
-205.799173006468,1.72283805799475,-0.0464620483270732
-205.782530279484,1.72285042430248,-0.0464665849235505
-205.765887105375,1.72286280299429,-0.0464710942696944
-205.74924349662,1.72287519376044,-0.04647557583286
-205.732599471323,1.72288759629933,-0.0464800291738117
-205.715955053359,1.72290001031637,-0.046484453765529
-205.699310272106,1.72291243552446,-0.0464888491203988
-205.682665161736,1.7229248716448,-0.0464932149472694
-205.666019760113,1.72293731840712,-0.0464975512690137
-205.649374107487,1.72294977554967,-0.0465018581070568
-205.632728244987,1.72296224282017,-0.0465061355139652
-205.616082213326,1.72297471997715,-0.0465103835685514
-205.599436051775,1.7229872067899,-0.0465146024965197
-205.582789797586,1.72299970303686,-0.0465187926029079
-205.566143485621,1.72301220850405,-0.0465229541300313
-205.549497145875,1.72302472298929,-0.0465270873476098
-205.532850796349,1.72303724630732,-0.0465311925326776
-205.516204436167,1.72304977829536,-0.046535269984949
-205.499558043602,1.72306231881411,-0.0465393199248405
-205.482911578904,1.72307486774704,-0.0465433425318902
-205.4662649898,1.72308742499439,-0.0465473379066292
-205.449618219453,1.72309999046621,-0.046551306055136
-205.432971216353,1.72311256407208,-0.0465552468085178
-205.416323940816,1.72312514571628,-0.0465591597356876
-205.399676365839,1.72313773529768,-0.0465630442280439
-205.383028473854,1.72315033271672,-0.0465668996375879
-205.366380252331,1.72316293787753,-0.0465707253009684
-205.349731690404,1.72317555068717,-0.0465745204348598
-205.333082777305,1.72318817105644,-0.0465782841893307
-205.31643350238,1.7232007989,-0.0465820157129506
-205.299783855939,1.72321343413635,-0.0465857142515975
-205.28313383029,1.72322607668593,-0.0465893790867131
-205.266483420532,1.72323872646987,-0.0465930095063775
-205.249832625245,1.7232513834102,-0.0465966048144705
-205.233181447855,1.72326404742966,-0.0466001642616122
-205.216529898145,1.72327671845053,-0.0466036872397448
-205.199877993008,1.72328939639342,-0.0466071732818482
-205.183225756011,1.72330208117709,-0.0466106220652617
-205.166573216062,1.72331477271884,-0.0466140333384448
-205.149920405692,1.72332747093598,-0.0466174069691061
-205.133267359427,1.72334017574653,-0.0466207428491998
-205.116614112482,1.72335288707001,-0.0466240408652922
-205.099960699774,1.72336560482847,-0.0466273009951564
-205.083307155298,1.72337832894691,-0.0466305233781759
-205.066653511799,1.72339105935333,-0.0466337083247245
-205.049999799897,1.72340379597886,-0.0466368560288903
-205.033346043323,1.72341653876401,-0.0466399666671956
-205.016692250331,1.72342928766492,-0.0466430405409227
-205.000038408643,1.72344204265644,-0.0466460780532338
-204.9833844884,1.72345480372697,-0.0466490794956743
-204.966730452964,1.72346757087126,-0.0466520449442903
-204.950076269933,1.72348034408239,-0.0466549744567084
-204.933421916699,1.72349312334664,-0.0466578680711104
-204.916767380015,1.72350590864423,-0.0466607257794232
-204.900112652196,1.72351869995273,-0.0466635474650066
-204.883457726959,1.72353149725023,-0.0466663328974182
-204.866802596744,1.72354430051674,-0.0466690817748338
-204.850147251822,1.72355710973474,-0.0466717937897764
-204.83349168066,1.72356992488898,-0.0466744687069286
-204.816835870783,1.7235827459663,-0.0466771062600821
-204.80017980962,1.72359557295541,-0.0466797060039684
-204.783523485079,1.72360840584584,-0.0466822673676645
-204.766866885982,1.72362124462653,-0.046684789870332
-204.750210002478,1.72363408928493,-0.0466872731278354
-204.733552826354,1.7236469398076,-0.0466897168176875
-204.716895351226,1.72365979618029,-0.046692120637048
-204.700237572504,1.7236726583881,-0.0466944843005328
-204.683579487155,1.72368552641523,-0.0466968075769386
-204.666921093514,1.72369840024529,-0.0466990902364776
-204.650262391895,1.72371127986068,-0.0467013319698217
-204.633603385596,1.72372416524196,-0.0467035324782928
-204.616944081398,1.7237370563672,-0.0467056915180093
-204.600284489334,1.72374995321237,-0.0467078089632386
-204.583624622076,1.72376285575114,-0.0467098847465047
-204.566964494371,1.723775763955,-0.0467119187197405
-204.550304122771,1.72378867779327,-0.0467139107910539
-204.533643525782,1.72380159723403,-0.0467158609589867
-204.516982724238,1.72381452224411,-0.0467177693833077
-204.500321741684,1.72382745278826,-0.046719636279341
-204.483660604555,1.72384038882838,-0.0467214618987905
-204.466999342066,1.72385333032374,-0.0467232465376717
-204.45033798581,1.72386627723201,-0.0467249905473492
-204.433676568249,1.72387922951058,-0.0467266943838804
-204.417015117069,1.72389218712084,-0.0467283585492625
-204.400353645463,1.7239051500358,-0.046729983537658
-204.383692145664,1.72391811824473,-0.0467315697875155
-204.367030589885,1.72393109175227,-0.046733117700495
-204.350368939278,1.72394407057158,-0.0467346276830925
-204.333707155306,1.72395705471503,-0.0467361000905179
-204.317045207511,1.72397004418812,-0.0467375351806913
-204.300383075232,1.72398303898829,-0.046738933052891
-204.283720745324,1.72399603910777,-0.0467402936989292
-204.267058208884,1.72400904453525,-0.0467416170728584
-204.250395459085,1.7240220552577,-0.0467429030799646
-204.233732490547,1.72403507126034,-0.046744151611053
-204.217069299751,1.7240480925262,-0.0467453625456921
-204.20040588559,1.72406111903576,-0.0467465358418327
-204.183742249523,1.72407415076643,-0.0467476715122499
-204.16707839523,1.72408718769361,-0.046748769550975
-204.150414327827,1.72410022979171,-0.046749829858208
-204.133750053015,1.72411327703468,-0.0467508523058066
-204.117085576322,1.72412632939656,-0.0467518368839867
-204.100420902638,1.72413938685088,-0.0467527837165229
-204.083756036025,1.72415244937153,-0.0467536929269314
-204.067090979703,1.72416551693283,-0.0467545645595087
-204.050425736227,1.72417858950945,-0.0467553986727371
-204.033760307753,1.72419166707587,-0.0467561953715469
-204.017094696436,1.72420474960607,-0.0467569548111102
-204.000428904797,1.72421783707349,-0.0467576771342891
-203.983762936041,1.72423092945085,-0.0467583625246137
-203.967096794193,1.72424402671028,-0.0467590111537299
-203.950430484073,1.72425712882332,-0.0467596231967153
-203.933764011092,1.72427023576065,-0.0467601988174167
-203.917097380906,1.72428334749149,-0.046760738226548
-203.900430599003,1.72429646398417,-0.0467612416669955
-203.883763670248,1.7243095852072,-0.0467617094138293
-203.867096598498,1.72432271113019,-0.0467621417469339
-203.850429386285,1.72433584172365,-0.0467625389306476
-203.833762034686,1.72434897695917,-0.0467629012346081
-203.817094543361,1.72436211680956,-0.0467632289427813
-203.800426910811,1.72437526124884,-0.0467635223333708
-203.783759134773,1.72438841025121,-0.0467637816966513
-203.76709121262,1.72440156379055,-0.0467640072809251
-203.750423141766,1.72441472183998,-0.0467641993710017
-203.733754920019,1.72442788437169,-0.0467643581143591
-203.717086545773,1.72444105135813,-0.0467644836218876
-203.700418018094,1.72445422277094,-0.0467645759465152
-203.683749336617,1.72446739858093,-0.046764635246041
-203.667080501369,1.72448057875825,-0.0467646619259569
-203.65041151243,1.72449376327271,-0.0467646565269676
-203.633742369546,1.72450695209404,-0.0467646198023975
-203.617073071899,1.72452014519165,-0.0467645522581172
-203.600403617906,1.72453334253566,-0.0467644542242158
-203.5837340051,1.72454654409689,-0.0467643257851069
-203.567064230145,1.72455974984789,-0.0467641670342707
-203.550394289078,1.72457295976252,-0.0467639778685164
-203.533724177635,1.72458617381452,-0.0467637581854225
-203.517053891634,1.72459939197621,-0.0467635078734727
-203.500383427328,1.72461261421865,-0.0467632270816497
-203.483712781822,1.72462584051228,-0.0467629160603575
-203.467041953308,1.72463907082745,-0.046762575188036
-203.450370941137,1.72465230513402,-0.0467622048398214
-203.433699745707,1.72466554340102,-0.0467618052741264
-203.417028367415,1.72467878455365,-0.0467613104441634
-203.40035680674,1.72469201657758,-0.0467606729686149
-203.383685064424,1.72470521286102,-0.0467599314054162
-203.367013142619,1.72471833943602,-0.0467591218053877
-203.350341047069,1.72473135953346,-0.0467582669914128
-203.333668787822,1.72474423590764,-0.0467573747812633
-203.316996378586,1.72475693198598,-0.0467564416101656
-203.300323835626,1.72476941240991,-0.0467554579022354
-203.283651176829,1.72478164326446,-0.0467544129551507
-203.266978420198,1.7247935921449,-0.0467532975815632
-203.250305578518,1.72480522811784,-0.0467521049427761
-203.233632654474,1.72481652164371,-0.0467508305431306
-203.216959642298,1.72482744452638,-0.0467494717478997
-203.200286533855,1.72483796988951,-0.0467480271769637
-203.183613323878,1.72484807215111,-0.0467464957720514
-203.166940012123,1.7248577269855,-0.0467448761997152
-203.15026660272,1.72486691127037,-0.0467431667537642
-203.133593102192,1.72487560302818,-0.046741365592497
-203.116919517553,1.72488378136356,-0.0467394709721311
-203.100245855276,1.72489142640665,-0.0467374813179185
-203.083572121062,1.72489851926485,-0.0467353953120775
-203.066898320112,1.72490504198073,-0.0467332119837689
-203.050224457485,1.72491097749538,-0.0467309304784756
-203.033550538434,1.72491630961298,-0.0467285500679036
-203.016876568672,1.72492102296508,-0.0467260700551594
-203.000202554526,1.72492510297682,-0.0467234898720189
-202.983528503011,1.72492853583703,-0.0467208089189032
-202.966854421815,1.72493130846545,-0.0467180267439976
-202.950180319279,1.72493340848379,-0.046715143089927
-202.93350620433,1.72493482418477,-0.0467121579067468
-202.916832086298,1.72493554450692,-0.0467090712010267
-202.900157974601,1.72493555900901,-0.0467058830622305
-202.883483878379,1.72493485784566,-0.0467025937065207
-202.866809806197,1.7249334317439,-0.046699203418619
-202.8501357658,1.72493127197968,-0.0466957126875457
-202.83346176399,1.72492837035599,-0.0466921220735229
-202.816787806566,1.72492471917969,-0.0466884321747764
-202.800113898416,1.72492031124015,-0.0466846436364647
-202.783440043756,1.72491513978928,-0.046680757121112
-202.766766246309,1.72490919852142,-0.0466767733362503
-202.750092509551,1.72490248155457,-0.0466726929264565
-202.733418836873,1.72489498340855,-0.0466685166081707
-202.716745231781,1.72488669898717,-0.0466642452555776
-202.700071697979,1.72487762356013,-0.0466598797856153
-202.683398239278,1.72486775274719,-0.0466554211595176
-202.666724859477,1.72485708250068,-0.0466508702657617
-202.650051562151,1.72484560908948,-0.0466462280671239
-202.633378350453,1.72483332908371,-0.046641495585816
-202.61670522684,1.72482023933969,-0.046636673897704
-202.600032192942,1.72480633698342,-0.0466317640878345
-202.583359249484,1.72479161939569,-0.046626767272352
-202.566686396363,1.72477608419789,-0.0466216844801168
-202.550013632699,1.72475972923801,-0.0466165167141027
-202.533340957032,1.7247425525773,-0.0466112649259659
-202.516668367578,1.72472455247715,-0.0466059301232249
-202.499995862504,1.72470572738703,-0.0466005133877874
-202.483323440213,1.7246860759322,-0.04659501585296
-202.466651099445,1.72466559690136,-0.0465894387797682
-202.449978839445,1.72464428923475,-0.0465837832721075
-202.433306659905,1.72462215201432,-0.0465780503940916
-202.416634560902,1.72459918445308,-0.0465722411777336
-202.399962542704,1.72457538588476,-0.0465663567536315
-202.383290605624,1.72455075575275,-0.0465603982555256
-202.366618749846,1.72452529359986,-0.0465543668220696
-202.34994697528,1.72449899905921,-0.0465482635716879
-202.333275281462,1.72447187184577,-0.0465420896665285
-202.316603667581,1.72444391174753,-0.0465358462543194
-202.299932132554,1.72441511861738,-0.0465295346652959
-202.283260675231,1.72438549236517,-0.04652315626607
-202.266589294619,1.72435503294993,-0.0465167124101666
-202.249917990091,1.72432374037096,-0.0465102042424676
-202.233246761522,1.72429161466195,-0.0465036328370614
-202.216575609411,1.72425865588405,-0.0464969993027687
-202.199904534968,1.72422486412086,-0.0464903049154517
-202.183233540114,1.72419023947198,-0.0464835511753681
-202.16656262738,1.72415478204664,-0.0464767395903172
-202.149891799754,1.72411849195739,-0.0464698715137845
-202.13322106048,1.72408136931409,-0.0464629481258024
-202.116550412852,1.7240434142179,-0.0464559705728884
-202.099879860029,1.72400462675598,-0.0464489399038026
-202.083209404892,1.72396500699693,-0.0464418572133206
-202.066539050014,1.72392455498712,-0.0464347237326325
-202.049868797735,1.72388327074685,-0.0464275408760796
-202.033198650312,1.72384115426678,-0.0464203100106409
-202.016528610053,1.72379820550412,-0.0464130323855947
-201.999858679411,1.7237544243786,-0.0464057092753222
-201.983188861109,1.72370981076843,-0.0463983420556815
-201.966519158305,1.72366436450873,-0.0463909321939521
-201.949849574663,1.72361808538831,-0.0463834809980785
-201.933180114244,1.72357097314766,-0.0463759897013117
-201.91651078137,1.72352302747488,-0.0463684595480424
-201.899841580425,1.72347424800358,-0.0463608919422257
-201.883172515776,1.72342463431081,-0.0463532883007512
-201.866503591588,1.72337418591248,-0.0463456498708198
-201.849834811603,1.72332290226256,-0.0463379778644981
-201.83316617902,1.72327078275271,-0.04633027350788
-201.816497696472,1.72321782671038,-0.0463225380825999
-201.799829366085,1.72316403339658,-0.0463147728718655
-201.783161189554,1.72310940200435,-0.0463069791946419
-201.766493168252,1.72305393165931,-0.0462991583264512
-201.749825303362,1.72299762141809,-0.0462913114763294
-201.733157596025,1.72294047026747,-0.0462834397949322
-201.716490047477,1.72288247712383,-0.0462755443815381
-201.699822659088,1.72282364083271,-0.0462676263738112
-201.683155432329,1.7227639601682,-0.046259686928001
-201.666488368687,1.72270343383472,-0.0462517272785235
-201.649821469557,1.72264206046598,-0.0462437486498282
-201.633154736117,1.72257983862379,-0.0462357522799825
-201.616488169192,1.72251676679631,-0.0462277394052751
-201.599821769117,1.72245284339867,-0.0462197113103993
-201.583155535697,1.72238806677348,-0.0462116690840111
-201.566489468146,1.72232243519127,-0.04620361367501
-201.549823565132,1.72225594685013,-0.0461955459646157
-201.533157824851,1.72218859987615,-0.0461874668725221
-201.516492245183,1.72212039232453,-0.046179377390635
-201.499826823889,1.72205132218229,-0.0461712784487681
-201.483161558733,1.72198138736832,-0.046163170982759
-201.466496447597,1.72191058573406,-0.0461550559494339
-201.449831488553,1.72183891506471,-0.0461469343530327
-201.433166679888,1.72176637308227,-0.0461388072097121
-201.416502020061,1.72169295744709,-0.0461306755101641
-201.399837507614,1.72161866575667,-0.0461225402007031
-201.383173141072,1.72154349554578,-0.046114402157725
-201.366508918838,1.72146744428536,-0.046106262259774
-201.349844839053,1.72139050938542,-0.0460981214658995
-201.333180899586,1.72131268819877,-0.0460899806694293
-201.316517097979,1.72123397802261,-0.0460818407179594
-201.299853431536,1.72115437609534,-0.0460737023481562
-201.283189897382,1.72107387959844,-0.0460655662998766
-201.266526492584,1.72099248565939,-0.0460574332760672
-201.249863214264,1.72091019135401,-0.0460493040113286
-201.233200059751,1.72082699371027,-0.0460411793488989
-201.216537026708,1.72074288970901,-0.0460330601911396
-201.19987411321,1.72065787628632,-0.0460249474357046
-201.18321131773,1.72057195033439,-0.0460168418556382
-201.166548639085,1.72048510870227,-0.0460087441949473
-201.149886076351,1.72039734819929,-0.046000655170727
-201.13322362874,1.72030866559481,-0.0459925756485566
-201.116561295538,1.72021905762007,-0.0459845065026542
-201.099899076009,1.72012852096905,-0.0459764484934461
-201.0832369693,1.72003705229854,-0.0459684022856387
-201.066574974388,1.71994464822941,-0.0459603685449461
-201.049913090094,1.71985130534785,-0.0459523480124673
-201.033251315174,1.719757020209,-0.0459443414243374
-201.016589648368,1.71966178934127,-0.0459363495061345
-200.99992808811,1.71956560924266,-0.0459283729241683
-200.98326663055,1.7194684763708,-0.045920412387238
-200.966605264528,1.71937038711589,-0.0459124686687207
-200.949943963789,1.71927133776147,-0.0459045426046847
-200.933282679057,1.71917132443769,-0.0458966348849031
-200.916621333315,1.71907034253091,-0.0458887069093512
-200.899959824109,1.71896838085871,-0.0458807310338967
-200.883298032014,1.71886541951395,-0.0458727302269636
-200.866635836766,1.71876143426642,-0.0458647258450154
-200.84997313464,1.71865639933653,-0.0458567311995821
-200.833309852181,1.71855028882225,-0.0458487504843278
-200.81664595361,1.71844307740022,-0.0458407809576026
-200.799981440536,1.71833474063563,-0.0458328162323056
-200.783316344222,1.71822525507803,-0.0458248491578794
-200.766650712713,1.71811459824299,-0.0458168735388334
-200.7499845971,1.71800274855707,-0.0458088848667647
-200.73331804058,1.71788968530829,-0.0458008804438606
-200.716651072764,1.71777538861247,-0.0457928589876016
-200.699983710588,1.7176598394034,-0.0457848201041723
-200.683315965751,1.7175430194465,-0.0457767637276027
-200.666647856719,1.71742491137337,-0.0457686898460216
-200.649979422063,1.71730549872441,-0.0457605984556548
-200.633310731247,1.71718476598342,-0.0457524896384158
-200.616641889591,1.71706269857905,-0.0457443636121149
-200.59997303554,1.71693928283702,-0.0457362207626102
-200.583304330613,1.71681450587815,-0.045728061716639
-200.566635944314,1.71668835547929,-0.0457198874759761
-200.549968037629,1.71656081991579,-0.0457116995032846
-200.533300746891,1.71643188776856,-0.0457034997750035
-200.516634168941,1.71630154767125,-0.045695290644383
-200.499968354072,1.71616978811324,-0.0456870746480096
-200.483303310702,1.71603659739315,-0.0456788544023856
-200.466639019551,1.71590196371986,-0.0456706325220922
-200.449975451582,1.71576587539652,-0.0456624114909504
-200.43331258576,1.71562832105601,-0.0456541935317345
-200.416650423184,1.71548928990864,-0.045645980576825
-200.399988991426,1.71534877188128,-0.0456377743083848
-200.383328337587,1.71520675759603,-0.045629576157256
-200.366668513699,1.71506323822344,-0.045621387396837
-200.35000956056,1.71491820528886,-0.0456132092476841
-200.333351495401,1.71477165050795,-0.0456050429588866
-200.316694306661,1.71462356569099,-0.0455968897117094
-200.300037956328,1.71447394273561,-0.0455887505520446
-200.283382388611,1.71432277368656,-0.0455806263546913
-200.266727542183,1.71417005083973,-0.0455725177592493
-200.250073362424,1.71401576684145,-0.0455644251275897
-200.23341981019,1.71385991475999,-0.0455563485452408
-200.216766864802,1.71370248810089,-0.0455482879222665
-200.200114520784,1.71354348076712,-0.0455402431728285
-200.183462779462,1.71338288696809,-0.0455322143395229
-200.166811637925,1.71322070110493,-0.0455242014909759
-200.150161078421,1.71305691765573,-0.0455162044520482
-200.133511061079,1.71289153108662,-0.0455082227765567
-200.116861522013,1.71272453581961,-0.0455002558838238
-200.100212377523,1.71255592626435,-0.0454923030626821
-200.083563533345,1.71238569690331,-0.0454843633830679
-200.066914896399,1.71221384239671,-0.0454764357151435
-200.050266385851,1.71204035768805,-0.0454685189281245
-200.033617940604,1.71186523807504,-0.0454606120558753
-200.016969521455,1.71168847923065,-0.0454527141167053
-200.000321107523,1.71151007715882,-0.0454448240159189
-199.983672688236,1.71133002810387,-0.0454369405044951
-199.967024253257,1.71114832844066,-0.0454290623463494
-199.95037578327,1.71096497456488,-0.0454211884346653
-199.933727244269,1.71077996283084,-0.0454133178443259
-199.917078586912,1.7105932895355,-0.0454054498355635
-199.900429751184,1.71040495097153,-0.0453975837069995
-199.883780674993,1.7102149435066,-0.045389718780289
-199.867131304381,1.71002326369901,-0.0453818544556031
-199.85048160255,1.70982990838993,-0.0453739901598791
-199.833831555237,1.70963487475907,-0.0453661253200081
-199.817181171048,1.70943816031813,-0.0453582594241317
-199.800530476764,1.70923976285706,-0.0453503921035741
-199.783879508989,1.7090396803478,-0.0453425230804797
-199.767228304349,1.70883791082293,-0.0453346522853255
-199.750576890985,1.70863445227533,-0.0453267800566241
-199.733925283632,1.70842930259835,-0.04531890714834
-199.717273483528,1.7082224595853,-0.0453110344806013
-199.700621482912,1.7080139209715,-0.0453031629569019
-199.683969272762,1.70780368452538,-0.0452952935527812
-199.667316851522,1.70759174815164,-0.0452874273372769
-199.650664232244,1.70737810997838,-0.0452795654500946
-199.634011446072,1.70716276839701,-0.0452717090687419
-199.617358541039,1.70694572204478,-0.0452638595119137
-199.60070557658,1.70672696973981,-0.0452560181592336
-199.584052615088,1.70650651037004,-0.0452481865395087
-199.567399712826,1.7062843427703,-0.0452403663299989
-199.550746912598,1.70606046562229,-0.0452325593736901
-199.534094240105,1.70583487740228,-0.0452247675721503
-199.517441704763,1.70560757638907,-0.0452169928312106
-199.500789304591,1.70537856072353,-0.0452092371244951
-199.484137033692,1.70514782851046,-0.0452015024700551
-199.467484890164,1.70491537792338,-0.0451937907676086
-199.450832882116,1.70468120728543,-0.0451861037292667
-199.434181030131,1.70444531509902,-0.0451784429076383
-199.417529365499,1.70420770002374,-0.0451708098605925
-199.400877924808,1.70396836080056,-0.045163206118944
-199.384226742298,1.7037272961372,-0.0451556332760946
-199.367575842209,1.7034845045952,-0.0451480929407437
-199.350925233135,1.70323998450378,-0.0451405867760287
-199.334274905969,1.70299373393036,-0.0451331163096648
-199.317624835932,1.70274575070781,-0.0451256830018201
-199.300974988149,1.7024960325101,-0.0451182881672462
-199.284325325129,1.70224457696117,-0.0451109330012382
-199.267675814182,1.701991381746,-0.0451036184437277
-199.251026432705,1.70173644468747,-0.0450963453097274
-199.234377170039,1.70147976377682,-0.0450891142893485
-199.21772802547,1.70122133714089,-0.0450819259972519
-199.201079003068,1.70096116296953,-0.0450747809485033
-199.184430104953,1.70069923940581,-0.0450676796620307
-199.167781324914,1.70043556444436,-0.0450606226594571
-199.15113264422,1.70017013586305,-0.0450536104191988
-199.134484030828,1.699902951213,-0.0450466433234216
-199.117835442245,1.69963400786472,-0.0450397217526288
-199.101186831353,1.699363303097,-0.0450328459868789
-199.08453815349,1.6990908342079,-0.0450260162325608
-199.067889372963,1.69881659862382,-0.0450192325364719
-199.051240467197,1.69854059396895,-0.0450124948726716
-199.034591427578,1.69826281808309,-0.04500580310357
-199.017942256787,1.69798326897892,-0.0449991570775371
-199.001292963558,1.69770194475658,-0.0449925565906271
-198.984643556323,1.69741884349342,-0.0449860014723471
-198.967994037608,1.69713396314387,-0.0449794915857807
-198.951344400719,1.69684730148219,-0.0449730269988271
-198.934694629692,1.69655885610436,-0.0449666079263831
-198.918044702444,1.69626862448952,-0.0449602345946067
-198.90139459616,1.69597660409378,-0.0449539071461947
-198.884744293413,1.69568279245607,-0.044947625769105
-198.86809378735,1.69538718728995,-0.0449413906944076
-198.851443084459,1.69508978653678,-0.0449352022008644
-198.83479220419,1.69479058835852,-0.0449290604994321
-198.818141175516,1.694489591073,-0.0449229657985536
-198.801490031444,1.69418679305586,-0.0449169184069126
-198.784838802983,1.69388219263296,-0.0449109187341386
-198.768187514161,1.69357578799072,-0.0449049673414907
-198.751536179439,1.69326757712796,-0.0448990649067436
-198.734884804169,1.69295755786556,-0.0448932122327276
-198.718233387845,1.69264572791081,-0.044887410085657
-198.701581929072,1.69233208494857,-0.0448816592118438
-198.684930430896,1.69201662673822,-0.0448759602452032
-198.668278904842,1.69169935119431,-0.0448703138104477
-198.651627372613,1.69138025642243,-0.0448647205651823
-198.634975864862,1.6910593407,-0.0448591811962801
-198.618324417425,1.69073660239836,-0.0448536964151486
-198.601673066012,1.69041203988133,-0.0448482669353494
-198.585021840825,1.69008565140156,-0.0448428935023398
-198.568370762529,1.68975743502113,-0.0448375768769375
-198.551719840623,1.68942738857587,-0.0448323178556564
-198.535069074618,1.68909550969709,-0.0448271172321069
-198.518418457554,1.68876179588207,-0.04482197581829
-198.501767980895,1.68842624459575,-0.0448168943747705
-198.485117639353,1.68808885337053,-0.0448118735821547
-198.468467434275,1.68774961987586,-0.0448069140101719
-198.451817374698,1.68740854194139,-0.0448020161884274
-198.435167475814,1.68706561752671,-0.0447971805814253
-198.418517755106,1.68672084535336,-0.0447924616935025
-198.401868226149,1.68637423290324,-0.0447878985792057
-198.385218895866,1.68602579962377,-0.0447834600065538
-198.36856976017,1.68567557086398,-0.0447791167666535
-198.35192080364,1.68532357412535,-0.0447748505090934
-198.335272002808,1.68496983720209,-0.044770655166823
-198.318623330933,1.68461438730926,-0.044766534014154
-198.301974762834,1.68425725071393,-0.0447624952825957
-198.285326278763,1.68389845260973,-0.0447585483112108
-198.268677866615,1.68353801708981,-0.0447547011038159
-198.252029522064,1.68317596714398,-0.0447509593694114
-198.235381246626,1.68281232464404,-0.0447473266630921
-198.218733044203,1.68244711031303,-0.0447438050271977
-198.202084916983,1.68208034368897,-0.0447403957043264
-198.185436861839,1.68171204309747,-0.0447370996779536
-198.168788868241,1.68134222565347,-0.0447339179930373
-198.152140918304,1.68097090730979,-0.0447308518740596
-198.135492989006,1.68059810295708,-0.0447279026680489
-198.118845055981,1.68022382656074,-0.0447250716607015
-198.102197097802,1.67984809130082,-0.0447223600121347
-198.08554909963,1.67947090969223,-0.0447197686720765
-198.068901055206,1.6790922936712,-0.0447172984257191
-198.052252966719,1.67871225463497,-0.0447149499190756
-198.035604842613,1.67833080342447,-0.0447127236477804
-198.01895669401,1.67794795026636,-0.0447106199497515
-198.002308530761,1.67756370470427,-0.0447086390271301
-197.98566035822,1.6771780755509,-0.0447067810553518
-197.969012175645,1.67679107087745,-0.0447050462782821
-197.95236397666,1.67640269805465,-0.0447034349553125
-197.935715751582,1.67601296383399,-0.0447019473133276
-197.91906749094,1.67562187445603,-0.0447005834498926
-197.902419189144,1.67522943576648,-0.0446993433284178
-197.885770847288,1.67483565330811,-0.0446982267728258
-197.869122474296,1.67444053237024,-0.0446972334967077
-197.852474086095,1.67404407798861,-0.0446963631480621
-197.835825703076,1.67364629490301,-0.044695615387689
-197.819177346527,1.67324718749036,-0.0446949898525603
-197.802529034995,1.67284675968894,-0.0446944861906764
-197.785880781595,1.67244501494644,-0.0446941040177884
-197.769232592924,1.67204195620964,-0.044693842968238
-197.752584469878,1.67163758596314,-0.0446937026494245
-197.735936410031,1.67123190630668,-0.0446936826420061
-197.719288410908,1.67082491905464,-0.0446937824682478
-197.702640473147,1.67041662583335,-0.0446940016438975
-197.685992602695,1.67000702815385,-0.0446943396353068
-197.669344811371,1.66959612744501,-0.0446947958702883
-197.652697115669,1.66918392503825,-0.0446953696907273
-197.636049534114,1.66877042211169,-0.0446960603564388
-197.619402083954,1.66835561961067,-0.0446968670561715
-197.602754778056,1.66793951817496,-0.0446977888945332
-197.586107622854,1.66752211809714,-0.0446988250148142
-197.56946061791,1.66710341932305,-0.0446999746159078
-197.552813757176,1.66668342149762,-0.044701236878954
-197.536167031543,1.66626212404395,-0.0447026109159748
-197.519520431947,1.6658395262594,-0.0447040957673711
-197.502873952192,1.6654156274026,-0.0447056904475716
-197.486227590712,1.66499042675514,-0.0447073938728173
-197.469581350776,1.66456392363573,-0.0447092048638033
-197.452935239113,1.66413611736862,-0.0447111222118348
-197.436289263429,1.66370700722225,-0.0447131446370283
-197.419643429475,1.66327659233838,-0.0447152708974626
-197.402997738526,1.66284487167272,-0.0447174997769206
-197.386352186001,1.66241184396517,-0.0447198299953559
-197.369706761562,1.66197750774681,-0.0447222602457074
-197.353061450717,1.66154186138953,-0.0447247891596243
-197.336416237437,1.66110490318636,-0.0447274153883391
-197.319771107134,1.66066663144661,-0.0447301375170641
-197.303126049088,1.66022704457271,-0.0447329540746606
-197.286481057707,1.65978614110134,-0.0447358635379041
-197.269836132365,1.65934391970503,-0.0447388643654502
-197.253191275869,1.65890037915144,-0.0447419550188968
-197.236546492041,1.65845551824372,-0.0447451339442176
-197.219901783102,1.65800933574693,-0.044748399501933
-197.203257147618,1.65756183033421,-0.0447517500516976
-197.186612579627,1.65711300056249,-0.0447551839631741
-197.169968069116,1.65666284489025,-0.0447586996555646
-197.153323603736,1.65621136173553,-0.0447622955994522
-197.136679171293,1.65575854955556,-0.0447659702606272
-197.120034762317,1.65530440692496,-0.0447697221276685
-197.10339037196,1.65484893259231,-0.0447735496593734
-197.086746000763,1.6543921255054,-0.0447774513297825
-197.070101654039,1.65393398480033,-0.0447814255648907
-197.05345734014,1.65347450975122,-0.044785470748466
-197.036813068017,1.65301369970103,-0.0447895852859045
-197.020168844885,1.65255155399217,-0.0447937676603438
-197.00352467453,1.65208807191958,-0.0447980163806355
-196.986880556763,1.65162325271939,-0.0448023299598116
-196.970236488105,1.65115709559099,-0.0448067069370159
-196.953592463541,1.65068959975005,-0.0448111459257276
-196.936948478817,1.65022076449587,-0.044815645530795
-196.920304532528,1.64975058927783,-0.0448202043375522
-196.903660627478,1.6492790737416,-0.0448248209839603
-196.887016770967,1.64880621773896,-0.0448294941746896
-196.870372973892,1.64833202130433,-0.044834222629882
-196.853729248849,1.64785648459538,-0.0448390050636456
-196.837085607825,1.64737960782364,-0.0448438401818704
-196.820442060132,1.64690139118825,-0.0448487266611314
-196.803798611103,1.64642183483864,-0.0448536632080443
-196.787155261923,1.64594093886959,-0.0448586485632142
-196.770512010551,1.64545870335153,-0.0448636815420963
-196.753868853524,1.64497512838506,-0.0448687609830703
-196.737225787969,1.64449021416454,-0.0448738858277286
-196.720582813388,1.64400396103504,-0.0448790552350819
-196.703939932726,1.64351636952569,-0.0448842683950188
-196.687297152322,1.64302744034854,-0.0448895243499403
-196.670654480765,1.64253717435923,-0.0448948220059161
-196.654011927028,1.64204557249558,-0.044900160216899
-196.637369498479,1.64155263571791,-0.044905537761042
-196.620727199219,1.6410583649609,-0.0449109533690848
-196.604085029215,1.64056276110752,-0.0449164057362453
-196.587442984439,1.64006582498307,-0.0449218936324701
-196.570801058066,1.63956755739143,-0.0449274158869745
-196.554159242292,1.63906795917272,-0.0449329713019944
-196.537517530244,1.63856703127256,-0.044938558731415
-196.520875917542,1.63806477479414,-0.0449441769537012
-196.504234402971,1.63756119101401,-0.0449498247754157
-196.487592988183,1.63705628136344,-0.0449555010685065
-196.470951676548,1.63655004738986,-0.0449612046532712
-196.454310471425,1.63604249070504,-0.0449669343284952
-196.437669374445,1.63553361293211,-0.0449726888262144
-196.421028384201,1.63502341566255,-0.0449784669002793
-196.40438749576,1.63451190043703,-0.0449842673243776
-196.387746701169,1.63399906876488,-0.0449900889383812
-196.371105990765,1.63348492215795,-0.0449959305916809
-196.354465354958,1.63296946218593,-0.0450017911622525
-196.337824785919,1.63245269052897,-0.0450076694715427
-196.321184278766,1.63193460902229,-0.0450135643536723
-196.304543831958,1.63141521967113,-0.0450194746606472
-196.287903446782,1.63089452463273,-0.0450253992781276
-196.271263126115,1.63037252616955,-0.0450313370864234
-196.254622872807,1.62984922659154,-0.0450372869525934
-196.237982688167,1.62932462820303,-0.0450432477689375
-196.221342570971,1.62879873327136,-0.0450492184768934
-196.204702517259,1.62827154402162,-0.0450551980775135
-196.188062520991,1.62774306265839,-0.0450611856697161
-196.171422575371,1.62721329140709,-0.0450671804205511
-196.154782674446,1.62668223256563,-0.0450731814804849
-196.138142814526,1.62614988855278,-0.0450791878439358
-196.121502994977,1.62561626193062,-0.0450851984887074
-196.104863218305,1.62508135540167,-0.0450912124219347
-196.088223489459,1.62454517178106,-0.0450972286191182
-196.071583814529,1.62400771395715,-0.0451032460762888
-196.054944199196,1.62346898484195,-0.0451092638167995
-196.03830464739,1.62292898732401,-0.0451152809400721
-196.021665160589,1.62238772424027,-0.045121296570289
-196.00502573783,1.62184519837223,-0.0451273098125638
-195.988386376425,1.62130141246827,-0.0451333198432882
-195.971747073225,1.6207563692876,-0.0451393258842205
-195.955107826032,1.62021007164794,-0.0451453272265568
-195.938468634767,1.61966252246894,-0.0451513231390665
-195.921829501495,1.61911372592333,-0.045157338969644
-195.905190428559,1.61856369884681,-0.0451633927470474
-195.888551419077,1.61801247524576,-0.045169468733284
-195.871912475594,1.61746009793103,-0.0451755521458991
-195.855273599979,1.61690661316644,-0.0451816333551653
-195.83863479333,1.61635206787305,-0.0451877086009471
-195.821996055532,1.61579650819563,-0.0451937786112578
-195.805357384888,1.61523997881039,-0.0451998465850611
-195.788718778305,1.6146825226371,-0.0452059163642801
-195.772080232065,1.61412418076671,-0.0452119913425282
-195.755441742987,1.61356499249897,-0.0452180739648808
-195.738803309519,1.6130049954236,-0.0452241656025296
-195.722164932205,1.61244422550092,-0.0452302668474698
-195.705526613479,1.61188271712628,-0.0452363778473441
-195.68888835679,1.61132050317269,-0.0452424986440847
-195.672250165409,1.61075761502338,-0.0452486292738793
-195.655612041242,1.61019408259931,-0.0452547698287493
-195.638973983973,1.60962993439267,-0.0452609204331621
-195.622335990801,1.60906519751666,-0.045267081228414
-195.605698056845,1.6084998977785,-0.0452732523282683
-195.589060176093,1.60793405976712,-0.0452794338735745
-195.572422342592,1.60736770694896,-0.0452856259998573
-195.55578455156,1.60680086175286,-0.0452918288580441
-195.539146800138,1.60623354564743,-0.0452980424898184
-195.522509087549,1.60566577918813,-0.0453042668048072
-195.50587141464,1.60509758204231,-0.0453105016807116
-195.489233782963,1.60452897298743,-0.0453167469430837
-195.472596193694,1.60395996991192,-0.0453230022958771
-195.455958646646,1.60339058981685,-0.0453292673741714
-195.439321139695,1.60282084883328,-0.0453355418649159
-195.422683668744,1.6022507622498,-0.0453418255132233
-195.406046228269,1.60168034456268,-0.0453481179946405
-195.389408812249,1.60110960954062,-0.0453544188757821
-195.372771415265,1.60053857029519,-0.0453607276653663
-195.356134033446,1.59996723934158,-0.0453670438694388
-195.339496664989,1.59939562864223,-0.0453733670187141
-195.322859310138,1.59882374963638,-0.0453796965868643
-195.306221970606,1.5982516132443,-0.045386032050501
-195.289584648691,1.59767922985827,-0.0453923729398935
-195.272947346291,1.59710660932872,-0.045398718774039
-195.256310064058,1.5965337609598,-0.0454050689683115
-195.239672800937,1.59596069351687,-0.0454114229546651
-195.223035554303,1.59538741525117,-0.0454177802268399
-195.206398320592,1.59481393394069,-0.0454241403344681
-195.189761096228,1.59424025694345,-0.0454305027231972
-195.173123878523,1.59366639125451,-0.0454368667212024
-195.156486666391,1.59309234355122,-0.0454432316668329
-195.139849460685,1.59251812022509,-0.0454495969766754
-195.123212264029,1.59194372738846,-0.045455962007566
-195.106575080174,1.59136917087088,-0.0454623260764165
-195.089937913086,1.59079445620306,-0.0454686885257079
-195.073300766026,1.59021958860057,-0.0454750487471008
-195.056663640884,1.58964457295427,-0.0454814061643949
-195.040026537928,1.58906941383644,-0.0454877601478894
-195.023389456012,1.58849411552324,-0.0454941100478237
-195.006752393181,1.58791868203045,-0.0455004552505158
-194.990115347521,1.58734311715847,-0.0455067952090005
-194.973478318015,1.58676742453777,-0.0455131293578643
-194.95684130509,1.58619160766487,-0.0455194571120574
-194.940204310773,1.58561566991853,-0.0455257778638956
-194.923567338368,1.58503961455835,-0.0455320910151993
-194.906930391811,1.58446344471088,-0.0455383959394508
-194.890293474809,1.5838871633518,-0.045544691947997
-194.873656590023,1.58331077328911,-0.0455509784010035
-194.857019738553,1.58273427715407,-0.0455572547450566
-194.840382919863,1.58215767740815,-0.0455635204417583
-194.823746132136,1.58158097636279,-0.0455697749206067
-194.807109372923,1.58100417621467,-0.045576017571594
-194.79047263992,1.58042727908149,-0.0455822477891817
-194.773835931655,1.57985028703887,-0.0455884650247682
-194.757199247937,1.5792732021428,-0.0455946687524248
-194.740562589903,1.57869602644205,-0.0456008584030963
-194.723925959636,1.57811876197087,-0.0456070333708618
-194.707289359497,1.57754141073114,-0.0456131930747856
-194.690652791366,1.57696397466963,-0.0456193369491344
-194.674016256014,1.57638645566173,-0.0456254644314644
-194.657379752751,1.57580885550799,-0.045631574903206
-194.64074327946,1.57523117594018,-0.0456376677862712
-194.624106833006,1.57465341864121,-0.0456437425578724
-194.607470409901,1.57407558527455,-0.0456497987408765
-194.59083400706,1.57349767751591,-0.0456558358445402
-194.574197622404,1.57291969708371,-0.0456618533571675
-194.557561255154,1.57234164575374,-0.0456678507179423
-194.540924905753,1.57176352536022,-0.0456738273308786
-194.524288575445,1.5711853377834,-0.0456797825910782
-194.507652265633,1.5706070849294,-0.0456857159783206
-194.49101597722,1.57002876871212,-0.0456916270199736
-194.47437971011,1.56945039103769,-0.0456975152446449
-194.457743462973,1.56887195379963,-0.0457033801909145
-194.441107233382,1.56829345888664,-0.0457092214031
-194.424471018269,1.56771490820167,-0.0457150384466594
-194.407834814584,1.56713630368897,-0.0457208308297145
-194.391198619935,1.56655764735851,-0.0457265980360524
-194.374562433053,1.56597894130501,-0.0457323395188355
-194.35792625398,1.5654001877166,-0.0457380546648599
-194.341290083845,1.56482138887192,-0.0457437429503195
-194.324653924439,1.56424254712444,-0.0457494039418182
-194.308017777614,1.56366366488143,-0.0457550372698394
-194.291381644716,1.5630847445842,-0.0457606425056765
-194.274745526142,1.56250578869463,-0.0457662192229294
-194.258109421201,1.56192679969198,-0.0457717670205446
-194.241473328326,1.56134778007828,-0.0457772855453099
-194.224837245548,1.56076873239728,-0.0457827744962604
-194.208201171096,1.560189659257,-0.045788233559195
-194.191565103944,1.55961056335338,-0.0457936624123138
-194.174929044156,1.55903144748266,-0.0457990606418951
-194.158292992917,1.55845231454046,-0.0458044278661037
-194.1416569523,1.55787316751083,-0.0458097637091305
-194.125020924783,1.55729400944953,-0.045815067796946
-194.108384912668,1.55671484346595,-0.0458203397774862
-194.091748917564,1.55613567270472,-0.0458255793413576
-194.075112940097,1.55555650033396,-0.0458307862228677
-194.058476979872,1.55497732954266,-0.0458359601712392
-194.04184103572,1.55439816354784,-0.0458411009580265
-194.025205106174,1.55381900561319,-0.045846208339672
-194.008569189995,1.55323985906851,-0.0458512820436652
-193.991933286633,1.5526607273261,-0.045856321826645
-193.975297396459,1.55208161388523,-0.0458613274967242
-193.958661520772,1.55150252233014,-0.0458662988735055
-193.942025661482,1.55092345631964,-0.0458712357467414
-193.925389820638,1.55034441957199,-0.0458761378783769
-193.908753999895,1.54976541584365,-0.0458810050330987
-193.892118200112,1.54918644891325,-0.0458858369861659
-193.875482421122,1.5486075225699,-0.0458906335331846
-193.858846661785,1.54802864061712,-0.0458953945183885
-193.842210920339,1.54744980688342,-0.0459001198304808
-193.825575194866,1.54687102523792,-0.0459048094067181
-193.808939483786,1.54629229960387,-0.0459094631496489
-193.792303786204,1.54571363396976,-0.0459140809420529
-193.775668102068,1.54513503239593,-0.0459186626029358
-193.759032432041,1.54455649901123,-0.0459232079287953
-193.742396777204,1.54397803800075,-0.0459277167357241
-193.725761138635,1.54339965358592,-0.0459321889195513
-193.709125516978,1.54282135000453,-0.0459366244197152
-193.692489912119,1.54224313149827,-0.0459410231294928
-193.675854323045,1.54166500231028,-0.0459453849084755
-193.659218748011,1.54108696669114,-0.0459497096422087
-193.642583184804,1.54050902890685,-0.0459539972340323
-193.625947631218,1.5399311932506,-0.0459582476105805
-193.609312085502,1.53935346405795,-0.045962460686241
-193.592676546654,1.53877584571496,-0.0459666363924825
-193.576041014503,1.53819834266152,-0.0459707746118718
-193.559405489568,1.53762095938344,-0.045974875203726
-193.542769972727,1.53704370039842,-0.0459789380592706
-193.526134464804,1.53646657023954,-0.0459829630733356
-193.509498966183,1.53588957344306,-0.0459869501515489
-193.49286347655,1.53531271453851,-0.0459908992102917
-193.47622799486,1.53473599804389,-0.0459948102087221
-193.45959251948,1.53415942846636,-0.045998683083704
-193.44295704855,1.53358301031436,-0.0460025177798382
-193.426321579939,1.53300674876473,-0.0460062708525154
-193.409686111809,1.53243065623475,-0.0460099111453678
-193.393050642803,1.53185475489166,-0.0460134637991385
-193.376415172646,1.53127907190147,-0.0460169523541019
-193.359779702499,1.53070363640247,-0.0460203916801153
-193.343144234354,1.53012847792333,-0.0460237867829692
-193.326508770047,1.52955362556716,-0.0460271352018981
-193.309873310484,1.52897910760925,-0.046030430502958
-193.293237855375,1.52840495132085,-0.0460336653229715
-193.276602403409,1.52783118291744,-0.0460368333586886
-193.259966952707,1.52725782756575,-0.0460399300911008
-193.243331501341,1.52668490941895,-0.0460429526536969
-193.226696047802,1.52611245166256,-0.0460458993384419
-193.210060591278,1.52554047656482,-0.0460487690799344
-193.193425131734,1.52496900553235,-0.0460515609509198
-193.176789669805,1.52439805915153,-0.0460542739095501
-193.160154206544,1.52382765722469,-0.0460569066868817
-193.143518743087,1.52325781878206,-0.0460594578611084
-193.126883280277,1.52268856210019,-0.0460619259630383
-193.110247818411,1.52211990471876,-0.0460643095497737
-193.093612357111,1.52155186347166,-0.0460666074620269
-193.076976895443,1.52098445452242,-0.0460688187395014
-193.060341432112,1.52041769339788,-0.0460709426982951
-193.04370596582,1.51985159502803,-0.0460729787483998
-193.02707049556,1.51928617377314,-0.046074926423054
-193.010435020851,1.51872144345695,-0.0460767853170305
-192.993799541813,1.51815741738195,-0.0460785549894836
-192.977164059056,1.51759410835334,-0.0460802349997061
-192.960528573463,1.51703152868703,-0.0460818249103137
-192.943893085849,1.51646969021812,-0.0460833244140916
-192.927257596699,1.5159086043057,-0.0460847332481988
-192.910622105924,1.51534828184302,-0.0460860512734168
-192.893986612831,1.51478873327725,-0.0460872784430663
-192.877351116227,1.51422996862811,-0.0460884149162226
-192.860715614672,1.51367199751709,-0.0460894609160422
-192.844080106776,1.51311482918651,-0.0460904166600642
-192.827444591466,1.5125584725246,-0.0460912823946664
-192.810809068189,1.5120029360777,-0.0460920583024082
-192.7941735369,1.51144822806599,-0.0460927446175282
-192.777537997961,1.51089435639483,-0.046093341588816
-192.760902451906,1.51034132866284,-0.0460938495786241
-192.74426689917,1.5097891521646,-0.0460942690646165
-192.72763133983,1.50923783389352,-0.0460946005509204
-192.710995773455,1.50868738054775,-0.0460948445946137
-192.694360199093,1.50813779854068,-0.0460950017940294
-192.677724615424,1.50758909401418,-0.0460950728113586
-192.661089021012,1.50704127286396,-0.0460950582211732
-192.644453414543,1.50649434075737,-0.0460949586221281
-192.627817795058,1.5059483031492,-0.0460947747586328
-192.611182162129,1.50540316529032,-0.0460945074198467
-192.594546515854,1.50485893224403,-0.0460941573333081
-192.577910856674,1.50431560888972,-0.0460937251646672
-192.561275185124,1.50377319992492,-0.0460932116539277
-192.544639501615,1.50323170986151,-0.0460926175257372
-192.528003806223,1.5026911430327,-0.0460919435000946
-192.511368098553,1.50215150359423,-0.0460911903710335
-192.494732377774,1.50161279553162,-0.0460903590615274
-192.478096642799,1.50107502267068,-0.0460894504839251
-192.461460892528,1.50053818869931,-0.0460884654861484
-192.444825126052,1.50000229718414,-0.0460874049521672
-192.428189342836,1.49946735158223,-0.0460862698436032
-192.411553542837,1.49893335524639,-0.0460850611798646
-192.3949177265,1.49840031143323,-0.0460837798511031
-192.37828189454,1.49786822330359,-0.0460824266329542
-192.361646047685,1.49733709392242,-0.0460810022947103
-192.345010186456,1.49680692625356,-0.0460795076751256
-192.32837431101,1.49627772315929,-0.0460779437157092
-192.311738421089,1.49574948740372,-0.0460763114113138
-192.295102516045,1.49522222166237,-0.0460746118432866
-192.278466595042,1.49469592853461,-0.0460728461522938
-192.261830657295,1.49417061055896,-0.0460710154179357
-192.245194702249,1.49364627022137,-0.0460691206492412
-192.228558729702,1.49312290996305,-0.0460671628323311
-192.211922739868,1.49260053218239,-0.0460651429092962
-192.195286733303,1.4920791392409,-0.0460630617876533
-192.178650710725,1.49155873346113,-0.0460609204082514
-192.162014672803,1.49103931712457,-0.046058719726748
-192.145378619953,1.49052089246744,-0.0460564607100289
-192.128742552214,1.4900034616826,-0.046054144305904
-192.112106469213,1.48948702691668,-0.0460517715447433
-192.09547037027,1.48897159027839,-0.0460493434821071
-192.07883425456,1.48845715384743,-0.046046861150549
-192.062198121309,1.48794371969253,-0.0460443255584339
-192.045561969968,1.48743128987553,-0.0460417376934607
-192.028925800321,1.48691986645294,-0.0460390985654362
-192.012289612519,1.4864094514729,-0.0460364091569914
-191.995653406981,1.48590004698099,-0.0460336703601028
-191.979017184225,1.48539165502049,-0.0460308830417677
-191.962380944634,1.48488427762812,-0.0460280481375341
-191.945744688319,1.48437791682652,-0.046025166615172
-191.929108415027,1.48387257462364,-0.0460222394239627
-191.912472124153,1.48336825301643,-0.046019267520791
-191.895835814831,1.48286495399755,-0.0460162519481691
-191.879199486117,1.48236267956159,-0.0460131937468609
-191.862563137175,1.48186143171035,-0.0460100939405621
-191.845926767435,1.48136121246257,-0.0460069534654835
-191.829290376667,1.48086202385591,-0.0460037732355514
-191.812653964957,1.48036386794566,-0.0460005541596719
-191.796017532608,1.47986674679831,-0.0459972971231906
-191.779381079955,1.47937066249173,-0.0459940029398039
-191.762744607164,1.47887561711253,-0.0459906725266349
-191.746108114151,1.47838161275608,-0.0459873069106759
-191.729471600538,1.47788865151867,-0.0459839071282241
-191.712835065684,1.47739673550242,-0.0459804741318296
-191.696198508779,1.47690586682011,-0.0459770087060359
-191.67956192897,1.47641604759909,-0.0459735117304396
-191.662925325567,1.47592727998462,-0.0459699840422258
-191.646288698165,1.47543956614219,-0.0459664264630732
-191.629652046687,1.47495290826478,-0.0459628397597312
-191.613015371326,1.47446730857041,-0.0459592247421956
-191.596378672433,1.47398276929801,-0.04595558227057
-191.579741950344,1.47349929270102,-0.0459519132135399
-191.56310520469,1.47301688103002,-0.0459482185002249
-191.546468431642,1.47253553645448,-0.0459444990661408
-191.529831617611,1.47205526087906,-0.0459407558307655
-191.513194730943,1.47157605570182,-0.045936989607692
-191.496557716431,1.47109792165762,-0.0459332011212155
-191.479920497972,1.47062085889746,-0.0459293909797447
-191.463282991238,1.47014486735215,-0.0459255597125861
-191.446645122451,1.46966994726942,-0.0459217077216853
-191.430006844822,1.46919609968105,-0.0459178352011521
-191.413368144239,1.46872332656955,-0.0459139421675162
-191.396729030909,1.46825163062852,-0.0459100285820367
-191.380089521263,1.46778101474668,-0.045906094476899
-191.363449620339,1.46731148150824,-0.0459021398940666
-191.34680931488,1.46684303299685,-0.0458981650190749
-191.330168581449,1.46637567102134,-0.0458941701464893
-191.313527404655,1.46590939762415,-0.0458901556892435
-191.296885794505,1.46544421556658,-0.0458861221407679
-191.280243792275,1.46498012849411,-0.0458820700656692
-191.26360146117,1.46451714067733,-0.0458780001181451
-191.246958867196,1.46405525647778,-0.0458739130430453
-191.230316061624,1.46359447986068,-0.0458698097675659
-191.213673075415,1.46313481423735,-0.045865691442511
-191.1970299284,1.46267626271565,-0.045861559440011
-191.180386646918,1.46221882858441,-0.0458574152475281
-191.163743278383,1.46176251570713,-0.0458532603946649
-191.147099893401,1.46130732857576,-0.0458490964128241
-191.130456573829,1.46085327198474,-0.0458449248593035
-191.11381339389,1.46040035052389,-0.0458407473784109
-191.09717040563,1.45994856818879,-0.0458365656658559
-191.080527637091,1.45949792833054,-0.045832381497616
-191.063885103755,1.45904843396022,-0.0458281966861862
-191.047242825494,1.45860008819785,-0.0458240130561581
-191.030600838202,1.45815289457839,-0.0458198324386349
-191.013959192662,1.45770685702335,-0.0458156566342839
-190.997317941386,1.45726197949646,-0.0458114874098734
-190.980677121462,1.45681826555337,-0.0458073264599707
-190.964036743907,1.45637571806406,-0.0458031754032464
-190.947396795756,1.45593433926826,-0.0457990357660191
-190.930757253411,1.45549413128314,-0.04579489824515
-190.914118098924,1.45505509815615,-0.0457907564146389
-190.89747932886,1.45461724671403,-0.045786617497008
-190.880840951154,1.45418058528367,-0.0457824881015076
-190.864202971745,1.45374512260316,-0.0457783725455611
-190.8475653795,1.4533108670585,-0.0457742726706623
-190.830928139178,1.45287782631378,-0.0457701883732073
-190.814291196939,1.45244600735696,-0.0457661183468542
-190.797654495063,1.45201541683231,-0.0457620609075226
-190.781017986973,1.45158606140777,-0.0457580144638944
-190.764381643574,1.45115794793162,-0.0457539777242573
-190.747745447522,1.45073108329338,-0.045749949648234
-190.731109379579,1.45030547408865,-0.0457459293770271
-190.714473406015,1.44988112631722,-0.0457419161321295
-190.697837475228,1.44945804531042,-0.0457379090595835
-190.681201525871,1.44903623594008,-0.0457339072367075
-190.664565501678,1.44861570298967,-0.0457299096158831
-190.647929363974,1.44819645147211,-0.0457259151066723
-190.631293094535,1.44777848671296,-0.0457219225274463
-190.614656687446,1.44736181416192,-0.0457179306844938
-190.598020135452,1.44694643906199,-0.0457139384081181
-190.581383419517,1.44653236619769,-0.0457099446063114
-190.564746508194,1.44611959988421,-0.0457059483460649
-190.548109367194,1.44570814420718,-0.0457019487721655
-190.531471973108,1.4452980033625,-0.0456979450682666
-190.514834322798,1.44488918188682,-0.0456939364552083
-190.498196432771,1.44448168464334,-0.0456899222657597
-190.48155832905,1.44407551658611,-0.045685901935746
-190.464920033892,1.44367068244685,-0.0456818750294599
-190.448281557474,1.44326718654153,-0.0456778411979645
-190.431642899504,1.44286503281101,-0.045673800257509
-190.415004059444,1.44246422506542,-0.0456697521824099
-190.398365048612,1.44206476727159,-0.04566569713068
-190.38172589646,1.44166666370543,-0.0456616353493043
-190.365086646968,1.44126991887166,-0.0456575671498793
-190.348447347306,1.44087453724035,-0.0456534928987989
-190.331808035604,1.44048052296464,-0.0456494131134008
-190.315168735127,1.4400878797508,-0.0456453284825932
-190.298529458071,1.43969661095149,-0.0456412398823381
-190.281890216151,1.43930671981102,-0.0456371482486827
-190.265251031049,1.43891820970685,-0.045633054505888
-190.248611937954,1.43853108422905,-0.0456289595339323
-190.231972979937,1.43814534705591,-0.0456248641793177
-190.215334196481,1.43776100169937,-0.0456207693651565
-190.198695613187,1.43737805127924,-0.0456166760801983
-190.182057238747,1.43699649845982,-0.0456125853726775
-190.165419070763,1.43661634557976,-0.0456084983232592
-190.148781106562,1.43623759489524,-0.0456044159592291
-190.132143352095,1.43586024878064,-0.0456003392773501
-190.115505823438,1.43548430976381,-0.0455962692064151
-190.098868539966,1.43510978037989,-0.0455922065867798
-190.082231513555,1.43473666293791,-0.0455881521897055
-190.065594740555,1.43436495934898,-0.0455841066888717
-190.048958201523,1.43399467112487,-0.0455800707031685
-190.032321868825,1.43362579954601,-0.0455760448099489
-190.015685717382,1.43325834589515,-0.0455720295359943
-189.999049731993,1.43289231161332,-0.0455680253144566
-189.982413906897,1.43252769829414,-0.0455640324665364
-189.965778238154,1.43216450752412,-0.0455600512306668
-189.949142713859,1.43180274067824,-0.045556081766227
-189.932507308471,1.43144239880168,-0.0455521241869412
-189.915871984978,1.43108348266006,-0.0455481785051713
-189.899236703621,1.43072599292193,-0.045544244700566
-189.882601431883,1.43036993036629,-0.0455403226654459
-189.865966149713,1.43001529599332,-0.0455364122735111
-189.849330847126,1.42966209098012,-0.0455325134004952
-189.83269551595,1.42931031651201,-0.0455286259251632
-189.816060141219,1.42895997360141,-0.0455247496199161
-189.799424697634,1.42861106301582,-0.0455208841238372
-189.782789153475,1.42826358535787,-0.0455170290009661
-189.766153479525,1.42791754124895,-0.0455131837995256
-189.749517657505,1.42757293150244,-0.0455093481380498
-189.732881682963,1.42722975718482,-0.0455055217880627
-189.716245560955,1.42688801953354,-0.045501704695268
-189.699609297445,1.42654771978274,-0.0454978968335364
-189.682972891828,1.42620885901297,-0.0454940980780058
-189.666336335239,1.42587143811881,-0.0454903082387925
-189.649699615597,1.42553545790777,-0.0454865271627309
-189.633062726141,1.42520091926769,-0.0454827547629013
-189.616425671993,1.42486782329394,-0.0454789910372544
-189.599788470665,1.42453617130566,-0.0454752360169831
-189.583151146133,1.42420596473421,-0.045471489853161
-189.566513720247,1.42387720495929,-0.0454677527417423
-189.549876206642,1.42354989318845,-0.0454640249348169
-189.533238610849,1.42322403045307,-0.0454603066317935
-189.516600936179,1.42289961772001,-0.0454565981501168
-189.49996319155,1.42257665604306,-0.04545289990666
-189.48332539612,1.42225514665588,-0.0454492124427062
-189.466687577784,1.42193509094222,-0.0454455362284514
-189.45004976631,1.42161649030717,-0.0454418717049835
-189.433411985383,1.42129934603108,-0.045438219385788
-189.416774248313,1.42098365918941,-0.04543457989558
-189.400136559888,1.42066943068912,-0.0454309540270023
-189.38349892296,1.42035666138896,-0.0454273425695464
-189.366861345431,1.42004535222903,-0.0454237463208726
-189.350223843198,1.41973550427829,-0.0454201658895555
-189.333586437117,1.41942711868512,-0.0454166017978495
-189.316949145935,1.41912019655037,-0.0454130545440891
-189.30031197958,1.41881473881317,-0.0454095246472139
-189.28367493686,1.41851074620578,-0.0454060127441287
-189.267038008979,1.41820821931717,-0.0454025195126801
-189.250401186484,1.41790715871495,-0.0453990455949062
-189.233764465317,1.41760756505146,-0.0453955915794422
-189.217127848204,1.41730943908911,-0.0453921580082924
-189.200491340694,1.41701278163194,-0.0453887453640994
-189.183854944407,1.41671759341928,-0.045385353980822
-189.167218651779,1.41642387503356,-0.0453819841431682
-189.150582445686,1.4161316268867,-0.0453786360671504
-189.13394630417,1.41584084929806,-0.0453753100184322
-189.117310207426,1.41555154261739,-0.0453720061595167
-189.100674142668,1.41526370731046,-0.0453687245945077
-189.084038104066,1.41497734395297,-0.0453654652673173
-189.067402087936,1.41469245315356,-0.0453622280821724
-189.050766086469,1.41440903545037,-0.0453590129278818
-189.034130084025,1.4141270912512,-0.0453558197832079
-189.017494058456,1.41384662085257,-0.045352648610746
-189.000857986596,1.41356762453267,-0.0453494993728064
-188.984221850598,1.41329010265774,-0.0453463720059399
-188.967585641266,1.41301405572837,-0.0453432663703379
-188.950949356443,1.41273948435224,-0.0453401821964038
-188.934312995622,1.41246638915728,-0.0453371191266324
-188.917676554336,1.41219477070874,-0.0453340767590905
-188.901040021896,1.41192462947261,-0.0453310547221256
-188.884403383896,1.41165596585113,-0.0453280527382555
-188.867766627851,1.41138878027335,-0.045325070712577
-188.851129748485,1.41112307327762,-0.045322108649804
-188.834492749357,1.41085884553646,-0.0453191666200253
-188.817855639914,1.41059609781172,-0.0453162446199018
-188.801218429783,1.41033483086306,-0.0453133426071833
-188.784581123973,1.41007504537746,-0.0453104604618971
-188.767943721915,1.4098167419521,-0.0453075980626002
-188.751306220821,1.40955992114651,-0.0453047553444893
-188.73466862113,1.40930458356362,-0.0453019323376639
-188.7180309305,1.40905072990903,-0.0452991291217808
-188.70139316381,1.40879836098907,-0.0452963459326069
-188.684755339175,1.40854747765523,-0.0452935830824787
-188.668117472405,1.40829808072182,-0.0452908408868726
-188.651479573306,1.40805017091698,-0.0452881195661546
-188.634841646011,1.40780374888103,-0.0452854192604286
-188.618203692956,1.40755881522258,-0.0452827401724119
-188.601565719886,1.4073153705894,-0.0452800826470336
-188.584927738598,1.40707341571192,-0.0452774470442047
-188.568289765654,1.40683295138559,-0.0452748336438855
-188.55165181783,1.40659397840046,-0.0452722426757773
-188.535013907123,1.40635649747692,-0.0452696744636803
-188.518376038402,1.4061205092353,-0.0452671293937702
-188.501738211057,1.40588601421896,-0.0452646078082139
-188.485100423466,1.4056530129496,-0.0452621099852304
-188.46846267738,1.40542150598641,-0.0452596362180422
-188.451824979464,1.40519149394912,-0.0452571868319821
-188.43518733904,1.40496297738244,-0.0452547700173242
-188.418549763371,1.40473595549148,-0.0452523917083745
-188.401912253837,1.40451042562883,-0.0452500476864454
-188.385274804755,1.40428638416051,-0.0452477340475969
-188.368637406075,1.40406382705227,-0.0452454483436227
-188.352000048151,1.40384275020585,-0.0452431897903046
-188.335362725525,1.40362314964517,-0.0452409588850987
-188.318725437432,1.40340502159145,-0.045238756872583
-188.302088184845,1.40318836245808,-0.0452365852404345
-188.285450966058,1.40297316880815,-0.0452344453438062
-188.268813773655,1.40275943731875,-0.0452323381489007
-188.252176594836,1.40254716477937,-0.0452302641989292
-188.235539414874,1.40233634812666,-0.0452282237248629
-188.218902221564,1.40212698449184,-0.0452262167483803
-188.202265007888,1.40191907122141,-0.0452242431712976
-188.185627771347,1.40171260586218,-0.045222302921371
-188.168990510509,1.40150758611371,-0.0452203960411982
-188.152353221113,1.40130400977972,-0.0452185226344539
-188.135715894227,1.40110187473854,-0.045216682750657
-188.11907851763,1.40090117895035,-0.0452148763885697
-188.102441079547,1.40070192049533,-0.0452131035507773
-188.085803572475,1.40050409761082,-0.0452113642397474
-188.069165994745,1.40030770870517,-0.0452096584020326
-188.052528348833,1.4001127523305,-0.0452079859092757
-188.035890637598,1.39991922713963,-0.0452063466589046
-188.019252860874,1.39972713184538,-0.0452047406224577
-188.002615014598,1.39953646520846,-0.0452031678191513
-187.985977092962,1.39934722605511,-0.0452016281804521
-187.969339092143,1.39915941330779,-0.0452001216138073
-187.952701013282,1.39897302601679,-0.0451986480950561
-187.936062862832,1.39878806336116,-0.0451972076169335
-187.919424650081,1.39860452461893,-0.0451958000679412
-187.902786383363,1.39842240912396,-0.0451944252443699
-187.886148067343,1.39824171623556,-0.045193082952033
-187.869509703035,1.39806244533638,-0.0451917730507665
-187.852871290443,1.39788459585597,-0.0451904955205117
-187.836232832068,1.39770816730382,-0.0451892503767589
-187.819594334996,1.39753315928512,-0.0451880376145679
-187.802955810198,1.39735957149091,-0.0451868572101489
-187.7863172695,1.39718740366439,-0.045185709160304
-187.769678722099,1.39701665556815,-0.0451845934891383
-187.75304017276,1.39684732696458,-0.0451835102022237
-187.736401622719,1.3966794176217,-0.0451824593319935
-187.719763072628,1.39651292733801,-0.0451814410118096
-187.703124525638,1.39634785597077,-0.0451804554148958
-187.686485988621,1.39618420344366,-0.0451795026061507
-187.669847470735,1.39602196972971,-0.0451785825212774
-187.65320898024,1.39586115482297,-0.0451776950587476
-187.636570521566,1.39570175871122,-0.0451768401378976
-187.619932094464,1.39554378136704,-0.0451760176669662
-187.603293695698,1.39538722275894,-0.0451752274960827
-187.586655322129,1.39523208287776,-0.0451744695403207
-187.570016973291,1.3950783617579,-0.0451737437809424
-187.553378651815,1.3949260594776,-0.0451730502330062
-187.536740361476,1.39477517614148,-0.0451723888581233
-187.520102104155,1.39462571185434,-0.045171759536553
-187.503463877655,1.39447766670166,-0.0451711621186274
-187.48682567577,1.39433104074643,-0.0451705964771928
-187.470187490528,1.39418583405105,-0.0451700624837244
-187.453549315203,1.39404204669937,-0.045169559968571
-187.43691114627,1.39389967880743,-0.0451690886844987
-187.420272983093,1.39375873052049,-0.0451686483003934
-187.403634825638,1.39361920199481,-0.0451682384625468
-187.38699667171,1.39348109337962,-0.0451678587909896
-187.37035851551,1.39334440480172,-0.0451675088804996
-187.353720348465,1.39320913636782,-0.0451671883466893
-187.337082161809,1.39307528818326,-0.0451668968712039
-187.320443949291,1.39294286037198,-0.0451666341870811
-187.303805708369,1.39281185308667,-0.0451664000240525
-187.28716743921,1.39268226650003,-0.0451661940085707
-187.270529142179,1.39255410078743,-0.0451660157358841
-187.253890815472,1.39242735610657,-0.045165864821533
-187.237252454397,1.39230203259215,-0.045165740944348
-187.220614052783,1.39217813036392,-0.0451656437338678
-187.203975605554,1.39205564954336,-0.045165572695632
-187.187337110884,1.3919345902683,-0.0451655273476181
-187.170698570611,1.39181495269509,-0.0451655072706973
-187.154059988679,1.39169673698935,-0.0451655121416967
-187.137421368603,1.39157994330819,-0.0451655416437294
-187.120782711546,1.39146457178629,-0.0451655954638302
-187.104144016231,1.39135062253404,-0.045165673312773
-187.087505280687,1.39123809564854,-0.0451657749349485
-187.070866504682,1.39112699122748,-0.0451659001348295
-187.054227691311,1.391017309382,-0.045166048628833
-187.037588846669,1.39090905023251,-0.0451662200507102
-187.020949977835,1.39080221389591,-0.0451664140436652
-187.004311090445,1.39069680046993,-0.0451666303326569
-186.987672187378,1.39059281002449,-0.0451668687214827
-186.971033269299,1.39049024260688,-0.0451671290358165
-186.954394336633,1.39038909825223,-0.0451674110494306
-186.937755391674,1.39028937699432,-0.0451677144954046
-186.921116439466,1.39019107886876,-0.0451680391837864
-186.904477486923,1.39009420390735,-0.0451683850500064
-186.887838540738,1.38999875212913,-0.0451687520302579
-186.871199605334,1.38990472353077,-0.0451691399253897
-186.854560682123,1.3898121180825,-0.0451695485070245
-186.837921770507,1.38972093573509,-0.0451699775978507
-186.821282869943,1.38963117642646,-0.0451704270995131
-186.804643981774,1.38954284009046,-0.0451708968705386
-186.788005109595,1.38945592665794,-0.0451713866675073
-186.771366257944,1.38937043605151,-0.0451718962093118
-186.754727430165,1.38928636817626,-0.0451724253112921
-186.738088626814,1.38920372291193,-0.0451729738786031
-186.721449845642,1.38912250011441,-0.0451735417681471
-186.704811083023,1.38904269962221,-0.0451741287310741
-186.688172336018,1.38896432126521,-0.0451747345020556
-186.671533603699,1.38888736487031,-0.0451753588305313
-186.654894887013,1.38881183026074,-0.0451760014796288
-186.63825618724,1.38873771725021,-0.0451766621982709
-186.621617504129,1.38866502563521,-0.0451773407276965
-186.604978834827,1.38859375519027,-0.0451780367597687
-186.588340174304,1.38852390566997,-0.0451787499843972
-186.571701517051,1.38845547681674,-0.0451794800992787
-186.555062858961,1.38838846836703,-0.045180226822943
-186.538424198265,1.38832288005407,-0.045180989826441
-186.521785534914,1.38825871160468,-0.0451817687796128
-186.505146868942,1.38819596273549,-0.0451825633621911
-186.48850819878,1.38813463314842,-0.0451833732441411
-186.471869520667,1.38807472252928,-0.0451841981097427
-186.45523082953,1.38801623055013,-0.0451850376506539
-186.438592120788,1.38795915687524,-0.0451858915451053
-186.421953391935,1.38790350116534,-0.0451867594904698
-186.405314642884,1.38784926307944,-0.0451876412567348
-186.388675874972,1.38779644227262,-0.04518853675983
-186.372037089315,1.38774503838959,-0.0451894457953716
-186.355398285454,1.38769505105968,-0.0451903680187785
-186.338759461175,1.3876464798976,-0.0451913029854994
-186.322120613655,1.38759932450733,-0.0451922503141229
-186.305481741222,1.38755358448623,-0.045193209656784
-186.288842844485,1.38750925942575,-0.0451941806966961
-186.272203926205,1.38746634891229,-0.0451951631314187
-186.255564989973,1.3874248525271,-0.0451961567297068
-186.238926038643,1.38738476984417,-0.045197161406604
-186.222287073336,1.38734610042727,-0.0451981770905506
-186.205648093724,1.38730884383078,-0.0451992037212066
-186.189009099347,1.38727299960335,-0.0452002409690475
-186.172370091097,1.38723856729078,-0.0452012883998796
-186.155731071913,1.38720554643516,-0.0452023454863514
-186.139092046208,1.38717393657394,-0.0452034119525826
-186.12245301853,1.38714373723955,-0.0452044876351947
-186.105813992108,1.38711494795956,-0.0452055724853637
-186.089174968267,1.3870875682553,-0.045206666389176
-186.072535947031,1.38706159764093,-0.0452077690952092
-186.055896928478,1.38703703562344,-0.0452088803337419
-186.039257914052,1.38701388170582,-0.0452099998342227
-186.022618906838,1.38699213538762,-0.0452111274495755
-186.005979910782,1.38697179616567,-0.0452122629875193
-185.989340929214,1.38695286353293,-0.045213406269801
-185.972701963702,1.38693533697835,-0.0452145570453605
-185.956063013895,1.38691921598722,-0.045215715050141
-185.939424078458,1.38690449980671,-0.0452168965864418
-185.922785156104,1.38689118493266,-0.045218113430232
-185.90614624702,1.38687926414117,-0.0452193559338133
-185.889507352408,1.38686872833301,-0.0452206148373955
-185.872868473382,1.38685956768409,-0.0452218841509325
-185.856229609934,1.38685177223364,-0.0452231617068343
-185.839590760484,1.38684533217905,-0.04522444840589
-185.822951922275,1.38684023801853,-0.0452257465268012
-185.806313092336,1.38683648061463,-0.0452270585854514
-185.789674268622,1.38683405121708,-0.0452283866179019
-185.773035450512,1.38683294146535,-0.0452297321416384
-185.756396638429,1.38683314338019,-0.0452310961107037
-185.73975783271,1.38683464934922,-0.045232479078149
-185.723119032488,1.38683745211197,-0.0452338814029319
-185.706480235312,1.38684154474358,-0.0452353034397732
-185.689841437667,1.38684692064092,-0.0452367454370195
-185.673202636175,1.38685357350631,-0.0452382075832838
-185.656563828715,1.38686149733116,-0.0452396900475233
-185.639925014767,1.38687068638124,-0.0452411931334257
-185.623286194772,1.3868811351851,-0.0452427170272944
-185.606647368946,1.38689283852586,-0.0452442618274676
-185.590008536319,1.38690579143274,-0.0452458275990121
-185.573369694652,1.38691998916779,-0.0452474144069323
-185.556730841219,1.3869354272158,-0.0452490223152413
-185.54009197394,1.38695210127336,-0.045250651434168
-185.523453092225,1.38697000723882,-0.0452523019126322
-185.506814196993,1.38698914120282,-0.0452539738943789
-185.490175289874,1.3870094994435,-0.0452556674062526
-185.473536372055,1.3870310784215,-0.0452573823596329
-185.456897443527,1.3870538747741,-0.0452591185911022
-185.440258503225,1.38707788530623,-0.0452608759938756
-185.423619550009,1.38710310698361,-0.0452626544255796
-185.406980583684,1.38712953692292,-0.0452644537321516
-185.390341605546,1.38715717238576,-0.0452662737138022
-185.373702618052,1.38718601077118,-0.0452681141478747
-185.357063623877,1.38721604961199,-0.045269974920594
-185.340424624926,1.38724728657103,-0.045271855889772
-185.323785621845,1.38727971943902,-0.0452737568971332
-185.307146614443,1.38731334612733,-0.0452756776613051
-185.290507602628,1.38734816466268,-0.0452776179158059
-185.273868587294,1.38738417317647,-0.0452795775467044
-185.257229570593,1.3874213698986,-0.0452815564794676
-185.24059055541,1.38745975315249,-0.0452835546279485
-185.223951544397,1.38749932135637,-0.0452855717491982
-185.2073125391,1.3875400730231,-0.0452876075401695
-185.190673539781,1.38758200675631,-0.0452896615950479
-185.174034545982,1.38762512124284,-0.0452917335105301
-185.157395557493,1.38766941524671,-0.0452938229305888
-185.140756575094,1.38771488760165,-0.0452959295727833
-185.124117600586,1.38776153720684,-0.0452980531806294
-185.107478636057,1.38780936302361,-0.0453001934949297
-185.090839682959,1.38785836407906,-0.0453023501285697
-185.074200741478,1.38790853946488,-0.0453045226748839
-185.057561810651,1.38795988833307,-0.0453067107363587
-185.040922889084,1.38801240988787,-0.0453089139736912
-185.024283975882,1.38806610337998,-0.0453111320210163
-185.007645071141,1.38812096810306,-0.0453133644687141
-184.991006175719,1.38817700339273,-0.0453156109094231
-184.974367290471,1.38823420862499,-0.0453178709793639
-184.957728415436,1.38829258321525,-0.0453201442997403
-184.94108954946,1.38835212661925,-0.0453224305660938
-184.924450690547,1.3884128383281,-0.0453247294875849
-184.907811836702,1.38847471786253,-0.0453270407424766
-184.89117298671,1.38853776476417,-0.0453293638607641
-184.874534140338,1.38860197859537,-0.0453316983812641
-184.857895297957,1.38866735893906,-0.0453340438689364
-184.841256459769,1.38873390540044,-0.04533639999869
-184.824617625176,1.3888016176072,-0.0453387664821064
-184.807978792621,1.3888704952088,-0.0453411429761673
-184.791339960077,1.38894053787282,-0.0453435290169473
-184.774701125858,1.38901174527606,-0.0453459240542565
-184.758062289247,1.38908411710158,-0.0453483275956933
-184.741423450547,1.38915765303466,-0.045350739161738
-184.724784610502,1.3892323527689,-0.0453531582433003
-184.708145769531,1.3893082160071,-0.0453555844176932
-184.69150692723,1.38938524246307,-0.0453580173390154
-184.674868082488,1.38946343185492,-0.0453604567170973
-184.658229234095,1.38954278390166,-0.0453629021611765
-184.64159038145,1.38962329831966,-0.0453653532583254
-184.624951524935,1.38970497481997,-0.0453678096309417
-184.6083126658,1.38978781310876,-0.0453702709165546
-184.591673805537,1.38987181288683,-0.045372736697605
-184.575034945152,1.3899569738539,-0.0453752065581356
-184.558396084818,1.39004329571048,-0.0453776801388457
-184.541757224108,1.39013077815731,-0.0453801571402344
-184.525118362692,1.39021942088942,-0.0453826372629201
-184.508479500972,1.39030922359056,-0.0453851200941486
-184.49184064026,1.39040018593097,-0.0453876052174837
-184.475201782432,1.39049230756741,-0.0453900922537774
-184.458562929268,1.39058558814651,-0.0453925808573861
-184.441924081887,1.39068002730815,-0.0453950706312185
-184.425285240594,1.39077562468764,-0.0453975611478533
-184.408646405227,1.39087237991329,-0.0454000520122543
-184.39200757579,1.39097029260219,-0.0454025429112372
-184.375368752987,1.39106936235676,-0.0454050335209677
-184.358729938277,1.39116958876387,-0.0454075235146895
-184.342091133423,1.39127097139651,-0.0454100126094401
-184.325452339779,1.39137350981686,-0.045412500613822
-184.308813557866,1.3914772035763,-0.0454149873322996
-184.292174787425,1.39158205221622,-0.0454174725009325
-184.275536027921,1.39168805526663,-0.0454199557702268
-184.25889727913,1.39179521224226,-0.0454224367998271
-184.242258541478,1.39190352264033,-0.0454249153317933
-184.225619815938,1.39201298593924,-0.0454273911177953
-184.20898110353,1.39212360160383,-0.0454298638497265
-184.192342404747,1.39223536909088,-0.0454323331878514
-184.175703719238,1.39234828784933,-0.0454347988548278
-184.159065046001,1.39246235731853,-0.045437260640198
-184.142426383951,1.39257757692043,-0.0454397182818998
-184.125787732474,1.39269394606089,-0.0454421714576156
-184.109149091626,1.39281146412802,-0.0454446198324274
-184.092510461889,1.39293013049392,-0.0454470631069639
-184.075871843613,1.39304994451778,-0.0454495009995895
-184.059233236531,1.39317090554888,-0.0454519332802801
-184.042594639663,1.39329301292946,-0.045454359725453
-184.025956051667,1.39341626598973,-0.0454567800720513
-184.009317471379,1.39354066404555,-0.0454591940373707
-183.992678898214,1.39366620639473,-0.0454616013773082
-183.976040332229,1.39379289231525,-0.0454640018877173
-183.959401773803,1.39392072107012,-0.0454663953370941
-183.942763223129,1.39404969191295,-0.0454687814230625
-183.92612467982,1.39417980409212,-0.0454711598197373
-183.909486142931,1.39431105684875,-0.045473530152218
-183.892847611345,1.39444344941411,-0.0454758920649828
-183.876209084304,1.39457698100443,-0.0454782452969599
-183.859570561737,1.39471165081789,-0.045480589676275
-183.842932044183,1.3948474580357,-0.0454829250938402
-183.826293532368,1.39498440182597,-0.0454852514181692
-183.809655026706,1.39512248135083,-0.0454875684713624
-183.793016527051,1.39526169576743,-0.0454898760564112
-183.776378032834,1.39540204422982,-0.0454921740593454
-183.759739543537,1.39554352588113,-0.0454944623803172
-183.743101059151,1.39568613984732,-0.0454967407928581
-183.726462580323,1.39582988524135,-0.045499008904133
-183.709824108116,1.39597476116512,-0.0455012663566244
-183.693185643562,1.39612076671439,-0.0455035129148687
-183.676547187278,1.39626790097987,-0.0455057484403333
-183.659908739349,1.39641616304946,-0.0455079727955322
-183.643270299558,1.39656555200677,-0.0455101858080824
-183.626631867822,1.3967160669271,-0.0455123873033351
-183.609993444551,1.39686770687612,-0.0455145771850912
-183.593355030701,1.39702047090761,-0.0455167554506196
-183.576716627507,1.39717435806739,-0.0455189220440828
-183.560078236015,1.39732936739993,-0.0455210768125612
-183.543439856711,1.39748549795293,-0.0455232195622005
-183.526801489552,1.39764274877272,-0.0455253501495762
-183.510163134298,1.39780111890199,-0.0455274684875211
-183.493524790934,1.39796060737595,-0.0455295744997916
-183.476886459914,1.39812121322366,-0.0455316680705051
-183.4602481421,1.39828293546854,-0.0455337490638878
-183.443609838464,1.39844577285007,-0.0455358366723376
-183.426971549276,1.39860972091038,-0.0455379446712716
-183.410333274177,1.39877477087681,-0.0455400618117671
-183.393695012054,1.39894091179866,-0.0455421775239386
-183.377056761411,1.39910813188392,-0.0455442850585689
-183.360418521057,1.39927641917623,-0.0455463820807512
-183.343780290552,1.39944576189447,-0.0455484696338426
-183.327142070145,1.39961614859887,-0.0455505505382197
-183.310503860285,1.39978756827321,-0.0455526279569431
-183.293865661049,1.39996001036103,-0.0455547045878228
-183.277227471914,1.40013346476864,-0.045556782414919
-183.260589291971,1.4003079218506,-0.0455588627442161
-183.243951120354,1.40048337238828,-0.0455609463442739
-183.227312956581,1.4006598075688,-0.0455630336505335
-183.210674800594,1.40083721896685,-0.0455651250112251
-183.194036652541,1.40101559852656,-0.0455672208394547
-183.177398512434,1.40119493854964,-0.0455693216093121
-183.160760379887,1.40137523168214,-0.0455714278219673
-183.144122254124,1.40155647089891,-0.0455735399514098
-183.127484134211,1.40173864948826,-0.0455756584429879
-183.110846019413,1.40192176103353,-0.0455777837443949
-183.094207909438,1.40210579939807,-0.0455799162795742
-183.077569804418,1.40229075871261,-0.0455820564144147
-183.060931704632,1.40247663336738,-0.0455842044036053
-183.044293610151,1.40266341800883,-0.0455863604507944
-183.027655520661,1.40285110752883,-0.0455885247647074
-183.01101743554,1.4030396970556,-0.0455906975323253
-182.994379354151,1.40322918193832,-0.0455928789425308
-182.977741276187,1.40341955773508,-0.0455950691151526
-182.961103201816,1.40361082020372,-0.0455972681181452
-182.944465131542,1.40380296529947,-0.0455994759477312
-182.927827065853,1.40399598916887,-0.0456016926300646
-182.911189004956,1.40418988814358,-0.0456039182193567
-182.894550948705,1.40438465873332,-0.045606152831498
-182.877912896786,1.4045802976153,-0.0456083964928667
-182.861274848992,1.404776801624,-0.0456106491070412
-182.844636805469,1.40497416774126,-0.0456129105076066
-182.82799876675,1.40517239309495,-0.0456151805889209
-182.811360733564,1.40537147495324,-0.0456174592620081
-182.794722706538,1.40557141072155,-0.045619746421809
-182.778084685964,1.40577219793956,-0.0456220419826025
-182.76144667179,1.40597383427298,-0.0456243459539888
-182.744808663835,1.40617631750607,-0.0456266583951618
-182.728170662094,1.40637964552941,-0.0456289792641286
-182.711532666923,1.40658381634206,-0.0456313083511946
-182.694894679005,1.40678882804997,-0.0456336451855539
-182.678256699054,1.4069946788621,-0.0456359893091349
-182.661618727543,1.40720136708326,-0.0456383403695545
-182.644980764586,1.40740889111005,-0.0456406981567938
-182.628342810004,1.40761724942671,-0.0456430625422749
-182.611704863581,1.40782644059532,-0.0456454332809373
-182.595066925293,1.40803646325269,-0.0456478100084701
-182.57842899544,1.40824731610532,-0.0456501922961683
-182.56179107453,1.40845899792885,-0.0456525797819886
-182.545153163035,1.40867150756237,-0.0456549721915831
-182.528515261147,1.40888484390978,-0.0456573693008558
-182.51187736869,1.40909900593501,-0.0456597708485378
-182.49523948525,1.40931399266012,-0.0456621765169935
-182.478601610434,1.40952980315813,-0.0456645859765872
-182.461963744115,1.40974643654911,-0.0456669989331075
-182.445325886479,1.40996389199434,-0.0456694151203617
-182.428688037865,1.41018216868915,-0.0456718342401585
-182.412050198463,1.41040126586912,-0.0456742560075714
-182.395412368166,1.41062118281182,-0.0456766801795669
-182.378774546586,1.41084191883485,-0.0456791065395284
-182.362136733251,1.41106347328489,-0.0456815347534538
-182.3454989278,1.41128584553667,-0.0456839644385398
-182.328861130126,1.41150903498686,-0.0456863952208909
-182.312223340355,1.41173304105027,-0.0456888268120971
-182.295585558704,1.41195786315777,-0.0456912589968146
-182.278947785255,1.41218350076007,-0.0456936916045136
-182.262310019828,1.41240995332958,-0.0456961245050218
-182.24567226206,1.41263722035794,-0.0456985574717203
-182.229034511593,1.41286530135061,-0.0457009900976307
-182.212396768234,1.41309419582834,-0.0457034218593948
-182.195759032024,1.41332390331612,-0.0457058523215138
-182.179121303217,1.41355442334006,-0.0457082811820273
-182.162483582117,1.41378575542723,-0.0457107082335817
-182.145845868866,1.41401789911227,-0.0457131333537258
-182.129208163363,1.41425085393945,-0.0457155563551309
-182.112570465376,1.41448461945847,-0.045717976924103
-182.09593277475,1.41471919521841,-0.0457203945464566
-182.07929509154,1.41495458076575,-0.0457228087083329
-182.062657416035,1.41519077564032,-0.0457252190648373
-182.046019748671,1.4154277793771,-0.0457276254170503
-182.029382089858,1.41566559150547,-0.0457300275968656
-182.012744439832,1.41590421155403,-0.0457324253093322
-181.996106798583,1.41614363904773,-0.0457348181995429
-181.979469165972,1.41638387350764,-0.0457372060018363
-181.962831541962,1.41662491444545,-0.0457395885187505
-181.946193926798,1.41686676136192,-0.0457419655185436
-181.929556320988,1.41710941374608,-0.0457443366209896
-181.912918725099,1.41735287107667,-0.0457467013561084
-181.896281139527,1.41759713282587,-0.0457490592932404
-181.879643564406,1.41784219845857,-0.0457514100914363
-181.863005999649,1.41808806743227,-0.0457537535351889
-181.846368445131,1.41833473919282,-0.0457560894935292
-181.829730900879,1.4185822131714,-0.0457584178342853
-181.813093367179,1.41883048878238,-0.0457607383452889
-181.796455844477,1.41907956542315,-0.0457630508095447
-181.779818333197,1.41932944247756,-0.0457653550552798
-181.76318083357,1.41958011931987,-0.0457676509462746
-181.746543345602,1.41983159531591,-0.045769938235396
-181.729905869137,1.42008386982091,-0.0457722165634892
-181.713268404014,1.42033694217649,-0.0457744855464022
-181.696630950202,1.42059081170782,-0.0457767448632575
-181.679993507856,1.42084547772487,-0.0457789943453433
-181.66335607724,1.42110093952105,-0.0457812339468967
-181.646718658577,1.42135719637801,-0.0457834636825463
-181.630081251927,1.42161424756286,-0.0457856834439268
-181.613443857129,1.42187209233176,-0.0457878929864029
-181.596806473902,1.42213072992831,-0.0457900919801376
-181.580169101995,1.42239015958356,-0.0457922801735919
-181.563531741342,1.42265038051144,-0.045794457350215
-181.54689439206,1.42291139190829,-0.0457966232982494
-181.530257054335,1.42317319295686,-0.0457987778276088
-181.513619728251,1.42343578283125,-0.0458009207712703
-181.496982413685,1.42369916069548,-0.0458030520179768
-181.480345110334,1.42396332570264,-0.0458051714790363
-181.463707817871,1.42422827698918,-0.045807279043494
-181.447070536109,1.42449401367574,-0.0458093745534334
-181.430433265078,1.42476053486786,-0.0458114578039139
-181.413796004948,1.42502783965812,-0.0458135285864546
-181.39715875589,1.42529592712967,-0.0458155866952215
-181.380521517932,1.42556479635817,-0.0458176319783347
-181.363884290927,1.42583444641163,-0.045819664386744
-181.347247074624,1.42610487634458,-0.0458216839246126
-181.330609868809,1.42637608519829,-0.0458236905647276
-181.313972673444,1.42664807200165,-0.0458256841104837
-181.297335488659,1.42692083577308,-0.0458276643929556
-181.280698314702,1.4271943755179,-0.0458296312582783
-181.2640611518,1.42746869022993,-0.0458315846029524
-181.24742400004,1.42774377889827,-0.0458335242769145
-181.230786859339,1.42801964050817,-0.0458354501148433
-181.214149729527,1.42829627403817,-0.0458373619964031
-181.197512610532,1.42857367845519,-0.0458392597632252
-181.180875502443,1.4288518527161,-0.0458411432943624
-181.164238405518,1.429130795769,-0.0458430124534201
-181.147601320066,1.42941050655556,-0.0458448671584003
-181.130964246331,1.42969098401183,-0.045846707325278
-181.114327184393,1.42997222707278,-0.0458485328749184
-181.097690134207,1.43025423467075,-0.0458503437118383
-181.081053095681,1.43053700573213,-0.0458521397747399
-181.06441606882,1.43082053917339,-0.0458539210370764
-181.047779053799,1.43110483390227,-0.0458556873903939
-181.031142050914,1.4313898888226,-0.0458574386647115
-181.014505060453,1.43167570283833,-0.0458591746858279
-180.997868082577,1.43196227485431,-0.0458608953647655
-180.981231117284,1.43224960377316,-0.0458626006647466
-180.964594164471,1.43253768849444,-0.0458642905549269
-180.947957224141,1.43282652763392,-0.0458659834939399
-180.931320296088,1.43311611674231,-0.0458676927325377
-180.914683380037,1.43340644724442,-0.0458694075549987
-180.898046475596,1.43369750847317,-0.0458711178857471
-180.881409582212,1.43398928894917,-0.0458728172849982
-180.86477269927,1.43428177703836,-0.0458745034692745
-180.848135826188,1.43457496128327,-0.0458761774163098
-180.831498962521,1.43486883056175,-0.0458778418681643
-180.814862108015,1.43516337415636,-0.0458794999961582
-180.798225262609,1.43545858178088,-0.0458811545846
-180.781588426345,1.43575444358349,-0.0458828077717098
-180.764951599273,1.43605095013624,-0.0458844610039136
-180.748314781336,1.43634809242071,-0.045886115140157
-180.731677972327,1.4366458618131,-0.0458877706160307
-180.715041171904,1.43694425006857,-0.0458894277213844
-180.698404379686,1.43724324930061,-0.0458910868095822
-180.681767595373,1.43754285196407,-0.0458927483663642
-180.665130818801,1.43784305083841,-0.0458944129607467
-180.648494049933,1.43814383901249,-0.0458960812015497
-180.631857288757,1.43844520987141,-0.0458977536783237
-180.615220535187,1.43874715708676,-0.0458994309650959
-180.598583789008,1.43904967460728,-0.0459011135862444
-180.581947049915,1.43935275664583,-0.0459028020029448
-180.565310317618,1.43965639766648,-0.0459044965620811
-180.548673591938,1.4399605923736,-0.0459061975634684
-180.532036872832,1.44026533570125,-0.0459079052489298
-180.51540016036,1.44057062280557,-0.0459096197715713
-180.498763454549,1.44087644905934,-0.0459113412514618
-180.482126755333,1.44118281004296,-0.0459130698133373
-180.465490062527,1.44148970153721,-0.0459148056435437
-180.448853375918,1.44179711951196,-0.0459165488565162
-180.432216695342,1.44210506011821,-0.0459182994838717
-180.415580020749,1.44241351968246,-0.0459200574988417
-180.3989433522,1.44272249469911,-0.0459218228748613
-180.382306689813,1.44303198182471,-0.0459235956340598
-180.365670033675,1.44334197787177,-0.0459253757652133
-180.349033383764,1.44365247980414,-0.0459271633000172
-180.332396739955,1.44396348473215,-0.0459289582621299
-180.315760102118,1.44427498990298,-0.0459307606911476
-180.299123470212,1.44458699269364,-0.0459325705224745
-180.282486844315,1.44489949060394,-0.045934387621902
-180.265850224586,1.44521248125503,-0.0459362118080244
-180.249213611182,1.44552596238584,-0.0459380429063317
-180.232577004182,1.44583993184735,-0.0459398807965396
-180.215940403573,1.44615438759657,-0.0459417253695023
-180.199303809283,1.44646932769333,-0.0459435765420581
-180.18266722126,1.44678475029347,-0.0459454341607989
-180.1660306395,1.44710065364406,-0.0459472980656743
-180.149394064095,1.44741703607783,-0.0459491680797637
-180.132757495186,1.44773389601146,-0.045951044076821
-180.116120932927,1.44805123193915,-0.0459529259087122
-180.099484377399,1.44836904243026,-0.0459548133584848
-180.082847828592,1.44868732612847,-0.0459567061474999
-180.066211286409,1.44900608174869,-0.0459586039705046
-180.049574750756,1.44932530807126,-0.0459605066090967
-180.032938221612,1.44964500393431,-0.0459624138941265
-180.01630169907,1.44996516823001,-0.0459643257080824
-179.99966518328,1.45028579990496,-0.0459662419246727
-179.983028674351,1.4506068979578,-0.0459681624330242
-179.966392172285,1.4509284614356,-0.0459700870334893
-179.949755676989,1.45125048942998,-0.0459720154883803
-179.933119188355,1.45157298107446,-0.0459739474477399
-179.916482706301,1.45189593554267,-0.0459758826199466
-179.899846230821,1.45221935204291,-0.0459778207154807
-179.883209761949,1.45254322981533,-0.0459797616019574
-179.866573299794,1.45286756812833,-0.0459817050872971
-179.849936844433,1.45319236627686,-0.0459836509309858
-179.833300395869,1.45351762358643,-0.045985598843129
-179.81666395399,1.45384333941174,-0.0459875485044573
-179.80002751864,1.45416951313189,-0.0459894996373392
-179.783391089718,1.45449614414309,-0.0459914519838455
-179.76675466724,1.45482323185571,-0.0459934053414548
-179.750118251317,1.45515077569529,-0.0459953595004296
-179.733481842068,1.45547877510202,-0.0459973141929211
-179.716845439521,1.45580722953026,-0.0459992691384716
-179.700209043607,1.45613613844639,-0.0460012240358282
-179.683572654205,1.45646550132633,-0.0460031785842798
-179.666936271217,1.45679531765409,-0.0460051325247577
-179.650299894633,1.45712558692022,-0.0460070856338989
-179.633663524526,1.45745630861932,-0.0460090377442703
-179.617027161016,1.45778748224558,-0.0460109886530404
-179.600390804195,1.45811910729341,-0.04601293809881
-179.5837544541,1.4584511832629,-0.0460148857584001
-179.567118110711,1.45878370965917,-0.0460168312303954
-179.550481773958,1.45911668598675,-0.0460187742188311
-179.533845443799,1.45945011174468,-0.0460207145010228
-179.517209120257,1.45978398642558,-0.0460226519455603
-179.500572803472,1.4601183095162,-0.0460245863421516
-179.483936493591,1.46045308049961,-0.0460265174473759
-179.467300190705,1.46078829885545,-0.0460284449948087
-179.450663894801,1.46112396405962,-0.0460303688012693
-179.434027605815,1.46146007558495,-0.0460322888089195
-179.417391323696,1.46179663289814,-0.0460342050363741
-179.400755048478,1.46213363545622,-0.0460361174815663
-179.384118780286,1.46247108270193,-0.0460380260141505
-179.367482519288,1.46280897406403,-0.0460399303965471
-179.350846265619,1.4631473089615,-0.0460418303594551
-179.334210019332,1.46348608680389,-0.0460437256400722
-179.317573780398,1.46382530699044,-0.0460456160025816
-179.30093754874,1.46416496890866,-0.0460475013444492
-179.284301324313,1.46450507193491,-0.0460493815807705
-179.267665107157,1.46484561543131,-0.0460512565911121
-179.251028897394,1.46518659874759,-0.046053126150121
-179.234392695179,1.46552802122437,-0.046054989877343
-179.217756500603,1.46586988219939,-0.0460568473996963
-179.201120313647,1.46621218100504,-0.0460586984150656
-179.184484134214,1.46655491696083,-0.0460605427912174
-179.167847962191,1.46689808936888,-0.0460623805168934
-179.151211797531,1.46724169751239,-0.0460642116356841
-179.134575640265,1.46758574065994,-0.0460660361555408
-179.117939490511,1.46793021806863,-0.046067853871747
-179.101303348376,1.46827512898378,-0.0460696644852233
-179.084667213931,1.46862047263994,-0.0460714675807987
-179.068031087152,1.46896624826349,-0.0460732627733374
-179.051394967952,1.46931245507222,-0.046075049666646
-179.034758856202,1.46965909227282,-0.0460768279722365
-179.018122751805,1.47000615905906,-0.0460785974952257
-179.00148665473,1.47035365461111,-0.0460803581714436
-178.984850565017,1.47070157809699,-0.0460821100466697
-178.968214482721,1.4710499286721,-0.0460838531609658
-178.951578407874,1.47139870547614,-0.0460855874588954
-178.934942340463,1.4717479076361,-0.0460873126760134
-178.91830628043,1.47209753427194,-0.0460890284780861
-178.90167022771,1.47244758449998,-0.0460907345193963
-178.885034182268,1.47279805742725,-0.0460924305335875
-178.868398144092,1.47314895214901,-0.0460941163746756
-178.851762113203,1.47350026774849,-0.0460957919427328
-178.835126089606,1.4738520032984,-0.0460974571753355
-178.818490073295,1.47420415786261,-0.0460991119835709
-178.801854064205,1.47455673050126,-0.0461007563802915
-178.785218062271,1.47490972026582,-0.0461023903792229
-178.768582067458,1.47526312619191,-0.04610401396429
-178.751946079787,1.47561694730281,-0.0461056270651986
-178.735310099321,1.47597118261769,-0.0461072295371175
-178.718674126112,1.4763258311539,-0.0461088212502716
-178.702038160187,1.47668089192319,-0.0461104021111867
-178.685402201534,1.47703636392759,-0.046111972012775
-178.668766250106,1.4773922461625,-0.046113530831351
-178.652130305861,1.47774853761875,-0.0461150783861124
-178.635494368777,1.47810523728342,-0.0461166144837028
-178.618858438876,1.47846234414,-0.0461181390067396
-178.602222516202,1.47881985716612,-0.0461196518923035
-178.58558660081,1.47917777533182,-0.0461211531504084
-178.568950692749,1.47953609759966,-0.0461226426893249
-178.552314792007,1.47989482293027,-0.0461241204378229
-178.53567889854,1.4802539502852,-0.0461255862872607
-178.51904301228,1.48061347862524,-0.0461270402070755
-178.502407133212,1.48097340690543,-0.0461284821455731
-178.485771261378,1.48133373407545,-0.0461299120520763
-178.469135396867,1.48169445908339,-0.0461313298011843
-178.452499539878,1.48205558063495,-0.0461327509356316
-178.435863690309,1.48241709484434,-0.0461341865717472
-178.4192278477,1.48277899434418,-0.0461356275790644
-178.402592011453,1.48314126999523,-0.0461370655274886
-178.38595618102,1.48350391196436,-0.046138495193729
-178.369320356023,1.48386691027992,-0.0461399148343161
-178.352684536255,1.48423025511653,-0.0461413253687767
-178.336048721637,1.4845939369365,-0.0461427290543117
-178.319412912108,1.48495794654955,-0.0461441284952467
-178.302777107584,1.48532227513167,-0.0461455259083748
-178.286141307907,1.48568691422716,-0.0461469229202391
-178.269505512894,1.48605185574218,-0.046148320541166
-178.252869722358,1.48641709193166,-0.0461497193704511
-178.236233936164,1.48678261538243,-0.0461511197164903
-178.219598154183,1.48714841899976,-0.0461525219084115
-178.202962376288,1.48751449599351,-0.0461539263951903
-178.186326602337,1.48788083986081,-0.0461553337867802
-178.169690832185,1.48824744436971,-0.0461567446597469
-178.153055065687,1.48861430355138,-0.0461581594617666
-178.136419302701,1.48898141169645,-0.0461595784874427
-178.119783543093,1.48934876334427,-0.0461610020166575
-178.10314778676,1.4897163532645,-0.0461624303273455
-178.086512033626,1.49008417644153,-0.0461638637335247
-178.069876283618,1.49045222807294,-0.0461653024868812
-178.053240536632,1.4908205035677,-0.046166746823972
-178.036604792523,1.49118899853547,-0.0461681969803226
-178.019969051138,1.49155770877282,-0.046169653238276
-178.003333312357,1.49192663025484,-0.0461711158484032
-177.986697576105,1.49229575913168,-0.0461725850023793
-177.970061842343,1.49266509172173,-0.0461740608468067
-177.953426111041,1.49303462450391,-0.0461755434660139
-177.936790382156,1.49340435411473,-0.0461770329130447
-177.920154655613,1.4937742773449,-0.0461785291932272
-177.903518931313,1.49414439113107,-0.0461800323338056
-177.88688320916,1.49451469254634,-0.0461815423944237
-177.870247489075,1.49488517879339,-0.0461830594572399
-177.853611771031,1.49525584720127,-0.0461845835066586
-177.83697605502,1.49562669522264,-0.046186114500574
-177.820340341039,1.49599772042747,-0.0461876523662078
-177.803704629056,1.49636892049817,-0.0461891970602942
-177.787068919009,1.49674029322657,-0.0461907485506025
-177.770433210832,1.49711183650845,-0.0461923067643614
-177.753797504464,1.49748354833831,-0.0461938716067525
-177.737161799883,1.49785542680472,-0.0461954429204578
-177.720526097089,1.4982274700877,-0.0461970205410166
-177.703890396107,1.49859967645509,-0.0461986042882696
-177.687254696951,1.49897204425794,-0.0462001940158531
-177.67061899962,1.49934457192472,-0.0462017895606723
-177.653983304079,1.49971725795916,-0.0462033907693462
-177.637347610262,1.50009010093992,-0.0462049974767745
-177.620711918108,1.50046309951671,-0.0462066095708951
-177.604076227582,1.50083625240227,-0.0462082269533469
-177.587440538706,1.50120955836483,-0.0462098495537991
-177.570804851521,1.50158301622974,-0.0462114772778833
-177.554169166066,1.50195662487931,-0.0462131099363752
-177.537533482338,1.50233038325081,-0.0462147473068396
-177.520897800305,1.50270429033158,-0.0462163890606579
-177.504262119918,1.50307834515664,-0.0462180348765709
-177.487626441128,1.50345254680738,-0.0462196844447803
-177.470990763924,1.50382689440539,-0.0462213375129148
-177.454355088312,1.5042013871113,-0.0462229939011418
-177.437719414336,1.50457602412161,-0.0462246533886512
-177.421083742012,1.50495080466715,-0.0462263157637748
-177.404448071315,1.50532572801171,-0.0462279808028296
-177.387812402175,1.50570079344897,-0.0462296483650779
-177.371176734534,1.50607600029843,-0.0462313182872987
-177.35454106837,1.5064513479029,-0.0462329903765928
-177.337905403704,1.50682683562926,-0.0462346643996629
-177.321269740565,1.50720246286799,-0.0462363401280869
-177.30463407896,1.507578229031,-0.0462380173647874
-177.28799841887,1.5079541335469,-0.0462396958906315
-177.271362760254,1.50833017586085,-0.0462413755003088
-177.254727103073,1.50870635543469,-0.0462430559731957
-177.2380914473,1.50908267174378,-0.0462447370958425
-177.221455792914,1.50945912427302,-0.0462464187030848
-177.204820139932,1.50983571251438,-0.0462481005761808
-177.188184488371,1.51021243596835,-0.0462497824757861
-177.171548838242,1.51058929414501,-0.0462514640907364
-177.154913189519,1.51096628656395,-0.0462531451392623
-177.138277542162,1.51134341275149,-0.0462548253815208
-177.121641896115,1.51172067223742,-0.04625650465877
-177.105006251361,1.51209806455258,-0.0462581828358649
-177.088370607911,1.51247558922816,-0.0462598597344904
-177.071734965794,1.51285324579782,-0.0462615351796559
-177.055099325017,1.51323103379719,-0.0462632089973385
-177.038463685576,1.51360895275913,-0.0462648810166789
-177.021828047446,1.51398700221277,-0.0462665510535328
-177.005192410622,1.51436518168479,-0.0462682188603859
-176.988556775096,1.51474349070003,-0.0462698841504497
-176.971921140857,1.51512192878221,-0.0462715466704772
-176.955285507903,1.51550049545203,-0.0462732061901705
-176.938649876231,1.51587919022539,-0.0462748625505354
-176.92201424585,1.51625801261114,-0.0462765156212354
-176.905378616759,1.51663696211105,-0.0462781652956644
-176.888742988963,1.51701603821902,-0.0462798113790771
-176.872107362446,1.51739524042298,-0.0462814536726373
-176.855471737187,1.51777456820638,-0.0462830919892359
-176.838836113164,1.51815402104653,-0.0462847262101947
-176.822200490395,1.51853359841164,-0.0462863562004351
-176.805564868911,1.51891329975511,-0.0462879817501155
-176.788929248734,1.51929312452147,-0.0462896026298864
-176.772293629867,1.51967307215097,-0.0462912185390748
-176.755658012286,1.52005314207893,-0.0462928292232066
-176.739022395961,1.52043333373098,-0.0462944344982495
-176.722386780861,1.52081364652038,-0.0462960342681518
-176.705751166994,1.52119407985088,-0.0462976284237181
-176.689115554358,1.521574633118,-0.046299216838473
-176.672479942946,1.52195530570894,-0.0463007994383681
-176.655844332747,1.5223360969992,-0.0463023761460304
-176.639208723767,1.52271700635087,-0.0463039468478133
-176.622573116003,1.52309803311721,-0.046305511352202
-176.605937509436,1.52347917664603,-0.0463070694399073
-176.589301904033,1.5238604362773,-0.0463086208919033
-176.572666299749,1.52424181134085,-0.0463101655738013
-176.556030696565,1.52462330115465,-0.0463117033765487
-176.539395094479,1.52500490502687,-0.0463132342689428
-176.522759493506,1.52538662225683,-0.046314758201858
-176.506123893636,1.52576845213566,-0.0463162751727849
-176.489488294846,1.52615039394353,-0.0463177850918524
-176.472852697095,1.52653244694997,-0.0463192878543856
-176.456217100359,1.52691461041735,-0.046320783273323
-176.43958150462,1.52729688360125,-0.046322271180985
-176.422945909875,1.52767926574917,-0.0463237514691273
-176.406310316125,1.52806175609862,-0.0463252240734302
-176.389674723352,1.52844435387758,-0.0463266889459647
-176.373039131539,1.52882705830559,-0.046328145994752
-176.356403540648,1.52920986859684,-0.0463295951136143
-176.339767950635,1.52959278396123,-0.0463310361617963
-176.323132361449,1.52997580360101,-0.0463324690023332
-176.306496773053,1.53035892670906,-0.0463338935620583
-176.289861185453,1.53074215247042,-0.0463353098173975
-176.273225598665,1.53112548006394,-0.0463367177293305
-176.256590012714,1.53150890866162,-0.0463381172343242
-176.239954427584,1.53189243742913,-0.0463395082399459
-176.22331884324,1.53227606552667,-0.0463408906860746
-176.206683259631,1.53265979210991,-0.046342264476829
-176.19004767673,1.53304361632971,-0.0463436295164579
-176.173412094528,1.53342753733461,-0.0463449856846433
-176.156776513034,1.53381155426927,-0.0463463328663706
-176.140140932235,1.53419566627322,-0.0463476709285551
-176.123505352102,1.53457987248093,-0.0463489997413752
-176.106869772598,1.53496417202414,-0.0463503192062381
-176.090234193691,1.53534856403201,-0.0463516292612019
-176.073598615381,1.53573304762921,-0.0463529298881532
-176.056963037681,1.53611762193735,-0.0463542210536074
-176.040327460608,1.53650228607413,-0.046355502686945
-176.023691884146,1.53688703915707,-0.0463567746940715
-176.00705630826,1.53727188030289,-0.0463580369929681
-175.990420732912,1.53765680862929,-0.0463592895368635
-175.973785158078,1.53804182324974,-0.0463605322812133
-175.957149583614,1.5384269230919,-0.0463617562522747
-175.940514009326,1.53881210512054,-0.0463629551259504
-175.923878435132,1.53919736366481,-0.0463641341763295
-175.907242860946,1.5395826917124,-0.0463652983699982
-175.890607286706,1.53996808172478,-0.046366450809127
-175.873971712329,1.54035352606485,-0.0463675925901749
-175.857336137698,1.54073901720682,-0.0463687231989643
-175.840700562645,1.54112454783929,-0.0463698413564059
-175.824064987003,1.54151011091007,-0.0463709455210616
-175.807429410605,1.54189569964689,-0.0463720343704998
-175.790793833323,1.5422813075593,-0.0463731067882735
-175.774158255021,1.542666928434,-0.0463741620107885
-175.757522675553,1.54305255632477,-0.0463751994595416
-175.74088709474,1.54343818553921,-0.0463762188201669
-175.724251512404,1.5438238106263,-0.0463772199462777
-175.707615928421,1.54420942635831,-0.046378202731976
-175.690980342693,1.54459502772402,-0.0463791670754452
-175.674344755171,1.54498060991665,-0.0463801126190534
-175.657709165759,1.54536616833179,-0.0463810390242568
-175.641073574385,1.54575169856026,-0.0463819457935131
-175.624437980946,1.54613719637971,-0.0463828325283335
-175.607802385344,1.54652265774457,-0.0463836988661775
-175.591166787457,1.54690807877506,-0.046384544559995
-175.574531187179,1.54729345575285,-0.0463853693862449
-175.557895584401,1.54767878511642,-0.0463861731662041
-175.541259979023,1.54806406345693,-0.0463869558610842
-175.524624370956,1.54844928750943,-0.0463877175581378
-175.507988760149,1.54883445414184,-0.046388458416655
-175.491353146574,1.54921956034822,-0.0463891784313932
-175.474717530209,1.54960460324958,-0.0463898774839625
-175.458081911011,1.54998958009809,-0.0463905552879223
-175.441446288913,1.55037448827064,-0.0463912115752451
-175.424810663818,1.55075932526008,-0.0463918462214976
-175.40817503566,1.55114408866494,-0.0463924592012215
-175.391539404383,1.55152877618571,-0.0463930505954736
-175.374903769978,1.55191338562188,-0.0463936204063189
-175.358268132385,1.5522979148711,-0.0463941686748779
-175.341632491534,1.55268236192714,-0.0463946954088566
-175.324996847333,1.55306672487612,-0.0463952007074992
-175.308361199741,1.5534510018914,-0.0463956847185889
-175.291725548764,1.5538351912234,-0.0463961475413169
-175.275089894412,1.55421929119943,-0.0463965892929651
-175.258454236679,1.55460330022521,-0.0463970100014942
-175.241818575523,1.55498721678333,-0.0463974097246597
-175.225182910879,1.55537103942336,-0.0463977885062148
-175.208547242682,1.5557547667594,-0.0463981464855386
-175.191911570897,1.55613839747194,-0.0463984837778746
-175.175275895517,1.55652193030564,-0.0463988005093907
-175.158640216534,1.55690536406198,-0.0463990967487296
-175.142004533934,1.55728869759683,-0.0463993726192111
-175.125368847694,1.55767192982185,-0.0463996282586331
-175.108733157785,1.55805505969983,-0.0463998638521598
-175.092097464179,1.55843808623682,-0.046400079600772
-175.075461766847,1.55882100848018,-0.0464002757075931
-175.058826065781,1.55920382552109,-0.0464004523278451
-175.042190360957,1.55958653649705,-0.0464006096226928
-175.02555465236,1.5599691405847,-0.0464007477296926
-175.008918939961,1.5603516369938,-0.0464008668363167
-174.992283223772,1.56073402496672,-0.0464009670526085
-174.975647503785,1.56111630378178,-0.0464010484887988
-174.959011779972,1.56149847275418,-0.0464011113063429
-174.942376052281,1.56188053122752,-0.0464011557656323
-174.925740320664,1.56226247856609,-0.0464011822079073
-174.909104585107,1.5626443141552,-0.0464011909885267
-174.892468845632,1.56302603740311,-0.0464011823410659
-174.875833102252,1.56340764774265,-0.0464011564976128
-174.85919735498,1.56378914463154,-0.0464011135504407
-174.842561603793,1.56417052754889,-0.0464010536350605
-174.825925848653,1.56455179598956,-0.0464009768618431
-174.809290089514,1.56493294946218,-0.046400883450491
-174.792654326354,1.56531398749075,-0.0464007736107143
-174.776018559167,1.56569490961357,-0.0464006475649902
-174.759382787948,1.56607571538037,-0.0464005055335727
-174.742747012683,1.56645640435263,-0.0464003477967088
-174.726111233351,1.5668369761028,-0.0464001746225878
-174.709475449926,1.56721743021139,-0.046399986303792
-174.692839662416,1.56759776626168,-0.0463997830275808
-174.676203870827,1.56797798384205,-0.0463995649426703
-174.65956807518,1.56835808255106,-0.0463993321157877
-174.642932275465,1.5687380619958,-0.0463990846404396
-174.626296471651,1.56911792178735,-0.0463988226905613
-174.6096606637,1.56949766153654,-0.0463985465246144
-174.593024851582,1.56987728085779,-0.0463982563870955
-174.576389035294,1.57025677936834,-0.0463979524868281
-174.559753214829,1.57063615668663,-0.0463976350217875
-174.543117390176,1.57101541243024,-0.0463973042239256
-174.526481561309,1.57139454621674,-0.0463969603695991
-174.509845728222,1.57177355766267,-0.0463966037266814
-174.493209890918,1.57215244638232,-0.0463962345579678
-174.476574049414,1.57253121198594,-0.0463958530357918
-174.459938203705,1.57290985408213,-0.0463954593035043
-174.443302353765,1.57328837228156,-0.0463950535092216
-174.426666499559,1.57366676619467,-0.0463946359138696
-174.410030641066,1.57404503542497,-0.0463942067895247
-174.39339477828,1.5744231795682,-0.0463937664469561
-174.37675891121,1.57480119821557,-0.0463933151268263
-174.360123039849,1.57517909095519,-0.0463928530875079
-174.343487164195,1.57555685736798,-0.0463923805520941
-174.326851284237,1.57593449702644,-0.0463918977405976
-174.310215399972,1.57631200949832,-0.0463914048513696
-174.293579511393,1.57668939435028,-0.0463909020273905
-174.276943618486,1.57706665114353,-0.0463903894039934
-174.260307721236,1.57744377943149,-0.0463898671006977
-174.243671819626,1.57782077876107,-0.0463893352969978
-174.227035913653,1.57819764867551,-0.0463887941440955
-174.210400003297,1.57857438871283,-0.0463882438467219
-174.193764088541,1.57895099840358,-0.0463876846154446
-174.177128169358,1.57932747727066,-0.0463871166858329
-174.160492245734,1.57970382483038,-0.046386540291974
-174.143856317668,1.58008004059099,-0.046385955675067
-174.127220385168,1.58045612405198,-0.0463853630606001
-174.110584448237,1.58083207470349,-0.0463847625935307
-174.093948506861,1.58120789203103,-0.0463841544123259
-174.077312561015,1.58158357551668,-0.0463835386104491
-174.060676610661,1.58195912463722,-0.0463829153605432
-174.044040655774,1.58233453886129,-0.0463822848379848
-174.027404696349,1.58270981764994,-0.0463816472552851
-174.010768732381,1.58308496045922,-0.0463810028121332
-173.99413276386,1.58345996673786,-0.0463803516908484
-173.977496790763,1.58383483592797,-0.046379694080971
-173.960860813083,1.58420956746476,-0.046379030124173
-173.944224830823,1.58458416077767,-0.0463783599759491
-173.927588843984,1.58495861529025,-0.0463776837486364
-173.910952852554,1.58533293042049,-0.0463770016094161
-173.894316856497,1.58570710558165,-0.0463763137238311
-173.877680855771,1.58608114018037,-0.0463756202927624
-173.861044850341,1.58645503361875,-0.0463749215474947
-173.844408840197,1.58682878529424,-0.0463742177051993
-173.827772825338,1.58720239459858,-0.0463735089906772
-173.811136805756,1.58757586091668,-0.0463727955731538
-173.794500781448,1.58794918362861,-0.0463720776104891
-173.777864752407,1.58832236211304,-0.0463713552486155
-173.761228718627,1.58869539574498,-0.0463706286445607
-173.744592680096,1.58906828389378,-0.046369897950645
-173.727956636801,1.58944102592207,-0.0463691632753353
-173.711320588721,1.5898136211888,-0.0463684247256005
-173.694684535842,1.59018606905038,-0.0463676823875599
-173.678048478139,1.59055836886183,-0.0463669363871158
-173.661412415594,1.59093051997621,-0.0463661868684195
-173.644776348185,1.59130252174408,-0.0463654339937709
-173.628140275904,1.59167437351227,-0.0463646779184159
-173.611504198739,1.59204607462491,-0.0463639188432941
-173.594868116685,1.59241762442408,-0.0463631569746157
-173.578232029725,1.59278902224847,-0.0463623925412764
-173.561595937836,1.59316026743503,-0.0463616257481379
-173.544959841015,1.5935313593185,-0.046360856720098
-173.528323739257,1.59390229723282,-0.046360085528152
-173.511687632569,1.5942730805102,-0.0463593121811746
-173.495051520942,1.59464370848211,-0.0463585367030814
-173.478415404358,1.5950141804807,-0.0463577591350156
-173.46177928271,1.59538449571997,-0.0463569716836783
-173.445143155889,1.59575465211268,-0.0463561688336831
-173.42850702385,1.59612464582196,-0.0463553553430901
-173.411870886582,1.59649447211867,-0.0463545356562086
-173.3952347441,1.59686412592802,-0.0463537126554015
-173.378598596429,1.59723360211191,-0.0463528873951133
-173.361962443536,1.59760289560934,-0.0463520596160481
-173.345326285354,1.59797200150265,-0.0463512283362028
-173.328690121783,1.5983409150445,-0.0463503923231379
-173.312053952714,1.59870963167225,-0.0463495504798665
-173.295417778037,1.59907814701152,-0.046348701935504
-173.27878159765,1.59944645687083,-0.046347846131441
-173.262145411446,1.59981455723336,-0.046346982761151
-173.245509219332,1.60018244424755,-0.0463461116792523
-173.228873021219,1.60055011422175,-0.0463452328591979
-173.212236817042,1.60091756361853,-0.0463443462337749
-173.195600606729,1.60128478904788,-0.0463434518003954
-173.178964390234,1.60165178725538,-0.0463425494684986
-173.1623281675,1.60201855511462,-0.0463416391238086
-173.145691938482,1.60238508962672,-0.0463407205791272
-173.129055703113,1.60275138791841,-0.0463397936568784
-173.112419461331,1.6031174472365,-0.0463388582520735
-173.095783213072,1.60348326494056,-0.0463379143039639
-173.079146958275,1.60384883849685,-0.0463369618114312
-173.062510696893,1.60421416547363,-0.0463360007791953
-173.045874428882,1.60457924353958,-0.046335031252253
-173.029238154218,1.60494407046079,-0.0463340532568217
-173.012601872849,1.6053086440958,-0.0463330668420071
-172.99596558473,1.60567296238974,-0.046332072075721
-172.979329289803,1.60603702337248,-0.0463310690612409
-172.96269298806,1.60640082515646,-0.0463300578647887
-172.946056679477,1.60676436593443,-0.0463290385773084
-172.92942036405,1.60712764397439,-0.0463280112696548
-172.912784041734,1.60749065761608,-0.046326976049222
-172.896147712502,1.6078534052705,-0.0463259329857914
-172.879511376302,1.60821588542023,-0.0463248821456715
-172.862875033088,1.60857809661398,-0.0463238236142609
-172.846238682828,1.60894003746137,-0.0463227575209551
-172.829602325497,1.60930170662871,-0.0463216840548944
-172.812965961111,1.60966310284015,-0.0463206034032742
-172.796329589659,1.61002422487725,-0.0463195156863624
-172.77969321115,1.61038507157523,-0.0463184209953307
-172.763056825549,1.61074564182096,-0.0463173193948871
-172.746420432818,1.61110593455019,-0.0463162109771367
-172.729784032915,1.61146594874552,-0.0463150958506721
-172.713147625825,1.6118256834342,-0.0463139741638262
-172.696511211543,1.61218513768647,-0.0463128460727606
-172.679874790044,1.61254431061522,-0.046311711740581
-172.663238361301,1.61290320137346,-0.046310571313578
-172.646601925282,1.61326180915165,-0.046309424930554
-172.629965481995,1.61362013317432,-0.0463082727462386
-172.613329031456,1.61397817269792,-0.0463071149248967
-172.596692573685,1.61433592701144,-0.0463059516469598
-172.580056108668,1.61469339543672,-0.0463047830737335
-172.563419636351,1.61505057732577,-0.0463036093882826
-172.546783156683,1.61540747205881,-0.0463024308109258
-172.530146669646,1.61576407904196,-0.0463012475666406
-172.513510175254,1.61612039770616,-0.0463000598943462
-172.496873673527,1.61647642750467,-0.0462988679373919
-172.480237164459,1.61683216791303,-0.0462976718338029
-172.463600648036,1.61718761842986,-0.0462964716416427
-172.446964124223,1.61754277857841,-0.046295267516457
-172.430327592986,1.61789764790331,-0.04629405974498
-172.41369105429,1.6182522259657,-0.0462928487190568
-172.397054508121,1.61860651234073,-0.0462916348745196
-172.380417954484,1.61896050660903,-0.0462904185368883
-172.363781393386,1.61931420835849,-0.046289200073154
-172.347144824846,1.61966761719266,-0.0462879796716657
-172.330508248874,1.62002073273369,-0.0462867574888076
-172.313871665477,1.62037355462053,-0.0462855335344165
-172.29723507465,1.62072608250245,-0.0462843078328167
-172.28059847639,1.62107831603905,-0.0462830803039699
-172.263961870653,1.62143025490141,-0.04628185100147
-172.247325257396,1.62178189876979,-0.0462806200113246
-172.230688636592,1.62213324732836,-0.0462793875419769
-172.214052008261,1.62248430026537,-0.0462781537868814
-172.197415372423,1.62283505727278,-0.0462769189097443
-172.180778729063,1.62318551805129,-0.046275683099863
-172.164142078155,1.62353568230741,-0.04627444653895
-172.147505419661,1.6238855497524,-0.046273209548538
-172.130868753602,1.62423512009579,-0.0462719723082065
-172.114232079989,1.62458439304714,-0.0462707349275008
-172.097595398834,1.62493336832258,-0.0462694973836277
-172.080958710125,1.62528204564415,-0.0462682596290695
-172.064322013839,1.62563042473694,-0.0462670216929725
-172.047685309952,1.62597850532624,-0.046265783697047
-172.031048598449,1.62632628713534,-0.0462645458711312
-172.014411879333,1.62667376988225,-0.0462633083990254
-171.997775152606,1.62702095328662,-0.0462620714706597
-171.981138418274,1.6273678370721,-0.0462608352007139
-171.964501676317,1.62771442096325,-0.0462595997805082
-171.947864926716,1.62806070467838,-0.0462583654150378
-171.931228169465,1.62840668792905,-0.0462571322591635
-171.914591404593,1.62875237042661,-0.0462559003361914
-171.897954632116,1.62909775188473,-0.046254669658504
-171.881317852019,1.62944283201882,-0.0462534402932106
-171.864681064261,1.62978761054115,-0.0462522123980697
-171.848044268808,1.63013208715955,-0.0462509861770179
-171.831407465657,1.63047626157852,-0.046249761902147
-171.814770654834,1.63082013349763,-0.0462485397617225
-171.79813383636,1.63116370261389,-0.046247319930719
-171.781497010232,1.63150696861972,-0.046246102525241
-171.764860176424,1.63184993120306,-0.046244887698921
-171.74822333493,1.6321925900478,-0.0462436755440781
-171.731586485752,1.63253494483661,-0.0462424660832878
-171.714949628898,1.63287699525,-0.0462412592925279
-171.698312764343,1.63321874096601,-0.0462400552893904
-171.681675892069,1.63356018165605,-0.0462388542377857
-171.665039012063,1.63390131698693,-0.0462376562969149
-171.648402124328,1.63424214662309,-0.046236461602642
-171.631765228869,1.63458267022538,-0.0462352702289574
-171.615128325698,1.63492288745108,-0.0462340822662527
-171.598491414817,1.63526279795281,-0.046232897789937
-171.581854496204,1.63560240137673,-0.0462317169512865
-171.565217569822,1.63594169736551,-0.0462305399056587
-171.548580635673,1.63628068555814,-0.0462293667293379
-171.531943693766,1.63661936559191,-0.0462281974379568
-171.515306744105,1.63695773710073,-0.0462270320547038
-171.498669786668,1.63729579971418,-0.0462258707138907
-171.48203282144,1.63763355305676,-0.0462247136085231
-171.465395848422,1.63797099675036,-0.0462235608661565
-171.448758867625,1.63830813041431,-0.0462224125722089
-171.432121879049,1.63864495366448,-0.0462212687654896
-171.415484882679,1.6389814661094,-0.0462201295445518
-171.398847878507,1.63931766735356,-0.0462189950101534
-171.382210866526,1.63965355700107,-0.0462178652581535
-171.365573846726,1.63998913465536,-0.0462167404232169
-171.348936819078,1.64032439991763,-0.046215620693774
-171.332299783583,1.64065935238406,-0.046214506197367
-171.315662740235,1.64099399164649,-0.0462133970769531
-171.299025689053,1.64132831729231,-0.0462122933491206
-171.282388630035,1.64166232890574,-0.0462111950433903
-171.265751563186,1.64199602607082,-0.0462101021547443
-171.249114488501,1.64232940837126,-0.0462090147564686
-171.232477405956,1.6426624753887,-0.0462079329841501
-171.215840315554,1.64299522669692,-0.0462068569202336
-171.199203217297,1.64332766186934,-0.0462057865751742
-171.182566111199,1.64365978048361,-0.0462047218573566
-171.16592899725,1.64399158211656,-0.0462036627334819
-171.149291875431,1.64432306633917,-0.0462026092438158
-171.13265474572,1.64465423271657,-0.0462015615452687
-171.116017608119,1.6449850808145,-0.0462005197279878
-171.099380462634,1.64531561020198,-0.0461994839025077
-171.082743309264,1.64564582044659,-0.0461984541564017
-171.066106147996,1.64597571111473,-0.0461974306335288
-171.04946897882,1.64630528177113,-0.0461964134304217
-171.032831801729,1.64663453197741,-0.04619540264302
-171.016194616723,1.64696346129381,-0.046194398361857
-170.999557423807,1.64729206927975,-0.0461934006315201
-170.982920222999,1.64762035549694,-0.0461924094050205
-170.966283014249,1.64794831944606,-0.046191420549792
-170.949645797514,1.6482759599437,-0.0461904312573933
-170.933008572778,1.64860327488098,-0.0461894441612942
-170.916371340055,1.6489302616788,-0.0461884616870291
-170.899734099386,1.64925691757322,-0.0461874853649918
-170.88309685083,1.64958323976665,-0.0461865157143291
-170.866459594444,1.64990922550002,-0.0461855523686307
-170.849822330224,1.65023487209177,-0.0461845945626456
-170.833185058117,1.65056017695663,-0.0461836414669713
-170.81654777802,1.65088513761056,-0.0461826924736547
-170.799910489842,1.65120975166608,-0.0461817471904914
-170.783273193521,1.65153401682764,-0.0461808054249619
-170.766635889033,1.65185793089266,-0.046179867064361
-170.749998576377,1.65218149175008,-0.0461789319820252
-170.733361255533,1.6525046973743,-0.0461780000614005
-170.716723926473,1.65282754581793,-0.04617707114249
-170.700086589157,1.65315003520902,-0.0461761451320591
-170.683449243571,1.65347216375098,-0.046175221939092
-170.666811889701,1.65379392971907,-0.0461743015276858
-170.650174527524,1.6541153314561,-0.0461733838861602
-170.633537157007,1.6544363673665,-0.0461724689660291
-170.616899778117,1.65475703591831,-0.0461715567056825
-170.600262390852,1.65507733564076,-0.0461706469845167
-170.583624995202,1.65539726512088,-0.0461697396952428
-170.56698759115,1.65571682299975,-0.0461688347591239
-170.550350178678,1.6560360079704,-0.0461679320923685
-170.533712757768,1.65635481877781,-0.0461670316229616
-170.517075328408,1.65667325421716,-0.0461661333097751
-170.500437890585,1.65699131313188,-0.046165237095919
-170.483800444283,1.65730899441241,-0.0461643429326001
-170.46716298949,1.65762629699266,-0.0461634508340252
-170.450525526204,1.65794321984861,-0.0461625608079683
-170.43388805443,1.65825976199611,-0.0461616728594999
-170.417250574162,1.65857592249067,-0.0461607869703679
-170.400613085377,1.65889170042525,-0.0461599031688415
-170.383975588049,1.65920709493209,-0.0461590215559465
-170.36733808216,1.65952210517782,-0.0461581422118404
-170.350700567715,1.65983673036022,-0.046157265197669
-170.334063044708,1.66015096970558,-0.0461563905383003
-170.317425513156,1.66046482247298,-0.0461555182234675
-170.300787973073,1.66077828795493,-0.0461546481830702
-170.284150424472,1.66109136547449,-0.046153780336698
-170.267512867348,1.66140405438237,-0.0461529146108568
-170.250875301678,1.66171635405654,-0.0461520509659352
-170.234237727444,1.66202826390186,-0.0461511893742399
-170.217600144622,1.6623397833477,-0.0461503299097053
-170.200962553194,1.66265091184513,-0.0461494727472007
-170.184324953152,1.66296164886557,-0.0461486180753986
-170.167687344511,1.66327199390062,-0.046147766006529
-170.151049727287,1.66358194646344,-0.0461469166047703
-170.134412101479,1.66389150609094,-0.0461460699999107
-170.117774467093,1.66420067233821,-0.0461452262367022
-170.10113682413,1.66450944477473,-0.0461443853529344
-170.084499172574,1.66481782298616,-0.0461435473928862
-170.067861512432,1.66512580657491,-0.0461427123543686
-170.051223843702,1.66543339516206,-0.046141880244531
-170.034586166398,1.66574058838319,-0.0461410510360124
-170.017948480515,1.66604738588753,-0.0461402247539189
-170.00131078604,1.66635378733846,-0.0461394014662947
-169.984673082959,1.66665979241381,-0.0461385812431507
-169.968035371273,1.66696540080307,-0.0461377641493429
-169.951397650991,1.66727061220473,-0.0461369502132014
-169.934759922113,1.66757542632714,-0.0461361395286821
-169.918122184634,1.66787984288896,-0.0461353321979654
-169.901484438544,1.66818386161853,-0.04613452837345
-169.884846683852,1.66848748225319,-0.046133728109227
-169.868208920572,1.66879070453843,-0.0461329314162497
-169.851571148707,1.66909352822752,-0.0461321382799787
-169.834933368261,1.66939595308239,-0.046131348671225
-169.818295579225,1.66969797887193,-0.046130562607968
-169.801657781596,1.66999960537067,-0.0461297801358252
-169.785019975368,1.67030083235912,-0.0461290013761509
-169.768382160541,1.67060165962345,-0.0461282264412325
-169.751744337123,1.67090208695461,-0.0461274553828125
-169.73510650512,1.67120211414802,-0.0461266882002146
-169.718468664521,1.67150174100411,-0.0461259249218664
-169.701830815328,1.67180096732598,-0.0461251655942896
-169.685192957542,1.67209979291949,-0.046124410252468
-169.668555091179,1.67239821759462,-0.046123658914796
-169.651917216239,1.67269624116532,-0.0461229116276181
-169.635279332725,1.67299386344794,-0.0461221684766119
-169.618641440646,1.67329108426085,-0.0461214295094842
-169.602003540017,1.67358790342354,-0.0461206947274796
-169.585365630825,1.67388432075843,-0.0461199641114524
-169.568727713036,1.67418033609123,-0.0461192377228006
-169.552089786619,1.67447594925057,-0.0461185157603359
-169.535451851556,1.67477116006486,-0.0461177984729568
-169.51881390789,1.67506596836049,-0.0461170860343802
-169.502175955657,1.67536037396454,-0.0461163785260884
-169.485537994892,1.67565437670397,-0.0461156759659207
-169.468900025587,1.67594797640551,-0.046114978428611
-169.452262047745,1.67624117289575,-0.0461142859617337
-169.43562406137,1.67653396600114,-0.0461135985928262
-169.418986066486,1.67682635554791,-0.0461129162895781
-169.402348063083,1.67711834136406,-0.046112239064043
-169.385710051148,1.67740992327825,-0.0461115669798225
-169.369072030672,1.67770110111862,-0.0461109001111514
-169.352434001663,1.67799187471054,-0.0461102384765145
-169.335795964135,1.67828224387798,-0.0461095820421243
-169.319157918094,1.67857220844459,-0.0461089307711669
-169.302519863538,1.67886176823312,-0.0461082846788968
-169.285881800452,1.67915092306455,-0.0461076438305704
-169.269243728833,1.67943967275677,-0.0461070083310501
-169.252605648705,1.67972801712634,-0.0461063782546556
-169.235967560113,1.68001595599069,-0.0461057536009562
-169.219329463075,1.68030348916809,-0.0461051343281959
-169.202691357574,1.68059061647515,-0.0461045203966843
-169.186053243584,1.68087733772537,-0.0461039118165402
-169.169415121091,1.68116365273082,-0.0461033085974012
-169.152776990115,1.68144956130183,-0.046102710717296
-169.13613885067,1.68173506324775,-0.04610211818245
-169.119500702753,1.68202015837703,-0.0461015310397252
-169.10286254634,1.68230484649614,-0.0461009494164725
-169.086224381444,1.68258912740945,-0.0461003734236037
-169.069586208096,1.6828730009176,-0.0460998031722545
-169.052948026349,1.68315646681943,-0.0460992386577589
-169.036309836201,1.68343952491415,-0.0460986798399665
-169.019671637642,1.68372217500007,-0.0460981266052183
-169.003033430664,1.68400441687477,-0.0460975788297287
-168.986395215255,1.6842862503346,-0.0460970364139861
-168.969756991395,1.68456767517626,-0.046096499368388
-168.953118759064,1.68484869119683,-0.0460959678513918
-168.936480518265,1.6851292981935,-0.0460954421553733
-168.919842269003,1.68540949595809,-0.0460949226272085
-168.903204011281,1.68568928427482,-0.0460944095550672
-168.886565745127,1.68596866292438,-0.0460939030868719
-168.86992747059,1.68624763168711,-0.0460934031793374
-168.853289187691,1.68652619034453,-0.0460929097594583
-168.836650896439,1.68680433867504,-0.0460924226726477
-168.820012596838,1.68708207645939,-0.046091941773913
-168.8033742889,1.68735940348361,-0.0460914668645031
-168.78673597261,1.68763631953578,-0.0460909978153895
-168.770097647944,1.68791282439907,-0.0460905346324695
-168.753459314884,1.68818891785183,-0.0460900774004217
-168.73682097343,1.68846459967062,-0.0460896262260035
-168.720182623601,1.68873986962986,-0.0460891810897078
-168.703544265424,1.68901472750399,-0.0460887419304438
-168.68690589891,1.68928917306607,-0.0460883087113086
-168.670267524068,1.68956320609094,-0.0460878814167158
-168.653629140905,1.68983682635081,-0.0460874599567843
-168.636990749426,1.6901100336225,-0.0460870441982434
-168.620352349631,1.69038282768184,-0.0460866340133091
-168.603713941518,1.69065520830361,-0.0460862293202909
-168.587075525089,1.69092717525869,-0.0460858300577863
-168.570437100342,1.69119872831868,-0.0460854362311484
-168.553798667264,1.69146986725544,-0.046085047982527
-168.537160225868,1.69174059183682,-0.0460846653948425
-168.520521776162,1.69201090183277,-0.0460842884810734
-168.503883318154,1.69228079701646,-0.0460839171176242
-168.48724485185,1.6925502771653,-0.0460835512247537
-168.470606377276,1.69281934203633,-0.0460831896543208
-168.453967894459,1.6930879912119,-0.0460828315602161
-168.437329403409,1.69335622404055,-0.0460824774470689
-168.420690904126,1.6936240397541,-0.0460821277775059
-168.404052396618,1.69389143753784,-0.0460817827969602
-168.38741388088,1.69415841657148,-0.0460814425692293
-168.3707753569,1.69442497604636,-0.0460811071194481
-168.354136824679,1.69469111517214,-0.0460807764925777
-168.33749828424,1.6949568331783,-0.0460804507094159
-168.320859735606,1.69522212932104,-0.0460801296375776
-168.304221178778,1.69548700288164,-0.0460798130708677
-168.287582613744,1.69575145316603,-0.0460795008038081
-168.27094404048,1.69601547950266,-0.0460791927518447
-168.254305458981,1.69627908124434,-0.0460788889567171
-168.237666869264,1.69654225776735,-0.0460785893887327
-168.221028271354,1.69680500847045,-0.0460782938913106
-168.204389665269,1.69706733277271,-0.0460780022135122
-168.187751051009,1.69732923011294,-0.0460777141504585
-168.171112428555,1.69759069994606,-0.0460774296412243
-168.154473797896,1.69785174174264,-0.0460771486711998
-168.137835159028,1.69811235499072,-0.0460768712809561
-168.121196511982,1.69837253919858,-0.0460765974100433
-168.104557856749,1.69863229389117,-0.0460763270511453
-168.0879191933,1.69889161860807,-0.046076060207909
-168.071280521609,1.6991505128993,-0.0460757969435988
-168.054641841711,1.69940897633001,-0.0460755372706793
-168.038003153651,1.69966700847999,-0.0460752811723755
-168.021364457473,1.69992460894433,-0.0460750285155117
-168.004725753194,1.70018177733225,-0.0460747791532623
-167.988087040804,1.70043851326404,-0.0460745329656952
-167.971448320265,1.70069481637066,-0.0460742899996135
-167.954809591543,1.70095068629343,-0.0460740503233977
-167.938170854641,1.70120612268592,-0.0460738140111175
-167.921532109588,1.70146112521674,-0.0460735810835729
-167.904893356413,1.70171569356282,-0.0460733515443592
-167.888254595128,1.7019698274107,-0.0460731254112555
-167.871615825732,1.70222352645426,-0.0460729027132778
-167.854977048239,1.70247679039751,-0.0460726834178587
-167.83833826267,1.70272961895413,-0.0460724674216641
-167.821699469047,1.70298201184813,-0.0460722545621913
-167.80506066736,1.70323396881357,-0.0460720447501057
-167.788421857575,1.70348548959422,-0.0460718379889249
-167.77178303969,1.70373657394031,-0.0460716343302624
-167.755144213736,1.70398722160834,-0.0460714337989456
-167.738505379747,1.70423743235948,-0.0460712363970119
-167.721866537746,1.70448720596557,-0.0460710420280814
-167.705227687738,1.70473654220706,-0.0460708505679705
-167.688588829717,1.70498544087135,-0.0460706619192838
-167.671949963682,1.70523390174964,-0.0460704760330269
-167.655311089647,1.70548192463985,-0.0460702928431906
-167.638672207638,1.7057295093472,-0.0460701122617916
-167.622033317664,1.70597665568534,-0.0460699342574233
-167.605394419709,1.70622336347098,-0.0460697588758009
-167.588755513753,1.70646963252657,-0.0460695862111282
-167.572116599796,1.7067154626794,-0.0460694162747651
-167.555477677863,1.70696085376305,-0.0460692490502914
-167.538838747994,1.70720580561481,-0.0460690844915373
-167.522199810193,1.7074503180763,-0.0460689226264111
-167.505560864444,1.7076943909943,-0.0460687635251915
-167.488921910732,1.70793802422106,-0.0460686072899109
-167.472282949083,1.70818121761116,-0.0460684540074767
-167.455643979555,1.7084239710197,-0.0460683036656277
-167.439005002179,1.7086662843088,-0.0460681561481132
-167.422366016948,1.70890815734513,-0.0460680113037891
-167.405727023831,1.70914959000098,-0.0460678690755812
-167.389088022838,1.709390582148,-0.0460677294350868
-167.372449013997,1.70963113366163,-0.0460675923166678
-167.355809997322,1.70987124442257,-0.0460674576504731
-167.339170972793,1.71011091431605,-0.0460673254470964
-167.322531940385,1.71035014322964,-0.0460671957917213
-167.305892900117,1.71058893105069,-0.046067068692569
-167.289253852021,1.71082727766991,-0.0460669441132029
-167.272614796112,1.71106518298108,-0.046066822046577
-167.255975732392,1.71130264688121,-0.0460667025406295
-167.239336660869,1.71153966926659,-0.0460665856244333
-167.22269758157,1.71177625003693,-0.0460664712487413
-167.206058494519,1.71201238909457,-0.0460663593686365
-167.189419399724,1.71224808634601,-0.0460662499503314
-167.172780297181,1.71248334169996,-0.0460661429791889
-167.156141186892,1.71271815506465,-0.0460660384008496
-167.139502068862,1.71295252635068,-0.0460659361661686
-167.122862943086,1.71318645546934,-0.0460658362629996
-167.106223809571,1.71341994233404,-0.0460657387038705
-167.089584668345,1.71365298685689,-0.0460656434319706
-167.072945519436,1.71388558895191,-0.0460655503449551
-167.056306362858,1.71411774853582,-0.0460654593122543
-167.03966719859,1.71434946552915,-0.0460653703169129
-167.023028026621,1.71458073985349,-0.0460652834170346
-167.006388846977,1.71481157143103,-0.0460651986388303
-166.989749659692,1.71504196018356,-0.0460651159430066
-166.973110464793,1.71527190603525,-0.0460650352692427
-166.956471262265,1.71550140891195,-0.046064956638157
-166.939832052085,1.71573046873959,-0.0460648801598291
-166.923192834254,1.71595908544312,-0.0460648059371434
-166.906553608798,1.7161872589489,-0.046064733997096
-166.889914375737,1.71641498918575,-0.0460646643805533
-166.87327513509,1.71664227608201,-0.0460645971468714
-166.856635886878,1.7168691195639,-0.0460645322896722
-166.839996631127,1.71709551956043,-0.0460644697126732
-166.823357367856,1.7173214760038,-0.0460644092608889
-166.806718097069,1.7175469888259,-0.0460643508373577
-166.790078818764,1.71777205795658,-0.0460642943640009
-166.773439532942,1.71799668332603,-0.0460642397776663
-166.75680023961,1.71822086486783,-0.046064187041746
-166.740160938781,1.71844460251645,-0.0460641361292145
-166.723521630458,1.71866789620664,-0.046064087075501
-166.706882314632,1.71889074587331,-0.046064039988453
-166.690242991285,1.71911315145053,-0.0460639950071112
-166.673603660436,1.71933511287299,-0.046063952182012
-166.656964322131,1.7195566300755,-0.046063911494989
-166.640324976412,1.71977770299379,-0.0460638728863711
-166.623685623296,1.71999833156405,-0.0460638362837446
-166.607046262773,1.72021851572342,-0.0460638016594711
-166.590406894839,1.72043825540781,-0.0460637689999095
-166.573767519508,1.72065755055388,-0.0460637382882787
-166.557128136808,1.72087640109862,-0.046063709450036
-166.540488746746,1.72109480698054,-0.0460636823980589
-166.523849349305,1.72131276813993,-0.0460636571164221
-166.507209944473,1.72153028451597,-0.0460636336556108
-166.490570532271,1.72174735604643,-0.0460636120715536
-166.473931112742,1.72196398266791,-0.046063592346644
-166.457291685916,1.72218016431848,-0.0460635744157945
-166.440652251791,1.72239590093844,-0.0460635582141828
-166.424012810344,1.72261119247012,-0.0460635437842494
-166.407373361559,1.722826038855,-0.0460635312253423
-166.390733905455,1.72304044003284,-0.0460635205931434
-166.374094442076,1.72325439594182,-0.0460635118391872
-166.357454971461,1.72346790652113,-0.0460635048419268
-166.340815493626,1.72368097171133,-0.0460634994787562
-166.324176008574,1.72389359145389,-0.046063495630608
-166.307536516293,1.72410576569186,-0.046063493265488
-166.290897016774,1.72431749436727,-0.04606349241521
-166.274257510016,1.72452877742159,-0.0460634931432325
-166.257617996035,1.72473961479571,-0.0460634954703665
-166.24097847484,1.72495000643326,-0.046063499429931
-166.224338946443,1.72515995227699,-0.046063505062351
-166.207699410871,1.72536945226958,-0.0460635123542696
-166.191059868155,1.72557850635428,-0.046063521247063
-166.17442031831,1.72578711447466,-0.0460635316900088
-166.157780761337,1.72599527657529,-0.0460635436873084
-166.14114119724,1.72620299260003,-0.0460635572799667
-166.124501626037,1.72641026249182,-0.0460635724429959
-166.107862047744,1.7266170861962,-0.0460635890635914
-166.091222462354,1.72682346366046,-0.0460636070401886
-166.074582869826,1.72702939483418,-0.04606362638739
-166.057943270124,1.72723487966385,-0.0460636472353537
-166.041303663286,1.72743991809416,-0.046063669691644
-166.024664049392,1.72764451007,-0.0460636938088918
-166.008024428499,1.72784865553765,-0.0460637195920707
-165.991384800612,1.72805235444611,-0.0460637470661257
-165.974745165736,1.72825560676259,-0.0460637775821208
-165.958105523887,1.72845841266879,-0.0460638120651169
-165.941465875064,1.72866077263649,-0.0460638496890378
-165.924826219253,1.7288626872877,-0.0460638896525521
-165.908186556408,1.72906415730319,-0.0460639314916407
-165.891546886503,1.72926518337335,-0.0460639750999693
-165.874907209551,1.72946576617413,-0.0460640205742389
-165.85826752561,1.72966590635902,-0.0460640680895201
-165.841627834731,1.72986560455463,-0.0460641178323145
-165.824988136922,1.73006486135887,-0.0460641699938077
-165.808348432168,1.73026367733858,-0.0460642247258481
-165.791708720479,1.73046205303061,-0.0460642821474933
-165.775069001892,1.73065998894179,-0.0460643423238684
-165.758429276442,1.73085748555302,-0.0460644052531954
-165.741789544163,1.73105454331967,-0.0460644708913356
-165.725149805083,1.73125116267363,-0.0460645391574595
-165.708510059206,1.73144734402455,-0.0460646099679819
-165.691870306501,1.73164308776067,-0.0460646832882191
-165.675230546967,1.7318383942481,-0.0460647591439649
-165.658590780635,1.73203326383213,-0.0460648376083021
-165.641951007538,1.73222769683873,-0.0460649187795479
-165.625311227683,1.73242169357653,-0.0460650027894329
-165.608671441082,1.73261525433411,-0.0460650897363782
-165.592031647775,1.73280837938438,-0.0460651796236097
-165.5753918478,1.73300106898399,-0.0460652723887228
-165.558752041178,1.73319332337496,-0.0460653679184549
-165.542112227918,1.73338514278439,-0.0460654660848402
-165.525472408019,1.73357652742567,-0.0460655667687542
-165.508832581466,1.73376747749965,-0.0460656698942227
-165.492192748232,1.73395799319484,-0.0460657754780552
-165.475552908293,1.73414807468899,-0.0460658837489302
-165.458913061645,1.73433772214754,-0.0460659950995507
-165.442273208325,1.73452693572155,-0.0460661099246163
-165.425633348408,1.73471571554834,-0.0460662283949778
-165.408993481955,1.7349040617579,-0.0460663504911248
-165.392353608971,1.73509197447085,-0.0460664761276939
-165.375713729457,1.73527945379879,-0.0460666051663653
-165.35907384345,1.73546649984164,-0.0460667373541718
-165.342433951009,1.73565311269187,-0.0460668723011684
-165.325794052139,1.73583929243906,-0.0460670096869728
-165.309154146781,1.73602503916575,-0.0460671494473024
-165.292514234873,1.73621035294562,-0.0460672917505806
-165.27587431641,1.73639523384136,-0.0460674368365676
-165.259234391443,1.73657968190611,-0.0460675847801529
-165.24259446005,1.73676369718702,-0.0460677353858121
-165.225954522273,1.73694727972932,-0.0460678883485623
-165.209314578123,1.73713042957376,-0.0460680434046612
-165.192674627589,1.7373131467566,-0.0460682003911582
-165.176034670652,1.73749543130789,-0.0460683592441619
-165.159394707304,1.73767728325233,-0.046068519976992
-165.142754737554,1.73785870260938,-0.0460686825834115
-165.126114761437,1.73803968939394,-0.0460688469638024
-165.109474778967,1.73822024361947,-0.0460690130123409
-165.092834790134,1.73840036529691,-0.0460691807475039
-165.076194794929,1.73858005443149,-0.0460693503044851
-165.059554793373,1.73875931102201,-0.0460695217637661
-165.04291478549,1.7389381350678,-0.0460696951214373
-165.026274771301,1.73911652656832,-0.0460698703292059
-165.009634750822,1.73929448552225,-0.0460700473631439
-164.992994724078,1.73947201192034,-0.0460702261915187
-164.97635469111,1.73964910575375,-0.0460704066884459
-164.959714651927,1.73982576701198,-0.0460705887648998
-164.943074606519,1.74000199568378,-0.0460707724134639
-164.926434554863,1.74017779175298,-0.0460709577052273
-164.909794496968,1.74035315520234,-0.0460711446548791
-164.893154432865,1.74052808601474,-0.0460713332257722
-164.876514362606,1.74070258417503,-0.0460715232650547
-164.85987428622,1.74087664966941,-0.0460717146322298
-164.843234203699,1.7410502824837,-0.0460719073040132
-164.826594115024,1.74122348260166,-0.0460721013575909
-164.809954020199,1.74139625000504,-0.0460722968807418
-164.793313919272,1.74156858467268,-0.0460724937788428
-164.776673812285,1.74174048658739,-0.0460726918492963
-164.760033699236,1.7419119557322,-0.0460728909429307
-164.743393580106,1.74208299209047,-0.0460730909942188
-164.726753454893,1.74225359564254,-0.0460732919628916
-164.710113323621,1.74242376637012,-0.0460734937720194
-164.69347318632,1.74259350425687,-0.0460736963328621
-164.676833043014,1.74276280928747,-0.0460738995374985
-164.660192893701,1.74293168145083,-0.0460741033615234
-164.643552738352,1.74310012073667,-0.0460743079090545
-164.626912576951,1.74326812713525,-0.046074513340174
-164.610272409538,1.7434357006344,-0.0460747196679111
-164.593632236195,1.74360284122372,-0.0460749266954953
-164.576992056982,1.74376954889459,-0.0460751341430589
-164.560351871905,1.74393582364017,-0.0460753417709474
-164.543711680941,1.74410166545318,-0.0460755494059801
-164.527071484061,1.74426707432957,-0.0460757569833878
-164.510431281247,1.74443205026628,-0.0460759645664143
-164.493791072488,1.74459659326277,-0.0460761723377141
-164.477150857787,1.74476070331768,-0.0460763804708089
-164.460510637159,1.74492438043372,-0.0460765891214861
-164.443870410649,1.7450876246141,-0.0460767983856959
-164.427230178307,1.74525043586145,-0.0460770082574248
-164.410589940179,1.74541281417958,-0.0460772185557735
-164.393949696283,1.74557475957583,-0.0460774289878429
-164.377309446629,1.7457362720611,-0.0460776392461399
-164.360669191218,1.74589735164934,-0.0460778491364882
-164.344028930032,1.74605799835553,-0.0460780585996326
-164.327388663052,1.74621821219584,-0.046078267670251
-164.310748390275,1.74637799318494,-0.0460784764403058
-164.294108111712,1.74653734133997,-0.0460786850150271
-164.277467827368,1.74669625668267,-0.0460788936237497
-164.260827537282,1.74685473923497,-0.0460791023052363
-164.2441872415,1.74701278901922,-0.0460793109720977
-164.227546940064,1.74717040605798,-0.0460795194878096
-164.210906632982,1.74732759037711,-0.0460797278169532
-164.194266320253,1.74748434200599,-0.0460799359377883
-164.177626001872,1.74764066097534,-0.0460801437824961
-164.160985677841,1.74779654731793,-0.0460803512301369
-164.144345348164,1.74795200106933,-0.046080558248752
-164.127705012865,1.74810702226702,-0.04608076484651
-164.11106467195,1.74826161094984,-0.0460809710610937
-164.094424325431,1.74841576715768,-0.0460811768477587
-164.07778397332,1.74856949093048,-0.0460813821437639
-164.061143615646,1.74872278230921,-0.0460815868958208
-164.044503252441,1.74887564133583,-0.0460817910367018
-164.027862883703,1.74902806805547,-0.0460819945317463
-164.011222509405,1.74918006251581,-0.0460821974679716
-163.994582129547,1.74933162476585,-0.0460824000291829
-163.977941744164,1.74948275485552,-0.0460826023251374
-163.961301353305,1.74963345283838,-0.0460828043357571
-163.944660957,1.74978371876894,-0.0460830059580974
-163.928020555251,1.74993355270238,-0.0460832071613435
-163.911380148066,1.75008295468999,-0.0460834079100423
-163.89473973546,1.75023192478636,-0.0460836080636041
-163.878099317433,1.75038046305036,-0.0460838074870299
-163.861458893971,1.75052856954425,-0.0460840061456377
-163.844818465072,1.75067624433121,-0.0460842040815184
-163.82817803076,1.75082348747246,-0.0460844012839874
-163.811537591075,1.75097029902936,-0.0460845976748221
-163.794897146041,1.75111667906631,-0.046084793190201
-163.77825669566,1.7512626276507,-0.04608498782645
-163.761616239925,1.75140814485048,-0.0460851816127154
-163.744975778841,1.75155323073474,-0.0460853745642512
-163.728335312427,1.75169788537286,-0.0460855667035769
-163.711694840701,1.75184210883484,-0.0460857580527588
-163.695054363678,1.75198590119024,-0.0460859486028703
-163.678413881377,1.75212926250779,-0.0460861382261108
-163.661773393824,1.7522721928588,-0.0460863267269143
-163.645132901027,1.75241469231824,-0.0460865139689596
-163.628492402976,1.75255676096242,-0.0460866999455694
-163.611851899677,1.75269839886662,-0.0460868846920404
-163.595211391142,1.75283960610501,-0.0460870682525292
-163.578570877381,1.75298038275215,-0.0460872506726536
-163.561930358392,1.75312072888527,-0.0460874319879217
-163.545289834174,1.75326064458298,-0.0460876122370311
-163.528649304755,1.75340012992506,-0.0460877914075157
-163.512008770175,1.75353918499135,-0.0460879694927722
-163.495368230467,1.7536778098612,-0.0460881464511459
-163.478727685669,1.75381600465689,-0.0460883250916885
-163.462087135788,1.75395376997969,-0.046088507404916
-163.445446580786,1.75409110707495,-0.0460886916929908
-163.428806020597,1.75422801751697,-0.0460888765278178
-163.412165455163,1.75436450300729,-0.0460890611269538
-163.395524884468,1.75450056527095,-0.0460892453211309
-163.378884308547,1.75463620600646,-0.0460894291900335
-163.362243727438,1.75477142686242,-0.0460896130216496
-163.345603141168,1.75490622942235,-0.0460897972350516
-163.328962549762,1.75504061520072,-0.0460899821959348
-163.312321953246,1.75517458564423,-0.0460901681384941
-163.295681351642,1.75530814213564,-0.0460903551859763
-163.279040744961,1.75544128599506,-0.0460905434586621
-163.262400133222,1.75557401848053,-0.0460907330968257
-163.245759516441,1.75570634079194,-0.0460909242668069
-163.229118894626,1.75583825407348,-0.0460911171500674
-163.212478267787,1.75596975941747,-0.0460913118766353
-163.195837635952,1.75610085786608,-0.0460915085297191
-163.179196999134,1.75623155041605,-0.0460917072593578
-163.16255635736,1.75636183801622,-0.0460919081686564
-163.145915710657,1.75649172156917,-0.0460921112788322
-163.129275059056,1.75662120193611,-0.0460923165223492
-163.112634402566,1.75675027993947,-0.0460925238559288
-163.095993741188,1.7568789563642,-0.0460927333380804
-163.079353074938,1.75700723195633,-0.0460929450201802
-163.062712403832,1.75713510742442,-0.0460931589235358
-163.046071727879,1.75726258344284,-0.0460933750483768
-163.029431047089,1.75738966065412,-0.046093593400216
-163.012790361483,1.75751633967175,-0.0460938139800844
-162.99614967108,1.75764262107898,-0.0460940367804235
-162.979508975882,1.75776850543074,-0.0460942617991743
-162.962868275887,1.75789399325291,-0.0460944890654997
-162.946227571101,1.7580190850442,-0.0460947186242125
-162.929586861541,1.75814378127649,-0.046094950505903
-162.912946147238,1.7582680823969,-0.0460951846879785
-162.896305428216,1.75839198883067,-0.0460954211091385
-162.879664704487,1.75851550098068,-0.046095659745905
-162.863023976053,1.75863861922808,-0.0460959005953845
-162.846383242934,1.75876134393219,-0.0460961436260761
-162.829742505136,1.75888367543457,-0.0460963888297035
-162.813101762659,1.75900561405722,-0.0460966361998658
-162.796461015504,1.7591271601038,-0.046096885733021
-162.779820263676,1.75924831385944,-0.0460971374070691
-162.763179507179,1.75936907559344,-0.046097391266852
-162.746538746041,1.75948944555993,-0.0460976473210825
-162.729897980309,1.75960942399816,-0.0460979054826513
-162.713257210017,1.7597290111334,-0.0460981656067286
-162.696616435165,1.75984820717545,-0.0460984276061786
-162.679975655749,1.75996701232141,-0.0460986914778881
-162.663334871771,1.76008542675638,-0.0460989572379902
-162.646694083246,1.76020345065543,-0.0460992248550866
-162.630053290171,1.76032108418332,-0.0460994942942621
-162.613412492512,1.76043832749608,-0.0460997655540516
-162.596771690247,1.76055518073887,-0.0461000387018948
-162.580130883411,1.76067164404769,-0.0461003138134648
-162.563490072086,1.76078771754831,-0.0461005908958793
-162.546849256325,1.76090340135908,-0.0461008699418289
-162.530208436132,1.76101869558955,-0.0461011509152118
-162.513567611492,1.76113360034166,-0.0461014338309358
-162.496926782431,1.76124811571016,-0.0461017186744146
-162.480285948996,1.76136224178331,-0.0461020053477479
-162.463645111211,1.76147597864656,-0.0461022936612789
-162.447004269041,1.76158932638177,-0.0461025834940309
-162.430363422439,1.76170228506677,-0.046102874843665
-162.413722571402,1.76181485477322,-0.0461031677063337
-162.397081715989,1.76192703556721,-0.0461034620237328
-162.380440856275,1.76203882751042,-0.046103757739445
-162.363799992291,1.76215023066194,-0.0461040548404895
-162.347159124032,1.7622612450784,-0.0461043533454949
-162.33051825147,1.76237187081402,-0.0461046532151512
-162.313877374584,1.76248210791999,-0.0461049543941271
-162.297236493379,1.76259195644632,-0.0461052567928547
-162.280595607914,1.76270141644131,-0.0461055603267768
-162.263954718242,1.76281048795163,-0.0461058649050614
-162.247313824394,1.76291917102239,-0.0461061704091367
-162.230672926356,1.76302746569836,-0.0461064767172768
-162.214032024093,1.76313537202398,-0.046106783764163
-162.197391117594,1.7632428900426,-0.0461070915518954
-162.18075020687,1.76335001979716,-0.0461074001381276
-162.164109291959,1.76345676133169,-0.0461077095690022
-162.147468372893,1.76356311469165,-0.0461080198598023
-162.130827449736,1.76366907992292,-0.0461083308707853
-162.114186522502,1.76377465707204,-0.0461086424401148
-162.097545591165,1.76387984618525,-0.0461089544557577
-162.080904655684,1.76398464730816,-0.0461092669175296
-162.064263716064,1.7640890604868,-0.0461095798251322
-162.047622772356,1.76419308576948,-0.0461098930969615
-162.0309818246,1.76429672320625,-0.0461102066316994
-162.014340872813,1.76439997284738,-0.0461105203984632
-161.997699916971,1.76450283474518,-0.0461108345334644
-161.981058957027,1.76460530895676,-0.0461111492907397
-161.964417992948,1.76470739554303,-0.0461114650337403
-161.947777024764,1.76480909456715,-0.04611178199373
-161.93113605254,1.7649104060906,-0.0461121003074119
-161.91449507636,1.76501133017622,-0.0461124198188081
-161.897854096278,1.76511186688802,-0.0461127402632596
-161.881213112319,1.76521201629632,-0.0461130612513614
-161.864572124482,1.76531177847244,-0.0461133824489226
-161.847931132723,1.76541115349048,-0.0461137036695044
-161.831290136999,1.76551014142453,-0.0461140248903941
-161.814649137292,1.76560874234896,-0.0461143462301301
-161.79800813363,1.76570695634125,-0.0461146677615624
-161.781367126043,1.76580478348033,-0.0461149894576951
-161.764726114569,1.76590222385267,-0.0461153111549664
-161.748085099224,1.76599927754657,-0.0461156328219755
-161.73144408004,1.76609594465432,-0.0461159544324541
-161.714803057037,1.76619222526865,-0.0461162759450974
-161.698162030236,1.76628811948418,-0.046116597167215
-161.681520999645,1.76638362739688,-0.0461169178471264
-161.664879965249,1.76647874910567,-0.0461172377707654
-161.648238927027,1.76657348471224,-0.0461175568234217
-161.631597884935,1.76666783432178,-0.0461178751305028
-161.614956838974,1.76676179804359,-0.0461181928842316
-161.598315789185,1.76685537598748,-0.046118510206274
-161.581674735649,1.76694856826472,-0.0461188269654857
-161.565033678433,1.76704137498701,-0.046119142904632
-161.548392617564,1.76713379627128,-0.0461194577606511
-161.531751553032,1.76722583223778,-0.0461197713832662
-161.515110484813,1.76731748300886,-0.0461200837088932
-161.498469412883,1.76740874870825,-0.046120394722004
-161.481828337237,1.76749962946171,-0.0461207044054367
-161.46518725788,1.76759012539808,-0.0461210127972426
-161.44854617482,1.76768023665132,-0.046121319969183
-161.431905088057,1.76776996335732,-0.0461216260368413
-161.415263997577,1.76785930565238,-0.0461219311132362
-161.398622903437,1.76794826366935,-0.0461222352542757
-161.381981805709,1.76803683754455,-0.0461225383446306
-161.365340704429,1.76812502741625,-0.0461228402112176
-161.348699599576,1.76821283342727,-0.0461231407339874
-161.332058491124,1.76830025572176,-0.0461234399070957
-161.315417379097,1.76838729444667,-0.0461237376153855
-161.298776263503,1.7684739497509,-0.0461240338050687
-161.282135144331,1.76856022178487,-0.0461243284770606
-161.265494021578,1.7686461106977,-0.0461246216417933
-161.248852895276,1.76873161664208,-0.046124913192731
-161.23221176546,1.76881673977295,-0.0461252030461396
-161.215570632137,1.76890148024552,-0.0461254912385983
-161.198929495301,1.76898583821222,-0.0461257778128475
-161.182288354947,1.7690698138282,-0.0461260628294823
-161.165647211082,1.7691534072535,-0.0461263462806103
-161.149006063719,1.76923661865211,-0.0461266280576445
-161.132364912877,1.76931944818752,-0.0461269079733121
-161.11572375859,1.76940189602341,-0.0461271858318277
-161.099082600863,1.76948396232294,-0.0461274615555415
-161.082441439699,1.76956564724997,-0.0461277351046876
-161.065800275078,1.76964695096796,-0.0461280064796764
-161.049159107,1.76972787364128,-0.0461282757808904
-161.03251793548,1.76980841543572,-0.0461285431497876
-161.015876760521,1.76988857651905,-0.0461288087484044
-160.999235582134,1.76996835705786,-0.0461290726522113
-160.982594400377,1.77004775727759,-0.0461293386051393
-160.965953215295,1.77012677803054,-0.0461296092459096
-160.949312026874,1.77020542101024,-0.0461298822850669
-160.932670835054,1.77028368833714,-0.0461301556008935
-160.916029639753,1.77036158229873,-0.0461304278346317
-160.899388440914,1.7704391052153,-0.0461306984789703
-160.882747238515,1.77051625937362,-0.0461309677084733
-160.866106032576,1.77059304699111,-0.0461312359921341
-160.849464823129,1.77066947020312,-0.0461315039068607
-160.832823610187,1.77074553105624,-0.0461317721400808
-160.816182393784,1.77082123150918,-0.0461320413113169
-160.799541173962,1.77089657343212,-0.0461323117897656
-160.782899950792,1.77097155861012,-0.0461325834690665
-160.766258724273,1.77104618874857,-0.0461328562479326
-160.749617494371,1.77112046547792,-0.0461331302045394
-160.732976261066,1.77119439035707,-0.0461334055621056
-160.716335024395,1.77126796487626,-0.0461336823910658
-160.699693784397,1.77134119045918,-0.0461339607106403
-160.68305254109,1.771414068466,-0.046134240584451
-160.666411294474,1.77148660019451,-0.0461345222053681
-160.649770044546,1.77155878688412,-0.0461348057460844
-160.633128791315,1.77163062972046,-0.0461350913567326
-160.616487534795,1.77170212983839,-0.0461353791800941
-160.59984627501,1.7717732883211,-0.046135669365337
-160.583205011979,1.77184410620022,-0.0461359619641629
-160.566563745704,1.77191458446083,-0.046136256930834
-160.54992247618,1.77198472404467,-0.0461365542289903
-160.533281203391,1.77205452585205,-0.0461368540344737
-160.516639927363,1.77212399073832,-0.0461371565919802
-160.499998648141,1.77219311951871,-0.0461374619844607
-160.483357365748,1.77226191296847,-0.0461377701833952
-160.466716080192,1.77233037182673,-0.046138081131219
-160.450074791456,1.77239849679743,-0.0461383949013147
-160.433433499559,1.77246628855188,-0.0461387114476026
-160.416792204525,1.77253374773007,-0.0461390306322923
-160.400150906358,1.77260087494076,-0.046139352353959
-160.383509605042,1.77266767076244,-0.046139676608328
-160.366868300557,1.77273413574422,-0.0461400034361523
-160.350226992919,1.77280027040721,-0.0461403328352059
-160.333585682159,1.77286607524374,-0.0461406647799266
-160.316944368289,1.7729315507205,-0.0461409992368721
-160.300303051324,1.77299669728007,-0.0461413361938117
-160.283661731286,1.77306151534418,-0.0461416756307905
-160.26702040818,1.77312600531323,-0.046142017588637
-160.250379081994,1.77319016756598,-0.0461423621095444
-160.23373775271,1.77325400246001,-0.0461427092263256
-160.217096420351,1.77331751033239,-0.0461430589030044
-160.200455084968,1.7733806915045,-0.0461434110040341
-160.183813746593,1.7734435462798,-0.0461437654106033
-160.167172405226,1.77350607494486,-0.0461441220475098
-160.150531060862,1.77356827776879,-0.0461444808138611
-160.133889713513,1.77363015500524,-0.0461448415226562
-160.117248363186,1.77369170689364,-0.0461452039966183
-160.100607009876,1.7737529336603,-0.0461455681186324
-160.083965653576,1.77381383552114,-0.0461459338674985
-160.067324294299,1.77387441268184,-0.0461463012797468
-160.050682932079,1.77393466533662,-0.0461466703459045
-160.034041566932,1.77399459366919,-0.0461470410567579
-160.017400198857,1.77405419785235,-0.0461474134199797
-160.000758827858,1.77411347804695,-0.0461477874279991
-159.984117453961,1.77417243440534,-0.0461481629833825
-159.967476077189,1.77423106707204,-0.0461485399243666
-159.950834697533,1.77428937618729,-0.0461489182212477
-159.934193314978,1.77434736188425,-0.0461492979541024
-159.917551929544,1.77440502428923,-0.0461496791578272
-159.900910541277,1.77446236352175,-0.0461500616537006
-159.884269150207,1.77451937969605,-0.0461504453024948
-159.867627756354,1.77457607292214,-0.046150830002558
-159.850986359717,1.77463244330647,-0.0461512156902777
-159.834344960295,1.77468849095058,-0.0461516022354642
-159.817703558074,1.77474421595071,-0.0461519895121704
-159.801062153053,1.77479961839972,-0.0461523774529941
-159.78442074525,1.77485469838829,-0.0461527660255598
-159.767779334675,1.77490945600576,-0.0461531552672898
-159.751137921335,1.77496389133978,-0.0461535452025404
-159.734496505236,1.77501800447636,-0.0461539358079211
-159.717855086395,1.77507179549996,-0.046154327019772
-159.701213664809,1.77512526449348,-0.046154718939045
-159.684572240486,1.77517841154031,-0.046155111629072
-159.667930813465,1.77523123672251,-0.0461555050002941
-159.651289383775,1.77528374012076,-0.0461558988692564
-159.634647951436,1.77533592181618,-0.0461562930432542
-159.618006516443,1.77538778189106,-0.0461566874483494
-159.6013650788,1.77543932042883,-0.0461570819815742
-159.584723638496,1.77549053751266,-0.0461574765462825
-159.568082195514,1.77554143322564,-0.0461578710861928
-159.551440749864,1.77559200765207,-0.0461582656222347
-159.53479930158,1.7756422608778,-0.0461586601441213
-159.518157850688,1.77569219299096,-0.0461590545606321
-159.501516397188,1.77574180408059,-0.046159448753232
-159.484874941065,1.77579109423733,-0.0461598426647701
-159.468233482317,1.77584006355255,-0.0461602363112737
-159.45159202095,1.77588871212146,-0.0461606297718062
-159.434950557,1.77593704003998,-0.0461610230229772
-159.4183090905,1.77598504740776,-0.0461614159474225
-159.401667621467,1.776032734327,-0.0461618083817704
-159.385026149897,1.77608010090365,-0.0461622002102824
-159.368384675783,1.77612714724484,-0.0461625913595783
-159.351743199123,1.77617387345771,-0.0461629817880273
-159.335101719916,1.77622027965191,-0.0461633714784986
-159.318460238159,1.77626636593929,-0.0461637604536041
-159.301818753856,1.77631213243585,-0.0461641487692888
-159.285177267026,1.77635757926037,-0.0461645364638953
-159.268535777731,1.77640270653634,-0.0461649234477753
-159.251894286,1.77644751439185,-0.0461653095662657
-159.235252791824,1.77649200295719,-0.0461656947343753
-159.21861129518,1.77653617236365,-0.0461660788996281
-159.201969796069,1.7765800227437,-0.0461664620444416
-159.185328294509,1.77662355423266,-0.0461668441386211
-159.168686790517,1.77666676697012,-0.0461672251317504
-159.15204528409,1.77670966109977,-0.0461676049613701
-159.135403775191,1.77675223676797,-0.0461679836272714
-159.118762263803,1.77679449412291,-0.0461683611864052
-159.102120749923,1.77683643331562,-0.0461687377440177
-159.085479233622,1.77687805450079,-0.0461691132844364
-159.068837714942,1.7769193578366,-0.046169487811
-159.052196193938,1.77696034348328,-0.0461698612919652
-159.035554670608,1.77700101160316,-0.0461702338079543
-159.018913144951,1.77704136236074,-0.0461706053743905
-159.002271616958,1.77708139592215,-0.0461709759096924
-158.985630086606,1.77712111245662,-0.0461713453178715
-158.968988553885,1.77716051213575,-0.0461717135690389
-158.952347018802,1.7771995951344,-0.0461720806922725
-158.935705481393,1.77723836163113,-0.046172446658164
-158.919063941707,1.77727681180761,-0.0461728113542746
-158.902422399756,1.7773149458481,-0.0461731746899999
-158.885780855513,1.77735276393861,-0.0461735366369587
-158.869139308948,1.77739026626691,-0.0461738972359421
-158.852497760064,1.77742745302201,-0.0461742564982512
-158.835856208916,1.77746432439404,-0.0461746143621058
-158.819214655549,1.77750088057488,-0.0461749707225702
-158.802573099971,1.77753712175893,-0.0461753255082347
-158.785931542158,1.77757304814259,-0.0461756786969869
-158.76928998207,1.7776086599244,-0.0461760302624027
-158.752648419692,1.77764395730471,-0.0461763801769249
-158.736006855055,1.77767894048584,-0.0461767284299789
-158.719365288227,1.77771360967121,-0.0461770749979105
-158.702723719259,1.77774796506545,-0.0461774198649352
-158.686082148139,1.77778200687456,-0.0461777630221935
-158.669440574812,1.77781573530633,-0.0461781045370255
-158.652798999272,1.77784915056995,-0.0461784443746308
-158.636157421531,1.77788225287538,-0.0461787824861309
-158.619515841621,1.77791504243356,-0.046179118784673
-158.60287425955,1.77794751945649,-0.0461794531973183
-158.586232675323,1.7779796841577,-0.0461797856131577
-158.569591088959,1.77801153675187,-0.0461801159028854
-158.552949500459,1.77804307745417,-0.0461804440019334
-158.536307909812,1.7780743064785,-0.0461807699852156
-158.519666317003,1.77810522403962,-0.0461810940736668
-158.503024722014,1.77813583035444,-0.0461814165729554
-158.486383124875,1.77816612570524,-0.0461817419026357
-158.469741525615,1.77819611105117,-0.0461820731932953
-158.453099924254,1.77822578826024,-0.0461824080941494
-158.436458320769,1.77825515966425,-0.046182744256798
-158.419816715099,1.77828422777457,-0.0461830800521091
-158.403175107201,1.7783129951351,-0.0461834147386121
-158.386533497044,1.77834146424974,-0.0461837482961355
-158.36989188459,1.77836963754894,-0.0461840812462714
-158.353250269808,1.77839751737496,-0.0461844143720658
-158.33660865273,1.77842510597468,-0.0461847484203761
-158.319967033389,1.77845240549886,-0.0461850839627048
-158.303325411817,1.77847941800339,-0.0461854213466764
-158.286683788051,1.77850614545423,-0.0461857607597494
-158.270042162141,1.7785325897313,-0.0461861022221218
-158.253400534114,1.77855875263269,-0.0461864456405884
-158.236758903959,1.7785846358771,-0.0461867908985128
-158.220117271651,1.77861024110687,-0.0461871379254886
-158.203475637188,1.77863556989349,-0.0461874866534157
-158.186834000555,1.77866062373978,-0.0461878370596792
-158.170192361737,1.77868540408293,-0.0461881892085851
-158.153550720703,1.77870991229755,-0.0461885433696154
-158.13690907744,1.77873414969784,-0.0461889000468842
-158.12026743198,1.77875811753925,-0.0461892596216008
-158.103625784391,1.77878181702149,-0.0461896221684223
-158.086984134753,1.77880524929257,-0.046189987416565
-158.070342483093,1.77882841545018,-0.046190355087579
-158.053700829371,1.77885131654243,-0.0461907251238667
-158.037059173564,1.77887395356902,-0.0461910974534934
-158.02041751564,1.77889632748424,-0.0461914720766809
-158.003775855628,1.77891843919935,-0.0461918489083745
-157.987134193521,1.77894028958407,-0.0461922279317851
-157.970492529283,1.77896187946815,-0.0461926092571218
-157.953850862871,1.77898320964304,-0.0461929931575909
-157.937209194305,1.77900428086278,-0.0461933799433953
-157.92056752372,1.77902509384512,-0.0461937695508432
-157.903925851176,1.77904564927296,-0.0461941617033662
-157.887284176636,1.77906594779566,-0.046194556168049
-157.870642500008,1.77908599003207,-0.0461949530062602
-157.854000821294,1.7791057765721,-0.0461953522477972
-157.837359140527,1.77912530797861,-0.0461957538743711
-157.820717457732,1.77914458478525,-0.0461961577861682
-157.804075772906,1.77916360749812,-0.0461965639237838
-157.787434086063,1.77918237659678,-0.0461969721989312
-157.770792397184,1.77920089253703,-0.0461973826571551
-157.754150706241,1.77921915575178,-0.0461977953852798
-157.737509013242,1.7792371666523,-0.0461982104295235
-157.720867318256,1.77925492562872,-0.0461986276585038
-157.704225621324,1.77927243305145,-0.0461990469361852
-157.687583922433,1.77928968927191,-0.0461994681730296
-157.670942221515,1.77930669462365,-0.0461998913963495
-157.654300518564,1.77932344942281,-0.0462003165589541
-157.637658813629,1.77933995396895,-0.0462007435179403
-157.621017106763,1.7793562085457,-0.046201172099918
-157.604375397971,1.77937221342125,-0.0462016022334522
-157.587733687207,1.77938796884966,-0.0462020339710664
-157.571091974453,1.77940347507179,-0.0462024674425887
-157.554450259739,1.77941873231649,-0.0462029026648954
-157.537808543094,1.77943374080128,-0.0462033395640209
-157.521166824539,1.77944850073242,-0.0462037779356711
-157.504525104062,1.77946301230549,-0.0462042176995218
-157.487883381661,1.77947727570673,-0.0462046588398152
-157.471241657339,1.77949129111394,-0.0462051013647675
-157.454599931113,1.7795050586965,-0.0462055451973304
-157.437958202996,1.77951857861557,-0.0462059902346749
-157.421316472991,1.77953185102481,-0.0462064363867496
-157.404674741089,1.77954487607165,-0.0462068835960657
-157.388033007302,1.77955765389758,-0.0462073317499369
-157.37139127164,1.77957018463938,-0.0462077807816841
-157.354749534125,1.77958246842889,-0.0462082306589155
-157.338107794751,1.77959450539335,-0.0462086814572608
-157.321466053533,1.7796062956542,-0.0462091330660974
-157.304824310492,1.77961783932884,-0.0462095852678178
-157.288182565656,1.77962913653081,-0.0462100378645604
-157.27154081902,1.77964018737161,-0.0462104908091693
-157.254899070574,1.7796509919605,-0.0462109440681764
-157.238257320323,1.77966155040442,-0.0462113975127997
-157.221615568265,1.77967186280751,-0.0462118509943305
-157.204973814382,1.77968192927236,-0.0462123044727414
-157.18833205868,1.77969174990153,-0.0462127579587237
-157.171690301181,1.77970132479799,-0.0462132114103248
-157.155048541892,1.77971065406342,-0.0462136648503895
-157.13840678082,1.77971973779875,-0.0462141183048529
-157.121765017981,1.7797285761047,-0.0462145717793537
-157.105123253418,1.77973716908249,-0.0462150250900328
-157.088481487109,1.77974551683378,-0.0462154780751743
-157.071839719014,1.779753619461,-0.046215930717042
-157.05519794911,1.77976147706713,-0.0462163832184644
-157.038556177464,1.77976908975575,-0.0462168356103547
-157.021914404108,1.77977645763108,-0.046217287837874
-157.005272629049,1.77978358079978,-0.0462177397868275
-156.988630852264,1.77979045937088,-0.0462181914299374
-156.971989073764,1.77979709345674,-0.0462186427314149
-156.955347293591,1.7798034831702,-0.0462190934561717
-156.938705511756,1.7798096286253,-0.0462195433562475
-156.922063728238,1.77981552993785,-0.0462199922847508
-156.905421942996,1.77982118722576,-0.0462204402453006
-156.888780156026,1.77982660060895,-0.0462208872455346
-156.872138367355,1.77983177020951,-0.0462213332575246
-156.855496577011,1.77983669615245,-0.0462217782387289
-156.838854784974,1.77984137856612,-0.0462222222030725
-156.822212991233,1.77984581758213,-0.0462226651847614
-156.80557119583,1.77985001333502,-0.0462231071000507
-156.78892939881,1.77985396596192,-0.0462235478116951
-156.772287600173,1.77985767560191,-0.0462239872270443
-156.755645799867,1.77986114239614,-0.046224425415499
-156.739003997887,1.77986436648906,-0.046224862410566
-156.722362194256,1.77986734802851,-0.0462252981675714
-156.705720389008,1.77987008716492,-0.0462257325583958
-156.68907858214,1.77987258405124,-0.0462261654844856
-156.672436773658,1.77987483884321,-0.0462265968665307
-156.655794963568,1.77987685169983,-0.0462270266466929
-156.639153151884,1.779878622783,-0.0462274547553632
-156.622511338618,1.77988015225736,-0.0462278810219262
-156.60586952376,1.77988144029055,-0.0462283053601739
-156.58922770728,1.77988248705409,-0.0462287277585704
-156.572585889191,1.77988329272298,-0.0462291482678104
-156.555944069517,1.77988385747473,-0.0462295669064508
-156.539302248264,1.77988418148869,-0.0462299837402907
-156.522660425426,1.77988426494569,-0.0462303987805092
-156.506018601022,1.77988410802922,-0.0462308119401339
-156.489376775067,1.77988371092527,-0.0462312231504779
-156.472734947545,1.7798830738226,-0.0462316324718614
-156.456093118436,1.77988219691292,-0.0462320400320665
-156.439451287763,1.77988108039124,-0.0462324457756131
-156.422809455582,1.77987972445509,-0.0462328494755548
-156.406167621921,1.77987812930412,-0.0462332509467662
-156.389525786764,1.7798762951401,-0.046233650131885
-156.372883950066,1.77987422216703,-0.0462340470698464
-156.356242111842,1.77987191059058,-0.0462344416508741
-156.339600272107,1.7798693606181,-0.0462348337736955
-156.322958430871,1.77986657245845,-0.0462352233733551
-156.306316588127,1.77986354632266,-0.0462356104685977
-156.289674743875,1.77986028242382,-0.0462359950532611
-156.273032898109,1.77985678097716,-0.0462363771426116
-156.256391050837,1.77985304220013,-0.0462367567482616
-156.239749202067,1.77984906631216,-0.0462371338863203
-156.223107351804,1.77984485353463,-0.0462375086437349
-156.206465500026,1.7798404040902,-0.0462378811690957
-156.189823646745,1.77983571820237,-0.0462382515021056
-156.173181791984,1.77983079609541,-0.0462386195321036
-156.156539935779,1.77982563799433,-0.0462389850728457
-156.139898078154,1.77982024412548,-0.0462393479735817
-156.123256219101,1.77981461471723,-0.0462397081451316
-156.106614358605,1.7798087499979,-0.0462400655161179
-156.089972496645,1.77980265019618,-0.0462404200666045
-156.073330633202,1.77979631554096,-0.0462407718917122
-156.056688768279,1.77978974626334,-0.0462411211157516
-156.040046901898,1.77978294259564,-0.0462414677224959
-156.023405034079,1.7797759047707,-0.0462418116465214
-156.006763164827,1.77976863302218,-0.0462421528288656
-155.990121294155,1.77976112764562,-0.0462424953503553
-155.973479422068,1.77975338958911,-0.04624284220752
-155.956837548555,1.77974542067748,-0.0462431910532159
-155.940195673582,1.77973722318259,-0.046243539576436
-155.923553797084,1.77972879955217,-0.0462438862792616
-155.906911918994,1.77972015226793,-0.0462442306765623
-155.890270039285,1.77971128377367,-0.0462445729847845
-155.873628157957,1.77970219644021,-0.0462449137928814
-155.856986275018,1.77969289255044,-0.0462452538168638
-155.840344390479,1.7796833742945,-0.0462455937038852
-155.823702504349,1.77967364377008,-0.0462459339688694
-155.807060616645,1.77966370298565,-0.0462462749078981
-155.790418727412,1.7796535538631,-0.0462466166187739
-155.773776836676,1.77964319824023,-0.0462469590935789
-155.757134944437,1.7796326378736,-0.0462473023376217
-155.740493050671,1.77962187444295,-0.0462476464373081
-155.723851155364,1.77961090955528,-0.0462479915386106
-155.707209258518,1.77959974474882,-0.0462483378061691
-155.69056736014,1.77958838149625,-0.0462486853381375
-155.673925460215,1.77957682120741,-0.0462490342513917
-155.657283558707,1.7795650652312,-0.0462493847421509
-155.640641655592,1.77955311485754,-0.046249737042243
-155.623999750889,1.77954097132056,-0.0462500912850395
-155.607357844651,1.7795286358007,-0.0462504475184261
-155.590715936908,1.77951610942674,-0.0462508058379062
-155.57407402766,1.77950339327755,-0.0462511663873779
-155.557432116913,1.7794904883844,-0.0462515292864237
-155.540790204689,1.77947739573244,-0.0462518945465559
-155.524148290995,1.77946411626289,-0.0462522621088992
-155.507506375793,1.77945065087454,-0.0462526319723648
-155.490864459031,1.77943700042642,-0.0462530041994642
-155.474222540708,1.77942316573954,-0.0462533788309626
-155.457580620858,1.77940914759709,-0.0462537558214573
-155.44093869952,1.7793949467454,-0.0462541351291372
-155.424296776699,1.77938056389589,-0.0462545167643052
-155.407654852396,1.77936599972689,-0.046254900775451
-155.391012926583,1.77935125488649,-0.0462552872380615
-155.374370999269,1.77933632999178,-0.046255676189458
-155.357729070484,1.77932122562974,-0.0462560675544611
-155.341087140244,1.77930594235856,-0.0462564612197513
-155.324445208544,1.77929048070971,-0.0462568571047024
-155.307803275355,1.77927484118904,-0.0462572552040796
-155.291161340651,1.77925902427723,-0.0462576554906258
-155.274519404406,1.77924303043052,-0.0462580579251576
-155.257877466635,1.77922686008382,-0.0462584625089605
-155.24123552739,1.77921051365088,-0.0462588692512446
-155.224593586727,1.77919399152581,-0.0462592781753663
-155.20795164466,1.77917729408201,-0.0462596892585425
-155.191309701147,1.7791604216753,-0.0462601024754214
-155.17466775618,1.7791433746419,-0.046260517768401
-155.15802580975,1.77912615330151,-0.0462609350591627
-155.141383861877,1.77910875795701,-0.0462613542720613
-155.124741912573,1.77909118889772,-0.0462617752643512
-155.108099961844,1.77907344639831,-0.0462621978781167
-155.091458009664,1.77905553071954,-0.0462626219877553
-155.07481605601,1.77903744210771,-0.0462630475766254
-155.058174100912,1.77901918079649,-0.0462634747490749
-155.04153214439,1.77900074700824,-0.0462639036910164
-155.024890186449,1.77898214095645,-0.0462643345142853
-155.008248227044,1.77896336284571,-0.046264767298805
-154.991606266163,1.77894441287113,-0.0462652021694282
-154.974964303825,1.77892529121834,-0.0462656392149051
-154.958322340088,1.77890599806487,-0.0462660784314495
-154.941680375011,1.77888653357932,-0.0462665195262619
-154.92503840862,1.77886689792232,-0.0462669621541429
-154.908396440887,1.77884709124612,-0.0462674059314489
-154.891754471741,1.77882711369738,-0.0462678507800489
-154.875112501157,1.77880696541854,-0.046268296730131
-154.858470529144,1.77878664654847,-0.0462687439384342
-154.841828555728,1.77876615722013,-0.0462691924659757
-154.825186580945,1.77874549756174,-0.0462696422194248
-154.808544604791,1.77872466769756,-0.0462700930350064
-154.791902627281,1.77870366774925,-0.0462705447100267
-154.775260648407,1.77868249783553,-0.0462709971647644
-154.758618668189,1.77866115807218,-0.0462714502885641
-154.741976686627,1.77863964857235,-0.0462719038707676
-154.725334703695,1.77861796944724,-0.0462723577357817
-154.708692719364,1.77859612080693,-0.0462728117720145
-154.692050733652,1.77857410275878,-0.0462732658958185
-154.675408746592,1.77855191541004,-0.0462737199574789
-154.658766758211,1.77852955886731,-0.0462741738786154
-154.642124768497,1.77850703323821,-0.0462746275705724
-154.625482777422,1.77848433862699,-0.0462750810121156
-154.608840784949,1.7784614751376,-0.0462755342427613
-154.592198791073,1.7784384428742,-0.0462759873933596
-154.575556795833,1.77841524194336,-0.0462764404522054
-154.558914799282,1.77839187245249,-0.0462768932110741
-154.542272801459,1.7783683345104,-0.046277345303592
-154.525630802341,1.77834462822732,-0.0462777966085476
-154.508988801882,1.77832075371512,-0.0462782471524086
-154.492346800046,1.77829671108682,-0.0462786970347071
-154.475704796825,1.77827250045467,-0.0462791462618942
-154.459062792284,1.77824812193189,-0.0462795947532335
-154.442420786486,1.77822357563337,-0.0462800422869249
-154.42577877943,1.77819886167804,-0.0462804886999829
-154.409136771044,1.77817398018615,-0.046280933994243
-154.392494761288,1.77814893128019,-0.0462813783377879
-154.375852750198,1.778123715085,-0.0462818217470887
-154.359210737831,1.77809833172747,-0.046282264090467
-154.342568724201,1.77807278133621,-0.0462827051661975
-154.325926709287,1.77804706404194,-0.0462831448630536
-154.309284693073,1.778021179977,-0.0462835830983631
-154.292642675545,1.77799512927573,-0.0462840198690458
-154.276000656698,1.77796891207523,-0.0462844552288526
-154.259358636534,1.77794252851599,-0.0462848892667053
-154.242716615106,1.777915978741,-0.0462853219130246
-154.226074592432,1.77788926289776,-0.0462857530909502
-154.209432568489,1.77786238113781,-0.046286182713241
-154.192790543216,1.77783533361637,-0.0462866108493962
-154.176148516636,1.77780812048968,-0.0462870374829064
-154.159506488783,1.77778074191499,-0.0462874625857836
-154.142864459699,1.77775319805135,-0.0462878859912931
-154.126222429382,1.77772548906033,-0.0462883074979552
-154.109580397817,1.77769761510603,-0.0462887269741544
-154.092938365015,1.77766957635547,-0.0462891443655173
-154.076296330961,1.77764137297782,-0.0462895596858877
-154.059654295648,1.77761300514553,-0.0462899729212939
-154.04301225908,1.77758447303277,-0.046290383946986
-154.026370221255,1.77755577681565,-0.0462907927374134
-154.00972818214,1.77752691667357,-0.0462911994508618
-153.993086141698,1.77749789278906,-0.0462916043945607
-153.976444099941,1.7774687053471,-0.0462920077298028
-153.959802056924,1.7774393545342,-0.0462924093885276
-153.943160012713,1.77740984053933,-0.0462928091470892
-153.92651796732,1.77738016355382,-0.0462932068107658
-153.909875920715,1.77735032377239,-0.0462936022641122
-153.893233872837,1.77732032139264,-0.0462939955266893
-153.876591823689,1.77729015661361,-0.0462943865808578
-153.859949773296,1.77725982963505,-0.0462947754056875
-153.843307721713,1.77722934065811,-0.0462951617746266
-153.826665668943,1.77719868988483,-0.0462955454925239
-153.810023614953,1.77716787751844,-0.0462959265410057
-153.7933815597,1.77713690376383,-0.0462963050376013
-153.776739503174,1.7771057688282,-0.0462966811071729
-153.760097445411,1.77707447292032,-0.0462970547391976
-153.743455386454,1.77704301625234,-0.0462974257982094
-153.726813326307,1.77701139903892,-0.0462977941791052
-153.710171264947,1.77697962149606,-0.0462981598506301
-153.693529202335,1.77694768383981,-0.0462985228999421
-153.676887138451,1.77691558628637,-0.0462988834090667
-153.660245073323,1.77688332905268,-0.0462992413852601
-153.643603006998,1.77685091235698,-0.0462995967714232
-153.626960939481,1.77681833641798,-0.0462999495342865
-153.610318870742,1.77678560145509,-0.0463002996879896
-153.59367680075,1.77675270768837,-0.0463006473649217
-153.577034729519,1.77671965534039,-0.0463009927463175
-153.560392657093,1.77668644463534,-0.0463013358952914
-153.543750583501,1.77665307579696,-0.0463016766949946
-153.527108508737,1.77661954904829,-0.0463020149644485
-153.510466432781,1.77658586461208,-0.0463023505853528
-153.493824355678,1.77655202276763,-0.0463026870061682
-153.477182277453,1.77651802437253,-0.0463030266300349
-153.460540198049,1.77648387106078,-0.0463033674046229
-153.443898117385,1.77644956486015,-0.0463037074623281
-153.427256035403,1.77641510795376,-0.0463040456532084
-153.410613952084,1.77638050255452,-0.0463043814886783
-153.39397186742,1.77634575084177,-0.0463047150931383
-153.377329781407,1.77631085493117,-0.0463050469552776
-153.360687694047,1.77627581686147,-0.0463053776694156
-153.34404560536,1.77624063859035,-0.0463057076766594
-153.327403515357,1.77620532199318,-0.0463060373606655
-153.310761424057,1.77616986886405,-0.0463063670248694
-153.294119331469,1.77613428091835,-0.0463066968798108
-153.277477237591,1.77609855979723,-0.0463070270633533
-153.260835142428,1.77606270707182,-0.046307357607532
-153.244193045963,1.77602672424638,-0.0463076885541533
-153.227550948185,1.77599061276033,-0.0463080199053317
-153.210908849069,1.77595437399162,-0.0463083517438878
-153.19426674862,1.77591800925985,-0.0463086841624878
-153.177624646872,1.77588151982862,-0.0463090172530043
-153.160982543828,1.77584490690672,-0.0463093511232054
-153.144340439462,1.77580817165078,-0.04630968592002
-153.127698333758,1.77577131516782,-0.0463100216980263
-153.111056226729,1.77573433851833,-0.0463103584534955
-153.094414118408,1.77569724271773,-0.04631069617377
-153.077772008795,1.77566002873728,-0.0463110349190553
-153.061129897865,1.77562269750536,-0.0463113748152721
-153.044487785596,1.77558524990799,-0.046311715967404
-153.027845671995,1.77554768679186,-0.0463120584211787
-153.011203557064,1.77551000896622,-0.0463124022447964
-152.994561440788,1.77547221720628,-0.0463127475447389
-152.977919323164,1.77543431225378,-0.0463130944106649
-152.961277204214,1.77539629481667,-0.0463134427652686
-152.944635083976,1.7753581655696,-0.0463137924891728
-152.927992962458,1.77531992515701,-0.0463141435404511
-152.911350839639,1.77528157419384,-0.0463144959800553
-152.89470871551,1.77524311326755,-0.0463148497782274
-152.878066590064,1.7752045429369,-0.0463152048218722
-152.861424463298,1.77516586373337,-0.0463155610135794
-152.84478233521,1.77512707616303,-0.0463159183371443
-152.828140205793,1.77508818070788,-0.0463162768709043
-152.811498075027,1.77504917782828,-0.0463166367557477
-152.794855942896,1.7750100679628,-0.0463169980761673
-152.778213809416,1.77497085153048,-0.0463173608506597
-152.761571674617,1.77493152892924,-0.0463177251268482
-152.744929538522,1.77489210053851,-0.0463180909168208
-152.728287401134,1.77485256671905,-0.0463184581547912
-152.711645262448,1.77481292781306,-0.0463188267085462
-152.695003122471,1.77477318414518,-0.046319196399614
-152.678360981208,1.77473333602372,-0.0463195671173973
-152.661718838664,1.77469338374325,-0.0463199387369318
-152.645076694824,1.77465332758466,-0.0463203111644792
-152.628434549661,1.77461316781509,-0.0463206843910156
-152.61179240317,1.77457290468801,-0.0463210584646695
-152.595150255375,1.77453253844416,-0.0463214334225365
-152.578508106294,1.77449206931318,-0.0463218092129455
-152.56186595592,1.77445149751353,-0.0463221857749155
-152.545223804228,1.77441082325438,-0.0463225630941013
-152.528581651204,1.7743700467354,-0.046322941226239
-152.51193949686,1.7743291681472,-0.0463233202000138
-152.495297341233,1.77428818766973,-0.0463236999677547
-152.478655184348,1.77424710547368,-0.0463240803941282
-152.4620130262,1.77420592172293,-0.0463244613463154
-152.445370866768,1.77416463657614,-0.0463248427468088
-152.428728706042,1.77412325018599,-0.0463252245123513
-152.412086544018,1.7740817626984,-0.0463256066067169
-152.395444380694,1.77404017425324,-0.0463259890166797
-152.378802216071,1.77399848498456,-0.0463263717533237
-152.362160050156,1.77395669502134,-0.04632675478639
-152.345517882953,1.77391480448828,-0.0463271380677139
-152.328875714471,1.7738728135082,-0.046327521530483
-152.312233544718,1.77383072220158,-0.0463279050732848
-152.295591373686,1.77378853068543,-0.0463282886228301
-152.278949201361,1.77374623907294,-0.0463286721522472
-152.262307027749,1.77370384747385,-0.0463290556803921
-152.245664852867,1.77366135599564,-0.0463294391772341
-152.229022676731,1.77361876474355,-0.0463298225394253
-152.212380499319,1.77357607382109,-0.0463302056770069
-152.195738320599,1.77353328333022,-0.0463305885465364
-152.179096140528,1.77349039337083,-0.0463309712248307
-152.162453959109,1.77344740404224,-0.0463313538198265
-152.145811776378,1.77340431544544,-0.0463317363911502
-152.12916959235,1.77336112768196,-0.0463321189663443
-152.112527407041,1.77331784085428,-0.0463325015058162
-152.095885220451,1.77327445506323,-0.0463328839890845
-152.079243032624,1.77323097040868,-0.0463332663502637
-152.062600843583,1.77318738699058,-0.0463336484778293
-152.045958653336,1.77314370490901,-0.0463340302089884
-152.029316461811,1.77309992426429,-0.0463344114599678
-152.012674268954,1.77305604515783,-0.046334792260953
-151.996032074753,1.77301206769335,-0.0463351726550965
-151.979389879255,1.77296799197677,-0.0463355525909753
-151.962747682516,1.77292381811487,-0.0463359319542238
-151.94610548454,1.77287954621578,-0.046336310687877
-151.929463285318,1.77283517638859,-0.0463366887907712
-151.912821084817,1.77279070874464,-0.0463370662670963
-151.896178883043,1.7727461433971,-0.0463374430949153
-151.879536680015,1.77270148046056,-0.0463378192050983
-151.862894475747,1.7726567200509,-0.0463381945275371
-151.846252270248,1.77261186228553,-0.0463385689947993
-151.829610063516,1.77256690728392,-0.0463389425171169
-151.812967855541,1.77252185516769,-0.0463393149978268
-151.796325646308,1.77247670606126,-0.0463396863839535
-151.779683435831,1.77243146009142,-0.0463400566534878
-151.763041224099,1.77238611738648,-0.0463404258190799
-151.746399011083,1.772340678076,-0.0463407939265759
-151.729756796755,1.7722951422913,-0.0463411610873574
-151.713114581168,1.77224951016671,-0.0463415272840936
-151.696472364385,1.77220378183906,-0.0463418924568156
-151.679830146444,1.77215795744806,-0.0463422564908629
-151.663187927306,1.7721120371365,-0.0463426192888115
-151.646545706943,1.77206602104828,-0.0463429806945413
-151.629903485336,1.77201990932935,-0.0463433405724739
-151.613261262486,1.77197370212679,-0.0463436988501196
-151.596619038395,1.77192739958815,-0.0463440555973458
-151.579976813047,1.77188100186359,-0.0463444110354034
-151.563334586405,1.77183450910809,-0.0463447655640096
-151.546692358445,1.77178792148146,-0.0463451195097441
-151.530050129201,1.77174123914574,-0.0463454729099203
-151.513407898732,1.77169446226335,-0.0463458256806591
-151.496765667079,1.77164759099858,-0.0463461776821786
-151.480123434242,1.77160062551661,-0.0463465288084728
-151.463481200242,1.77155356598339,-0.0463468787225109
-151.446838965067,1.77150641256633,-0.0463472271374352
-151.430196728683,1.77145916543516,-0.0463475738623347
-151.413554491041,1.77141182476222,-0.0463479188931197
-151.396912252115,1.77136439072191,-0.0463482623033308
-151.380270011901,1.7713168634899,-0.0463486042818352
-151.363627770411,1.77126924324265,-0.0463489449902953
-151.346985527688,1.7712215301578,-0.0463492843912006
-151.330343283741,1.77117372441439,-0.0463496224085542
-151.313701038592,1.77112582619426,-0.0463499588770277
-151.297058792237,1.77107783568222,-0.0463502937055947
-151.280416544665,1.77102975306477,-0.0463506267629765
-151.263774295859,1.77098157852816,-0.0463509579955087
-151.24713204582,1.77093331225918,-0.0463512872686086
-151.230489794566,1.77088495444614,-0.0463516143702594
-151.213847542088,1.77083650527978,-0.0463519391286488
-151.19720528835,1.77078796495058,-0.0463522615850156
-151.180563033317,1.77073933364823,-0.0463525819914803
-151.163920776989,1.77069061156127,-0.0463529005118704
-151.147278519375,1.77064179888193,-0.0463532171907571
-151.130636260508,1.77059289580672,-0.0463535318447586
-151.113994000404,1.77054390253192,-0.046353844362405
-151.097351739117,1.77049481925381,-0.0463541544836266
-151.080709476658,1.7704456461684,-0.0463544620337096
-151.064067213,1.77039638347212,-0.0463547669278437
-151.047424948094,1.77034703136073,-0.0463550692076001
-151.030782681916,1.77029759003015,-0.0463553689169964
-151.014140414461,1.77024805967698,-0.0463556661940037
-150.997498145758,1.77019844054435,-0.0463559641469329
-150.980855875849,1.77014873335015,-0.0463562650122913
-150.964213604723,1.77009893944576,-0.0463565671485719
-150.947571332345,1.77004906050338,-0.0463568688671893
-150.930929058663,1.76999909831966,-0.0463571690303667
-150.914286783648,1.76994905471595,-0.0463574671765155
-150.897644507304,1.76989893148882,-0.0463577633668981
-150.881002229643,1.76984873038401,-0.046358058070547
-150.864359950665,1.76979845308325,-0.0463583518340083
-150.847717670374,1.76974810119987,-0.0463586450613095
-150.831075388781,1.76969767627708,-0.0463589378754691
-150.814433105881,1.76964717979286,-0.0463592303507346
-150.797790821669,1.76959661316328,-0.0463595225994011
-150.781148536138,1.76954597774662,-0.0463598148007022
-150.764506249287,1.7694952748403,-0.0463601071110649
-150.747863961107,1.76944450568553,-0.0463603996627907
-150.731221671587,1.76939367147013,-0.0463606925355742
-150.714579380727,1.76934277333532,-0.0463609857946288
-150.697937088543,1.76929181237627,-0.0463612794942826
-150.68129479506,1.76924078964197,-0.0463615736649152
-150.664652500298,1.76918970613451,-0.046361868295924
-150.648010204257,1.76913856281079,-0.0463621632660774
-150.631367906906,1.76908736058622,-0.0463624585747537
-150.614725608219,1.76903610033772,-0.0463627543045191
-150.598083308155,1.76898478290584,-0.0463630506830121
-150.581441006708,1.76893340909656,-0.046363347833915
-150.564798703888,1.76888197967938,-0.0463636458637569
-150.548156399727,1.76883049538924,-0.0463639448553735
-150.531514094239,1.76877895693069,-0.046364244850947
-150.514871787428,1.76872736498103,-0.0463645458012145
-150.498229479295,1.76867572018883,-0.0463648476056782
-150.481587169845,1.76862402317336,-0.0463651501710566
-150.464944859059,1.76857227452416,-0.0463654534381423
-150.448302546913,1.76852047480386,-0.0463657573606211
-150.43166023339,1.7684686245465,-0.046366061926788
-150.415017918468,1.76841672426346,-0.0463663672713231
-150.398375602157,1.76836477444262,-0.0463666736279355
-150.381733284482,1.76831277555421,-0.0463669811379364
-150.365090965474,1.76826072804719,-0.0463672897519984
-150.348448645133,1.76820863234847,-0.046367599356005
-150.331806323447,1.76815648886194,-0.0463679098884138
-150.315164000418,1.76810429797359,-0.0463682212632898
-150.298521676055,1.76805206005266,-0.0463685333277027
-150.281879350349,1.7679997754505,-0.046368845944081
-150.265237023289,1.76794744450052,-0.046369159070847
-150.248594694861,1.76789506752206,-0.0463694727663144
-150.231952365076,1.76784264482111,-0.0463697870421985
-150.215310033934,1.76779017668939,-0.0463701018748135
-150.198667701431,1.76773766340185,-0.0463704172030311
-150.182025367562,1.76768510521945,-0.046370733032239
-150.165383032334,1.76763250239224,-0.046371049361524
-150.148740695757,1.7675798551588,-0.0463713661481199
-150.132098357816,1.76752716374485,-0.0463716833499718
-150.115456018487,1.76747442836426,-0.0463720010597351
-150.098813677781,1.7674216492227,-0.0463723194309125
-150.082171335734,1.76736882651786,-0.046372638471746
-150.065528992361,1.76731596043973,-0.046372958096345
-150.048886647649,1.7672630511675,-0.046373278216656
-150.032244301577,1.76721009887143,-0.0463735988912887
-150.015601954173,1.76715710371405,-0.0463739200038118
-149.998959605454,1.76710406585072,-0.0463742413564131
-149.982317255406,1.76705098543022,-0.0463745628158483
-149.965674903982,1.76699786259537,-0.0463748843917355
-149.949032551151,1.7669446974839,-0.0463752061639161
-149.932390196944,1.7668914902273,-0.0463755280939036
-149.915747841401,1.76683824095164,-0.0463758501062073
-149.899105484528,1.76678494977757,-0.0463761721123526
-149.882463126302,1.7667316168216,-0.0463764941024904
-149.865820766725,1.76667824219677,-0.0463768160296213
-149.849178405803,1.76662482601332,-0.0463771378829791
-149.83253604354,1.76657136837812,-0.0463774596582418
-149.815893679915,1.76651786939465,-0.0463777813607182
-149.799251314935,1.76646432916359,-0.0463781029348305
-149.782608948629,1.76641074778239,-0.0463784241923053
-149.765966580993,1.76635712534616,-0.0463787450057304
-149.749324211993,1.7663034619478,-0.0463790653550684
-149.732681841605,1.76624975767953,-0.046379385291912
-149.716039469852,1.76619601263261,-0.0463797047564007
-149.699397096755,1.76614222689713,-0.0463800236412454
-149.682754722316,1.76608840056269,-0.0463803417989443
-149.666112346509,1.76603453371727,-0.0463806592036167
-149.649469969326,1.76598062644854,-0.0463809758580379
-149.632827590778,1.765926678843,-0.0463812917675057
-149.616185210868,1.76587269098698,-0.046381606955414
-149.599542829591,1.76581866296637,-0.0463819214726476
-149.582900446945,1.76576459486916,-0.0463822353528605
-149.566258062945,1.76571048678276,-0.046382548537593
-149.549615677589,1.7656563387933,-0.0463828609527161
-149.532973290859,1.76560215098648,-0.0463831725805148
-149.516330902733,1.76554792345008,-0.0463834835410429
-149.499688513217,1.76549365627441,-0.0463837939132522
-149.483046122334,1.76543934954995,-0.046384103659543
-149.466403730116,1.76538500336717,-0.0463844126768421
-149.449761336577,1.76533061781718,-0.0463847208583576
-149.433118941712,1.76527619299228,-0.0463850280784106
-149.416476545509,1.76522172898686,-0.046385334173867
-149.399834147945,1.76516722589688,-0.0463856390499174
-149.383191749006,1.76511268381898,-0.0463859427225037
-149.366549348692,1.76505810285022,-0.0463862452443134
-149.349906947006,1.76500348308842,-0.0463865466641628
-149.333264543949,1.76494882463358,-0.0463868469953767
-149.316622139505,1.76489412758861,-0.0463871462684032
-149.299979733678,1.76483939205889,-0.0463874444909287
-149.283337326492,1.76478461815274,-0.0463877416432556
-149.266694917969,1.76472980598002,-0.0463880376400774
-149.250052508125,1.76467495565173,-0.04638833236644
-149.233410096931,1.76462006727792,-0.0463886258150853
-149.216767684368,1.76456514096964,-0.0463889179921307
-149.200125270429,1.76451017684095,-0.0463892089519585
-149.183482855131,1.76445517500742,-0.0463894986644962
-149.166840438484,1.7644001355849,-0.0463897870565836
-149.150198020488,1.76434505869104,-0.0463900740536433
-149.133555601149,1.76428994444686,-0.0463903595756719
-149.116913180474,1.76423479297603,-0.0463906435669115
-149.10027075846,1.76417960440302,-0.0463909259267723
-149.083628335091,1.76412437885301,-0.0463912065827352
-149.066985910346,1.76406911645393,-0.0463914854978158
-149.050343484206,1.76401381733654,-0.0463917627889056
-149.033701056677,1.76395848163416,-0.0463920385959014
-149.017058627779,1.76390310948142,-0.0463923129590702
-149.000416197534,1.7638477010126,-0.0463925857980398
-148.983773765944,1.76379225636252,-0.0463928570041941
-148.967131333013,1.76373677566668,-0.0463931264947098
-148.950488898743,1.76368125906222,-0.0463933941951067
-148.933846463107,1.76362570668945,-0.0463936601144358
-148.917204026087,1.76357011869028,-0.0463939242648547
-148.900561587672,1.76351449520802,-0.0463941866537204
-148.883919147875,1.76345883638619,-0.0463944472494949
-148.867276706689,1.76340314237161,-0.0463947061025948
-148.85063426414,1.76334741331256,-0.0463949632191652
-148.83399182024,1.76329164935681,-0.0463952185805524
-148.817349374987,1.76323585065177,-0.0463954721672906
-148.800706928372,1.76318001734591,-0.046395723948892
-148.784064480399,1.7631241495896,-0.0463959739039395
-148.767422031076,1.76306824753501,-0.0463962219801271
-148.750779580393,1.76301231133485,-0.0463964681385577
-148.734137128312,1.76295634114333,-0.0463967123809661
-148.717494674786,1.76290033711554,-0.0463969547745555
-148.700852219788,1.76284429940861,-0.0463971953928568
-148.68420976334,1.76278822818031,-0.0463974343360881
-148.667567305512,1.76273212358894,-0.0463976716574521
-148.650924846324,1.76267598579322,-0.0463979074793907
-148.634282385788,1.76261981495163,-0.0463981418247311
-148.617639923877,1.7625636112226,-0.0463983747522725
-148.600997460624,1.76250737476477,-0.0463986062416611
-148.58435499605,1.76245110573644,-0.0463988361684315
-148.567712530132,1.76239480429619,-0.0463990644127152
-148.551070062822,1.76233847060397,-0.0463992909422402
-148.534427594082,1.7622821048214,-0.0463995158186722
-148.517785123913,1.76222570711142,-0.0463997390591858
-148.501142652354,1.76216927766927,-0.0463999606981473
-148.484500179433,1.76211281704358,-0.0464001807847862
-148.46785770514,1.76205632625898,-0.0464003992904197
-148.451215229459,1.76199980658362,-0.0464006162258177
-148.434572752376,1.76194325938018,-0.0464008315876368
-148.417930273895,1.76188668602945,-0.0464010453537828
-148.401287794012,1.7618300878915,-0.046401257523802
-148.384645312727,1.76177346628726,-0.0464014681208107
-148.368002830052,1.76171682248969,-0.0464016771677659
-148.351360345994,1.76166015772123,-0.0464018845943734
-148.334717860535,1.76160347315401,-0.0464020902788468
-148.318075373631,1.76154676990977,-0.0464022941633216
-148.301432885271,1.76149004906225,-0.0464024962831274
-148.284790395462,1.76143331163907,-0.046402696791468
-148.268147904257,1.76137655862654,-0.0464028958165263
-148.251505411671,1.76131979097016,-0.0464030934345274
-148.234862917715,1.76126300957594,-0.0464032895552741
-148.218220422355,1.76120621531096,-0.0464034840842959
-148.201577925567,1.76114940900569,-0.0464036769266097
-148.184935427343,1.76109259145527,-0.0464038680047097
-148.168292927693,1.76103576342157,-0.0464040572284455
-148.15165042661,1.76097892563463,-0.046404244524799
-148.135007924062,1.76092207879359,-0.0464044299142179
-148.118365420031,1.76086522356569,-0.0464046136223344
-148.1017229145,1.76080836059293,-0.0464047960313404
-148.085080407447,1.76075149049289,-0.0464049776057271
-148.068437898873,1.76069461385979,-0.0464051587541739
-148.051795388841,1.76063773125956,-0.0464053395348204
-148.035152877403,1.76058084323141,-0.0464055198285907
-148.018510364579,1.76052395028994,-0.046405699385933
-148.001867850372,1.76046705292981,-0.0464058779093632
-147.9852253348,1.76041015162542,-0.0464060550475541
-147.968582817851,1.76035324683082,-0.0464062305078704
-147.951940299465,1.76029633897853,-0.0464064042335569
-147.935297779568,1.76023942848017,-0.0464065763962339
-147.91865525812,1.76018251572799,-0.0464067472941721
-147.902012735103,1.76012560109491,-0.04640691724847
-147.885370210567,1.76006868494133,-0.0464070863055433
-147.868727684564,1.76001176761336,-0.046407254388232
-147.852085157152,1.75995484944584,-0.0464074213166187
-147.835442628358,1.75989793075586,-0.046407586877184
-147.818800098189,1.75984101184463,-0.0464077507610254
-147.802157566621,1.75978409299575,-0.0464079126861428
-147.785515033614,1.75972717447969,-0.0464080724720447
-147.768872499093,1.7596702565544,-0.0464082301518615
-147.752229963015,1.75961333946793,-0.0464083858584081
-147.735587425376,1.75955642345803,-0.046408539757622
-147.718944886213,1.75949950875161,-0.0464086920594804
-147.70230234554,1.75944259556689,-0.0464088429317406
